dataset,status,n_features,refinement_type,r2,rmse,complexity,seconds,error,noise_strength,expr
1027_ESL,ok,4,NoRef,0.7948815874803545,0.6586192305393407,127,31.053837776184082,,0.001,(((0.406 * (-4.543727322540949 + (0.8485018342746871 * x_2))) + ((5.3 + (0.542 * (-6.146798559422659 + (1.0976425998969035 * x_3)))) + (0.005379999999999999 + (0.465 * (-3.1650294675520123 + (0.6187740894529837 * x_1)))))) + ((0.738 + (8.07 * cos((90.0 + (-0.374 * sin((-7.38 + (21.8 * sqrt((0.05 + (97.60000000000001 * exp((-0.07940000000000001 + (-0.365 * (-6.146798559422659 + (1.0976425998969035 * x_3)))))))))))))))) * ((0.541 + (-0.0989 * sin((-0.07440000000000001 + (3.91 * ((0.050300000000000004 + (-7.92 * (-4.543727322540949 + (0.8485018342746871 * x_2)))))**2))))) - (0.608 + (4.46 * inv((((-0.34400000000000003 + (-0.512 * (-6.146798559422659 + (1.0976425998969035 * x_3)))) * (0.89 + (1.9000000000000001 * cos((-0.526 + (-0.534 * (-4.543727322540949 + (0.8485018342746871 * x_2)))))))) - ((-0.0097 + (-1.44 * (-3.1650294675520123 + (0.6187740894529837 * x_1)))) + (21.5 + (-0.004719999999999999 * (-3.689442089095961 + (0.6641659926365366 * x_0))))))))))))
1028_SWD,ok,10,BFGS,0.09692941500923957,0.7675697034458644,125,23.420575618743896,,0.001,(-5.870356427760591 + (6.5215901254521205 * arctan(((((-0.018321014834159363 * cos(((6.000394793077978 + (29.709542728408604 * (-2.566230515260939 + (1.2704111461687815 * x_8)))) + ((-1.5496052069220208 + (7.98810109065626 * (-2.8621521711176414 + (1.2806049982629268 * x_1)))) + ((-17.32960520692202 + (0.03832169098705823 * (-2.7885115085974532 + (1.4154880754301793 * x_0)))) + (99.57039479307798 + (-8.035748092546878 * (-2.6745450995191127 + (1.3046561461068844 * x_9))))))))) * (-8.189496531367897 + (0.12202543417399923 * (-2.9293890917537175 + (2.0064308847628203 * x_5))))) + ((1.176676886334679 + (0.15677270545840638 * (-2.1689364464787513 + (0.972617240573431 * x_2)))) * (8.885791789081024 + (8.000001609864716 * inv((((0.028251586398085577 * ((-17.299999740495192 + (-1.7499878483368239 * exp((77.39997873458375 + (-49.20003179160563 * arctan((0.03360600076382688 + (-10.600007434609712 * (-2.4841136395988146 + (1.2451697441598069 * x_3)))))))))))**2) * (0.09539791102549301 + (69.7999998183648 * (-2.5904290116544066 + (1.3421911977483971 * x_6))))) + (0.20199999261391388 + (0.0917999999900321 * (-2.9121760301824526 + (1.3867504905630728 * x_7)))))))))) - (-0.17736745294814898 + (-0.023518781575328697 * (-2.3736872687394746 + (1.012233376861183 * x_4))))))))
1029_LEV,ok,4,BFGS,0.0007254543312509298,0.9704206983768581,49,22.12937641143799,,0.001,(1.7388110265370693 + (0.00010409710008059782 * ((1.9513671920796838 + (-8.222215372543696 * sin(((-0.02066035784866004 + (0.8604586609256426 * (-1.3537592065395143 + (0.7317617332646023 * x_0)))) + ((-0.020660357848660056 + (-0.8284666567058389 * (-1.490881128154221 + (0.7665198602335326 * x_1)))) + ((-0.02066035784866005 + (0.867027520719702 * (-1.338219395737549 + (0.6915862510271571 * x_2)))) + (0.04933964215133995 + (9.893302706974728 * (-1.3777422408758337 + (0.721331016165358 * x_3)))))))))))**2))
1030_ERA,ok,4,BFGS,0.09074247826789772,1.9140897383950652,75,20.198533058166504,,0.001,((49.39993787556249 + (0.6363530049402263 * ((6.919390924255238 + (-1.8026202153614108 + (0.2599308169230585 * x_1))))**2)) * (0.04530896199554332 + (0.01441390227465559 * abs(((-0.08665129439948054 + (0.6696632150536678 * sin(((-2.801504702742594 + (-0.04938751692774685 * (-1.775251610451698 + (0.26918144207000727 * x_2)))) - (0.020404702742593577 + (55.702687516927746 * (-1.775251610451698 + (0.26918144207000727 * x_2)))))))) + ((-0.003607231961338749 + (-0.7551110858968898 * inv((0.017928972897905602 + (-1.6821592654348876 + (0.2229502008528678 * x_0)))))) * ((-0.07868415255731413 + (0.1694318489736242 * (-1.6821592654348876 + (0.2229502008528678 * x_0)))) - (0.07731415255731412 + (-0.05681810104318241 * (-1.4098777764544617 + (0.21377979931075994 * x_3)))))))))))
1096_FacultySalaries,ok,4,NoRef,0.7600858310343148,2.2390897939700056,87,13.801131010055542,,0.001,(((-0.996 + (-0.08 * (-9.112288776127002 + (0.17718880655098507 * x_3)))) * ((0.398 + (0.78 * (-7.346234106637792 + (0.09939270487749849 * x_2)))) + ((-38.300000000000004 + (-0.0635 * (-8.427043203926056 + (0.14480699704232594 * x_1)))) + (((8.05 + (-0.5619514869490163 + (2.341464528954235 * x_0))) - ((0.09820000000000001 + (0.0898 * (-8.427043203926056 + (0.14480699704232594 * x_1)))) * (-83.2 + (66.8 * sin((-0.00207 + (-49.9 * (-0.5619514869490163 + (2.341464528954235 * x_0))))))))) * (-0.257 + (-0.00447 * (-8.427043203926056 + (0.14480699704232594 * x_1)))))))) - (0.0678 + (-0.00746 * inv((49.2 + (-0.0379 * (-0.5619514869490163 + (2.341464528954235 * x_0))))))))
1193_BNG_lowbwt,ok,9,BFGS,0.5609930358381623,480.0787600986262,104,25.314730167388916,,0.001,((0.009999231193476819 + (0.15773190092699843 * (((1.9929864144822482 + (-0.24043458655241037 * (-0.7018100265975371 + (2.126697050295567 * x_0)))) * (59.79971243006696 + (-7.699754632419691 * sin(((0.008953637839259732 + (8.999387092328902 * (-2.1712405933672376 + (2.631806779839076 * x_7)))) + (0.01895363783925973 + (-0.009837310454849145 * (-0.4860799579773197 + (1.7055437122011219 * x_5))))))))))**2)) + ((0.059999231193476825 + (0.9006401878906155 * inv(((0.9784805968990028 + (-0.24684602735301664 * (-0.2412489548185819 + (4.386344633065126 * x_6)))) * (5.9999039992244505 + (0.00998358244514755 * (-4.7670358854990456 + (0.20452064575820186 * x_1)))))))) + ((0.07999923119347682 + (0.07999888870668134 * (-4.341145088689214 + (0.03261568031203464 * x_2)))) + ((0.07999923119347682 + (0.029999017407636865 * (-0.9231403599700084 + (0.7474820728502092 * x_8)))) + ((0.07999923119347682 + (0.019999183438261993 * (-1.7565107319733801 + (1.3459852352286439 * x_3)))) + (0.07999923119347682 + (0.20000144352033353 * (-0.8422598823413764 + (2.029541885159943 * x_4)))))))))
1196_BNG_pharynx,ok,10,BFGS,0.19293956508229404,344.1327732303683,165,25.874698400497437,,0.001,(((((-7.048756898333028 + (-0.05195565430643252 * (-0.4676211227230167 + (1.585156348213616 * x_5)))) + (((3.5305127718353617 * (-1.020204061220407 + (2.000400120040014 * x_2))) - ((-0.36324310166697166 + (-0.04182843144122358 * (-1.3193830297679 + (0.5890102811463838 * x_0)))) - (-3.4787568983330286 + (-0.8529011742037875 * (-1.3076038098835963 + (1.5659925866869417 * x_3)))))) + (0.05098310166697168 + (-37.39460087666473 * (-0.9685432901733048 + (1.0249135345749258 * x_7)))))) - (-8.141243101666973 + (26.190117632869722 * (-1.3184242770282357 + (1.2437964877624863 * x_6))))) - (-0.044053101666971684 + (-9.456765174056013 * abs(((-22.675423223979333 + (-0.016696645932769396 * ((0.0028955781067301076 + (0.0022823046932822027 * (-1.6870547845739468 + (2.279803762937766 * x_1)))))**2)) - (((-0.5454269961869084 * exp(((-0.8475927738986219 + (-2.3714958949733353 * (-1.4913495697629222 + (1.021472308056796 * x_8)))) + (0.21240722610137816 + (-0.06106313864522839 * inv((-0.5866322586942813 + (0.7283757511660292 * (-1.3184242770282357 + (1.2437964877624863 * x_6)))))))))) - (35.92457677602068 + (57.174013674925334 * tan((-94.73390609888204 + (-101.16447264157084 * (-0.9685432901733048 + (1.0249135345749258 * x_7)))))))) + (-0.22965677602067058 + (51.58220674314802 * (-0.5927489783638191 + (2.279803762937766 * x_9)))))))))) + (-0.1197568983330283 + (0.03966082644501635 * abs(((-7.120038262521394 + (0.0045799227034490795 * (-5.275654998591812 + (0.08600904883651646 * x_4)))) * ((-0.08176298230357681 + (-0.001641401999855816 * (-1.3184242770282357 + (1.2437964877624863 * x_6)))) - (0.008212982303576817 + (-0.005300057295750631 * (-1.6870547845739468 + (2.279803762937766 * x_1))))))))))
1199_BNG_echoMonths,ok,9,BFGS,0.30744965534577673,12.905392310432466,165,24.258045196533203,,0.001,((-0.011093712883699078 + (-0.0048583437966058275 * abs((-0.07792062514707149 + (1.2501241006496684 * sin((0.07278566030202813 + (3.5397379881890783 * (-2.050416905868444 + (9.294535034379726 * x_3)))))))))) * ((0.0899907640650763 + (0.018402480285810603 * sin((8.139968718774158 + (-0.0008296687786231898 * arctan((-0.009729980992856196 + (-0.7530000005445788 * (-7.068403061162645 + (0.11366866615016445 * x_1)))))))))) * (((0.054497459674673544 * exp((-6.279999937342721 * (-0.4525696378552518 + (2.66217434032501 * x_2))))) + ((-0.002160194413915299 + (-26.500041234995262 * abs((((6.230175474223755 + (-0.07166856387204644 * (-3.0702386426579005 + (2.0989423382322308 * x_7)))) * ((-0.061061554647732205 + (0.14798453981150328 * (-1.7077351386697883 + (0.1433472945228545 * x_4)))) - ((0.009531554647732206 + (-8.879984539811504 * (-1.7077351386697883 + (0.1433472945228545 * x_4)))) - (-46.29996155464774 + (62.8000479819411 * (-0.7018100265975372 + (2.1266970502955673 * x_0))))))) - ((0.009363819449757102 + (0.05348306344696025 * inv((-0.0076196640117704864 + (-3.139998733793766 * inv(((-0.004689915354779442 + (-0.011999995104621908 * (-6.139712387609727 + (1.3064991268887023 * x_5)))) + ((0.7730047375900724 + (0.0879035742422311 * (-0.5850486126764433 + (2.29430828500566 * x_8)))) * (55.9000000710284 + (0.09300006295780874 * (-0.5850486126764433 + (2.29430828500566 * x_8)))))))))))) - (-0.41999381944975717 + (-0.04509970660993608 * (-2.7393118696321914 + (0.1834262746734647 * x_6))))))))) + (-71.40000019441392 + (0.045499964698937606 * (-0.4525696378552518 + (2.66217434032501 * x_2)))))) + (0.4629998055860847 + (-0.008700048405421105 * (-7.068403061162645 + (0.11366866615016445 * x_1)))))))
1201_BNG_breastTumor,ok,9,BFGS,-0.0422009094435134,10.815324895168628,129,24.210447072982788,,0.001,((0.056476980529256614 + (-0.008519751170788676 * (-1.6200683918739798 + (1.270641875979592 * x_4)))) - (-0.9290769805292567 + (-4.620198160957804 * abs((((-1.3980241425024835 + (0.08085268553450425 * (-5.513793854744495 + (0.10828748668207969 * x_0)))) + (-0.3280241425024834 + (-5.869816543085063 * cos((0.15450179655325433 + (-25.896705639886985 * (-0.75 + (2.0833333333333335 * x_8)))))))) - ((1.8980241425024835 + (32.90013729568949 * inv((((((-0.39787937167539167 + (0.4579912604763914 * (-5.513793854744495 + (0.10828748668207969 * x_0)))) - (-0.4001206283246084 + (-0.8849953213680876 * (-1.2500406497455434 + (0.8064778385455118 * x_6))))) - ((12.09987937167539 + (9.989998054709814 * (-0.933007822647968 + (1.6963778593599417 * x_1)))) - (-4.789879371675392 + (89.90005837989061 * (-0.6081636405595373 + (2.2524579279982864 * x_7)))))) - ((5.269310874339436 + (-9.660328022830202 * (-0.6081636405595373 + (2.2524579279982864 * x_7)))) * (5.719928238472513 + (-0.0956540981892017 * (-0.749436783737264 + (0.22607444456629383 * x_2)))))) + (-59.99987937167539 + (-0.06050097032585577 * (-1.061913167103641 + (2.0036097492521527 * x_5)))))))) + (-2.2719758574975164 + (-0.21541771323279815 * inv((0.4860500096741076 + (-0.0022084024958822753 * (-0.5388159060803247 + (2.3947373603569986 * x_3)))))))))))))
1203_BNG_pwLinear,ok,10,BFGS,0.2846574961327569,3.7117329846744536,160,23.01083540916443,,0.001,((((0.0037733392445987615 * (0.07462778926574919 + (1.2437964877624865 * x_6))) + ((0.005375870673101236 + (-0.06668932173980593 * (-0.07017213284715496 + (1.0024590406736422 * x_0)))) * ((((0.003006739515219229 + (0.6189998027822476 * (0.103834826330233 + (1.2979353291279123 * x_9)))) - ((0.00857125271419721 + (-5.999999538432553 * (0.23480352857641618 + (1.2692082625752226 * x_1)))) * (0.3929943442062831 + (0.35699849875005746 * (0.10854662075011276 + (1.1425960078959239 * x_8)))))) - (((0.8809695707680073 + (0.23480352857641618 + (1.2692082625752226 * x_1))) - (-3.8099695707680072 + (-0.08090008332346549 * (-0.0689883074727411 + (1.1498051245456848 * x_7))))) * (-7.3899837585246875 + (2.329986457994312 * inv((-1.2000263085006522 + (0.0036151808796927726 * inv((5.440000003195171 + (0.03950000153033293 * (0.23480352857641618 + (1.2692082625752226 * x_1)))))))))))) + (((-2.550003260484781 + (-0.0014007311893209748 * (-0.032157832069216574 + (1.286313282768663 * x_4)))) + (0.23299673951521926 + (-9.209990857927243 * tan(((-0.05100775004927542 + (-38.40184040899834 * (-0.3106848830006 + (1.2427395320024 * x_5)))) * ((0.015264686233719725 + (-4.366165805255687 * (-0.018397292771819163 + (1.2264861847879442 * x_3)))) * (0.2636619104487308 + (1.275808447367971 * (0.23480352857641618 + (1.2692082625752226 * x_1)))))))))) - (-0.07559673951521922 + (-0.08599981403350113 * (-0.012127673025267264 + (1.2127673025267265 * x_2)))))))) + (0.04239113702475029 + (2.129961957807029 * (-0.032157832069216574 + (1.286313282768663 * x_4))))) - (-0.02559113702475029 + (-0.8309866142372159 * (-0.3106848830006 + (1.2427395320024 * x_5)))))
192_vineyard,ok,2,NoRef,0.5676775796702085,2.861472550920039,75,10.353611469268799,,0.001,((((-0.0946 * (-1.7076703227012184 + (0.5208144092695798 * x_0))) * (-7.72 + (6.87 * (-4.169458226011473 + (0.431896071220312 * x_1))))) + (7.01 + (1.1500000000000001 * cos((((-0.55 + (-1.7076703227012184 + (0.5208144092695798 * x_0))) + ((0.23700000000000002 + (0.891 * (-4.169458226011473 + (0.431896071220312 * x_1)))) - (0.00792 + (84.10000000000001 * (-4.169458226011473 + (0.431896071220312 * x_1)))))) * (-5.42 + (7.22 * (-1.7076703227012184 + (0.5208144092695798 * x_0))))))))) * (2.7 + (-0.024200000000000003 * inv((3.46 + (4.6000000000000005 * (-4.169458226011473 + (0.431896071220312 * x_1))))))))
210_cloud,ok,5,NoRef,0.648109273941404,0.636021529882158,52,13.187814474105835,,0.001,(((2.0 + (-1.0570827394885711 + (0.7017329636726495 * x_2))) + (0.3 + (0.9 * (-1.3542915032506988 + (1.1265769290074164 * x_3))))) * (0.5 + (-0.07 * tan(((0.02 + (-9.0 * (-1.4231307757262779 + (0.9371836815758414 * x_1)))) + ((0.01 + (0.01 * (-1.349156164026494 + (0.6152466562861073 * x_4)))) + (0.01 + (0.01 * (-1.0 + (2.0 * x_0))))))))))
215_2dplanes,ok,10,NoRef,0.6237795739316143,2.8538462723122215,110,24.200087308883667,,0.001,(((1.0 * (0.07603639459945774 + (1.1697906861455036 * x_4))) + (-0.1 + (1.1 * (-0.03138824102871723 + (1.2555296411486891 * x_1))))) + ((0.05 + (-0.01 * (0.07603639459945774 + (1.1697906861455036 * x_4)))) * (((80.0 * (0.02000400120040014 + (1.000200060020007 * x_0))) + (-0.01 + (30.0 * sin((0.7000000000000001 + (2.7 * (-0.0 + (1.2038585308576921 * x_2)))))))) + ((0.001 + (-0.5 * (0.047524845652175754 + (1.1881211413043937 * x_5)))) * ((-40.0 + (0.4 * (-0.08057455696049687 + (1.2396085686230287 * x_8)))) + ((-0.001 + (50.0 * (-0.03114373299321498 + (1.2457493197285991 * x_6)))) + ((0.003 + (0.01 * (-0.16290204253291504 + (1.2066817965401115 * x_3)))) + ((0.01 + (0.6 * (0.02500781616401777 + (1.2503908082008883 * x_9)))) * (0.003 + (-60.0 * (-0.030001500112509377 + (1.200060004500375 * x_7))))))))))))
218_house_8L,ok,8,BFGS,-0.12578883321730117,43001.77474826826,143,29.34171438217163,,0.001,(((2.0738046464783824 * ((-90.00017506909602 + (0.002775996768965464 * sqrt((0.006136951851386417 + (0.06929998840147938 * ((0.08289997318323307 + (0.021600028497906723 * (-8.745399041277315 + (1.4579020752294582 * x_6)))))**2))))))**2) + (-0.07109953028854307 + (8.819819716055592 * ((0.012803496308204676 + (-0.9014859060303482 * inv((1.003962590271894 + (-0.6522664026845892 * (-0.2735558448495786 + (0.00011731984031014947 * x_0))))))))**2))) + ((0.07495829416334385 + (0.9596551753923329 * (((-0.06918977617234556 + (-0.007961410777296767 * (-7.96909359589554 + (11.183243963289556 * x_3)))) + ((0.020007651796029615 + (-0.16468065577384577 * sin((87.2968302106136 + (-0.4354479563349125 + (54.54681096758018 * x_1)))))) * (-0.143288467948888 + (-42.89907432670392 * arctan((-0.21561654986010767 + (9.119866991011593 * (-8.051727895827435 + (16.731591247493967 * x_2))))))))))**2)) * ((((0.4810479181736079 + (-35.499697646919714 * (-8.745399041277315 + (1.4579020752294582 * x_6)))) * (-2.735750616585841 + (0.12586710762371509 * (-1.2420794631854704 + (7.280171385208041 * x_5))))) - (-2.899979062937148 + (5.199985573329081 * (-0.3762519483828514 + (8.305362235129161 * x_4))))) - (((-0.7017807180996736 + (-1.5037336233963396 + (3.0832213967881748 * x_7))) - (23.099780718099673 + (4.7592524692911455 * (-8.051727895827435 + (16.731591247493967 * x_2))))) * (10.399136562851721 + (0.017328627737534793 * (-1.2420794631854704 + (7.280171385208041 * x_5))))))))
225_puma8NH,ok,8,BFGS,2.919374408882902e-09,5.624295967959114,115,16.791004180908203,,0.001,((-3.3316708806344755 + (2.1578546297299617e-07 * arctan((((-2.009991388828376 * (-0.031097369547192274 + (0.9193982774372316 * x_5))) + ((-0.352024476188027 + (0.005808997677061347 * (-0.06585661692848528 + (0.8959411617355382 * x_2)))) + (0.0006755238119730905 + (0.2617730107806221 * exp((-2.6000594705032993 + (72.0999936944671 * (-0.06585661692848528 + (0.8959411617355382 * x_2))))))))) + ((-0.009624476188026912 + (85.09993794932265 * (-0.022023529833178766 + (0.8877592340102415 * x_4)))) + (((0.657081818992924 * (-0.01549372006853783 + (0.9102782276193362 * x_0))) - (-93.09997552381198 + (0.5008388292631877 * (-0.0263697467348816 + (2.836613933023496 * x_7))))) + (-0.008874476188026913 + (72.49995438247164 * (-0.09681685113891113 + (2.9689157921727203 * x_6)))))))))) + (0.03832911936552513 + (7.880568565447758 * sin(((3.9107578257885462 + (-6.545186201401575e-09 * (-0.07572364437013104 + (0.9138359759094098 * x_3)))) + ((-2.7592421742114537 + (3.990216119181308e-09 * (-0.07710723083161697 + (0.9234518833549156 * x_1)))) - (0.45746217421145413 + (-4.82234365120993e-09 * cos((-0.19366190728010954 + (21.85605139872361 * (-0.09681685113891113 + (2.9689157921727203 * x_6)))))))))))))
228_elusage,ok,2,NoRef,0.6132892234228529,14.793972727398513,47,7.662224054336548,,0.001,(((-2.96 + (-3.494368107086116 + (0.06492913712491094 * x_0))) + (0.0961 + (0.09880000000000001 * inv((-7.0 + (0.658 * (-3.494368107086116 + (0.06492913712491094 * x_0)))))))) * ((-13.6 + (2.2 * (-3.494368107086116 + (0.06492913712491094 * x_0)))) - (0.0057399999999999994 + (5.78 * cos((55.1 + (26.0 * (-1.588178110693536 + (0.281773535768208 * x_1)))))))))
229_pwLinear,ok,10,NoRef,0.6434715473642341,2.6651585718293402,112,31.49443483352661,,0.001,((0.04 + (-0.02 * cos(((-0.030000000000000002 + (0.9 * (0.1308442961026054 + (1.2461361533581465 * x_1)))) + (0.09000000000000001 + (9.0 * (-0.029787773436724965 + (1.1915109374689985 * x_7)))))))) * (((30.0 * (-0.0708881205008336 + (1.2888749181969743 * x_4))) + ((-0.01 + (20.0 * (0.13630961003872036 + (1.1853009568584378 * x_2)))) + ((-0.01 + (20.0 * (-0.12885860791431716 + (1.227224837279211 * x_5)))) + ((-0.01 + (20.0 * (0.024625761678892605 + (1.2312880839446303 * x_6)))) + ((-0.01 + (30.0 * (0.1308442961026054 + (1.2461361533581465 * x_1)))) + (-0.01 + (-70.0 * (-0.07017213284715496 + (1.0024590406736422 * x_0))))))))) + ((-0.01 + (0.01 * (0.047863877241182545 + (1.1965969310295634 * x_8)))) + ((-0.01 + (0.6 * (0.024260699053001707 + (1.2130349526500854 * x_3)))) + (-0.001 + (0.001 * (0.07877919836271194 + (1.2119876671186451 * x_9))))))))
230_machine_cpu,ok,6,NoRef,0.820971189613553,69.077083084647,90,17.611835479736328,,0.001,(-1.07 + (7.4 * abs(((-0.0098 + (0.00911 * sin((-0.007679999999999999 * (-0.7169976175893781 + (0.03797656872825096 * x_5)))))) + (((0.92 + (-1.0157486231470525 + (8.41758769093056e-05 * x_2))) - (-0.559 + (0.00231 * abs((0.8570000000000001 + (0.892 * inv((0.00208 + (-0.00705 * inv((-0.08610000000000001 + (0.225 * (-0.7539783429454673 + (0.00025457276565311854 * x_1)))))))))))))) * ((0.025400000000000002 + (-4.44 * sin(((-0.627 + (17.2 * abs((0.056 + (52.2 * (-0.7692023071461158 + (0.003791788953692772 * x_0))))))) - (90.9 + (-0.00864 * (-0.7047263654341995 + (0.14485639577270287 * x_4)))))))) + (8.35 + (4.76 * (-0.6323138508124196 + (0.02430107036173788 * x_3))))))))))
344_mv,ok,10,NoRef,0.9769042689268093,1.4560274661233723,149,20.06908392906189,,0.001,((((-0.9810000000000001 + (0.915 * (0.9175113942281458 + (0.09481017314613248 * x_5)))) * ((6.5 + (5.45 * inv((-16.6 + (0.187 * inv(((-0.00445 + (1.41 * (-2.4616167895905274 + (0.008477159847985765 * x_8)))) - (-0.0961 + (0.23 * (((0.5850000000000001 + (0.053500000000000006 * (0.07176828705486599 + (1.6917112741967857 * x_4)))) - (((0.787 + (0.674 * (-0.7257530966188903 + (2.1036321641127254 * x_6)))) - (14.0 + (-8.98 * ((-0.7040000000000001 + (0.006359999999999999 * abs(((0.87 + (-51.7 * (-0.6964409092807232 + (1.5476464650682737 * x_2)))) * (5.74 + (0.0965 * (8.731675768609247 + (0.6975312065809712 * x_1)))))))))**2))) - (-1.37 + (-0.0052499999999999995 * (1.3389884173455886 + (0.3190495684869531 * x_3)))))))**2))))))))) - ((-0.41600000000000004 + (4.2700000000000005 * arctan(((5.8100000000000005 + (-0.028300000000000002 * (8.731675768609247 + (0.6975312065809712 * x_1)))) * (-0.36000000000000004 + (0.5710000000000001 * (-0.5619514869490163 + (2.341464528954235 * x_7)))))))) + (2.5100000000000002 + (0.9600000000000001 * (0.9175113942281458 + (0.09481017314613248 * x_5))))))) - (0.0007599999999999999 + (-2.73 * (-0.08262425328176871 + (0.3485338209019501 * x_0))))) - (-0.0425 + (-0.015700000000000002 * (-19.94909374672912 + (0.018109774499670123 * x_9)))))
485_analcatdata_vehicle,ok,4,NoRef,0.31234019217106435,233.32038007728474,95,11.754380702972412,,0.001,((0.74 + (9.33 * (-1.0 + (2.0 * x_0)))) - (((9.67 * (-1.0 + (2.0 * x_2))) + (-0.0897 + (-0.0007199999999999999 * (((0.343 + (-0.00037 * (-1.0 + (2.0 * x_1)))) - (((0.0373 + (-1.4638501094227998 + (0.5855400437691199 * x_3))) - (0.8470000000000001 + (70.7 * inv(((0.058800000000000005 + (0.0273 * (-1.0 + (2.0 * x_0)))) * (0.748 + (-0.09910000000000001 * arctan((0.056600000000000004 + (88.10000000000001 * cos((-0.0073999999999999995 + (-46.5 * (-1.0 + (2.0 * x_1))))))))))))))) * (-0.33 + (0.0947 * (-1.0 + (2.0 * x_2)))))))**2))) + (0.00785 + (7.13 * (-1.0 + (2.0 * x_2))))))
519_vinnie,ok,2,NoRef,0.6818133141061158,1.7073661416009775,80,17.06368088722229,,0.001,(((0.862 + (0.00276 * inv(((-0.12000000000000001 + (0.882 * abs((-128.04990782468957 + (1.4940774496784266 * x_0))))) + (-0.00067 + (0.030400000000000003 * (((-0.006719999999999999 + (-0.00899 * (-128.04990782468957 + (1.4940774496784266 * x_0)))) * (0.00611 + (-0.5640000000000001 * (-3.050344651934337 + (0.22536717044213794 * x_1))))))**2)))))) * (-0.014400000000000001 + (3.0300000000000002 * (-3.050344651934337 + (0.22536717044213794 * x_1))))) - (-6.48 + (-42.6 * inv(((-0.07600000000000001 + (-0.099 * (-128.04990782468957 + (1.4940774496784266 * x_0)))) + (0.051800000000000006 + (73.4 * cos((-5.3 + (76.4 * (-128.04990782468957 + (1.4940774496784266 * x_0))))))))))))
522_pm10,ok,7,BFGS,0.08576689075254307,0.8331800450942778,137,18.830743312835693,,0.001,(((0.11543181391917841 + (-73.50344349017702 * inv((-62.29543889772437 + (3.578691557832908 * inv((0.5218268270072073 + (0.093196010437604 * (-7.079162907839687 + (0.987710095069961 * x_0)))))))))) - (-0.19404181391917835 + (0.062396772231190174 * (-0.19671235889801858 + (0.1523720850826871 * x_1))))) - ((((-8.282417039659848 * ((-0.013576428274085067 + (-0.14906515510251842 * sin(((0.02353928317859473 + (0.49955745817640307 * (-0.12981253370068688 + (0.9947320404949649 * x_3)))) + (-5.447460716821405 + (98.03006822645202 * (-1.5591481867057306 + (0.005027969450348218 * x_6)))))))))**2) + ((-0.2893318139191784 + (-0.16085954319881524 * (-7.079162907839687 + (0.987710095069961 * x_0)))) + (-0.19350181391917842 + (-8.271693316406475 * inv((-6.12718832330377 + (-1.0534319572850173 * sqrt((2.6302667911249675 + (9.04129164567423 * abs((-8.300607033072954 + (8.300799816433734 * ((((-11.100074108139399 + (-0.0019731163984716606 * (-1.7456009505041916 + (0.5312236624740025 * x_2)))) * (-0.09335430794929513 + (0.19416978914197033 * (-1.5591481867057306 + (0.005027969450348218 * x_6))))) - (8.615349136951833e-05 + (-74.00016866271008 * (-0.12981253370068688 + (0.9947320404949649 * x_3))))))**2))))))))))))) + (-0.18857181391917846 + (0.020136648376910832 * (-1.6816570543158895 + (0.011591759038935135 * x_4))))) + (-1.0131318139191787 + (0.08553717706983674 * (-2.0008354353416413 + (0.15444503553389743 * x_5))))))
523_analcatdata_neavote,ok,2,NoRef,0.9146867409037972,1.1531377114538641,44,8.703304290771484,,0.001,((-82.4 + (-0.32 * tan(((0.008799999999999999 + (0.032400000000000005 * (-32.42453434284643 + (3.268602252303068 * x_1)))) - ((38.7 + (0.0912 * (-1.1000004629242885 + (1.0091747366277877 * x_0)))) * (19.5 + (-87.3 * (-32.42453434284643 + (3.268602252303068 * x_1))))))))) - (-88.2 + (4.25 * (-1.1000004629242885 + (1.0091747366277877 * x_0)))))
529_pollen,ok,4,BFGS,0.6823234814569031,1.905298383266402,105,17.07371711730957,,0.001,(((((-5.518645804095114 * (-0.14240534481180597 + (0.1466357845322108 * x_0))) - (0.0889945073476939 + (4.4649022986774884 * (0.13411228300539055 + (0.09366364070564696 * x_3))))) + (-0.08049450734769391 + (0.7255537467683687 * (0.008717172475124766 + (0.20153683119485272 * x_1))))) - ((-0.108647449527952 + (-0.006317387925152698 * (0.008717172475124766 + (0.20153683119485272 * x_1)))) * ((0.5152678730106904 + (1.780408702116255 * (-0.14240534481180597 + (0.1466357845322108 * x_0)))) * (0.47905885713329677 + (-0.017084879128049155 * (-0.14240534481180597 + (0.1466357845322108 * x_0))))))) + (-0.006314507347693904 + (-20.999812274251425 * ((((9.388751960184553 + ((0.006437640553368414 + (0.017563646621163945 * (0.008717172475124766 + (0.20153683119485272 * x_1)))))**2) - (0.0794480398154478 + (-0.0683172975259228 * sqrt((5.339980790557834 + (0.05600169001564494 * (0.008717172475124766 + (0.20153683119485272 * x_1)))))))) * (0.033337590347276666 + (-0.009635826310076924 * cos((-0.30161628625410586 + (60.900649005408 * (-0.030628056605373096 + (0.1278483556294714 * x_2)))))))))**3)))
537_houses,ok,8,NoRef,0.3170271289367398,82716.11288690324,104,19.180839776992798,,0.001,((-0.00331 + (0.00108 * (-1931.3382469098758 + (51.06894768888684 * x_6)))) - ((-14.0 + (62.1 * abs(((0.04870000000000001 + (0.0767 * sin(((0.779 + (0.00795 * (-1.616400063304611 + (0.0017131956155851734 * x_4)))) - ((9.51 + (7.49 * (-1.2904738757872565 + (0.0029224672776394607 * x_3)))) * (0.9 + (-0.082 * (-1.2807665932048524 + (0.0031092227789157063 * x_5))))))))) + (0.547 + (-0.007529999999999999 * inv((-0.386 + (0.0352 * ((-0.196 + (-5.76 * (4732.105772728812 + (38.70787762899494 * x_7)))))**2))))))))) * ((8.93 + (0.0106 * (-1.5066316366506536 + (0.0007951087204436459 * x_2)))) + (0.0063999999999999994 + (-9.3 * (((32.7 + (3.56 * (-1.516023044552607 + (0.4819862123055841 * x_0)))) + (0.00835 + (0.0403 * (-4.071076517823106 + (0.09225190387090654 * x_1))))))**2)))))
547_no2,ok,7,BFGS,0.07648334871459173,0.7090615647081756,82,18.70673441886902,,0.001,(4.721402262941888 + (-0.017247665577001442 * sqrt((0.0302691385864213 + (0.9052055665002233 * abs((((-0.9482726793313108 + (-6.654222247738914 + (0.9476037076783185 * x_0))) + (-0.14827267933131077 + (-0.6585559512107151 * (-1.593513108814246 + (0.5093537168700765 * x_2))))) * ((90.00014830634427 + (-19.99956636987746 * (-0.1634556815138494 + (0.9729504782544822 * x_3)))) * ((0.05884376375498429 + (-70.0008925473046 * cos(((1.1456799021548263 + (0.7869606419063442 * (-1.5089883784697682 + (0.0049762181060208684 * x_6)))) * (9.014991361758884 + (0.03780760751149916 * (-1.8397826257177994 + (0.14854926327959622 * x_5)))))))) + ((0.00884376375498429 + (29.997840485621627 * (-1.664176255098275 + (0.011106799904836887 * x_4)))) + (-0.011156236245015713 + (-30.000235052928414 * (-0.16485779278081106 + (0.16091536708568774 * x_1))))))))))))))
556_analcatdata_apnea2,ok,3,BFGS,-5.843747707956481e-11,3064.5387321012618,49,15.37976622581482,,0.001,(17.889814403022267 + (5.641727734799673 * ((5.335941445303717 + (2.5303217403107444e-08 * inv((2.190379142998794 + (1.0106989451196995 * ((6.938845664274688 + (-20.0323116910985 * sin(((1.5673328540671672 + (6.899243532873323 * (-1.9639610121239315 + (0.4364357804719848 * x_2)))) + ((1.5673328540671665 + (1.089190104698213 * (-1.414213562373095 + (0.7071067811865475 * x_0)))) + (1.567332854067166 + (-3.88056660326433 * (-1.414213562373095 + (0.7071067811865475 * x_1))))))))))**2))))))**3))
557_analcatdata_apnea1,ok,3,BFGS,2.851967770389763e-06,3091.898449671013,99,16.486472368240356,,0.001,((145.92923497384177 + (0.0753179384471729 * inv(((3.86113115183385 + (-40.2740344299165 * (-1.9639610121239315 + (0.4364357804719848 * x_2)))) + (3.809581151833852 + (0.44844847473509114 * inv(((-0.3211280223189551 + (-1.4535705833339012 * (-1.414213562373095 + (0.7071067811865475 * x_0)))) + ((-2.020603117042019 + (-18.580428053842358 * (-1.414213562373095 + (0.7071067811865475 * x_1)))) * (6.848834686020467 + (-0.06294413583534665 * (-1.414213562373095 + (0.7071067811865475 * x_0))))))))))))) + (143.97223497388654 + (5.9612843680522705 * exp(((5.974180604263082 + (4.792244315316535e-05 * (-1.414213562373095 + (0.7071067811865475 * x_1)))) * (0.7346790262799641 + (9.249410165639298e-05 * sin(((0.21638858065424776 + (28.878932745095888 * (-1.9639610121239315 + (0.4364357804719848 * x_2)))) - ((0.21155756043773039 + (-0.01384319969021435 * (-1.414213562373095 + (0.7071067811865475 * x_0)))) * (0.10458531898121987 + (-0.25471996824272036 * (-1.414213562373095 + (0.7071067811865475 * x_0))))))))))))))
561_cpu,ok,7,NoRef,0.9820064768576287,21.079781977659565,82,22.176148653030396,,0.001,(4.0 + (0.006 * ((((-0.9 + (-16.0 * (-0.6323138508124196 + (0.02430107036173788 * x_4)))) + (-99.0 + (-16.0 * (-0.7539783429454673 + (0.00025457276565311854 * x_2))))) - (((1.0 + (-0.7169976175893781 + (0.03797656872825096 * x_6))) + (0.9900000000000001 + (13.6 * (-1.0157486231470525 + (8.41758769093056e-05 * x_3))))) * (2.6 + (-0.5 * cos(((-0.7000000000000001 + (1.5 * (-0.7692023071461158 + (0.003791788953692772 * x_1)))) + (-0.7000000000000001 + (-0.1 * inv(((-0.3 + (0.9 * (-0.7047263654341995 + (0.14485639577270287 * x_5)))) + (-0.1 + (-0.1 * (-2.133033539448027 + (0.13828418408090937 * x_0)))))))))))))))**2))
564_fried,ok,10,NoRef,0.3846936491492364,3.8644793021292196,114,13.757022142410278,,0.001,((0.1 + (3.0 * (-1.7072590503875993 + (3.406682733645306 * x_3)))) + ((9.0 + (1.4000000000000001 * (-1.7104407863161182 + (3.5565645061896443 * x_4)))) + ((0.09000000000000001 + (0.04 * (-1.962363239855984 + (3.5856659102912434 * x_1)))) * ((90.0 + (-0.6 * abs(((-0.05 + (60.0 * (-1.773506662490512 + (3.508247186303262 * x_0)))) + (-55.0 + (0.01 * (-1.607933134680659 + (3.167467366535192 * x_8)))))))) + (0.9 + (0.004 * abs(((90.0 + (-0.1 * (-1.720003460115014 + (3.637178355927193 * x_5)))) * ((0.01 + (-90.0 * (-1.6828104573254623 + (3.7222908179660887 * x_2)))) + ((0.01 + (-0.6 * inv(((0.009 + (0.02 * (-1.796837581375697 + (3.5565800417739046 * x_7)))) * (9.0 + (0.060000000000000005 * (-1.8698296358353992 + (3.6196322750179175 * x_6)))))))) + (10.0 + (-0.1 * (-1.9240942347694134 + (3.69350448997641 * x_9))))))))))))))
579_fri_c0_250_5,ok,5,NoRef,0.5280363094365635,0.6770298160882229,59,21.607969522476196,,0.001,((-1.0 + (0.3 * (0.005461379359663086 + (0.9984585108671526 * x_4)))) + ((0.1 + (0.6 * (-0.06946253611908115 + (1.0023314177985747 * x_3)))) + (0.02 + (1.5 * sin(((0.7000000000000001 + (0.8 * (-0.02274143198027288 + (1.0121437364720292 * x_1)))) + ((0.1 + (0.7000000000000001 * (-0.013457740978846304 + (0.9847731451468804 * x_0)))) + (-0.060000000000000005 + (0.006999999999999999 * ((0.01 + (-7.8 * (0.002356872848593581 + (1.0237945973760811 * x_2)))))**2)))))))))
591_fri_c1_100_10,ok,10,NoRef,0.5001108570775399,0.7034843616088792,107,15.67316222190857,,0.001,((-0.1 + (1.2 * sin((-1.6 * (-3.2198895784854976e-09 + (1.00503782205916 * x_1)))))) + ((0.01 + (0.5 * (2.134112838164798e-09 + (1.0050378109985483 * x_3)))) + (-0.01 + (-0.6 * sin(((0.006 + (0.02 * (5.279121260744071e-09 + (1.0050378172397734 * x_8)))) + ((0.02 + (0.02 * (-2.2838751521040537e-09 + (1.0050378162329852 * x_5)))) + ((0.02 + (0.02 * (-6.364898005776579e-10 + (1.0050378226906627 * x_9)))) + ((0.02 + (0.02 * (-2.3025954316862416e-09 + (1.0050378109487454 * x_7)))) + ((0.01 + (0.02 * (-6.294696838797298e-10 + (1.0050378125173551 * x_2)))) + ((0.01 + (2.0 * (2.8080432239977528e-09 + (1.0050378175357129 * x_0)))) + ((0.01 + (-0.1 * (1.020255702066691e-09 + (1.005037815122467 * x_4)))) + (-0.7000000000000001 + (0.1 * (-9.126140610221942e-10 + (1.0050378224669032 * x_6))))))))))))))))
593_fri_c1_1000_10,ok,10,NoRef,0.30732109333995705,0.8252749122591969,160,17.603250741958618,,0.001,(((0.1 * log((((0.04 + (1.73 * (-0.10952305202408649 + (0.9907329152448134 * x_3)))) + (25.400000000000002 + (-0.0446 * (0.04860705755687076 + (0.9906127943356936 * x_9))))) - (0.0666 + (0.45 * (-0.16354271824973488 + (0.9842858800610822 * x_2))))))) - ((0.0936 + (0.052000000000000005 * (0.03184790765809063 + (1.0100220814643854 * x_1)))) * ((((-0.302 + arctan(((-41.6 + (0.00416 * arctan(((-0.00326 + (-0.0096 * (-0.031232891696203968 + (1.0079763143256126 * x_0)))) + ((-0.12200000000000001 + (0.0429 * (-0.031232891696203968 + (1.0079763143256126 * x_0)))) - (-13.9 + (-0.007019999999999999 * (0.01810045940385405 + (1.0151432151143167 * x_5))))))))) * (-0.0065 + (0.0070999999999999995 * (-0.1223375680664318 + (1.011933155780458 * x_4))))))) - ((0.032400000000000005 + (0.0703 * (0.050220707802833754 + (1.0091533137436086 * x_8)))) - ((-33.6 + (-0.0396 * (0.01280861499107831 + (0.9931663952687514 * x_6)))) * (0.3 + (0.061000000000000006 * (0.009250498393228406 + (1.0116206136929107 * x_7))))))) * (0.051000000000000004 + (0.881 * sin((0.509 + (-2.59 * (0.03184790765809063 + (1.0100220814643854 * x_1)))))))) - (-6.73 + (0.00074 * (0.050220707802833754 + (1.0091533137436086 * x_8))))))) + (0.006379999999999999 + (-0.23700000000000002 * arctan((-7.26 + (28.3 * (-0.031232891696203968 + (1.0079763143256126 * x_0))))))))
594_fri_c2_100_5,ok,5,NoRef,0.14834412576228717,0.9182261711824853,62,7.897417068481445,,0.001,(((-0.48500000000000004 * (2.8870194710416236e-09 + (1.0050378286556427 * x_2))) - (0.197 + (-0.00113 * ((55.1 + (-0.057800000000000004 * abs((0.687 + (-22.8 * abs((((0.905 + (19.0 * (1.4789027717446586e-09 + (1.005037819531248 * x_1)))) + (9.73 + (-3.99 * (2.3236557527311636e-09 + (1.0050378111926093 * x_4))))) - (-0.459 + (-22.2 * (-2.5740396230235096e-09 + (1.0050378181358313 * x_0))))))))))))**2))) + (-0.8530000000000001 + (0.308 * (-5.056086547415916e-09 + (1.0050378116639687 * x_3)))))
595_fri_c0_1000_10,ok,10,NoRef,0.6034011045066886,0.6649244801717502,132,16.198193550109863,,0.001,((-0.028700000000000003 + (0.0025499999999999997 * abs(((-46.800000000000004 + (-2.85 * (-0.018095961115013614 + (1.0387664339348464 * x_5)))) + ((((0.049 + (5.01 * (0.02614878476186862 + (1.0238590584883367 * x_2)))) * (72.5 + (-0.0035499999999999998 * (0.0710289511872284 + (0.9995744991233574 * x_7))))) - (0.00996 + (0.545 * (-0.04354630810283682 + (1.0225112857000962 * x_6))))) + ((0.0238 + (-0.00053 * (-0.010207914156323272 + (0.9840604732257373 * x_9)))) - (0.0036599999999999996 + (74.5 * (-0.04354630810283682 + (1.0225112857000962 * x_6)))))))))) + ((-0.0019 + (0.553 * (-0.1211406374101396 + (1.023594826503582 * x_3)))) + (((-0.937 + (0.023677204900816835 + (1.0365983191687715 * x_4))) + (0.00276 + (2.99 * arctan(((-0.00686 + (0.892 * (-0.06702131565911112 + (0.9599333061403312 * x_1)))) + (-0.0026 + (0.87 * (0.08331357934160229 + (1.0244910011465165 * x_0))))))))) * (0.249 + (-0.00041 * cos(((-88.60000000000001 + (-0.0087 * (-0.1211406374101396 + (1.023594826503582 * x_3)))) + (0.010100000000000001 + (3.08 * (0.011813355667839568 + (0.9979701604705712 * x_8)))))))))))
596_fri_c2_250_5,ok,5,NoRef,0.7591120620812799,0.49667758639984966,94,16.59377121925354,,0.001,((-0.016700000000000003 + (0.323 * (0.030239726957857333 + (1.0089704881333104 * x_3)))) - ((-0.00039999999999999996 + (1.36 * sin(((-0.771 + (-0.47000000000000003 * (-0.05566958792821793 + (1.0085802753375575 * x_1)))) * ((0.00733 + (-1.27 * (-0.00836934259429335 + (0.9826060373461664 * x_0)))) - ((-0.024700000000000003 + (0.728 * (-0.00836934259429335 + (0.9826060373461664 * x_0)))) + (((-11.8 + (0.0006 * (-0.03982219788825426 + (0.9780391196646281 * x_4)))) * (0.00771 + (-0.06720000000000001 * (-0.05566958792821793 + (1.0085802753375575 * x_1))))) - (0.0821 + (-0.0961 * (-0.03327251323989341 + (0.9795882248533074 * x_2))))))))))) + ((0.017 + (0.021900000000000003 * (-0.03327251323989341 + (0.9795882248533074 * x_2)))) * (9.75 + (-8.9 * (-0.03982219788825426 + (0.9780391196646281 * x_4)))))))
597_fri_c2_500_5,ok,5,NoRef,0.33371234609781886,0.8136454009998944,84,26.697574615478516,,0.001,((-0.07250000000000001 + (0.259 * (-0.002414032778585222 + (0.9938074619432425 * x_4)))) + (((-0.07780000000000001 + (-3.68 * (-0.002414032778585222 + (0.9938074619432425 * x_4)))) * (-0.00878 + (0.00586 * (0.10122870033412179 + (1.0080699070194354 * x_2))))) - ((-0.00396 + (-0.49000000000000005 * sin((2.4 + (-7.53 * cos((0.0332 + (0.8520000000000001 * (0.10122870033412179 + (1.0080699070194354 * x_2)))))))))) + (0.265 + (1.48 * sin(((-0.683 + (-0.533 * (0.05371846994181401 + (0.9861750482670715 * x_0)))) * ((-0.225 + (-1.73 * (0.06629972590880558 + (1.0075976137302378 * x_1)))) + (0.5900000000000001 + (0.226 * (0.051318081308249455 + (1.014644489729816 * x_3))))))))))))
599_fri_c2_1000_5,ok,5,BFGS,0.5510513470900518,0.6719505272185591,102,15.199408292770386,,0.001,(((0.023914690130669818 + (-0.36278821117309645 * (-0.0602307402531005 + (1.0089516501853955 * x_2)))) - (0.9426553098693302 + (-0.19928186639890408 * (0.10153935051992874 + (1.044491792439849 * x_4))))) - (((-75.10000238590722 * abs(((0.13140603895630548 + (0.024042189711942573 * (-0.037314603346356716 + (1.0738698362097465 * x_0)))) * (0.10101417823956703 + (0.013749538539595848 * (-0.0758845730996851 + (1.0498897117688875 * x_3))))))) + (0.02805530986933019 + (0.008455836592779384 * inv((0.4713222471575901 + (-1.3771846086338901 * (-0.0758845730996851 + (1.0498897117688875 * x_3)))))))) + (-0.027764690130669813 + (-0.868878500106872 * sin(((0.4681904647514488 + (-0.8694137394589513 * cos(((2.2874453870735287 + (-1.1954945754087785 * (-0.037314603346356716 + (1.0738698362097465 * x_0)))) + (0.007745387073528676 + (-0.06468119757227274 * cos((0.3814897036371661 + (0.005611676731677323 * (0.10153935051992874 + (1.044491792439849 * x_4))))))))))) - (-0.001580464751448799 + (1.9482252026091826 * (0.009574705784042063 + (1.0477984342708666 * x_1))))))))))
601_fri_c1_250_5,ok,5,NoRef,0.6778506345200186,0.5683612912739717,67,9.205711841583252,,0.001,(((0.647 * (0.02676101383347822 + (1.0066664369813325 * x_3))) * (0.06530000000000001 + (0.0441 * abs((16.7 + (7.8 * cos((-2.44 + (-0.659 * abs((3.5500000000000003 + (73.3 * (-0.018291418326324048 + (0.9901403382934644 * x_0)))))))))))))) + ((-0.0194 + (1.47 * cos(((0.274 + (0.517 * (-0.010397483526896342 + (0.9882031183917349 * x_1)))) * (4.12 + (0.9790000000000001 * (-0.01749150210176107 + (1.0090791592880441 * x_2)))))))) - (-0.0171 + (-0.184 * (-0.005668177014427033 + (0.9847510525456011 * x_4))))))
602_fri_c3_250_10,ok,10,NoRef,0.26693422266913525,0.8485265993036524,125,11.971590518951416,,0.001,(((0.0093 + (0.7150000000000001 * sin(((-0.0762 + (0.0386 * exp((-0.0057599999999999995 + (0.027897516398397815 + (0.998073099323104 * x_0)))))) * (-51.6 + (0.00861 * ((-9.14 + (44.4 * (-0.017542067075762977 + (1.005717915331683 * x_2)))))**2)))))) - ((-0.00178 + (-0.012600000000000002 * (-0.038189884319498046 + (1.0024011477798893 * x_3)))) * ((37.2 + (-3.86 * (0.008084737233740273 + (0.9964088169567006 * x_7)))) + (1.46 + (0.059500000000000004 * inv(((-0.00915 + (0.9870000000000001 * (0.0029420221446642856 + (1.008712998834323 * x_8)))) + ((0.807 + (36.4 * (-0.02871010083073984 + (1.0068245035869283 * x_5)))) + (((54.6 + (0.001312719251571377 + (1.0174709357351936 * x_4))) - (-42.6 + (-16.9 * (0.03500154593767501 + (1.0064758978864055 * x_6))))) * (-1.86 + (-85.10000000000001 * (0.008753852211365022 + (1.020618930622776 * x_9))))))))))))) - (0.0072 + (-0.733 * sin((-3.09 + (41.7 * sin((0.00828 + (0.0512 * (-0.006149085570662245 + (1.0063481202601992 * x_1)))))))))))
604_fri_c4_500_10,ok,10,NoRef,0.6746289687095768,0.6010193933106792,114,23.60938262939453,,0.001,((-0.3 + (0.36000000000000004 * (-0.1348550604363206 + (1.0036996856535505 * x_3)))) + ((0.02 + (0.006 * (-0.0022548934118654575 + (0.9992501517389518 * x_0)))) * ((0.3 + (64.0 * sin(((0.7000000000000001 + (-2.0 * (-0.026510329997847516 + (1.0228802703832585 * x_1)))) + (0.01 + (-1.2 * (-0.0022548934118654575 + (0.9992501517389518 * x_0)))))))) + ((0.001 + (0.1 * (-0.08584083487448184 + (0.9845918227850837 * x_2)))) * ((-0.08 + (90.0 * (-0.0473754174576671 + (1.0002900627489233 * x_4)))) + ((-0.8 + (0.02 * (0.05150804270771723 + (1.015585618193334 * x_8)))) + ((-0.8 + (0.02 * (0.10561760327369846 + (1.007417081890443 * x_7)))) + ((-0.8 + (-0.01 * (0.05960242929231957 + (1.0280165339330751 * x_5)))) + ((-0.8 + (-0.001 * (-0.009791979417298036 + (0.9929225967655008 * x_6)))) + (-60.0 + (-0.001 * (0.043020700170883344 + (1.0416572769407797 * x_9)))))))))))))
606_fri_c2_1000_10,ok,10,NoRef,0.7339068998201106,0.5266388747207328,112,11.330963134765625,,0.001,((0.015000000000000001 + (0.004 * (-0.043264314038292014 + (1.0227224598746503 * x_0)))) * (((20.0 * (-0.03206380168427523 + (0.9877428384944221 * x_3))) + ((-9.0 + (0.02 * (-0.01060423110845112 + (1.0251295848097435 * x_8)))) + ((-0.01 + (0.02 * (0.10809595603871229 + (1.0624136403325424 * x_5)))) + ((-0.01 + (0.02 * (-0.04496677019937933 + (1.0191986288929233 * x_7)))) + ((-0.01 + (16.0 * (0.04487244154167024 + (0.9667189833408681 * x_4)))) + (-0.01 + (-86.0 * sin(((0.3 + (0.2 * (-0.02308872793518898 + (1.0310028958909718 * x_1)))) * (-7.7 + (-3.6 * (-0.043264314038292014 + (1.0227224598746503 * x_0))))))))))))) + ((-0.01 + (-20.0 * (-0.05715499640265298 + (0.9507785937602312 * x_2)))) + ((0.02 + (0.2 * (-0.10240413058209644 + (0.9803959075788435 * x_9)))) * (-30.0 + (40.0 * (-0.04765413568781236 + (0.9856253019329347 * x_6))))))))
608_fri_c3_1000_10,ok,10,NoRef,0.5511793484500409,0.7254680050792163,114,15.75253438949585,,0.001,((-0.4 + (0.4 * (0.03929049529360136 + (1.0101045661619172 * x_3)))) + ((0.02 + (0.009 * (-0.11377932602934616 + (1.0194947829765149 * x_1)))) * ((0.6 + (60.0 * sin(((0.7000000000000001 + (-2.0 * (-0.11377932602934616 + (1.0194947829765149 * x_1)))) + (-0.3 + (-1.4000000000000001 * (-0.12080387897699611 + (1.046689364019702 * x_0)))))))) + ((0.001 + (-0.02 * (-0.07485137802023327 + (0.928236161918507 * x_4)))) * ((-0.02 + (-0.08 * (-0.024700608534952977 + (1.0178478008506844 * x_5)))) + ((-0.09000000000000001 + (-0.8 * (0.09997004958074049 + (0.9725437086252088 * x_8)))) + ((-0.09000000000000001 + (-0.08 * (0.025411185636871135 + (1.0085861129114744 * x_7)))) + ((6.0 + (0.3 * (0.0037480437197946344 + (1.0171997847210195 * x_6)))) * ((-90.0 + (-0.6 * (-0.09009695051222572 + (0.9667130737789161 * x_2)))) + (0.01 + (-0.030000000000000002 * (-0.06915440631011427 + (1.0059132552759904 * x_9)))))))))))))
609_fri_c0_1000_5,ok,5,NoRef,0.6118969745479448,0.6331774120033862,100,9.834886074066162,,0.001,(((0.42000000000000004 * (-0.03328608761079923 + (0.9930031921598278 * x_0))) + ((-0.0376 + (0.5900000000000001 * (0.15003226178161752 + (1.0307127080102405 * x_3)))) - ((0.00511 + (0.533 * arctan((-0.00023999999999999998 + (-0.135 * abs(((0.05550000000000001 + (7.99 * (0.18580190968182023 + (0.9780250034598157 * x_4)))) - (0.00929 + (0.046400000000000004 * ((-0.007509999999999999 + (7.930000000000001 * (-0.026199140277906246 + (1.011143035371021 * x_2)))))**3))))))))) - (-0.31 + (0.0054199999999999995 * (-0.03328608761079923 + (0.9930031921598278 * x_0))))))) + ((((-0.08670000000000001 + (-0.056662208270947687 + (1.0093749014959992 * x_1))) * (6.0600000000000005 + (5.4 * (-0.03328608761079923 + (0.9930031921598278 * x_0))))) * (0.07780000000000001 + (-0.0641 * (-0.03328608761079923 + (0.9930031921598278 * x_0))))) + (-0.0053 + (0.394 * (0.18580190968182023 + (0.9780250034598157 * x_4))))))
611_fri_c3_100_5,ok,5,NoRef,0.5836433436924383,0.6420226507963948,79,7.192697286605835,,0.001,((0.060000000000000005 + (0.02 * (-5.485044449520766e-09 + (1.0050378211517923 * x_1)))) * ((-9.0 + (6.0 * (2.2651548670983395e-09 + (1.0050378215807587 * x_3)))) + ((0.01 + (20.0 * sin(((-0.030000000000000002 + (-1.7 * (-5.485044449520766e-09 + (1.0050378211517923 * x_1)))) + (0.01 + (-0.9 * (3.3696518741937506e-10 + (1.0050378176809236 * x_0)))))))) + (3.0 + (-6.0 * sin(((0.3 + (4.0 * (3.3696518741937506e-10 + (1.0050378176809236 * x_0)))) + ((-0.003 + (-1.0 * (-1.4882628954172861e-09 + (1.0050378087527534 * x_4)))) + (0.003 + (0.1 * (7.488115246346441e-11 + (1.0050378153667796 * x_2))))))))))))
612_fri_c1_1000_5,ok,5,NoRef,0.2978478194928009,0.8143706350542124,64,16.43732237815857,,0.001,((0.001 + (0.4 * (-0.0455437593761508 + (0.9567051152908453 * x_3)))) + ((0.001 + (1.4000000000000001 * sin(((-0.2 + (-0.15 * (0.05379249346486988 + (0.9813329069621656 * x_1)))) * (-4.0 + (9.9 * (0.05379249346486988 + (0.9813329069621656 * x_1)))))))) + ((0.002 + (-0.004 * (0.02499164981509785 + (0.963922001685239 * x_2)))) * ((0.6 + (80.0 * (-0.1259509009120862 + (1.0224742268874492 * x_4)))) + (-0.01 + (-80.0 * (0.058764461739031826 + (0.9941862663105345 * x_0))))))))
613_fri_c3_250_5,ok,5,BFGS,0.1152502783309246,0.921987642970749,87,15.183371782302856,,0.001,((((6.512293013550143 + (4.735402977543134 * (-0.028948889952718215 + (1.0093385016897576 * x_1)))) - (-0.092593013550143 + (0.37673989531237106 * (0.011376775246438027 + (0.9978400925361779 * x_3))))) - (((-0.0875264717208073 * (-0.0023800517403783196 + (1.0247486200671985 * x_4))) - (-0.005486986449856943 + (0.35326010468762903 * (0.011376775246438027 + (0.9978400925361779 * x_3))))) + ((0.07480698644985687 + (0.024018547501481538 * (-0.011035865820133607 + (1.0097221415593123 * x_2)))) + (-0.8012930135501429 + (0.037857311748523775 * sin((1.0730277664433983 + (-3.032534845551557 * (-0.00583196890049992 + (0.9920083120873421 * x_0)))))))))) + (-7.527706986449857 + (-10.502262004185349 * cos(((0.11122356791499927 + (0.15135594917432696 * (-0.028948889952718215 + (1.0093385016897576 * x_1)))) - (-7.760243567915 + (0.634944050825675 * (-0.028948889952718215 + (1.0093385016897576 * x_1)))))))))
615_fri_c4_250_10,ok,10,BFGS,0.11569602540557444,0.9296561308269925,170,19.108384609222412,,0.001,((0.1425767200767548 + (-0.07873541065933982 * (0.05515174324685588 + (0.9881054953181548 * x_8)))) - (((-6.9095712583492 * abs((-0.3678077339647757 + (0.008561553372822423 + (1.001972468388772 * x_1))))) * (-0.01859538362519981 + (-4.954033158037128e-05 * abs(((0.2887497632727878 + (9.798377226620874 * (0.030981082827633125 + (1.0037440958902806 * x_2)))) - ((0.9951510508884364 + (0.937214081819736 * (0.018442320333777653 + (1.0043892364385394 * x_0)))) * ((-8.679453269316884 + (-24.10084549265098 * arctan((-40.70000780789137 + (-0.01706926164685473 * sqrt(((-0.0024399934468889817 + (91.00000000090328 * sqrt((0.019002163128087224 + (-0.083 * exp((-26.1 + (0.09200000000000001 * (-0.04174225894742663 + (1.009234310176972 * x_7)))))))))) + ((((0.007840527020611707 + (0.007599562950833112 * (0.05515174324685588 + (0.9881054953181548 * x_8)))) * (80.50000000001022 + (-0.09869999987225399 * (-0.04174225894742663 + (1.009234310176972 * x_7))))) - (-0.9070000065531111 + (0.5779999995721189 * (-0.004420436494283208 + (0.9982358793105901 * x_6))))) + ((-2.320000578118608 + (-0.00796004353431337 * (-0.027894848970115443 + (0.9944293071811292 * x_5)))) * (0.40299998480104193 + (-17.000000079276873 * ((0.003179860718712355 + (-4.870000553564001 * (-0.01918538936707431 + (0.9784295203960635 * x_9)))))**2))))))))))) - (-0.09114673068311464 + (0.013893113259752149 * (0.030981082827633125 + (1.0037440958902806 * x_2))))))))))) + ((-0.0133767200767548 + (0.2630547070647035 * (0.030981082827633125 + (1.0037440958902806 * x_2)))) + ((-0.0103767200767548 + (-0.21029879467690732 * (0.030508266623949246 + (1.0184149844080637 * x_3)))) + (0.0013232799232451996 + (-0.24408526526773155 * (0.016849843417703382 + (1.0050181313033926 * x_4))))))))
617_fri_c3_500_5,ok,5,NoRef,0.5321384634761459,0.6525130832959962,103,10.800477027893066,,0.001,(((-0.0782 * (0.06189277847607138 + (1.0463141535655052 * x_0))) - ((-0.611 + (0.743 * cos((((-42.1 * (0.06189277847607138 + (1.0463141535655052 * x_0))) * (0.056400000000000006 + (-0.00616 * sqrt((-0.658 + (-93.5 * arctan((-3.43 + (-4.98 * abs((-71.7 + (64.4 * (0.06189277847607138 + (1.0463141535655052 * x_0)))))))))))))) + (-95.5 + (1.3800000000000001 * (0.07378384716018162 + (1.066710481333945 * x_4)))))))) + (0.7000000000000001 + (-0.368 * (0.03177150349695045 + (1.0457474271073812 * x_3)))))) + (((-0.35200000000000004 * (0.06583752182489036 + (1.0614816774443865 * x_2))) - (0.00327 + (0.929 * cos((-3.69 + (-67.1 * abs((-0.0766 + (0.028100000000000003 * (0.06884697124093933 + (1.0266038989481894 * x_1))))))))))) + (-0.00911 + (0.75 * (0.07378384716018162 + (1.066710481333945 * x_4))))))
621_fri_c0_100_10,ok,10,NoRef,0.5437316378081274,0.6720905231001347,116,7.728348731994629,,0.001,(((0.267 * (8.330528184386568e-10 + (1.0050378147807428 * x_4))) + (((((-0.319 + (0.5910000000000001 * (2.316635645158825e-09 + (1.005037811384345 * x_3)))) - ((-3.2600000000000002 + (-30.400000000000002 * ((0.10600000000000001 * (2.3868367447602294e-10 + (1.0050378172229721 * x_2))))**2)) + (3.0700000000000003 + (-0.24200000000000002 * (3.5755750494243194e-09 + (1.0050378207899893 * x_7)))))) - (-0.0356 + (-0.07 * (9.734549852333354e-10 + (1.0050378163751326 * x_8))))) - (-0.00775 + (0.00818 * (1.4976230557380417e-10 + (1.0050378197078866 * x_1))))) + (0.083 + (0.46 * (3.369651839070239e-09 + (1.0050378086193497 * x_0)))))) + (((-0.876 + (-1.652504178821832e-09 + (1.005037812839098 * x_6))) - (0.0239 + (-7.9 * (1.4976230557380417e-10 + (1.0050378197078866 * x_1))))) * (((-0.675 * (5.607351256555068e-09 + (1.0050378092727088 * x_5))) * (0.00979 + (0.0757 * (-5.503764690973492e-09 + (1.0050378132222737 * x_9))))) + (0.0599 + (0.0091 * (8.330528184386568e-10 + (1.0050378147807428 * x_4)))))))
623_fri_c4_1000_10,ok,10,NoRef,0.42268355706018734,0.6533799406624688,170,14.149403810501099,,0.001,((-0.00646 + (-0.00015 * (-0.11576764803778941 + (1.0044960092981252 * x_8)))) * (((0.00667 + (-56.9 * (0.09947925414942209 + (1.0205751432371792 * x_3)))) + ((((((0.00438 + (-0.0296 * (0.0736087982084613 + (0.9999677590618523 * x_9)))) - ((0.035100000000000006 + (27.400000000000002 * (0.14278809094854045 + (1.0265951539192182 * x_1)))) - (0.057 + (9.3 * (0.14053229737994233 + (1.0823781329800635 * x_2)))))) - (-0.00628 + (0.00545 * (0.12525825913657282 + (0.980269270206672 * x_6))))) - (2.9 + (-3.73 * (0.12525825913657282 + (0.980269270206672 * x_6))))) * (0.008 + (-0.00162 * (-0.11576764803778941 + (1.0044960092981252 * x_8))))) - (-7.15 + (2.9 * sqrt((5.1000000000000005 + (0.0073999999999999995 * (-0.05362121669788681 + (1.0618312288592786 * x_7))))))))) - (((72.2 + (0.14053229737994233 + (1.0823781329800635 * x_2))) - ((-0.0522 + (-0.0709 * (0.1293185428126426 + (1.1237869624512584 * x_4)))) + (61.800000000000004 + (32.7 * sin((((-0.8470000000000001 + (0.13941561426198104 + (1.0104749796278643 * x_0))) + (-0.00814 + (0.49300000000000005 * ((2.3000000000000003 + (0.035500000000000004 * (0.02709331977686438 + (0.9998511943214848 * x_5)))))**2))) * (0.762 + (-1.18 * (0.14278809094854045 + (1.0265951539192182 * x_1)))))))))) * (-3.98 + (-0.10500000000000001 * abs((1.47 + (21.5 * cos((0.32 + (9.950000000000001 * (0.14278809094854045 + (1.0265951539192182 * x_1)))))))))))))
624_fri_c0_100_5,ok,5,NoRef,0.6867180670112343,0.5569103259698313,52,7.536579847335815,,0.001,(((0.5 * (1.6052646991142874e-09 + (1.005037818082082 * x_3))) + (-1.0 + (0.3 * (-1.9656302458928866e-09 + (1.0050378110182856 * x_4))))) + ((1.0 + (0.5 * (4.24014525147764e-09 + (1.0050378137630331 * x_0)))) + ((0.01 + (0.5 * (-2.059231685602471e-10 + (1.0050378118806327 * x_1)))) + (0.1 + (0.7000000000000001 * cos((-9.200000000000001 + (2.2 * (-1.8252280771675934e-09 + (1.0050378081626472 * x_2))))))))))
627_fri_c2_500_10,ok,10,NoRef,0.5720756496924455,0.6607627595231133,119,16.741808652877808,,0.001,((-0.1 + (0.3 * (0.033341707614650384 + (0.9827162141673074 * x_3)))) + ((0.02 + (0.01 * (-0.013129577447021317 + (0.9990856847101941 * x_1)))) * ((0.1 + (70.0 * sin(((0.7000000000000001 + (-1.4000000000000001 * (-0.013129577447021317 + (0.9990856847101941 * x_1)))) + (0.01 + (-0.9 * (-0.03715904788242102 + (0.9873114643136044 * x_0)))))))) + ((0.6 + (7.0 * (0.03697216135961967 + (1.0049960573880736 * x_4)))) + ((0.6 + (-9.0 * (0.026683047888560293 + (0.9757203942515261 * x_2)))) + (6.0 + (-0.006 * inv(((0.060000000000000005 + (0.030000000000000002 * (0.089197355976 + (0.9914281091126119 * x_8)))) + ((0.060000000000000005 + (0.060000000000000005 * (-0.022952103075604885 + (0.9844216391496325 * x_5)))) + ((0.060000000000000005 + (0.060000000000000005 * (-0.05602650016378306 + (0.9823369513031974 * x_7)))) + ((0.060000000000000005 + (0.060000000000000005 * (-0.026586736692291005 + (0.9760546559365092 * x_9)))) + (0.060000000000000005 + (0.6 * (-0.036573688340500496 + (0.9921415214297146 * x_6))))))))))))))))
628_fri_c3_1000_5,ok,5,NoRef,0.17376139841219929,0.8925484650717977,115,13.852110624313354,,0.001,(((6.22 + (-0.011951282734320523 + (1.0307417971714052 * x_1))) - (4.3100000000000005 + (-4.42 * sqrt((0.91 + (-0.48600000000000004 * sin(((53.300000000000004 + (-0.07590000000000001 * arctan(((0.00616 + (0.0639 * (0.07995654940232406 + (1.0305655132338056 * x_3)))) * (22.3 + (-72.60000000000001 * inv((3.52 + (0.377 * (0.04995802988010866 + (1.124767200659096 * x_4))))))))))) - (-0.00942 + (-6.58 * (-0.006538880888095933 + (1.0173482172539636 * x_0)))))))))))) * ((-0.009439999999999999 + (-0.06330000000000001 * (0.04665711240912954 + (1.1089028168055421 * x_2)))) + (0.009 + (0.24600000000000002 * cos(((65.8 + (5.3100000000000005 * tan((0.338 * (-0.011951282734320523 + (1.0307417971714052 * x_1)))))) + ((89.9 + (0.05740000000000001 * (0.04995802988010866 + (1.124767200659096 * x_4)))) + ((-29.0 + (0.785 * (-0.006538880888095933 + (1.0173482172539636 * x_0)))) - (0.004 + (0.00967 * (-0.011951282734320523 + (1.0307417971714052 * x_1))))))))))))
631_fri_c1_500_5,ok,5,NoRef,0.5428998733144195,0.6989171327108217,92,12.552794694900513,,0.001,((0.0043 + (0.28700000000000003 * (-0.056521872297880936 + (0.9717229773807777 * x_4)))) - (((0.08850000000000001 * (0.06765066243771634 + (0.9954469854695703 * x_0))) * ((0.449 + (4.0 * (0.051813494666047274 + (0.9930497282225305 * x_1)))) + (-0.00694 + (-0.044700000000000004 * (0.06765066243771634 + (0.9954469854695703 * x_0)))))) + ((-0.052000000000000005 + (1.32 * sin(((0.0137 + (-0.05330000000000001 * (0.051813494666047274 + (0.9930497282225305 * x_1)))) * ((0.325 + (-0.0514 * (0.04936468118293561 + (1.0271014528879046 * x_2)))) + ((0.5870000000000001 + (0.256 * (0.06765066243771634 + (0.9954469854695703 * x_0)))) * (-71.60000000000001 + (0.00227 * (0.011619934130194394 + (1.0130552558033206 * x_3)))))))))) - (0.0441 + (0.396 * (0.011619934130194394 + (1.0130552558033206 * x_3)))))))
634_fri_c2_100_10,ok,10,NoRef,0.25371230218791585,0.8595491907570888,102,11.586259603500366,,0.001,((0.02 + (0.009 * (-3.5942953176591e-09 + (1.0050378169186154 * x_1)))) * ((0.01 + (60.0 * sin((-2.0 * (-3.891699263916169e-09 + (1.005037812523656 * x_0)))))) + ((9.0 + (-0.01 * (-2.2277142980311373e-09 + (1.005037820890266 * x_8)))) + ((-0.01 + (-0.01 * (1.3478607413557276e-09 + (1.0050378131397857 * x_5)))) + ((0.001 + (0.3 * (-2.040511411673613e-09 + (1.0050378188363487 * x_4)))) * ((0.05 + (90.0 * (-6.053673205708496e-09 + (1.0050378214297475 * x_6)))) + ((0.003 + (0.01 * (2.620840332405153e-10 + (1.005037813903384 * x_7)))) + ((0.003 + (-0.001 * (-4.972576454754833e-10 + (1.0050378191710638 * x_2)))) + ((0.030000000000000002 + (0.001 * (-1.984350541638051e-09 + (1.0050378174665446 * x_9)))) + (0.030000000000000002 + (0.003 * (8.096524631093754e-10 + (1.005037812430936 * x_3)))))))))))))
635_fri_c0_250_10,ok,10,NoRef,0.43916098441526574,0.7379099608490426,102,8.214064359664917,,0.001,((0.1 + (0.6 * (3.284185646600527e-05 + (1.0134618852695818 * x_3)))) + (1.0 + (-0.02 * abs((((40.0 * (0.0299533659358918 + (1.026432356260368 * x_1))) + ((-40.0 + (40.0 * (-0.0158002831059501 + (1.035825655276819 * x_0)))) + (0.001 + (20.0 * (0.05626701566663447 + (0.984972246146817 * x_4)))))) + ((0.001 + (-0.3 * (0.03710033285164021 + (0.9862754867919485 * x_2)))) * ((-0.008 + (-60.0 * (0.024595320138910946 + (1.0093932487757626 * x_5)))) + ((0.01 + (0.01 * (-0.030720025213037582 + (0.9964720662834899 * x_8)))) + ((0.01 + (0.01 * (0.023946984823668138 + (1.0075174426626203 * x_9)))) + ((0.01 + (0.01 * (0.044703616871696904 + (1.002732006634402 * x_7)))) + (0.01 + (0.02 * (-0.029670791284983563 + (0.9968372944853446 * x_6))))))))))))))
641_fri_c1_500_10,ok,10,NoRef,0.2677356354279713,0.8171806089273007,166,18.468372106552124,,0.001,((-0.00139 + (0.0009599999999999999 * abs((0.0434 + (0.00805487804850231 + (0.9968997576834833 * x_1)))))) * ((-38.1 + (-1.28 * (0.06278172057161527 + (0.9810267998778318 * x_8)))) * (((-0.07400000000000001 + (8.3 * (-0.041244311805811756 + (0.9881424498527619 * x_3)))) - ((-0.00099 + (-5.15 * (-0.0007699340761739147 + (1.0247051180741429 * x_4)))) - (((0.36000000000000004 * (-0.005068268617956794 + (1.0102445817775312 * x_6))) + ((((-11.6 + inv((-3.9 + (0.06346169844205729 + (1.024410073610703 * x_5))))) * (0.0062699999999999995 + (-0.00953 * (-0.010538602807564558 + (1.0101551525364498 * x_2))))) * (0.183 + (-0.00731 * (-0.041244311805811756 + (0.9881424498527619 * x_3))))) * (((-0.0792 + (-5.01 * (0.04604423538072993 + (0.9674549471240764 * x_9)))) * (23.3 + (64.0 * abs((0.018500000000000003 + (0.0507 * inv((0.0035199999999999997 + (-0.9570000000000001 * (0.09722717144425294 + (1.0248389370748021 * x_7))))))))))) - ((30.3 + (21.400000000000002 * (0.06346169844205729 + (1.024410073610703 * x_5)))) - (0.5810000000000001 + (0.00673 * (-0.00754624478365389 + (0.9836753950133191 * x_0)))))))) + ((-0.657 + (-0.00628 * (0.09722717144425294 + (1.0248389370748021 * x_7)))) + (-0.00156 + (0.804 * (-0.041244311805811756 + (0.9881424498527619 * x_3)))))))) - (0.00666 + (-22.0 * sin((0.994 + (-2.31 * (-0.00754624478365389 + (0.9836753950133191 * x_0))))))))))
646_fri_c3_500_10,ok,10,NoRef,0.6824510612118481,0.5541229593396685,141,18.280964374542236,,0.001,((((((-0.07585884095525353 + (0.9394858417435231 * x_4)) * (-0.009819999999999999 + (0.782 * (-0.07585884095525353 + (0.9394858417435231 * x_4))))) * (0.36000000000000004 + (-0.042300000000000004 * (-0.08572351112350518 + (0.9977370817874324 * x_8))))) + (-0.0951 + (-1.19 * sin((((0.014600000000000002 + (-0.07566403615497733 + (1.0061982190189063 * x_1))) + (0.00015 + (0.653 * (-0.08580614110746695 + (0.9764867799745204 * x_0))))) * (1.69 + (0.0649 * inv(((-3.5300000000000002 + (2.22 * (0.05178842670427133 + (1.0545913349620601 * x_9)))) - (((((-9.200000000000001 * (-0.015303586236559374 + (0.9921594894841607 * x_5))) + (0.508 + (0.00324 * (-0.015303586236559374 + (0.9921594894841607 * x_5))))) + ((-0.00548 + (-9.3 * (-0.07585884095525353 + (0.9394858417435231 * x_4)))) + (13.200000000000001 + (-58.1 * (0.018198606053000926 + (0.9830177296829794 * x_7)))))) * (-54.300000000000004 + (-0.00962 * (-0.05721558898573879 + (0.9725279454163238 * x_2))))) - (-0.7140000000000001 + (0.00435 * (0.018198606053000926 + (0.9830177296829794 * x_7)))))))))))))) + (-0.06480000000000001 + (0.374 * (-0.0010674995282084277 + (0.9888977016014616 * x_3))))) - (-0.00219 + (0.00257 * (0.05867666558860839 + (0.9957561638142012 * x_6)))))
647_fri_c1_250_10,ok,10,NoRef,0.3563073227978867,0.8098691239337736,110,20.55614185333252,,0.001,((-0.2 + (0.3 * (0.012771660018394299 + (0.9916244828062031 * x_3)))) - ((0.02 + (0.008 * (-0.06563464502751039 + (0.9806987438418552 * x_1)))) * (((60.0 * sin((2.7 * (-0.06563464502751039 + (0.9806987438418552 * x_1))))) + (-0.3 + (7.0 * (-0.004478456272028574 + (1.0195182309979691 * x_6))))) + ((-0.3 + (-9.0 * (0.04259752720332055 + (1.0063005627788042 * x_4)))) + ((0.2 + (0.01 * (-0.01920572954524788 + (0.9843620950829046 * x_5)))) * ((-0.02 + (90.0 * (-0.0661680238763467 + (0.9883772642250066 * x_0)))) + ((-0.02 + (-0.01 * (-0.02629323549384153 + (0.9986094332148666 * x_2)))) + ((-0.3 + (0.001 * (0.0005549552017442876 + (1.0134782143162062 * x_7)))) + ((-0.3 + (0.001 * (-0.02713842520686745 + (0.9779645183370135 * x_8)))) + (-0.3 + (-20.0 * (0.0026619787194639703 + (0.9855581582449608 * x_9)))))))))))))
649_fri_c0_500_5,ok,5,NoRef,0.7282028140244869,0.5055313797907184,110,15.720452308654785,,0.001,(((0.523 * (-0.06639078434904079 + (1.0571454595405074 * x_3))) + (((-98.10000000000001 * (0.007078065159054314 + (1.0130563010908327 * x_4))) * (-0.0023 + (-0.0016699999999999998 * inv((-77.4 + (6.9 * (-0.021789259863661356 + (1.0063983944922867 * x_2)))))))) + ((0.0034999999999999996 + (14.9 * ((0.00306 + (0.225 * sin((-40.9 + (-90.5 * (0.007078065159054314 + (1.0130563010908327 * x_4))))))))**2)) + ((0.006 + (0.35100000000000003 * (0.05231147534006627 + (1.0066634887399533 * x_1)))) - ((1.04 + (0.0646 * (0.007078065159054314 + (1.0130563010908327 * x_4)))) * (-0.00843 + (6.23 * abs(((-0.0106 + (0.0956 * (-0.08932909934794814 + (1.0023846504648501 * x_0)))) + (-0.063 + (0.04 * (0.05231147534006627 + (1.0066634887399533 * x_1))))))))))))) + (-0.019100000000000002 + (0.004399999999999999 * abs((-0.8410000000000001 + (89.2 * (-0.021789259863661356 + (1.0063983944922867 * x_2))))))))
654_fri_c0_500_10,ok,10,NoRef,0.42812943773111967,0.7749818089578245,115,16.018991470336914,,0.001,(((0.5 * (0.0007491783139851028 + (0.9893417119088128 * x_3))) + (-0.01 + (0.3 * (0.04187135150738115 + (1.0510953173290194 * x_4))))) + (0.1 + (-1.3 * sin(((0.3 + (-0.7000000000000001 * (-0.027601897422796586 + (1.0061636075716038 * x_0)))) + ((-0.3 + (-0.8 * (-0.06393432606302606 + (0.9998031220651009 * x_1)))) + ((0.001 + (0.001 * (-0.027601897422796586 + (1.0061636075716038 * x_0)))) * ((0.09000000000000001 + (-0.2 * ((53.9 * (-0.04407831859558271 + (1.0230621218787368 * x_2))))**2)) + ((0.09000000000000001 + (-0.02 * (-0.040554941512674664 + (0.9867431653933428 * x_5)))) + ((0.09000000000000001 + (-0.02 * (0.012504066596160423 + (0.9932606007852361 * x_8)))) + ((0.09000000000000001 + (-0.02 * (-0.10813174643488255 + (1.0302077368719882 * x_9)))) + ((0.9 + (-0.02 * (-0.014222167248802433 + (1.0018358309056357 * x_7)))) + (0.09000000000000001 + (-0.002 * (-0.028243686434320705 + (1.024267302083891 * x_6))))))))))))))))
656_fri_c1_100_5,ok,5,NoRef,0.19550647470719107,0.892439692013984,121,13.543498754501343,,0.001,(((0.14200000000000002 * (-2.3774765717598145e-09 + (1.005037807353799 * x_4))) + (0.051300000000000005 + (0.40800000000000003 * (-2.334185930610602e-09 + (1.005037817059757 * x_3))))) + ((0.0212 + (-0.7120000000000001 * sin((((((0.024 * ((-0.081 + (2.6302004833736337e-09 + (1.0050378148437342 * x_0))))**2) * (0.009779999999999999 + (69.10000000000001 * (-7.127749685219048e-09 + (1.0050378135022553 * x_2))))) + ((1.72 + (-7.37 * ((0.185 + (33.5 * (-7.127749685219048e-09 + (1.0050378135022553 * x_2)))))**3)) - (0.00402 + (0.48900000000000005 * inv((0.008669999999999999 + (-14.6 * (2.6302004833736337e-09 + (1.0050378148437342 * x_0))))))))) - (-0.008069999999999999 + (-0.868 * (-2.4523577450329915e-09 + (1.0050378152122343 * x_1))))) + ((-0.0782 + (-0.771 * inv((0.645 * (-2.3774765717598145e-09 + (1.005037807353799 * x_4)))))) + (0.00389 + (-0.249 * (-2.334185930610602e-09 + (1.005037817059757 * x_3))))))))) - (0.47000000000000003 + (-0.862 * sin((1.25 + (-1.98 * (2.6302004833736337e-09 + (1.0050378148437342 * x_0)))))))))
657_fri_c2_250_10,ok,10,NoRef,0.1446030713983274,0.9036085320727866,161,16.271724700927734,,0.001,((-0.159 + (-0.18100000000000002 * (0.021508000057596278 + (0.9976225312856856 * x_2)))) + (((((0.49100000000000005 * cos((-0.0033 + (0.022131640344706344 + (1.009302535480512 * x_1))))) * ((0.00836 + (-1.49 * cos((3.9 + (0.022131640344706344 + (1.009302535480512 * x_1)))))) * (2.85 + (0.00462 * (0.01923199185394909 + (1.0038423878099012 * x_7)))))) + (((0.3 + (0.021508000057596278 + (0.9976225312856856 * x_2))) * (0.004229999999999999 + (-0.040400000000000005 * arctan(((3.41 + (-24.900000000000002 * (-0.027403051165010864 + (0.9906865960511145 * x_9)))) + ((-7.01 + (3.2 * inv((0.437 + (0.07440000000000001 * (-0.037582608011145234 + (0.9993401832171055 * x_6))))))) - (-0.039 + (0.0325 * (0.008202063620804667 + (0.9965091232089126 * x_8)))))))))) * ((((0.9420000000000001 + (0.0302 * (-0.027403051165010864 + (0.9906865960511145 * x_9)))) - (0.0031 + (-0.931 * (0.021508000057596278 + (0.9976225312856856 * x_2))))) - (1.85 + (0.251 * (0.01923199185394909 + (1.0038423878099012 * x_7))))) * (-0.635 + (-0.003 * (-0.006003778824579484 + (1.0087748641396674 * x_5))))))) - (0.10500000000000001 + (-0.14800000000000002 * (0.018254636074701108 + (0.9942750378113397 * x_4))))) + ((-0.24200000000000002 + (0.29300000000000004 * (0.004078747777071304 + (0.9820351885905952 * x_3)))) - (0.00241 + (0.317 * (0.009016765386932166 + (0.9975550945917872 * x_0)))))))
659_sleuth_ex1714,ok,7,NoRef,0.7568472000278516,1343.583878523456,74,11.602082252502441,,0.001,((6.0 + (1.1 * (-1.5864294781793549 + (0.23528616482898382 * x_5)))) * ((0.09000000000000001 + (60.0 * (-2.1195565262766687 + (0.06927618688108722 * x_0)))) + ((20.0 + (-0.6 * tan(((-0.02 + (0.9 * (-2.1027705487761197 + (0.0695497648082179 * x_2)))) + (0.09000000000000001 + (3.0 * (-2.7012166664995867 + (0.044775757746126514 * x_3)))))))) * ((88.0 + (-2.0 * (-1.085177167929372 + (0.031018261473926296 * x_4)))) + ((0.001 + (0.060000000000000005 * (-1.3342416419238172 + (0.1086628959150872 * x_1)))) * (-0.01 + (0.004 * (-0.9806249362272483 + (1.5947879644085274 * x_6)))))))))
663_rabe_266,ok,2,NoRef,0.991152946237319,4.909319366720116,54,11.741328954696655,,0.001,((-50.0 + (50.9 * (0.14484136487558028 + (0.028968272975116057 * x_0)))) + ((0.3 + (-0.09000000000000001 * (-1.9148542155126762 + (0.06963106238227913 * x_1)))) * ((0.9 + (-0.4 * (0.14484136487558028 + (0.028968272975116057 * x_0)))) * ((-6.0 + (-50.0 * (-1.9148542155126762 + (0.06963106238227913 * x_1)))) + (0.01 + (-9.0 * cos((9.700000000000001 + (-4.7 * (0.14484136487558028 + (0.028968272975116057 * x_0)))))))))))
665_sleuth_case2002,ok,6,BFGS,4.4130929466312807e-07,9.60511726002605,112,15.012512922286987,,0.001,(5.83556704142631 + (0.21475936665514786 * abs((((0.0001944611910625541 * tan((((((0.18314947724772557 + (4.531845798066974 * (-0.6642111641550715 + (2.1697564695732336 * x_3)))) * ((-6.811813865289038 + (-0.5357612307783516 * (-0.6642111641550715 + (2.1697564695732336 * x_3)))) * (0.05025176315484682 + (-0.04901628417837404 * inv((-0.42730986185976816 + (-1.0755168100029517 * (-0.5694947974514993 + (2.3254370895936227 * x_0))))))))) - (-0.0272416792782527 + (-2.5167580240197527 * (-7.778182412958265 + (0.1365408185699624 * x_4))))) * (7.133358220585505e-05 + (0.09832746754665994 * (-0.5694947974514993 + (2.3254370895936227 * x_0))))) * (-54.58084923097224 + (-1.0678917666823153 * (-0.5694947974514993 + (2.3254370895936227 * x_0))))))) + ((1.5011103140031865 + (-0.021858054358099725 * ((-0.009087956816877915 + (-0.05575347768695371 * (-1.9995832060131968 + (0.0717974429125403 * x_5)))))**3)) - (-1.5519403132175456 + (-45.51678714449787 * cos((-0.0383753706263216 + (0.43215400978910595 * (-0.9151502608861564 + (2.0078669903024626 * x_2))))))))) + (1.4913003140793852 + (-7.596454518755082e-05 * (-0.7071067811865475 + (2.1213203435596424 * x_1))))))))
666_rmftsa_ladata,ok,10,NoRef,0.4994548679987926,2.4315230771500715,147,16.105955123901367,,0.001,((0.061900000000000004 + (0.9810000000000001 * inv(((-0.048600000000000004 + (0.0883 * (-3.2431091529575657 + (0.9419701858187693 * x_5)))) - (((0.00696 + (0.00439 * (-7.906331305186756 + (0.10670741666151873 * x_2)))) + (-0.00843 + (0.055600000000000004 * (-3.2431091529575657 + (0.9419701858187693 * x_5))))) - ((17.1 + (-0.47200000000000003 * inv((((0.0893 + (-71.2 * (-3.3483486236896987 + (0.06797828569246922 * x_9)))) * (-0.376 + (-32.6 * sqrt((0.5670000000000001 + (0.00067 * (-1.860383418830298 + (0.22141754360553986 * x_8)))))))) - (4.43 + (-0.00307 * (-2.2523529244541303 + (0.24606332236205597 * x_4)))))))) * (0.5640000000000001 + (0.167 * sin((-0.00967 + (-20.1 * (-9.53752739277275 + (0.10189589818207269 * x_1))))))))))))) * (((-0.00792 * inv((-0.00592 + (0.036800000000000006 * (-3.8354583612121833 + (0.07161043279702374 * x_7)))))) - ((0.907 + (0.00404 * (-2.8651998268107124 + (0.2441512028573268 * x_6)))) * (-6.140000000000001 + (-0.00481 * (-3.8354583612121833 + (0.07161043279702374 * x_7)))))) + ((-0.025900000000000003 + (-0.0273 * (-5.011682575607894 + (0.08680026844289343 * x_3)))) + (0.883 + (67.6 * exp((-0.665 + (0.331 * (-11.545971418891767 + (0.06591093670668177 * x_0))))))))))
678_visualizing_environmental,ok,3,BFGS,0.0034899216725505777,3.5369609441023626,80,7.707182884216309,,0.001,(((-63.31085779368292 + (-8.199984227605405 + (0.1054080196021077 * x_2))) + ((((-87.33418523078969 + (-8.199984227605405 + (0.1054080196021077 * x_2))) - (5.880185150691368 + (-3.337226361803618 * (-1.2708878931061365 + (0.03018800687669188 * x_0))))) * ((1.1028963133796663 + (8.259881523045191 * inv((-1.7941512853402297 + (-3.2786679644371586 * inv((-9.283138960994362 + (0.01320660478655073 * cos((-54.14618843773737 + (63.53554798473692 * (-2.0365904670492747 + (0.011020403736287696 * x_1))))))))))))) + (2.5685963414425284 + (-0.00018102627172880608 * (-2.0365904670492747 + (0.011020403736287696 * x_1)))))) + (7.899142245126932 + (3.272617121906232 * (-1.2708878931061365 + (0.03018800687669188 * x_0)))))) * (0.07278065869696193 + (0.002387289808249385 * (-1.2708878931061365 + (0.03018800687669188 * x_0)))))
687_sleuth_ex1605,ok,5,NoRef,0.41331502751422133,11.674459024991934,89,8.611636877059937,,0.001,(((-3.7 + (0.921 * sin((-0.038000000000000006 + (0.00146 * abs((48.9 + (-95.8 * inv((-0.00033999999999999997 + (-0.00156 * (-5.422613168093948 + (0.06312467450653864 * x_1))))))))))))) * ((-0.0656 + (-0.00534 * arctan(((-4.19 + (-9.76 * (-8.944849837562757 + (0.07735816570356965 * x_2)))) * (4.1 + (0.00631 * (-4.273294241464471 + (0.34678565833873976 * x_0)))))))) + (0.596 + (0.00156 * ((-80.0 + (6.9 * (-8.688995392983172 + (0.07749104061636315 * x_3)))))**2)))) - ((7.930000000000001 + (0.29200000000000004 * (-8.688995392983172 + (0.07749104061636315 * x_3)))) + (-0.0142 + (-90.9 * log((5.54 + (0.52 * (-8.4556341730914 + (0.07385873749389502 * x_4)))))))))
690_visualizing_galaxy,ok,4,NoRef,0.8515945824355934,37.706092493896726,47,17.193984985351562,,0.001,(((30.0 + (0.00041221357154477725 + (0.041221155529185684 * x_3))) + (0.02 + (-0.9 * (-0.014811247445722082 + (0.04714572537817882 * x_1))))) * (53.1 + (1.5 * sin(((-0.030000000000000002 + (3.0 * (0.048534005474465805 + (0.08506574559780157 * x_0)))) + (0.01 + (0.9 * cos((0.01 + (-90.0 * (-2.3138420620132027 + (0.025977793443507386 * x_2))))))))))))
706_sleuth_case1202,ok,6,NoRef,0.5554771447154796,60.30978669969332,100,15.313639402389526,,0.001,(((-0.764 * abs((((-3.85 + ((0.539 + (-0.00157 * ((88.4 + (-0.5700000000000001 * inv((-0.1 + (-0.8250000000000001 * (-5.8387321233516065 + (0.0005617999057339651 * x_1))))))))**2)))**2) - (-0.459 + (-31.400000000000002 * abs((0.511 + (72.4 * cos((0.0347 + (-6.79 * (-2.1314423186227427 + (1.011347630775077 * x_5))))))))))) * (0.0070999999999999995 + (0.005059999999999999 * (-3.4018077595745577 + (0.007170790852930344 * x_4))))))) * ((-0.7160000000000001 + (0.9530000000000001 * (-1.3806701271484079 + (2.1049560954885562 * x_2)))) - ((5.82 + (-0.0072299999999999994 * (-8.067036718120427 + (0.09804422566455824 * x_3)))) - (-5.25 + (0.048 * cos((56.6 + (-1.68 * (-7.68010058678442 + (0.0014169083984426412 * x_0)))))))))) + (-0.00074 + (-0.269 * (-3.4018077595745577 + (0.007170790852930344 * x_4)))))
712_chscase_geyser1,ok,2,BFGS,0.6835953087071225,7.09983725718528,80,15.6802499294281,,0.001,((-67.40000327049715 + (-8.779981397128168 * (-3.3935425619618167 + (0.94461866768293 * x_1)))) * ((-25.200002239630717 + (0.014844565589351382 * (-3.3935425619618167 + (0.94461866768293 * x_1)))) * (0.010972863286664107 + (0.004754809011745468 * log((22.30000017309305 + (7.820001281112274 * abs((((0.06290661714777937 * inv((-0.00255409080153337 + (0.009663384059329046 * (-3.3935425619618167 + (0.94461866768293 * x_1)))))) - (-0.02240029206607225 + (82.6000004342349 * cos(((-85.59984852418043 + (-0.07472006063632597 * abs((-4.18998857727029 + (-1.5024884050165992 + (0.13469192335424468 * x_0)))))) * (2.685276989345211 + (-0.2859115511848524 * (-1.5024884050165992 + (0.13469192335424468 * x_0))))))))) + (-11.19999970793393 + (-9.209999560755206 * (-3.3935425619618167 + (0.94461866768293 * x_1)))))))))))))
feynman_III_10_19,ok,4,NoRef,0.9826483567661154,0.9477550989525607,69,16.52605676651001,,0.001,((0.23 + (0.08600000000000001 * (-2.673971965623433 + (0.8898553227888648 * x_0)))) * ((68.4 + (8.2 * (-2.5928212263706856 + (0.8757205925655337 * x_1)))) - ((-0.1 + (-7.8 * (-2.6890810491196837 + (0.8961237359346407 * x_2)))) + ((0.09000000000000001 + (-0.02 * (-2.6890810491196837 + (0.8961237359346407 * x_2)))) * ((-0.1 + (-92.3 * (-2.7632761273837882 + (0.8839173948987078 * x_3)))) + ((0.01 + (-2.0 * (-2.5928212263706856 + (0.8757205925655337 * x_1)))) * (0.1 + (-9.9 * (-2.7632761273837882 + (0.8839173948987078 * x_3))))))))))
feynman_III_12_43,ok,2,NoRef,0.9998423177105904,0.010285689623610606,29,8.35407829284668,,0.001,((0.06520000000000001 + (0.025200000000000004 * (-2.5465486207773664 + (0.8639978684630047 * x_1)))) * ((1.18 + (-0.532 * (-2.6600860698602395 + (0.8787782072695123 * x_0)))) + (20.7 + (8.69 * (-2.6600860698602395 + (0.8787782072695123 * x_0))))))
feynman_III_13_18,ok,4,NoRef,0.9966332301952715,32.078912950440646,75,14.646716833114624,,0.001,((24.2 + (9.33 * (-2.559111498086225 + (0.8438989755780321 * x_0)))) * (((0.026500000000000003 + inv((2.4 + (-2.4699294639154807 + (0.8560964559950999 * x_3))))) * (0.734 + (0.3 * (-2.557360784962865 + (0.8860604608557809 * x_2))))) * ((-0.41500000000000004 + (-0.9530000000000001 * (-2.557360784962865 + (0.8860604608557809 * x_2)))) - ((38.7 + (-0.00049 * (-2.559111498086225 + (0.8438989755780321 * x_0)))) * ((-0.00943 + (0.00231 * (-2.557360784962865 + (0.8860604608557809 * x_2)))) + (0.902 + (-3.87 * exp((-0.652 + (0.451 * (-2.538907955679724 + (0.8360455927136513 * x_1))))))))))))
feynman_III_14_14,ok,5,NoRef,0.9396564874909616,1.7457731748471852,72,15.609000205993652,,0.001,((0.006999999999999999 + (0.00248 * (-2.668504578371374 + (0.895141141763398 * x_0)))) * ((-0.11800000000000001 + (8.85 * inv(((0.0297 + (0.008839999999999999 * (-5.170473117636555 + (3.4111455044222505 * x_3)))) * ((-2.74 + (-0.0609 * (-5.170473117636555 + (3.4111455044222505 * x_3)))) - (((-0.184 * (-4.857485252493451 + (3.2877290201094715 * x_1))) - (-0.0369 + (-0.0683 * (-5.1655723252122225 + (3.434279417769823 * x_4))))) + (-1.75 + (0.163 * (-5.1655723252122225 + (3.434279417769823 * x_4)))))))))) * (-2.7600000000000002 + (-0.798 * (-5.111852970749168 + (3.3644339378306247 * x_2))))))
feynman_III_15_12,ok,3,BFGS,0.1515711651423478,4.508394563747897,42,15.921048164367676,,0.001,(((0.09945387927803265 + (-2.6957874627590446 + (0.884057098270909 * x_0))) + (2.904483879278033 + (-0.16664410478238317 * (-2.7555269573611176 + (0.9149371100073108 * x_1))))) * (2.058996640848803 + (0.45899347618023006 * cos(((-0.06656631236100678 + (-0.07832414539225432 * (-2.433749339868416 + (0.8313595104823411 * x_2)))) + (-0.07162631236100679 + (55.686537339975175 * (-2.6957874627590446 + (0.884057098270909 * x_0)))))))))
feynman_III_15_14,ok,3,NoRef,0.968588021725409,0.0037625880241883036,49,16.568825483322144,,0.001,((0.001 + (0.0005 * (-2.34578704306449 + (0.8008218224036182 * x_0)))) * (-0.1 + (0.9 * ((0.02 + (-9.0 * inv(((0.2 + (0.07500000000000001 * (-2.600944791990059 + (0.8402356442102845 * x_2)))) * ((-22.0 + (3.0 * (-2.34578704306449 + (0.8008218224036182 * x_0)))) + (0.1 + (-4.7 * (-2.7086572108381093 + (0.888939095052541 * x_1))))))))))**2)))
feynman_III_15_27,ok,3,NoRef,0.9988939659389715,0.09024714300501407,47,13.208041667938232,,0.001,(((2.66 + (-2.4879626933927046 + (0.833693497064789 * x_0))) + (-0.0815 + (-0.05620000000000001 * arctan((-0.341 + (-0.00163 * (-2.533070086737555 + (0.8625339673768139 * x_2)))))))) * (-0.07640000000000001 + (-30.3 * inv(((2.06 + (0.8 * (-2.4893777348254535 + (0.8762245096472185 * x_1)))) * (-15.6 + (-6.0 * (-2.533070086737555 + (0.8625339673768139 * x_2)))))))))
feynman_III_17_37,ok,3,NoRef,0.9808507697486226,0.7389839072271172,65,21.264357328414917,,0.001,(((92.3 + (-2.5686713329782953 + (0.862001671169859 * x_1))) + ((-0.0741 + (-5.57 * cos((-0.09200000000000001 + (-2.551596122504234 + (0.8474189011325017 * x_2)))))) * (31.900000000000002 + (9.88 * (-2.5686713329782953 + (0.862001671169859 * x_1)))))) * ((0.0756 + (-0.00688 * inv(((-0.08220000000000001 + (1.0 * (-2.491499110603535 + (0.8386271442685918 * x_0)))) + (-3.42 + (0.18000000000000002 * (-2.5686713329782953 + (0.862001671169859 * x_1)))))))) * (0.808 + (0.328 * (-2.491499110603535 + (0.8386271442685918 * x_0))))))
feynman_III_19_51,ok,5,NoRef,0.7131134769554082,0.9771794973984048,93,15.893625497817993,,0.001,(((2.77 + (-2.7193729315376136 + (0.8742168644608117 * x_0))) + (0.00937 + (-0.0023699999999999997 * (-2.7193729315376136 + (0.8742168644608117 * x_0))))) * (9e-05 + (-0.00941 * ((((-0.047200000000000006 + ((-3.54 + (-0.44 * (-2.7325304403218103 + (0.9024643506596678 * x_1)))))**2) - (5.37 + (0.00631 * ((18.400000000000002 + (0.0087 * (-2.6537424167771304 + (0.8886083008934242 * x_3)))))**2))) * (-0.009859999999999999 + (5.44 * inv((((2.74 + (-2.712534670836872 + (0.9145791987347105 * x_2))) - (-0.629 + (0.00101 * (-2.712534670836872 + (0.9145791987347105 * x_2))))) * ((-4.05 + (-1.47 * (-2.6537424167771304 + (0.8886083008934242 * x_3)))) * (-1.34 + (-0.447 * (-2.6622629714337247 + (0.9132238574171417 * x_4)))))))))))**2)))
feynman_III_21_20,ok,4,NoRef,0.9951907569751136,0.9257578585048042,42,15.04340672492981,,0.001,(((2.6 + (-2.5656360395809217 + (0.8550844648633008 * x_2))) * (0.2 + (0.08 * (-2.4948596073666858 + (0.8712831628673021 * x_0))))) * ((0.2 + (0.07600000000000001 * (-2.6240687793748685 + (0.8890183185341883 * x_1)))) * (-0.01 + (-0.6 * inv((0.007699999999999999 + (0.003 * (-2.545412639486553 + (0.8474318891943581 * x_3)))))))))
feynman_III_4_32,ok,4,NoRef,0.9952400840168445,0.5461477185801125,62,18.256405115127563,,0.001,(((0.0023 + inv(((0.08120000000000001 + (0.030000000000000002 * (-2.612511512350074 + (0.8627753949982891 * x_1)))) * (-0.639 + (-0.234 * (-2.784131327119264 + (0.9215893303699773 * x_0))))))) + ((0.00482 + (-0.155 * (-2.612511512350074 + (0.8627753949982891 * x_1)))) * (-0.028700000000000003 + (-0.185 * (-2.612511512350074 + (0.8627753949982891 * x_1)))))) * ((49.7 + (21.3 * (-2.6174887738802006 + (0.8670829091630897 * x_3)))) * (-0.00629 + (-0.00247 * (-2.6466365775727345 + (0.8707401267392567 * x_2))))))
feynman_III_4_33,ok,4,NoRef,0.9995786629258985,0.09757294221797559,67,19.20485210418701,,0.001,(((-0.008199999999999999 + (-0.183 * (-2.5251798266511916 + (0.8626981754077024 * x_0)))) - ((0.24700000000000003 + (0.09230000000000001 * (-2.866571611099702 + (0.9433028392921154 * x_3)))) * ((8.76 + (-0.009729999999999999 * (-2.866571611099702 + (0.9433028392921154 * x_3)))) - (41.6 + (13.4 * (-2.60734931142082 + (0.9073764005796643 * x_2))))))) - (((-1.97 * (-2.5251798266511916 + (0.8626981754077024 * x_0))) * (-0.05840000000000001 + (-0.05500000000000001 * (-2.772789939599442 + (0.8864830640187504 * x_1))))) + (0.020700000000000003 + (0.23600000000000002 * (-2.772789939599442 + (0.8864830640187504 * x_1))))))
feynman_III_7_38,ok,3,NoRef,0.9996832926360231,0.6840128943464037,57,17.261744737625122,,0.001,((-0.044300000000000006 + (0.501 * (-2.809767375781024 + (0.9075827176016882 * x_1)))) + ((((2.91 + (-2.809767375781024 + (0.9075827176016882 * x_1))) * (0.34400000000000003 + (-0.00679 * inv((64.6 + (-0.00475 * (-2.402628220576974 + (0.8031476298129983 * x_2)))))))) * (-0.791 + (82.2 * inv((0.81 + (0.335 * (-2.402628220576974 + (0.8031476298129983 * x_2)))))))) * (0.39 + (0.14500000000000002 * (-2.7136530652251984 + (0.8943526615139876 * x_0))))))
feynman_III_8_54,ok,3,BFGS,2.2742467268521693e-05,0.3505198908568089,62,5.694504022598267,,0.001,(0.4816002914594686 + (0.6892689602619255 * ((-6.41627003566552e-05 + (-0.014339536942294673 * cos(((-0.27681874569012266 + (-0.017792468966649978 * (-5.232329981974955 + (3.4582056648935673 * x_0)))) + (46.60018125430988 + (0.03580205381151345 * ((((3.254041378060117 * (-2.957250588126034 + (1.1919718312766996 * x_2))) + (-4.969863038745564 + (-0.01855862193988566 * (-2.957250588126034 + (1.1919718312766996 * x_2))))) + ((-3.049863038745565 + (9.05226534552218 * (-5.0517738838657475 + (3.3789723250614414 * x_1)))) - (69.69986303874552 + (-0.034412229506066136 * (-5.232329981974955 + (3.4582056648935673 * x_0)))))))**2)))))))**2))
feynman_III_9_52,ok,6,NoRef,0.5850259759844267,9.549124270130966,103,15.450552225112915,,0.001,(((3.67 + (-3.302270063999335 + (1.711027822918682 * x_0))) * (0.08020000000000001 + (0.0042699999999999995 * (-3.466680730085183 + (1.7080804821447886 * x_2))))) * (0.0037199999999999998 + (0.554 * ((((0.218 + (-3.3150879840966465 + (1.6834333936891284 * x_3))) - (6.16 + (0.996 * (-3.282722642559414 + (1.6493480484584218 * x_1))))) * ((-0.0037199999999999998 + (0.617 * cos(((-0.35000000000000003 + (0.74 * (-2.575743190255727 + (0.8722576541805873 * x_4)))) + ((8.59 + (57.5 * inv((-9.03 + (-2.575743190255727 + (0.8722576541805873 * x_4)))))) * (0.0016099999999999999 + (-0.35200000000000004 * (-2.734929250040047 + (0.899503571822635 * x_5))))))))) * (0.00645 + (-0.048600000000000004 * abs(((0.8390000000000001 + (0.041800000000000004 * (-3.466680730085183 + (1.7080804821447886 * x_2)))) * (-85.0 + (-6.2 * (-3.466680730085183 + (1.7080804821447886 * x_2)))))))))))**2)))
feynman_II_10_9,ok,3,NoRef,0.9989853749953466,0.006928980581282488,34,13.440473794937134,,0.001,((0.02 + (0.0081 * (-2.4407479823350755 + (0.8808833990454653 * x_0)))) * (-1.0 + (9.0 * inv(((0.02 + (0.0073999999999999995 * (-2.595419809290695 + (0.8588576606135521 * x_1)))) * (35.5 + (9.3 * (-2.6474767240232993 + (0.8825746761428329 * x_2)))))))))
feynman_II_11_20,ok,5,NoRef,0.9600150819575812,1.476007110939617,67,15.92054009437561,,0.001,((((-0.00575 + (-2.594902082535144 + (0.8534005543784765 * x_1))) + ((0.7190000000000001 + (0.255 * (-2.539565017471692 + (0.8482516330389377 * x_2)))) * (-0.00494 + (0.00722 * ((0.24500000000000002 + (6.26 * inv(((5.88 + (1.6 * (-2.457523520153069 + (0.8701539172876223 * x_4)))) * (0.018000000000000002 + (0.00438 * (-2.6316919296321113 + (0.8710897992152611 * x_3)))))))))**2)))) * (0.04020000000000001 + (0.0154 * (-2.4569814526637677 + (0.8240340107265285 * x_0))))) * (5.2 + (2.72 * (-2.594902082535144 + (0.8534005543784765 * x_1)))))
feynman_II_11_27,ok,4,NoRef,0.9908203693238753,0.055560609255287136,57,15.54098129272461,,0.001,((55.6 + (33.4 * (-1.7252785901711232 + (3.536305764059484 * x_1)))) * ((((5.15 + (-5.046769784936528 + (3.418189540060406 * x_2))) * (0.048100000000000004 + (0.00932 * (-5.0422201628750365 + (3.42921855514138 * x_3))))) * (-46.7 + (-0.684 * (-1.648775206320855 + (3.466849046719344 * x_0))))) * ((-0.00859 + (-0.0052 * (-1.648775206320855 + (3.466849046719344 * x_0)))) * (0.0989 + (0.00546 * (-1.7252785901711232 + (3.536305764059484 * x_1)))))))
feynman_II_11_28,ok,2,NoRef,0.9949498190287481,0.02180309572666227,29,20.168811321258545,,0.001,(1.0 + (0.9 * inv((-0.4 + (-9.0 * inv(((0.2 + (0.12000000000000001 * (-1.8075189031076848 + (3.462610195906584 * x_1)))) * (-11.9 + (-6.7 * (-1.6870985985358635 + (3.439169193273224 * x_0)))))))))))
feynman_II_11_3,ok,5,NoRef,0.9947177880277811,0.009253196772498704,52,15.094156980514526,,0.001,(((3.6 + (-3.4858296098647474 + (1.725550340478727 * x_0))) * (0.02 + (0.0055 * (-3.639820054101914 + (1.8353488983603912 * x_1))))) * (0.001 + (0.9 * inv(((0.2 + (0.060000000000000005 * (-3.4159175484317243 + (1.6763635427586012 * x_2)))) * ((2.3000000000000003 + (0.73 * (-6.973914079319447 + (1.7326948094237948 * x_3)))) - (0.01 + (0.14 * (-5.529314466884249 + (3.5626460506029085 * x_4))))))))))
feynman_II_13_17,ok,4,NoRef,0.9761598309871032,0.003961630953364165,77,12.432924509048462,,0.001,(((0.00874 + inv(((-0.024800000000000003 + (-0.0097 * (-2.4024694168052316 + (0.8219116109543148 * x_3)))) * ((-8.78 + (-4.12 * (-2.753414723144747 + (0.8791399948500996 * x_1)))) * (-6.0600000000000005 + (-2.17 * (-2.7051143752950964 + (0.8640897171000568 * x_0)))))))) - (0.068 + (0.0030399999999999997 * inv((((-31.3 + (9.57 * (-2.4024694168052316 + (0.8219116109543148 * x_3)))) * (-67.5 + (-0.557 * (-2.652627881283846 + (0.864138855771416 * x_2))))) - (0.0543 + (0.0006 * (-2.753414723144747 + (0.8791399948500996 * x_1))))))))) * (-0.009559999999999999 + (-0.0035099999999999997 * (-2.652627881283846 + (0.864138855771416 * x_2)))))
feynman_II_13_23,ok,3,NoRef,0.9992935867268642,0.03149293774432391,44,11.713438034057617,,0.001,((0.00163 + (-0.0907 * (-2.6798415562573763 + (0.9000715575381649 * x_0)))) + ((2.75 + (0.384 * inv(((0.373 + (-0.23800000000000002 * (-5.26677435569427 + (3.4475216888865052 * x_1)))) - (-1.7 + (-0.7200000000000001 * (-3.3391022807239796 + (0.5111737659041323 * x_2)))))))) * (1.04 + (0.42200000000000004 * (-2.6798415562573763 + (0.9000715575381649 * x_0))))))
feynman_II_13_34,ok,3,NoRef,0.9941162630276468,0.15610090758168288,72,16.343231678009033,,0.001,((0.066 + (0.024700000000000003 * (-2.635228193647432 + (0.8916572161096509 * x_0)))) * ((0.42000000000000004 + (0.030400000000000003 * (-2.635228193647432 + (0.8916572161096509 * x_0)))) - ((((-64.8 * inv(((0.10300000000000001 + (3.9 * (-2.9141559673417166 + (0.46292076127847 * x_2)))) - (-9.14 + (0.561 * (-4.940481638693344 + (3.3437624554237626 * x_1))))))) - (0.325 + (-0.00275 * (-4.940481638693344 + (3.3437624554237626 * x_1))))) + (-60.5 + (0.932 * (-4.940481638693344 + (3.3437624554237626 * x_1))))) + (0.0065 + (-15.0 * (-4.940481638693344 + (3.3437624554237626 * x_1)))))))
feynman_II_15_4,ok,3,NoRef,0.9988689769015218,0.1772770612824941,32,12.797138214111328,,0.001,(((2.7 + (-2.6459797016564632 + (0.8727188941478409 * x_1))) * (0.2 + (0.08 * (-2.555131165694161 + (0.8589482126346254 * x_0))))) * (0.1 + (16.3 * cos((0.14 + (-1.2 * (-2.5228635593411757 + (0.8363867496115811 * x_2))))))))
feynman_II_15_5,ok,3,NoRef,0.9957668456320242,0.3336364674478663,70,14.851719379425049,,0.001,(((-0.17 + cos((-0.0014299999999999998 + (-2.7404864706467325 + (0.873550869340621 * x_2))))) * ((((-97.60000000000001 + (-4.0 * (-2.623128343020264 + (0.8714830687709064 * x_0)))) + (-67.2 + (-60.300000000000004 * (-2.623128343020264 + (0.8714830687709064 * x_0))))) - ((0.3 + (3.7 * (-2.7404864706467325 + (0.873550869340621 * x_2)))) - (0.40700000000000003 + (0.044800000000000006 * (-2.623128343020264 + (0.8714830687709064 * x_0)))))) - (0.0094 + (-2.56 * (-2.516678448150414 + (0.8505212082765151 * x_1)))))) * (-0.0651 + (-0.024 * (-2.516678448150414 + (0.8505212082765151 * x_1)))))
feynman_II_21_32,ok,5,NoRef,0.9836667275960692,0.005413901707803942,79,14.592240571975708,,0.001,((-0.551 + (-0.028 * (-5.01141599607414 + (3.34417291403035 * x_3)))) * ((0.009009999999999999 + (98.7 * inv(((3.83 + (1.59 * (-2.6284161408483433 + (0.8564019147978089 * x_1)))) * (24.5 + (9.53 * (-2.593522633521764 + (0.8605783448462752 * x_2)))))))) * ((6.17 + (0.252 * exp(((0.648 + (-0.789 * (-3.2988724247793657 + (0.5058211443179642 * x_4)))) - ((-0.00455 + (0.733 * (-3.2988724247793657 + (0.5058211443179642 * x_4)))) + (0.232 + (-0.050600000000000006 * (-5.01141599607414 + (3.34417291403035 * x_3))))))))) * (-0.00747 + (-0.0028599999999999997 * (-2.66672674421076 + (0.8799980575686334 * x_0)))))))
feynman_II_24_17,ok,3,NoRef,0.9830802160675982,0.11251144249917297,49,15.349771976470947,,0.001,((0.060000000000000005 + (0.0075 * (-8.642683837968443 + (1.736310748726112 * x_0)))) * ((0.009 + (0.9 * sqrt((0.09000000000000001 + (9.0 * ((0.001 + (-0.9 * inv((0.046000000000000006 + (0.0094 * (-5.098632543293196 + (3.429833828411375 * x_1))))))))**2))))) + (-0.2 + (-3.0 * exp((-0.9 + (-0.9 * (-5.185707443394292 + (1.7511117255798525 * x_2)))))))))
feynman_II_27_16,ok,3,NoRef,0.9992057660320557,2.5104357680079166,40,10.94664192199707,,0.001,(((-0.00728 + ((2.6 + (-2.587341142699831 + (0.8786098444979417 * x_2))))**2) * (-1.46 + (-0.562 * (-2.596743687374026 + (0.8682775866518997 * x_0))))) * ((-8.75 + (-3.0 * (-2.9070459506860526 + (0.9221130424024399 * x_1)))) - (-0.508 + (-0.00971 * (-2.596743687374026 + (0.8682775866518997 * x_0))))))
feynman_II_27_18,ok,2,NoRef,0.999975277377698,0.11062223609859377,22,9.801199674606323,,0.001,((0.109 + (22.1 * ((2.7800000000000002 + (-2.778749929216607 + (0.9202757116769661 * x_1))))**2)) * (0.164 + (0.05720000000000001 * (-2.854039588936294 + (0.9313688748574931 * x_0)))))
feynman_II_2_42,ok,5,NoRef,0.9993698307509936,0.20096152125486655,52,14.491360187530518,,0.001,(((2.5 + (-2.5324236435326513 + (0.8576874007117519 * x_0))) * ((0.02 + (0.006999999999999999 * (-2.8444438062869346 + (0.9035352009803069 * x_3)))) * ((0.1 + (0.9 * (-2.47728704926582 + (0.8237116622497856 * x_2)))) + (0.01 + (-0.8400000000000001 * (-2.4653835903384924 + (0.8610943117784253 * x_1))))))) * (0.01 + (0.8 * inv((0.009 + (0.0034 * (-2.56184837158364 + (0.8868667655691996 * x_4))))))))
feynman_II_34_11,ok,4,NoRef,0.998710781830968,0.18172338840673782,102,12.912750005722046,,0.001,((0.18000000000000002 + (-0.00598 * (-2.546466339622496 + (0.8415241486134336 * x_2)))) * ((-0.43 + (-0.187 * (-2.546466339622496 + (0.8415241486134336 * x_2)))) * ((-0.0738 + (-0.029800000000000004 * (-2.4185743585385087 + (0.8288773353226235 * x_0)))) * ((((-19.0 * (-2.7443676432466564 + (0.9199324290158198 * x_1))) - (((52.7 + (-0.016800000000000002 * (-2.7443676432466564 + (0.9199324290158198 * x_1)))) + (0.0302 + (20.400000000000002 * cos((0.0989 + (-0.513 * (-2.4185743585385087 + (0.8288773353226235 * x_0)))))))) - (-0.7220000000000001 + (0.128 * (-2.4185743585385087 + (0.8288773353226235 * x_0)))))) + (0.07150000000000001 + (82.9 * abs((75.10000000000001 + (26.7 * (-2.7443676432466564 + (0.9199324290158198 * x_1)))))))) * (-0.0031799999999999997 + (0.07250000000000001 * inv((0.5750000000000001 + (0.219 * (-2.624623356535676 + (0.8656711223164797 * x_3)))))))))))
feynman_II_34_2,ok,3,NoRef,0.9998249465364069,0.15184652260039003,27,8.161051511764526,,0.001,(((2.7 + (-2.6504816977325447 + (0.8726425668692686 * x_0))) * (0.060000000000000005 + (0.023000000000000003 * (-2.602940375995324 + (0.8496500991704193 * x_1))))) * (87.8 + (33.6 * (-2.593258549923045 + (0.8476444061960484 * x_2)))))
feynman_II_34_29a,ok,3,NoRef,0.9975968124747839,0.010053878904742453,52,11.261161088943481,,0.001,(((-0.193 + inv((0.0809 + (0.031000000000000003 * (-2.5921353812207917 + (0.8811099449187398 * x_2)))))) - (0.00633 + (0.00518 * (-2.6340162306931827 + (0.8915777577347517 * x_0))))) * ((0.00217 + (0.00082 * (-2.6340162306931827 + (0.8915777577347517 * x_0)))) * ((-8.11 + (0.041600000000000005 * (-2.6340162306931827 + (0.8915777577347517 * x_0)))) + (17.5 + (3.7 * (-2.614432269470226 + (0.8616494128817651 * x_1)))))))
feynman_II_34_29b,ok,5,NoRef,0.9984798332312007,8.405803294009422,52,21.012808561325073,,0.001,(((2.3000000000000003 + (-2.3522871959349114 + (0.8097388077046674 * x_4))) * ((0.2 + (0.08 * (-2.5531194930605294 + (0.8789899049582045 * x_0)))) * (2.0 + (0.8 * (-2.5155816435325256 + (0.8566223922776196 * x_3)))))) * ((2.0 + (0.75 * (-2.6979419603958954 + (0.9090787910735363 * x_2)))) * (0.001 + (0.8 * inv((0.01 + (0.004 * (-2.580173613126937 + (0.8625475822840215 * x_1)))))))))
feynman_II_34_2a,ok,3,NoRef,0.9986932151404289,0.017478087849285246,32,12.816579341888428,,0.001,((-0.5730000000000001 + (-0.22 * (-2.5836604135273715 + (0.8398765027159596 * x_1)))) * ((0.87 + (-35.5 * inv((2.6 + (-2.595184874485386 + (0.8744180518029964 * x_2)))))) * (0.06670000000000001 + (0.023600000000000003 * (-2.7480241256459648 + (0.9048374383921544 * x_0))))))
feynman_II_35_18,ok,5,NoRef,0.9345671199941988,0.0783614931868634,59,7.273057222366333,,0.001,(0.002 + (0.00019999999999999998 * (((70.0 + (9.3 * (-3.4918091935735216 + (1.6972309630916704 * x_0)))) - ((0.1 + (-0.04 * (-3.579403689568145 + (1.7747930310678999 * x_2)))) * (0.01 + (90.0 * exp(((0.5 + (0.4 * (-3.273392609849695 + (1.652817435825319 * x_3)))) + ((-0.01 + (0.34 * (-3.7134592839832528 + (1.8246293748275135 * x_4)))) + (-0.01 + (-0.5 * (-3.219763489368215 + (1.6753593121119754 * x_1))))))))))))**2))
feynman_II_35_21,ok,5,NoRef,0.9666377060650286,0.8924535294702078,59,19.71379828453064,,0.001,((0.2 + (0.07500000000000001 * (-2.6574893155775725 + (0.8639895682372307 * x_0)))) * (2.0 + (0.006999999999999999 * (((90.0 + (20.0 * (-2.585304710315294 + (0.8870094272288953 * x_1)))) + (-9.9 + (-0.002 * (((80.0 + (19.7 * (-2.7937445951572557 + (0.9077777236188819 * x_4)))) - ((-0.3 + (27.900000000000002 * (-2.7110096708122233 + (0.875131425217154 * x_2)))) + (-0.3 + (-22.7 * (-2.658226127563016 + (0.8861982062595278 * x_3)))))))**2))))**2)))
feynman_II_36_38,ok,8,NoRef,0.8275872199341439,0.3998297571294556,80,20.319082498550415,,0.001,(-0.4 + (9.0 * inv(((0.030000000000000002 + (0.006999999999999999 * (-3.471793038256991 + (1.7179484625381287 * x_3)))) * (((-6.0 + (-3.512647543149536 + (1.747231500909104 * x_1))) + (0.1 + (-1.3 * (-3.644144276541765 + (1.820082555589773 * x_2))))) * ((-34.0 + (1.4000000000000001 * (-3.49247493142665 + (1.7662338946626293 * x_4)))) + ((3.0 + (1.8 * (-3.4549198528908147 + (1.7383908466088813 * x_7)))) + (((0.2 + (-3.673547657995394 + (1.8008360979627651 * x_5))) + (-0.2 + (-5.5 * (-3.25539613447203 + (1.6780200106390297 * x_0))))) * (-1.4000000000000001 + (0.3 * (-3.6925070047132977 + (1.818762469791632 * x_6))))))))))))
feynman_II_37_1,ok,3,NoRef,0.9996998221045611,0.4061232034503713,27,9.220180034637451,,0.001,(((2.5 + (-2.4748604028134427 + (0.8522855070971659 * x_0))) * (0.2 + (0.060000000000000005 * (-2.5838719309788227 + (0.8503387114696592 * x_2))))) * (72.7 + (27.400000000000002 * (-2.624301235128215 + (0.8456908079177562 * x_1)))))
feynman_II_38_14,ok,2,NoRef,0.9998365154733275,0.0029054762863919667,62,3.8864939212799072,,0.001,(((0.00806 + arctan((0.367 + (0.0018399999999999998 * sqrt((0.8130000000000001 + (0.28200000000000003 * (-2.5507774690309435 + (0.8335657750653932 * x_0))))))))) + ((0.046000000000000006 + (0.12100000000000001 * sqrt((0.0536 + (0.017 * ((-0.05740000000000001 + (0.036000000000000004 * (-2.5507774690309435 + (0.8335657750653932 * x_0)))))**2))))) + (-0.05620000000000001 + (0.15 * (-2.5507774690309435 + (0.8335657750653932 * x_0)))))) * (-0.0056 + (1.58 * inv((1.6 + (0.454 * (-2.680159988684729 + (0.8643223760263921 * x_1))))))))
feynman_II_38_3,ok,4,NoRef,0.9982956995728872,0.3655852035120722,52,12.738481760025024,,0.001,((((-9.82 + (-2.616783341122097 + (0.8781832314186395 * x_3))) - (-5.62 + (47.300000000000004 * inv((0.9580000000000001 + (0.36200000000000004 * (-2.697549234125539 + (0.8870470474820004 * x_2)))))))) * (2.52 + (1.05 * (-2.495679074949545 + (0.8362537246328503 * x_0))))) * ((0.0097 + (0.00376 * (-2.616783341122097 + (0.8781832314186395 * x_3)))) * (-6.6000000000000005 + (-2.42 * (-2.5857619137828576 + (0.8827117374437846 * x_1))))))
feynman_II_3_24,ok,2,NoRef,0.999522212193857,0.0012723588133798753,29,7.0747106075286865,,0.001,((0.00842 + (0.00332 * (-2.5176695361224137 + (0.8572007920001259 * x_0)))) * (-0.0417 + (0.0733 * ((-0.367 + (0.0381 * inv((-0.00597 + (-0.00241 * (-2.4932298491024527 + (0.8505516213027529 * x_1))))))))**2)))
feynman_II_4_23,ok,3,NoRef,0.9960501161325785,0.0021653269487694597,54,9.204509019851685,,0.001,((-0.016300000000000002 + (-0.006 * (-2.726174070301242 + (0.8855813319350537 * x_0)))) * ((-0.09190000000000001 + (0.00233 * (-2.6450480349990975 + (0.875105235568507 * x_1)))) * ((-0.034100000000000005 + (0.0921 * (-2.833389203949172 + (0.92120344499104 * x_2)))) + (-0.028 + (-75.60000000000001 * inv(((68.60000000000001 + (25.3 * (-2.6450480349990975 + (0.875105235568507 * x_1)))) * (-0.06180000000000001 + (-0.020700000000000003 * (-2.833389203949172 + (0.92120344499104 * x_2)))))))))))
feynman_II_6_11,ok,4,NoRef,0.9915326112712235,0.0017967077365575858,52,12.312627792358398,,0.001,(((0.7000000000000001 + (-3.423012712168896 + (1.7317141236151294 * x_2))) * (0.030000000000000002 + (0.009 * (-3.412369198286662 + (1.7449053370848846 * x_1))))) * (0.1 + (-3.0 * inv(((0.2 + (0.08 * (-3.466501049439632 + (1.7135096701193169 * x_3)))) * ((33.0 + (1.9000000000000001 * (-3.423012712168896 + (1.7317141236151294 * x_2)))) + (0.2 + (7.7 * (-3.473970884806541 + (1.7576736275678213 * x_0))))))))))
feynman_II_6_15a,ok,6,NoRef,0.919679496633342,0.10276626577053162,79,12.706995725631714,,0.001,((-0.016300000000000002 + (-0.00514 * (-3.4212794043995127 + (1.7310890036930104 * x_1)))) * ((-0.657 + (-82.2 * ((0.895 + (3.58 * inv(((0.08810000000000001 + (0.0097 * (-3.3402239085436296 + (1.6902763339957814 * x_0)))) * ((-8.74 + (0.35200000000000004 * (-3.6153250605869824 + (1.7887668278887368 * x_4)))) - ((0.00233 + (3.44 * (-3.5442362624045955 + (1.7290625791858034 * x_2)))) - ((0.04020000000000001 + (-6.19 * (-3.587281008481665 + (1.8104534573853899 * x_3)))) * (-0.048400000000000006 + (0.0199 * (-3.6153250605869824 + (1.7887668278887368 * x_4))))))))))))**2)) * (0.003 + (0.001 * (-3.478817506470138 + (1.722491710743543 * x_5))))))
feynman_II_6_15b,ok,4,NoRef,0.9777922477429419,0.004590775661310253,50,13.911867380142212,,0.001,(((-0.004 + cos((-0.73 + (-3.574168123804971 + (1.7856360285208566 * x_2))))) * (0.001 + (0.0003 * (-3.4219568305138166 + (1.7204774630147597 * x_1))))) * (-0.1 + (-0.9 * ((0.001 + (-0.9 * inv(((0.030000000000000002 + (0.0106 * (-3.6124386164696762 + (1.7575565979989267 * x_3)))) * (7.5 + (0.9900000000000001 * (-3.5132747487246787 + (1.7460712803704583 * x_0)))))))))**2)))
feynman_II_8_31,ok,2,NoRef,0.9997674603986422,0.19622653542593244,57,21.59230375289917,,0.001,((((0.651 + (-2.653907254924258 + (0.8509274823888617 * x_1))) - ((-0.52 + (-1.73 * (-2.653907254924258 + (0.8509274823888617 * x_1)))) - (4.14 + (-0.532 * (-2.653907254924258 + (0.8509274823888617 * x_1)))))) * ((6.09 + (-0.05790000000000001 * (-2.653907254924258 + (0.8509274823888617 * x_1)))) - (0.0257 + (-2.13 * (-2.653907254924258 + (0.8509274823888617 * x_1)))))) * (0.457 + (0.163 * (-2.752389043981485 + (0.9048032319317431 * x_0)))))
feynman_II_8_7,ok,3,NoRef,0.9969968089399543,0.005060589046107183,77,16.45719861984253,,0.001,((((((-3.36 + (-2.817692762706578 + (0.922060438168705 * x_0))) - ((2.63 + (-0.00471 * (-2.817692762706578 + (0.922060438168705 * x_0)))) * (0.06580000000000001 + (0.9400000000000001 * (-2.817692762706578 + (0.922060438168705 * x_0)))))) * (-0.00971 + (-0.00417 * inv((0.085 + (0.0335 * (-2.6690271729427253 + (0.8807282537045857 * x_1)))))))) * (-0.00197 + (0.052700000000000004 * inv((0.18000000000000002 + (0.0665 * (-2.669435878248962 + (0.9227695518217146 * x_2)))))))) * (-0.00972 + (-0.0029 * (-2.817692762706578 + (0.922060438168705 * x_0))))) * (-85.9 + (-0.06530000000000001 * (-2.817692762706578 + (0.922060438168705 * x_0)))))
feynman_I_10_7,ok,3,NoRef,0.9995618042790297,0.024767084499185774,39,7.175215482711792,,0.001,((0.3 + (0.117 * (-2.588106740665522 + (0.887566173182724 * x_0)))) * (9.6 + (0.3 * exp(((0.2 + (0.4 * (-5.100574389259935 + (3.343197439644897 * x_1)))) + (-0.6 + (0.9 * exp((-0.6 + (-0.8 * (-3.468260823868103 + (0.5144108989083627 * x_2))))))))))))
feynman_I_11_19,ok,6,NoRef,0.9587742615943157,1.8706902513080772,105,11.451544761657715,,0.001,(((-0.0614 * (-2.4827020613216004 + (0.8474431728639252 * x_0))) * (((0.055400000000000005 * (-2.4909796979027035 + (0.8495365704084542 * x_1))) - (-0.5780000000000001 + (0.009609999999999999 * (-2.4827020613216004 + (0.8474431728639252 * x_0))))) + (-0.021400000000000002 + (-13.1 * (-2.7479829985177977 + (0.8948864386578299 * x_3)))))) + (((0.532 + (0.067 * (-2.4909796979027035 + (0.8495365704084542 * x_1)))) * ((-0.0065 + (0.009949999999999999 * (-2.695030893403317 + (0.8307952953518407 * x_5)))) - (((7.7 + (1.75 * (-2.695030893403317 + (0.8307952953518407 * x_5)))) * (-4.3 + (-0.878 * (-2.676096923467062 + (0.9079286415109341 * x_2))))) - (-0.09920000000000001 + (6.2 * (-2.6471928306298094 + (0.885966881026239 * x_4))))))) - ((-0.16 + (-0.06670000000000001 * (-2.4827020613216004 + (0.8474431728639252 * x_0)))) * (59.1 + (19.900000000000002 * (-2.7479829985177977 + (0.8948864386578299 * x_3)))))))
feynman_I_12_1,ok,2,NoRef,0.9998680719583403,0.057806856683218194,19,10.407126426696777,,0.001,((0.099 + (0.038000000000000006 * (-2.566602023658053 + (0.8997949016063425 * x_0)))) * (89.5 + (30.900000000000002 * (-2.878930580317207 + (0.928002407756839 * x_1)))))
feynman_I_12_11,ok,5,NoRef,0.9927563258481055,2.1726716686806675,65,10.816664457321167,,0.001,((-7.26 + (3.56 * ((6.0 + (-2.7336069787470243 + (0.8973963259979115 * x_0))))**2)) * ((((0.0045 + arctan(((0.5800000000000001 + (-3.94 * (-2.5860302835261004 + (0.8650529647164638 * x_4)))) * (-0.40900000000000003 + (-0.08960000000000001 * (-2.6603944928985346 + (0.9006524322203873 * x_2))))))) * (-23.0 + (-8.09 * (-2.577161210079287 + (0.8594599513383012 * x_3))))) * (0.00794 + (0.00226 * (-2.6603944928985346 + (0.9006524322203873 * x_2))))) + (0.07050000000000001 + (0.027200000000000002 * (-2.6846738802725283 + (0.8727114307740083 * x_1))))))
feynman_I_12_2,ok,4,NoRef,0.9955102449929352,0.00790188122420917,47,12.026894807815552,,0.001,(((2.6 + (-2.617184116087947 + (0.8521397663891764 * x_1))) * (0.02 + (0.006999999999999999 * (-2.8539742313544565 + (0.9239149687966296 * x_0))))) * (0.01 + (0.5 * ((0.01 + (-0.9 * inv(((0.2 + (0.08 * (-2.5317902960514966 + (0.853150896025948 * x_3)))) * (4.4 + (0.9700000000000001 * (-2.556480029432039 + (0.8349043469624741 * x_2)))))))))**2)))
feynman_I_12_4,ok,3,NoRef,0.9864747019952385,0.0028540265327324146,64,13.618505954742432,,0.001,((((-0.028200000000000003 + (-0.109 * (-2.610281525456201 + (0.8563534632402007 * x_0)))) * (7.33 + (-0.00617 * (-2.610281525456201 + (0.8563534632402007 * x_0))))) - (1.83 + (0.0016099999999999999 * (-2.506670832800553 + (0.8357722543545856 * x_1))))) * ((-0.014100000000000001 + (-0.00403 * ((-0.447 + (0.07400000000000001 * inv((-0.00624 + (-0.0023899999999999998 * (-2.6386330449565643 + (0.8571845166463317 * x_2))))))))**2)) * (-0.00109 + (-0.00849 * inv((-0.9770000000000001 + (-0.36200000000000004 * (-2.506670832800553 + (0.8357722543545856 * x_1)))))))))
feynman_I_12_5,ok,2,NoRef,0.9999508672825178,0.034174784673441365,37,5.2480628490448,,0.001,((((-0.00089 * (-2.643473215745853 + (0.8815481695584527 * x_0))) - (17.3 + (-0.07450000000000001 * (-2.7429584544718253 + (0.9245535089554948 * x_1))))) + (0.061200000000000004 + (-6.33 * (-2.7429584544718253 + (0.9245535089554948 * x_1))))) * (-0.518 + (-0.195 * (-2.643473215745853 + (0.8815481695584527 * x_0)))))
feynman_I_13_12,ok,5,NoRef,0.9367292964618201,2.4437582576365844,82,21.540680170059204,,0.001,((((3.3000000000000003 + (-2.5612832345666563 + (0.8379805705041466 * x_3))) + (0.76 + (-27.2 * inv(((-0.164 + (-0.06180000000000001 * (-2.7093703865142946 + (0.8748960358981902 * x_2)))) * (-9.19 + (-3.99 * (-2.5612832345666563 + (0.8379805705041466 * x_3))))))))) * (0.9750000000000001 + (0.41300000000000003 * (-2.384599847508499 + (0.8257596665344117 * x_4))))) * ((43.1 + (16.2 * (-2.6701260084176734 + (0.8768008800903796 * x_1)))) * ((0.0212 + (0.00793 * (-2.668801708030412 + (0.8819198439156285 * x_0)))) * ((-0.0018599999999999999 + (0.2 * (-2.5612832345666563 + (0.8379805705041466 * x_3)))) - (0.00481 + (0.168 * (-2.7093703865142946 + (0.8748960358981902 * x_2))))))))
feynman_I_13_4,ok,4,NoRef,0.9983403563590557,1.0411568565097225,79,20.65944194793701,,0.001,((0.2 + (0.07200000000000001 * (-2.7370812263130415 + (0.902756266590703 * x_0)))) * ((0.09000000000000001 + (80.0 * exp((0.9 + (0.26 * (-2.6220737557332443 + (0.8728146501207767 * x_1))))))) - ((0.001 + (-37.0 * (-2.5379950056480767 + (0.8946994347622791 * x_3)))) + ((0.01 + (-9.0 * (-2.5379950056480767 + (0.8946994347622791 * x_3)))) + ((0.6 + (0.13 * (-2.548140169947589 + (0.8525284766606351 * x_2)))) * ((-0.1 + (-85.0 * (-2.548140169947589 + (0.8525284766606351 * x_2)))) + (-0.1 + (-0.01 * ((0.001 + (40.6 * (-2.5379950056480767 + (0.8946994347622791 * x_3)))))**2))))))))
feynman_I_14_3,ok,3,NoRef,0.9997476342092514,0.29232482260681136,45,10.526026487350464,,0.001,(((((-2.722875886256813 + (0.8863816221636266 * x_2)) + (2.64 + (-0.00522 * (-2.428453058567591 + (0.8889549158624802 * x_0))))) + (0.07970000000000001 + (-0.00244 * (-2.6760694322662943 + (0.8805989180487918 * x_1))))) * (-1.6300000000000001 + (-0.663 * (-2.428453058567591 + (0.8889549158624802 * x_0))))) * (-5.79 + (-2.2 * (-2.6760694322662943 + (0.8805989180487918 * x_1)))))
feynman_I_14_4,ok,2,NoRef,0.999911212595365,0.12479613012832924,24,6.120133399963379,,0.001,((0.02 + (0.0075 * (-2.626437502441532 + (0.8816095514609437 * x_0)))) * (-0.01 + (0.8 * ((29.5 + (11.200000000000001 * (-2.630906588185309 + (0.8633123577016952 * x_1)))))**2)))
feynman_I_15_10,ok,3,NoRef,0.9974655089848453,0.10154879541853076,34,9.889114379882812,,0.001,((0.2 + (0.07600000000000001 * (-2.644856021421248 + (0.8646173589431646 * x_0)))) * ((0.4 + (0.07700000000000001 * (-5.457180456861609 + (3.6446002602554834 * x_1)))) * (57.9 + (0.9 * exp((-0.3 + (-1.6 * (-2.999068701425839 + (0.46665137782532334 * x_2)))))))))
feynman_I_15_3t,ok,4,NoRef,0.9986792963591917,0.04381422358074164,90,5.8618080615997314,,0.001,(((-0.0239 * inv(((0.7100000000000001 + (0.00052 * (-2.717105569629776 + (0.8849901747612658 * x_0)))) * ((-8.2 + (-3.66 * (-3.34115030979141 + (0.5107587437264599 * x_1)))) + ((0.7070000000000001 + (1.6600000000000001 * (-3.34115030979141 + (0.5107587437264599 * x_1)))) * (((-0.341 * (-5.192961335421972 + (3.487532856832522 * x_2))) * (0.728 + (-0.044700000000000004 * (-2.717105569629776 + (0.8849901747612658 * x_0))))) + (0.005399999999999999 + (-0.21300000000000002 * (-2.717105569629776 + (0.8849901747612658 * x_0)))))))))) * ((-6.55 + (8.0 * (-2.419137422785296 + (0.862311797425404 * x_3)))) - (-0.0413 + (9.56 * (-2.717105569629776 + (0.8849901747612658 * x_0)))))) + (2.8000000000000003 + (1.16 * (-2.419137422785296 + (0.862311797425404 * x_3)))))
feynman_I_15_3x,ok,4,NoRef,0.9935157684916883,0.1325567908781629,107,9.564792394638062,,0.001,(((((-0.786 + (0.752 * (-5.406940417278592 + (3.651746841581515 * x_3)))) + (4.63 + (-0.0563 * ((-0.605 + (0.008749999999999999 * (-5.31046149851653 + (0.7020053706524357 * x_0)))))**2))) - (0.00848 + (-0.024100000000000003 * (-5.406940417278592 + (3.651746841581515 * x_3))))) * (-0.55 + (-0.11 * (-5.10499948290293 + (3.3738543444755535 * x_1))))) + ((-0.0238 + (1.43 * (-5.31046149851653 + (0.7020053706524357 * x_0)))) + (7.390000000000001 + (6.2 * inv((((-0.0159 + (-5.31046149851653 + (0.7020053706524357 * x_0))) - (16.4 + (-3.71 * ((-0.005699999999999999 + (-0.931 * (-2.178268316616358 + (0.18522376390576137 * x_2)))))**3))) * (-0.0279 + (-8.290000000000001 * sqrt((0.0065899999999999995 + (-0.007899999999999999 * log((0.007019999999999999 + (0.0049499999999999995 * sqrt((0.452 + (0.005889999999999999 * (-5.406940417278592 + (3.651746841581515 * x_3)))))))))))))))))))
feynman_I_16_6,ok,3,NoRef,0.9641221147853649,0.2277123797710802,64,5.26107931137085,,0.001,((2.7800000000000002 + (1.23 * (-2.338683200901609 + (0.839476836958178 * x_0)))) + ((0.0937 + (6.3 * sin(((0.00632 + (-0.9540000000000001 * (-2.338683200901609 + (0.839476836958178 * x_0)))) - (0.0062 + (-0.499 * (-2.7471278243839246 + (0.9079909650983548 * x_2)))))))) * (((0.00633 + (-0.0308 * (-2.7471278243839246 + (0.9079909650983548 * x_2)))) + (-0.00842 + (-0.0417 * (-2.550087265129937 + (0.8894335703382671 * x_1))))) - (0.00713 + (-0.04 * (-2.338683200901609 + (0.839476836958178 * x_0)))))))
feynman_I_18_12,ok,3,NoRef,0.9957278723199027,0.4540322975911918,32,10.21765685081482,,0.001,(((2.5 + (-2.421696017227875 + (0.8519542273871007 * x_0))) * (0.1 + (0.04 * (-2.548286892362978 + (0.86026417115375 * x_1))))) * (0.1 + (34.7 * sin((0.62 + (-1.4000000000000001 * (-1.725396682298155 + (0.6944642421502414 * x_2))))))))
feynman_I_18_14,ok,4,NoRef,0.9974208257127816,1.295767156549976,47,17.10168194770813,,0.001,((-0.28500000000000003 + (-0.735 * abs(((-24.0 + (-8.82 * (-2.6321438473229772 + (0.8768714116868315 * x_1)))) * (-41.4 + (-15.4 * (-2.6000499735222258 + (0.8575648261012243 * x_0)))))))) * ((-0.0032199999999999998 + (-0.402 * sin((-0.046000000000000006 + (-2.7962163559154027 + (0.9041044335611569 * x_3)))))) * (-0.099 + (-0.0383 * (-2.613124523709804 + (0.8658355855259678 * x_2))))))
feynman_I_18_4,ok,4,NoRef,0.9055953943496964,0.27254432131937206,87,13.30842137336731,,0.001,((3.19 + (0.6900000000000001 * (-2.8149539998910376 + (0.9007791820199235 * x_3)))) - (((-5.54 + (-2.6157150245109952 + (0.8800441601899178 * x_1))) * ((9.69 + (-51.0 * (-2.604761631720367 + (0.8569951062057086 * x_2)))) + (((0.00226 + (22.7 * (-2.8149539998910376 + (0.9007791820199235 * x_3)))) - (-0.004889999999999999 + (0.00172 * (-2.8149539998910376 + (0.9007791820199235 * x_3))))) - ((-4.5200000000000005 + (-73.8 * (-2.664498595282067 + (0.8920120394009231 * x_0)))) * (0.00698 + (0.0089 * (-2.8149539998910376 + (0.9007791820199235 * x_3)))))))) * ((0.020800000000000003 + (-0.005699999999999999 * (-2.664498595282067 + (0.8920120394009231 * x_0)))) * (-0.09910000000000001 + (-0.0134 * (-2.664498595282067 + (0.8920120394009231 * x_0)))))))
feynman_I_24_6,ok,4,NoRef,0.9969869368583026,0.8093078629933291,62,15.825764894485474,,0.001,((0.030000000000000002 + (0.009 * (-3.4568449343419667 + (1.721945283087779 * x_0)))) * (0.01 + (0.09000000000000001 * ((((3.6 + (-3.567613329038069 + (1.7349021460027578 * x_3))) + (-0.1 + (0.01 * (-3.528758604253555 + (1.7555246602223264 * x_1))))) * ((-24.0 + (-3.0 * (-3.6425304974630017 + (1.7917824686289467 * x_2)))) + ((-0.04 + (0.009 * (-3.6425304974630017 + (1.7917824686289467 * x_2)))) * (-20.0 + (80.8 * (-3.528758604253555 + (1.7555246602223264 * x_1))))))))**2)))
feynman_I_25_13,ok,2,NoRef,0.9988267828681778,0.02833068067410291,24,5.421959400177002,,0.001,((-0.00498 + (-0.00188 * (-2.5512487222767346 + (0.8665706977286725 * x_0)))) * (-0.45 + (9.700000000000001 * inv((-0.0497 + (-0.0211 * (-2.400742498290202 + (0.8003923054356457 * x_1))))))))
feynman_I_26_2,ok,2,NoRef,0.9655921078119506,0.08959399000784322,87,8.706305503845215,,0.001,((-0.014300000000000002 + (0.596 * sin((-0.194 + (-2.401625007900688 + (0.840568848454874 * x_1)))))) * ((-0.32 + (0.00139 * (((-0.055700000000000006 + (-0.137 * (-1.564164953504747 + (3.41799237175793 * x_0)))) * ((5.59 + (-8.51 * (-2.401625007900688 + (0.840568848454874 * x_1)))) * (0.021800000000000003 + (0.464 * (-1.564164953504747 + (3.41799237175793 * x_0)))))))**3)) * ((-0.551 + (-0.35000000000000003 * (-1.564164953504747 + (3.41799237175793 * x_0)))) * ((-4.91 + (-0.775 * inv((79.9 + (7.88 * inv((0.05890000000000001 + (-0.41000000000000003 * (-1.564164953504747 + (3.41799237175793 * x_0)))))))))) + (-0.3 + (-0.00955 * (-2.401625007900688 + (0.840568848454874 * x_1))))))))
feynman_I_27_6,ok,3,NoRef,0.9483282495287707,0.09093922840039217,55,6.3281590938568115,,0.001,(-0.0741 + (0.023000000000000003 * sqrt((((9.72 + (-2.7198734845172403 + (0.8655823842985322 * x_2))) * (((-8.05 + (-2.5212812957632926 + (0.8269424556449783 * x_0))) + (-0.0722 + (-3.96 * (-2.3985862823410833 + (0.8064518581298143 * x_1))))) * (-0.263 + (-0.09200000000000001 * (-2.5212812957632926 + (0.8269424556449783 * x_0)))))) * (-34.1 + (0.93 * inv((0.0108 + (0.00399 * (-2.7198734845172403 + (0.8655823842985322 * x_2)))))))))))
feynman_I_29_16,ok,4,NoRef,0.6507386838874204,1.1861582624346523,49,8.755385875701904,,0.001,(0.2 + (0.060000000000000005 * abs(((0.1 + (-9.0 * (-2.6705100830629784 + (0.8888164274402005 * x_1)))) + (-0.9 + (-99.0 * sin(((0.030000000000000002 + (0.006999999999999999 * (-2.719956086378315 + (0.8786412216232687 * x_0)))) * ((-6.0 + (17.0 * (-2.4962836392515335 + (0.8671704050930179 * x_2)))) + (4.0 + (-18.400000000000002 * (-2.585674534025608 + (0.8767406575303234 * x_3)))))))))))))
feynman_I_29_4,ok,2,NoRef,0.9993154889835828,0.03378165440231652,22,4.824250936508179,,0.001,((0.00988 + (-0.927 * inv((2.0 + (-1.9951431992266675 + (0.3861777173669346 * x_1)))))) * (-2.41 + (-1.1300000000000001 * (-2.1650620520807715 + (0.38592391333961634 * x_0)))))
feynman_I_30_3,ok,3,NoRef,0.2770604625502695,1.9529224195261223,90,12.75110411643982,,0.001,(((-0.0069 + ((0.07840000000000001 + (-7.83 * cos((0.062200000000000005 + (86.10000000000001 * sin((((0.001 + (-2.7051468847223092 + (0.8846863425384316 * x_0))) - (4.71 + (3.52 * inv((-0.0072299999999999994 + (-0.894 * (-2.713917252913514 + (0.9120507374530804 * x_1)))))))) * (0.036000000000000004 + (-0.00187 * (-2.713917252913514 + (0.9120507374530804 * x_1))))))))))))**2) - ((0.09380000000000001 + (0.0081 * cos((-0.864 + (-0.00729 * (-2.461202600763884 + (0.8634250264942191 * x_2))))))) - (0.07540000000000001 + (0.0884 * ((-0.35000000000000003 + (0.00713 * ((6.46 + (-40.6 * (-2.713917252913514 + (0.9120507374530804 * x_1)))))**2)))**2)))) * (0.0437 + (0.0182 * (-2.7051468847223092 + (0.8846863425384316 * x_0)))))
feynman_I_30_5,ok,3,NoRef,0.9975344384234911,0.006939857774797167,34,5.2222068309783936,,0.001,((0.04 + (0.007899999999999999 * (-5.1465134878527214 + (3.4065737547807147 * x_0)))) * (-0.2 + (0.9 * inv(((0.025 + (0.01 * (-2.503496805650597 + (0.8524201121194467 * x_2)))) * (9.0 + (2.2 * (-4.072826686636155 + (1.186008527663161 * x_1)))))))))
feynman_I_32_17,ok,6,NoRef,0.9628354679064915,0.9887586507095255,72,8.654624700546265,,0.001,(0.01 + (0.001 * exp(((0.01 + (0.9400000000000001 * (-5.377145912979087 + (3.5490731972883967 * x_4)))) + ((0.01 + (0.2 * (-5.764932660258052 + (3.78687650449493 * x_1)))) + ((7.0 + (0.24000000000000002 * (-5.422314254425465 + (3.6430504379238773 * x_3)))) + (((0.18000000000000002 * (-5.167560062937342 + (3.539922280882652 * x_0))) + (-0.01 + (-0.7000000000000001 * (-7.094423785619939 + (1.79517298980545 * x_5))))) + ((0.01 + (0.4 * (-5.22090641103695 + (3.5546784205957644 * x_2)))) + (0.001 + (0.14 * (-5.422314254425465 + (3.6430504379238773 * x_3))))))))))))
feynman_I_32_5,ok,4,NoRef,0.9610223612586928,0.12703898155000296,72,10.575358152389526,,0.001,((-2.99 + (-0.8320000000000001 * (-2.5999126994662913 + (0.8603722624673278 * x_0)))) * ((0.00164 + (0.00091 * (-2.5999126994662913 + (0.8603722624673278 * x_0)))) * (0.038200000000000005 + (-7.94 * ((((-0.0171 + (-2.6293091772736408 + (0.8973551875146073 * x_1))) - (-2.5300000000000002 + (0.00916 * (-2.5999126994662913 + (0.8603722624673278 * x_0))))) * (0.034800000000000005 + (7.6000000000000005 * inv(((9.4 + (4.19 * (-2.7279182964428794 + (0.9289890799688245 * x_3)))) * (0.187 + (-4.79 * sqrt((0.125 + (0.038000000000000006 * (-2.5204631409860694 + (0.8420799699938597 * x_2)))))))))))))**2))))
feynman_I_34_1,ok,3,NoRef,0.9855902648392989,0.22348572880976203,67,6.512466669082642,,0.001,(((0.007699999999999999 + (-5.224059625126184 + (3.4221881154884906 * x_1))) + (18.900000000000002 + (-61.6 * inv(((0.017 + (0.785 * cos(((0.0031 + (-3.42 * sqrt((67.5 + (-1.03 * inv((-35.7 + (-0.0848 * (-2.588994719877589 + (0.8403804552900841 * x_2)))))))))) + (-70.60000000000001 + (-0.528 * (-5.224059625126184 + (3.4221881154884906 * x_1)))))))) + (-7.8 + (-3.35 * (-3.213191526129124 + (0.49872911299177847 * x_0))))))))) * (0.151 + (0.0597 * (-2.588994719877589 + (0.8403804552900841 * x_2)))))
feynman_I_34_14,ok,3,NoRef,0.9959487133287475,0.09297948082573802,39,5.278892517089844,,0.001,((0.2 + (0.07400000000000001 * (-2.704855709187059 + (0.914044649674877 * x_2)))) * (14.200000000000001 + (0.9 * inv(((0.02 + (0.006999999999999999 * (-3.4548575752247537 + (0.523026255492135 * x_0)))) * (0.2 + (-0.9 * inv((-0.09000000000000001 + (-0.018000000000000002 * (-5.154977009990223 + (3.4616776248047603 * x_1))))))))))))
feynman_I_34_27,ok,2,NoRef,0.9998588739595589,0.009800951763065205,19,4.275178909301758,,0.001,((0.02 + (0.0078 * (-2.534319111975044 + (0.8625028469077035 * x_1)))) * (75.2 + (25.8 * (-2.89141769643402 + (0.898356770850574 * x_0)))))
feynman_I_34_8,ok,4,NoRef,0.9998852349852453,0.12239970255724981,40,12.46769118309021,,0.001,(((2.48 + (-2.5134922366209222 + (0.8456834090766008 * x_2))) * (0.163 + (0.0655 * (-2.5127584990667504 + (0.8365681778083426 * x_0))))) * ((0.07160000000000001 + (80.9 * inv((2.69 + (-2.7058039597000527 + (0.8963922028654532 * x_3)))))) * (0.7110000000000001 + (0.29100000000000004 * (-2.466227921875975 + (0.8316291782707262 * x_1))))))
feynman_I_37_4,ok,3,NoRef,0.9761209301840247,0.45635045704324256,74,17.353655576705933,,0.001,(0.0025 + (0.008 * abs(((0.01 + (30.0 * (-2.6571366887356653 + (0.8822946483881516 * x_0)))) + ((-0.1 + (0.6 * (((-0.7000000000000001 + (-0.07 * (-2.6571366887356653 + (0.8822946483881516 * x_0)))) * ((0.8 + (0.09000000000000001 * (-2.383406815788065 + (0.839276951330772 * x_1)))) * (3.0 + (-91.5 * arctan((-0.001 + (0.56 * (-2.764987122967051 + (0.900490337034228 * x_2))))))))))**2)) + ((0.2 + (-0.3 * (-2.383406815788065 + (0.839276951330772 * x_1)))) * (-20.0 + (-55.0 * (-2.383406815788065 + (0.839276951330772 * x_1))))))))))
feynman_I_38_12,ok,4,NoRef,0.9771362187631084,0.1918232232281513,49,19.163021326065063,,0.001,((0.02 + (0.008 * (-2.6009675945637225 + (0.8457372940431475 * x_3)))) * (-1.0 + (0.6 * (((0.02 + (0.006999999999999999 * (-2.698955835159459 + (0.8870284288875848 * x_2)))) * (60.0 + (-9.0 * inv(((0.02 + (0.008 * (-2.669105088819141 + (0.8929834841209456 * x_1)))) * (-2.0 + (-0.55 * (-2.5586279912186 + (0.8454003566144559 * x_0))))))))))**2)))
feynman_I_39_1,ok,2,NoRef,0.9995997806249499,0.1468409298354138,29,5.4865171909332275,,0.001,((-0.5890000000000001 + (-0.223 * (-2.7062751395259212 + (0.8763906451326979 * x_0)))) * ((-26.400000000000002 + (-9.22 * (-2.5210522670128928 + (0.8376322027194677 * x_1)))) - (-2.84 + (-0.09190000000000001 * (-2.7062751395259212 + (0.8763906451326979 * x_0))))))
feynman_I_39_11,ok,3,NoRef,0.9996202801739816,0.059948191450195205,34,10.500999212265015,,0.001,((0.02 + (0.007699999999999999 * (-2.6135216143256805 + (0.855921153581978 * x_1)))) * ((0.2 + (0.07500000000000001 * (-2.625098388323601 + (0.8546158887138439 * x_2)))) * (0.01 + (9.0 * inv((0.0097 + (0.0031999999999999997 * (-4.32559571055069 + (1.2368194563105266 * x_0)))))))))
feynman_I_39_22,ok,4,NoRef,0.9990998087576844,0.27166994808799183,42,15.876337766647339,,0.001,(((2.6 + (-2.515464031129917 + (0.8571865699921215 * x_3))) * (0.2 + (0.07300000000000001 * (-2.7095154921239692 + (0.8898156980890322 * x_0))))) * ((0.2 + (0.07400000000000001 * (-2.673320419181644 + (0.862997113312146 * x_1)))) * (-0.01 + (0.8 * inv((0.0096 + (0.0033 * (-2.8938465905050474 + (0.9115319998776715 * x_2)))))))))
feynman_I_40_1,ok,6,NoRef,0.6499808641116818,0.39722222087597386,87,20.318422555923462,,0.001,((0.0199 + (0.00675 * (-2.750630136878482 + (0.8784863640556843 * x_0)))) * (1e-05 + (5.0 * (((0.403 + (0.0898 * (-2.685752135038517 + (0.8737632076877316 * x_1)))) * (0.0038 + (-0.0645 * (((-14.200000000000001 + (-1.03 * (-2.7566779457259827 + (0.9431878324167259 * x_3)))) - (((-4.26 + (-2.505577383670409 + (0.8487705948021765 * x_5))) - (-0.0757 + (0.9780000000000001 * (-2.685752135038517 + (0.8737632076877316 * x_1))))) * (((0.42600000000000005 + (0.518 * (-2.632057227943042 + (0.8533082368996687 * x_4)))) + (0.9500000000000001 + (0.434 * (-2.604274673300914 + (0.8774717798506494 * x_2))))) - (-0.42300000000000004 + (0.09620000000000001 * (-2.632057227943042 + (0.8533082368996687 * x_4))))))))**2))))**2)))
feynman_I_41_16,ok,5,NoRef,0.9591435889621017,0.5581048168332031,115,16.922850370407104,,0.001,((-0.997 + (-0.521 * (-2.7591720371449497 + (0.8901706115839029 * x_0)))) * ((0.01 + (0.0045 * (-2.4195199750154344 + (0.8276034912250019 * x_3)))) * (((((0.051100000000000007 + (-2.7023065522833383 + (0.9018351501921328 * x_1))) + (-16.4 + (-7.82 * (-2.7023065522833383 + (0.9018351501921328 * x_1))))) * (-64.7 + (2.2 * (-2.699004118830948 + (0.8588094739086412 * x_2))))) + ((-0.861 + (36.9 * cos((5.61 * (-2.4195199750154344 + (0.8276034912250019 * x_3)))))) + (-8.55 + (5.88 * sin(((2.19 + (0.36000000000000004 * (-2.699004118830948 + (0.8588094739086412 * x_2)))) - (0.09380000000000001 + (-0.06470000000000001 * (-2.5141252122709137 + (0.8254257004395766 * x_4)))))))))) * ((0.00869 + (-0.011200000000000002 * (-2.7591720371449497 + (0.8901706115839029 * x_0)))) - (0.00928 + (-0.00778 * inv((0.0033 + (0.35900000000000004 * ((-0.6890000000000001 + (-0.225 * (-2.5141252122709137 + (0.8254257004395766 * x_4)))))**3)))))))))
feynman_I_43_16,ok,4,NoRef,0.9991399792120339,0.2882315147853052,42,12.492090463638306,,0.001,(((2.5 + (-2.5394232640311034 + (0.8623533219956532 * x_0))) * (0.2 + (0.08 * (-2.569119086945987 + (0.8611156813888292 * x_1))))) * ((0.09000000000000001 + (0.036000000000000004 * (-2.5325929527992206 + (0.8680939467859502 * x_2)))) * (0.01 + (8.0 * inv((0.041 + (0.016 * (-2.5275619323503817 + (0.8733293130547708 * x_3)))))))))
feynman_I_43_31,ok,3,NoRef,0.9996613680678691,0.33268654253356716,27,12.14713716506958,,0.001,(((2.7600000000000002 + (-2.766978367774217 + (0.8922886932012777 * x_1))) * (-0.23600000000000002 + (-0.09040000000000001 * (-2.5655275384794733 + (0.8491796334579955 * x_2))))) * (-43.4 + (-16.3 * (-2.620848157697589 + (0.877041434042821 * x_0)))))
feynman_I_43_43,ok,4,NoRef,0.9967660764558032,0.1049568510028957,44,11.398162841796875,,0.001,((-0.885 + (-0.38 * (-2.3535395914566313 + (0.8333798952873859 * x_1)))) * ((-0.9860000000000001 + (-5.0 * inv(((-0.017900000000000003 + (-0.00612 * (-3.9875563203078572 + (1.133381419000807 * x_0)))) * (-7.42 + (-2.8000000000000003 * (-2.5887400075603013 + (0.8587029602822143 * x_2)))))))) * (0.036000000000000004 + (0.0131 * (-2.721103044426544 + (0.8903757010329937 * x_3))))))
feynman_I_44_4,ok,5,NoRef,0.9937692180163213,1.7662175816246202,102,16.07820963859558,,0.001,((((((-5.51 + (-2.74648864990375 + (0.8845625750500153 * x_4))) * ((0.0006 + (-0.08700000000000001 * ((0.00705 + (0.004 * (-2.499546494011863 + (0.8393835285754679 * x_2)))))**2)) - ((4.86 + (1.99 * (-2.499546494011863 + (0.8393835285754679 * x_2)))) * (-10.700000000000001 + (0.00921 * (-2.735022369041267 + (0.8893477651640194 * x_1))))))) * (-0.0753 + (-0.027000000000000003 * (-2.735022369041267 + (0.8893477651640194 * x_1))))) * (0.00108 + (0.0398 * sqrt((-0.00156 + (-0.0188 * inv((-0.49100000000000005 + (-0.189 * (-2.672702249888496 + (0.8826010950824924 * x_3))))))))))) * ((0.0688 + (-0.647 * (-2.672702249888496 + (0.8826010950824924 * x_3)))) + (-0.00199 + (0.666 * (-2.74648864990375 + (0.8845625750500153 * x_4)))))) * (85.8 + (29.8 * (-2.772098215480759 + (0.9125155363496182 * x_0)))))
feynman_I_47_23,ok,3,NoRef,0.9948236811109412,0.04825806708708244,37,9.493634462356567,,0.001,(-0.1 + (0.6 * sqrt((((2.9 + (-2.6165659297933477 + (0.8878935966391123 * x_1))) * (0.02 + (0.006999999999999999 * (-2.592997202582427 + (0.837398763532969 * x_0))))) * (0.01 + (0.9 * inv((0.0058 + (0.0023 * (-2.5724828174692225 + (0.8432476442733219 * x_2)))))))))))
feynman_I_48_2,ok,3,NoRef,0.9997869372145661,1.3484115574192905,34,10.832373142242432,,0.001,((-4.86 + (-1.9000000000000001 * (-2.552294993039161 + (0.8647831399427154 * x_0)))) * ((-0.508 + (-0.00765 * ((-58.2 + (-16.8 * (-3.391832487704957 + (0.5210116748906156 * x_2)))))**2)) - (0.00899 + (0.313 * (-4.937743544426889 + (3.2843729845807 * x_1))))))
feynman_I_50_26,ok,4,BFGS,5.244231751411199e-06,1.9849102770693368,92,9.70787787437439,,0.001,((-0.24088134477434942 + (0.36127509956755843 * sqrt((28.19951434598353 + (-5.1407544791753566 * arctan((58.100000742305845 + (-0.25499946833398973 * (-3.3328522910623977 + (1.7072811432647408 * x_3)))))))))) - (-0.0909686552256506 + (1.7811684738650252e-07 * abs((((((2.5847008204046595 + (-3.536023516680619 + (1.75533069780533 * x_2))) + (0.05410082040465917 + (0.6134732989492024 * (-3.6514817749949793 + (1.80323135783928 * x_0))))) * (-9.620361181341531 + (-0.0031930470424009383 * (-3.6514817749949793 + (1.80323135783928 * x_0))))) * (0.9922074920446787 + (0.33812511021966174 * (-3.3328522910623977 + (1.7072811432647408 * x_3))))) - (-2.999527537229485 + (33.50062444113825 * sin((-0.024706243368284878 + (0.27167459655254006 * exp(((3.6314644447725395 + (0.6504724669498883 * (-3.3181470678994196 + (1.6324912473197704 * x_1)))) - (0.6675355552274606 + (-0.8974465232864721 * (-3.536023516680619 + (1.75533069780533 * x_2))))))))))))))))
feynman_I_6_2,ok,2,NoRef,0.9298388650880922,0.011367029371677611,47,11.020179033279419,,0.001,((0.030000000000000002 + (-0.006 * (-3.514115234431094 + (1.739810398745664 * x_0)))) * (4.1 + (-3.0 * arctan(((0.01 + (0.009 * ((-2.0 + (-3.514115234431094 + (1.739810398745664 * x_0))))**2)) * ((0.6 + (7.0 * (-3.405357073342636 + (1.6986630633987225 * x_1)))) + (0.01 + (-4.9 * (-3.514115234431094 + (1.739810398745664 * x_0))))))))))
feynman_I_6_2a,ok,1,NoRef,0.9992311057573866,0.0019967528442658145,24,8.281220197677612,,0.001,(0.0007599999999999999 + (0.09350000000000001 * exp(((74.7 + (9.88 * (-3.3043792546673862 + (1.6591429555496728 * x_0)))) * (-0.00743 + (-0.0145 * (-3.3043792546673862 + (1.6591429555496728 * x_0))))))))
feynman_I_6_2b,ok,3,BFGS,0.9728750943154241,0.008981300555003178,39,14.220387935638428,,0.001,(0.004716989458111914 + (-1.3579155373230873 * inv(((-2.805489931527445 + (-3.8900869182531785 * (((0.08789015962104489 + (-0.32355263739602025 * (-3.504008249416157 + (1.7339598113329304 * x_2)))) - (0.08110984037895512 + (-0.3612307413950609 * (-3.5208095926375687 + (1.7955920545817259 * x_1))))))**2)) - (4.065489931527445 + (1.8685939742469342 * (-3.648690234065757 + (1.810834389535367 * x_0))))))))
feynman_I_8_14,ok,4,NoRef,0.5249524174485146,0.6544707984339104,72,16.011390924453735,,0.001,(-0.08760000000000001 + (0.0379 * sqrt(((0.038200000000000005 + (35.2 * (((-0.00856 + (-4.0 * (-2.7225380020541645 + (0.925073228466846 * x_1)))) + (0.5800000000000001 + (4.41 * (-2.8502199266344257 + (0.9130456171320038 * x_0))))))**2)) + ((0.0212 + (0.059500000000000004 * (-2.6197762566691063 + (0.8822041138208964 * x_3)))) + (7.890000000000001 + (7.33 * ((((-8.93 * (-2.7225380020541645 + (0.925073228466846 * x_1))) - (0.0064399999999999995 + (8.5 * (-2.6197762566691063 + (0.8822041138208964 * x_3))))) + (0.00673 + (9.43 * (-2.599248084478257 + (0.8845884196557181 * x_2))))))**2)))))))
feynman_I_9_18,ok,9,NoRef,0.9547858964156878,0.025315812399853692,126,18.233710527420044,,0.001,(((0.07790000000000001 + (-5.392816095681697 + (3.542785928524673 * x_6))) - (-8.47 + (-1.58 * (-5.0619378650438245 + (3.429332041613027 * x_0))))) * ((0.0023 + (-0.7190000000000001 * inv((-9.4 + (-5.3254948363333385 + (3.5109234238146523 * x_8)))))) * (((20.5 + (-5.454952378167819 + (3.5597416854716295 * x_2))) + ((-9.46 + (0.47500000000000003 * (-12.220849580979717 + (3.5095633051568256 * x_5)))) - ((0.008069999999999999 + (-4.5 * (-5.280887282031235 + (3.517700762370517 * x_1)))) - ((-0.159 + (-0.025200000000000004 * (-5.425315389628147 + (3.544367204983429 * x_4)))) * (-97.10000000000001 + (21.0 * (-11.8704355229784 + (3.388706955506491 * x_7)))))))) * (((8.3 + (-5.454952378167819 + (3.5597416854716295 * x_2))) * (0.06530000000000001 + (0.0042899999999999995 * (-5.280887282031235 + (3.517700762370517 * x_1))))) * ((-0.050300000000000004 + (0.00443 * (-12.220849580979717 + (3.5095633051568256 * x_5)))) * ((-0.628 + (0.0432 * (-12.07450811257965 + (3.447755129551146 * x_3)))) - (-0.0616 + (0.0137 * (-5.0619378650438245 + (3.429332041613027 * x_0))))))))))
feynman_test_1,ok,7,NoRef,0.9599678132465899,1.737316650630966,75,12.669384717941284,,0.001,(0.02 + (0.001 * exp(((6.0 + (0.4 * (-5.301254421293182 + (3.571895589168692 * x_2)))) + (((0.4 * (-5.46455807631665 + (3.5498345168665297 * x_4))) + (0.1 + (0.4 * (-5.138990131434707 + (3.418222117248415 * x_3))))) + (((0.43 * (-5.207970175488111 + (3.4354126422346773 * x_1))) + (0.1 + (0.4 * (-5.227781264550111 + (3.4955479802810143 * x_0))))) + (-0.1 + (0.9 * (((1.0 + (-0.5 * (-3.366539535406591 + (1.6550803839109154 * x_6)))) + (0.001 + (-0.3 * (-3.537848367214543 + (1.7762555305867092 * x_5))))))**2))))))))
feynman_test_10,ok,3,NoRef,0.9979946151175335,0.022644865524440998,72,11.965959787368774,,0.001,((((-0.06520000000000001 + (-3.3460345348848217 + (1.6375695874502416 * x_2))) * ((-0.499 + (0.04530000000000001 * (-3.3460345348848217 + (1.6375695874502416 * x_2)))) + (0.00941 + (0.0369 * (-3.3845826183045533 + (1.6813002149621212 * x_1)))))) * (-0.9840000000000001 + (-0.0357 * (-8.116061002775346 + (1.6342484134069302 * x_0))))) + ((2.41 + (-0.04 * (-8.116061002775346 + (1.6342484134069302 * x_0)))) - ((0.00541 + (-9.11 * (-3.3845826183045533 + (1.6813002149621212 * x_1)))) * (-0.00224 + (0.49000000000000005 * inv((40.6 + (7.640000000000001 * (-8.116061002775346 + (1.6342484134069302 * x_0))))))))))
feynman_test_11,ok,4,NoRef,0.9764618555941609,0.17617130320651414,90,18.405402898788452,,0.001,(((((0.154 + (-3.346469913588077 + (1.6850115584239587 * x_2))) + (-0.901 + (0.396 * (-5.236612109883896 + (3.481438590813907 * x_3))))) * (((-0.7100000000000001 + (-3.3954474918985897 + (1.6980452382715512 * x_0))) + (7.2 + (-4.18 * arctan((-0.8420000000000001 + (0.929 * (-3.665844595981015 + (1.777098795308299 * x_1)))))))) * (-0.028 + (-0.0902 * (-5.236612109883896 + (3.481438590813907 * x_3)))))) + ((0.8550000000000001 + (-0.24200000000000002 * (-3.346469913588077 + (1.6850115584239587 * x_2)))) * ((0.14100000000000001 + (-0.8370000000000001 * (-3.665844595981015 + (1.777098795308299 * x_1)))) - (-6.0600000000000005 + (0.45 * (-3.665844595981015 + (1.777098795308299 * x_1))))))) * (0.366 + (0.10300000000000001 * (-3.3954474918985897 + (1.6980452382715512 * x_0)))))
feynman_test_12,ok,5,NoRef,0.9978298556103501,0.6755106096525337,57,14.003068447113037,,0.001,(((2.4 + (-2.5428592207713114 + (0.8562284556356499 * x_2))) * (0.02 + (0.0073999999999999995 * (-2.6977268572244775 + (0.8745901392683244 * x_0))))) * ((0.02 + (0.2 * (-2.853922264819424 + (0.932495105440568 * x_4)))) + (0.02 + (0.9 * ((0.1 + (-9.0 * inv(((0.07 + (-0.0036 * (-8.932695855907657 + (1.8116048195913816 * x_3)))) * (7.8 + (2.1 * (-3.5635370620943165 + (1.7939317028206654 * x_1)))))))))**2))))
feynman_test_13,ok,5,NoRef,0.9413227043237037,0.003700688875475111,59,10.352376937866211,,0.001,((0.02 + (0.007699999999999999 * (-2.6250159024465325 + (0.8809471830218581 * x_0)))) * (-0.1 + (0.7000000000000001 * inv(((0.02 + (0.0075 * (-2.6325494804343417 + (0.8669522048421392 * x_4)))) * ((50.0 + (3.6 * (-8.806647690247798 + (1.7455943517050234 * x_2)))) + ((0.3 + (0.09000000000000001 * (-3.5940895997809497 + (1.8135393947013234 * x_1)))) * (30.0 + (-0.006999999999999999 * ((8.8 + (-75.4 * (-1.746642865264792 + (0.5896839391773017 * x_3)))))**2)))))))))
feynman_test_14,ok,5,NoRef,0.3230849484602114,10.967465886473988,102,11.733699083328247,,0.001,((((0.927 + (-1.8362504524212548 + (0.5886238536748217 * x_1))) * ((0.874 + (-72.8 * cos(((0.0786 + (-0.027600000000000003 * arctan((0.0771 + (-2.65 * (-2.7717036158853623 + (0.8910307375402117 * x_4))))))) - (71.10000000000001 + (6.3 * inv(((0.465 + (0.0727 * (-2.82933830080293 + (0.9019774465276317 * x_2)))) * (-5.43 + (0.621 * (-2.7343051092784583 + (0.8676802164640326 * x_3)))))))))))) - (-38.300000000000004 + (-0.264 * (-2.7717036158853623 + (0.8910307375402117 * x_4)))))) * ((-0.5630000000000001 + (0.671 * (-1.8362504524212548 + (0.5886238536748217 * x_1)))) + (-0.0543 + (0.055600000000000004 * (-2.7717036158853623 + (0.8910307375402117 * x_4)))))) * ((-0.21000000000000002 + (-0.0873 * (-2.4971016599479787 + (0.8755177320464741 * x_0)))) * (-0.998 + (-0.0912 * (-2.82933830080293 + (0.9019774465276317 * x_2))))))
feynman_test_15,ok,4,NoRef,0.9536333888272961,0.28485840120182937,73,9.207211971282959,,0.001,((-4.26 + (0.278 * inv((((0.109 * abs((-0.00452 * (-1.6328865507846893 + (0.5623491845950379 * x_3))))) + (-0.09100000000000001 + (-0.0073 * (-2.775585808642215 + (0.2230513956628074 * x_0))))) + ((((-0.368 + (-1.6328865507846893 + (0.5623491845950379 * x_3))) * (-9.69 + (0.00359 * (-1.6328865507846893 + (0.5623491845950379 * x_3))))) * (0.635 + (0.277 * (-3.44398841134359 + (1.7062541540257399 * x_1))))) * (0.00214 + (0.0094 * (-1.6328865507846893 + (0.5623491845950379 * x_3))))))))) * (-0.48400000000000004 + (-0.188 * (-2.6083629970816253 + (0.8614753242282561 * x_2)))))
feynman_test_16,ok,6,NoRef,0.9499216899617964,5.871056896911562,110,8.351745843887329,,0.001,((-0.00265 + (3.74 * (-2.497958180791681 + (0.846442877452173 * x_5)))) - (-1.61 + (-2.17 * (((((-99.9 + (-2.497958180791681 + (0.846442877452173 * x_5))) - (2.86 + (40.7 * (-2.754039946388614 + (0.9247900733006543 * x_4))))) * (-0.00798 + (-0.0050999999999999995 * (-2.8339070085508693 + (0.8963785096562519 * x_3))))) + (((((-0.124 + (-2.4906875140014773 + (0.8274788980025466 * x_0))) - (0.0024 + (-0.5690000000000001 * (-2.5646829966487252 + (0.8976314789223115 * x_1))))) * ((-0.007809999999999999 + (-0.23600000000000002 * (-2.8339070085508693 + (0.8963785096562519 * x_3)))) + (0.515 + (0.233 * (-2.5646829966487252 + (0.8976314789223115 * x_1)))))) + (3.47 + (0.777 * (-2.5646829966487252 + (0.8976314789223115 * x_1))))) - ((-0.34700000000000003 + (0.3 * (-2.635665760890794 + (0.8730170310102188 * x_2)))) * (0.28 + (-0.0007199999999999999 * (-2.635665760890794 + (0.8730170310102188 * x_2))))))))**2)))
feynman_test_17,ok,6,NoRef,0.9826057716346365,144.7130322069733,67,22.28785276412964,,0.001,((0.2 + (0.07 * (-2.609026883475403 + (0.9049875073710979 * x_0)))) * (0.2 + (0.006 * (((0.3 + (0.10400000000000001 * (-2.7108630841762187 + (0.8830372164530217 * x_4)))) * (((4.0 + (-2.765478966339881 + (0.9329498472453334 * x_1))) + (-0.01 + (0.04 * (-2.4807409694030844 + (0.8117468840952684 * x_2))))) * ((50.0 + (6.0 * (-2.58308061810788 + (0.8667775591446114 * x_5)))) + (0.3 + (9.0 * exp((-0.2 + (-0.7000000000000001 * (-2.781416348213264 + (0.8769741774113623 * x_3)))))))))))**3)))
feynman_test_18,ok,5,NoRef,0.854908787682053,0.2965184733648283,77,10.429170370101929,,0.001,((0.0205 + (0.755 * (((-0.0733 + (0.19 * inv(((0.023700000000000002 + (0.009689999999999999 * (-2.391519112253692 + (0.8163618698332834 * x_2)))) * ((-0.00551 + (-0.768 * exp((0.00389 + (-2.8325456789844874 + (0.8985308040340149 * x_0)))))) * (-84.60000000000001 + (20.3 * (-2.689919738378074 + (0.9109270103670807 * x_1))))))))) + (0.637 + (0.262 * (-2.649399129385902 + (0.8900528640090624 * x_3))))))**2)) - ((0.097 + (0.07690000000000001 * (-2.6338575830760558 + (0.8934994887606297 * x_4)))) * (-0.0015199999999999999 + (7.25 * tan((-0.149 + (-0.056100000000000004 * (-2.689919738378074 + (0.9109270103670807 * x_1)))))))))
feynman_test_19,ok,6,NoRef,0.8827589426058714,5.350417727110212,133,28.182624578475952,,0.001,(((-0.00246 + exp(((-0.00284 + (0.24400000000000002 * inv((-0.739 + (-0.392 * (-2.510605559071305 + (0.8605237995995644 * x_2))))))) - (-0.741 + (-0.867 * (-2.5340806714331805 + (0.8433488361089256 * x_3))))))) * (-0.049100000000000005 + (0.07700000000000001 * sqrt(((0.016300000000000002 + (-0.09100000000000001 * sqrt((0.56 + (0.049 * ((-0.00844 + (-0.808 * (-2.469934740574904 + (0.8197279678209497 * x_1)))))**2))))) * (-1.87 + (-0.8180000000000001 * (-2.470148202109449 + (0.8643710414180056 * x_0))))))))) * ((((0.00839 * (-2.510605559071305 + (0.8605237995995644 * x_2))) * ((0.5780000000000001 + (-0.00963 * (-2.470148202109449 + (0.8643710414180056 * x_0)))) - (-0.003909999999999999 + (-8.33 * (-2.586608786405093 + (0.8513854795762903 * x_5)))))) + (-93.10000000000001 + (0.00671 * (-2.469934740574904 + (0.8197279678209497 * x_1))))) * ((-2.54 + (-9.27 * inv((2.6 + (-2.470148202109449 + (0.8643710414180056 * x_0)))))) * ((8.3 + (3.87 * (-2.563942402759304 + (0.8359465135192651 * x_4)))) * (-0.036300000000000006 + (-0.018000000000000002 * (-2.586608786405093 + (0.8513854795762903 * x_5))))))))
feynman_test_2,ok,6,NoRef,0.01778059601103643,1.8725965211763362,112,10.012049436569214,,0.001,((-0.00517 + (0.619 * ((((((0.551 + (-3.694453183714725 + (1.849845799738913 * x_0))) - ((-0.29500000000000004 + (-0.046700000000000005 * (-3.484219578395549 + (1.7515960242856556 * x_1)))) * (0.0056 + (-8.950000000000001 * (-3.442291868563275 + (1.728032016896608 * x_2)))))) * (0.28700000000000003 + (0.00016999999999999999 * (-3.484219578395549 + (1.7515960242856556 * x_1))))) + (0.917 + (0.07400000000000001 * (-3.442291868563275 + (1.728032016896608 * x_2))))) - (0.00637 + (-0.936 * cos(((0.18000000000000002 + (-0.328 * (-1.5805657668478423 + (0.5708335569588892 * x_4)))) + (0.033800000000000004 + (-0.9420000000000001 * inv((-0.00182 + (8.06 * inv((-0.050100000000000006 + (8.75 * (-1.6813708131974574 + (0.5715451023570847 * x_5))))))))))))))))**2)) + (0.161 + (-0.21000000000000002 * abs(((-0.327 + (-2.92 * (-1.6813708131974574 + (0.5715451023570847 * x_5)))) + (-0.0033399999999999997 + (4.5 * (-1.5805657668478423 + (0.5708335569588892 * x_4)))))))))
feynman_test_20,ok,7,NoRef,0.4920195792016475,2.906190911671363,137,15.142901420593262,,0.001,((-0.0664 + (-0.042800000000000005 * inv(((-0.053500000000000006 + (-3.46 * (-1.6532529969200138 + (0.5406303341028174 * x_6)))) - ((-0.056400000000000006 + (-0.008289999999999999 * (-2.5572280095030715 + (0.8621049992891755 * x_3)))) + (-0.016 + (-0.044800000000000006 * (-1.6532529969200138 + (0.5406303341028174 * x_6))))))))) * ((0.36300000000000004 + (98.60000000000001 * abs(((-0.054900000000000004 + (-0.0323 * (-2.5572280095030715 + (0.8621049992891755 * x_3)))) * (0.9600000000000001 + (0.35000000000000003 * exp(((-0.053000000000000005 + (0.389 * sqrt((92.10000000000001 + (-2.4913618241411206 + (0.870112794150215 * x_0)))))) * ((((-8.8 + (9.06 * (-2.4913618241411206 + (0.870112794150215 * x_0)))) * (0.0028 + (0.027100000000000003 * (-2.4913618241411206 + (0.870112794150215 * x_0))))) - (-0.0371 + (-0.919 * arctan((-0.00775 + (-0.043000000000000003 * inv((-0.027600000000000003 + (-0.0102 * (-2.6907610883925144 + (0.890707011566884 * x_4))))))))))) - ((0.191 + (0.253 * (-2.783570439639793 + (0.9233358890323494 * x_5)))) + (0.00652 + (-0.253 * (-2.5052288861366203 + (0.8487810534637035 * x_1)))))))))))))) * (-0.058300000000000005 + (-0.029 * (-2.7376235059154497 + (0.8673671831208826 * x_2))))))
feynman_test_3,ok,4,NoRef,0.9991633675028284,0.056301416337150155,59,8.619431018829346,,0.001,((0.00789 + (0.9430000000000001 * exp((0.00859 + (0.0084 * (((-0.00471 + (2.17 * (-15.032047874287718 + (3.353815118292767 * x_3)))) - (0.053000000000000005 + (1.84 * (-16.172015121786515 + (3.5941604003366345 * x_2))))))**2))))) * ((4.7 + (0.00115 * (-15.032047874287718 + (3.353815118292767 * x_3)))) * ((0.201 + (0.0635 * (-4.859006065813082 + (1.6427931891012966 * x_1)))) * (-4.5 + (-1.31 * (-3.471159570853373 + (1.6737506595930596 * x_0)))))))
feynman_test_4,ok,5,NoRef,0.9730566177731796,0.08287954249943932,72,21.43320655822754,,0.001,(-0.504 + (4.61 * sqrt((((9.23 + (-8.409856081703799 + (0.8421415637065467 * x_1))) - ((0.645 + (0.463 * (-3.4980833203229977 + (1.8537679695560751 * x_2)))) - ((9.5 + (5.16 * (-3.3956721904323857 + (1.6818367301853963 * x_3)))) * ((-0.153 + (-0.00883 * (-8.409856081703799 + (0.8421415637065467 * x_1)))) * (0.003 + (0.273 * inv((0.9700000000000001 + (0.452 * (-3.631622653697142 + (1.8179962395743536 * x_4))))))))))) * (0.006999999999999999 + (-4.44 * inv((-76.10000000000001 + (-20.6 * (-3.434758293955252 + (1.7338496667716403 * x_0)))))))))))
feynman_test_5,ok,4,NoRef,0.9742009439703174,0.495571281374008,88,16.12120246887207,,0.001,(((0.08570000000000001 + (-3.23468266994482 + (1.6591241874943665 * x_0))) + (2.88 + (-0.00507 * (-3.463507310340305 + (1.7558292590522568 * x_1))))) * (((8.68 + (-3.23468266994482 + (1.6591241874943665 * x_0))) + ((0.00656 + (0.62 * (-3.23468266994482 + (1.6591241874943665 * x_0)))) - (-0.022600000000000002 + (-0.00091 * (-3.463507310340305 + (1.7558292590522568 * x_1)))))) * (0.112 + (-0.0393 * inv(((((-2.6 * (-3.463507310340305 + (1.7558292590522568 * x_1))) * (0.167 + (0.001 * (-3.463507310340305 + (1.7558292590522568 * x_1))))) + (-2.06 + (-0.2 * (-3.5243486716001864 + (1.7355707966666627 * x_2))))) * (0.166 + (0.020100000000000003 * (-3.5715645968617267 + (1.7740534831014714 * x_3))))))))))
feynman_test_6,ok,7,NoRef,0.7373694117716809,0.2625600992771402,112,20.124724864959717,,0.001,(0.999 + (0.05740000000000001 * (((-4.16 + (0.20500000000000002 * (-3.449152718312042 + (1.6976979855860372 * x_4)))) * (-0.0038 + (-0.864 * (((-0.0017699999999999999 + (0.015600000000000001 * (-3.51997998884813 + (1.7280743807208145 * x_2)))) - ((0.056400000000000006 + (0.0746 * exp(((0.006869999999999999 + (-0.7020000000000001 * (-3.464097052656947 + (1.740799776652784 * x_5)))) + (0.756 + (-0.768 * ((0.7120000000000001 + (0.47100000000000003 * (-3.4017177863831747 + (1.6461681118362466 * x_3)))))**2)))))) + (((5.01 + (-3.564003084010684 + (1.7270366227340548 * x_0))) * ((0.069 + (0.0097 * (-3.495416236538771 + (1.7382917673746647 * x_1)))) - (0.00434 + (-0.0047799999999999995 * (-3.4949213836164295 + (1.7467222493641044 * x_6)))))) * (1.31 + (0.007899999999999999 * (((0.61 + (-0.2 * (-3.449152718312042 + (1.6976979855860372 * x_4)))) * (3.47 + (-0.439 * (-3.51997998884813 + (1.7280743807208145 * x_2))))))**3))))))**2))))**2))
feynman_test_7,ok,5,NoRef,0.9962950836859936,0.07126207931412741,55,16.93211555480957,,0.001,(0.01 + (1.21 * sqrt((((-0.166 + (-4.01008885957154 + (1.9368236560367404 * x_0))) - (-4.26 + (0.00889 * ((((-1.45 * (-5.4800875475190685 + (3.679942846274682 * x_3))) + (-0.05500000000000001 + (-0.903 * (-5.4674033515100415 + (3.6309111090818504 * x_2))))) + (-2.7 + (2.24 * (-3.6016316191425464 + (1.7889994255916244 * x_4))))))**2))) * (6.08 + (1.7 * (-3.5817515635104775 + (1.71294374453043 * x_1))))))))
feynman_test_8,ok,4,NoRef,0.9184130582819797,0.13576662619326427,74,15.94290041923523,,0.001,((0.030000000000000002 + (0.008 * (-3.3653065153557096 + (1.6809530999057976 * x_0)))) * ((60.0 + (-2.0 * (-3.3653065153557096 + (1.6809530999057976 * x_0)))) + (0.02 + (-0.002 * (((70.0 + (-31.0 * (-3.3575040445859767 + (1.7014291673085824 * x_2)))) - ((0.1 + (15.3 * (-3.4363172184011948 + (1.7384611621281187 * x_1)))) + ((0.1 + (9.0 * (-3.3653065153557096 + (1.6809530999057976 * x_0)))) + ((-0.2 + (0.05 * (-3.4646197585343543 + (1.7925414576254786 * x_3)))) * (-0.001 + (87.4 * (-3.4646197585343543 + (1.7925414576254786 * x_3)))))))))**2))))
feynman_test_9,ok,5,NoRef,0.9726769720725114,1779.9184491157396,57,13.805702447891235,,0.001,(0.007319999999999999 + (-0.04650000000000001 * (((0.0456 + (0.020700000000000003 * (-2.4930593469502407 + (0.8452017443213172 * x_2)))) * (((2.24 + (-2.5627625663383364 + (0.8211078402482829 * x_3))) * (-0.00649 + (85.60000000000001 * inv(((-32.0 + (-12.1 * (-5.185088551029865 + (3.40858213908487 * x_4)))) * (-0.0075899999999999995 + (-0.00284 * (-5.229820704398722 + (3.505187093079862 * x_1))))))))) * (2.43 + (0.755 * (-5.657145228365777 + (3.711512297913349 * x_0)))))))**2))
first_principles_absorption,ok,1,NoRef,0.969110102780858,0.19533459668621891,19,6.211259126663208,,0.001,(-0.025800000000000003 + (0.12100000000000001 * ((0.009779999999999999 + (-3.8000000000000003 * arctan((1.99 + (2.72 * (-0.748484636380034 + (0.08019887424858779 * x_0))))))))**2))
first_principles_bode,ok,1,BFGS,0.002496363246738631,6.073714158823335,55,6.9302027225494385,,0.001,(((-19.030465155190655 * arctan((0.22249214266181738 + (0.3659119885901363 + (0.0030116213052686115 * x_0))))) * (-0.31426539744620935 + (-0.00010510443707623229 * tan(((0.03766062027699447 + (49.773643004520615 * (0.3659119885901363 + (0.0030116213052686115 * x_0)))) * (0.4185923304689607 + (-0.35618313218135167 * sin((-0.2803185173785983 + (10.124006727946485 * (0.3659119885901363 + (0.0030116213052686115 * x_0)))))))))))) + (1.8500751767972439 + (-32.57431648406575 * abs((0.026101257481154713 + (-0.07156465275670729 * (0.3659119885901363 + (0.0030116213052686115 * x_0))))))))
first_principles_hubble,ok,1,NoRef,0.6000184984522221,212.72095164219309,75,8.859278678894043,,0.001,((0.0976 + (2.48 * (-1.4730662843564242 + (1.6521438540845628 * x_0)))) - (((3.27 + (-0.09060000000000001 * (-1.4730662843564242 + (1.6521438540845628 * x_0)))) * ((0.0284 + (71.0 * sin((88.3 * (-1.4730662843564242 + (1.6521438540845628 * x_0)))))) + ((0.00245 + (-0.0323 * inv((0.08520000000000001 * (-1.4730662843564242 + (1.6521438540845628 * x_0)))))) + (-0.9630000000000001 + (-92.10000000000001 * (-1.4730662843564242 + (1.6521438540845628 * x_0))))))) - (94.8 + (42.2 * sqrt((0.00632 + (85.8 * cos((0.032 + (-0.614 * (-1.4730662843564242 + (1.6521438540845628 * x_0))))))))))))
first_principles_ideal_gas,ok,3,NoRef,0.903848324759471,0.41637502078876887,119,10.13489580154419,,0.001,(2.57 + (12.700000000000001 * sqrt((0.00249 + (0.022400000000000003 * sqrt(((0.0063999999999999994 + (11.3 * sqrt((0.607 + (0.058100000000000006 * sqrt((59.800000000000004 + (0.41500000000000004 * inv((7.75 + (0.325 * (-1.7269481113159797 + (0.03158325643002412 * x_2))))))))))))) * ((0.20500000000000002 + (0.126 * (-1.6525414953354425 + (0.03695931216347938 * x_0)))) * ((0.761 + (0.0771 * sin(((-0.197 + (-81.9 * (-1.6525414953354425 + (0.03695931216347938 * x_0)))) + (-57.6 + (0.525 * (-14.525050446141405 + (0.04080730581327434 * x_1)))))))) * ((6.99 + (-0.34600000000000003 * inv(((0.0044199999999999995 + (2.07 * (-1.7269481113159797 + (0.03158325643002412 * x_2)))) + ((0.0178 + (4.0 * (-1.6525414953354425 + (0.03695931216347938 * x_0)))) * (-7.49 + (0.00203 * (-1.7269481113159797 + (0.03158325643002412 * x_2))))))))) * (-0.0819 + (0.234 * inv((0.0678 + (0.035800000000000005 * (-1.7269481113159797 + (0.03158325643002412 * x_2)))))))))))))))))
first_principles_kepler,ok,1,NoRef,0.9980127215802147,172.71037636801478,29,8.099916696548462,,0.001,((30.0 + (34.0 * (-0.9263602581597056 + (0.3029466151936684 * x_0)))) * ((65.0 + (26.0 * (-0.9263602581597056 + (0.3029466151936684 * x_0)))) + (-0.1 + (-0.003 * (-0.9263602581597056 + (0.3029466151936684 * x_0))))))
first_principles_leavitt,ok,1,NoRef,0.8493757202903655,0.3831989605024916,24,6.543879985809326,,0.001,((13.6 + (-1.0 * (-1.7400037114235716 + (2.09864284243919 * x_0)))) + (0.1 + (0.3 * sin((0.01 + (24.0 * (-1.7400037114235716 + (2.09864284243919 * x_0))))))))
first_principles_newton,ok,3,BFGS,0.006762407690623751,10.837089004323143,62,8.315282106399536,,0.001,((((-20.569651447719206 + (-0.2899960593046727 + (2.629351402398742e-30 * x_2))) - (25.023651450476706 + (-61.36565006715039 * ((-1.8057897112572558 + (-48.502788283946344 * inv((92.65336947309439 + (-1.1765454045939643 * (-0.613759874811038 + (7.12682274600027e-13 * x_0))))))))**2))) * (0.07983540860144948 + (0.0002488696586862995 * sin(((1.306659686829756 + (-34.98766993511613 * (-0.27162048092758545 + (5.186968952067431e-30 * x_1)))) * (0.06955684747461775 + (67.68155381555614 * (-0.27162048092758545 + (5.186968952067431e-30 * x_1))))))))) * (1.9881605869873251 + (-0.011566740087785481 * (-0.613759874811038 + (7.12682274600027e-13 * x_0)))))
first_principles_planck,ok,2,NoRef,0.6322665349033805,120.53595251882834,42,9.253423690795898,,0.001,((-20.0 + (-9.0 * sin((42.6 * (-0.9222249154556069 + (0.0006349597364519323 * x_1)))))) + (-6.0 + (-0.6 * abs(((0.1 + (0.4 * (-0.34842883289438253 + (6.020477322376928e-16 * x_0)))) * (0.02 + (-9.0 * inv((0.060000000000000005 + (0.07 * (-0.9222249154556069 + (0.0006349597364519323 * x_1))))))))))))
first_principles_rydberg,ok,2,NoRef,0.9904523257784262,0.15956166514144,34,7.277651309967041,,0.001,(-5.0 + (-8.0 * exp(((0.030000000000000002 + (-0.006999999999999999 * (-3.60108467081408 + (0.6407623969420071 * x_1)))) * ((1.0 + (-7.3 * (-1.95961510923864 + (0.5974436308654391 * x_0)))) + (-0.1 + (1.8 * (-3.60108467081408 + (0.6407623969420071 * x_1)))))))))
first_principles_schechter,ok,1,NoRef,0.9513101082484654,1.0985115547594537,74,8.83174180984497,,0.001,((-0.68 + (-2.98 * (-0.5152265363826667 + (1.6261733659552068e-09 * x_0)))) + ((-30.7 + (4.51 * ((0.08170000000000001 + (-5.0 * inv((-7.3 + (-4.47 * (-0.5152265363826667 + (1.6261733659552068e-09 * x_0))))))))**3)) - (-2.97 + (17.7 * inv(((-2.33 + (-0.728 * (-0.5152265363826667 + (1.6261733659552068e-09 * x_0)))) + (0.153 + (-45.300000000000004 * inv((-0.0694 + (-0.626 * abs((-0.00581 + (-0.9790000000000001 * tan((-0.0825 + (7.140000000000001 * inv((0.889 + (7.83 * (-0.5152265363826667 + (1.6261733659552068e-09 * x_0))))))))))))))))))))))
first_principles_supernovae_zg,ok,1,NoRef,0.7460820213762942,0.14643818371275147,34,9.045560836791992,,0.001,(0.01 + (0.9 * exp((0.01 + (-0.030000000000000002 * abs(((-60.0 + (-70.0 * (-1.0690083287768268 + (0.03814143456527167 * x_0)))) + (-0.2 + (-2.0 * sin((0.7000000000000001 + (90.0 * (-1.0690083287768268 + (0.03814143456527167 * x_0))))))))))))))
first_principles_supernovae_zr,ok,1,NoRef,0.4726300170305273,0.15930300874555683,78,8.463943004608154,,0.001,(-0.00416 + (0.501 * ((0.00242 + (-29.400000000000002 * inv(((1.97 + (0.5690000000000001 * (-1.6026515238622114 + (0.046431321645507846 * x_0)))) * ((-16.9 + (-0.9390000000000001 * sin((6.72 * (-1.6026515238622114 + (0.046431321645507846 * x_0)))))) + (-4.6000000000000005 + (-2.08 * ((((0.10700000000000001 * abs((0.61 + (-1.6026515238622114 + (0.046431321645507846 * x_0))))) * (0.0912 + (6.96 * (-1.6026515238622114 + (0.046431321645507846 * x_0))))) + (-0.022000000000000002 + (0.0656 * tan((0.633 + (0.366 * inv((0.0488 + (-64.7 * (-1.6026515238622114 + (0.046431321645507846 * x_0))))))))))))**2))))))))**2))
first_principles_tully_fisher,ok,1,NoRef,0.9015826186222712,0.4455439596389549,39,5.221320867538452,,0.001,(-0.00149 + (-7.15 * log(((-0.0809 + (2.64 * (-2.139304033980945 + (0.006687978646939128 * x_0)))) + (14.5 + (-1.11 * cos((-0.0698 + (8.45 * cos((-4e-05 + (-0.05740000000000001 * ((0.134 + (32.8 * (-2.139304033980945 + (0.006687978646939128 * x_0)))))**2))))))))))))
nikuradse_1,ok,2,NoRef,0.6477013567091001,0.05486955298473847,44,7.0506370067596436,,0.001,((0.3 + (0.060000000000000005 * abs(((0.02 + (-0.01 * (-8.043667186640068 + (1.6172840179308134 * x_1)))) * ((-0.01 + (-90.0 * (-1.3445265834704199 + (0.005918071145166688 * x_0)))) + (0.01 + (63.7 * (-8.043667186640068 + (1.6172840179308134 * x_1))))))))) + (-0.001 + (-0.13 * (-1.3445265834704199 + (0.005918071145166688 * x_0)))))
nikuradse_2,ok,1,NoRef,0.8805608154850489,0.10895956936517712,37,9.85243821144104,,0.001,(2.18 + (-0.006 * abs(((20.0 + (-9.9 * sin((-87.4 * (-1.9879774008876716 + (1.6574136973190292 * x_0)))))) + ((1.0 + (-0.4 * (-1.9879774008876716 + (1.6574136973190292 * x_0)))) * (-0.01 + (80.8 * (-1.9879774008876716 + (1.6574136973190292 * x_0)))))))))
solar_flare,ok,10,BFGS,nan,nan,173,13.912837743759155,,0.001,(0.684083829408551 + (-9.283041897347076 * inv(((12.453948928221424 + (-0.761578287794147 * (-1.1997483391631258 + (0.4751478570943073 * x_0)))) + (52.45694892821432 + (0.00026270531528706795 * (((((3.308911098903589 + (-2.207994968177486 + (1.5549260339278073 * x_4))) - (((-4.782615647054646 + (-0.5233405681948146 + (2.4341421776503003 * x_3))) + (-0.444115647054279 + (11.622327164593038 * (-3.0 + (3.3333333333333335 * x_7))))) * ((-2.7208412705642795 + (19.15764030522312 * (-0.20412414523193148 + (5.103103630798286 * x_8)))) - (-4.891988729438101 + (-0.1676676344119888 * (-0.17223278830124386 + (3.1315052418407974 * x_5))))))) * (((9.782401255512834 + (-0.20412414523193148 + (5.103103630798286 * x_8))) + ((0.5414012555126929 + (3.3274325579862998 * abs((((4.446456864716624 + (4.089114218331951 * sqrt((1.1314727960136568 + (-0.00855 * (nan + (inf * x_9))))))) - (-4.423806864713887 + (-11.061683043541455 * inv((0.1270211708230864 + (1.7287775498841271 * (-0.7418811204628575 + (2.0898059731348098 * x_6)))))))) - (2.488443135285901 + (-0.706144226976681 * (-1.3712047854703497 + (1.257986041715917 * x_2)))))))) + ((-0.0884241398594522 + (-9.01 * (nan + (inf * x_9)))) * ((-0.20649608044587903 + (4.16233916360905 * (-0.7418811204628575 + (2.0898059731348098 * x_6)))) * (-0.5799987458122539 + (-0.030289219083218907 * (-1.4326457214253776 + (0.7744030926623663 * x_1)))))))) * (-0.27492833764179003 + (-0.059522434493658426 * (-1.4326457214253776 + (0.7744030926623663 * x_1)))))) + (-5.087370548347387 + (2.1997789635532077 * ((0.36375246407083184 + (-2.811083387158848 * (-0.5233405681948146 + (2.4341421776503003 * x_3)))))**2))))**2))))))
strogatz_bacres1,ok,2,NoRef,0.9682283209587078,0.43706252644848137,92,5.492550373077393,,0.001,(((((-61.0 * (-6.2652814930864 + (0.45765203318264863 * x_0))) + ((-2.0300000000000002 + (-91.8 * (-3.1009340740058042 + (0.07848210426397985 * x_1)))) + ((0.9620000000000001 + (-0.09920000000000001 * (-6.2652814930864 + (0.45765203318264863 * x_0)))) + (-0.0091 + (0.0609 * inv((-0.23 + (0.006339999999999999 * (-6.2652814930864 + (0.45765203318264863 * x_0)))))))))) + (-1.42 + (-5.16 * ((-0.00895 + (-0.08800000000000001 * (-6.2652814930864 + (0.45765203318264863 * x_0)))))**2))) * (0.0142 + (-0.00696 * (-3.1009340740058042 + (0.07848210426397985 * x_1))))) + (0.3 + (0.445 * cos((-0.09250000000000001 + (-0.8570000000000001 * log((0.0332 + (-0.00656 * cos((-0.05330000000000001 + (38.300000000000004 * (-6.2652814930864 + (0.45765203318264863 * x_0))))))))))))))
strogatz_bacres2,ok,2,NoRef,0.9601064550262981,0.4258236573934339,67,5.189651966094971,,0.001,(-0.00873 + (0.06340000000000001 * abs(((-9.69 + (0.7160000000000001 * (-6.2652814930864 + (0.45765203318264863 * x_0)))) * ((0.919 + (0.613 * sqrt((9.35 + (0.7020000000000001 * (-3.1009340740058042 + (0.07848210426397985 * x_1))))))) - (((0.0030199999999999997 + (-6.2652814930864 + (0.45765203318264863 * x_0))) - (-2.15 + (1.35 * (-3.1009340740058042 + (0.07848210426397985 * x_1))))) * (-0.9700000000000001 + (-17.400000000000002 * inv((15.3 + (6.890000000000001 * ((0.09730000000000001 + (-0.016200000000000003 * (-3.1009340740058042 + (0.07848210426397985 * x_1)))))**2)))))))))))
strogatz_barmag1,ok,2,NoRef,0.8648148394462621,0.09086352529635629,77,8.37435269355774,,0.001,(0.009949999999999999 + (0.804 * (((-0.005 + (0.0043 * arctan((0.00029 + (-15.844310416841397 + (2.7805581875467364 * x_0)))))) * (7.8500000000000005 + (55.4 * arctan((((3.22 + (36.0 * (-15.844310416841397 + (2.7805581875467364 * x_0)))) * (0.0211 + (9.47 * (-1.2538429920116652 + (0.3484404828044345 * x_1))))) - ((35.800000000000004 + (-3.88 * sqrt((61.6 + (-0.00297 * cos((-56.7 + (0.00652 * (-1.2538429920116652 + (0.3484404828044345 * x_1)))))))))) * (-0.00494 + (-0.0154 * ((-0.09200000000000001 + (3.64 * (-15.844310416841397 + (2.7805581875467364 * x_0)))))**3)))))))))**2))
strogatz_barmag2,ok,2,NoRef,0.7097553141654034,0.20371439740587505,34,14.580017566680908,,0.001,((0.003 + (-0.003 * (-15.844310416841397 + (2.7805581875467364 * x_0)))) * ((-60.0 + (70.0 * (-1.2538429920116652 + (0.3484404828044345 * x_1)))) + (0.001 + (-63.7 * sin((0.030000000000000002 + (-3.0 * (-1.2538429920116652 + (0.3484404828044345 * x_1)))))))))
strogatz_glider1,ok,2,NoRef,0.9115967028750462,0.23420200949148062,82,6.4750165939331055,,0.001,((0.5890000000000001 + (-31.7 * (((-0.008629999999999999 + (-0.0062499999999999995 * (-1.8084175385794719 + (0.8984434651839722 * x_0)))) * (0.18000000000000002 + (-8.77 * (-1.836876920436821 + (0.13306474919016115 * x_1))))))**3)) - ((1.6400000000000001 + (-0.00817 * (-1.8084175385794719 + (0.8984434651839722 * x_0)))) * (((0.0038699999999999997 * ((0.0023699999999999997 + (3.94 * (-1.8084175385794719 + (0.8984434651839722 * x_0)))))**2) - (0.00422 + (-0.642 * cos(((0.00769 + (7.5 * (-1.836876920436821 + (0.13306474919016115 * x_1)))) + (-0.515 + (-0.0297 * (-1.8084175385794719 + (0.8984434651839722 * x_0))))))))) + (0.47300000000000003 + (0.12200000000000001 * (-1.8084175385794719 + (0.8984434651839722 * x_0)))))))
strogatz_glider2,ok,2,NoRef,0.4819342479937766,0.7623646322355598,34,7.261742353439331,,0.001,((2.0 + (0.9 * (-1.8084175385794719 + (0.8984434651839722 * x_0)))) + (0.1 + (-0.8 * sin(((0.7000000000000001 + (-2.0 * (-1.8084175385794719 + (0.8984434651839722 * x_0)))) + (0.030000000000000002 + (-2.0 * (-1.836876920436821 + (0.13306474919016115 * x_1)))))))))
strogatz_lv1,ok,2,NoRef,0.38804882297048016,0.7529093694343684,57,11.639164209365845,,0.001,((-0.0274 + (-8.99 * (((4.9 + (-0.00021999999999999998 * ((6.5 + (-2.21 * abs(((3.98 + (0.00098 * inv((53.0 * (-1.0185100736451067 + (0.7243342361165919 * x_0)))))) + (0.25 + (-69.9 * (-1.0185100736451067 + (0.7243342361165919 * x_0)))))))))**2)) * (0.448 + (0.537 * (-1.1210540200500059 + (1.0527256234139701 * x_1))))))**2)) * (0.009989999999999999 + (0.042600000000000006 * (-1.0185100736451067 + (0.7243342361165919 * x_0)))))
strogatz_lv2,ok,2,NoRef,0.6141090264606345,0.3405142982957013,39,12.488755702972412,,0.001,((-0.00632 + (0.0036 * (((76.5 + (-3.23 * (-1.0185100736451067 + (0.7243342361165919 * x_0)))) + (-2.79 + (-2.39 * ((-0.0073999999999999995 + (5.41 * (-1.1210540200500059 + (1.0527256234139701 * x_1)))))**2))))**2)) * (-0.0274 + (-0.0267 * (-1.0185100736451067 + (0.7243342361165919 * x_0)))))
strogatz_predprey1,ok,2,NoRef,0.7172308169954509,1.3405853456128456,34,10.88096284866333,,0.001,((0.001 + (0.008 * (-1.8083916054835167 + (0.37798488323581947 * x_1)))) * (-0.2 + (-0.9 * (((8.0 + (9.0 * (-0.7749611889583518 + (0.8276419259871193 * x_0)))) + (0.1 + (-7.7 * (-1.8083916054835167 + (0.37798488323581947 * x_1))))))**2)))
strogatz_predprey2,ok,2,NoRef,0.9176822017989799,0.4663407437080187,47,6.2284510135650635,,0.001,(((-0.025500000000000002 + (-0.7749611889583518 + (0.8276419259871193 * x_0))) - (0.0244 + (0.76 * (-1.8083916054835167 + (0.37798488323581947 * x_1))))) * ((1.6 + (0.789 * (-1.8083916054835167 + (0.37798488323581947 * x_1)))) + ((0.779 + (5.5600000000000005 * (-1.8083916054835167 + (0.37798488323581947 * x_1)))) * (-0.07260000000000001 + (-0.053000000000000005 * (-0.7749611889583518 + (0.8276419259871193 * x_0)))))))
strogatz_shearflow1,ok,2,NoRef,0.22070460987440654,0.43220417403093275,39,9.440797567367554,,0.001,(-0.3 + (0.9 * inv((1.3 + (-2.0 * inv(((0.01 + (-0.02 * (0.1425865318514197 + (0.5727827728700499 * x_1)))) * ((-0.6 + (50.0 * (0.1425865318514197 + (0.5727827728700499 * x_1)))) + (-0.001 + (0.001 * (1.0787725150702083 + (0.4912165308203284 * x_0))))))))))))
strogatz_shearflow2,ok,2,NoRef,0.1941154981758333,0.1971686970350917,32,7.379819631576538,,0.001,(-0.00479 + (0.624 * inv((2.68 + (61.6 * sin(((-0.0171 + (4.8 * inv((-0.527 + (1.0787725150702083 + (0.4912165308203284 * x_0)))))) * (0.009989999999999999 + (-0.024200000000000003 * (0.1425865318514197 + (0.5727827728700499 * x_1)))))))))))
strogatz_vdp1,ok,2,BFGS,0.0005909368949065241,1.0320935516903942,78,19.22997784614563,,0.001,(((0.040681286643697814 * (-0.3313309365474487 + (4.278311300708479 * x_1))) * (0.0118159358927653 + (-0.00487005304109256 * inv(((0.255274120169297 + (-0.21423680522046287 * (-0.3313309365474487 + (4.278311300708479 * x_1)))) - (((-0.00898211319427218 + sin((92.52051904291547 * (-0.3313309365474487 + (4.278311300708479 * x_1))))) + (0.3986478868057278 + (5.22902873940792 * (-0.44260024914922197 + (1.069046206513926 * x_0))))) * (-0.05179758029132609 + (-0.4514042503958276 * inv(((-0.11009079008857887 + (0.8859098742412458 * (-0.44260024914922197 + (1.069046206513926 * x_0)))) - (0.16229079008857888 + (1.6006619934225168 * (-0.3313309365474487 + (4.278311300708479 * x_1)))))))))))))) + (-0.04586199588415291 + (-0.0003562016373379522 * (-0.44260024914922197 + (1.069046206513926 * x_0)))))
strogatz_vdp2,ok,2,NoRef,0.999991071297426,0.00027951022601832874,57,4.361107349395752,,0.001,((-0.045500000000000006 + (-0.09380000000000001 * (-0.44260024914922197 + (1.069046206513926 * x_0)))) - (-0.004 + (0.406 * inv(((((-5.71 + (-0.3313309365474487 + (4.278311300708479 * x_1))) * (3.14 + (-76.5 * (-0.44260024914922197 + (1.069046206513926 * x_0))))) * (0.0194 + (-15.700000000000001 * (-0.3313309365474487 + (4.278311300708479 * x_1))))) * (-0.0053 + (7.69 * sqrt((91.0 + (8.97 * (-0.44260024914922197 + (1.069046206513926 * x_0))))))))))))
