dataset,status,n_features,refinement_type,r2,rmse,complexity,complexity_original,complexity_simplified,expr,expr_simplified,seconds,error,rows
1027_ESL,ok,4,NoRef,0.8560975939845674,0.5516531615800696,32,34,32,(((0.877 + (0.139 * (-3.689442089095961 + (0.6641659926365366 * x_0)))) - (((-4.2 + (-0.38 * (-4.543727322540949 + (0.8485018342746871 * x_2)))) - ((-0.002 + (-7.47 * (-3.1650294675520123 + (0.6187740894529837 * x_1)))) * (-0.0425 + (0.00838 * (-4.543727322540949 + (0.8485018342746871 * x_2)))))) - ((0.10700000000000001 + (-0.20700000000000002 * tan((-0.0951 + (10.700000000000001 * (-4.543727322540949 + (0.8485018342746871 * x_2))))))) - (0.0057399999999999994 + (-0.382 * (-6.146798559422659 + (1.0976425998969035 * x_3))))))) - (0.00067 + (-0.24000000000000002 * (-6.146798559422659 + (1.0976425998969035 * x_3))))),0.092319072976478596*x_0 - 0.032866202420567012*x_1*x_2 + 0.37244381801122234*x_1 + 0.49052710151483896*x_2 + 0.68273369713587401*x_3 - 0.20700000000000002*tan(9.0789696267391529*x_2 - 48.712982351188159) - 2.79005651316827,6.319238901138306,,200
1028_SWD,ok,10,BFGS,0.0010680107193901112,0.8072813820513081,91,91,91,(((7.050054467623045e-05 * (-2.4841136395988146 + (1.2451697441598069 * x_3))) - (7.9391053267614025 + (77.21377919096678 * inv(((17.00708644959268 + (1.5875950247996762 * (-2.566230515260939 + (1.2704111461687815 * x_8)))) * ((((((-2.5904290116544066 + (1.3421911977483971 * x_6)) * (-6.257281891566471 + (24.760594405200965 * (-2.7885115085974532 + (1.4154880754301793 * x_0))))) + (-71.45992033957509 + (-1.197477490103392 * inv((7.981879466055242 + (6.303428561251049 * (-2.9121760301824526 + (1.3867504905630728 * x_7)))))))) - (7.739920339568962 + (-67.06684118343252 * sin((-0.5022264865009222 + (-1.0268408366271984 * abs((1.2138117144028018 + (-6.2286311164954915 * (-2.1689364464787513 + (0.972617240573431 * x_2))))))))))) * (-86.51018404831255 + (72.59314150777736 * (-2.3736872687394746 + (1.012233376861183 * x_4))))) - (-67.98173426063066 + (0.021314324982427 * sin((-59.099976846532286 + (-8.199970286622968 * (-2.9293890917537175 + (2.0064308847628203 * x_5))))))))))))) + ((0.028494673238590798 + (0.0005922095641866718 * (-2.6745450995191127 + (1.3046561461068844 * x_9)))) + (11.670894673238541 + (0.13802208530036333 * ((-0.253130171577644 + (-0.8560113265373102 * sin((0.020813596686296836 + (63.67722178127901 * (-2.8621521711176414 + (1.2806049982629268 * x_1))))))))**3)))),8.7785145177628906e-5*x_3 + 0.00077262984769942081*x_9 + 0.13802208530036333*(-0.8560113265373102*sin(81.545368488602811*x_1 - 182.23308497534099) - 0.253130171577644)**3 + 3.7585249971633161 - 77.21377919096678/((2.0168984151076117*x_8 + 12.932951651075304)*((73.48120076537919*x_4 - 258.82359984312678)*((35.048326121125179*x_0 - 75.302484350183073)*(1.3421911977483971*x_6 - 2.5904290116544066) - 67.06684118343252*sin(1.0268408366271984*Abs(6.0580740090756537*x_2 - 14.72331675464151) + 0.5022264865009222) - 79.19984067914405 - 1.197477490103392/(8.7412826495441764*x_7 - 10.374814097987527)) + 0.021314324982427*sin(16.452673637217759*x_5 + 35.079073336194359) + 67.98173426063066)),8.817933559417725,,200
1029_LEV,ok,4,BFGS,3.089888177332245e-05,0.9707578899467244,56,56,56,(1.7399005355417956 + (1.4325978857390607 * ((((0.006069718159042073 * (-1.3537592065395143 + (0.7317617332646023 * x_0))) - (0.17562185674241854 + (-3.3710370449780274 * inv((0.00779521205695366 + (-86.99995978274998 * sqrt((6.939749704260359 + (0.008367691980129485 * inv(((0.8250849942297475 + (0.7048916952764819 * (-1.338219395737549 + (0.6915862510271571 * x_2)))) - (-0.3270849942297478 + (-0.043696291136981924 * (-1.490881128154221 + (0.7665198602335326 * x_1))))))))))))))) + (0.23147814325675167 + (0.00012219993116013156 * sin((0.9803144020561922 + (-0.39497181535519016 * abs((8.302406082042905 + (4.970143134913783 * ((-0.03870197069472107 + (-74.94524563323881 * (-1.3777422408758337 + (0.721331016165358 * x_3)))))**2))))))))))**3)),1.4325978857390607*(0.004441587480488258*x_0 - 0.00012219993116013156*sin(1.9630664565720327*(54.06033018938651*x_3 - 103.21652869103351)**2 + 2.2989019999842659) + 0.047639349675429852 + 3.3710370449780274/(0.00779521205695366 - 86.99995978274998*sqrt(6.939749704260359 + 0.008367691980129485/(0.033494074975043133*x_1 + 0.4874934049164393*x_2 + 0.14372427411972626))))**3 + 1.7399005355417956,5.140233516693115,,200
1030_ERA,ok,4,BFGS,8.901383263815177e-08,2.007330227274498,58,60,58,(((5.340730850192745 * sqrt((0.2650618085844022 + (0.06326229693864895 * abs(((15.602392214606526 + (24.30031057688449 * sin((0.19750555471499104 + (-1.775251610451698 + (0.26918144207000727 * x_2)))))) * (-6.431327207669511e-09 + (-7.095740279638365e-08 * cos((-0.0031274647708900848 + (-70.45023089620045 * (-1.6821592654348876 + (0.2229502008528678 * x_0))))))))))))) * (1.5226797985726488 + (3.120526318733496e-08 * (-1.4098777764544617 + (0.21377979931075994 * x_3))))) + (0.1381930282201214 + (3.0193589873967824e-09 * abs(((-0.00031735587644768424 + (-83.5078372657887 * sin((9.558104164227217 * (-1.6821592654348876 + (0.2229502008528678 * x_0)))))) + (46.40175264412356 + (29.59889542302835 * (-1.8026202153614108 + (0.2599308169230585 * x_1))))))))),(3.5628308716453721e-8*x_3 + 8.1322227402335243)*sqrt(0.06326229693864895*Abs((24.30031057688449*sin(0.26918144207000727*x_2 - 1.577746055736707) + 15.602392214606526)*(7.095740279638365e-8*cos(15.7068931284388*x_0 - 118.50538118929988) + 6.431327207669511e-9)) + 0.2650618085844022) + 3.0193589873967824e-9*Abs(-7.693665067327936*x_1 + 83.5078372657887*sin(2.13098124318709*x_0 - 16.078253479846596) + 6.9541319536721282) + 0.1381930282201214,4.778510332107544,,200
1096_FacultySalaries,ok,4,NoRef,0.7113622873362149,2.455953268039804,36,38,36,((-9.11 + (-0.0713 * (-0.5619514869490163 + (2.341464528954235 * x_0)))) * (((-3.86 + (-0.00536 * (-9.112288776127002 + (0.17718880655098507 * x_3)))) + (-0.595 + (0.0279 * (-0.5619514869490163 + (2.341464528954235 * x_0))))) - ((((-0.016300000000000002 + (-8.427043203926056 + (0.14480699704232594 * x_1))) - (-2.9 + (-0.0073999999999999995 * (-0.5619514869490163 + (2.341464528954235 * x_0))))) * (0.33 + (0.09400000000000001 * sin((0.0323 + (72.60000000000001 * (-7.346234106637792 + (0.09939270487749849 * x_2)))))))) + (-0.736 + (0.08900000000000001 * (-9.112288776127002 + (0.17718880655098507 * x_3))))))),(0.166946420914437*x_0 + 9.069932858980535)*(-0.06532686035782316*x_0 + 0.016719535786150953*x_3 + (0.09400000000000001*sin(7.215910374106391*x_2 - 533.3042961419038) + 0.33)*(0.017326837514261338*x_0 + 0.14480699704232594*x_1 - 5.5475016449294789) + 2.874842877570533),5.453310966491699,,50
1193_BNG_lowbwt,ok,9,NoRef,0.27642582439912844,616.3371083823725,89,73,89,((((exp((0.788 + (-0.609 * exp((-46.5 + (68.3 * (-2.1712405933672376 + (2.631806779839076 * x_7)))))))) - ((-0.67 + (0.00666 * (-4.7670358854990456 + (0.20452064575820186 * x_1)))) + (-53.7 + (-76.8 * cos(((-0.0056 + (80.60000000000001 * (-0.8422598823413764 + (2.029541885159943 * x_4)))) - ((0.00496 + (0.00994 * (-0.7018100265975371 + (2.126697050295567 * x_0)))) * (44.6 + (-5.25 * (-1.7565107319733801 + (1.3459852352286439 * x_3))))))))))) * (10.8 + (-4.98 * (-0.7018100265975371 + (2.126697050295567 * x_0))))) + (0.053000000000000005 + (-0.0035099999999999997 * (-0.2412489548185819 + (4.386344633065126 * x_6))))) + (((-0.367 + (-0.8422598823413764 + (2.029541885159943 * x_4))) - ((0.020700000000000003 + (6.69 * cos((-6.95 + (-0.09090000000000001 * (-4.341145088689214 + (0.03261568031203464 * x_2))))))) - (57.2 + (0.06910000000000001 * (-0.4860799579773197 + (1.7055437122011219 * x_5)))))) * (45.800000000000004 + (0.0859 * (-0.9231403599700084 + (0.7474820728502092 * x_8)))))),((14.29501393245574 - 10.59095131047192*x_0)*((-0.0013621075007496244*x_1 + 76.8*cos(163.5810759438914*x_4 + (0.02113936867993793*x_0 - 0.002015991664379518)*(7.0664224849503805*x_3 - 53.821681342860247) - 67.89174651671495) + 54.401748458997427)*exp(1.5342832996501078e-85*exp(179.7524030630089*x_7)) + 2.19899403725988) + (-0.015396069662058591*x_6 + (0.06420871005783297*x_8 + 45.72070224307858)*(2.029541885159943*x_4 + 0.11785307051309754*x_5 - 6.69*cos(0.002964765340363949*x_2 + 6.555389911438151) + 55.936451992562394) + 0.053846783831413227)*exp(1.5342832996501078e-85*exp(179.7524030630089*x_7)))*exp(-1.5342832996501078e-85*exp(179.7524030630089*x_7)),9.988626718521118,,200
1196_BNG_pharynx,ok,10,BFGS,0.08257014064516455,366.90990938252867,69,69,69,(((-9.659998625028804 * (-1.3184242770282357 + (1.2437964877624863 * x_6))) - (0.012300070394524418 + (-9.69939797202956 * abs((((0.002076857921082802 + (-1.020204061220407 + (2.000400120040014 * x_2))) - (-0.25214685792108277 + (-6.7591591717117305 * (-0.5927489783638191 + (2.279803762937766 * x_9))))) * ((0.06640136765245026 + (0.8038703018558944 * (-0.4676211227230167 + (1.585156348213616 * x_5)))) - (9.86969863234755 + (-83.8999668556497 * inv((((0.3692302233833885 * (-5.275654998591812 + (0.08600904883651646 * x_4))) + (-0.05087042749946161 + (-0.0027307972715534365 * (-1.3184242770282357 + (1.2437964877624863 * x_6))))) + ((-1.2208704274994617 + (78.3000204682005 * sin(((-0.13003430670537539 + (-0.04845477969410892 * (-1.6870547845739468 + (2.279803762937766 * x_1)))) + ((3.066261723237306 + (0.3567809572598432 * (-1.4913495697629222 + (1.021472308056796 * x_8)))) * (2.1567018878238597 + (-4.4111137727142875 * (-0.9685432901733048 + (1.0249135345749258 * x_7))))))))) - (-0.001499572500538398 + (-0.008654126832018166 * (-1.3193830297679 + (0.5890102811463838 * x_0))))))))))))))) + (-6.930000070394524 + (5.900000387871945 * (-1.3076038098835963 + (1.5659925866869417 * x_3))))),9.2393568688575465*x_3 - 12.015072361601273*x_6 + 9.69939797202956*Abs((2.000400120040014*x_2 + 15.409556513963717*x_9 - 4.7724650390088073)*(-1.274260112127267*x_5 + 10.17920399777264 + 83.8999668556497/(-0.005097369678403484*x_0 - 0.03175714031489974*x_4 + 0.0033965560551495449*x_6 + 78.3000204682005*sin(0.11046738907895*x_1 - (6.4290565345773351 - 4.5210102082047363*x_7)*(0.3644418678829251*x_8 + 2.5341765961282353) + 0.048288438786952413) + 3.2259903147832951))) - 1.921186422987748,14.852063179016113,,200
1199_BNG_echoMonths,ok,9,BFGS,7.6112959176311e-05,15.507043599973619,76,76,76,(23.040598739370722 + (0.0010780136337127863 * ((((0.21425978452368954 * (-1.7077351386697883 + (0.1433472945228545 * x_4))) - ((-2.0340419257026126 + (-80.61393179638674 * cos((34.76390072622022 + (0.09992044372847707 * inv((6.501406012085951 + (31.32947451292676 * cos((((-0.002505302141142037 + (-0.08520106661592956 * (-2.050416905868444 + (9.294535034379726 * x_3)))) * ((-6.006406335866691 + (-8.942463842924804 * (-2.7393118696321914 + (0.1834262746734647 * x_6)))) * ((-5.246548866712023 + (-6.795193583057301 * (-6.139712387609727 + (1.3064991268887023 * x_5)))) + (-0.8465482643061656 + (0.033017390370865894 * (-7.068403061162645 + (0.11366866615016445 * x_1))))))) - (-80.60871055818366 + (-8.130408997017293 * (-0.5850486126764433 + (2.29430828500566 * x_8)))))))))))))) - (0.012040128983642286 + (3.2272430652511943 * arctan((68.00125156978753 + (-2.690241738504313 * (-0.4525696378552518 + (2.66217434032501 * x_2))))))))) + ((-77.53795802798203 + (0.13565994114510005 * (-3.0702386426579005 + (2.0989423382322308 * x_7)))) + (1.485042856623423 + (-36.29644511395245 * inv((-0.25445634350223656 + (-0.00014975060749299114 * (-0.7018100265975372 + (2.1266970502955673 * x_0))))))))))**2)),0.0010780136337127863*(0.030713560436520667*x_4 + 0.28474239407154311*x_7 + 80.61393179638674*cos(34.76390072622022 + 0.09992044372847707/(31.32947451292676*cos(18.65366472234133*x_8 + (0.1721924052461834 - 0.7919042986282782*x_3)*(18.489791012813925 - 1.640282829109852*x_6)*(0.0037530427232156097*x_1 - 8.8779144833040764*x_5 + 35.394056863915819) + 75.85202605398662) + 6.501406012085951)) - 3.2272430652511943*atan(7.161892525517528*x_2 - 69.21877329912551) - 74.789240473071657 - 36.29644511395245/(-0.00031847417523531354*x_0 - 0.25435124702440891))**2 + 23.040598739370722,12.140887260437012,,200
1201_BNG_breastTumor,ok,9,BFGS,2.2451189796157678e-09,10.59409458169701,64,64,64,((-5.194912324381913 + (-1.014575540594651e-09 * (-0.6081636405595373 + (2.2524579279982864 * x_7)))) * (-0.33390169114642565 + (-0.8072790391031993 * abs(((-1.069570841370073 + (2.0955913129221343e-09 * (-5.513793854744495 + (0.10828748668207969 * x_0)))) * ((5.138993118719968 + (-2.01649653435338e-08 * tan((-6.692596346372746 * (-0.5388159060803247 + (2.3947373603569986 * x_3)))))) + (((-3.2160371692793346 * (-1.061913167103641 + (2.0036097492521527 * x_5))) * (-0.04814588733400011 + (-0.28715998923127267 * sin((((90.67665276578566 + (-2.5409661024152723e-08 * (-1.2500406497455434 + (0.8064778385455118 * x_6)))) - (0.7683472342143557 + (-4.9448907848711245 * (-1.6200683918739798 + (1.270641875979592 * x_4))))) - (((-4.658555609018214e-09 * (-1.061913167103641 + (2.0036097492521527 * x_5))) - (-0.24134723421435528 + (-3.220233688934403e-09 * (-0.933007822647968 + (1.6963778593599417 * x_1))))) + (0.1786472342143555 + (4.685612977734428 * (-0.75 + (2.0833333333333335 * x_8)))))))))) + (-0.043206881280034026 + (-4.5889619061538946e-09 * (-0.749436783737264 + (0.22607444456629383 * x_2))))))))))),(-2.2852887199655689e-9*x_7 - 5.194912323764885)*(-0.8072790391031993*Abs((2.2692631638913751e-10*x_0 - 1.0695708529247315)*(1.0374470140696227e-9*x_2 + (6.4436834263253706*x_5 - 3.4151522159524466)*(0.28715998923127267*sin(5.4627331318733109e-9*x_1 - 6.2831853034028427*x_4 - 9.3339274356621933e-9*x_5 + 2.0492328500932824e-8*x_6 + 9.7616937036133924*x_8 - 84.99145956442542) - 0.04814588733400011) - 2.01649653435338e-8*tan(16.027010508447563*x_3 - 3.606077364400702) - 5.0957862408790708)) - 0.33390169114642565),12.130027294158936,,200
1203_BNG_pwLinear,ok,10,NoRef,0.3068493903590559,3.6537053055789785,114,114,114,((0.0072699999999999996 + (-0.00021999999999999998 * (((-0.0699 + (-9.74 * (0.07462778926574919 + (1.2437964877624865 * x_6)))) - ((((-0.5910000000000001 * (0.10854662075011276 + (1.1425960078959239 * x_8))) * (0.747 + (0.00665 * (0.23480352857641618 + (1.2692082625752226 * x_1))))) + ((0.666 + (0.008289999999999999 * (-0.012127673025267264 + (1.2127673025267265 * x_2)))) + (-0.0097 + (2.39 * (-0.0689883074727411 + (1.1498051245456848 * x_7)))))) + (-0.661 + (5.76 * (0.103834826330233 + (1.2979353291279123 * x_9)))))))**2)) - (((0.0046 * (-0.032157832069216574 + (1.286313282768663 * x_4))) * (-90.7 + (-0.0171 * (-0.3106848830006 + (1.2427395320024 * x_5))))) + (((-7.11 * (-0.07017213284715496 + (1.0024590406736422 * x_0))) * ((-9.040000000000001 + (-0.8510000000000001 * tan(((-0.00435 + (0.041100000000000005 * (-0.018397292771819163 + (1.2264861847879442 * x_3)))) + (0.0023699999999999997 + (-0.8500000000000001 * (0.10854662075011276 + (1.1425960078959239 * x_8)))))))) * (0.0655 + (0.0015 * inv((-0.085 + (-0.00477 * (-0.018397292771819163 + (1.2264861847879442 * x_3))))))))) + (((0.277 + sin((-0.0296 + (-0.3106848830006 + (1.2427395320024 * x_5))))) * (0.743 + (-68.2 * sin((-0.229 + (-2.65 * (-0.07017213284715496 + (1.0024590406736422 * x_0)))))))) * (-0.0637 + (-0.00631 * (0.10854662075011276 + (1.1425960078959239 * x_8)))))))),-(0.0655 + 0.0015/(-0.0058503391014384938*x_3 - 0.084912244913478429))*(0.4989238645432718 - 7.1274837791895964*x_0)*(0.8510000000000001*tan(-0.050408582194784513*x_3 + 0.97120660671153543*x_8 + 0.095000756370517625) - 9.040000000000001) - (0.00591704110073585*x_4 - 0.00014792602751839624)*(-0.021250845997241*x_5 - 90.6946872885007) - (-0.0072097808098232794*x_8 - 0.064384929176933218)*(68.2*sin(2.6565164577851517*x_0 + 0.04304384795503937) + 0.743)*(sin(1.2427395320024*x_5 - 0.3402848830006) + 0.277) - 0.00021999999999999998*(-0.010053840937946561*x_2 - 12.114577790806619*x_6 - 2.7480342476641868*x_7 - 7.4761074957767746*x_9 - (0.0084402349461252299*x_1 + 0.74856144346503316)*(-0.67527424066649113*x_8 - 0.064151052863316651) - 1.2251806738413084)**2 + 0.0072699999999999996,14.105845212936401,,200
192_vineyard,ok,2,BFGS,0.00041130280049728185,4.351073035226901,56,56,56,(15.508433807464595 + (0.003009458279562298 * ((((-49.62656389999594 + (-4.169458226011473 + (0.431896071220312 * x_1))) * ((0.792267637983495 + (-0.0008101585723822444 * cos((77.92981548223155 + (67.27954359683217 * (-4.169458226011473 + (0.431896071220312 * x_1))))))) - (-0.7895176451041345 + (-0.42547605577466 * sqrt((67.11167556999553 + (-0.04703556488434617 * (-1.7076703227012184 + (0.5208144092695798 * x_0))))))))) * (-0.3702794434274983 + (-0.05302367537617939 * (((-0.8807122755910392 + (8.243516836045029e-05 * (-1.7076703227012184 + (0.5208144092695798 * x_0)))) - (0.8046122753924236 + (-0.0050874541160761035 * (-4.169458226011473 + (0.431896071220312 * x_1))))))**3))))**2)),0.003009458279562298*(0.431896071220312*x_1 - 53.79602212600741)**2*(-0.05302367537617939*(4.293342351268627e-5*x_0 + 0.0021972514452468741*x_1 - 1.7066772504877483)**3 - 0.3702794434274983)**2*(0.42547605577466*sqrt(67.191996808260015 - 0.02449679993990174*x_0) - 0.0008101585723822444*cos(29.05777055296751*x_1 - 202.5894310098779) + 1.581785283087629)**2 + 15.508433807464595,5.565485000610352,,52
210_cloud,ok,5,NoRef,0.8376543171351756,0.43200450787281913,26,26,26,((1.2 + (0.6 * (-1.0570827394885711 + (0.7017329636726495 * x_2)))) + ((-0.01 + (0.5 * (-1.3542915032506988 + (1.1265769290074164 * x_3)))) + (-0.01 + (-0.15 * tan(((0.02 + (-9.0 * (-1.4231307757262779 + (0.9371836815758414 * x_1)))) + ((0.01 + (0.01 * (-1.0 + (2.0 * x_0)))) + (0.01 + (-0.01 * (-1.349156164026494 + (0.6152466562861073 * x_4))))))))))),0.4210397782035897*x_2 + 0.5632884645037082*x_3 - 0.15*tan(0.02*x_0 - 8.434653134182573*x_1 - 0.006152466562861073*x_4 + 12.851668543176766) - 0.13139539531849208,6.880618333816528,,108
215_2dplanes,ok,10,NoRef,0.6575412691037033,2.7227860153118706,78,78,78,(((-0.799 + (-1.84 * (-0.03114373299321498 + (1.2457493197285991 * x_6)))) * (-0.445 + (0.005059999999999999 * (-0.16290204253291504 + (1.2066817965401115 * x_3))))) - ((((-0.0018 + (-0.9440000000000001 * (-0.03138824102871723 + (1.2555296411486891 * x_1)))) - ((0.05790000000000001 + (1.84 * (0.07603639459945774 + (1.1697906861455036 * x_4)))) + (((-0.00577 + (0.02000400120040014 + (1.000200060020007 * x_0))) * (-0.445 + (-0.006229999999999999 * (-0.0 + (1.2038585308576921 * x_2))))) * (((0.192 * (0.047524845652175754 + (1.1881211413043937 * x_5))) * (5.63 + (-17.900000000000002 * cos((-0.6990000000000001 + (-92.2 * (-0.030001500112509377 + (1.200060004500375 * x_7)))))))) + (-9.09 + (1.59 * ((0.55 + (0.872 * (0.07603639459945774 + (1.1697906861455036 * x_4)))))**3)))))) - ((0.00026 + (-0.35600000000000004 * (-0.03138824102871723 + (1.2555296411486891 * x_1)))) * (-0.00482 + (-0.8200000000000001 * (0.02500781616401777 + (1.2503908082008883 * x_9)))))) - (0.00404 + (-0.129 * (-0.08057455696049687 + (1.2396085686230287 * x_8)))))),1.1852199812443626*x_1 + 2.1524148625077267*x_4 - 0.15990950535237071*x_8 + (0.011434213806223335 - 0.44696855224893337*x_1)*(-1.0253204627247285*x_9 - 0.02532640925449457) + (1.000200060020007*x_0 + 0.01423400120040014)*(-0.0075000386472434206*x_2 - 0.445)*((5.63 - 17.900000000000002*cos(110.6455324149346*x_7 - 2.0671383103733646))*(0.2281192591304436*x_5 + 0.009124770365217745) + 1.59*(1.0200574783188791*x_4 + 0.6163037360907272)**3 - 9.09) + (0.0061058098904929629*x_3 - 0.44582428433521656)*(-2.2921787483006224*x_6 - 0.7416955312924845) + 0.1844105843797973,8.638306856155396,,200
218_house_8L,ok,8,NoRef,0.1306241964089715,37788.67688937508,67,67,67,((((((-0.5 + (-0.5750000000000001 * (-1.5037336233963396 + (3.0832213967881748 * x_7)))) - (0.07 + (-0.379 * (-1.2420794631854704 + (7.280171385208041 * x_5))))) - ((-0.61 + (-0.507 * (((-0.025800000000000003 + (61.800000000000004 * cos(((-5.45 + (1.0 * cos((-46.4 + (5.8100000000000005 * (-0.2735558448495786 + (0.00011731984031014947 * x_0))))))) - (-0.556 + (0.894 * (-0.4354479563349125 + (54.54681096758018 * x_1)))))))) - (6.8100000000000005 + (-0.006699999999999999 * (-0.3762519483828514 + (8.305362235129161 * x_4))))))**2)) * (-7.5200000000000005 + (-0.8200000000000001 * (-0.2735558448495786 + (0.00011731984031014947 * x_0)))))) * (-8.24 + (-0.676 * (-8.051727895827435 + (16.731591247493967 * x_2))))) + (((0.029500000000000002 * (-8.745399041277315 + (1.4579020752294582 * x_6))) + (-34.800000000000004 + (9.75 * (-7.96909359589554 + (11.183243963289556 * x_3))))) + (-0.505 + (-9.71 * (-8.745399041277315 + (1.4579020752294582 * x_6)))))) + (-0.08 + (-0.053500000000000006 * (-1.5037336233963396 + (3.0832213967881748 * x_7))))),109.03662864207317*x_3 - 14.113221039258771*x_6 - 0.16495234472816737*x_7 + (-11.310555683305922*x_2 - 2.797031942420654)*(2.759184954993848*x_5 - 1.7728523031532008*x_7 - (-9.6202269054322578e-5*x_0 - 7.295684207223346)*(-0.507*(0.05564592697536537*x_4 + 61.800000000000004*cos(48.76484900501668*x_1 - 1.0*cos(0.00068162827220196848*x_0 - 47.98935945857605) + 4.504709527036588) - 6.8383208880541656)**2 - 0.61) - 0.17610128309439788) - 28.343377392044758,11.31693720817566,,200
225_puma8NH,ok,8,BFGS,1.171811969680192e-08,5.62429594321574,77,77,77,(((-4.881135311076677e-08 * cos((-6.966577424555511 + (-0.06585661692848528 + (0.8959411617355382 * x_2))))) * (0.1344462285127242 + (-17.034860481595782 * sin((-28.981217704992225 + (0.2976568511327314 * (-0.07710723083161697 + (0.9234518833549156 * x_1)))))))) + (1.7470277378678887 + (-3.111360065445048e-08 * sin((((6.79446608033154 * arctan(((0.9088222044656931 + (0.36117910846142837 * (-0.031097369547192274 + (0.9193982774372316 * x_5)))) * (2.5246145553433057 + (0.25819935782062636 * (-0.07572364437013104 + (0.9138359759094098 * x_3))))))) * (-0.37142600141548165 + (-0.4913922448128377 * sin((0.01575270317342761 + (-0.19351059722148814 * (-0.0263697467348816 + (2.836613933023496 * x_7)))))))) + ((-0.23512498113672556 + (0.14800503904136264 * exp((-88.39999925422092 + (76.50000074220291 * sin(((-0.002212893394842015 + (5.560005352982917 * abs((2.480012001046135 * (-0.01549372006853783 + (0.9102782276193362 * x_0)))))) + (0.0007071066051579855 + (-0.8429992585684158 * (-0.09681685113891113 + (2.9689157921727203 * x_6))))))))))) + (-0.31916498113672254 + (35.37087510308651 * (-0.022023529833178766 + (0.8877592340102415 * x_4)))))))))),4.881135311076677e-8*(17.034860481595782*sin(0.2748717797720146*x_1 - 29.004169200521129) - 0.1344462285127242)*cos(0.8959411617355382*x_2 - 7.032434041483996) - 3.111360065445048e-8*sin(31.400820987788*x_4 + 6.79446608033154*(0.4913922448128377*sin(0.54891485626617107*x_7 - 0.020855528612673935) - 0.37142600141548165)*atan((0.23595186213319499*x_3 + 2.5050627589951004)*(0.33206745016575228*x_5 + 0.89759048425714263)) + 6.0068201017662079e-40*exp(76.50000074220291*sin(-2.5027938115536641*x_6 + 5.560005352982917*Abs(2.257500928786959*x_0 - 0.03842461171082316) + 0.08011074693734673)) - 1.3332814853319139) + 1.7470277378678887,7.805959224700928,,200
228_elusage,ok,2,NoRef,0.6406469904833325,14.261076826537423,53,41,53,((8.86 + (0.00796 * cos((25.0 * (-1.588178110693536 + (0.281773535768208 * x_1)))))) + ((3.5 + (-1.6 * (-3.494368107086116 + (0.06492913712491094 * x_0)))) * ((-0.9670000000000001 + (0.00147 * inv((-0.016800000000000002 + (1.37 * (-1.588178110693536 + (0.281773535768208 * x_1))))))) - ((-0.00502 + (3.92 * (-3.494368107086116 + (0.06492913712491094 * x_0)))) - ((9.88 + (0.465 * (-3.494368107086116 + (0.06492913712491094 * x_0)))) - (0.8300000000000001 + (4.3100000000000005 * sin((-0.00487 + (-9.96 * (-1.588178110693536 + (0.281773535768208 * x_1)))))))))))),((9.090988971337786 - 0.1038866193998575*x_0)*((0.386029744002445*x_1 - 2.1926040116501445)*(-0.2243301687665673*x_0 + 4.3100000000000005*sin(2.80646441625135*x_1 - 15.81338398250762) + 20.16106180998253) + 0.00147) + (0.386029744002445*x_1 - 2.1926040116501445)*(0.00796*cos(7.0443383942052*x_1 - 39.7044527673384) + 8.86))/(0.386029744002445*x_1 - 2.1926040116501445),5.105364799499512,,55
229_pwLinear,ok,10,NoRef,0.6501988846840262,2.6398943809092836,52,52,52,((0.04 + (-0.02 * cos(((-0.030000000000000002 + (0.9 * (0.1308442961026054 + (1.2461361533581465 * x_1)))) + (0.09000000000000001 + (9.0 * (-0.029787773436724965 + (1.1915109374689985 * x_7)))))))) * (((30.0 * (-0.0708881205008336 + (1.2888749181969743 * x_4))) + ((-0.01 + (20.0 * (0.13630961003872036 + (1.1853009568584378 * x_2)))) + ((-0.01 + (20.0 * (-0.12885860791431716 + (1.227224837279211 * x_5)))) + ((-0.01 + (20.0 * (0.024625761678892605 + (1.2312880839446303 * x_6)))) + ((-0.01 + (20.0 * (0.1308442961026054 + (1.2461361533581465 * x_1)))) + (-0.01 + (-70.0 * (-0.07017213284715496 + (1.0024590406736422 * x_0))))))))) + ((-0.01 + (0.01 * (0.047863877241182545 + (1.1965969310295634 * x_8)))) + ((-0.01 + (0.6 * (0.024260699053001707 + (1.2130349526500854 * x_3)))) + (-0.001 + (0.001 * (0.07877919836271194 + (1.2119876671186451 * x_9)))))))),(0.02*cos(1.1215225380223319*x_1 + 10.723598437220987*x_7 - 0.090330094438179814) - 0.04)*(70.172132847154954*x_0 - 24.92272306716293*x_1 - 23.706019137168756*x_2 - 0.72782097159005121*x_3 - 38.666247545909229*x_4 - 24.54449674558422*x_5 - 24.625761678892606*x_6 - 0.011965969310295634*x_8 - 0.0012119876671186451*x_9 - 5.987940719796439),10.920865297317505,,200
230_machine_cpu,ok,6,NoRef,0.7692102608452025,78.42974004846974,37,37,37,(6.0 + (0.7000000000000001 * abs((((0.9 + (-1.0157486231470525 + (8.41758769093056e-05 * x_2))) + (0.6 + (0.8 * (-0.6323138508124196 + (0.02430107036173788 * x_3))))) * ((70.0 + (20.0 * (-0.7539783429454673 + (0.00025457276565311854 * x_1)))) + (0.01 + (-9.0 * tan(((0.02 + (9.0 * (-0.7047263654341995 + (0.14485639577270287 * x_4)))) + ((0.01 + (0.01 * (-0.7169976175893781 + (0.03797656872825096 * x_5)))) + (0.060000000000000005 + (0.2 * (-0.7692023071461158 + (0.003791788953692772 * x_0)))))))))))))),0.7000000000000001*Abs((0.0050914553130623708*x_1 - 9.0*tan(0.0007583577907385544*x_0 + 1.3037075619543258*x_4 + 0.0003797656872825096*x_5 - 6.4135477265129125) + 54.93043314109065)*(8.41758769093056e-5*x_2 + 0.0194408562893903*x_3 - 0.021599703796988211)) + 6.0,10.217092990875244,,200
344_mv,ok,10,NoRef,0.9710116198409215,1.6312318200687344,116,88,116,((-0.3 + (0.00921 * (0.07176828705486599 + (1.6917112741967857 * x_4)))) - ((((0.07930000000000001 * inv(((-60.300000000000004 + (-9.11 * ((-0.0009699999999999999 + (0.397 * (8.731675768609247 + (0.6975312065809712 * x_1)))))**2)) - (-9.700000000000001 + (29.5 * sqrt(((68.1 + (-2.64 * (8.731675768609247 + (0.6975312065809712 * x_1)))) - (-0.00409 + (-3.93 * (1.3389884173455886 + (0.3190495684869531 * x_3))))))))))) * (((-1.79 + (-6.57 * (-0.7257530966188903 + (2.1036321641127254 * x_6)))) * (-0.47700000000000004 + (-0.015500000000000002 * (-19.94909374672912 + (0.018109774499670123 * x_9))))) - (0.002 + (0.792 * (-0.6964409092807232 + (1.5476464650682737 * x_2)))))) + ((((16.1 + (63.300000000000004 * (0.9175113942281458 + (0.09481017314613248 * x_5)))) + (-0.86 + (0.00599 * (-0.5619514869490163 + (2.341464528954235 * x_7))))) - (87.60000000000001 + (0.008879999999999999 * (-0.5619514869490163 + (2.341464528954235 * x_7))))) * (-0.08220000000000001 + (-0.05330000000000001 * arctan((2.66 + (-3.52 * (-0.5619514869490163 + (2.341464528954235 * x_7))))))))) - ((0.052700000000000004 + (0.00415 * (-2.4616167895905274 + (0.008477159847985765 * x_8)))) + (1.5 + (2.62 * (-0.08262425328176871 + (0.3485338209019501 * x_0))))))),(-0.097200864826491987*x_2 + 0.07930000000000001*(13.820863318220606*x_6 - 2.978197844786109)*(0.00028070150474488694*x_9 + 0.16778904692569864) + (9.11*(0.2769198890126456*x_1 + 3.465505280137871)**2 + 29.5*sqrt(-1.841482385373764*x_1 + 1.253864804153726*x_3 + 50.314690451039744) + 50.600000000000003)*(0.9131586107631093*x_0 + 0.015580660835352395*x_4 + 3.518021336914092e-5*x_8 + (0.05330000000000001*atan(8.241955141918907*x_7 - 4.638069234060538) - 0.08220000000000001)*(-6.0014839601501864*x_5 + 0.006766832488677738*x_7 + 14.279904705561092) + 1.0266697326487406) + 0.0435817891719214)/(9.11*(0.2769198890126456*x_1 + 3.465505280137871)**2 + 29.5*sqrt(-1.841482385373764*x_1 + 1.253864804153726*x_3 + 50.314690451039744) + 50.600000000000003),7.766045808792114,,200
485_analcatdata_vehicle,ok,4,NoRef,0.22661100484369479,247.43711791277116,68,68,68,(0.0056 + (0.00582 * (((0.73 + (-0.0057399999999999994 * (-1.0 + (2.0 * x_1)))) * (((0.0142 + (-1.0 + (2.0 * x_2))) - ((-5.26 + (0.00129 * (-1.0 + (2.0 * x_1)))) + (((36.4 + inv((-0.060000000000000005 * (-1.0 + (2.0 * x_2))))) + (-5.67 + (-0.155 * (-1.0 + (2.0 * x_0))))) * (-0.23900000000000002 + (0.187 * cos((-0.7190000000000001 + (14.6 * (-1.0 + (2.0 * x_0)))))))))) * ((-24.6 + (-0.0529 * ((0.00502 * (-1.4638501094227998 + (0.5855400437691199 * x_3))))**2)) + (7.22 + (0.0921 * (-1.0 + (2.0 * x_1))))))))**2)),0.00582*(0.73573999999999998 - 0.011479999999999999*x_1)**2*(0.1842*x_1 - 0.0529*(0.002939411019720982*x_3 - 0.0073485275493024552)**2 - 17.4721)**2*(-0.00258*x_1 + 2.0*x_2 - (0.187*cos(29.2*x_0 - 15.319) - 0.23900000000000002)*(-0.31*x_0 + 30.885 + 1/(0.060000000000000005 - 0.12000000000000001*x_2)) + 4.27549)**2 + 0.0056,7.8885767459869385,,48
519_vinnie,ok,2,NoRef,0.6398355787659964,1.8165027832561798,45,45,45,((-3.34 + (2.67 * (-3.050344651934337 + (0.22536717044213794 * x_1)))) - (-3.38 + (-3.7 * log((-0.521 + (1.3 * sqrt(((41.4 + (-0.5690000000000001 * (-3.050344651934337 + (0.22536717044213794 * x_1)))) * (0.00139 + (-0.883 * tan((-0.78 + (0.35800000000000004 * sin((0.0042 + (3.08 * sin((-59.4 + (7.87 * (-128.04990782468957 + (1.4940774496784266 * x_0))))))))))))))))))))),0.60173034508050828*x_1 + 3.7*log(1.3*sqrt((0.12823391998157651*x_1 - 43.13564610695064)*(0.883*tan(0.35800000000000004*sin(3.08*sin(11.758389528969218*x_0 - 1067.1527745803069) + 0.0042) - 0.78) - 0.00139)) - 0.521) - 8.10442022066468,4.5991926193237305,,200
522_pm10,ok,7,BFGS,0.00011962959508693416,0.8713334936955317,81,81,81,(1.373923782858647 + (0.0014982423636864712 * sqrt((-0.031228222407458026 + (0.4536939742199029 * abs(((((((-0.003768557862991852 + (9.149196048537167 * (-7.079162907839687 + (0.987710095069961 * x_0)))) + (0.0026414421372213826 + (-0.006972744988824033 * (-1.7456009505041916 + (0.5312236624740025 * x_2))))) - (-1.357111442134613 + (1.3901245843936358 * inv((-2.269776964184237e-05 + (5.452117125103383e-09 * cos((0.24846388961755295 + (-0.865111764634237 * sin((((-0.0737110552680933 + (0.06995838325348343 * (-1.6816570543158895 + (0.011591759038935135 * x_4)))) + (-0.03431105526592056 + (4.530541337530451 * (-2.0008354353416413 + (0.15444503553389743 * x_5))))) - (6.574511055263284 + (-6.810541337530989 * (-2.0008354353416413 + (0.15444503553389743 * x_5))))))))))))))) * ((0.5842091178466611 + (-1.2249056959601454 * (-1.5591481867057306 + (0.005027969450348218 * x_6)))) - (-60.45220911783358 + (-1.2267143040304518 * (-1.5591481867057306 + (0.005027969450348218 * x_6)))))) + (-78.60000530915416 + (53.490298343832485 * ((-0.020395873981621952 + (-6.164916453880234 * sin((-0.20075179108296182 + (-96.51523214190829 * (-0.19671235889801858 + (0.1523720850826871 * x_1))))))))**2))) - (-0.08879469084591707 + (-0.061547808660031116 * ((0.03325497261070147 + (9.894914927305408 * (-0.12981253370068688 + (0.9947320404949649 * x_3)))))**3))))))))),0.0014982423636864712*sqrt(0.4536939742199029*Abs(0.061547808660031116*(9.842788916162596*x_3 - 1.2512290048555615)**3 + (9.0936261251538155e-6*x_6 + 61.033598347686962)*(9.036753298914357*x_0 - 0.00370408713046035*x_2 - 63.400493346668789 - 1.3901245843936358/(5.452117125103383e-9*cos(0.865111764634237*sin(0.00081094072142785492*x_4 + 1.7515739167427326*x_5 - 29.491819265906155) - 0.24846388961755295) - 2.269776964184237e-5)) + 53.490298343832485*(6.164916453880234*sin(14.70622716370215*x_1 - 18.78498719314168) - 0.020395873981621952)**2 - 78.51121061830824) - 0.031228222407458026) + 1.373923782858647,9.109190464019775,,200
523_analcatdata_neavote,ok,2,NoRef,0.9391624558387932,0.9737752812195605,59,59,59,(-0.321 + (1.41 * abs(((0.792 + (0.628 * inv((5.4 + (4.48 * inv((-1.0 + (-2.2800000000000002 * cos(((-18.3 + (0.908 * (-1.1000004629242885 + (1.0091747366277877 * x_0)))) * ((-2.97 + (-0.0926 * (-32.42453434284643 + (3.268602252303068 * x_1)))) + (-0.558 + (0.0683 * inv((0.335 + (-0.24700000000000003 * sqrt((3.74 + (-0.00349 * (-1.1000004629242885 + (1.0091747366277877 * x_0))))))))))))))))))))) * (2.94 + (-4.83 * (-1.1000004629242885 + (1.0091747366277877 * x_0)))))))),1.41*Abs((0.792 + 0.628/(5.4 - 4.48/(2.2800000000000002*cos((0.91633066085803126*x_0 - 19.298800420335255)*(0.3026725685632641*x_1 + 0.5254881198524208 - 0.0683/(0.335 - 0.24700000000000003*sqrt(3.743839001615606 - 0.0035220198308309791*x_0)))) + 1.0)))*(4.8743139779122147*x_0 - 8.2530022359243135)) - 0.321,3.9364678859710693,,100
529_pollen,ok,4,NoRef,0.6275358008947569,2.063064039999246,28,28,28,((-0.11 + (-4.65 * (0.13411228300539055 + (0.09366364070564696 * x_3)))) + ((0.0009 + (-6.01 * (-0.14240534481180597 + (0.1466357845322108 * x_0)))) + ((0.09820000000000001 + (1.8 * cos(((98.60000000000001 + (4.39 * (-0.030628056605373096 + (0.1278483556294714 * x_2)))) * (0.006189999999999999 + (6.05 * (-0.030628056605373096 + (0.1278483556294714 * x_2)))))))) + (0.09250000000000001 + (0.67 * (0.008717172475124766 + (0.20153683119485272 * x_1))))))),-0.8812810650385869*x_0 + 0.13502967690055133*x_1 - 0.4355359292812584*x_3 + 1.8*cos((0.5612542812133794*x_2 + 98.465542831502422)*(0.7734825515583019*x_2 - 0.17910974246250723)) + 0.31967451190222135,6.8163230419158936,,200
537_houses,ok,8,NoRef,0.4516008876155927,74120.23068630863,65,65,65,((38.2 + (-55.300000000000004 * (((0.596 + (1.95 * arctan(((-0.0854 + (-1.17 * (-1.516023044552607 + (0.4819862123055841 * x_0)))) - (((-35.6 + (-1.2807665932048524 + (0.0031092227789157063 * x_5))) - (4.23 + (65.6 * inv((-8.2 + (-7.54 * (-1.2904738757872565 + (0.0029224672776394607 * x_3)))))))) * ((0.00402 + (0.00405 * (4732.105772728812 + (38.70787762899494 * x_7)))) * (-5.96 + (7.17 * (-1.616400063304611 + (0.0017131956155851734 * x_4)))))))))) - ((-0.00327 + (1.55 * sin((84.60000000000001 * (-1931.3382469098758 + (51.06894768888684 * x_6)))))) + ((-0.00426 + (0.616 * (-1.5066316366506536 + (0.0007951087204436459 * x_2)))) - (-14.5 + (0.009899999999999999 * (-4.071076517823106 + (0.09225190387090654 * x_1))))))))**3)) + (6.2700000000000005 + (-3.7600000000000002 * (-1.616400063304611 + (0.0017131956155851734 * x_4))))),-0.0064416155146002523*x_4 - 55.300000000000004*(0.0009132938483219747*x_1 - 0.0004897869717932859*x_2 - 1.55*sin(4320.432974479827*x_6 - 163391.21568857551) - 1.95*atan(0.5639238683975334*x_0 + (0.012283612563745693*x_4 - 17.54958845389406)*(0.1567669043974295*x_7 + 19.16904837955169)*(0.0031092227789157063*x_5 - 41.110766593204854 - 65.6/(1.5301730234359148 - 0.022035403273401534*x_3)) - 1.68834696212655) - 13.008688569349646)**3 + 50.547664238025341,11.282999992370605,,200
547_no2,ok,7,BFGS,2.355214242166781e-05,0.7378302644279412,99,99,99,((-0.22229060580365767 + (3.56789587874189 * cos(((0.0004851235679456138 + (-0.00671450463743093 * cos((-0.2954797702691216 + (6.4798774008599365 * (-6.654222247738914 + (0.9476037076783185 * x_0))))))) - (((((-0.005164612967235058 * inv(((0.23997384026001398 + (-5.459979193684016 * (-0.16485779278081106 + (0.16091536708568774 * x_1)))) + (-46.40002615974003 + (63.299983036987314 * (-1.5089883784697682 + (0.0049762181060208684 * x_6))))))) * (-0.24592589766382397 + (0.024922284303746687 * (-1.8397826257177994 + (0.14854926327959622 * x_5))))) + (3.6428725615201074 + (0.06890108189626061 * (-1.593513108814246 + (0.5093537168700765 * x_2))))) * (-0.06936498035966782 + (-0.00020126668362743132 * (-1.664176255098275 + (0.011106799904836887 * x_4))))) - (-0.25227487643205493 + (-0.4670000005791096 * ((0.0031301788263664036 + (-0.0007303383263621942 * inv((17.200000000065 + (-61.19999999997766 * (-0.1634556815138494 + (0.9729504782544822 * x_3))))))))**3))))))) + (0.3110093941963422 + (6.515553457933081e-06 * arctan((((0.031855455526274924 + (-0.01722625431793362 * (-6.654222247738914 + (0.9476037076783185 * x_0)))) + (0.935355455526275 + (-66.29922625431797 * (-6.654222247738914 + (0.9476037076783185 * x_0))))) - ((0.6379333994713509 + (-0.0878644367188953 * cos((0.6695658854287082 + (-4.511013277981985 * inv((-0.5398049683373733 + (0.013241549932135131 * (-1.8397826257177994 + (0.14854926327959622 * x_5)))))))))) * ((-28.80075553382052 + (85.90008987365329 * (-0.1634556815138494 + (0.9729504782544822 * x_3)))) - (0.00929553382051675 + (89.30020564273012 * (-0.16485779278081106 + (0.16091536708568774 * x_1))))))))))),3.56789587874189*cos(0.4670000005791096*(0.0031301788263664036 - 0.0007303383263621942/(27.20348770870893 - 59.54456926915257*x_3))**3 + (-2.23542878255999e-6*x_4 - 0.069030037123832672)*(0.03509502216022988*x_2 - 0.005164612967235058*(0.003702186972566215*x_5 - 0.29177748331905655)/(-0.87859455623188079*x_1 + 0.31499452169947011*x_6 - 140.77887096112744) + 3.5330777843069322) + 0.00671450463743093*cos(6.1403558503558216*x_0 - 43.41402413369192) + 0.25178975286410932) - 6.515553457933081e-6*atan(62.84171627725651*x_0 + (0.6379333994713509 - 0.0878644367188953*cos(0.6695658854287082 - 4.511013277981985/(0.001967022487098661*x_5 - 0.56416654184009023)))*(-14.369775371827321*x_1 + 83.57653352467397*x_3 - 28.129074002906932) - 442.2516245851387) + 0.088718788392684531,7.857736349105835,,200
556_analcatdata_apnea2,ok,3,BFGS,7.014117053838476e-08,3064.538624536551,49,49,49,(874.9995602438064 + (92.92097970741965 * ((0.022604407360304425 + (0.021332535320309643 * inv((-0.723856399787695 + (-0.0009554422364761103 * (((-0.13218379062575938 + (-203.5747863233958 * exp((((-1.414213562373095 + (0.7071067811865475 * x_0)) * (11.161661686677055 + (-17.93352055533451 * cos((-1.6429045079668196 + (-65.11192462678144 * (-1.414213562373095 + (0.7071067811865475 * x_1)))))))) * (-0.8386741382763642 + (1.998902162236759 * (-1.414213562373095 + (0.7071067811865475 * x_1)))))))) + (-5.65618379029748 + (-0.1482510004738262 * (-1.9639610121239315 + (0.4364357804719848 * x_2))))))**3))))))**3)),92.92097970741965*(0.022604407360304425 + 0.021332535320309643/(-0.0009554422364761103*(-0.06470204109754693*x_2 - 203.5747863233958*exp((11.161661686677055 - 17.93352055533451*cos(46.04108343970452*x_1 - 90.439262371442214))*(0.7071067811865475*x_0 - 1.414213562373095)*(1.413437273846065*x_1 - 3.665548685968493)) - 5.4972083959842785)**3 - 0.723856399787695))**3 + 874.9995602438064,8.785207033157349,,200
557_analcatdata_apnea1,ok,3,BFGS,0.36924026014783484,2455.6011240113417,48,48,48,(-0.06300815320236411 + (0.7560816605701935 * sqrt((24.8000022986459 + (0.010876107627259546 * exp(((0.012150340707635637 + (0.07330609185756742 * inv((-2.7999403339383067 + (0.07070276307550939 * (-1.9639610121239315 + (0.4364357804719848 * x_2))))))) - (-0.018980340588952108 + (24.02765188661204 * cos((0.6191360505366768 + (-36.311455647412686 * (((-0.006296611182047338 + (46.692601796900085 * (-1.414213562373095 + (0.7071067811865475 * x_0)))) + (0.0017633889219056849 + (-79.70566304226999 * sin((-0.05388944264673164 + (-0.13470375452077046 * (-1.414213562373095 + (0.7071067811865475 * x_1)))))))))**2)))))))))))),0.7560816605701935*sqrt(0.011220013506339321*exp(-24.02765188661204*cos(36.311455647412686*(33.016655361831223*x_0 + 79.70566304226999*sin(0.095249938272924847*x_1 - 0.13661043389911805) - 66.037843945922588)**2 - 0.6191360505366768) + 0.07330609185756742/(0.03085721558438577*x_2 - 2.9387978040680427)) + 24.8000022986459) - 0.06300815320236411,6.832183599472046,,200
561_cpu,ok,7,NoRef,0.9962148473632711,9.668290921393917,56,58,56,(0.061000000000000006 + (0.00233 * (((((-24.0 * (-0.7539783429454673 + (0.00025457276565311854 * x_2))) + (((0.598 + (-9.88 * exp((0.02 + (-0.00083 * (-2.133033539448027 + (0.13828418408090937 * x_0))))))) - (99.3 + (0.9500000000000001 * (-0.7169976175893781 + (0.03797656872825096 * x_6))))) - ((6.13 + (-0.894 * (-1.0157486231470525 + (8.41758769093056e-05 * x_3)))) + ((0.215 + (1.7 * inv(((0.04190000000000001 + (0.652 * (-0.7692023071461158 + (0.003791788953692772 * x_1)))) - (-0.542 + (0.0105 * (-0.7047263654341995 + (0.14485639577270287 * x_5)))))))) * (0.874 + (1.54 * (-0.7169976175893781 + (0.03797656872825096 * x_6)))))))) + (-0.07 + (-25.900000000000002 * (-0.6323138508124196 + (0.02430107036173788 * x_4))))) - ((0.054900000000000004 + (3.87 * (-0.7047263654341995 + (0.14485639577270287 * x_5)))) + (58.1 + (57.5 * (-1.0157486231470525 + (8.41758769093056e-05 * x_3)))))))**2)),0.00233*(0.006109746375674845*x_2 + 0.00476485968832815*x_3 + 0.62939772236901114*x_4 + 0.56059425164036012*x_5 + 0.03607774029183842*x_6 + (0.215 + 1.7/(0.002472246397807687*x_1 - 0.0015209921556133802*x_5 + 0.08977972257779161))*(0.05848391584150648*x_6 - 0.2301763310876423) + 67.678585700464797 + 10.09745013000538*exp(-0.00011477587278715478*x_0))**2 + 0.061000000000000006,9.230100154876709,,200
564_fried,ok,10,NoRef,0.6889395813274166,2.747689555240848,106,100,106,((-45.5 + (-0.025 * inv((96.3 * (-1.9240942347694134 + (3.69350448997641 * x_9)))))) + ((((0.00835 + (-0.21000000000000002 * abs(((-9.72 + (16.8 * (-1.773506662490512 + (3.508247186303262 * x_0)))) - (((0.49000000000000005 + (-1.607933134680659 + (3.167467366535192 * x_8))) - (((-0.2 + (-0.041 * (-1.720003460115014 + (3.637178355927193 * x_5)))) + (-88.9 + (-0.014 * (-1.8698296358353992 + (3.6196322750179175 * x_6))))) - (-0.0086 + (3.41 * cos((-34.4 + (9.89 * (-1.796837581375697 + (3.5565800417739046 * x_7))))))))) * (-0.0007 + (0.10600000000000001 * ((0.00843 + (-0.017 * (-1.720003460115014 + (3.637178355927193 * x_5)))))**2))))))) - (-75.7 + (0.75 * (-1.6828104573254623 + (3.7222908179660887 * x_2))))) - (((-0.00756 + (-30.0 * abs((-0.00134 + (0.09910000000000001 * (-1.6828104573254623 + (3.7222908179660887 * x_2))))))) - (-0.00437 + (0.759 * (-1.7104407863161182 + (3.5565645061896443 * x_4))))) - (((98.5 * ((0.00225 * (-1.962363239855984 + (3.5856659102912434 * x_1))))**3) + (-0.117 + (-0.06820000000000001 * ((0.0639 + (-4.41 * (-1.962363239855984 + (3.5856659102912434 * x_1)))))**2))) + (-12.4 + (-0.0059499999999999996 * (-1.9240942347694134 + (3.69350448997641 * x_9))))))) + (-0.0066 + (3.3000000000000003 * (-1.7072590503875993 + (3.406682733645306 * x_3)))))),((355.684482384728*x_9 - 185.29027480829451)*(-2.7917181134745665*x_2 + 11.242053021029511*x_3 + 2.6994324601979401*x_4 - 0.021976351715359638*x_9 + 98.5*(0.008067748298155297*x_1 - 0.004415317289675964)**3 - 0.06820000000000001*(15.812786664384384*x_1 - 8.71792188776489)**2 + 30.0*Abs(0.36887902006043942*x_2 - 0.16810651632095333) - 0.21000000000000002*Abs(-58.9385527298948*x_0 + (0.10600000000000001*(0.06183203205076229*x_5 - 0.03767005882195524)**2 - 0.0007)*(0.1491243125930149*x_5 + 0.050674851850250846*x_6 + 3.167467366535192*x_8 + 3.41*cos(35.174576613143919*x_7 - 52.17072367980564) + 87.876769108552936) + 39.5149119298406) + 12.029316780597965) - 0.025)/(355.684482384728*x_9 - 185.29027480829451),8.483386993408203,,200
579_fri_c0_250_5,ok,5,NoRef,0.5280363094365634,0.6770298160882231,32,32,32,((-1.0 + (0.3 * (0.005461379359663086 + (0.9984585108671526 * x_4)))) + ((0.1 + (0.6 * (-0.06946253611908115 + (1.0023314177985747 * x_3)))) + (0.02 + (1.5 * sin(((0.7000000000000001 + (0.8 * (-0.02274143198027288 + (1.0121437364720292 * x_1)))) + ((0.1 + (0.7000000000000001 * (-0.013457740978846304 + (0.9847731451468804 * x_0)))) + (-0.060000000000000005 + (0.006999999999999999 * ((0.01 + (-7.8 * (0.002356872848593581 + (1.0237945973760811 * x_2)))))**2))))))))),0.6013988506791448*x_3 + 0.2995375532601458*x_4 + 1.5*sin(0.6893412016028164*x_0 + 0.8097149891776234*x_1 + 0.006999999999999999*(7.9855978595334324*x_2 + 0.008383608219029931)**2 + 0.71238643573058937) - 0.9200391078635498,5.4515745639801025,,200
591_fri_c1_100_10,ok,10,NoRef,0.49664366827242035,0.705919799916642,57,57,57,((-0.1 + (1.2 * sin((-1.6 * (-3.2198895784854976e-09 + (1.00503782205916 * x_1)))))) + ((0.01 + (0.5 * (2.134112838164798e-09 + (1.0050378109985483 * x_3)))) + (-0.01 + (-0.6 * sin(((0.006 + (0.3 * (-6.294696838797298e-10 + (1.0050378125173551 * x_2)))) + ((0.02 + (0.02 * (5.279121260744071e-09 + (1.0050378172397734 * x_8)))) + ((0.02 + (0.02 * (-2.2838751521040537e-09 + (1.0050378162329852 * x_5)))) + ((0.002 + (0.02 * (-6.364898005776579e-10 + (1.0050378226906627 * x_9)))) + ((0.002 + (2.0 * (2.8080432239977528e-09 + (1.0050378175357129 * x_0)))) + (-0.3 + (-0.001 * inv(((0.02 + (0.02 * (-2.3025954316862416e-09 + (1.0050378109487454 * x_7)))) + ((0.060000000000000005 + (0.060000000000000005 * (1.020255702066691e-09 + (1.005037815122467 * x_4)))) + (0.02 + (-0.01 * (-9.126140610221942e-10 + (1.0050378224669032 * x_6))))))))))))))))))),0.50251890549927415*x_3 - 1.2*sin(1.60806051529466*x_1 - 5.1518233255767964e-9) - 0.6*sin(2.0100756350714258*x_0 + 0.30151134375520652*x_2 + 0.020100756324659704*x_5 + 0.020100756344795468*x_8 + 0.020100756453813254*x_9 - 0.24999999452557932 - 0.001/(0.060302268907348026*x_4 - 0.010050378224669032*x_6 + 0.020100756218974908*x_7 + 0.10000000002428958)) - 0.09999999893294359,7.80680775642395,,100
593_fri_c1_1000_10,ok,10,NoRef,0.3585121404129714,0.794194513445256,98,98,98,((-0.9890000000000001 + (0.9560000000000001 * sin((-1.92 * (-0.031232891696203968 + (1.0079763143256126 * x_0)))))) + (((54.800000000000004 + (0.8420000000000001 * (0.04860705755687076 + (0.9906127943356936 * x_9)))) * (0.0158 + (0.00588 * (-0.10952305202408649 + (0.9907329152448134 * x_3))))) - (((-2.7800000000000002 + inv(((((-68.0 * (-0.16354271824973488 + (0.9842858800610822 * x_2))) * (-0.0741 + (0.778 * (0.01280861499107831 + (0.9931663952687514 * x_6))))) + (0.5900000000000001 + (0.00327 * (0.050220707802833754 + (1.0091533137436086 * x_8))))) + ((-0.47800000000000004 + (-0.0599 * (-0.031232891696203968 + (1.0079763143256126 * x_0)))) - ((((-39.5 + arctan((-0.0029 + (0.009250498393228406 + (1.0116206136929107 * x_7))))) * (-9.59 + (82.5 * (-0.1223375680664318 + (1.011933155780458 * x_4))))) * ((2.93 + (-2.94 * (0.01810045940385405 + (1.0151432151143167 * x_5)))) - (6.68 + (-1.81 * (-0.031232891696203968 + (1.0079763143256126 * x_0)))))) * (-0.91 + (-0.0040999999999999995 * (0.050220707802833754 + (1.0091533137436086 * x_8))))))))) + (2.11 + (-12.200000000000001 * sin((0.09640000000000001 + (2.0300000000000002 * (0.03184790765809063 + (1.0100220814643854 * x_1)))))))) * (-0.08310000000000001 + (-0.00639 * (0.050220707802833754 + (1.0091533137436086 * x_8))))))),(0.005825509541639503*x_3 + 0.015156004454098373)*(0.8340959728306541*x_9 + 54.840927142462889) - (-0.0064484896748216588*x_8 - 0.083420910322860118)*(-12.200000000000001*sin(2.0503448253727026*x_1 + 0.16105125254592399) - 0.67000000000000032 + 1/(-0.060377781228104197*x_0 + 0.0032999313359416*x_8 + (11.120904840981972 - 66.93143984415359*x_2)*(0.7726834555190886*x_6 - 0.06413489753694107) - (83.48448535188779*x_4 - 19.68284936548062)*(-0.0041375285863487948*x_8 - 0.91020590490199165)*(atan(1.0116206136929107*x_7 + 0.006350498393228406) - 39.5)*(1.8244371289293589*x_0 - 2.984521052436091*x_5 - 3.8597468846174596) + 0.11403507192711794)) - 0.9560000000000001*sin(1.9353145235051761*x_0 - 0.059967152056711616) - 0.9890000000000001,8.451197385787964,,200
594_fri_c2_100_5,ok,5,NoRef,0.0008349636261997251,0.9945719529151827,54,52,54,(((0.9500000000000001 * (2.3236557527311636e-09 + (1.0050378111926093 * x_4))) * ((-0.021900000000000003 + (0.0205 * (-5.056086547415916e-09 + (1.0050378116639687 * x_3)))) + (0.006849999999999999 + (-0.55 * (-2.5740396230235096e-09 + (1.0050378181358313 * x_0)))))) + ((-0.011200000000000002 + (0.2 * (-5.056086547415916e-09 + (1.0050378116639687 * x_3)))) - ((0.299 + (0.384 * (2.8870194710416236e-09 + (1.0050378286556427 * x_2)))) - (3.21 + (-2.73 * sqrt((0.0811 + (0.00993 * abs((((39.4 + (93.0 * (1.4789027717446586e-09 + (1.005037819531248 * x_1)))) - ((-0.0025299999999999997 + (-65.5 * (-2.5740396230235096e-09 + (1.0050378181358313 * x_0)))) - (0.00949 + (-0.00911 * (-5.056086547415916e-09 + (1.0050378116639687 * x_3)))))) - (-0.00347 + (-0.037000000000000005 * (-5.056086547415916e-09 + (1.0050378116639687 * x_3)))))))))))))),-0.3859345262037668*x_2 + 0.20100756233279375*x_3 - (0.95478592063297893*x_4 + 2.2074729650946056e-9)*(0.55277079997470726*x_0 - 0.020603275139111359*x_3 + 0.015049998687927986) - 2.73*sqrt(0.00993*Abs(65.82997708789695*x_0 + 93.46851721640606*x_1 + 0.028030504567308092*x_3 + 39.415489968797347) + 0.0811) + 2.8997999978801672,5.449463129043579,,100
595_fri_c0_1000_10,ok,10,NoRef,0.5269011120920954,0.7262272417226774,70,70,70,((0.605 + (0.27 * (0.023677204900816835 + (1.0365983191687715 * x_4)))) + (((0.49100000000000005 * (-0.1211406374101396 + (1.023594826503582 * x_3))) + (-0.669 + (0.8470000000000001 * cos(((((0.00014 + (-0.603 * (-0.06702131565911112 + (0.9599333061403312 * x_1)))) - ((0.00462 + (0.653 * (0.02614878476186862 + (1.0238590584883367 * x_2)))) * (0.65 + (0.0039299999999999995 * (0.011813355667839568 + (0.9979701604705712 * x_8)))))) - (2.95 + (-77.8 * arctan((0.09110000000000001 + (-0.00972 * (0.08331357934160229 + (1.0244910011465165 * x_0)))))))) + (((-0.0053 + (-4.26 * abs((0.188 * (0.02614878476186862 + (1.0238590584883367 * x_2)))))) + ((3.4 + (-0.044700000000000004 * (-0.010207914156323272 + (0.9840604732257373 * x_9)))) + (-0.188 + (0.00528 * (-0.018095961115013614 + (1.0387664339348464 * x_5)))))) - (56.5 + (-0.48400000000000004 * inv((-59.300000000000004 + (-0.728 * (0.0710289511872284 + (0.9995744991233574 * x_7))))))))))))) + (-0.0039299999999999995 + (0.00558 * (-0.04354630810283682 + (1.0225112857000962 * x_6)))))),0.50258505981325881*x_3 + 0.27988154617556832*x_4 + 0.0057056129742065367*x_6 + 0.8470000000000001*cos(0.5788397836026197*x_1 - 0.005484686771175989*x_5 + 0.043987503153190461*x_9 + (0.66857996519288389*x_2 + 0.02169515644950021)*(0.0039220227306493443*x_8 + 0.65004642648777463) + 4.26*Abs(0.1924855029958073*x_2 + 0.004915971535231301) + 77.8*atan(0.0099580525311441398*x_0 - 0.09029019200879964) + 56.202385399569456 - 0.48400000000000004/(-0.7276902353618042*x_7 - 59.351709076464306)) - 0.12126019604437189,7.382593393325806,,200
596_fri_c2_250_5,ok,5,NoRef,0.07293087405336929,0.9743681829852919,60,60,60,((((-0.731 * (-0.03982219788825426 + (0.9780391196646281 * x_4))) - ((-0.18100000000000002 + (-0.0033699999999999997 * (-0.03327251323989341 + (0.9795882248533074 * x_2)))) + (0.00502 + (-4.71 * sin(((-0.00163 + (47.6 * inv((-35.5 + (17.400000000000002 * (-0.00836934259429335 + (0.9826060373461664 * x_0))))))) - (((0.13 * (-0.03327251323989341 + (0.9795882248533074 * x_2))) - (-87.10000000000001 + (1.93 * (-0.05566958792821793 + (1.0085802753375575 * x_1))))) + (-0.00406 + (-1.08 * (-0.00836934259429335 + (0.9826060373461664 * x_0))))))))))) + ((0.48900000000000005 + (0.434 * (-0.03327251323989341 + (0.9795882248533074 * x_2)))) * ((-3.3000000000000003 + (0.08130000000000001 * (-0.03982219788825426 + (0.9780391196646281 * x_4)))) * (-0.0014 + (0.47400000000000003 * (0.030239726957857333 + (1.0089704881333104 * x_3))))))) * (-0.323 + (0.0097 * (-0.00836934259429335 + (0.9826060373461664 * x_0))))),(0.009531278562257814*x_0 - 0.323081182623165)*(0.0033012123177556457*x_2 - 0.7149465964748431*x_4 + (0.4251412895863354*x_2 + 0.47455972925388631)*(0.47825201137518916*x_3 + 0.012933630578024377)*(0.07951458042873427*x_4 - 3.3032375446883154) + 4.71*sin(1.06121452033386*x_0 + 1.9465599314014859*x_1 - 0.12734646923093*x_2 - 87.20972576798212 + 47.6/(17.097345049823297*x_0 - 35.645626561140704)) + 0.20497789828669544),7.229340076446533,,200
597_fri_c2_500_5,ok,5,NoRef,0.31894740158623014,0.8226111998188159,34,32,34,((-0.2 + (0.3 * (0.051318081308249455 + (1.014644489729816 * x_3)))) + ((-0.01 + (1.5 * sin(((-0.2 + (0.6 * (0.06629972590880558 + (1.0075976137302378 * x_1)))) * (-3.0 + (-2.0 * (0.05371846994181401 + (0.9861750482670715 * x_0)))))))) + ((0.030000000000000002 + (-0.05 * (0.10122870033412179 + (1.0080699070194354 * x_2)))) * (8.0 + (6.0 * (-0.002414032778585222 + (0.9938074619432425 * x_4))))))),0.3043933469189448*x_3 - (0.050403495350971773*x_2 - 0.024938564983293912)*(5.962844771659455*x_4 + 7.985515803328489) - 1.5*sin((1.972350096534143*x_0 + 3.107436939883628)*(0.60455856823814266*x_1 - 0.1602201644547167)) - 0.19460457560752518,5.738708734512329,,200
599_fri_c2_1000_5,ok,5,NoRef,0.24230667135567485,0.8729426131584743,56,56,56,((0.117 + (0.023200000000000002 * (-0.037314603346356716 + (1.0738698362097465 * x_0)))) * ((0.0005 + (2.54 * (0.10153935051992874 + (1.044491792439849 * x_4)))) - ((0.77 + (-4.3 * (-0.0758845730996851 + (1.0498897117688875 * x_3)))) - ((-0.07780000000000001 + (9.700000000000001 * cos(((6.390000000000001 + (0.00365 * (0.009574705784042063 + (1.0477984342708666 * x_1)))) + ((2.89 + (-0.873 * inv((-0.8170000000000001 + (-0.0758845730996851 + (1.0498897117688875 * x_3)))))) * ((0.0096 + (0.0019099999999999998 * (-0.0758845730996851 + (1.0498897117688875 * x_3)))) * ((-36.0 + (-46.7 * (0.009574705784042063 + (1.0477984342708666 * x_1)))) + (0.666 + (-36.4 * (-0.037314603346356716 + (1.0738698362097465 * x_0))))))))))) - (-0.008 + (3.44 * (-0.0602307402531005 + (1.0089516501853955 * x_2)))))))),(0.024913780200066121*x_0 + 0.11613430120236453)*(-3.4707936766377605*x_2 + 4.5145257606062161*x_3 + 2.653009152797216*x_4 + 9.700000000000001*cos(0.0038244642850886631*x_1 + (2.89 - 0.873/(1.0498897117688875*x_3 - 0.8928845730996852))*(0.0020052893494785749*x_3 + 0.0094550604653796006)*(-39.088862038034771*x_0 - 48.932186880449473*x_1 - 34.42288719830738) + 6.390034947676113) - 0.70049996753736118),5.674215078353882,,200
601_fri_c1_250_5,ok,5,NoRef,0.3901768728832995,0.7819838745199955,37,37,37,((0.138 + (-1.47 * sin((((-0.00865 + (-0.010397483526896342 + (0.9882031183917349 * x_1))) + (-0.369 + (0.79 * (-0.018291418326324048 + (0.9901403382934644 * x_0))))) * (1.6500000000000001 + (0.5820000000000001 * (-0.01749150210176107 + (1.0090791592880441 * x_2)))))))) - ((-0.00141 + (-0.524 * (0.02676101383347822 + (1.0066664369813325 * x_3)))) - (0.00308 + (-0.17800000000000002 * arctan(((8.51 + (-55.0 * (-0.005668177014427033 + (0.9847510525456011 * x_4)))) + (-7.91 + (-0.0713 * (-0.01749150210176107 + (1.0090791592880441 * x_2)))))))))),0.52749321297821825*x_3 - 1.47*sin((0.58728407070564177*x_2 + 1.6398199457767752)*(0.7822108672518369*x_0 + 0.9882031183917349*x_1 - 0.40249770400469234)) + 0.17800000000000002*atan(0.071947344057237547*x_2 + 54.16130789000806*x_4 - 0.9129968798933421) + 0.1565127712487426,5.422427415847778,,200
602_fri_c3_250_10,ok,10,NoRef,0.020482029042254712,0.980844570781101,56,56,56,((-0.3 + (0.3 * (-0.038189884319498046 + (1.0024011477798893 * x_3)))) + (((0.02 * (-0.017542067075762977 + (1.005717915331683 * x_2))) * (-14.0 + (9.9 * (0.001312719251571377 + (1.0174709357351936 * x_4))))) + (-0.01 + (1.4000000000000001 * sin(((0.02 + (0.013000000000000001 * (0.027897516398397815 + (0.998073099323104 * x_0)))) * ((40.0 + (-70.0 * (0.027897516398397815 + (0.998073099323104 * x_0)))) - ((0.01 + (70.0 * (-0.006149085570662245 + (1.0063481202601992 * x_1)))) + ((0.01 + (0.001 * (0.0029420221446642856 + (1.008712998834323 * x_8)))) + ((0.01 + (0.001 * (-0.02871010083073984 + (1.0068245035869283 * x_5)))) + ((0.01 + (0.01 * (0.008084737233740273 + (0.9964088169567006 * x_7)))) + ((0.01 + (0.02 * (0.03500154593767501 + (1.0064758978864055 * x_6)))) + (0.001 + (0.3 * (0.008753852211365022 + (1.020618930622776 * x_9)))))))))))))))),0.30072034433396678*x_3 + (0.02011435830663366*x_2 - 0.00035084134151525955)*(10.072962263778417*x_4 - 13.98700407940944) + 1.4000000000000001*sin((0.012974950291200352*x_0 + 0.020362667713179172)*(-69.8651169526173*x_0 - 70.444368418213944*x_1 - 0.0010068245035869283*x_5 - 0.02012951795772811*x_6 - 0.009964088169567006*x_7 - 0.001008712998834323*x_8 - 0.3061856791868328*x_9 + 38.423228576182696)) - 0.3214569652958494,8.335673570632935,,200
604_fri_c4_500_10,ok,10,NoRef,0.7168720910081865,0.5606481386148616,58,58,58,((-0.3 + (0.36000000000000004 * (-0.1348550604363206 + (1.0036996856535505 * x_3)))) + ((0.02 + (0.006 * (-0.0022548934118654575 + (0.9992501517389518 * x_0)))) * ((0.3 + (64.0 * sin(((0.7000000000000001 + (-2.0 * (-0.026510329997847516 + (1.0228802703832585 * x_1)))) + (0.01 + (-1.1 * (-0.0022548934118654575 + (0.9992501517389518 * x_0)))))))) + ((0.001 + (0.1 * (-0.08584083487448184 + (0.9845918227850837 * x_2)))) * ((-0.08 + (90.0 * (-0.0473754174576671 + (1.0002900627489233 * x_4)))) + ((-0.8 + (0.060000000000000005 * (0.05150804270771723 + (1.015585618193334 * x_8)))) + ((-0.8 + (0.060000000000000005 * (0.10561760327369846 + (1.007417081890443 * x_7)))) + ((-0.8 + (-0.01 * (0.05960242929231957 + (1.0280165339330751 * x_5)))) + ((-0.8 + (-0.001 * (-0.009791979417298036 + (0.9929225967655008 * x_6)))) + (-80.0 + (-0.001 * (0.043020700170883344 + (1.0416572769407797 * x_9))))))))))))),0.36133188683527822*x_3 + (0.005995500910433711*x_0 + 0.019986470639528808)*((0.09845918227850838*x_2 - 0.007584083487448185)*(90.026105647403097*x_4 - 0.010280165339330751*x_5 - 0.0009929225967655008*x_6 + 0.060445024913426584*x_7 + 0.060935137091600046*x_8 - 0.0010416572769407797*x_9 - 87.534989285444831) - 64.0*sin(1.099175166912847*x_0 + 2.045760540766517*x_1 - 0.76550104274874713) + 0.3) - 0.34854782175707541,8.71130895614624,,200
606_fri_c2_1000_10,ok,10,NoRef,0.7297021638702226,0.5307834731514239,56,56,56,((0.015000000000000001 + (0.004 * (-0.043264314038292014 + (1.0227224598746503 * x_0)))) * (((25.0 * (-0.03206380168427523 + (0.9877428384944221 * x_3))) + ((-9.0 + (-80.0 * sin(((-0.7000000000000001 + (1.8 * (-0.02308872793518898 + (1.0310028958909718 * x_1)))) + (0.030000000000000002 + (1.1 * (-0.043264314038292014 + (1.0227224598746503 * x_0)))))))) + (-0.01 + (-20.0 * (-0.05715499640265298 + (0.9507785937602312 * x_2)))))) + ((-0.01 + (10.0 * (0.04487244154167024 + (0.9667189833408681 * x_4)))) + ((-0.01 + (-0.2 * (-0.01060423110845112 + (1.0251295848097435 * x_8)))) + ((-0.01 + (-0.2 * (-0.04496677019937933 + (1.0191986288929233 * x_7)))) + ((-0.01 + (-3.0 * (-0.04765413568781236 + (0.9856253019329347 * x_6)))) + ((0.01 + (0.001 * (0.10809595603871229 + (1.0624136403325424 * x_5)))) * (0.060000000000000005 + (-0.02 * (-0.10240413058209644 + (0.9803959075788435 * x_9))))))))))),(-0.0040908898394986013*x_0 - 0.014826942743846833)*(19.01557187520462*x_2 - 24.69357096236055*x_3 - 9.667189833408681*x_4 + 2.956875905798804*x_6 + 0.20383972577858467*x_7 + 0.20502591696194871*x_8 + (0.0010624136403325424*x_5 + 0.010108095956038713)*(0.01960791815157687*x_9 - 0.062048082611641934) + 80.0*sin(1.1249947058621154*x_0 + 1.8558052126037493*x_1 - 0.75915045572546148) + 8.105694091312116),8.361015319824219,,200
608_fri_c3_1000_10,ok,10,NoRef,0.6135402979273965,0.6731842633701561,62,62,62,((-0.4 + (0.4 * (0.03929049529360136 + (1.0101045661619172 * x_3)))) + ((0.02 + (0.009 * (-0.11377932602934616 + (1.0194947829765149 * x_1)))) * ((0.6 + (60.0 * sin(((0.7000000000000001 + (-2.0 * (-0.11377932602934616 + (1.0194947829765149 * x_1)))) + (-0.3 + (-1.4000000000000001 * (-0.12080387897699611 + (1.046689364019702 * x_0)))))))) + ((0.001 + (-0.02 * (-0.07485137802023327 + (0.928236161918507 * x_4)))) * ((-0.02 + (-0.08 * (-0.024700608534952977 + (1.0178478008506844 * x_5)))) + ((-0.09000000000000001 + (-0.8 * (0.09997004958074049 + (0.9725437086252088 * x_8)))) + ((-0.09000000000000001 + (-0.08 * (0.025411185636871135 + (1.0085861129114744 * x_7)))) + ((0.9 + (0.6 * (-0.09009695051222572 + (0.9667130737789161 * x_2)))) * ((-0.09000000000000001 + (-0.08 * (0.0037480437197946344 + (1.0171997847210195 * x_6)))) + (-0.09000000000000001 + (-90.0 * (-0.06915440631011427 + (1.0059132552759904 * x_9))))))))))))),0.4040418264647669*x_3 + (0.0091754530467886334*x_1 + 0.018975986065735885)*((0.002497027560404665 - 0.0185647232383701*x_4)*(-0.081427824068054754*x_5 - 0.080686889032917954*x_7 - 0.7780349669001671*x_8 + (0.5800278442673496*x_2 + 0.8459418296926646)*(-0.081375982777681562*x_6 - 90.532192974839136*x_9 + 6.0435967244127007) - 0.28003288583274587) - 60.0*sin(1.4653651096275829*x_0 + 2.0389895659530298*x_1 - 0.79668408262648699) + 0.6) - 0.3842838018825595,10.79042363166809,,200
609_fri_c0_1000_5,ok,5,NoRef,0.5541211076485189,0.6786726629309151,69,71,69,((((-0.457 + (-0.00292 * cos((0.0655 + (-0.057300000000000004 * (-0.026199140277906246 + (1.011143035371021 * x_2))))))) - ((5.59 + (7.16 * (-0.03328608761079923 + (0.9930031921598278 * x_0)))) * (-0.082 + (0.045000000000000005 * cos(((-0.009949999999999999 + (84.60000000000001 * (0.15003226178161752 + (1.0307127080102405 * x_3)))) + (0.521 + (0.767 * (0.15003226178161752 + (1.0307127080102405 * x_3)))))))))) - (((-0.47900000000000004 * (0.18580190968182023 + (0.9780250034598157 * x_4))) * (0.023700000000000002 + (0.07350000000000001 * abs((-0.301 + (11.700000000000001 * (-0.026199140277906246 + (1.011143035371021 * x_2)))))))) + ((0.00106 + (-0.42000000000000004 * (-0.056662208270947687 + (1.0093749014959992 * x_1)))) - (-0.0188 + (0.634 * (0.15003226178161752 + (1.0307127080102405 * x_3))))))) + (0.05 + (0.556 * cos((40.1 + (-1.11 * ((0.00299 + (1.08 * (-0.026199140277906246 + (1.011143035371021 * x_2)))))**2)))))),0.4239374586283197*x_1 + 0.65347185687849248*x_3 - (7.109902855864367*x_0 + 5.351671612706677)*(0.045000000000000005*cos(87.988851744710211*x_3 + 13.318854091511344) - 0.082) + (0.46847397665725176*x_4 + 0.088999114737591898)*(0.07350000000000001*Abs(11.830373513840947*x_2 - 0.60752994125150309) + 0.023700000000000002) - 0.00292*cos(0.057938495926759507*x_2 - 0.067001210737924031) + 0.556*cos(1.11*(1.092034478200703*x_2 - 0.025305071500138748)**2 - 40.1) - 0.35553767350425254,5.207995891571045,,200
611_fri_c3_100_5,ok,5,NoRef,0.818070986467966,0.4243933563875583,41,41,41,((0.030000000000000002 + (0.01 * (-5.485044449520766e-09 + (1.0050378211517923 * x_1)))) * ((-0.01 + (9.9 * (2.2651548670983395e-09 + (1.0050378215807587 * x_3)))) + ((-0.01 + (40.0 * sin(((-0.3 + (-1.8 * (-5.485044449520766e-09 + (1.0050378211517923 * x_1)))) + (0.1 + (-1.2 * (3.3696518741937506e-10 + (1.0050378176809236 * x_0)))))))) + (-9.0 + (9.0 * cos(((0.9 + (5.0 * (3.3696518741937506e-10 + (1.0050378176809236 * x_0)))) + ((0.9 + (-2.0 * (-1.4882628954172861e-09 + (1.0050378087527534 * x_4)))) + (0.01 + (0.1 * (7.488115246346441e-11 + (1.0050378153667796 * x_2)))))))))))),(0.010050378211517923*x_1 + 0.029999999945149558)*(9.9498744336495115*x_3 - 40.0*sin(1.2060453812171083*x_0 + 1.8090680780732262*x_1 + 0.1999999905312782) + 9.0*cos(5.025189088404618*x_0 + 0.10050378153667797*x_2 - 2.0100756175055068*x_4 + 1.8100000046688399) - 9.0199999775749666),5.31594705581665,,100
612_fri_c1_1000_5,ok,5,NoRef,0.29784781949280015,0.8143706350542128,36,36,36,((0.001 + (0.4 * (-0.0455437593761508 + (0.9567051152908453 * x_3)))) + ((0.001 + (1.4000000000000001 * sin(((-0.2 + (-0.15 * (0.05379249346486988 + (0.9813329069621656 * x_1)))) * (-4.0 + (9.9 * (0.05379249346486988 + (0.9813329069621656 * x_1)))))))) + ((0.002 + (-0.004 * (0.02499164981509785 + (0.963922001685239 * x_2)))) * ((0.6 + (80.0 * (-0.1259509009120862 + (1.0224742268874492 * x_4)))) + (-0.01 + (-80.0 * (0.058764461739031826 + (0.9941862663105345 * x_0)))))))),0.3826820461163381*x_3 + (0.00385568800674096*x_2 - 0.001900033400739609)*(79.53490130484276*x_0 - 81.797938150995936*x_4 + 14.187229012089442) - 1.4000000000000001*sin((0.1471999360443248*x_1 + 0.2080688740197305)*(9.71519577892544*x_1 - 3.467454314697788)) - 0.0162175037504603,6.2275636196136475,,200
613_fri_c3_250_5,ok,5,BFGS,0.017274438682501114,0.9716973298264657,129,87,129,(((0.004813995558878245 + ((-0.00868585356348407 + (0.00615154948082662 * arctan((2.0992908942509003 + (3.984441739876676 * (-0.00583196890049992 + (0.9920083120873421 * x_0))))))))**2) - (0.004886004445638746 + (-2.9220376323255776e-05 * (-0.028948889952718215 + (1.0093385016897576 * x_1))))) * ((((abs((((0.050976050063789614 + (17.72380093601967 * (-0.011035865820133607 + (1.0097221415593123 * x_2)))) - (-0.060706050109041114 + (-23.40417512230964 * inv((0.16730911951650274 + (-1.1916417039094833 * inv(((0.6220856071025039 + (0.26075429271220774 * (0.011376775246438027 + (0.9978400925361779 * x_3)))) + (-0.06511439308610528 + (1.350103714181255 * (-0.028948889952718215 + (1.0093385016897576 * x_1)))))))))))) - (0.8852939499306481 + (0.047031074015193894 * inv((-0.0014570240267552511 + (8.789956056424245 * arctan((-0.031111147435358564 + (-0.6065788007489037 * (-0.0023800517403783196 + (1.0247486200671985 * x_4)))))))))))) * (4.41938736388721 + (0.4986207997053926 * (-0.00583196890049992 + (0.9920083120873421 * x_0))))) + (-0.0772858071517939 + (70.82932999917637 * (-0.028948889952718215 + (1.0093385016897576 * x_1))))) - (0.0216858071245386 + (-45.37928597459218 * sin((7.39781440435172 + (-74.4386210730051 * (-0.00583196890049992 + (0.9920083120873421 * x_0)))))))) * (3.8502691592971527 + (0.5713579494954739 * (-0.011035865820133607 + (1.0097221415593123 * x_2)))))),(0.57691277236150731*x_2 + 3.843963729631254)*(2.9493250856925853e-5*x_1 + (0.00615154948082662*atan(3.952599324985414*x_0 + 2.0760537539380857) - 0.00868585356348407)**2 - 7.2854784219059941e-5)*(71.490769817058077*x_1 + (0.4946359778873872*x_0 + 4.416479422890185)*Abs((0.010722806827239687*x_1 + 0.0020473727877096203*x_3 + (17.896114237688725*x_2 - 0.96920933871048888)*(8.789956056424245*atan(0.62159078902945522*x_4 + 0.029667458504959542) + 0.0014570240267552511)*(0.22799408798905101*x_1 + 0.043532341767236583*x_3 - 1.104498121072666) + (8.789956056424245*atan(0.62159078902945522*x_4 + 0.029667458504959542) + 0.0014570240267552511)*(31.893142331794403*x_1 + 6.0895577787327063*x_3 + 12.190152451894284) - 0.05194573288181114)/((8.789956056424245*atan(0.62159078902945522*x_4 + 0.029667458504959542) + 0.0014570240267552511)*(0.22799408798905101*x_1 + 0.043532341767236583*x_3 - 1.104498121072666))) - 45.37928597459218*sin(73.84373084474104*x_0 - 7.83193812744558) - 2.1494020938472522),9.873759269714355,,200
615_fri_c4_250_10,ok,10,NoRef,0.10178180142106008,0.9369414969003929,78,78,78,(((((0.030508266623949246 + (1.0184149844080637 * x_3)) + (-0.154 + (-0.68 * (0.030981082827633125 + (1.0037440958902806 * x_2))))) * (0.378 + (0.00581 * (0.05515174324685588 + (0.9881054953181548 * x_8))))) + (-0.06770000000000001 + (0.763 * cos((((((0.8510000000000001 * abs((1.49 + (-0.0756 * (0.05515174324685588 + (0.9881054953181548 * x_8)))))) - (-3.0300000000000002 + (-0.00618 * (0.008561553372822423 + (1.001972468388772 * x_1))))) + ((0.0069 + (0.056900000000000006 * inv(((34.2 + (6.8100000000000005 * (0.05515174324685588 + (0.9881054953181548 * x_8)))) + (0.0216 + (-9.53 * (-0.01918538936707431 + (0.9784295203960635 * x_9)))))))) - (((0.081 * (-0.027894848970115443 + (0.9944293071811292 * x_5))) + (-50.0 + (-0.23800000000000002 * (-0.01918538936707431 + (0.9784295203960635 * x_9))))) + (7.55 + (-0.00963 * (-0.004420436494283208 + (0.9982358793105901 * x_6))))))) - (0.00244 + (0.008029999999999999 * (-0.004420436494283208 + (0.9982358793105901 * x_6))))) + (((51.4 + (-2.1 * (0.008561553372822423 + (1.001972468388772 * x_1)))) + (-82.3 + (-0.07160000000000001 * (-0.04174225894742663 + (1.009234310176972 * x_7))))) - (54.0 + (0.801 * (0.018442320333777653 + (1.0043892364385394 * x_0)))))))))) + (-0.030000000000000002 + (-0.732 * cos((-0.00603 + (-3.6 * (0.016849843417703382 + (1.0050181313033926 * x_4)))))))),(0.005740892927798479*x_8 + 0.3783204316282642)*(-0.68254598520539086*x_2 + 1.0184149844080637*x_3 - 0.14455886969884128) - 0.732*cos(3.6180652726922134*x_4 + 0.066689436303732177) + 0.763*cos(0.8045157783872701*x_0 + 2.097949993761779*x_1 + 0.08054877388167147*x_5 - 0.001597177406896945*x_6 + 0.07226117660867121*x_7 - 0.23286622585426313*x_9 - 0.8510000000000001*Abs(0.0747007754460525*x_8 - 1.485830528210538) + 39.447563617130977 - 0.056900000000000006/(6.7289984231166346*x_8 - 9.324433329374485*x_9 + 34.78002013217931)) - 0.097700000000000012,7.830771446228027,,200
617_fri_c3_500_5,ok,5,NoRef,0.11176946659382037,0.8990697831254972,43,43,43,((((sin((-2.5300000000000002 * (0.06884697124093933 + (1.0266038989481894 * x_1)))) + (0.0801 + (0.334 * (0.03177150349695045 + (1.0457474271073812 * x_3))))) * (0.921 + (0.00061 * (0.06189277847607138 + (1.0463141535655052 * x_0))))) - (-0.0028899999999999998 + (0.546 * (0.06583752182489036 + (1.0614816774443865 * x_2))))) + ((0.674 + (0.0427 * (0.03177150349695045 + (1.0457474271073812 * x_3)))) * (0.00769 + (-0.8580000000000001 * sin((61.4 + (-4.1 * (0.07378384716018162 + (1.066710481333945 * x_4))))))))),-0.57956899588463507*x_2 + (0.00063825163367495814*x_0 + 0.9210377545948704)*(0.34927964065386534*x_3 - sin(2.5973078643389194*x_1 + 0.17418283723957652) + 0.09071168216798146) + (0.044653415137485179*x_3 + 0.6753566431993198)*(0.8580000000000001*sin(4.373512973469174*x_4 - 61.09748622664325) + 0.00769) - 0.03305728691639014,5.353440284729004,,200
621_fri_c0_100_10,ok,10,NoRef,0.45437568347113666,0.7349612674143639,50,50,50,(((0.5 * (2.316635645158825e-09 + (1.005037811384345 * x_3))) + (-0.1 + (0.5 * (3.369651839070239e-09 + (1.0050378086193497 * x_0))))) + ((0.1 + (0.4 * (1.4976230557380417e-10 + (1.0050378197078866 * x_1)))) + (((0.006 * (-5.503764690973492e-09 + (1.0050378132222737 * x_9))) * ((0.001 + (70.0 * (2.3868367447602294e-10 + (1.0050378172229721 * x_2)))) + (0.1 + (0.004 * (9.734549852333354e-10 + (1.0050378163751326 * x_8)))))) + (0.01 + (0.5 * sin(((0.02 + (0.9 * (3.5755750494243194e-09 + (1.0050378207899893 * x_7)))) + ((0.01 + (-0.9 * (5.607351256555068e-09 + (1.0050378092727088 * x_5)))) + ((0.006 + (0.9 * (8.330528184386568e-10 + (1.0050378147807428 * x_4)))) + (0.060000000000000005 + (0.08 * (-1.652504178821832e-09 + (1.005037812839098 * x_6))))))))))))),0.50251890430967485*x_0 + 0.40201512788315466*x_1 + 0.5025189056921725*x_3 + (0.0060302268793336423*x_9 - 3.302258814584095e-11)*(70.352647205608047*x_2 + 0.0040201512655005305*x_8 + 0.10100001671175104) + 0.5*sin(0.90453403330266854*x_4 - 0.90453402834543794*x_5 + 0.08040302502712784*x_6 + 0.90453403871099039*x_7 + 0.095999998788948622) + 0.010000002903048664,5.983747720718384,,100
623_fri_c4_1000_10,ok,10,NoRef,0.25231303813373984,0.7435646545124918,64,64,64,(((((65.7 + inv(((-25.5 + (-0.08800000000000001 * (0.13941561426198104 + (1.0104749796278643 * x_0)))) + ((((9.78 * (-0.11576764803778941 + (1.0044960092981252 * x_8))) - (-0.0328 + (-90.0 * (-0.05362121669788681 + (1.0618312288592786 * x_7))))) + (((0.055900000000000005 * (0.1293185428126426 + (1.1237869624512584 * x_4))) - (0.019200000000000002 + (0.0302 * (-0.05362121669788681 + (1.0618312288592786 * x_7))))) + (-0.65 + (-0.00735 * (-0.11576764803778941 + (1.0044960092981252 * x_8)))))) + ((8.27 + (-0.382 * (0.12525825913657282 + (0.980269270206672 * x_6)))) + (-0.053000000000000005 + (-2.49 * (0.02709331977686438 + (0.9998511943214848 * x_5))))))))) + ((-60.6 + (-0.0775 * (0.0736087982084613 + (0.9999677590618523 * x_9)))) * (90.8 + (-4.5600000000000005 * (0.14053229737994233 + (1.0823781329800635 * x_2)))))) * (-0.0093 + (-0.003909999999999999 * (0.13941561426198104 + (1.0104749796278643 * x_0))))) * (-0.011300000000000001 + (0.024700000000000003 * sin((0.884 + (-2.95 * (0.14278809094854045 + (1.0265951539192182 * x_1)))))))) - (-0.336 + (-0.35000000000000003 * (0.09947925414942209 + (1.0205751432371792 * x_3))))),0.35720130013301275*x_3 + (-0.0039509571703449484*x_0 - 0.009845115051764345)*(-0.024700000000000003*sin(3.0284557040616939*x_1 - 0.46277513170180565) - 0.011300000000000001)*((90.15917272394746 - 4.9356442863890901*x_2)*(-0.07749750132729355*x_9 - 60.6057046818612) + 65.7 + 1/(-0.088921798207252069*x_0 + 0.06281969120102535*x_4 - 2.489629473860497*x_5 - 0.374462861218949*x_6 + 95.532743294223524*x_7 + 9.8165879252673226*x_8 - 23.99539753640843)) + 0.37081773895229776,8.828744649887085,,200
624_fri_c0_100_5,ok,5,NoRef,0.6867180670112343,0.5569103259698313,26,26,26,(((0.5 * (1.6052646991142874e-09 + (1.005037818082082 * x_3))) + (-1.0 + (0.3 * (-1.9656302458928866e-09 + (1.0050378110182856 * x_4))))) + ((1.0 + (0.5 * (4.24014525147764e-09 + (1.0050378137630331 * x_0)))) + ((0.01 + (0.5 * (-2.059231685602471e-10 + (1.0050378118806327 * x_1)))) + (0.1 + (0.7000000000000001 * cos((-9.200000000000001 + (2.2 * (-1.8252280771675934e-09 + (1.0050378081626472 * x_2)))))))))),0.50251890688151655*x_0 + 0.50251890594031635*x_1 + 0.502518909041041*x_3 + 0.30151134330548567*x_4 + 0.7000000000000001*cos(2.211083177957824*x_2 - 9.2000000040155028) + 0.11000000223005427,3.666761636734009,,100
627_fri_c2_500_10,ok,10,NoRef,0.5720756496924454,0.6607627595231135,60,60,60,((-0.1 + (0.3 * (0.033341707614650384 + (0.9827162141673074 * x_3)))) + ((0.02 + (0.01 * (-0.013129577447021317 + (0.9990856847101941 * x_1)))) * ((0.1 + (70.0 * sin(((0.7000000000000001 + (-1.4000000000000001 * (-0.013129577447021317 + (0.9990856847101941 * x_1)))) + (0.01 + (-0.9 * (-0.03715904788242102 + (0.9873114643136044 * x_0)))))))) + ((0.6 + (7.0 * (0.03697216135961967 + (1.0049960573880736 * x_4)))) + ((0.6 + (-9.0 * (0.026683047888560293 + (0.9757203942515261 * x_2)))) + (6.0 + (-0.006 * inv(((0.060000000000000005 + (0.030000000000000002 * (0.089197355976 + (0.9914281091126119 * x_8)))) + ((0.060000000000000005 + (0.060000000000000005 * (-0.022952103075604885 + (0.9844216391496325 * x_5)))) + ((0.060000000000000005 + (0.060000000000000005 * (-0.05602650016378306 + (0.9823369513031974 * x_7)))) + ((0.060000000000000005 + (0.060000000000000005 * (-0.026586736692291005 + (0.9760546559365092 * x_9)))) + (0.060000000000000005 + (0.6 * (-0.036573688340500496 + (0.9921415214297146 * x_6)))))))))))))))),0.2948148642501922*x_3 + (0.009990856847101941*x_1 + 0.019868704225529787)*(-8.781483548263735*x_2 + 7.0349724017165152*x_4 - 70.0*sin(0.888580317882244*x_0 + 1.3987199585942718*x_1 - 0.76182455152000886) + 7.318657698520295 - 0.006/(0.059065298348977955*x_5 + 0.5952849128578287*x_6 + 0.058940217078191849*x_7 + 0.029742843273378359*x_8 + 0.058563279356190557*x_9 + 0.27439778727907899)) - 0.089997487715604891,9.58504319190979,,200
628_fri_c3_1000_5,ok,5,NoRef,0.009760496510266226,0.9771228978899037,33,33,33,((-0.4 + (0.4 * (0.07995654940232406 + (1.0305655132338056 * x_3)))) + ((-0.01 + (-0.5 * (0.04665711240912954 + (1.1089028168055421 * x_2)))) + (-0.01 + (1.6 * sin(((0.2 + (0.2 * (-0.011951282734320523 + (1.0307417971714052 * x_1)))) * ((4.0 + (-6.0 * (-0.006538880888095933 + (1.0173482172539636 * x_0)))) + (-3.0 + (-2.0 * sin((-0.7000000000000001 + (4.4 * (0.04995802988010866 + (1.124767200659096 * x_4)))))))))))))),-0.55445140840277105*x_2 + 0.41222620529352226*x_3 - 1.6*sin((0.20614835943428105*x_1 + 0.19760974345313591)*(6.1040893035237816*x_0 + 2.0*sin(4.948975682900023*x_4 - 0.480184668527522) - 1.039233285328576)) - 0.4113459364436352,5.014469623565674,,200
631_fri_c1_500_5,ok,5,NoRef,0.5805775479625808,0.6694927111944668,48,48,48,(((0.666 + (0.056100000000000004 * (-0.056521872297880936 + (0.9717229773807777 * x_4)))) * (((0.645 * (0.011619934130194394 + (1.0130552558033206 * x_3))) + (0.662 + (-0.24200000000000002 * (0.011619934130194394 + (1.0130552558033206 * x_3))))) + (-0.007019999999999999 + (0.3 * (-0.056521872297880936 + (0.9717229773807777 * x_4)))))) - (0.899 + (-1.59 * cos(((-0.057600000000000005 + (-0.11900000000000001 * (0.051813494666047274 + (0.9930497282225305 * x_1)))) * ((-0.062400000000000004 + (-0.0746 * (0.06765066243771634 + (0.9954469854695703 * x_0)))) * (-2.09 + (86.60000000000001 * sqrt((2.69 + (-0.778 * (0.04936468118293561 + (1.0271014528879046 * x_2))))))))))))),(0.054513659031061633*x_4 + 0.66282912296408892)*(0.4082612680887382*x_3 + 0.2915168932142333*x_4 + 0.6427062717651041) + 1.59*cos((-0.07426034511602994*x_0 - 0.067446739417853643)*(-0.11817291765848114*x_1 - 0.063765805865259631)*(86.60000000000001*sqrt(2.651594278039676 - 0.7990849303467898*x_2) - 2.09)) - 0.899,6.44593071937561,,200
634_fri_c2_100_10,ok,10,NoRef,0.253543297298508,0.8596465123348829,52,52,52,((0.02 + (0.009 * (-3.5942953176591e-09 + (1.0050378169186154 * x_1)))) * ((0.01 + (60.0 * sin((-2.0 * (-3.891699263916169e-09 + (1.005037812523656 * x_0)))))) + ((9.0 + (-0.01 * (-2.2277142980311373e-09 + (1.005037820890266 * x_8)))) + ((0.001 + (0.3 * (-2.040511411673613e-09 + (1.0050378188363487 * x_4)))) * ((0.030000000000000002 + (90.0 * (-6.053673205708496e-09 + (1.0050378214297475 * x_6)))) + ((0.003 + (0.01 * (1.3478607413557276e-09 + (1.0050378131397857 * x_5)))) + ((0.003 + (0.01 * (-4.972576454754833e-10 + (1.0050378191710638 * x_2)))) + ((0.003 + (0.001 * (2.620840332405153e-10 + (1.005037813903384 * x_7)))) + ((0.003 + (-0.001 * (8.096524631093754e-10 + (1.005037812430936 * x_3)))) + (0.02 + (0.01 * (-1.984350541638051e-09 + (1.0050378174665446 * x_9))))))))))))),(0.0090453403522675379*x_1 + 0.0199999999676513)*(-0.01005037820890266*x_8 + (0.3015113456509046*x_4 + 0.0009999993878465765)*(0.010050378191710638*x_2 - 0.001005037812430936*x_3 + 0.010050378131397857*x_5 + 90.453403928677275*x_6 + 0.001005037813903384*x_7 + 0.010050378174665446*x_9 + 0.061999455157526446) - 60.0*sin(2.010075625047312*x_0 - 7.783398527832338e-9) + 9.0100000000222771),5.587374210357666,,100
635_fri_c0_250_10,ok,10,NoRef,0.5498331317497234,0.6611058920333225,73,73,73,(((0.037000000000000005 + (0.3 * (0.05626701566663447 + (0.984972246146817 * x_4)))) + ((-0.00626 + (0.8550000000000001 * cos((0.9750000000000001 + (-1.31 * (0.0299533659358918 + (1.026432356260368 * x_1))))))) - (-0.5650000000000001 + (-0.008709999999999999 * (0.03710033285164021 + (0.9862754867919485 * x_2)))))) - (((-0.497 * (3.284185646600527e-05 + (1.0134618852695818 * x_3))) + (((6.99 + (0.09530000000000001 * (0.024595320138910946 + (1.0093932487757626 * x_5)))) * (-0.00069 + (-0.0698 * arctan(((0.00715 + (0.00667 * (0.044703616871696904 + (1.002732006634402 * x_7)))) + ((-0.0926 + (92.10000000000001 * (-0.0158002831059501 + (1.035825655276819 * x_0)))) - (0.736 + (-5.2700000000000005 * sqrt((9.44 + (0.030000000000000002 * inv((-9.450000000000001 + (4.07 * (0.023946984823668138 + (1.0075174426626203 * x_9)))))))))))))))) - (0.052000000000000005 + (0.015500000000000002 * (-0.029670791284983563 + (0.9968372944853446 * x_6)))))) + (0.9420000000000001 + (0.0007199999999999999 * (-0.030720025213037582 + (0.9964720662834899 * x_8)))))),0.00859045948995787*x_2 + 0.50369055697898215*x_3 + 0.295491673844045*x_4 + 0.015450978064522843*x_6 - 0.0007174598877241126*x_8 + (0.096195176608330186*x_5 + 6.9923439340092384)*(0.0698*atan(95.39954285099504*x_0 + 0.006688222484251461*x_7 + 5.2700000000000005*sqrt((38.709626161052003*x_9 - 88.257937685486817)/(4.1005959916368649*x_9 - 9.3525357717676717)) - 2.2763579009334702) + 0.00069) + 0.8550000000000001*cos(1.344626386701082*x_1 - 0.9357610906239818) - 0.27747820784497212,6.561420917510986,,200
641_fri_c1_500_10,ok,10,BFGS,0.0011452037502432955,0.9544106620651005,74,72,74,((-0.053102512922451016 + (-0.03375242708780559 * arctan(((-0.009429805232191954 + (-0.6919856205799718 * (-0.010538602807564558 + (1.0101551525364498 * x_2)))) + ((0.6270001947678082 + (0.6039974599870797 * (0.04604423538072993 + (0.9674549471240764 * x_9)))) + ((0.09740019476780806 + (-0.07006320924323635 * abs((0.8530000152627374 + (-9.059940418777813 * (((-0.9249796615458791 + (-5.719914898378307 * (0.06278172057161527 + (0.9810267998778318 * x_8)))) - ((-0.019820338454120692 + (5.3001592051137845 * (-0.0007699340761739147 + (1.0247051180741429 * x_4)))) + ((-0.7910203384541212 + (0.3435799730912677 * (-0.005068268617956794 + (1.0102445817775312 * x_6)))) - (-63.399979661545885 + (-0.0024758145874305766 * (0.06346169844205729 + (1.024410073610703 * x_5))))))))**2))))) - (0.06799980523219196 + (45.89999883132138 * (0.06346169844205729 + (1.024410073610703 * x_5)))))))))) * ((-0.7538515401097855 + (-7.9261397862798795 * (-0.041244311805811756 + (0.9881424498527619 * x_3)))) + ((-0.6340662362891619 + (0.4633979365403017 * abs((-1.2350420409030352 + (0.00805487804850231 + (0.9968997576834833 * x_1)))))) * ((-8.14412974553775 + (-0.04535270339448748 * (0.09722717144425294 + (1.0248389370748021 * x_7)))) + (4.565870254462406 + (-54.59741790173924 * (-0.00754624478365389 + (0.9836753950133191 * x_0)))))))),-(0.03375242708780559*atan(0.69901284010999129*x_2 + 47.02042118152512*x_5 - 0.5843403307148766*x_9 + 0.07006320924323635*Abs(9.059940418777813*(5.4311002640878759*x_4 + 0.0025362494037562092*x_5 + 0.34709980622272316*x_6 + 5.611389808329604*x_8 + 63.867559735649133)**2 - 0.8530000152627374) + 2.2308179424320206) - 0.053102512922451016)*(7.8321551862900467*x_3 + (0.4633979365403017*Abs(0.9968997576834833*x_1 - 1.2269871628545329) - 0.6340662362891619)*(53.70613662120061*x_0 + 0.046479216340275318*x_7 + 3.170663526101769) + 0.426943359348008),7.642066478729248,,200
646_fri_c3_500_10,ok,10,NoRef,0.6187685031864283,0.607148881387858,58,58,58,((0.01 + (0.4 * (-0.0010674995282084277 + (0.9888977016014616 * x_3)))) + ((0.02 + (0.008 * (-0.07566403615497733 + (1.0061982190189063 * x_1)))) * ((-0.3 + (60.0 * sin(((-0.006 + (-1.8 * (-0.07566403615497733 + (1.0061982190189063 * x_1)))) + (0.030000000000000002 + (-1.3 * (-0.08580614110746695 + (0.9764867799745204 * x_0)))))))) + ((0.001 + (-0.1 * (-0.07585884095525353 + (0.9394858417435231 * x_4)))) * ((-0.08 + (-90.0 * (-0.05721558898573879 + (0.9725279454163238 * x_2)))) + ((-0.02 + (-0.02 * (-0.08572351112350518 + (0.9977370817874324 * x_8)))) + ((-0.02 + (-0.02 * (-0.015303586236559374 + (0.9921594894841607 * x_5)))) + ((-0.02 + (-0.02 * (0.018198606053000926 + (0.9830177296829794 * x_7)))) + ((-0.02 + (-0.02 * (0.05178842670427133 + (1.0545913349620601 * x_9)))) + (-0.02 + (-0.02 * (0.05867666558860839 + (0.9957561638142012 * x_6))))))))))))),0.3955590806405847*x_3 + (0.0080495857521512506*x_1 + 0.01939468771076018)*((0.008585884095525353 - 0.09394858417435232*x_4)*(-87.52751508746914*x_2 - 0.01984318978968321*x_5 - 0.01991512327628402*x_6 - 0.01966035459365959*x_7 - 0.01995474163574865*x_8 - 0.021091826699241202*x_9 + 4.9688502766967748) - 60.0*sin(1.269432813966877*x_0 + 1.8111567942340314*x_1 - 0.27174324851866624) - 0.3) + 0.0095730001887166291,8.827163934707642,,200
647_fri_c1_250_10,ok,10,NoRef,0.3563073227978867,0.8098691239337736,60,60,60,((-0.2 + (0.3 * (0.012771660018394299 + (0.9916244828062031 * x_3)))) - ((0.02 + (0.008 * (-0.06563464502751039 + (0.9806987438418552 * x_1)))) * (((60.0 * sin((2.7 * (-0.06563464502751039 + (0.9806987438418552 * x_1))))) + (-0.3 + (7.0 * (-0.004478456272028574 + (1.0195182309979691 * x_6))))) + ((-0.3 + (-9.0 * (0.04259752720332055 + (1.0063005627788042 * x_4)))) + ((0.2 + (0.01 * (-0.01920572954524788 + (0.9843620950829046 * x_5)))) * ((-0.02 + (90.0 * (-0.0661680238763467 + (0.9883772642250066 * x_0)))) + ((-0.02 + (-0.01 * (-0.02629323549384153 + (0.9986094332148666 * x_2)))) + ((-0.3 + (0.001 * (0.0005549552017442876 + (1.0134782143162062 * x_7)))) + ((-0.3 + (0.001 * (-0.02713842520686745 + (0.9779645183370135 * x_8)))) + (-0.3 + (-20.0 * (0.0026619787194639703 + (0.9855581582449608 * x_9))))))))))))),0.2974873448418609*x_3 - (0.007845589950734842*x_1 + 0.01947492283977992)*(-9.0567050650092378*x_4 + 7.1366276169857837*x_6 + (0.009843620950829046*x_5 + 0.1998079427045475)*(88.95395378025059*x_0 - 0.009986094332148666*x_2 + 0.0010134782143162062*x_7 + 0.0009779645183370135*x_8 - 19.71116316489922*x_9 - 6.9481253743755484) + 60.0*sin(2.647886608373009*x_1 - 0.1772135415742781) - 1.014726938734085) - 0.19616850199448172,10.109776496887207,,200
649_fri_c0_500_5,ok,5,NoRef,0.2896357837589376,0.8172711695369781,45,45,45,((2.0 + (0.6 * (-0.06639078434904079 + (1.0571454595405074 * x_3)))) + (-0.1 + (-0.2 * sqrt((0.01 + (0.9 * abs((((90.0 + (-70.0 * (0.05231147534006627 + (1.0066634887399533 * x_1)))) + (0.01 + (-40.0 * (0.007078065159054314 + (1.0130563010908327 * x_4))))) - ((0.9 + (0.9 * (-0.08932909934794814 + (1.0023846504648501 * x_0)))) * (-90.0 + (0.8 * abs((0.01 + (99.8 * (-0.021789259863661356 + (1.0063983944922867 * x_2)))))))))))))))),0.63428727572430442*x_3 - 0.2*sqrt(0.9*Abs(70.466444211796731*x_1 + 40.522252043633308*x_4 + (0.90214618541836511*x_0 + 0.8196038105868467)*(0.8*Abs(100.43855977033021*x_2 - 2.1645681343934033) - 90.0) - 86.06507411983319) + 0.01) + 1.860165529390576,6.107235908508301,,200
654_fri_c0_500_10,ok,10,NoRef,0.663092413342881,0.5948370802451182,64,64,64,(((0.5 * (0.0007491783139851028 + (0.9893417119088128 * x_3))) + (-0.01 + (0.3 * (0.04187135150738115 + (1.0510953173290194 * x_4))))) + ((0.01 + (1.0 * cos(((0.02 + (1.0 * (-0.06393432606302606 + (0.9998031220651009 * x_1)))) + ((-0.8 + (0.9 * (-0.027601897422796586 + (1.0061636075716038 * x_0)))) + (-0.7000000000000001 + (0.001 * (((-6.0 + (-20.0 * (-0.04407831859558271 + (1.0230621218787368 * x_2)))) + (0.030000000000000002 + (0.030000000000000002 * inv(((0.09000000000000001 + (0.02 * (-0.040554941512674664 + (0.9867431653933428 * x_5)))) + ((0.02 + (0.02 * (-0.014222167248802433 + (1.0018358309056357 * x_7)))) + (0.02 + (0.1 * (-0.10813174643488255 + (1.0302077368719882 * x_9)))))))))))**2))))))) + (0.1 + (-0.001 * inv(((-0.08 + (-0.1 * (-0.028243686434320705 + (1.024267302083891 * x_6)))) + (-0.6 + (-0.060000000000000005 * (0.012504066596160423 + (0.9932606007852361 * x_8)))))))))),0.4946708559544064*x_3 + 0.31532859519870581*x_4 + 1.0*cos(0.90554724681444344*x_0 + 0.9998031220651009*x_1 + 0.001*(-20.461242437574736*x_2 - 5.0884336280883458 + 0.030000000000000002/(0.01973486330786686*x_5 + 0.020036716618112714*x_7 + 0.10302077368719883*x_9 + 0.11809128318128221))**2 - 1.5687760337435431) + 0.1129359946092069 - 0.001/(-0.1024267302083891*x_6 - 0.059595636047114171*x_8 - 0.67792587535233753),7.9486823081970215,,200
656_fri_c1_100_5,ok,5,NoRef,0.2795582823959263,0.8445337842999351,39,39,39,(((((-0.0632 * (-2.334185930610602e-09 + (1.005037817059757 * x_3))) + (-0.0012 + (-0.0046 * (-7.127749685219048e-09 + (1.0050378135022553 * x_2))))) + (-0.00343 + (0.9770000000000001 * sin((((-2.5 * (-2.4523577450329915e-09 + (1.0050378152122343 * x_1))) + (0.041 + (-0.81 * (-7.127749685219048e-09 + (1.0050378135022553 * x_2))))) + (1.6 + (-0.037200000000000004 * abs((0.0984 + (0.0858 * (-2.4523577450329915e-09 + (1.0050378152122343 * x_1)))))))))))) - (-0.083 + (-0.665 * (-2.334185930610602e-09 + (1.005037817059757 * x_3))))) - ((-0.252 + (-0.31 * (-2.3774765717598145e-09 + (1.005037807353799 * x_4)))) - ((-0.864 + (-0.621 * (2.6302004833736337e-09 + (1.0050378148437342 * x_0)))) - (-0.00173 + (-0.0005899999999999999 * (-7.127749685219048e-09 + (1.0050378135022553 * x_2))))))),-0.62412848301795894*x_0 - 0.0040302016321440438*x_2 + 0.6048317583065618*x_3 + 0.3115617202796777*x_4 - 0.9770000000000001*sin(2.5125945380305858*x_1 + 0.81408062893682685*x_2 + 0.037200000000000004*Abs(0.086232244545209704*x_1 + 0.098399999789587707) - 1.6410000119043717) - 0.53190000374650304,5.554561614990234,,100
657_fri_c2_250_10,ok,10,NoRef,0.1656585105014211,0.8924181613283997,91,83,91,((-0.256 + (0.224 * (0.018254636074701108 + (0.9942750378113397 * x_4)))) - ((-0.07 + (-0.6930000000000001 * exp(((0.00121 + (0.0913 * (0.022131640344706344 + (1.009302535480512 * x_1)))) * (((87.8 * inv((-60.800000000000004 + (-0.037582608011145234 + (0.9993401832171055 * x_6))))) * ((-0.0038499999999999997 + (0.07980000000000001 * (0.01923199185394909 + (1.0038423878099012 * x_7)))) * (-4.71 + (-0.0245 * (-0.027403051165010864 + (0.9906865960511145 * x_9)))))) + ((-0.00228 + (0.862 * (0.022131640344706344 + (1.009302535480512 * x_1)))) * (-5.29 + (0.005 * (-0.006003778824579484 + (1.0087748641396674 * x_5)))))))))) * (((-0.019000000000000003 + (-0.9510000000000001 * (0.022131640344706344 + (1.009302535480512 * x_1)))) + ((-0.41100000000000003 + (0.56 * (0.008202063620804667 + (0.9965091232089126 * x_8)))) * (-0.0674 + (0.915 * (0.021508000057596278 + (0.9976225312856856 * x_2)))))) - (0.0029 + (-0.8420000000000001 * arctan(((2.89 + (-9.24 * (0.009016765386932166 + (0.9975550945917872 * x_0)))) - (0.0075699999999999995 + (-0.864 * (0.004078747777071304 + (0.9820351885905952 * x_3))))))))))),0.2227176084697401*x_4 - (0.6930000000000001*exp((0.09214932148937075*x_1 + 0.0032306187634716893)*((0.8700187855842013*x_1 + 0.016797473977136868)*(0.0050438743206983371*x_5 - 5.290030018894123)*(0.9993401832171055*x_6 - 60.837582608011149) - 87.8*(0.080106622547230126*x_7 - 0.0023152870500548621)*(0.02427182160325231*x_9 + 4.7093286252464572))/(0.9993401832171055*x_6 - 60.837582608011149)) + 0.07)*(0.959846711241967*x_1 - (0.9128246161264024*x_2 - 0.047720179947299406)*(0.5580451089969911*x_8 - 0.40640684437234942) - 0.8420000000000001*atan(-9.217409074028114*x_0 + 0.8484784029422742*x_3 + 2.8026391259041365) + 0.042947189967815738) - 0.25191096151926696,9.934331893920898,,200
659_sleuth_ex1714,ok,7,NoRef,0.6892180743898709,1518.9833844385446,56,56,56,((65.4 + (-0.09490000000000001 * (-1.3342416419238172 + (0.1086628959150872 * x_1)))) * ((((-86.7 + (-0.0805 * inv((-0.0024 + (0.0407 * sin((0.00733 + (-4.5200000000000005 * (-2.7012166664995867 + (0.044775757746126514 * x_3)))))))))) - ((-0.044300000000000006 + (0.544 * (-2.1027705487761197 + (0.0695497648082179 * x_2)))) - (-0.432 + (0.0009699999999999999 * (-2.1195565262766687 + (0.06927618688108722 * x_0)))))) - ((0.0052 + (2.59 * (-1.085177167929372 + (0.031018261473926296 * x_4)))) - ((0.502 + (3.7 * (-2.1195565262766687 + (0.06927618688108722 * x_0)))) - (0.0635 + (-0.0018499999999999999 * (-0.9806249362272483 + (1.5947879644085274 * x_6))))))) - ((-3.08 + (-25.8 * (-1.5864294781793549 + (0.23528616482898382 * x_5)))) + ((-82.3 + (0.056 * (-1.085177167929372 + (0.031018261473926296 * x_4)))) * (2.9 + (-0.0042499999999999994 * (-0.9806249362272483 + (1.5947879644085274 * x_6)))))))),(65.526619531818576 - 0.01031210882234178*x_1)*(0.2563890893612974*x_0 - 0.0378350720556705*x_2 - 0.080337297217469102*x_4 + 6.0703830525877827*x_5 + 0.0029503577341557755*x_6 - (2.9041676559789657 - 0.0067778488487362405*x_6)*(0.0017370226425398726*x_4 - 82.36076992140404) - 128.39599376674226 - 0.0805/(-0.0407*sin(0.20238642501249187*x_3 - 12.216829332578133) - 0.0024)),10.877076625823975,,47
663_rabe_266,ok,2,NoRef,0.9785769691268477,7.6394555596648,40,40,40,((-0.903 + (80.3 * exp(((4.5600000000000005 + (0.918 * (-1.9148542155126762 + (0.06963106238227913 * x_1)))) * (-0.523 + (-0.229 * (-1.9148542155126762 + (0.06963106238227913 * x_1)))))))) - ((26.5 + (-22.8 * (0.14484136487558028 + (0.028968272975116057 * x_0)))) * (2.27 + (-0.08420000000000001 * inv(((0.0796 + (7.63 * (-1.9148542155126762 + (0.06963106238227913 * x_1)))) - (0.07790000000000001 + (-3.5 * (0.14484136487558028 + (0.028968272975116057 * x_0)))))))))),(2.27 - 0.08420000000000001/(0.1013889554129062*x_0 + 0.5312850059767898*x_1 - 14.101692887297188))*(0.66047662383264612*x_0 - 23.19761688083677) - 0.903 + 80.3*exp(-(0.01594551328554192*x_1 + 0.084498384647597153)*(0.06392131526693224*x_1 + 2.8021638301593637)),7.0691564083099365,,120
665_sleuth_case2002,ok,6,NoRef,0.32021686507304636,7.919321235592777,55,55,55,(0.7210000000000001 + (4.53 * log((-0.025800000000000003 + (77.60000000000001 * abs(((-0.06480000000000001 + (-7.86 * inv((34.0 + (-0.7071067811865475 + (2.1213203435596424 * x_1)))))) * (((-0.87 + tan(((-0.0010199999999999999 + (0.00819 * (-0.6642111641550715 + (2.1697564695732336 * x_3)))) + ((-40.4 + (-0.0651 * (-7.778182412958265 + (0.1365408185699624 * x_4)))) - ((-0.008499999999999999 + (-0.0023899999999999998 * (-0.5694947974514993 + (2.3254370895936227 * x_0)))) + (70.10000000000001 + (-11.0 * (-0.5694947974514993 + (2.3254370895936227 * x_0))))))))) * (0.042600000000000006 + (0.025200000000000004 * (-1.9995832060131968 + (0.0717974429125403 * x_5))))) * (25.6 + (0.8360000000000001 * arctan((-0.06340000000000001 + (-0.7050000000000001 * (-0.9151502608861564 + (2.0078669903024626 * x_2))))))))))))))),4.53*log(77.60000000000001*Abs((0.06480000000000001 + 7.86/(2.1213203435596424*x_1 + 33.29289321881345))*(0.0018092955613960158*x_5 - 0.0077894967915325613)*(tan(25.585365780173978*x_0 + 0.017770305485804782*x_3 - 0.008888807288904553*x_4 - 116.25740407888326) - 0.87)*(0.8360000000000001*atan(1.4155462281632363*x_2 - 0.5817809339247403) - 25.6)) - 0.025800000000000003) + 0.7210000000000001,9.849371433258057,,147
666_rmftsa_ladata,ok,10,NoRef,0.18528594896820982,3.102125601707548,68,68,68,((6.0 + (1.4000000000000001 * cos(((-0.9 + (0.9 * (-3.2431091529575657 + (0.9419701858187693 * x_5)))) * (9.0 + (9.0 * (-2.2523529244541303 + (0.24606332236205597 * x_4)))))))) + (0.01 + (0.030000000000000002 * abs(((0.07 + (0.6 * inv((0.060000000000000005 + (-0.15 * (-3.8354583612121833 + (0.07161043279702374 * x_7))))))) - ((0.9 + (1.0 * (-11.545971418891767 + (0.06591093670668177 * x_0)))) * ((-80.0 + (50.0 * cos(((0.09000000000000001 + (0.9 * (-1.860383418830298 + (0.22141754360553986 * x_8)))) + ((0.08 + (0.9 * (-7.906331305186756 + (0.10670741666151873 * x_2)))) + ((0.08 + (-0.9 * (-5.011682575607894 + (0.08680026844289343 * x_3)))) + ((0.9 + (-0.9 * (-2.8651998268107124 + (0.2441512028573268 * x_6)))) + (0.8 + (9.0 * (-3.3483486236896987 + (0.06797828569246922 * x_9))))))))))) + (0.01 + (0.01 * (-9.53752739277275 + (0.10189589818207269 * x_1))))))))))),1.4000000000000001*cos((2.2145699012585037*x_4 - 11.271176320087173)*(0.8477731672368924*x_5 - 3.8187982376618092)) + 0.030000000000000002*Abs((0.06591093670668177*x_0 - 10.645971418891767)*(0.0010189589818207269*x_1 + 50.0*cos(0.096036674995366859*x_2 - 0.07812024159860409*x_3 - 0.2197360825715941*x_6 + 0.19927578924498588*x_8 + 0.611804571232223*x_9 - 29.885986702645891) - 80.0853752739277) - 0.07 + 0.6/(0.01074156491955356*x_7 - 0.63531875418182748)) + 6.01,10.046056747436523,,200
678_visualizing_environmental,ok,3,NoRef,0.1697865389742833,3.228377426381055,60,60,60,((9.41 + (-1.59 * (-1.2708878931061365 + (0.03018800687669188 * x_0)))) - (0.009089999999999999 + (-0.735 * tan(((2.92 + (-0.0323 * (-1.2708878931061365 + (0.03018800687669188 * x_0)))) - (-0.08660000000000001 + (-1.18 * cos(((((6.890000000000001 + arctan(((-0.007679999999999999 + (2.87 * (-8.199984227605405 + (0.1054080196021077 * x_2)))) * (-9.75 + (-0.00404 * inv((0.08720000000000001 + (0.7120000000000001 * ((-0.00802 + (0.464 * (-8.199984227605405 + (0.1054080196021077 * x_2)))))**2)))))))) + (-43.4 + (-0.8550000000000001 * (-2.0365904670492747 + (0.011020403736287696 * x_1))))) * (0.095 + (0.7000000000000001 * (-8.199984227605405 + (0.1054080196021077 * x_2))))) + (0.9610000000000001 + (20.5 * (-1.2708878931061365 + (0.03018800687669188 * x_0))))))))))))),-0.04799893093394009*x_0 + 0.735*tan(-0.0009750726221171478*x_0 + 1.18*cos(0.6188541409721835*x_0 + (0.0737856137214754*x_2 - 5.644988959323784)*(-0.0094224451945259811*x_1 + atan((-9.75 - 0.00404/(0.7120000000000001*(0.04890932109537798*x_2 - 3.812812681608908)**2 + 0.08720000000000001))*(0.3025210162580491*x_2 - 23.54163473322751)) - 34.768715150672867) - 25.092201808675798) + 3.0476496789473282) + 11.421621750038757,7.21253514289856,,111
687_sleuth_ex1605,ok,5,BFGS,0.31870699855921014,12.580596893824145,59,57,59,((((((5.218854428040679 + (0.7194170234429897 * (-4.273294241464471 + (0.34678565833873976 * x_0)))) * (-1.2882695530795476 + (-0.26116094681455815 * (-8.688995392983172 + (0.07749104061636315 * x_3))))) - (-0.487037817664284 + (-7.695622303392876 * (-8.688995392983172 + (0.07749104061636315 * x_3))))) * (0.07277191961696572 + (0.2470873027811221 * (-8.4556341730914 + (0.07385873749389502 * x_4))))) + (-5.104395832541853 + (8.441119307386586 * (-8.4556341730914 + (0.07385873749389502 * x_4))))) - ((0.01799583254185251 + (39.389586396526546 * abs((0.5916557686348631 + (0.18271726421410955 * sin((8.03511830749823 + (3.6105943948689 * (-5.422613168093948 + (0.06312467450653864 * x_1)))))))))) + (0.03513583254185252 + (-45.39924047102741 * sqrt((8.573166221533647 + (-0.3578956572301381 * (-8.944849837562757 + (0.07735816570356965 * x_2))))))))),0.6234504150789148*x_4 + 45.39924047102741*sqrt(11.77448913297306 - 0.02768615155659699*x_2) - (0.01824955623418545*x_4 - 2.016507921516072)*(-0.5963417804804075*x_3 + (0.24948350609477376*x_0 + 2.144573804550241)*(0.020237633537014782*x_3 - 0.98095671061927138) + 66.38018892265496) - 39.389586396526546*Abs(0.18271726421410955*sin(0.2279175959512322*x_1 - 11.54373840276407) + 0.5916557686348631) - 76.53254437230519,6.899879693984985,,62
690_visualizing_galaxy,ok,4,NoRef,0.8446458513828174,38.5787434882314,29,29,29,(((30.0 + (0.00041221357154477725 + (0.041221155529185684 * x_3))) + (0.1 + (-0.9 * (-0.014811247445722082 + (0.04714572537817882 * x_1))))) * (52.800000000000004 + (1.5 * sin(((0.006 + (3.0 * (0.048534005474465805 + (0.08506574559780157 * x_0)))) + (0.01 + (0.9 * cos((0.02 + (-90.0 * (-2.3138420620132027 + (0.025977793443507386 * x_2)))))))))))),(1.5*sin(0.2551972367934047*x_0 + 0.9*cos(2.3380014099156647*x_2 - 208.26578558118824) + 0.16160201642339742) + 52.800000000000004)*(-0.04243115284036094*x_1 + 0.041221155529185684*x_3 + 30.113742336272695),9.55872368812561,,200
706_sleuth_case1202,ok,6,NoRef,0.6096063308667901,56.51869531499345,64,56,64,((((-9.31 + (-3.4018077595745577 + (0.007170790852930344 * x_4))) - (((0.07500000000000001 + (-69.4 * cos((32.3 * (-1.3806701271484079 + (2.1049560954885562 * x_2)))))) + ((-26.8 + (-2.35 * (-7.68010058678442 + (0.0014169083984426412 * x_0)))) + (-81.8 + (-0.0042699999999999995 * (-8.067036718120427 + (0.09804422566455824 * x_3)))))) - ((0.24600000000000002 + (-0.00165 * (-7.68010058678442 + (0.0014169083984426412 * x_0)))) + (0.40900000000000003 + (-0.53 * (-2.1314423186227427 + (1.011347630775077 * x_5))))))) * (((6.74 + (0.8300000000000001 * (-8.067036718120427 + (0.09804422566455824 * x_3)))) + (-0.05890000000000001 + (-0.0337 * (-1.3806701271484079 + (2.1049560954885562 * x_2))))) - (-7.01 + (-9.93 * (-3.4018077595745577 + (0.007170790852930344 * x_4)))))) * (0.07100000000000001 + (-0.007549999999999999 * inv(((9.84 + (0.007679999999999999 * (-7.68010058678442 + (0.0014169083984426412 * x_0)))) + (0.0471 + (8.9 * (-5.8387321233516065 + (0.0005617999057339651 * x_1))))))))),-(7.7261181150280339e-7*x_0 + 0.0003550013604332926*x_1 - 2.9992485339938425)*(0.070937020417964346*x_2 - 0.08137670730158335*x_3 - 0.07120595316959831*x_4 + 26.737962945330411)*(0.0033273968374827766*x_0 + 0.00041864884358766364*x_3 + 0.007170790852930344*x_4 - 0.5360142443107908*x_5 + 69.4*cos(67.990081884280359*x_2 - 44.595645106893571) + 79.527846209533927)/(1.0881856500039483e-5*x_0 + 0.00500001916103229*x_1 - 42.136599070335804),9.505002975463867,,93
712_chscase_geyser1,ok,2,NoRef,0.5878031643840299,8.103623656389885,74,74,74,(((-6.03 + cos((-47.300000000000004 * (-1.5024884050165992 + (0.13469192335424468 * x_0))))) + ((15.1 + (-0.0205 * (-1.5024884050165992 + (0.13469192335424468 * x_0)))) - (2.31 + (-0.9570000000000001 * arctan((5.38 + (99.7 * ((((-9.83 * sqrt((77.8 + (-1.5024884050165992 + (0.13469192335424468 * x_0))))) * (-0.677 + (0.138 * inv((-0.00196 + (8.26 * sin((-0.00981 + (65.2 * (-1.5024884050165992 + (0.13469192335424468 * x_0))))))))))) + (-0.793 + (-0.01 * (-1.5024884050165992 + (0.13469192335424468 * x_0))))))**3))))))) * (-0.0096 + (8.09 * sqrt(((0.663 + (-0.343 * (-3.3935425619618167 + (0.94461866768293 * x_1)))) - (-0.435 + (-0.65 * (-3.3935425619618167 + (0.94461866768293 * x_1))))))))),(8.09*sqrt(0.28999793097866*x_1 + 0.056182433477722322) - 0.0096)*(-0.0027611844287620161*x_0 + cos(6.3709279746557739*x_0 - 71.067701557285148) + 0.9570000000000001*atan(99.7*(-0.0013469192335424468*x_0 - 9.83*(-0.677 + 0.138/(8.26*sin(8.7819134026967535*x_0 - 97.972054007082272) - 0.00196))*sqrt(0.13469192335424468*x_0 + 76.297511594983398) - 0.77797511594983405)**3 + 5.38) + 6.7908010123028396),6.841095447540283,,200
feynman_III_10_19,ok,4,NoRef,0.9932592442597858,0.5907178848151492,63,61,63,(((2.7800000000000002 + (-2.673971965623433 + (0.8898553227888648 * x_0))) + ((0.061500000000000006 + (-0.109 * (-2.7632761273837882 + (0.8839173948987078 * x_3)))) * (-0.00165 + (0.8200000000000001 * (-2.6890810491196837 + (0.8961237359346407 * x_2)))))) * ((-0.231 + (-0.00573 * ((0.00763 + (-0.008539999999999999 * (-2.6890810491196837 + (0.8961237359346407 * x_2)))))**3)) - (((((0.09350000000000001 + (0.0476 * (-2.673971965623433 + (0.8898553227888648 * x_0)))) - (-0.0285 + (-0.7090000000000001 * (-2.6890810491196837 + (0.8961237359346407 * x_2))))) - (8.52 + (-0.742 * (-2.7632761273837882 + (0.8839173948987078 * x_3))))) * (-1.0 + (0.08610000000000001 * (-2.5928212263706856 + (0.8757205925655337 * x_1))))) + (-14.4 + (-0.782 * ((-0.031000000000000003 + (0.34700000000000003 * (-2.5928212263706856 + (0.8757205925655337 * x_1)))))**2))))),(0.8898553227888648*x_0 - (0.7348214634664055*x_2 - 2.2066964602781409)*(0.09634699604395915*x_3 - 0.36269709788483292) + 0.10602803437656722)*(-(0.07539954301989246*x_1 - 1.2232419075905161)*(0.04235711336474997*x_0 + 0.6353517287776603*x_2 + 0.6558667070148412*x_3 - 12.482190415908302) + 0.782*(0.30387504562024022*x_1 - 0.93070896555062799)**2 + 0.00573*(0.007652896704881831*x_2 - 0.030594752159482096)**3 + 14.169),9.212162494659424,,200
feynman_III_12_43,ok,2,NoRef,0.9998581266443199,0.009756462445204903,11,11,11,((-0.14100000000000001 + (-0.053200000000000004 * (-2.6600860698602395 + (0.8787782072695123 * x_0)))) * (-10.1 + (-3.9 * (-2.5465486207773664 + (0.8639978684630047 * x_1))))),(0.046751000626738058*x_0 - 0.00051657891656474181)*(3.369591687005718*x_1 + 0.16846037896827092),4.662120580673218,,200
feynman_III_13_18,ok,4,NoRef,0.9886079738907999,59.008342677825475,39,33,39,((((-0.0025299999999999997 + inv((2.41 + (-2.4699294639154807 + (0.8560964559950999 * x_3))))) * (-0.00598 + (-0.00231 * (-2.559111498086225 + (0.8438989755780321 * x_0))))) * (91.3 + (44.800000000000004 * (-2.538907955679724 + (0.8360455927136513 * x_1))))) * ((-33.9 + (-13.3 * (-2.557360784962865 + (0.8860604608557809 * x_2)))) * (52.2 + (9.75 * (-2.538907955679724 + (0.8360455927136513 * x_1)))))),-(0.001949406633585254*x_0 + 6.845243942082036e-5)*(8.1514445289581*x_1 + 27.44564743212269)*(37.454842553571581*x_1 - 22.443076414451648)*(11.78460412938189*x_2 - 0.1128984400061075)*(0.0021659240336676025*x_3 - 1.0001516215437062)/(0.8560964559950999*x_3 - 0.059929463915480558),11.827296495437622,,200
feynman_III_14_14,ok,5,NoRef,0.913079107244797,2.095244030310382,38,36,38,((0.02 + (0.0076 * (-2.668504578371374 + (0.895141141763398 * x_0)))) * (-0.09000000000000001 + (9.0 * inv(((0.02 + (0.006 * (-5.1655723252122225 + (3.434279417769823 * x_4)))) * (-1.0 + (9.0 * exp(((-1.2 + (-0.2 * (-4.857485252493451 + (3.2877290201094715 * x_1)))) + ((0.1 + (0.18000000000000002 * (-5.170473117636555 + (3.4111455044222505 * x_3)))) + (0.01 + (-0.16 * (-5.111852970749168 + (3.3644339378306247 * x_2)))))))))))))),-(0.09000000000000001 - 9.0/((0.02060567650661894*x_4 - 0.010993433951273335)*(7.1415721556499112*exp(-0.65754580402189434*x_1 - 0.53830943005289996*x_2 + 0.61400619079600516*x_3) - 1.0)))*(0.00680307267740183*x_0 - 0.0002806347956224422),10.496140956878662,,200
feynman_III_15_12,ok,3,BFGS,5.98532056139689e-08,4.894566060041251,35,35,35,((0.08665385998932303 + (7.103349143665923e-10 * sin(((-0.6622476009921073 + (-7.807440511398654 * (-2.7555269573611176 + (0.9149371100073108 * x_1)))) + (-0.6682476009921136 + (1.4281277463830027 * (((8.36956594961086 + (-59.21666797341982 * abs((-0.4524307677615034 * (-2.7555269573611176 + (0.9149371100073108 * x_1)))))) + ((0.8775659496108874 + (-0.6670350404461057 * (-2.433749339868416 + (0.8313595104823411 * x_2)))) + (53.87956594961085 + (0.008124959553844329 * (-2.433749339868416 + (0.8313595104823411 * x_2)))))))**2)))))) * (73.70740870829671 + (3.916486132084018e-06 * (-2.6957874627590446 + (0.884057098270909 * x_0))))),(3.462397365348453e-6*x_0 + 73.707398150282496)*(7.103349143665923e-10*sin(-7.143317058053085*x_1 + 1.4281277463830027*(0.5477911623024702*x_2 + 59.21666797341982*Abs(0.4139456991340987*x_1 - 1.2466851769064099) - 64.73031982323678)**2 + 20.18311759516804) + 0.08665385998932303),5.402101755142212,,200
feynman_III_15_14,ok,3,NoRef,0.9468288199040663,0.004895275904805757,39,39,39,((0.001 + (0.0005 * (-2.34578704306449 + (0.8008218224036182 * x_0)))) * (-0.1 + (0.9 * (((0.01 + (0.002 * (-2.34578704306449 + (0.8008218224036182 * x_0)))) * (0.01 + (-9.0 * inv(((0.02 + (0.0075 * (-2.600944791990059 + (0.8402356442102845 * x_2)))) * (-2.4 + (-0.5 * (-2.7086572108381093 + (0.888939095052541 * x_1))))))))))**2))),(0.0004004109112018091*x_0 - 0.000172893521532245)*(0.9*(0.01 + 9.0/((0.44446954752627*x_1 + 1.0456713945809453)*(0.006301767331577133*x_2 + 0.0004929140600745587)))**2*(0.001601643644807236*x_0 + 0.00530842591387102)**2 - 0.1),7.127850294113159,,200
feynman_III_15_27,ok,3,NoRef,0.9974778821600672,0.1362799289272898,39,25,39,((0.02 + (0.0078 * (-2.4879626933927046 + (0.833693497064789 * x_0)))) * (-20.0 + (9.0 * inv(((0.02 + (0.0075 * (-2.4893777348254535 + (0.8762245096472185 * x_1)))) * (3.4 + (1.26 * (-2.533070086737555 + (0.8625339673768139 * x_2))))))))),-(0.00650280927710535*x_0 + 0.00059389099153690542)*(20.0*(0.006571683822354138*x_1 + 0.0013296669888090999)*(1.086792798894786*x_2 + 0.2083316907106806) - 9.0)/((0.006571683822354138*x_1 + 0.0013296669888090999)*(1.086792798894786*x_2 + 0.2083316907106806)),6.540491104125977,,200
feynman_III_17_37,ok,3,NoRef,0.950352785306305,1.1898898631039312,28,30,28,((0.2 + (0.08 * (-2.491499110603535 + (0.8386271442685918 * x_0)))) * ((20.0 + (-0.01 * (-2.491499110603535 + (0.8386271442685918 * x_0)))) - ((0.001 + (-0.6 * cos((-0.1 + (-2.551596122504234 + (0.8474189011325017 * x_2)))))) * (-83.10000000000001 + (-28.900000000000002 * (-2.5686713329782953 + (0.862001671169859 * x_1))))))),(-0.06709017154148735*x_0 - 0.0006800711517172056)*(0.008386271442685918*x_0 + (24.911848296808928*x_1 + 8.865398476927271)*(0.6*cos(0.8474189011325017*x_2 - 2.651596122504234) - 0.001) - 20.02491499110604),5.773155927658081,,200
feynman_III_19_51,ok,5,NoRef,0.8668755340278329,0.6656534880587194,102,62,102,((0.0094 + (0.0031899999999999997 * (-2.7193729315376136 + (0.8742168644608117 * x_0)))) * (0.00417 + (-6.79 * exp((((((1.51 * (-2.7325304403218103 + (0.9024643506596678 * x_1))) + (0.0903 + (-0.611 * (-2.6537424167771304 + (0.8886083008934242 * x_3))))) + (-0.5670000000000001 + (-0.595 * (-2.712534670836872 + (0.9145791987347105 * x_2))))) + ((-0.056100000000000004 + (-0.058600000000000006 * (-2.7325304403218103 + (0.9024643506596678 * x_1)))) - (-0.74 + (-0.9430000000000001 * exp((-0.526 + (-0.6940000000000001 * (-2.6622629714337247 + (0.9132238574171417 * x_4))))))))) - (1.05 + (-2.83 * (((0.24000000000000002 + (0.05910000000000001 * arctan((-1.9000000000000001 * (-2.7193729315376136 + (0.8742168644608117 * x_0)))))) + ((0.0031999999999999997 + (-1.58 * inv((5.03 + (-2.712534670836872 + (0.9145791987347105 * x_2)))))) * (0.0028599999999999997 + (0.6 * (-2.6537424167771304 + (0.8886083008934242 * x_3)))))))**2))))))),-(0.0027887517976299891*x_0 + 0.0007252003483950138)*(1.4078321039701464*exp((-(0.9145791987347105*x_2 + 2.317465329163128)**2*(-1.3098367585474419*x_1 + 0.5441746232471527*x_2 + 0.5429396718458822*x_3)*exp(0.6337773570474964*x_4) + 3.5357360865253188*(0.9145791987347105*x_2 + 2.317465329163128)**2 + 2.83*((0.0029266534359510733*x_2 - 1.5725841109466781)*(0.5331649805360545*x_3 - 1.5893854500662782) - (0.9145791987347105*x_2 + 2.317465329163128)*(0.05910000000000001*atan(1.6610120424755423*x_0 - 5.1668085699214661) - 0.24000000000000002))**2*exp(0.6337773570474964*x_4))*exp(-0.6337773570474964*x_4)/(0.9145791987347105*x_2 + 2.317465329163128)**2) - 0.00417),7.035062551498413,,200
feynman_III_21_20,ok,4,NoRef,0.9993788200173006,0.33271146883012787,31,29,31,((6.9 + (2.57 * (-2.6240687793748685 + (0.8890183185341883 * x_1)))) * ((-0.0177 + (-0.00686 * (-2.5656360395809217 + (0.8550844648633008 * x_2)))) * ((-9.370000000000001 + (-3.68 * (-2.4948596073666858 + (0.8712831628673021 * x_0)))) * (0.00514 + (-0.379 * inv((0.052700000000000004 + (0.021300000000000003 * (-2.545412639486553 + (0.8474318891943581 * x_3)))))))))),(3.206322039351672*x_0 + 0.18891664489059685)*(2.284777078632864*x_1 + 0.15614323700658873)*(0.005865879428962243*x_2 + 9.9736768474878169e-5)*(9.277853809277672e-5*x_3 - 0.37900779886659627)/(0.01805029923983983*x_3 - 0.0015172892210635825),12.240437507629395,,200
feynman_III_4_32,ok,4,NoRef,0.9935488338238389,0.6358132802632316,47,35,47,(((2.4 + (-2.6174887738802006 + (0.8670829091630897 * x_3))) * (0.02 + (0.008 * (-2.6466365775727345 + (0.8707401267392567 * x_2))))) * ((-0.02 + (-9.0 * (-2.784131327119264 + (0.9215893303699773 * x_0)))) + (0.01 + (0.9 * inv(((0.009 + (0.0034 * (-2.612511512350074 + (0.8627753949982891 * x_1)))) * (0.8300000000000001 + (0.3 * (-2.784131327119264 + (0.9215893303699773 * x_0)))))))))),(0.006965921013914054*x_2 - 0.001173092620581876)*(0.8670829091630897*x_3 - 0.21748877388020069)*((25.04718194407338 - 8.294303973329796*x_0)*(0.2764767991109932*x_0 - 0.005239398135779061)*(0.002933436342994183*x_1 + 0.0001174608580097481) + 0.9)/((0.2764767991109932*x_0 - 0.005239398135779061)*(0.002933436342994183*x_1 + 0.0001174608580097481)),9.898858308792114,,200
feynman_III_4_33,ok,4,NoRef,0.9988418278397893,0.16177116907700934,29,29,29,(((0.9740000000000001 + (-4.84 * (-2.772789939599442 + (0.8864830640187504 * x_1)))) * (0.05 + (0.0182 * (-2.5251798266511916 + (0.8626981754077024 * x_0))))) - ((-86.2 + (-35.1 * (-2.60734931142082 + (0.9073764005796643 * x_2)))) * ((0.0040999999999999995 + (0.034 * (-2.866571611099702 + (0.9433028392921154 * x_3)))) + (0.0889 + (-0.00306 * (-2.5251798266511916 + (0.8626981754077024 * x_0))))))),-(0.01570110679242018*x_0 + 0.0040417271549483134)*(4.290578029850752*x_1 - 14.3943033076613) + (31.84891166034622*x_2 - 5.31796083087077)*(-0.002639856416747569*x_0 + 0.03207229653593193*x_3 + 0.0032636154921627775),5.29003119468689,,200
feynman_III_7_38,ok,3,NoRef,0.9994640224698453,0.8898329829441272,27,23,27,(((2.83 + (-2.809767375781024 + (0.9075827176016882 * x_1))) * (5.55 + (2.05 * (-2.7136530652251984 + (0.8943526615139876 * x_0))))) * (-0.08270000000000001 + (-0.0245 * inv((-0.00955 + (-0.00399 * (-2.402628220576974 + (0.8031476298129983 * x_2)))))))),-(1.833422956103674*x_0 - 0.012988783711656418)*(0.9075827176016882*x_1 + 0.02023262421897609)*(0.0002650170328522845*x_2 - 0.02450301744182845)/(0.003204559042953863*x_2 - 3.648660010212583e-5),10.753787755966187,,200
feynman_III_8_54,ok,3,BFGS,2.9144843034512036e-06,0.3505233659698279,18,18,18,(0.4816876621138469 + (-1.3373551189663473e-05 * sin(((0.022360081807232406 + (-0.4529379394292717 * (-5.0517738838657475 + (3.3789723250614414 * x_1)))) - (((-58.905878134020185 * (-2.957250588126034 + (1.1919718312766996 * x_2))) - (0.14036008180723236 + (66.59481711831187 * (-5.232329981974955 + (3.4582056648935673 * x_0))))) + ((0.29563991819276764 + (-0.28481711831186435 * (-5.232329981974955 + (3.4582056648935673 * x_0)))) - (-5.8806399181927675 + (0.0029181340201888807 * (-2.957250588126034 + (1.1919718312766996 * x_2)))))))))),0.4816876621138469 - 1.3373551189663473e-5*sin(231.28352998310197*x_0 - 1.5304647623018645*x_1 + 70.217625765922092*x_2 - 527.86980742861447),3.7506284713745117,,200
feynman_III_9_52,ok,6,NoRef,0.6959544757437175,8.173769687985788,57,57,57,(-0.0006299999999999999 + (0.0034999999999999996 * ((((0.7190000000000001 + cos(((-0.09720000000000001 + (-1.1 * (-2.734929250040047 + (0.899503571822635 * x_5)))) + (0.005549999999999999 + (0.9540000000000001 * (-2.575743190255727 + (0.8722576541805873 * x_4))))))) - (-0.06380000000000001 + (-0.225 * (-3.302270063999335 + (1.711027822918682 * x_0))))) * ((-0.395 + (-0.0766 * (-3.466680730085183 + (1.7080804821447886 * x_2)))) * (((-0.014 * arctan((-92.3 * (-3.302270063999335 + (1.711027822918682 * x_0))))) + (-47.5 + (-20.1 * (-3.3150879840966465 + (1.6834333936891284 * x_3))))) + (0.0052 + (-83.3 * inv((-0.5840000000000001 + (0.06970000000000001 * (-3.282722642559414 + (1.6493480484584218 * x_1)))))))))))**2)),0.0034999999999999996*(-0.13083896493229081*x_2 - 0.129452256075475)**2*(0.3849812601567035*x_0 + cos(0.8321338020882804*x_4 - 0.989453929004899*x_5 + 0.4595131715400881) + 0.03978923560014971)**2*(-33.837011213151483*x_3 + 0.014*atan(157.9278680553943*x_0 - 304.7995269071386) + 19.138468480342599 - 83.3/(0.11495955897755202*x_1 - 0.8128057681863913))**2 - 0.0006299999999999999,8.999535322189331,,200
feynman_II_10_9,ok,3,NoRef,0.9989853749953466,0.006928980581282479,39,25,39,((0.02 + (0.0081 * (-2.4407479823350755 + (0.8808833990454653 * x_0)))) * (-1.0 + (9.0 * inv(((0.02 + (0.0073999999999999995 * (-2.595419809290695 + (0.8588576606135521 * x_1)))) * (35.5 + (9.3 * (-2.6474767240232993 + (0.8825746761428329 * x_2))))))))),-(0.007135155532268269*x_0 + 0.00022994134308588994)*(1.0*(0.0063555466885402852*x_1 + 0.00079389341124885878)*(8.207944488128347*x_2 + 10.878466466583315) - 9.0)/((0.0063555466885402852*x_1 + 0.00079389341124885878)*(8.207944488128347*x_2 + 10.878466466583315)),5.143656015396118,,200
feynman_II_11_20,ok,5,NoRef,0.9728343218705815,1.2166078658997195,79,63,79,(((0.00666 + inv(((-4.9 + (-2.0100000000000002 * (-2.6316919296321113 + (0.8710897992152611 * x_3)))) * (-1.81 + (-0.7200000000000001 * (-2.457523520153069 + (0.8701539172876223 * x_4))))))) * (0.0081 + (0.00316 * (-2.4569814526637677 + (0.8240340107265285 * x_0))))) * ((0.0122 + (43.2 * ((2.62 + (-2.594902082535144 + (0.8534005543784765 * x_1))))**2)) * (31.1 + (-0.0874 * sqrt(((-12.0 + (0.08560000000000001 * (-2.539565017471692 + (0.8482516330389377 * x_2)))) * (-40.6 + (45.2 * ((-4.72 + (0.47200000000000003 * (-2.539565017471692 + (0.8482516330389377 * x_2)))))**3)))))))),-(0.00260394747389583*x_0 + 0.00033593860958249351)*(0.0874*sqrt((0.07261033978813308*x_2 - 12.21738676549558)*(45.2*(0.40037477079437862*x_2 - 5.9186746882466384)**3 - 40.6)) - 31.1)*(0.00666*(1.750890496422675*x_3 - 0.38970077856054389)*(0.6265108204470881*x_4 + 0.04058306548979013) + 1)*(43.2*(0.8534005543784765*x_1 + 0.02509791746485612)**2 + 0.0122)/((1.750890496422675*x_3 - 0.38970077856054389)*(0.6265108204470881*x_4 + 0.04058306548979013)),11.062080383300781,,200
feynman_II_11_27,ok,4,NoRef,0.9879115798040013,0.06375865823089734,35,35,35,((((4.66 + (-5.046769784936528 + (3.418189540060406 * x_2))) * (-0.92 + (-0.5670000000000001 * (-1.648775206320855 + (3.466849046719344 * x_0))))) * (((-0.00832 + (0.0787 * (-1.648775206320855 + (3.466849046719344 * x_0)))) * (0.00568 + (-8.13 * (-1.7252785901711232 + (3.536305764059484 * x_1))))) - (16.5 + (3.13 * (-5.0422201628750365 + (3.42921855514138 * x_3)))))) * (0.00787 + (0.00456 * (-1.7252785901711232 + (3.536305764059484 * x_1))))),(1.965703409489868*x_0 - 0.01485554198392491)*(0.01612555428411125*x_1 + 2.729628819678789e-6)*(3.418189540060406*x_2 - 0.3867697849365278)*(10.7334540775925*x_3 + (0.2728410199768124*x_0 - 0.1380786087374513)*(28.75016586180361*x_1 - 14.032194938091233) + 0.71785089020113629),10.847702264785767,,200
feynman_II_11_28,ok,2,NoRef,0.9976458009708861,0.014886283277506168,33,25,33,(1.0 + (0.9 * inv((-0.4 + (-9.0 * inv(((0.2 + (0.12000000000000001 * (-1.6870985985358635 + (3.439169193273224 * x_0)))) * (-11.9 + (-6.2 * (-1.8075189031076848 + (3.462610195906584 * x_1))))))))))),(-4.4299628608361559*x_0*x_1 - 0.14307964604545318*x_0 + 0.026318187407794123*x_1 - 8.9991499709913698)/(3.5439702886689249*x_0*x_1 + 0.11446371683636255*x_0 - 0.0210545499262353*x_1 - 9.0006800232069041),3.9210352897644043,,200
feynman_II_11_3,ok,5,NoRef,0.9882254832518701,0.013815144473753344,51,35,51,(((3.7 + (-3.639820054101914 + (1.8353488983603912 * x_1))) * (0.02 + (0.005699999999999999 * (-3.4858296098647474 + (1.725550340478727 * x_0))))) * (0.001 + (0.9 * inv(((0.2 + (0.060000000000000005 * (-3.4159175484317243 + (1.6763635427586012 * x_2)))) * ((2.3000000000000003 + (0.73 * (-6.973914079319447 + (1.7326948094237948 * x_3)))) - (0.01 + (0.14 * (-5.529314466884249 + (3.5626460506029085 * x_4)))))))))),(0.009835636940728742*x_0 + 0.00013077122377094368)*(1.8353488983603912*x_1 + 0.06017994589808617)*(0.001*(0.10058181256551608*x_2 - 0.0049550529059034639)*(-1.2648672108793702*x_3 + 0.49877044708440724*x_4 + 2.026853252539401) - 0.9)/((0.10058181256551608*x_2 - 0.0049550529059034639)*(-1.2648672108793702*x_3 + 0.49877044708440724*x_4 + 2.026853252539401)),10.569074869155884,,200
feynman_II_13_17,ok,4,NoRef,0.8907695015987058,0.008479911287930438,53,33,53,((-0.00379 + (5.15 * inv(((((2.56 + (-2.7051143752950964 + (0.8640897171000568 * x_0))) + (-0.002 + (-0.0405 * (-2.7051143752950964 + (0.8640897171000568 * x_0))))) * (1.43 + (0.6910000000000001 * (-2.753414723144747 + (0.8791399948500996 * x_1))))) * (15.9 + (6.28 * (-2.4024694168052316 + (0.8219116109543148 * x_3)))))))) * (0.0534 + (0.019600000000000003 * (-2.652627881283846 + (0.864138855771416 * x_2))))),-(0.016937121573119757*x_2 + 0.001408493526836613)*(0.00379*(0.8290940835575045*x_0 - 0.037557243095644939)*(0.6074857364414189*x_1 - 0.4726095736930205)*(5.161604916793097*x_3 + 0.81249206246314531) - 5.15)/((0.8290940835575045*x_0 - 0.037557243095644939)*(0.6074857364414189*x_1 - 0.4726095736930205)*(5.161604916793097*x_3 + 0.81249206246314531)),4.985591650009155,,200
feynman_II_13_23,ok,3,NoRef,0.9995656900749571,0.024693555502318817,27,21,27,((-0.07500000000000001 + (-0.0279 * (-2.6798415562573763 + (0.9000715575381649 * x_0)))) * (-38.5 + (-10.1 * inv(((1.3900000000000001 + (1.42 * (-3.3391022807239796 + (0.5111737659041323 * x_2)))) - (-2.86 + (0.682 * (-5.26677435569427 + (3.4475216888865052 * x_1))))))))),(0.0251119964553148*x_0 + 0.00023242058041920738)*(-90.521576985092974*x_1 + 27.94586978197891*x_2 + 129.46597257028453)/(-2.3512097918205967*x_1 + 0.7258667475838678*x_2 + 3.1004148719554423),5.269791126251221,,200
feynman_II_13_34,ok,3,NoRef,0.994278519794078,0.15393345004024858,25,20,25,((0.2 + (0.07600000000000001 * (-2.635228193647432 + (0.8916572161096509 * x_0)))) * ((0.4 + (0.084 * (-4.940481638693344 + (3.3437624554237626 * x_1)))) * (54.4 + (2.0 * exp((-0.9 + (-1.5 * (-2.9141559673417166 + (0.46292076127847 * x_2))))))))),(0.06776594842433348*x_0 - 0.0002773427172048475)*(0.28087604625559608*x_1 - 0.0150004576502409)*(54.4*exp(0.694381141917705*x_2) + 64.352844173932513)*exp(-0.694381141917705*x_2),9.223679542541504,,200
feynman_II_15_4,ok,3,NoRef,0.9988689769015217,0.1772770612824992,22,22,22,(((2.7 + (-2.6459797016564632 + (0.8727188941478409 * x_1))) * (0.2 + (0.08 * (-2.555131165694161 + (0.8589482126346254 * x_0))))) * (0.1 + (16.3 * cos((0.14 + (-1.2 * (-2.5228635593411757 + (0.8363867496115811 * x_2)))))))),(0.06871585701077003*x_0 - 0.004410493255532871)*(0.8727188941478409*x_1 + 0.054020298343536978)*(16.3*cos(1.003664099533897*x_2 - 3.1674362712094107) + 0.1),8.665826320648193,,200
feynman_II_15_5,ok,3,NoRef,0.995282573182333,0.35220380787491345,32,32,32,((((((-2.623128343020264 + (0.8714830687709064 * x_0)) - (-3.63 + (9.999999999999999e-05 * (-2.7404864706467325 + (0.873550869340621 * x_2))))) + (-0.811 + (-0.08120000000000001 * (-2.7404864706467325 + (0.873550869340621 * x_2))))) * (0.8210000000000001 + (0.337 * (-2.516678448150414 + (0.8505212082765151 * x_1))))) * (0.006339999999999999 + (3.88 * cos((0.00754 + (1.12 * (-2.7404864706467325 + (0.873550869340621 * x_2)))))))) - (0.0033399999999999997 + (0.00162 * (-2.516678448150414 + (0.8505212082765151 * x_1))))),-0.001377844357407954*x_1 + (0.2866256471891856*x_1 - 0.02712063702668947)*(3.88*cos(0.978376973661496*x_2 - 3.0618048471243407) + 0.006339999999999999)*(0.8714830687709064*x_0 - 0.07101968567739249*x_2 + 0.41867320704331523) + 0.00073701908600367082,8.973809480667114,,200
feynman_II_21_32,ok,5,NoRef,0.8504315053588286,0.01638301486740404,42,40,42,((0.02 + (0.0076 * (-2.66672674421076 + (0.8799980575686334 * x_0)))) * (-0.2 + (0.9 * inv(((0.02 + (0.0075 * (-2.6284161408483433 + (0.8564019147978089 * x_1)))) * ((0.3 + (-0.016 * (-5.01141599607414 + (3.34417291403035 * x_3)))) * ((90.0 + (30.5 * (-2.593522633521764 + (0.8605783448462752 * x_2)))) - (-0.1 + (9.0 * exp((-0.6 + (-1.1 * (-3.2988724247793657 + (0.5058211443179642 * x_4)))))))))))))),-(0.2 + 0.9/((0.006423014360983566*x_1 + 0.0002868789436374264)*(0.0535067666244856*x_3 - 0.380182655937186)*(26.24763951781139*x_2 + 10.9975596775862 - 186.0441934330682*exp(-0.5564032587497607*x_4))))*(0.006687985237521614*x_0 - 0.000267123256001773),9.536801099777222,,200
feynman_II_24_17,ok,3,NoRef,0.9851878788247956,0.10527079786436477,42,40,42,((0.060000000000000005 + (0.0075 * (-8.642683837968443 + (1.736310748726112 * x_0)))) * ((0.09000000000000001 + (0.9 * sqrt((0.09000000000000001 + (9.0 * ((0.02 + (-9.0 * inv((0.46 + (0.095 * (-5.098632543293196 + (3.429833828411375 * x_1))))))))**2))))) + (-0.2 + (-3.0 * exp((-0.9 + (-0.9 * (-5.185707443394292 + (1.7511117255798525 * x_2))))))))),-(0.01302233061544584*x_0 - 0.0048201287847633147)*(-0.9*sqrt(9.0*(0.02 - 9.0/(0.3258342136990806*x_1 - 0.02437009161285361))**2 + 0.09000000000000001) + 0.11 + 129.7680969335087*exp(-1.5760005530218673*x_2)),8.029898166656494,,200
feynman_II_27_16,ok,3,NoRef,0.9992344378798402,2.4647058943115554,27,27,27,(((((-0.00419 + (-2.596743687374026 + (0.8682775866518997 * x_0))) - (-23.400000000000002 + (-7.79 * (-2.596743687374026 + (0.8682775866518997 * x_0))))) * ((0.0268 + (-0.00843 * (-2.596743687374026 + (0.8682775866518997 * x_0)))) + (-9.65 + (-3.8200000000000003 * (-2.587341142699831 + (0.8786098444979417 * x_2)))))) * (0.10600000000000001 + (0.0345 * (-2.9070459506860526 + (0.9221130424024399 * x_1))))) * ((0.29200000000000004 + (-0.8310000000000001 * (-2.587341142699831 + (0.8786098444979417 * x_2)))) - (3.7600000000000002 + (0.458 * (-2.587341142699831 + (0.8786098444979417 * x_2)))))),(7.632159986670198*x_0 + 0.57043298798231348)*(0.03181289996288418*x_1 + 0.0057069147013311869)*(1.132528089557847*x_2 + 0.13291726705991765)*(0.007319580055475514*x_0 + 3.3562896059821376*x_2 - 0.28233371439791792),10.1741943359375,,200
feynman_II_27_18,ok,2,NoRef,0.999960871069707,0.13916952778124966,25,23,25,((-5.12 + (-1.8 * (-2.854039588936294 + (0.9313688748574931 * x_0)))) * ((-9.72 + (-3.88 * (-2.778749929216607 + (0.9202757116769661 * x_1)))) * ((-60.1 + (0.00912 * (-2.854039588936294 + (0.9313688748574931 * x_0)))) * (-0.009309999999999999 + (-0.003 * (-2.778749929216607 + (0.9202757116769661 * x_1))))))),-(0.008494084138700337*x_0 - 60.1260288410511)*(1.676463974743488*x_0 - 0.0172712600853292)*(0.002760827135030898*x_1 + 0.0009737502123501778)*(3.570669761306628*x_1 - 1.061549725360434),4.762862205505371,,200
feynman_II_2_42,ok,5,NoRef,0.9993698307509936,0.2009615212548666,37,33,37,(((2.5 + (-2.5324236435326513 + (0.8576874007117519 * x_0))) * ((0.02 + (0.006999999999999999 * (-2.8444438062869346 + (0.9035352009803069 * x_3)))) * ((0.1 + (0.9 * (-2.47728704926582 + (0.8237116622497856 * x_2)))) + (0.01 + (-0.8400000000000001 * (-2.4653835903384924 + (0.8610943117784253 * x_1))))))) * (0.01 + (0.8 * inv((0.009 + (0.0034 * (-2.56184837158364 + (0.8868667655691996 * x_4)))))))),-(0.8576874007117519*x_0 - 0.0324236435326513)*(0.006324746406862147*x_3 + 8.8893355991461208e-5)*(3.015347002935279e-5*x_4 + 0.800002897155366)*(0.7233192218938773*x_1 - 0.7413404960248071*x_2 + 0.048636128454904004)/(0.003015347002935278*x_4 + 0.000289715536615623),13.062428951263428,,200
feynman_II_34_11,ok,4,NoRef,0.9864099579913498,0.5900081584079734,69,57,69,(((((0.004 + (-2.546466339622496 + (0.8415241486134336 * x_2))) - (7.62 + (4.21 * (-2.546466339622496 + (0.8415241486134336 * x_2))))) * ((0.08040000000000001 + (52.300000000000004 * (-2.4185743585385087 + (0.8288773353226235 * x_0)))) + (3.38 + (9.64 * sqrt((86.3 + (0.599 * ((-7.930000000000001 + (2.7600000000000002 * (-2.4185743585385087 + (0.8288773353226235 * x_0)))))**2))))))) * (0.08910000000000001 + (0.0323 * (-2.7443676432466564 + (0.9199324290158198 * x_1))))) * (0.0016899999999999999 + (0.535 * inv((((-0.0284 * (-2.546466339622496 + (0.8415241486134336 * x_2))) - (9.6 + (-0.0826 * (-2.4185743585385087 + (0.8288773353226235 * x_0))))) + (0.777 + (-3.43 * (-2.624623356535676 + (0.8656711223164797 * x_3))))))))),-(0.02971381745721098*x_1 + 0.00045692512313300277)*(2.701292517049122*x_2 - 0.558156950188212)*(43.350284637373213*x_0 + 9.64*sqrt(0.599*(2.287701445490441*x_0 - 14.605265229566286)**2 + 86.3) - 123.03103895156401)*(0.00011570630274702631*x_0 - 4.0389793036850358e-5*x_2 - 0.0050180357947319378*x_3 + 0.53508788594026108)/(0.06846526789764871*x_0 - 0.02389928582062152*x_2 - 2.969251949545526*x_3 + 0.052003514947367629),9.751204490661621,,200
feynman_II_34_2,ok,3,NoRef,0.9998759809801216,0.12780964955577248,23,25,23,((-0.0052899999999999996 + (-0.0026 * (-2.6504816977325447 + (0.8726425668692686 * x_0)))) - (((2.65 + (-2.6504816977325447 + (0.8726425668692686 * x_0))) * ((-0.09010000000000001 + (-0.8550000000000001 * (-2.602940375995324 + (0.8496500991704193 * x_1)))) + (-61.2 + (-23.0 * (-2.602940375995324 + (0.8496500991704193 * x_1)))))) * (0.08750000000000001 + (0.033100000000000004 * (-2.593258549923045 + (0.8476444061960484 * x_2)))))),-0.002268870673860098*x_0 + (0.8726425668692686*x_0 - 0.0004816977325447884)*(20.26840311571035*x_1 - 0.8030426693684519)*(0.028057029845089206*x_2 + 0.0016631419975472103) + 0.0016012524141046163,8.120795011520386,,200
feynman_II_34_29a,ok,3,NoRef,0.9995993263243379,0.004105208548681486,27,23,27,((-0.09530000000000001 + (-0.0359 * (-2.6340162306931827 + (0.8915777577347517 * x_0)))) * ((-1.24 + (-0.48400000000000004 * (-2.614432269470226 + (0.8616494128817651 * x_1)))) * (-0.0816 + (0.08710000000000001 * inv((0.0407 + (0.015500000000000002 * (-2.5921353812207917 + (0.8811099449187398 * x_2))))))))),-(0.03200764150267759*x_0 + 0.00073881731811474723)*(0.41703831583477434*x_1 - 0.025385218423589498)*(0.0011144278583332223*x_2 - 0.087057412830168069)/(0.013657204146240469*x_2 + 0.00052190159107772351),9.983758687973022,,200
feynman_II_34_29b,ok,5,NoRef,0.9984798332312007,8.405803294009436,37,35,37,(((2.3000000000000003 + (-2.3522871959349114 + (0.8097388077046674 * x_4))) * ((0.2 + (0.08 * (-2.5531194930605294 + (0.8789899049582045 * x_0)))) * (2.0 + (0.8 * (-2.5155816435325256 + (0.8566223922776196 * x_3)))))) * ((2.0 + (0.75 * (-2.6979419603958954 + (0.9090787910735363 * x_2)))) * (0.001 + (0.8 * inv((0.01 + (0.004 * (-2.580173613126937 + (0.8625475822840215 * x_1))))))))),(0.07031919239665636*x_0 - 0.0042495594448423452)*(3.450190329136086e-6*x_1 + 0.7999996793055475)*(0.6818090933051522*x_2 - 0.02345647029692155)*(0.6852979138220957*x_3 - 0.01246531482602059)*(0.8097388077046674*x_4 - 0.052287195934911098)/(0.003450190329136086*x_1 - 0.0003206944525077479),13.528342723846436,,200
feynman_II_34_2a,ok,3,NoRef,0.9984167467681715,0.01923831637495525,25,23,25,(((2.7 + (-2.5836604135273715 + (0.8398765027159596 * x_1))) * (0.28600000000000003 + (0.0989 * (-2.7480241256459648 + (0.9048374383921544 * x_0))))) * (0.005399999999999999 + (5.6000000000000005 * inv((8.73 + (3.38 * (-2.595184874485386 + (0.8744180518029964 * x_2)))))))),(0.08948842265698407*x_0 + 0.014220413973614106)*(0.8398765027159596*x_1 + 0.11633958647262868)*(0.01595987828150829*x_2 + 5.5997746856708932)/(2.955533015094128*x_2 - 0.04172487576060391),8.004637241363525,,200
feynman_II_35_18,ok,5,NoRef,0.9345671199941987,0.07836149318686342,34,36,34,(0.002 + (0.00019999999999999998 * (((70.0 + (9.3 * (-3.4918091935735216 + (1.6972309630916704 * x_0)))) - ((0.1 + (-0.04 * (-3.579403689568145 + (1.7747930310678999 * x_2)))) * (0.01 + (90.0 * exp(((0.5 + (0.4 * (-3.273392609849695 + (1.652817435825319 * x_3)))) + ((-0.01 + (0.34 * (-3.7134592839832528 + (1.8246293748275135 * x_4)))) + (-0.01 + (-0.5 * (-3.219763489368215 + (1.6753593121119754 * x_1))))))))))))**2)),0.00019999999999999998*(15.784247956752536*x_0 + (0.070991721242715997*x_2 - 0.2431761475827258)*(55.576375757809403*exp(-0.8376796560559877*x_1 + 0.6611269743301276*x_3 + 0.62037398744135464*x_4) + 0.01) + 37.526174499766247)**2 + 0.002,8.580122470855713,,200
feynman_II_35_21,ok,5,NoRef,0.9666377060650286,0.8924535294702091,35,35,35,((0.2 + (0.07500000000000001 * (-2.6574893155775725 + (0.8639895682372307 * x_0)))) * (2.0 + (0.006999999999999999 * (((90.0 + (20.0 * (-2.585304710315294 + (0.8870094272288953 * x_1)))) + (-9.9 + (-0.002 * (((80.0 + (19.7 * (-2.7937445951572557 + (0.9077777236188819 * x_4)))) - ((-0.3 + (27.900000000000002 * (-2.7110096708122233 + (0.875131425217154 * x_2)))) + (-0.3 + (-22.7 * (-2.658226127563016 + (0.8861982062595278 * x_3)))))))**2))))**2))),(0.06479921761779231*x_0 + 0.00068830133168204868)*(0.006999999999999999*(17.74018854457791*x_1 - 0.002*(-24.416166763558599*x_2 + 20.11669928209128*x_3 + 17.88322115529197*x_4 + 40.858668195382639)**2 + 28.39390579369412)**2 + 2.0),12.515433073043823,,200
feynman_II_36_38,ok,8,NoRef,0.8093774543221591,0.4204143373593342,121,81,121,((-0.63 + (-0.19 * (-3.25539613447203 + (1.6780200106390297 * x_0)))) * ((-0.0052 + (-4.91 * inv(((0.41700000000000004 + (0.09770000000000001 * (-3.673547657995394 + (1.8008360979627651 * x_5)))) - ((-0.28500000000000003 + (-0.09490000000000001 * (-3.644144276541765 + (1.820082555589773 * x_2)))) * ((((0.8340000000000001 * (-3.6925070047132977 + (1.818762469791632 * x_6))) - (-6.58 + (0.999 * (-3.512647543149536 + (1.747231500909104 * x_1))))) + ((-0.9720000000000001 + (0.0522 * (-3.512647543149536 + (1.747231500909104 * x_1)))) - ((-0.020200000000000003 + (0.0582 * (-3.644144276541765 + (1.820082555589773 * x_2)))) - (-0.04360000000000001 + (-0.33 * (-3.49247493142665 + (1.7662338946626293 * x_4))))))) - ((0.014100000000000001 + (0.603 * (-3.471793038256991 + (1.7179484625381287 * x_3)))) * (-2.63 + (0.311 * (-3.4549198528908147 + (1.7383908466088813 * x_7))))))))))) - ((-0.008199999999999999 + (0.06520000000000001 * (-3.644144276541765 + (1.820082555589773 * x_2)))) + ((-0.0308 + (-0.00967 * ((-0.794 + (-3.6925070047132977 + (1.818762469791632 * x_6))))**3)) * (4.16 + (-1.3800000000000001 * (-3.512647543149536 + (1.747231500909104 * x_1)))))))),(0.31882380202141565*x_0 + 0.0114747344503142)*((0.1186693826244532*x_2 + (2.4111794712545637*x_1 - 9.0074536095463602)*(0.00967*(1.818762469791632*x_6 - 4.4865070047132977)**3 + 0.0308) - 0.2405982068305231)*(0.17594168677096217*x_5 - (0.1727258345254695*x_2 - 0.060829291843813507)*(1.65427878506074*x_1 + 0.1059288047353248*x_2 + 0.5828571852386677*x_4 - 1.516847899806221*x_6 + (1.0359229229104916*x_3 - 2.0793912020689655)*(0.54063955329536208*x_7 - 3.7044800742490433) - 7.1954297761886152) + 0.058094393813850005) + 4.91)/(0.17594168677096217*x_5 - (0.1727258345254695*x_2 - 0.060829291843813507)*(1.65427878506074*x_1 + 0.1059288047353248*x_2 + 0.5828571852386677*x_4 - 1.516847899806221*x_6 + (1.0359229229104916*x_3 - 2.0793912020689655)*(0.54063955329536208*x_7 - 3.7044800742490433) - 7.1954297761886152) + 0.058094393813850005),8.780369520187378,,200
feynman_II_37_1,ok,3,NoRef,0.9996998221045611,0.4061232034503709,17,17,17,(((2.5 + (-2.4748604028134427 + (0.8522855070971659 * x_0))) * (0.2 + (0.060000000000000005 * (-2.5838719309788227 + (0.8503387114696592 * x_2))))) * (72.7 + (27.400000000000002 * (-2.624301235128215 + (0.8456908079177562 * x_1))))),(0.8522855070971659*x_0 + 0.0251395971865573)*(23.171928136946521*x_1 + 0.79414615748690653)*(0.051020322688179556*x_2 + 0.044967684141270636),9.14849328994751,,200
feynman_II_38_14,ok,2,NoRef,0.9997474854667049,0.0036109560075404832,21,17,21,((0.02 + (0.0078 * (-2.5507774690309435 + (0.8335657750653932 * x_0)))) * (-0.1 + (0.8 * inv((0.043000000000000003 + (0.0123 * (-2.680159988684729 + (0.8643223760263921 * x_1)))))))),-(0.006501813045510067*x_0 + 0.00010393574155864203)*(0.001063116522512462*x_1 - 0.79899659678608226)/(0.01063116522512462*x_1 + 0.010034032139177836),5.490746974945068,,200
feynman_II_38_3,ok,4,NoRef,0.9993917008016968,0.21841082316185184,33,29,33,(((2.57 + (-2.5857619137828576 + (0.8827117374437846 * x_1))) * ((0.009519999999999999 + (-0.629 * inv((2.79 + (-2.697549234125539 + (0.8870470474820004 * x_2)))))) * (-0.197 + (-0.07840000000000001 * (-2.495679074949545 + (0.8362537246328503 * x_0)))))) * (78.4 + (29.7 * (-2.616783341122097 + (0.8781832314186395 * x_3))))),-(0.06556229201121547*x_0 + 0.001338760523955658)*(0.8827117374437846*x_1 - 0.01576191378285776)*(0.008444687892028643*x_2 - 0.6281198687088751)*(26.08204197313359*x_3 + 0.6815347686737265)/(0.8870470474820004*x_2 + 0.09245076587446105),12.605525732040405,,200
feynman_II_3_24,ok,2,NoRef,0.9881036014583178,0.006348919551992599,53,51,53,((-0.00699 + (-0.00258 * (-2.5176695361224137 + (0.8572007920001259 * x_0)))) * (0.652 + (-8.0 * inv(((0.00435 + (-0.0775 * ((2.61 + (-2.4932298491024527 + (0.8505516213027529 * x_1))))**2)) * (-3.72 + (0.0015999999999999999 * sqrt((-0.047900000000000005 + (0.65 * sqrt((93.10000000000001 + (3.29 * (-2.5176695361224137 + (0.8572007920001259 * x_0))))))))))))))),-(0.652 + 8.0/((0.0775*(0.8505516213027529*x_1 + 0.11677015089754718)**2 - 0.00435)*(0.0015999999999999999*sqrt(0.65*sqrt(2.820190605680414*x_0 + 84.816867226157269) - 0.047900000000000005) - 3.72)))*(0.002211578043360325*x_0 + 0.00049441259680417277),5.356331825256348,,200
feynman_II_4_23,ok,3,NoRef,0.998073789706936,0.0015121092397498415,43,31,43,((0.0087 + (0.0031799999999999997 * (-2.726174070301242 + (0.8855813319350537 * x_0)))) * ((-2.32 + (0.0078 * (-2.726174070301242 + (0.8855813319350537 * x_0)))) * (0.0206 + (-0.8380000000000001 * inv(((-0.00985 + (-0.0038 * (-2.6450480349990975 + (0.875105235568507 * x_1)))) * (-65.7 + (-22.5 * (-2.833389203949172 + (0.92120344499104 * x_2)))))))))),(0.0028161486355534705*x_0 + 3.076645644205071e-5)*(0.006907534389093419*x_0 - 2.34126415774835)*(0.0206*(0.00332539989516033*x_1 - 0.0002011825329965711)*(20.7270775122984*x_2 + 1.948742911143633) - 0.8380000000000001)/((0.00332539989516033*x_1 - 0.0002011825329965711)*(20.7270775122984*x_2 + 1.948742911143633)),9.257810831069946,,200
feynman_II_6_11,ok,4,NoRef,0.9917476789617731,0.0017737432109606825,51,35,51,(((0.7000000000000001 + (-3.423012712168896 + (1.7317141236151294 * x_2))) * (0.030000000000000002 + (0.009 * (-3.412369198286662 + (1.7449053370848846 * x_1))))) * (0.1 + (-3.0 * inv(((0.2 + (0.08 * (-3.466501049439632 + (1.7135096701193169 * x_3)))) * ((33.0 + (1.7 * (-3.423012712168896 + (1.7317141236151294 * x_2)))) + (0.2 + (7.7 * (-3.473970884806541 + (1.7576736275678213 * x_0)))))))))),(0.01570414803376396*x_1 - 0.00071132278457995378)*(1.7317141236151294*x_2 - 2.723012712168896)*(0.1*(0.13708077360954535*x_3 - 0.07732008395517055)*(13.534086932272224*x_0 + 2.9439140101457199*x_2 + 0.6313025763025109) - 3.0)/((0.13708077360954535*x_3 - 0.07732008395517055)*(13.534086932272224*x_0 + 2.9439140101457199*x_2 + 0.6313025763025109)),8.765156507492065,,200
feynman_II_6_15a,ok,6,NoRef,0.89813760557448,0.11572956091617966,94,65,94,(((-0.00546 + inv(((-7.78 + (0.866 * (-3.587281008481665 + (1.8104534573853899 * x_3)))) * ((-0.00951 + (-0.00466 * (-3.5442362624045955 + (1.7290625791858034 * x_2)))) * ((-0.085 + (3.7 * (-3.6153250605869824 + (1.7887668278887368 * x_4)))) - (0.027000000000000003 + (1.2 * exp((3.2800000000000002 + (0.35300000000000004 * (-3.3402239085436296 + (1.6902763339957814 * x_0)))))))))))) * (-0.024200000000000003 + (0.0732 * exp((0.061900000000000004 + (0.302 * (-3.4212794043995127 + (1.7310890036930104 * x_1)))))))) * (((3.16 + (-3.478817506470138 + (1.722491710743543 * x_5))) * (1.09 + (0.018400000000000003 * (-3.3402239085436296 + (1.6902763339957814 * x_0))))) * (-0.00577 + (-34.2 * inv((77.8 + (35.7 * (-3.5442362624045955 + (1.7290625791858034 * x_2))))))))),(0.031101084545522383*x_0 + 1.0285398800827973)*(0.35616787162390448*x_2 + 33.918832316543543)*(1.722491710743543*x_5 - 0.3188175064701378)*(0.00546*(0.008057431619005844*x_2 - 0.007006140982805416)*(1.5678526940957476*x_3 - 10.88658535334512)*(-6.6184372631883265*x_4 + 9.8082367472254893*exp(0.5966675459005109*x_0) + 13.488702724171836) - 1)*(0.02771209722657496*exp(0.52278887911528912*x_1) - 0.024200000000000003)/((0.008057431619005844*x_2 - 0.007006140982805416)*(61.727534076933186*x_2 - 48.729234567844072)*(1.5678526940957476*x_3 - 10.88658535334512)*(-6.6184372631883265*x_4 + 9.8082367472254893*exp(0.5966675459005109*x_0) + 13.488702724171836)),8.978371858596802,,200
feynman_II_6_15b,ok,4,NoRef,0.9777922477429419,0.00459077566131025,42,40,42,(((-0.004 + cos((-0.73 + (-3.574168123804971 + (1.7856360285208566 * x_2))))) * (0.001 + (0.0003 * (-3.4219568305138166 + (1.7204774630147597 * x_1))))) * (-0.1 + (-0.9 * ((0.001 + (-0.9 * inv(((0.030000000000000002 + (0.0106 * (-3.6124386164696762 + (1.7575565979989267 * x_3)))) * (7.5 + (0.9900000000000001 * (-3.5132747487246787 + (1.7460712803704583 * x_0)))))))))**2))),-(0.00051614323890442786*x_1 - 2.6587049154144869e-5)*(0.9*(0.001 - 0.9/((1.7286105675667539*x_0 + 4.0218579987625677)*(0.018630099938788623*x_3 - 0.0082918493345785659)))**2 + 0.1)*(cos(1.7856360285208566*x_2 - 4.304168123804971) - 0.004),10.308321475982666,,200
feynman_II_8_31,ok,2,NoRef,0.9998128918414658,0.17601741413659383,17,17,17,((0.02 + (0.0070999999999999995 * (-2.752389043981485 + (0.9048032319317431 * x_0)))) * (-0.01 + (0.09000000000000001 * ((90.8 + (34.0 * (-2.653907254924258 + (0.8509274823888617 * x_1)))))**2))),(0.0064241029467153756*x_0 + 0.00045803778773145841)*(0.09000000000000001*(28.9315344012213*x_1 + 0.5671533325752254)**2 - 0.01),7.425059080123901,,200
feynman_II_8_7,ok,3,NoRef,0.9875544901905116,0.010301866926108265,43,31,43,((0.001 + (0.00039999999999999996 * (-2.817692762706578 + (0.922060438168705 * x_0)))) * ((0.2 + (0.07 * (-2.817692762706578 + (0.922060438168705 * x_0)))) * (0.01 + (9.0 * inv(((0.02 + (0.0075 * (-2.6690271729427253 + (0.8807282537045857 * x_1)))) * (1.9000000000000001 + (0.68 * (-2.669435878248962 + (0.9227695518217146 * x_2)))))))))),(0.00036882417526748195*x_0 - 0.00012707710508263106)*(0.0645442306718094*x_0 + 0.002761506610539533)*(0.01*(0.006605461902784392*x_1 - 1.7703797070438586e-5)*(0.627483295238766*x_2 + 0.084783602790705815) + 9.0)/((0.006605461902784392*x_1 - 1.7703797070438586e-5)*(0.627483295238766*x_2 + 0.084783602790705815)),9.51050066947937,,200
feynman_I_10_7,ok,3,NoRef,0.9998247541235067,0.01566263126140095,49,49,49,((-0.055400000000000005 + (-8.43 * inv(((0.021300000000000003 + (56.5 * (-5.100574389259935 + (3.343197439644897 * x_1)))) + ((89.9 + (79.4 * inv((-69.4 + (0.307 * inv(((-0.9600000000000001 + (0.00481 * (-5.100574389259935 + (3.343197439644897 * x_1)))) - (-2.17 + (-0.23 * (-2.588106740665522 + (0.887566173182724 * x_0))))))))))) * ((0.6960000000000001 + (8.0 * (-3.468260823868103 + (0.5144108989083627 * x_2)))) + (24.900000000000002 + (-4.3100000000000005 * (-5.100574389259935 + (3.343197439644897 * x_1)))))))))) * (-50.7 + (-19.6 * (-2.588106740665522 + (0.887566173182724 * x_0))))),(0.055400000000000005 + 8.43/(188.8906553399367*x_1 + (89.9 - 79.4/(69.4 - 0.307/(0.204140219832027*x_0 + 0.01608077968469195*x_1 + 0.5902016868345895)))*(-14.409180964869508*x_1 + 4.115287191266902*x_2 + 19.8333890267655) - 288.16115299318633))*(17.3962969943814*x_0 - 0.02689211704423222),4.048776149749756,,200
feynman_I_11_19,ok,6,NoRef,0.957686300358504,1.8952135856128698,47,49,47,((((0.622 + (-2.6471928306298094 + (0.885966881026239 * x_4))) - (-0.00417 + (-4.0 * (-2.4909796979027035 + (0.8495365704084542 * x_1))))) * (0.935 + (0.317 * (-2.6471928306298094 + (0.885966881026239 * x_4))))) + (((((-2.4827020613216004 + (0.8474431728639252 * x_0)) + (-0.058100000000000006 + (0.34400000000000003 * (-2.6471928306298094 + (0.885966881026239 * x_4))))) + (7.33 + (0.778 * (-2.7479829985177977 + (0.8948864386578299 * x_3))))) - ((0.00564 + (9.75 * (-2.676096923467062 + (0.9079286415109341 * x_2)))) * (-0.09690000000000001 + (-0.0251 * (-2.695030893403317 + (0.8307952953518407 * x_5)))))) * (3.65 + (0.515 * (-2.695030893403317 + (0.8307952953518407 * x_5)))))),(0.280851501285318*x_4 + 0.095839872690350463)*(3.398146281633817*x_1 + 0.885966881026239*x_4 - 11.984941622240623) + (0.427859577106198*x_5 + 2.262059089897292)*(0.8474431728639252*x_0 + 0.6962216492757917*x_3 + 0.30477260707302624*x_4 + (8.852304254731608*x_2 - 26.08630500380385)*(0.0208529619133312*x_5 + 0.02925472457557675) + 1.7406328320948985),11.36258316040039,,200
feynman_I_12_1,ok,2,NoRef,0.9998680719583403,0.05780685668321797,11,11,11,((0.099 + (0.038000000000000006 * (-2.566602023658053 + (0.8997949016063425 * x_0)))) * (89.5 + (30.900000000000002 * (-2.878930580317207 + (0.928002407756839 * x_1))))),(0.03419220626104102*x_0 + 0.0014691231009939748)*(28.675274399686326*x_1 + 0.54104506819829801),4.506718397140503,,200
feynman_I_12_11,ok,5,NoRef,0.9911889420981118,2.39623096476678,36,34,36,((0.2 + (0.07 * (-2.7336069787470243 + (0.8973963259979115 * x_0)))) * ((50.0 + (16.3 * (-2.6846738802725283 + (0.8727114307740083 * x_1)))) + ((2.0 + (0.75 * (-2.6603944928985346 + (0.9006524322203873 * x_2)))) * ((0.001 + (-0.9 * sin((-0.14 + (-2.5860302835261004 + (0.8650529647164638 * x_4)))))) * (80.8 + (33.6 * (-2.577161210079287 + (0.8594599513383012 * x_3)))))))),(0.06281774281985381*x_0 + 0.0086475114877082918)*(14.22519632161634*x_1 - (0.6754893241652905*x_2 + 0.0047041303260990496)*(28.87785436496692*x_3 - 5.79261665866405)*(0.9*sin(0.8650529647164638*x_4 - 2.7260302835261004) - 0.001) + 6.2398157515577868),10.120872974395752,,200
feynman_I_12_2,ok,4,NoRef,0.9955102449929353,0.007901881224209064,37,37,37,(((2.6 + (-2.617184116087947 + (0.8521397663891764 * x_1))) * (0.02 + (0.006999999999999999 * (-2.8539742313544565 + (0.9239149687966296 * x_0))))) * (0.01 + (0.5 * ((0.01 + (-0.9 * inv(((0.2 + (0.08 * (-2.5317902960514966 + (0.853150896025948 * x_3)))) * (4.4 + (0.9700000000000001 * (-2.556480029432039 + (0.8349043469624741 * x_2)))))))))**2))),(0.006467404781576406*x_0 + 2.2180380518807904e-5)*(0.8521397663891764*x_1 - 0.0171841160879469)*(0.5*(0.01 - 0.9/((0.8098572165536*x_2 + 1.920214371450922)*(0.0682520716820758*x_3 - 0.0025432236841197212)))**2 + 0.01),9.382438898086548,,200
feynman_I_12_4,ok,3,NoRef,0.9952144151407105,0.0016976653933224097,69,41,69,((0.0092 + (0.00358 * (-2.610281525456201 + (0.8563534632402007 * x_0)))) * (-0.00916 + (0.991 * inv((-0.00826 + (0.00077 * (((-0.53 + (-0.2 * (-2.6386330449565643 + (0.8571845166463317 * x_2)))) * (0.024800000000000003 + (31.400000000000002 * sqrt((5.0 + (1.96 * (-2.506670832800553 + (0.8357722543545856 * x_1)))))))))**2)))))),-(0.003065745398399918*x_0 - 0.0001448078611331993)*(7.0532e-6*(0.1714369033292664*x_2 + 0.0022733910086871374)**2*(31.400000000000002*sqrt(1.638113618534988*x_1 + 0.0869251677109163) + 0.024800000000000003)**2 - 0.9910756616)/(0.00077*(0.1714369033292664*x_2 + 0.0022733910086871374)**2*(31.400000000000002*sqrt(1.638113618534988*x_1 + 0.0869251677109163) + 0.024800000000000003)**2 - 0.00826),9.234695672988892,,200
feynman_I_12_5,ok,2,NoRef,0.9999532793084591,0.03332537349447206,17,15,17,((0.07890000000000001 + (0.030000000000000002 * (-2.643473215745853 + (0.8815481695584527 * x_0)))) * ((((49.6 * (-2.7429584544718253 + (0.9245535089554948 * x_1))) - (0.08220000000000001 + (8.5 * (-2.7429584544718253 + (0.9245535089554948 * x_1))))) + ((26.3 + (0.06870000000000001 * (-2.7429584544718253 + (0.9245535089554948 * x_1)))) - (0.066 + (0.00095 * (-2.7429584544718253 + (0.9245535089554948 * x_1)))))) - (-86.2 + (0.003 * (-2.643473215745853 + (0.8815481695584527 * x_0)))))),-(0.026446445086753583*x_0 - 0.00040419647237558462)*(0.002644644508675358*x_0 - 38.06178771830257*x_1 + 0.56169749443524852),4.017697095870972,,200
feynman_I_13_12,ok,5,NoRef,0.9393958781401256,2.3917070948355517,65,53,65,(((2.7800000000000002 + (-2.668801708030412 + (0.8819198439156285 * x_0))) * (((((-2.7093703865142946 + (0.8748960358981902 * x_2)) + (-0.007039999999999999 + (49.300000000000004 * (-2.5612832345666563 + (0.8379805705041466 * x_3))))) + (-0.0238 + (-49.4 * (-2.7093703865142946 + (0.8748960358981902 * x_2))))) * (0.00849 + (-0.00248 * (-2.7093703865142946 + (0.8748960358981902 * x_2))))) * (((-0.00987 + inv((99.9 * (-2.6701260084176734 + (0.8768008800903796 * x_1))))) + (83.0 + (38.0 * (-2.384599847508499 + (0.8257596665344117 * x_4))))) * (0.0073999999999999995 + (0.00274 * (-2.6701260084176734 + (0.8768008800903796 * x_1))))))) * (0.0034 + (-0.12200000000000001 * inv((0.0257 + (0.00967 * (-2.5612832345666563 + (0.8379805705041466 * x_3)))))))),-(0.8819198439156285*x_0 + 0.1111982919695882)*(0.00240243441144764*x_1 + 8.3854736935574874e-5)*(0.002169742169027512*x_2 - 0.01520923855855545)*(2.755112519703533e-5*x_3 - 0.12199682987018609)*((87.59240792102893*x_1 - 266.74558824092559)*(31.37886732830764*x_4 - 7.624664205322962) + 1)*(-42.3449681374724*x_2 + 41.31244212585443*x_3 + 4.8314232431556887)/((87.59240792102893*x_1 - 266.74558824092559)*(0.008103272116775097*x_3 + 0.00093239112174043476)),13.635234594345093,,200
feynman_I_13_4,ok,4,NoRef,0.9973883536963818,1.3060683951721266,40,42,40,((0.2 + (0.07200000000000001 * (-2.7370812263130415 + (0.902756266590703 * x_0)))) * ((0.09000000000000001 + (80.0 * exp((0.9 + (0.26 * (-2.6220737557332443 + (0.8728146501207767 * x_1))))))) - ((0.001 + (-37.0 * (-2.5379950056480767 + (0.8946994347622791 * x_3)))) + ((0.01 + (-8.0 * (-2.5379950056480767 + (0.8946994347622791 * x_3)))) + ((0.6 + (0.13 * (-2.548140169947589 + (0.8525284766606351 * x_2)))) * ((-0.1 + (-85.0 * (-2.548140169947589 + (0.8525284766606351 * x_2)))) + (-0.1 + (-0.006 * ((0.001 + (49.1 * (-2.5379950056480767 + (0.8946994347622791 * x_3)))))**2)))))))),(0.06499845119453062*x_0 + 0.0029301517054609952)*(40.26147456430256*x_3 + (0.1108287019658826*x_2 + 0.2687417779068134)*(72.46492051615398*x_2 + 0.006*(43.9297422468279*x_3 - 124.61455477732057)**2 - 216.3919144455451) + 99.512917333267086*exp(0.226931809031402*x_1) - 114.13077525416345),10.576951742172241,,200
feynman_I_14_3,ok,3,NoRef,0.9997548180526,0.28813412573036906,23,23,23,(((2.37 + (0.88 * (-2.6760694322662943 + (0.8805989180487918 * x_1)))) * ((0.8500000000000001 + (0.34500000000000003 * (-2.428453058567591 + (0.8889549158624802 * x_0)))) * (12.6 + (4.63 * (-2.722875886256813 + (0.8863816221636266 * x_2)))))) - (0.0422 + (-0.05380000000000001 * (-2.6760694322662943 + (0.8805989180487918 * x_1))))),0.04737622179102501*x_1 + (0.30668944597255569*x_0 + 0.012183694794181125)*(0.7749270478829368*x_1 + 0.015058899605661109)*(4.103946910617591*x_2 - 0.006915353369044253) - 0.18617253545592666,9.534463167190552,,200
feynman_I_14_4,ok,2,NoRef,0.9999212261023406,0.11754836827231185,23,21,23,(((-0.0021 + ((2.65 + (-2.630906588185309 + (0.8633123577016952 * x_1))))**2) * (15.200000000000001 + (5.84 * (-2.626437502441532 + (0.8816095514609437 * x_0))))) * (0.131 + (-0.00112 * (-2.626437502441532 + (0.8816095514609437 * x_0))))),-(0.0009874026976362569*x_0 - 0.1339416100027345)*(5.148599780531911*x_0 - 0.13839501425854557)*((0.8633123577016952*x_1 + 0.01909341181469093)**2 - 0.0021),7.092682123184204,,200
feynman_I_15_10,ok,3,NoRef,0.9972289663882548,0.10618185176442167,25,20,25,(((4.96 + (-5.457180456861609 + (3.6446002602554834 * x_1))) * (-0.0164 + (-0.00633 * (-2.644856021421248 + (0.8646173589431646 * x_0))))) * (-57.4 + (-0.674 * exp(((0.391 + (-1.27 * (-2.999068701425839 + (0.46665137782532334 * x_2)))) + (-0.0308 + (0.0025 * (-2.999068701425839 + (0.46665137782532334 * x_2))))))))),(0.005473027882110232*x_0 - 0.0003419386155964974)*(3.6446002602554834*x_1 - 0.4971804568616091)*(57.4*exp(0.59148062139359734*x_2) + 43.24987793178455)*exp(-0.59148062139359734*x_2),9.85230541229248,,200
feynman_I_15_3t,ok,4,NoRef,0.998885380116889,0.04025092131625781,41,41,41,((2.8000000000000003 + (1.19 * (-2.419137422785296 + (0.862311797425404 * x_3)))) - ((0.01 + (-0.005 * (-3.34115030979141 + (0.5107587437264599 * x_1)))) * ((2.0 + (4.3 * (-2.717105569629776 + (0.8849901747612658 * x_0)))) + ((0.001 + (0.006 * (-3.34115030979141 + (0.5107587437264599 * x_1)))) * ((9.0 + (7.0 * (-5.192961335421972 + (3.487532856832522 * x_2)))) * ((-0.01 + (60.0 * (-2.419137422785296 + (0.862311797425404 * x_3)))) + (-0.001 + (-44.0 * (-2.717105569629776 + (0.8849901747612658 * x_0)))))))))),1.02615103893623*x_3 - (0.0025537937186323*x_1 - 0.0267057515489571)*(-3.805457751473443*x_0 + (0.003064552462358759*x_1 - 0.0190469018587485)*(24.41272999782765*x_2 - 27.3507293479538)*(38.9395676894957*x_0 - 51.7387078455242*x_3 + 25.60660030340762) + 9.683553949408036) - 0.078773533114501769,5.1434149742126465,,200
feynman_I_15_3x,ok,4,NoRef,0.9959730237703699,0.10446294337431401,71,55,71,((-0.00273 + (-0.399 * (-5.406940417278592 + (3.651746841581515 * x_3)))) + ((((5.13 + (-5.406940417278592 + (3.651746841581515 * x_3))) + ((-0.0097 + (-0.00294 * (-5.31046149851653 + (0.7020053706524357 * x_0)))) * (0.0752 + (48.6 * (-5.31046149851653 + (0.7020053706524357 * x_0)))))) * (-0.0378 + (-0.0826 * (-5.10499948290293 + (3.3738543444755535 * x_1))))) - ((-0.619 + (-0.0921 * ((-0.281 + (0.050100000000000006 * inv((-0.312 + (-0.16 * (-2.178268316616358 + (0.18522376390576137 * x_2))))))))**2)) * (8.75 + (2.2 * (-5.31046149851653 + (0.7020053706524357 * x_0))))))),((1.544411815435359*x_0 - 2.93301529673637)*(0.0921*(0.0083276604252030322*x_2 + 0.039837056484928547)**2 + 0.619*(0.02963580222492182*x_2 - 0.03652293065861729)**2) + (0.02963580222492182*x_2 - 0.03652293065861729)**2*(-1.457046989791025*x_3 + (0.27868036885368074*x_1 - 0.383872957287782)*(-3.651746841581515*x_3 + (0.002063895789718161*x_0 - 0.0059127568056386)*(34.11746101370838*x_0 - 258.013228827903) + 0.2769404172785921) + 2.154639226494158))/(0.02963580222492182*x_2 - 0.03652293065861729)**2,8.108359575271606,,200
feynman_I_16_6,ok,3,NoRef,0.986180314218089,0.1413260784748462,41,41,41,((((((0.00847 + (-2.7471278243839246 + (0.9079909650983548 * x_2))) + (0.009729999999999999 + (-0.997 * (-2.338683200901609 + (0.839476836958178 * x_0))))) * ((0.931 + (-0.24000000000000002 * (-2.550087265129937 + (0.8894335703382671 * x_1)))) + (-76.4 + (24.0 * (-2.7471278243839246 + (0.9079909650983548 * x_2)))))) * ((0.0030399999999999997 + (-0.062000000000000006 * (-2.338683200901609 + (0.839476836958178 * x_0)))) + (0.0005499999999999999 + (0.055600000000000004 * (-2.550087265129937 + (0.8894335703382671 * x_1)))))) - (-92.3 + (2.43 * (-2.550087265129937 + (0.8894335703382671 * x_1))))) * (0.030100000000000002 + (0.0142 * (-2.338683200901609 + (0.839476836958178 * x_0))))),(0.0119205710848061*x_0 - 0.003109301452802848)*(-2.161323575921989*x_1 + (-0.05204756389140704*x_0 + 0.049452506510807654*x_1 + 0.0068035065146752661)*(0.836958406447303*x_0 - 0.9079909650983548*x_2 + 0.39726067308502041)*(0.21346405688118412*x_1 - 21.79178316236051*x_2 + 140.78804684158301) + 98.49671205426574),3.9164812564849854,,200
feynman_I_18_12,ok,3,NoRef,0.9957278723199027,0.4540322975911918,24,22,24,(((2.5 + (-2.421696017227875 + (0.8519542273871007 * x_0))) * (0.1 + (0.04 * (-2.548286892362978 + (0.86026417115375 * x_1))))) * (0.1 + (34.7 * sin((0.62 + (-1.4000000000000001 * (-1.725396682298155 + (0.6944642421502414 * x_2)))))))),-(0.8519542273871007*x_0 + 0.07830398277212502)*(0.03441056684615*x_1 - 0.001931475694519116)*(34.7*sin(0.97224993901033803*x_2 - 3.0355553552174172) - 0.1),13.089693069458008,,200
feynman_I_18_14,ok,4,NoRef,0.9966377405880514,1.4794566065853891,30,28,30,((-0.13 + (-0.04870000000000001 * (-2.613124523709804 + (0.8658355855259678 * x_2)))) * ((0.0018 + (-0.661 * sin((-0.0396 + (-2.7962163559154027 + (0.9041044335611569 * x_3)))))) * ((55.800000000000004 + (20.7 * (-2.6000499735222258 + (0.8575648261012243 * x_0)))) * (-6.11 + (-2.13 * (-2.6321438473229772 + (0.8768714116868315 * x_1))))))),-(17.75159190029534*x_0 + 1.9789655480899317)*(1.867736106892951*x_1 + 0.50353360520205917)*(0.04216619301511464*x_2 + 0.002740835695332521)*(0.661*sin(0.9041044335611569*x_3 - 2.8358163559154027) - 0.0018),14.109812498092651,,200
feynman_I_18_4,ok,4,NoRef,0.9593939503421356,0.17874582926804347,51,51,51,((((0.304 + (-2.8149539998910376 + (0.9007791820199235 * x_3))) + ((0.00537 + (0.0034999999999999996 * (-2.6157150245109952 + (0.8800441601899178 * x_1)))) * (0.9400000000000001 + (-92.0 * (-2.604761631720367 + (0.8569951062057086 * x_2)))))) * ((0.5800000000000001 + (0.0066 * (-2.6157150245109952 + (0.8800441601899178 * x_1)))) + (-0.00414 + (-0.0597 * (-2.664498595282067 + (0.8920120394009231 * x_0)))))) - (((0.24000000000000002 * (-2.664498595282067 + (0.8920120394009231 * x_0))) * ((0.007809999999999999 + (0.49400000000000005 * (-2.8149539998910376 + (0.9007791820199235 * x_3)))) + (-0.057800000000000004 + (-0.31 * (-2.604761631720367 + (0.8569951062057086 * x_2)))))) + (-2.89 + (-0.994 * (-2.604761631720367 + (0.8569951062057086 * x_2)))))),0.8518531355684743*x_2 + (0.21408288945622156*x_0 - 0.63947966286769613)*(0.2656684829237697*x_2 - 0.44498491591784226*x_3 + 0.63310117011285896) - (-0.05325311875223511*x_0 + 0.005808291457253457*x_1 + 0.71766684697656694)*(-0.9007791820199235*x_3 + (0.0030801545606647119*x_1 - 0.0037850025857884824)*(78.84354977092519*x_2 - 240.5780701182738) + 2.5109539998910376) + 0.3008669380699553,5.318997383117676,,200
feynman_I_24_6,ok,4,NoRef,0.9902652207046548,1.45469751966933,49,51,49,((0.12000000000000001 + (-0.08660000000000001 * (-3.6425304974630017 + (1.7917824686289467 * x_2)))) - (((0.0033799999999999998 + (-3.528758604253555 + (1.7555246602223264 * x_1))) + (0.00242 + (4.79 * exp(((0.021800000000000003 + (-0.021500000000000002 * (-3.6425304974630017 + (1.7917824686289467 * x_2)))) * (0.801 + (-9.83 * arctan((6.0200000000000005 + (0.00365 * (-3.528758604253555 + (1.7555246602223264 * x_1)))))))))))) * ((28.2 + (7.91 * (-3.4568449343419667 + (1.721945283087779 * x_0)))) * (0.0059 + (-0.008709999999999999 * (((-4.7 + (-0.442 * (-3.567613329038069 + (1.7349021460027578 * x_3)))) + (0.00743 + (-0.75 * (-3.567613329038069 + (1.7349021460027578 * x_3))))))**2))))),-0.1551683617832668*x_2 + (13.62058718922433*x_0 + 0.8563565693550422)*(0.008709999999999999*(2.0680033580352873*x_3 + 0.439974911786622)**2 - 0.0059)*(1.7555246602223264*x_1 + 4.79*exp((0.038523323075522358*x_2 - 0.10011440569545455)*(9.83*atan(0.0064076650098114914*x_1 + 6.007120031094475) - 0.801)) - 3.522958604253555) + 0.43544314108029599,11.960132598876953,,200
feynman_I_25_13,ok,2,NoRef,0.9996506204262923,0.015460251917513256,21,17,21,((0.183 + (0.0724 * (-2.5512487222767346 + (0.8665706977286725 * x_0)))) * (-0.0036899999999999997 + (-94.5 * inv((-17.7 + (-7.33 * (-2.400742498290202 + (0.8003923054356457 * x_1)))))))),-(0.06273971851555589*x_0 - 0.0017104074928356045)*(0.021648770959731713*x_1 - 94.499621562871004)/(5.866875598843283*x_1 + 0.1025574875328186),5.158416986465454,,200
feynman_I_26_2,ok,2,NoRef,0.9897365017418691,0.04893251637736693,24,24,24,(((-0.00845 + cos(((36.4 + (-0.00462 * (-1.564164953504747 + (3.41799237175793 * x_0)))) - (-0.00515 + (1.29 * (-2.401625007900688 + (0.840568848454874 * x_1))))))) * (-64.2 + (-6.1000000000000005 * (-1.564164953504747 + (3.41799237175793 * x_0))))) * (-0.0072 + (-0.00445 * (-1.564164953504747 + (3.41799237175793 * x_0))))),(0.0152100660543228*x_0 + 0.0002394659569038757)*(20.849753467723376*x_0 + 54.658593783621045)*(cos(0.0157911247575216*x_0 + 1.08433381450679*x_1 - 39.51047270227708) - 0.00845),8.637185335159302,,200
feynman_I_27_6,ok,3,NoRef,0.9639724088518137,0.07593505129396746,53,47,53,((0.02 + (0.008 * (-2.3985862823410833 + (0.8064518581298143 * x_1)))) * (0.02 + (9.0 * sqrt(((0.2 + (0.08 * (-2.5212812957632926 + (0.8269424556449783 * x_0)))) * ((80.0 + (-14.0 * (-2.5212812957632926 + (0.8269424556449783 * x_0)))) + ((-0.030000000000000002 + (-9.9 * (-2.3985862823410833 + (0.8064518581298143 * x_1)))) + (-0.009 + (-90.0 * inv((0.9 + (-0.9 * inv((-0.01 + (-0.4 * (-2.7198734845172403 + (0.8655823842985322 * x_2))))))))))))))))),(0.006451614865038515*x_1 + 0.00081130974127133362)*(9.0*sqrt(-(0.06615539645159827*x_0 - 0.0017025036610634012)*(31.16096583474716*x_2 + (0.3116096583474716*x_2 - 0.070154454426206565)*(11.5771943790297*x_0 + 7.983873395485162*x_1 - 139.00494233586282) - 97.015445442620656)/(0.3116096583474716*x_2 - 0.070154454426206565)) + 0.02),6.4043262004852295,,200
feynman_I_29_16,ok,4,NoRef,0.7608236418301656,0.9815818504857878,63,61,63,(0.016700000000000003 + (0.497 * sqrt((((-0.0193 + abs((((-2.6705100830629784 + (0.8888164274402005 * x_1)) + (0.009519999999999999 + (-8.8 * (-2.585674534025608 + (0.8767406575303234 * x_3))))) + ((-0.281 + (8.08 * (-2.4962836392515335 + (0.8671704050930179 * x_2)))) - (-0.008289999999999999 + (-0.9800000000000001 * (-2.719956086378315 + (0.8786412216232687 * x_0)))))))) * (1.7 + (-4.3 * arctan((-0.006719999999999999 + (0.00784 * sqrt((40.7 + (0.008499999999999999 * (-2.4962836392515335 + (0.8671704050930179 * x_2))))))))))) * ((6.890000000000001 + (0.534 * (-2.6705100830629784 + (0.8888164274402005 * x_1)))) - (3.4 + (-0.92 * (-2.719956086378315 + (0.8786412216232687 * x_0))))))))),0.497*sqrt(-(Abs(0.8610683971908034*x_0 + 0.8888164274402005*x_1 + 7.006736873151585*x_2 - 7.715317786266847*x_3 - 3.0152929534407658) - 0.0193)*(4.3*atan(0.00784*sqrt(0.007370948443290651*x_2 + 40.678781589066365) - 0.006719999999999999) - 1.7)*(0.8083499238934072*x_0 + 0.4746279722530671*x_1 - 0.43841198382367931)) + 0.016700000000000003,9.200136184692383,,200
feynman_I_29_4,ok,2,NoRef,0.9997632438067334,0.019867415193985223,19,17,19,((-0.7160000000000001 + (-0.331 * (-2.1650620520807715 + (0.38592391333961634 * x_0)))) * (-0.00477 + (-0.14100000000000001 * inv((0.09400000000000001 + (0.0471 * (-1.9951431992266675 + (0.3861777173669346 * x_1)))))))),(0.12774081531541301*x_0 - 0.00063553923873530763)*(8.67613892276771e-5*x_1 + 0.14100013716285935)/(0.01818897048798262*x_1 + 2.8755316423965472e-5),4.320263385772705,,200
feynman_I_30_3,ok,3,NoRef,0.05542649028996882,2.232296526927367,43,43,43,(3e-05 + (0.8400000000000001 * abs((((9.22 + sqrt((0.051000000000000004 + (-0.00518 * (-2.461202600763884 + (0.8634250264942191 * x_2)))))) - (-9.57 + (-7.68 * (-2.7051468847223092 + (0.8846863425384316 * x_0))))) * ((-0.07700000000000001 + (0.167 * cos((52.1 + (9.64 * (-2.713917252913514 + (0.9120507374530804 * x_1))))))) - (-0.0514 + (-0.28 * ((0.00694 + (0.653 * (-2.713917252913514 + (0.9120507374530804 * x_1)))))**3))))))),0.8400000000000001*Abs((6.794391110695154*x_0 + sqrt(0.063749029471956922 - 0.004472541637240055*x_2) - 1.985528074667333)*(0.28*(0.5955691315568615*x_1 - 1.765247966152525)**3 + 0.167*cos(8.792169109047696*x_1 + 25.93783768191373) - 0.02560000000000001)) + 3.0e-5,7.880168437957764,,200
feynman_I_30_5,ok,3,NoRef,0.9983432840518445,0.005688747660709868,33,27,33,(((-0.0005099999999999999 + inv((2.4 + (-2.503496805650597 + (0.8524201121194467 * x_2))))) * (-0.298 + (-0.060500000000000005 * (-5.1465134878527214 + (3.4065737547807147 * x_0))))) * (0.005569999999999999 + (71.5 * inv((-59.2 + (-14.700000000000001 * (-4.072826686636155 + (1.186008527663161 * x_1)))))))),(0.20609771216423326*x_0 - 0.013364066015089683)*(0.097109192236531949*x_1 - 71.503734976275082)*(0.0004347342571809177*x_2 - 1.000052783370882)/((17.434325356648468*x_1 - 0.67055229355147961)*(0.8524201121194467*x_2 - 0.1034968056505971)),9.928500175476074,,200
feynman_I_32_17,ok,6,NoRef,0.9732186968965806,0.8393475244911089,46,46,46,(((0.0478 + exp(((0.00911 + (-0.768 * (-7.094423785619939 + (1.79517298980545 * x_5)))) + ((-0.0297 + (0.10500000000000001 * (-5.22090641103695 + (3.5546784205957644 * x_2)))) + ((-0.0422 + (0.368 * (-5.422314254425465 + (3.6430504379238773 * x_3)))) - (-0.00519 + (-0.9760000000000001 * (-5.377145912979087 + (3.5490731972883967 * x_4))))))))) * (((-0.546 * (-5.764932660258052 + (3.78687650449493 * x_1))) - (((-5.32 + (-5.19 * (-5.167560062937342 + (3.539922280882652 * x_0)))) + (-23.5 + (0.0010999999999999998 * (-5.167560062937342 + (3.539922280882652 * x_0))))) - (2.09 + (0.8330000000000001 * (-5.764932660258052 + (3.78687650449493 * x_1)))))) + (-2.81 + (-0.00428 * (-7.094423785619939 + (1.79517298980545 * x_5)))))) * ((0.05790000000000001 + (0.00813 * (-5.764932660258052 + (3.78687650449493 * x_1)))) * (0.8490000000000001 + (0.24500000000000002 * (-5.22090641103695 + (3.5546784205957644 * x_2)))))),(0.0307873059815438*x_1 + 0.01103109747210205)*(0.87089621304596235*x_2 - 0.43012207070405266)*(0.090646879815644824*exp(0.3732412341625553*x_2 + 1.3406425611559868*x_3 + 3.4638954405534755*x_4 - 1.37869285617059*x_5) + 0.0478)*(18.368302723271994*x_0 + 1.086833556790045*x_1 - 0.00768334039636733*x_5 - 0.33812395026718373),10.5443696975708,,200
feynman_I_32_5,ok,4,NoRef,0.9540417627453984,0.13794657490476966,53,51,53,((0.00399 + (0.041 * exp((((3.7600000000000002 + (-2.7279182964428794 + (0.9289890799688245 * x_3))) - (24.5 + (-0.28200000000000003 * (-2.7279182964428794 + (0.9289890799688245 * x_3))))) * ((-0.007719999999999999 + (-0.07400000000000001 * exp((-0.599 * (-2.7279182964428794 + (0.9289890799688245 * x_3)))))) + ((0.0548 + (-0.00709 * (-2.6293091772736408 + (0.8973551875146073 * x_1)))) + ((0.0070999999999999995 + (0.00791 * (-2.5204631409860694 + (0.8420799699938597 * x_2)))) * ((-0.526 + (-0.00413 * (-2.7279182964428794 + (0.9289890799688245 * x_3)))) - (-3.11 + (0.615 * (-2.5204631409860694 + (0.8420799699938597 * x_2)))))))))))) * ((-0.0395 + (-0.019000000000000003 * (-2.5999126994662913 + (0.8603722624673278 * x_0)))) * (-36.300000000000004 + (-15.5 * (-2.6293091772736408 + (0.8973551875146073 * x_1)))))),(0.00399 + 0.041*exp(-(1.190964000520033*x_3 - 24.237191256039771)*(0.006362248279478566*x_1 + (0.006660852562651431*x_2 - 0.01283686344519981)*(0.5178791815462237*x_2 + 0.003836724900271245*x_3 - 4.1453511342707416) - 0.065721802066870116 + 0.37920924591598763*exp(-0.5564644589013259*x_3))))*(0.016347072986879231*x_0 - 0.0098983412898595421)*(13.90900540647641*x_1 - 4.4542922477414284),9.517683744430542,,200
feynman_I_34_1,ok,3,NoRef,0.9959809208935682,0.11802800685285957,47,39,47,(((-0.793 + inv(((-0.304 + (0.278 * (-5.224059625126184 + (3.4221881154884906 * x_1)))) + (-2.75 + (-1.18 * (-3.213191526129124 + (0.49872911299177847 * x_0))))))) * ((0.0073999999999999995 + (28.1 * ((0.14 + (0.00547 * (-3.213191526129124 + (0.49872911299177847 * x_0)))))**3)) - (-0.7070000000000001 + (-0.00665 * (-5.224059625126184 + (3.4221881154884906 * x_1)))))) * ((-4.48 + (-0.00374 * (-3.213191526129124 + (0.49872911299177847 * x_0)))) - (0.07550000000000001 + (1.77 * (-2.588994719877589 + (0.8403804552900841 * x_2)))))),(0.0018652468825892514*x_0 + 1.487473405863449*x_2 - 0.03903799049105505)*(0.46668078019092678*x_0 - 0.75443505881189981*x_1 + 1.566775001937502)*(0.022757550967998461*x_1 + 28.1*(0.0027280482480650282*x_0 + 0.1224238423520737)**3 + 0.67966000349291098)/(0.58850035333029856*x_0 - 0.95136829610580047*x_1 + 0.7147225749527132),7.160966396331787,,200
feynman_I_34_14,ok,3,NoRef,0.9955336039992652,0.0976268422532474,45,45,45,(((7.17 + inv((((0.06760000000000001 + (0.00062 * (-3.4548575752247537 + (0.523026255492135 * x_0)))) + (0.006549999999999999 + (0.025500000000000002 * (-3.4548575752247537 + (0.523026255492135 * x_0))))) - (-0.006679999999999999 + (0.008709999999999999 * (-5.154977009990223 + (3.4616776248047603 * x_1))))))) + (((0.00464 * inv(((-0.8220000000000001 + (7.03 * (-3.4548575752247537 + (0.523026255492135 * x_0)))) * (-8.83 + (-56.1 * (-2.704855709187059 + (0.914044649674877 * x_2))))))) + (0.0884 + (1.32 * (-5.154977009990223 + (3.4616776248047603 * x_1))))) + (50.1 + (-0.8230000000000001 * (-2.704855709187059 + (0.914044649674877 * x_2)))))) * (0.05330000000000001 + (0.020200000000000003 * (-2.704855709187059 + (0.914044649674877 * x_2))))),(0.018463701923432518*x_2 - 0.0013380853255785897)*(4.5694144647422838*x_1 - 0.7522587466824238*x_2 + 52.77992659547386 + 1/(0.013661445793454567*x_0 - 0.030151212112049459*x_1 + 0.035488969892144273) - 0.00464/((3.67687457610971*x_0 - 25.109648753830019)*(51.2779048467606*x_2 - 142.912405285394))),9.520021677017212,,200
feynman_I_34_27,ok,2,NoRef,0.9998588739595589,0.009800951763065587,11,11,11,((0.02 + (0.0078 * (-2.534319111975044 + (0.8625028469077035 * x_1)))) * (75.2 + (25.8 * (-2.89141769643402 + (0.898356770850574 * x_0))))),(23.1776046879448*x_0 + 0.601423432002292)*(0.006727522205880087*x_1 + 0.0002323109265946581),4.174845933914185,,200
feynman_I_34_8,ok,4,NoRef,0.999252463366887,0.3123862027994444,31,29,31,(((2.4 + (-2.5134922366209222 + (0.8456834090766008 * x_2))) * (0.2 + (0.08 * (-2.466227921875975 + (0.8316291782707262 * x_1))))) * ((0.2 + (0.08 * (-2.5127584990667504 + (0.8365681778083426 * x_0)))) * (0.3 + (0.8 * inv((0.0087 + (0.0031999999999999997 * (-2.7058039597000527 + (0.8963922028654532 * x_3))))))))),(0.06692545422466741*x_0 - 0.0010206799253400251)*(0.0665303342616581*x_1 + 0.002701766249922008)*(0.8456834090766008*x_2 - 0.11349223662092229)*(0.00086053651475083495*x_3 + 0.80001242819868799)/(0.00286845504916945*x_3 + 4.1427328959831565e-5),13.04583477973938,,200
feynman_I_37_4,ok,3,NoRef,0.9761209301840247,0.4563504570432421,51,53,51,(0.0025 + (0.008 * abs(((0.01 + (30.0 * (-2.6571366887356653 + (0.8822946483881516 * x_0)))) + ((-0.1 + (0.6 * (((-0.7000000000000001 + (-0.07 * (-2.6571366887356653 + (0.8822946483881516 * x_0)))) * ((0.8 + (0.09000000000000001 * (-2.383406815788065 + (0.839276951330772 * x_1)))) * (3.0 + (-91.5 * arctan((-0.001 + (0.56 * (-2.764987122967051 + (0.900490337034228 * x_2))))))))))**2)) + ((0.2 + (-0.3 * (-2.383406815788065 + (0.839276951330772 * x_1)))) * (-20.0 + (-55.0 * (-2.383406815788065 + (0.839276951330772 * x_1)))))))))),0.008*Abs(26.46883945164455*x_0 + 11.6223657170787*x_1**2 - 70.20755215912833*x_1 + 0.6*(0.06176062538717062*x_0 + 0.51400043178850351)**2*(0.07553492561976949*x_1 + 0.5854933865790742)**2*(91.5*atan(0.504274588739168*x_2 - 1.549392788861549) - 3.0)**2 + 21.84329623436292) + 0.0025,9.355579614639282,,200
feynman_I_38_12,ok,4,NoRef,0.9776095467983107,0.18982726837033773,55,38,55,(((0.00262 + inv(((0.0005099999999999999 + (-36.6 * exp((-0.00022999999999999998 + (-2.669105088819141 + (0.8929834841209456 * x_1)))))) * (-1.9000000000000001 + (-0.777 * (-2.5586279912186 + (0.8454003566144559 * x_0))))))) * (34.1 + (13.9 * (-2.6009675945637225 + (0.8457372940431475 * x_3))))) * (0.020200000000000003 + (24.5 * ((-0.163 + (-0.06620000000000001 * (-2.698955835159459 + (0.8870284288875848 * x_2)))))**2))),(11.75574838719975*x_3 - 2.0534495644357423)*(0.00262*(0.6568760770894323*x_0 - 0.088053949176852197)*(2.5363173115232793*exp(0.8929834841209456*x_1) - 0.0005099999999999999) + 1)*(24.5*(0.05872128199235812*x_2 - 0.01567087628755621)**2 + 0.020200000000000003)/((0.6568760770894323*x_0 - 0.088053949176852197)*(2.5363173115232793*exp(0.8929834841209456*x_1) - 0.0005099999999999999)),10.760551691055298,,200
feynman_I_39_1,ok,2,NoRef,0.99989213043026,0.07623379578118272,15,15,15,((-0.159 + (-0.059800000000000006 * (-2.7062751395259212 + (0.8763906451326979 * x_0)))) * ((-27.3 + (-34.5 * (-2.5210522670128928 + (0.8376322027194677 * x_1)))) + ((0.747 + (-0.004399999999999999 * (-2.5210522670128928 + (0.8376322027194677 * x_1)))) + (-61.0 + (0.383 * (-2.7062751395259212 + (0.8763906451326979 * x_0))))))),(0.05240816057893534*x_0 - 0.0028352533436501015)*(-0.3356576170858233*x_0 + 28.9019965755136*x_1 + 1.6021075365187702),2.6231534481048584,,200
feynman_I_39_11,ok,3,NoRef,0.9996202801739816,0.05994819145019529,25,23,25,((0.02 + (0.007699999999999999 * (-2.6135216143256805 + (0.855921153581978 * x_1)))) * ((0.2 + (0.07500000000000001 * (-2.625098388323601 + (0.8546158887138439 * x_2)))) * (0.01 + (9.0 * inv((0.0097 + (0.0031999999999999997 * (-4.32559571055069 + (1.2368194563105266 * x_0))))))))),(3.9578222601936848e-5*x_0 + 8.9999585809372624)*(0.006590592882581229*x_1 - 0.00012411643030773667)*(0.0640961916535383*x_2 + 0.003117620875729914)/(0.0039578222601936847*x_0 - 0.0041419062737622069),10.942831993103027,,200
feynman_I_39_22,ok,4,NoRef,0.9992038373765985,0.2554907026437008,49,41,49,((((2.56 + (-2.515464031129917 + (0.8571865699921215 * x_3))) * (-0.8390000000000001 + (-0.315 * (-2.673320419181644 + (0.862997113312146 * x_1))))) * ((0.441 + (-0.0036999999999999997 * (-2.8938465905050474 + (0.9115319998776715 * x_2)))) * ((-2.6 + (-0.928 * (-2.7095154921239692 + (0.8898156980890322 * x_0)))) * (-0.055600000000000004 + (3.62 * inv((1.02 + (0.34900000000000003 * (-2.8938465905050474 + (0.9115319998776715 * x_2)))))))))) + (-0.00694 + (0.00295 * (-2.673320419181644 + (0.862997113312146 * x_1))))),((0.8257489678266219*x_0 + 0.085569623308956542)*(0.271844090693326*x_1 - 0.003095932042217753)*(0.0033726683995473843*x_2 - 0.45170723238486868)*(0.017687731538426292*x_2 - 3.6194413567807963)*(0.8571865699921215*x_3 + 0.04453596887008304) + (0.00254584148427083*x_1 - 0.01482629523658585)*(0.31812466795730738*x_2 + 0.010047539913738388))/(0.31812466795730738*x_2 + 0.010047539913738388),11.194774627685547,,200
feynman_I_40_1,ok,6,NoRef,0.4971990672916843,0.47608629356201976,57,57,57,((0.00878 + (0.00312 * (-2.750630136878482 + (0.8784863640556843 * x_0)))) * (1e-05 + (0.00217 * ((-0.0495 + (0.01 * (((-52.7 + (0.0267 * (-2.505577383670409 + (0.8487705948021765 * x_5)))) + ((-5.22 + (-0.00148 * (-2.750630136878482 + (0.8784863640556843 * x_0)))) - (0.8260000000000001 + (0.0023699999999999997 * (((-0.875 + (2.19 * (-2.7566779457259827 + (0.9431878324167259 * x_3)))) + (((-6.09 + (-2.505577383670409 + (0.8487705948021765 * x_5))) - (-0.00564 + (0.515 * (-2.685752135038517 + (0.8737632076877316 * x_1))))) * ((2.6 + (0.517 * (-2.604274673300914 + (0.8774717798506494 * x_2)))) - (-0.007019999999999999 + (-0.5760000000000001 * (-2.632057227943042 + (0.8533082368996687 * x_4))))))))**3)))))**2)))**3))),(0.002740877455853735*x_0 + 0.000198033972939136)*(0.00217*(0.01*(-0.001300159818802413*x_0 + 0.02266217488121811*x_5 - 0.0023699999999999997*(2.06558135299263*x_3 + (-0.4499880519591818*x_1 + 0.8487705948021765*x_5 - 7.206775034125573)*(0.4536529101827858*x_2 + 0.4915055444542092*x_4 - 0.2554549693917649) - 6.912124701139902)**3 - 58.80882798354142)**2 - 0.0495)**3 + 1.0e-5),13.657936096191406,,200
feynman_I_41_16,ok,5,NoRef,0.9727913110600704,0.4554487050073764,62,48,62,(((-0.012 + inv((0.00811 + (-0.9580000000000001 * ((((0.93 * (-2.5141252122709137 + (0.8254257004395766 * x_4))) + (2.4 + (0.0403 * (-2.699004118830948 + (0.8588094739086412 * x_2))))) + (0.0689 + (-0.020100000000000003 * (-2.5141252122709137 + (0.8254257004395766 * x_4))))))**2)))) * ((-0.0604 + (-0.0204 * (-2.7023065522833383 + (0.9018351501921328 * x_1)))) * (-0.375 + (0.331 * sin((-0.0038599999999999997 + (-0.526 * (-2.4195199750154344 + (0.8276034912250019 * x_3))))))))) * (-7.2700000000000005 + (-3.2 * ((8.23 + (3.25 * (-2.7591720371449497 + (0.8901706115839029 * x_0)))))**2))),(0.01839743706391951*x_1 + 0.005272946333419897)*(3.2*(2.893054487647684*x_0 - 0.73730912072108609)**2 + 7.2700000000000005)*(0.011496*(0.03461002179851824*x_2 + 0.75105484482997078*x_4 + 0.072527603365808209)**2 + 0.99990268)*(0.331*sin(0.435319436384351*x_3 - 1.2688075068581186) + 0.375)/(0.9580000000000001*(0.03461002179851824*x_2 + 0.75105484482997078*x_4 + 0.072527603365808209)**2 - 0.00811),12.414715766906738,,200
feynman_I_43_16,ok,4,NoRef,0.9991703344305435,0.28309912266840154,31,29,31,(((2.5 + (-2.5394232640311034 + (0.8623533219956532 * x_0))) * (0.2 + (0.08 * (-2.5325929527992206 + (0.8680939467859502 * x_2))))) * ((0.2 + (0.07700000000000001 * (-2.569119086945987 + (0.8611156813888292 * x_1)))) * (0.02 + (0.8 * inv((0.009 + (0.0036 * (-2.5275619323503817 + (0.8733293130547708 * x_3))))))))),(0.8623533219956532*x_0 - 0.039423264031103401)*(0.06630590746693986*x_1 + 0.002177830305158987)*(0.06944751574287602*x_2 - 0.0026074362239376411)*(6.28797105399435e-5*x_3 + 0.79999801554087082)/(0.003143985526997175*x_3 - 9.9222956461374545e-5),11.86389946937561,,200
feynman_I_43_31,ok,3,NoRef,0.9999068090997737,0.17452515519269815,17,17,17,((-73.9 + (-27.900000000000002 * (-2.620848157697589 + (0.877041434042821 * x_0)))) * ((-0.865 + (-0.334 * (-2.5655275384794733 + (0.8491796334579955 * x_2)))) * ((0.445 + (-0.00531 * (-2.766978367774217 + (0.8922886932012777 * x_1)))) - (0.0052499999999999995 + (-0.163 * (-2.766978367774217 + (0.8922886932012777 * x_1))))))),(24.469456009794707*x_0 + 0.77833640023726747)*(0.1407050040309095*x_1 + 0.0034251811856837091)*(0.2836259975749705*x_2 + 0.0081138021478558593),8.147011041641235,,200
feynman_I_43_43,ok,4,NoRef,0.9992937231979981,0.049049364968063995,54,40,54,(((0.632 + inv(((0.9 + (0.336 * (-2.5887400075603013 + (0.8587029602822143 * x_2)))) * (-0.00171 + (-0.0005899999999999999 * (-3.9875563203078572 + (1.133381419000807 * x_0))))))) * (-0.0042 + (-0.00179 * (-2.3535395914566313 + (0.8333798952873859 * x_1))))) * ((0.09540000000000001 + (0.034300000000000004 * (-2.721103044426544 + (0.8903757010329937 * x_3)))) * (4.44 + (-8.72 * arctan((0.012600000000000002 + (0.0199 * (-2.5887400075603013 + (0.8587029602822143 * x_2))))))))),(0.001491750012564421*x_1 - 1.2835868707370105e-5)*(0.030539886545431687*x_3 + 0.002066165576169541)*(0.632*(0.000668695037210476*x_0 - 0.00064265822898163539)*(0.288524194654824*x_2 + 0.030183357459738731) - 1)*(8.72*atan(0.01708818890961607*x_2 - 0.038915926150449997) - 4.44)/((0.000668695037210476*x_0 - 0.00064265822898163539)*(0.288524194654824*x_2 + 0.030183357459738731)),8.726250410079956,,200
feynman_I_44_4,ok,5,NoRef,0.9844500955069191,2.7902093443919944,55,49,55,((-2.27 + (0.308 * (-2.672702249888496 + (0.8826010950824924 * x_3)))) * ((((-5.65 + (-2.74648864990375 + (0.8845625750500153 * x_4))) * (((2.32 + (-2.499546494011863 + (0.8393835285754679 * x_2))) - (0.0038699999999999997 + (0.0056099999999999995 * inv((-0.00257 + (-4.82 * (-2.499546494011863 + (0.8393835285754679 * x_2)))))))) * (-0.009949999999999999 + (-0.00378 * (-2.735022369041267 + (0.8893477651640194 * x_1)))))) * (-7.07 + (-2.52 * (-2.772098215480759 + (0.9125155363496182 * x_0))))) * ((0.405 + (5.22 * (-2.74648864990375 + (0.8845625750500153 * x_4)))) + (0.04700000000000001 + (-4.86 * (-2.672702249888496 + (0.8826010950824924 * x_3))))))),(2.299539151601038*x_0 + 0.08431249698848753)*(0.003361734552319993*x_1 - 0.0003883845549759902)*(0.2718411372854077*x_3 - 3.093192292965657)*(0.8845625750500153*x_4 - 8.39648864990375)*((0.18341649401186318 - 0.8393835285754679*x_2)*(4.045828607733756*x_2 - 12.04524410113718) - 0.0056099999999999995)*(4.289441322100913*x_3 - 4.61741664176108*x_4 + 0.8953378180394846)/(4.045828607733756*x_2 - 12.04524410113718),13.353041410446167,,200
feynman_I_47_23,ok,3,NoRef,0.9969130321272639,0.03726708860713833,35,31,35,(-0.00936 + (0.09240000000000001 * sqrt((((0.0117 + inv((2.48 + (-2.5724828174692225 + (0.8432476442733219 * x_2))))) * (10.700000000000001 + (4.2 * (-2.592997202582427 + (0.837398763532969 * x_0))))) * (76.0 + (28.6 * (-2.6165659297933477 + (0.8878935966391123 * x_1)))))))),0.09240000000000001*sqrt((3.51707480683847*x_0 - 0.19058825084619276)*(25.39375686387861*x_1 + 1.1662144079102521)*(0.009865997437997867*x_2 + 0.9989179510356101)/(0.8432476442733219*x_2 - 0.092482817469222517)) - 0.00936,8.121387958526611,,200
feynman_I_48_2,ok,3,NoRef,0.999120028462551,2.7403307158638825,23,25,23,((2.3000000000000003 + (0.9 * (-2.552294993039161 + (0.8647831399427154 * x_0)))) * ((56.0 + (0.7000000000000001 * (-4.937743544426889 + (3.2843729845807 * x_1)))) - ((0.4 + (0.07 * (-3.391832487704957 + (0.5210116748906156 * x_2)))) * (0.1 + (-79.2 * (-3.391832487704957 + (0.5210116748906156 * x_2))))))),(0.7783048259484439*x_0 + 0.0029345062647553113)*(2.29906108920649*x_1 + (0.0364708172423431*x_2 + 0.162571725860653)*(41.26412465133676*x_2 - 268.7331330262326) + 52.54357951890118),6.512951135635376,,200
feynman_I_50_26,ok,4,NoRef,0.14062746807206206,1.8400632568202595,57,57,57,((-0.0211 + (-0.00629 * (-3.6514817749949793 + (1.80323135783928 * x_0)))) * ((19.0 + (-1.28 * (((((-5.8 + (0.056900000000000006 * sqrt((-0.872 + (5.21 * abs((8.1 + (-0.06530000000000001 * (-3.3181470678994196 + (1.6324912473197704 * x_1)))))))))) + (-0.551 + (-2.74 * (-3.536023516680619 + (1.75533069780533 * x_2))))) - (((-0.872 + (3.88 * sin((-5.22 * (-3.3181470678994196 + (1.6324912473197704 * x_1)))))) + (0.068 + (0.07680000000000001 * (-3.3328522910623977 + (1.7072811432647408 * x_3))))) - (0.0631 + (-5.34 * (-3.3328522910623977 + (1.7072811432647408 * x_3)))))) + ((0.7100000000000001 + (3.2600000000000002 * (-3.3328522910623977 + (1.7072811432647408 * x_3)))) - (-0.0855 + (3.2800000000000002 * (-3.3181470678994196 + (1.6324912473197704 * x_1)))))))**2)) + (-0.315 + (0.00845 * (-3.6514817749949793 + (1.80323135783928 * x_0)))))),(0.0018678203647184176 - 0.0113423252408091*x_0)*(0.0152373049737419*x_0 - 1.28*(-5.3545712912088472*x_1 - 4.8096061119866*x_2 - 3.6822639697933924*x_3 + 0.056900000000000006*sqrt(5.21*Abs(0.10660167844998102*x_1 - 8.3166750035338318) - 0.872) + 3.88*sin(8.5216043110092011*x_1 - 17.320727694434969) + 23.072122639778372)**2 + 18.654144979001292),13.62246584892273,,200
feynman_I_6_2,ok,2,NoRef,0.867000360777876,0.015650344827539117,34,34,34,((0.030000000000000002 + (-0.006 * (-3.514115234431094 + (1.739810398745664 * x_0)))) * (4.1 + (-3.0 * sin(((0.01 + (-0.003 * (-3.514115234431094 + (1.739810398745664 * x_0)))) * ((3.0 + (37.9 * (-3.405357073342636 + (1.6986630633987225 * x_1)))) + ((0.3 + (-0.09000000000000001 * (-3.405357073342636 + (1.6986630633987225 * x_1)))) * (0.01 + (-83.4 * (-3.514115234431094 + (1.739810398745664 * x_0))))))))))),(0.01043886239247398*x_0 - 0.051084691406586567)*(-3.0*sin((0.005219431196236992*x_0 - 0.02054234570329328)*(64.37933010281158*x_1 + (145.1001872553884*x_0 - 293.0872105515533)*(0.15287967570588504*x_1 - 0.6064821366008373) - 126.0630330796859)) - 4.1),6.021235227584839,,200
feynman_I_6_2a,ok,1,NoRef,0.9995137581978907,0.001587878079677431,17,21,17,((0.0073 + (-0.00323 * (-3.3043792546673862 + (1.6591429555496728 * x_0)))) * ((-7.3 + (-0.016200000000000003 * (-3.3043792546673862 + (1.6591429555496728 * x_0)))) - (-8.0 + (-0.00896 * ((-27.7 + (11.200000000000001 * (-3.3043792546673862 + (1.6591429555496728 * x_0)))))**2)))),-0.016580514381809781*x_0**3 + 0.17122769657388799*x_0**2 - 0.59286410319575079*x_0 + 0.68785720815377221,3.7735791206359863,,200
feynman_I_6_2b,ok,3,NoRef,0.9633328217107746,0.010442244477034348,25,25,25,(0.030000000000000002 + (-9.0 * inv(((-52.6 + (-15.9 * (-3.648690234065757 + (1.810834389535367 * x_0)))) + (0.01 + (-0.0006 * (((0.9 + (73.10000000000001 * (-3.5208095926375687 + (1.7955920545817259 * x_1)))) + (-9.0 + (-73.10000000000001 * (-3.504008249416157 + (1.7339598113329304 * x_2))))))**2)))))),0.030000000000000002 + 9.0/(28.79226679361234*x_0 + 0.0006*(-131.25777918992418*x_1 + 126.75246220843723*x_2 + 9.3281781894851972)**2 - 5.424174721645536),5.232260704040527,,200
feynman_I_8_14,ok,4,BFGS,1.6823062880533257e-06,0.9495576833380343,34,34,34,(2.0659408914579136 + (2.093485503271707e-08 * abs(((((((0.260940889319557 + (-2.8502199266344257 + (0.9130456171320038 * x_0))) + (0.22139088931955692 + (-0.1945730423679571 * (-2.599248084478257 + (0.8845884196557181 * x_2))))) * (-42.80150156400921 + (0.0884691451228377 * (-2.7225380020541645 + (0.925073228466846 * x_1))))) + (-0.0230112183601567 + (45.79920698036512 * (-2.7225380020541645 + (0.925073228466846 * x_1))))) - ((3.906111218360157 + (47.69497768369371 * (-2.6197762566691063 + (0.8822041138208964 * x_3)))) + (0.0864112183601567 + (3.3268059494447164 * (-2.599248084478257 + (0.8845884196557181 * x_2)))))) + (-0.0017812183601566955 + (47.10319405055528 * (-2.599248084478257 + (0.8845884196557181 * x_2)))))))),2.093485503271707e-8*Abs(-42.36762026254767*x_1 - 38.724085968596776*x_2 + 42.07670552115044*x_3 + (0.0818404376984854*x_1 - 43.04236217361538)*(-0.9130456171320038*x_0 + 0.1721170600558763*x_2 + 1.8621445403292925) + 117.54291916051375) + 2.0659408914579136,5.0833752155303955,,200
feynman_I_9_18,ok,9,NoRef,0.9821094667374687,0.01592452727927058,53,53,53,((0.04 + (0.008 * (-5.454952378167819 + (3.5597416854716295 * x_2)))) * ((0.04 + (0.008 * (-5.280887282031235 + (3.517700762370517 * x_1)))) * ((0.4 + (0.08 * (-5.0619378650438245 + (3.429332041613027 * x_0)))) * ((0.7000000000000001 + (-0.060000000000000005 * (-12.07450811257965 + (3.447755129551146 * x_3)))) * ((9.0 + (-0.9 * (-12.220849580979717 + (3.5095633051568256 * x_5)))) * (40.0 + (0.008 * (((60.0 + (8.2 * (-5.425315389628147 + (3.544367204983429 * x_4)))) - (((-8.6 * (-5.3254948363333385 + (3.5109234238146523 * x_8))) + (-0.1 + (-8.3 * (-5.392816095681697 + (3.542785928524673 * x_6))))) + (-0.1 + (8.8 * (-11.8704355229784 + (3.388706955506491 * x_7)))))))**2))))))),(0.2743465633290422*x_0 - 0.0049550292035059462)*(0.02814160609896414*x_1 - 0.00224709825624988)*(0.028477933483773037*x_2 - 0.003639619025342552)*(0.20686530777306878*x_3 - 1.4244704867547792)*(3.1586069746411431*x_5 - 19.998764622881746)*(0.008*(29.06381108086412*x_4 + 29.40512320675479*x_6 - 29.82062120845712*x_7 + 30.193941444806009*x_8 + 29.612617220634323)**2 + 40.0),11.22905421257019,,200
feynman_test_1,ok,7,NoRef,0.8454035982600829,3.414082533184976,38,38,38,(0.02 + (0.001 * exp(((6.0 + (0.4 * (-5.301254421293182 + (3.571895589168692 * x_2)))) + (((0.4 * (-5.46455807631665 + (3.5498345168665297 * x_4))) + (0.1 + (0.4 * (-5.138990131434707 + (3.418222117248415 * x_3))))) + (((0.43 * (-5.207970175488111 + (3.4354126422346773 * x_1))) + (0.1 + (0.4 * (-5.227781264550111 + (3.4955479802810143 * x_0))))) + (-0.1 + (0.9 * (((1.1 + (-0.5 * (-3.366539535406591 + (1.6550803839109154 * x_6)))) + (-0.2 + (-0.3 * (-3.537848367214543 + (1.7762555305867092 * x_5))))))**2)))))))),1.012790561439286e-5*exp(1.3982191921124058*x_0 + 1.4772274361609112*x_1 + 1.428758235667477*x_2 + 1.367288846899366*x_3 + 1.419933806746612*x_4 + 0.9*(0.53287665917601274*x_5 + 0.8275401919554577*x_6 - 3.644624277867658)**2) + 0.02,8.923373699188232,,200
feynman_test_10,ok,3,NoRef,0.9793974535485901,0.07258240070317469,47,41,47,((-0.0724 + (0.62 * sqrt((13.5 + (5.65 * (-3.3460345348848217 + (1.6375695874502416 * x_2))))))) - (((2.0 + (-3.3845826183045533 + (1.6813002149621212 * x_1))) * (0.004229999999999999 + (-0.0018599999999999999 * (-3.3460345348848217 + (1.6375695874502416 * x_2))))) * (0.515 + (-0.29600000000000004 * inv((0.012600000000000002 + (0.00249 * (-8.116061002775346 + (1.6342484134069302 * x_0))))))))),((0.002095678452932377*x_0 - 0.299918630826909)*(1.6813002149621212*x_1 - 1.3845826183045533)*(0.0030458794326574492*x_2 - 0.010453624234885767) + (0.0040692785493832562*x_0 - 0.0076089918969106097)*(0.62*sqrt(9.2522681690938656*x_2 - 5.4050951220992438) - 0.0724))/(0.0040692785493832562*x_0 - 0.0076089918969106097),5.0116283893585205,,200
feynman_test_11,ok,4,NoRef,0.9531375708974826,0.24857729270452794,52,48,52,((-55.1 + (0.248 * (-3.346469913588077 + (1.6850115584239587 * x_2)))) * ((-0.5640000000000001 + (-0.17300000000000001 * (-3.3954474918985897 + (1.6980452382715512 * x_0)))) * (((0.615 + (-3.665844595981015 + (1.777098795308299 * x_1))) - (5.5600000000000005 + (0.5840000000000001 * (-3.346469913588077 + (1.6850115584239587 * x_2))))) * (((0.301 * (-3.346469913588077 + (1.6850115584239587 * x_2))) * (0.0223 + (0.00844 * (-5.236612109883896 + (3.481438590813907 * x_3))))) + (-0.00984 + (-0.00438 * cos(((4.75 + (0.298 * (-3.346469913588077 + (1.6850115584239587 * x_2)))) + (0.8130000000000001 + (0.5920000000000001 * (-5.236612109883896 + (3.481438590813907 * x_3)))))))))))),-(0.29376182622097837*x_0 - 0.023412416098455954)*(0.41788286648914175*x_2 - 55.92992453856984)*(-1.777098795308299*x_1 + 0.98404675011959205*x_2 + 6.6565061664455782)*(-(0.50718847908561155*x_2 - 1.007287443990011)*(0.02938334170646937*x_3 - 0.02189700620742008) + 0.00438*cos(0.50213344441033967*x_2 + 2.061011645761833*x_3 + 1.465677596699486) + 0.00984),11.963696002960205,,200
feynman_test_12,ok,5,NoRef,0.9978298556103501,0.6755106096525381,41,41,41,(((2.4 + (-2.5428592207713114 + (0.8562284556356499 * x_2))) * (0.02 + (0.0073999999999999995 * (-2.6977268572244775 + (0.8745901392683244 * x_0))))) * ((0.02 + (0.2 * (-2.853922264819424 + (0.932495105440568 * x_4)))) + (0.02 + (0.9 * ((0.1 + (-9.0 * inv(((0.07 + (-0.0036 * (-8.932695855907657 + (1.8116048195913816 * x_3)))) * (7.8 + (2.1 * (-3.5635370620943165 + (1.7939317028206654 * x_1)))))))))**2)))),(0.0064719670305856002*x_0 + 3.6821256538868252e-5)*(0.8562284556356499*x_2 - 0.14285922077131149)*(0.186499021088114*x_4 + 0.9*(0.1 + 9.0/((3.7672565759233975*x_1 + 0.31657216960193486)*(0.0065217773505289736*x_3 - 0.1021577050812676)))**2 - 0.5307844529638848),11.382699966430664,,200
feynman_test_13,ok,5,NoRef,0.9413227043237041,0.0037006888754750962,47,43,47,((0.02 + (0.007699999999999999 * (-2.6250159024465325 + (0.8809471830218581 * x_0)))) * (-0.1 + (0.7000000000000001 * inv(((0.02 + (0.0075 * (-2.6325494804343417 + (0.8669522048421392 * x_4)))) * ((50.0 + (3.6 * (-8.806647690247798 + (1.7455943517050234 * x_2)))) + ((0.3 + (0.09000000000000001 * (-3.5940895997809497 + (1.8135393947013234 * x_1)))) * (30.0 + (-0.006999999999999999 * ((8.8 + (-75.4 * (-1.746642865264792 + (0.5896839391773017 * x_3)))))**2))))))))),-(0.1 - 0.7000000000000001/((0.006502141536316044*x_4 + 0.00025587889674243841)*(6.2841396661380844*x_2 - (0.16321854552311913*x_1 - 0.023468063980285522)*(0.006999999999999999*(140.4968720409653 - 44.46216901396855*x_3)**2 - 30.0) + 18.29606831510793)))*(0.006783293309268306*x_0 - 0.00021262244883829708),11.583277702331543,,200
feynman_test_14,ok,5,BFGS,0.0030294463704122476,13.31007100737188,72,61,72,(((3.1597272541832147 + (-2.82933830080293 + (0.9019774465276317 * x_2))) * ((-0.007251544124111914 + (-0.11372862461801984 * (-1.8362504524212548 + (0.5886238536748217 * x_1)))) * (((3.48149230810067 + (-2.4971016599479787 + (0.8755177320464741 * x_0))) - (-1.644092308100646 + (0.6385406504997656 * arctan(((-0.3086162502071897 + (21.353645251351736 * (-2.4971016599479787 + (0.8755177320464741 * x_0)))) - (((0.4102016326999699 + (-2.7717036158853623 + (0.8910307375402117 * x_4))) - (4.174798367300054 + (-0.024868852210504847 * (-2.7343051092784583 + (0.8676802164640326 * x_3))))) * (-0.39690861283990475 + (49.30871554294627 * (-2.82933830080293 + (0.9019774465276317 * x_2)))))))))) * (-0.4710134501669523 + (-2.9440857077030605e-06 * exp(((0.28970137276475344 + (2.1470914255164826 * (-2.7343051092784583 + (0.8676802164640326 * x_3)))) - (-3.774701372764399 + (3.9586738701278326 * (-2.82933830080293 + (0.9019774465276317 * x_2))))))))))) * (-0.009824798319992186 + (-0.29593360146050635 * (-1.8362504524212548 + (0.5886238536748217 * x_1))))),-(0.066943381295796035*x_1 - 0.20158269428397407)*(0.17419357692355209*x_1 - 0.53358341124851391)*(0.9019774465276317*x_2 + 0.33038895338028467)*(0.4710134501669523*exp(3.57063454901356*x_2 - 1.8629887528602099*x_3) + 0.035377298387001084)*(0.8755177320464741*x_0 + 0.6385406504997656*atan(-18.695495061388433*x_0 + (44.47534933698402*x_2 - 139.90794606189453)*(0.021578211069222881*x_3 + 0.8910307375402117*x_4 - 6.6042993801465207) + 53.630839253297882) + 2.6284829562533374)*exp(-3.57063454901356*x_2 + 1.8629887528602099*x_3),13.240756750106812,,200
feynman_test_15,ok,4,NoRef,0.945754235915541,0.30811246616230525,53,53,53,((9.65 + (3.88 * (-2.6083629970816253 + (0.8614753242282561 * x_2)))) * (0.25 + (-0.56 * inv((((-0.224 * sqrt((77.5 + (-3.44398841134359 + (1.7062541540257399 * x_1))))) * ((0.5800000000000001 + (0.037000000000000005 * ((-0.905 + (7.3 * (-1.6328865507846893 + (0.5623491845950379 * x_3)))))**2)) - (-1.8 + (0.259 * (-3.44398841134359 + (1.7062541540257399 * x_1)))))) + ((-0.0256 + (0.273 * (-2.775585808642215 + (0.2230513956628074 * x_0)))) * (-3.54 + (-2.39 * (-1.6328865507846893 + (0.5623491845950379 * x_3)))))))))),(0.25 + 0.56/((0.06089303101594642*x_0 - 0.7833349257593247)*(1.344014551182141*x_3 - 0.36259885637540759) + 0.224*sqrt(1.7062541540257399*x_1 + 74.0560115886564)*(-0.44191982589266665*x_1 + 0.037000000000000005*(4.105149047543777*x_3 - 12.825071820728232)**2 + 3.27199299853799)))*(3.342524258005634*x_2 - 0.47044842867670553),6.190737247467041,,200
feynman_test_16,ok,6,NoRef,0.9437885056457912,6.220195322914736,56,58,56,(((4.08 * (-2.497958180791681 + (0.846442877452173 * x_5))) + (0.00773 + (0.75 * (-2.8339070085508693 + (0.8963785096562519 * x_3))))) + (((0.5660000000000001 + (-90.8 * exp(((-0.00959 + (0.451 * (-2.5646829966487252 + (0.8976314789223115 * x_1)))) + (0.0006299999999999999 + (-0.0087 * (-2.497958180791681 + (0.846442877452173 * x_5)))))))) * (-0.464 + (-0.08650000000000001 * (-2.4906875140014773 + (0.8274788980025466 * x_0))))) - ((0.00033999999999999997 + (-0.00991 * (-2.4906875140014773 + (0.8274788980025466 * x_0)))) + ((-0.48700000000000004 + (-0.263 * (-2.754039946388614 + (0.9247900733006543 * x_4)))) * ((0.09200000000000001 + (-4.21 * (-2.635665760890794 + (0.8730170310102188 * x_2)))) - ((-2.22 + (-7.890000000000001 * (-2.754039946388614 + (0.9247900733006543 * x_4)))) - ((0.0644 + (15.9 * (-2.8339070085508693 + (0.8963785096562519 * x_3)))) + (-1.1 + (1.2 * (-2.5646829966487252 + (0.8976314789223115 * x_1))))))))))),0.008200315879205237*x_0 + 0.6722838822421889*x_3 + 3.45348694000487*x_5 + (0.07157692467722029*x_0 + 0.24855553003887221)*(28.926539348811451*exp(0.4048317969939625*x_1 - 0.0073640530338339*x_5) - 0.5660000000000001) + (0.2432197892780721*x_4 - 0.23731250590020548)*(1.077157774706774*x_1 - 3.675401700553021*x_2 + 14.25241830353441*x_3 + 7.296593678342163*x_4 - 57.493563355593217) - 12.334392347306965,12.515800952911377,,200
feynman_test_17,ok,6,NoRef,0.9774202638936602,164.87867575517512,54,44,54,((0.2 + (0.07 * (-2.609026883475403 + (0.9049875073710979 * x_0)))) * (0.2 + (0.006 * (((0.3 + (0.1 * (-2.7108630841762187 + (0.8830372164530217 * x_4)))) * (((4.0 + (-2.765478966339881 + (0.9329498472453334 * x_1))) + (-0.1 + (0.04 * (-2.4807409694030844 + (0.8117468840952684 * x_2))))) * ((60.0 + (6.2 * (-2.58308061810788 + (0.8667775591446114 * x_5)))) + (-3.0 + (9.0 * exp((-0.4 + (-0.8 * (-2.781416348213264 + (0.8769741774113623 * x_3)))))))))))**3))),(0.06334912551597686*x_0 + 0.01736811815672178)*(0.006*(0.08830372164530217*x_4 + 0.028913691582378104)**3*((5.374020866696591*x_5 + 40.9849001677311)*exp(0.7015793419290899*x_3) + 55.83258479814928)**3*(0.9329498472453334*x_1 + 0.03246987536381074*x_2 + 1.0352913948839956)**3 + 0.2*exp(2.10473802578727*x_3))*exp(-2.10473802578727*x_3),11.451571702957153,,200
feynman_test_18,ok,5,NoRef,0.8075741978279298,0.3414780978416355,86,86,86,(-0.216 + (0.08650000000000001 * abs(((0.0063999999999999994 + (17.900000000000002 * exp(((0.64 + (0.0036 * (((2.48 + (0.7110000000000001 * (-2.689919738378074 + (0.9109270103670807 * x_1)))) - (-0.062200000000000005 + (2.43 * (-2.391519112253692 + (0.8163618698332834 * x_2))))))**3)) - (-7.390000000000001 + (0.753 * sqrt((-0.007699999999999999 + (98.2 * sqrt(((2.29 + (-0.00122 * (-2.689919738378074 + (0.9109270103670807 * x_1)))) - ((0.0036599999999999996 + (-0.636 * (-2.8325456789844874 + (0.8985308040340149 * x_0)))) * (0.8210000000000001 + (-0.00469 * (-2.649399129385902 + (0.8900528640090624 * x_3)))))))))))))))) - (-0.0052699999999999995 + (-2.79 * (((-0.859 + (-0.49300000000000005 * (-2.649399129385902 + (0.8900528640090624 * x_3)))) + (0.00469 + (-0.609 * ((-0.0034 + (-0.06180000000000001 * abs((-9.83 + (-3.4 * (-2.6338575830760558 + (0.8934994887606297 * x_4))))))))**2))))**2)))))),0.08650000000000001*Abs(2.79*(-0.43879606195646781*x_3 - 0.609*(-0.06180000000000001*Abs(3.037898261786141*x_4 + 0.87488421754141059) - 0.0034)**2 + 0.45184377078724983)**2 + 54984.175951570621*exp(-0.753*sqrt(98.2*sqrt(-0.001111330952647838*x_1 - (0.83342568191682 - 0.004174347932202502*x_3)*(1.805159051834134 - 0.5714655913656335*x_0) + 2.293281702080821) - 0.007699999999999999) + 0.0036*(0.6476691043709945*x_1 - 1.983759343694879*x_2 + 6.4410585087896611)**3) + 0.011669999999999999) - 0.216,9.093068838119507,,200
feynman_test_19,ok,6,NoRef,0.8790488034549808,5.4344163919032145,99,59,99,(((2.1 + (-2.563942402759304 + (0.8359465135192651 * x_4))) * (0.01 + (0.0046 * (-2.586608786405093 + (0.8513854795762903 * x_5))))) * ((0.1 + (0.05 * (-2.5340806714331805 + (0.8433488361089256 * x_3)))) * ((-0.01 + (9.0 * inv(((0.02 + (0.008 * (-2.470148202109449 + (0.8643710414180056 * x_0)))) * (0.2 + (-0.060000000000000005 * (-2.586608786405093 + (0.8513854795762903 * x_5)))))))) + ((0.9 + (-9.0 * inv((2.0 + (-2.510605559071305 + (0.8605237995995644 * x_2)))))) * ((90.0 + (30.0 * (-2.469934740574904 + (0.8197279678209497 * x_1)))) + (0.02 + (-99.0 * (-2.5340806714331805 + (0.8433488361089256 * x_3))))))))),-(0.04216744180544628*x_3 - 0.026704033571659026)*(0.8359465135192651*x_4 - 0.4639424027593039)*(0.003916373206050935*x_5 - 0.001898400417463427)*(7.74471419639608*x_2 - (0.006914968331344045*x_0 + 0.000238814383124408)*(0.774471419639608*x_2 - 9.459545003164175)*(0.051083128774577422*x_5 - 0.3551965271843056)*(24.59183903462849*x_1 - 83.49153477478363*x_3 + 266.79594425463775) + 0.01*(0.006914968331344045*x_0 + 0.000238814383124408)*(0.8605237995995644*x_2 - 0.510605559071305)*(0.051083128774577422*x_5 - 0.3551965271843056) - 4.595450031641745)/((0.006914968331344045*x_0 + 0.000238814383124408)*(0.8605237995995644*x_2 - 0.510605559071305)*(0.051083128774577422*x_5 - 0.3551965271843056)),16.140870809555054,,200
feynman_test_2,ok,6,BFGS,0.11535057245829017,1.777156023543097,62,62,62,((-0.036539860530795935 + (-0.11933636810118217 * (-1.6813708131974574 + (0.5715451023570847 * x_5)))) - (0.754639860530796 + (-0.822073791486517 * ((((((-0.9066762741019382 * cos((0.7400786118459661 + (-47.49850688906095 * (-3.374365183451518 + (1.6756185087337063 * x_3)))))) - ((-51.79951020828703 + (-0.886092599542058 * (-3.374365183451518 + (1.6756185087337063 * x_3)))) * (-0.02414276705412742 + (0.0009096241242467287 * ((-7.633382665978467 + (-0.0018566383506959758 * (-1.5805657668478423 + (0.5708335569588892 * x_4)))))**2)))) + (1.7499838847080567 + (0.7388854175115316 * (-3.484219578395549 + (1.7515960242856556 * x_1))))) * (-0.16265124000072495 + (8.228562737281576 * ((0.0628341618756244 + (0.11803600614795468 * (-3.442291868563275 + (1.728032016896608 * x_2)))))**3))) - (0.945810009129532 + (0.20583009179004622 * (-3.694453183714725 + (1.849845799738913 * x_0))))))**2))),-0.0682061167213129*x_5 + 0.822073791486517*(-0.38075393075769192*x_0 + (8.228562737281576*(0.20396999777027055*x_2 - 0.34348022228516473)**3 - 0.16265124000072495)*(1.2942287597158455*x_1 - (-1.4847531602446364*x_3 - 48.80951019107826)*(0.0009096241242467287*(-0.0010598314737140694*x_4 - 7.6304481269599401)**2 - 0.02414276705412742) - 0.9066762741019382*cos(79.589377280525984*x_3 - 161.0173865242253) - 0.82445515317659114) - 0.18538037121150162)**2 - 0.59053103478327617,10.984064102172852,,200
feynman_test_20,ok,7,NoRef,0.3839786259130118,3.200357866042745,43,43,43,(0.001 + (0.1 * exp((((0.9 * (-2.5052288861366203 + (0.8487810534637035 * x_1))) + ((0.01 + (0.9 * (-2.5572280095030715 + (0.8621049992891755 * x_3)))) + ((0.1 + (-0.9 * (-2.6907610883925144 + (0.890707011566884 * x_4)))) + (-0.01 + (0.8 * (-2.7376235059154497 + (0.8673671831208826 * x_2))))))) + ((0.1 + (-0.8 * (-2.783570439639793 + (0.9233358890323494 * x_5)))) + (-0.1 + (0.006999999999999999 * (((5.0 + (-9.9 * (-2.4913618241411206 + (0.870112794150215 * x_0)))) - (0.001 + (3.0 * sin((0.08 + (-9.0 * (-1.6532529969200138 + (0.5406303341028174 * x_6)))))))))**2))))))),0.013563759677641772*exp(0.7639029481173332*x_1 + 0.6938937464967061*x_2 + 0.775894499360258*x_3 - 0.801636310410196*x_4 - 0.7386687112258796*x_5 + 0.006999999999999999*(-8.61411666208713*x_0 + 3.0*sin(4.865673006925357*x_6 - 14.959276972280124) + 29.663482058997095)**2) + 0.001,7.837774276733398,,200
feynman_test_3,ok,4,NoRef,0.9982511949537022,0.08139967187636249,29,27,29,((0.3 + (0.09300000000000001 * (-4.859006065813082 + (1.6427931891012966 * x_1)))) * ((0.2 + (0.057 * (-3.471159570853373 + (1.6737506595930596 * x_0)))) * (-66.9 + (-0.0006 * (((0.1 + (-69.9 * (-15.032047874287718 + (3.353815118292767 * x_3)))) + (0.3 + (61.1 * (-16.172015121786515 + (3.5941604003366345 * x_2))))))**2)))),-(0.095403787596804401*x_0 + 0.002143904461357742)*(0.1527797665864206*x_1 - 0.1518875641206167)*(0.0006*(219.60320046056837*x_2 - 234.4316767686644*x_3 + 63.030022471555483)**2 + 66.9),10.703520774841309,,200
feynman_test_4,ok,5,NoRef,0.964352316579175,0.09533161384192658,84,80,84,(-0.544 + (0.07 * sqrt(((-0.0796 + (-89.8 * inv((3.77 + (-3.434758293955252 + (1.7338496667716403 * x_0)))))) * ((((-84.2 + (-5.12 * (-3.631622653697142 + (1.8179962395743536 * x_4)))) - ((0.00066 + (-5.21 * (-3.4980833203229977 + (1.8537679695560751 * x_2)))) - ((0.011800000000000001 + (-10.9 * abs((0.645 + (-0.20500000000000002 * (-3.3956721904323857 + (1.6818367301853963 * x_3))))))) - (0.796 + (-2.45 * (((9.11 + (0.557 * (-3.631622653697142 + (1.8179962395743536 * x_4)))) * ((0.232 + (-0.0374 * (-8.409856081703799 + (0.8421415637065467 * x_1)))) * (0.00511 + (0.262 * (-3.631622653697142 + (1.8179962395743536 * x_4)))))))**2))))) - ((0.0007999999999999999 + (-0.00467 * ((-8.08 * (-3.3956721904323857 + (1.6818367301853963 * x_3))))**2)) + (0.00919 + (12.700000000000001 * (-8.409856081703799 + (0.8421415637065467 * x_1)))))) + (0.0010999999999999998 + (3.5700000000000003 * (-3.631622653697142 + (1.8179962395743536 * x_4))))))))),0.07*sqrt(-(0.13801443347502258*x_0 + 89.82668523980116)*(-10.695197859073144*x_1 + 9.6581311213871512*x_2 - 2.8178941713402477*x_4 + 2.45*(0.03149609448262485*x_1 - 0.5465286174557221)**2*(0.47631501476848066*x_4 - 0.9463751352686512)**2*(1.012623905442915*x_4 + 7.087186181890691)**2 + 0.00467*(13.589240779898002*x_3 - 27.437031298693677)**2 - 10.9*Abs(0.34477652968800628*x_3 - 1.3411127990386392) + 9.2154232519860041)/(1.7338496667716403*x_0 + 0.335241706044748)) - 0.544,9.49594497680664,,200
feynman_test_5,ok,4,NoRef,0.9539092250942217,0.6623861267893685,83,50,83,((-0.9510000000000001 + (-0.35000000000000003 * (-3.23468266994482 + (1.6591241874943665 * x_0)))) * (0.36200000000000004 + (-19.6 * inv((0.042 + (8.64 * sqrt((((-0.006829999999999999 + (0.00924 * (-3.5715645968617267 + (1.7740534831014714 * x_3)))) - (-0.009049999999999999 + (-0.023000000000000003 * (-3.463507310340305 + (1.7558292590522568 * x_1))))) - ((-0.9670000000000001 + (-0.12000000000000001 * (-3.5243486716001864 + (1.7355707966666627 * x_2)))) * (0.0937 + (0.00121 * abs((-8.13 + (12.700000000000001 * (-3.23468266994482 + (1.6591241874943665 * x_0)))))))))))))))),-(0.58069346562302832*x_0 - 0.18113893448068697)*(3.1276800000000006*sqrt(0.040384072958201912*x_1 + 0.016392254183857596*x_3 + (0.20826849559999954*x_2 + 0.54407815940797769)*(0.00121*Abs(21.070877181178456*x_0 - 49.210469908299217) + 0.0937) - 0.11044192501282938) - 19.584796000000001)/(8.64*sqrt(0.040384072958201912*x_1 + 0.016392254183857596*x_3 + (0.20826849559999954*x_2 + 0.54407815940797769)*(0.00121*Abs(21.070877181178456*x_0 - 49.210469908299217) + 0.0937) - 0.11044192501282938) + 0.042),10.879421710968018,,200
feynman_test_6,ok,7,NoRef,0.8683372498599419,0.18590348697544076,56,56,56,((-3.16 + (-0.058800000000000005 * arctan((5.68 + (0.924 * (-3.51997998884813 + (1.7280743807208145 * x_2))))))) - (-4.33 + (-8.45 * exp(((-0.034800000000000005 + (-0.321 * (-3.51997998884813 + (1.7280743807208145 * x_2)))) + (-0.376 + (-0.20700000000000002 * abs((((-2.4 * (-3.564003084010684 + (1.7270366227340548 * x_0))) - (0.0036899999999999997 + (-6.93 * (-3.464097052656947 + (1.740799776652784 * x_5))))) + (-0.00923 + (12.8 * sqrt((((0.668 * (-3.449152718312042 + (1.6976979855860372 * x_4))) + (0.060000000000000005 + (-0.433 * (-3.495416236538771 + (1.7382917673746647 * x_1))))) + ((-0.00946 + (0.521 * (-3.4017177863831747 + (1.6461681118362466 * x_3)))) + (3.37 + (-0.232 * (-3.4949213836164295 + (1.7467222493641044 * x_6)))))))))))))))))),17.344579169746598*exp(-0.55471187621138147*x_2 - 0.20700000000000002*Abs(4.1448878945617314*x_0 - 12.06374245220379*x_5 - 12.8*sqrt(-0.75268033527322981*x_1 + 0.85765358626668451*x_3 + 1.1340622543714729*x_4 - 0.40523956185247224*x_6 + 1.6685480088822213) + 15.465505173287001)) - 0.058800000000000005*atan(1.5967407277860327*x_2 + 2.42753849030433) + 1.17,9.38478422164917,,200
feynman_test_7,ok,5,NoRef,0.9972482214373999,0.061415222615207404,38,36,38,(-0.1 + (0.9 * sqrt((((3.6 + (-3.5817515635104775 + (1.71294374453043 * x_1))) + (0.01 + (-0.02 * (-5.4674033515100415 + (3.6309111090818504 * x_2))))) * ((12.8 + (3.2 * (-4.01008885957154 + (1.9368236560367404 * x_0)))) - (0.1 + (0.09000000000000001 * exp(((1.0 + (-0.9 * (-3.6016316191425464 + (1.7889994255916244 * x_4)))) + (-0.1 + (0.5 * (-5.4800875475190685 + (3.679942846274682 * x_3))))))))))))),0.9*sqrt(-(-6.1978356993175696*x_0 + 0.3654883314559212*exp(1.839971423137341*x_3 - 1.610099483032462*x_4) + 0.132284350628927)*(1.71294374453043*x_1 - 0.07261822218163701*x_2 + 0.13759650351972342)) - 0.1,8.778743982315063,,200
feynman_test_8,ok,4,NoRef,0.916715200343212,0.1371720318446739,43,43,43,((0.030000000000000002 + (0.008 * (-3.3653065153557096 + (1.6809530999057976 * x_0)))) * ((60.0 + (-2.0 * (-3.3653065153557096 + (1.6809530999057976 * x_0)))) + (0.02 + (-0.002 * (((70.0 + (-30.0 * (-3.3575040445859767 + (1.7014291673085824 * x_2)))) - ((0.1 + (14.5 * (-3.4363172184011948 + (1.7384611621281187 * x_1)))) + ((0.1 + (9.0 * (-3.3653065153557096 + (1.6809530999057976 * x_0)))) + ((-0.2 + (0.05 * (-3.4646197585343543 + (1.7925414576254786 * x_3)))) * (-0.001 + (87.4 * (-3.4646197585343543 + (1.7925414576254786 * x_3)))))))))**2)))),-(0.013447624799246381*x_0 + 0.0030775478771543247)*(3.3619061998115952*x_0 + 0.002*(15.128577899152178*x_0 + 25.207686850857721*x_1 + 51.042875019257472*x_2 + (0.089627072881273935*x_3 - 0.37323098792671774)*(156.66812339646684*x_3 - 302.80876689590259) - 250.63947964259801)**2 - 66.750613030711419),12.594685316085815,,200
feynman_test_9,ok,5,NoRef,0.6092157647395886,6731.381569255127,95,73,95,(((-3.52 + exp(((((((2.91 * inv(((-53.5 + (0.0917 * (-5.657145228365777 + (3.711512297913349 * x_0)))) - (90.60000000000001 + (65.2 * (-5.229820704398722 + (3.505187093079862 * x_1))))))) - (0.00938 + (1.94 * (-5.185088551029865 + (3.40858213908487 * x_4))))) + (0.902 + (49.6 * inv((4.83 + (0.883 * (-5.229820704398722 + (3.505187093079862 * x_1)))))))) - (-0.07790000000000001 + (-0.0166 * (-5.657145228365777 + (3.711512297913349 * x_0))))) + (0.07740000000000001 + (0.09140000000000001 * (-5.657145228365777 + (3.711512297913349 * x_0))))) * (0.389 + (0.0335 * (-5.657145228365777 + (3.711512297913349 * x_0))))))) * (-0.00172 + (0.934 * cos((2.23 + (0.014300000000000002 * (-2.5627625663383364 + (0.8211078402482829 * x_3)))))))) * (-0.0017 + (-0.061700000000000005 * (((-0.788 + (-0.299 * (-2.4930593469502407 + (0.8452017443213172 * x_2)))) * (5.11 + (1.82 * (-2.5627625663383364 + (0.8211078402482829 * x_3))))))**3))),(0.061700000000000005*(0.2527153215520738*x_2 + 0.042575255261878094)**3*(1.494416269251875*x_3 + 0.44577212926422791)**3 - 0.0017)*(exp((0.1243356619800972*x_0 + 0.1994856348497465)*(16.88114561484525*x_0 - 11326.48796066155*x_1 + (3.095080203189518*x_1 + 0.2120683180159285)*(0.3403456777186541*x_0 - 228.538198468807*x_1 + 196.3655497093555)*(0.4008433281746417*x_0 - 6.61264934982465*x_4 + 10.49602010433443) + 9740.348384389461)/((3.095080203189518*x_1 + 0.2120683180159285)*(0.3403456777186541*x_0 - 228.538198468807*x_1 + 196.3655497093555))) - 3.52)*(0.934*cos(0.011741842115550447*x_3 + 2.1933524953013618) - 0.00172),10.863272428512573,,200
first_principles_absorption,ok,1,NoRef,0.9907111042651774,0.1071156635763307,15,15,15,(0.792 + (2.22 * tan((0.0776 + (0.537 * arctan((0.9700000000000001 + (2.41 * (-0.748484636380034 + (0.08019887424858779 * x_0)))))))))),2.22*tan(0.537*atan(0.1932792869390966*x_0 - 0.833847973675882) + 0.0776) + 0.792,3.7344086170196533,,14
first_principles_bode,ok,1,BFGS,0.03863401865100424,5.962679696763234,28,28,28,((-0.8052390744664426 + (-6.498807510678238 * log((0.44692079872539925 + (0.022974421870830437 * cos((((-0.08941497020041038 + (-0.8292052721491802 * (0.3659119885901363 + (0.0030116213052686115 * x_0)))) - (0.01597497020041036 + (-0.010594727850819927 * (0.3659119885901363 + (0.0030116213052686115 * x_0))))) - ((-0.04418502979958965 + (-5.098794727850819 * (0.3659119885901363 + (0.0030116213052686115 * x_0)))) - ((0.3836850297995896 + (47.80879472785083 * (0.3659119885901363 + (0.0030116213052686115 * x_0)))) + (0.04908502979958965 + (43.07417420160655 * cos((3.856157255593732 + (0.23241001460418625 * (0.3659119885901363 + (0.0030116213052686115 * x_0)))))))))))))))) + (0.026250925533557443 + (0.2908987783247959 * (0.3659119885901363 + (0.0030116213052686115 * x_0))))),0.00087607695847956631*x_0 - 6.498807510678238*log(0.022974421870830437*cos(0.15687227865926955*x_0 + 43.07417420160655*cos(0.00069993095153975646*x_0 + 3.9411988662058124) + 19.431547006099199) + 0.44692079872539925) - 0.67254479847761786,3.7437527179718018,,8
first_principles_hubble,ok,1,NoRef,0.5452264653052565,226.82342587375814,74,74,74,(0.00792 + (-44.800000000000004 * inv((-0.00904 + (0.031100000000000003 * inv((((0.004399999999999999 + cos((16.6 + (0.38 * sqrt((-0.771 + (4.12 * (((-0.0072699999999999996 + (0.00639 * arctan((-64.6 + (0.00324 * (-1.4730662843564242 + (1.6521438540845628 * x_0))))))) - (0.772 + (-52.800000000000004 * arctan((((64.2 + (-1.4730662843564242 + (1.6521438540845628 * x_0))) * (-0.00449 + (0.7200000000000001 * (-1.4730662843564242 + (1.6521438540845628 * x_0))))) * (-2.58 + (0.318 * (-1.4730662843564242 + (1.6521438540845628 * x_0))))))))))**2))))))) - (1.68 + (1.17 * (-1.4730662843564242 + (1.6521438540845628 * x_0))))) * (0.225 + (0.0047599999999999995 * (-1.4730662843564242 + (1.6521438540845628 * x_0))))))))))),0.00792 + 44.800000000000004/(0.00904 - 0.031100000000000003/((0.0078642047454425181*x_0 + 0.21798820448646343)*(-1.9330083092789384*x_0 + cos(0.38*sqrt(4.12*(52.800000000000004*atan((0.52538174559889098*x_0 - 3.048435078425343)*(1.1895435749408854*x_0 - 1.0650977247366256)*(1.6521438540845628*x_0 + 62.726933715643579)) + 0.00639*atan(0.0053529460872339832*x_0 - 64.604772734761309) - 0.77927000000000002)**2 - 0.771) + 16.6) + 0.047887552697016269))),8.310592412948608,,32
first_principles_ideal_gas,ok,3,NoRef,0.8481080410782547,0.5233275897807098,70,70,70,(-0.00146 + (3.41 * sqrt(((-0.007809999999999999 + (-7.17 * abs((0.033800000000000004 * (-1.6525414953354425 + (0.03695931216347938 * x_0)))))) + ((-0.0093 + (-0.9740000000000001 * (-1.7269481113159797 + (0.03158325643002412 * x_2)))) - ((0.32 + (-0.87 * (-1.6525414953354425 + (0.03695931216347938 * x_0)))) + (-23.0 + (6.23 * (((0.927 + (-0.0055 * cos(((-1.31 + (-45.9 * (-14.525050446141405 + (0.04080730581327434 * x_1)))) * (((0.006549999999999999 * (-1.7269481113159797 + (0.03158325643002412 * x_2))) + (0.5700000000000001 + (64.3 * (-14.525050446141405 + (0.04080730581327434 * x_1))))) + (0.00566 + (-41.4 * (-1.6525414953354425 + (0.03695931216347938 * x_0))))))))) + (0.48100000000000004 + (-6.29 * exp((-6.07 + (98.9 * ((-0.00123 + (-0.111 * (-1.7269481113159797 + (0.03158325643002412 * x_2)))))**3)))))))**3)))))))),3.41*sqrt(0.03215460158222706*x_0 - 0.0307620917628435*x_2 - 6.23*(-0.0145372794946874*exp(98.9*(0.19046124035607375 - 0.003505741463732677*x_2)**3) - 0.0055*cos((665.38981547789047 - 1.873055336829292*x_1)*(-1.530115523568046*x_0 + 2.62390976379354*x_1 + 0.000206870329616658*x_2 - 864.9811772901341)) + 1.4080000000000001)**3 - 7.17*Abs(0.0012492247511256032*x_0 - 0.055855902542337963) + 22.907226359479929) - 0.00146,7.467603445053101,,30
first_principles_kepler,ok,1,NoRef,0.9998125382652291,53.045114132124084,17,17,17,((5.3100000000000005 + (-0.0918 * (-0.9263602581597056 + (0.3029466151936684 * x_0)))) * ((-5.95 + (-2.24 * (-0.9263602581597056 + (0.3029466151936684 * x_0)))) * (((0.36300000000000004 * (-0.9263602581597056 + (0.3029466151936684 * x_0))) + (-61.4 + (6.99 * (-0.9263602581597056 + (0.3029466151936684 * x_0))))) + (-0.00094 + (-79.9 * (-0.9263602581597056 + (0.3029466151936684 * x_0))))))),-0.41477108338979254*x_0**3 + 78.203749993344492*x_0**2 + 438.83647481657613*x_0 - 121.32977051029234,7.49850869178772,,6
first_principles_leavitt,ok,1,NoRef,0.859124424497643,0.37059084156035516,14,14,14,((14.0 + (-1.0 * (-1.7400037114235716 + (2.09864284243919 * x_0)))) + (-0.3 + (0.3 * sin((0.3 + (30.0 * (-1.7400037114235716 + (2.09864284243919 * x_0)))))))),-2.09864284243919*x_0 + 0.3*sin(62.9592852731757*x_0 - 51.900111342707148) + 15.440003711423572,4.807979345321655,,26
first_principles_newton,ok,3,BFGS,6.995143177923602e-06,10.873880275657829,98,98,98,(((-1.9419127215199974 + inv(((-0.21881965178938417 + (-1.0363592368464745 * sqrt((54.39949127776323 + (-0.27162048092758545 + (5.186968952067431e-30 * x_1)))))) * ((23.56733979898838 + (-3.9284530275577048 * (-0.2899960593046727 + (2.629351402398742e-30 * x_2)))) * (28.196578462380845 + (-0.03521234502700371 * (-0.2899960593046727 + (2.629351402398742e-30 * x_2)))))))) - (-2.9440872784796883 + (-6.841859207009363e-05 * (-0.2899960593046727 + (2.629351402398742e-30 * x_2))))) * ((-4.285384496259508 + (75.43529912750462 * inv((((10.468988016574807 + (-4.049808989048506 * inv((4.171209917596448 + (-32.002001012348835 * ((-13.28855880191369 + (9.458834300798625 * (-0.613759874811038 + (7.12682274600027e-13 * x_0)))))**2))))) + (10.47880801657478 + (23.95849686885688 * sqrt((27.614385523164405 + (0.014703334681017562 * (-0.27162048092758545 + (5.186968952067431e-30 * x_1)))))))) - (-9.675408016574782 + (-0.0005446936924480294 * sin((-16.04233182278042 + (78.64945392113619 * (-0.613759874811038 + (7.12682274600027e-13 * x_0))))))))))) * (-9.273257775760433 + (75.21497872577469 * inv((-27.840776161328733 + (4.936232925831576e-05 * (-0.613759874811038 + (7.12682274600027e-13 * x_0))))))))),(-9.273257775760433 + 75.21497872577469/(3.517965709537194e-17*x_0 - 27.840806457945759))*(-4.285384496259508 + 75.43529912750462/(23.95849686885688*sqrt(7.6265740482294378e-32*x_1 + 27.610391796327108) + 0.0005446936924480294*sin(5.605207171656535e-11*x_0 - 64.31421081537347) + 30.623204049724369 - 4.049808989048506/(4.171209917596448 - 32.002001012348835*(6.74114354455792e-12*x_0 - 19.09401175823021)**2)))*(1.798965210096481e-34*x_2 + 1.0021547158376074 + 1/((24.706575696143625 - 1.0329283477266435e-29*x_2)*(28.206789903677553 - 9.258562877850057e-32*x_2)*(-1.0363592368464745*sqrt(5.186968952067431e-30*x_1 + 54.127870796835644) - 0.21881965178938417))),6.6069512367248535,,30
first_principles_planck,ok,2,NoRef,0.7091431023547108,107.19874744585655,39,37,39,((-14.200000000000001 + (8.1 * cos(((-0.548 + (16.1 * (-0.34842883289438253 + (6.020477322376928e-16 * x_0)))) - (-0.7030000000000001 + (-9.6 * (-0.34842883289438253 + (6.020477322376928e-16 * x_0)))))))) - (12.0 + (5.61 * abs((((-14.9 + (-0.34842883289438253 + (6.020477322376928e-16 * x_0))) * (-0.08720000000000001 + (-0.42900000000000005 * (-0.34842883289438253 + (6.020477322376928e-16 * x_0))))) * (-0.234 + (-0.008199999999999999 * inv((-0.0086 + (-0.0094 * (-0.9222249154556069 + (0.0006349597364519323 * x_1)))))))))))),8.1*cos(1.547262671850871e-14*x_0 - 8.7996210053856313) - 5.61*Abs((2.5827847712997024e-16*x_0 - 0.062275969311690113)*(6.020477322376928e-16*x_0 - 15.248428832894383)*(1.39665743629967e-6*x_1 - 0.008216125924036152)/(5.968621522648164e-6*x_1 - 6.891420528270533e-5)) - 26.200000000000001,7.856385946273804,,100
first_principles_rydberg,ok,2,NoRef,0.9779125052725078,0.24269062119462673,33,23,33,(-3.0 + (-9.0 * inv(((0.9 + (0.16 * (-1.95961510923864 + (0.5974436308654391 * x_0)))) + ((0.001 + (0.0007 * (-1.95961510923864 + (0.5974436308654391 * x_0)))) * (0.01 + (-46.7 * (-3.60108467081408 + (0.6407623969420071 * x_1))))))))),(-0.03754309982811187*x_0*x_1 + 0.4977777101656477*x_0 + 0.03337055562463173*x_1 + 10.57183107303773)/(0.01251436660937062*x_0*x_1 - 0.1659259033885492*x_0 - 0.01112351854154391*x_1 - 0.5239436910125761),5.279313087463379,,50
first_principles_schechter,ok,1,NoRef,0.8938289817667584,1.6221395613644582,39,33,39,((-9.0 + (-0.00775 * inv((0.039900000000000005 + (0.08620000000000001 * (-0.5152265363826667 + (1.6261733659552068e-09 * x_0))))))) - (2.13 + (21.1 * arctan((((-0.0694 + log((8.93 + (-0.06760000000000001 * (-0.5152265363826667 + (1.6261733659552068e-09 * x_0)))))) - (0.00615 + (-0.508 * (-0.5152265363826667 + (1.6261733659552068e-09 * x_0))))) * (0.466 + (0.222 * (-0.5152265363826667 + (1.6261733659552068e-09 * x_0))))))))),((1.4017614414533884e-10*x_0 - 0.0045125274361858691)*(-21.1*atan((3.6101048724205591e-10*x_0 + 0.351619708923048)*(8.2609606990524507e-10*x_0 + log(8.964829313859468 - 1.09929319538572e-10*x_0) - 0.3372850804823947)) - 11.13) - 0.00775)/(1.4017614414533884e-10*x_0 - 0.0045125274361858691),6.266825914382935,,27
first_principles_supernovae_zg,ok,1,NoRef,0.8421659653604394,0.1154537215951751,48,48,48,(-0.007489999999999999 + (0.647 * inv((0.682 + (6.54 * (((0.773 + (0.87 * (-1.0690083287768268 + (0.03814143456527167 * x_0)))) - (-0.00229 + (-0.00677 * inv((-0.0616 + (0.22 * abs((0.012 + (0.73 * cos((6.79 + (-0.08320000000000001 * tan((0.0086 + (74.10000000000001 * inv((-0.0189 + (-0.5940000000000001 * (-1.0690083287768268 + (0.03814143456527167 * x_0)))))))))))))))))))))**2))))),-0.007489999999999999 + 0.647/(6.54*(0.03318304807178635*x_0 - 0.15474724603583929 + 0.00677/(0.22*Abs(0.73*cos(0.08320000000000001*tan(0.0086 - 74.10000000000001/(0.02265601213177138*x_0 - 0.61609094729343522)) - 6.79) + 0.012) - 0.0616))**2 + 0.682),5.923935890197754,,200
first_principles_supernovae_zr,ok,1,BFGS,0.0006287372057679486,0.21929549168379545,68,68,68,(0.2613495344464823 + (-9.45589356044689 * inv((((-9.030389525653394 + (0.03318551525404829 * (-1.6026515238622114 + (0.046431321645507846 * x_0)))) - ((1.16672277895901 + (0.9515498966685323 * arctan(((0.031192866870177402 + (-0.369002304471211 * (-1.6026515238622114 + (0.046431321645507846 * x_0)))) - (-46.19999286687018 + (0.025502304471211004 * (-1.6026515238622114 + (0.046431321645507846 * x_0)))))))) * ((0.42345658770691635 + (-1.298062966469637 * (-1.6026515238622114 + (0.046431321645507846 * x_0)))) * (-25.89997385983735 + (0.6715141658316294 * ((19.532319873794233 + (1.1480865200430472 * ((-4.10377036143964 + (-0.4666500109743342 * (-1.6026515238622114 + (0.046431321645507846 * x_0)))))**2)))**3))))) - (0.04108952565339297 + (0.9464040638039424 * cos((60.30002448695105 + (-0.10875309539500655 * abs((3.6000990709871075 + (1.007139042499117 * ((71.40694006944246 + (-39.0996974608439 * abs((0.2722100789847257 + (0.05413945053891506 * (-1.6026515238622114 + (0.046431321645507846 * x_0))))))))**2)))))))))))),0.2613495344464823 - 9.45589356044689/(0.0015408473327326232*x_0 - (1.16672277895901 - 0.9515498966685323*atan(0.018317370388440888*x_0 - 46.863439146432596))*(2.5037991789885827 - 0.060270779112273782*x_0)*(0.6715141658316294*(1.1480865200430472*(-0.021667176755429077*x_0 - 3.3558930102413055)**2 + 19.532319873794233)**3 - 25.89997385983735) - 0.9464040638039424*cos(0.10952948836494203*(39.0996974608439*Abs(0.0025137662416834282*x_0 + 0.18544340607747066) - 71.40694006944246)**2 - 59.908502569252514) - 9.12466386789884),5.904153347015381,,200
first_principles_tully_fisher,ok,1,NoRef,0.8639986377365788,0.5237527143766844,42,42,42,(-2.48 + (-5.5200000000000005 * log(((-0.00215 + (4.62 * (-2.139304033980945 + (0.006687978646939128 * x_0)))) - (-0.00203 + (18.2 * inv((-0.902 + (-0.08 * cos((0.7100000000000001 + (-2.5500000000000003 * sin((-0.0036 + (0.00643 * ((0.222 + (-4.41 * inv((0.060700000000000004 + (-0.0942 * (-2.139304033980945 + (0.006687978646939128 * x_0))))))))**2))))))))))))))),-5.5200000000000005*log(0.03089846134885877*x_0 - 9.883704636991966 - 18.2/(-0.08*cos(2.5500000000000003*sin(0.00643*(0.222 - 4.41/(0.26222244000100503 - 0.0006300075885416659*x_0))**2 - 0.0036) - 0.7100000000000001) - 0.902)) - 2.48,7.2648093700408936,,18
nikuradse_1,ok,2,NoRef,0.6361503736940572,0.0557618152673774,24,24,24,((0.3 + (0.060000000000000005 * abs(((0.02 + (-0.01 * (-8.043667186640068 + (1.6172840179308134 * x_1)))) * ((-0.01 + (-90.0 * (-1.3445265834704199 + (0.005918071145166688 * x_0)))) + (0.01 + (58.6 * (-8.043667186640068 + (1.6172840179308134 * x_1))))))))) + (-0.001 + (-0.13 * (-1.3445265834704199 + (0.005918071145166688 * x_0))))),-0.0007693492488716695*x_0 + 0.060000000000000005*Abs((0.016172840179308134*x_1 - 0.1004366718664007)*(0.5326264030650019*x_0 - 94.772843450745668*x_1 + 350.35150462477021)) + 0.47378845585115458,5.6568708419799805,,200
nikuradse_2,ok,1,NoRef,0.8403218147899383,0.12598381559113433,31,33,31,(2.17 + (-0.01 * abs(((9.0 + (-7.0 * sin((-95.7 * (-1.9879774008876716 + (1.6574136973190292 * x_0)))))) + ((0.1 + (-0.04 * (-1.9879774008876716 + (1.6574136973190292 * x_0)))) * ((6.0 + (0.05 * (-1.9879774008876716 + (1.6574136973190292 * x_0)))) * (-0.001 + (80.0 * (-1.9879774008876716 + (1.6574136973190292 * x_0)))))))))),2.17 - 0.01*Abs(0.72847181547613257*x_0**3 + 49.02268686745245*x_0**2 - 200.30041984961317*x_0 - 7.0*sin(158.6144908334311*x_0 - 190.24943726495018) + 159.46553737342991),9.207088232040405,,200
solar_flare,ok,10,BFGS,nan,nan,1,1,1,(0.5789909426719689 + (-63.26927537739731 * inv((((0.03263844763793851 * (-1.3712047854703497 + (1.257986041715917 * x_2))) * (0.0281076233615941 + (-0.7035718089934434 * ((-0.9354117056640834 + (-0.039920434033097155 * (-1.4326457214253776 + (0.7744030926623663 * x_1)))))**2))) + ((-0.9397583998554094 + (-0.7562444721844579 * (((((((-95.8999561342851 * cos(((0.4426961191842598 + (56.557078839914425 * (-0.5233405681948146 + (2.4341421776503003 * x_3)))) * (-0.08674763821191864 + (5.086905753064331 * (-1.1997483391631258 + (0.4751478570943073 * x_0))))))) * ((-0.4474853881859658 + (0.24081663687604513 * inv((-0.17698601984123719 + (6.876743197885873 * (-2.207994968177486 + (1.5549260339278073 * x_4))))))) - ((-0.2916169250256443 + (6.5600000000000005 * (nan + (inf * x_9)))) * (-0.029607019684703563 + (0.7568111063951528 * inv((9.190344814324607 + (-0.08088498869405945 * (-1.3712047854703497 + (1.257986041715917 * x_2)))))))))) + ((0.6988921949753859 + (-0.26368562361474696 * (-1.4326457214253776 + (0.7744030926623663 * x_1)))) - (0.21210780502459622 + (-0.8914907245019779 * (-0.20412414523193148 + (5.103103630798286 * x_8)))))) + (8.345892194975407 + (-0.0994239682695871 * (-0.7418811204628575 + (2.0898059731348098 * x_6))))) - (0.16590780502461944 + (17.850723968269577 * (-0.7418811204628575 + (2.0898059731348098 * x_6))))) - ((-9.78589219497542 + (87.44803518978595 * (-3.0 + (3.3333333333333335 * x_7)))) + (0.1157078050246024 + (-0.24007975663120412 * (-0.17223278830124386 + (3.1315052418407974 * x_5)))))))**2)) * (-71.32725396737631 + (-0.06641114714551899 * (-0.20412414523193148 + (5.103103630798286 * x_8))))))))),nan,11.120661497116089,,200
strogatz_bacres1,ok,2,NoRef,0.9475164575337229,0.5617396236358696,15,21,15,(((-0.05550000000000001 * (-3.1009340740058042 + (0.07848210426397985 * x_1))) * (40.6 + (-8.56 * (-6.2652814930864 + (0.45765203318264863 * x_0))))) + ((0.0352 + (-0.9400000000000001 * (-6.2652814930864 + (0.45765203318264863 * x_0)))) + (0.859 + (0.789 * (-3.1009340740058042 + (0.07848210426397985 * x_1)))))),0.017063683327376716*x_0*x_1 - 1.104402115368091*x_0 - 0.34852410807898185*x_1 + 20.554223437003182,5.959680557250977,,200
strogatz_bacres2,ok,2,NoRef,0.9831900573054454,0.27641498757357774,21,29,21,((((0.00891 + (-3.1009340740058042 + (0.07848210426397985 * x_1))) + ((0.9840000000000001 + (-0.635 * (-6.2652814930864 + (0.45765203318264863 * x_0)))) - (0.047400000000000005 + (0.09000000000000001 * (-3.1009340740058042 + (0.07848210426397985 * x_1)))))) * ((-0.508 + (0.061900000000000004 * (-6.2652814930864 + (0.45765203318264863 * x_0)))) - (0.24700000000000003 + (-0.343 * (-6.2652814930864 + (0.45765203318264863 * x_0)))))) - ((0.061900000000000004 + (-0.013600000000000001 * (-3.1009340740058042 + (0.07848210426397985 * x_1)))) * (-82.5 + (-0.937 * (-6.2652814930864 + (0.45765203318264863 * x_0)))))),-0.053850816713644118*x_0**2 + 0.01277642032025021*x_0*x_1 + 1.3907875496482763*x_0 - 0.31688794726980687*x_1 + 1.0552678307719981,4.665559530258179,,200
strogatz_barmag1,ok,2,NoRef,0.664195355417766,0.1432083764499027,43,27,43,((-0.29500000000000004 + (0.34500000000000003 * inv(((-2.43 + (9.32 * (-1.2538429920116652 + (0.3484404828044345 * x_1)))) - ((0.00214 + (0.0117 * (-1.2538429920116652 + (0.3484404828044345 * x_1)))) - (5.6000000000000005 + (0.322 * inv((-0.048100000000000004 + (-0.0308 * (-15.844310416841397 + (2.7805581875467364 * x_0)))))))))))) * (-0.619 + (0.899 * (-15.844310416841397 + (2.7805581875467364 * x_0))))),-(2.4997218106045161*x_0 - 14.863035064740416)*(-0.029546211300871625*x_0 + 0.29500000000000004*(0.085641192176439484*x_0 - 0.43990476083871504)*(3.243388546088518*x_1 - 8.5032867225421832) + 0.056777142489356687)/((0.085641192176439484*x_0 - 0.43990476083871504)*(3.243388546088518*x_1 - 8.5032867225421832) - 0.322),6.783701658248901,,200
strogatz_barmag2,ok,2,NoRef,0.7097553141654034,0.20371439740587505,20,20,20,((0.003 + (-0.003 * (-15.844310416841397 + (2.7805581875467364 * x_0)))) * ((-60.0 + (70.0 * (-1.2538429920116652 + (0.3484404828044345 * x_1)))) + (0.001 + (-63.7 * sin((0.030000000000000002 + (-3.0 * (-1.2538429920116652 + (0.3484404828044345 * x_1))))))))),(0.050532931250524192 - 0.0083416745626402094*x_0)*(24.39083379631042*x_1 + 63.7*sin(1.045321448413303*x_1 - 3.7915289760349956) - 147.76800944081656),8.930555820465088,,200
strogatz_glider1,ok,2,NoRef,0.9844270833506379,0.0982972493550622,58,58,58,((0.47900000000000004 + (-1.32 * (((4.0600000000000005 + (1.8900000000000001 * (-1.8084175385794719 + (0.8984434651839722 * x_0)))) * (-0.09820000000000001 + (0.0094 * inv((-0.5770000000000001 + (0.0887 * (((0.09910000000000001 + (0.06670000000000001 * (-1.8084175385794719 + (0.8984434651839722 * x_0)))) + (0.005 + (0.00996 * ((0.0955 + (-0.0942 * (-1.836876920436821 + (0.13306474919016115 * x_1)))))**2))))**3)))))))**2)) - ((0.53 + (-0.0058 * (-1.8084175385794719 + (0.8984434651839722 * x_0)))) + ((-0.0786 + (-0.0039499999999999995 * (-1.8084175385794719 + (0.8984434651839722 * x_0)))) + (-0.049300000000000004 + (1.01 * cos(((0.014900000000000002 + (-7.58 * (-1.836876920436821 + (0.13306474919016115 * x_1)))) + (0.45 + (-0.004739999999999999 * (-1.8084175385794719 + (0.8984434651839722 * x_0))))))))))),0.0087598237855437281*x_0 - 1.32*(-0.09820000000000001 + 0.0094/(0.0887*(0.05992617912777095*x_0 + 0.00996*(0.2685338059051486 - 0.012534699373713181*x_1)**2 - 0.016521449823250783)**3 - 0.5770000000000001))**2*(1.6980581491977075*x_0 + 0.64209085208479843)**2 - 1.01*cos(0.004258622024972027*x_0 + 1.0086307988614215*x_1 - 14.39699895604397) + 0.059267928998850171,4.790060043334961,,200
strogatz_glider2,ok,2,NoRef,0.4819342479937767,0.7623646322355598,18,18,18,((2.0 + (0.9 * (-1.8084175385794719 + (0.8984434651839722 * x_0)))) + (0.1 + (-0.8 * sin(((0.7000000000000001 + (-2.0 * (-1.8084175385794719 + (0.8984434651839722 * x_0)))) + (0.030000000000000002 + (-2.0 * (-1.836876920436821 + (0.13306474919016115 * x_1))))))))),0.808599118665575*x_0 + 0.8*sin(1.796886930367944*x_0 + 0.2661294983803223*x_1 - 8.0205889180325859) + 0.47242421527847525,7.140979528427124,,200
strogatz_lv1,ok,2,NoRef,0.21893475660221184,0.8506050773472927,78,54,78,((0.027700000000000002 + (-0.0323 * ((-8.290000000000001 + (1.0 * (((((-0.00224 * (-1.0185100736451067 + (0.7243342361165919 * x_0))) * (-0.48000000000000004 + (-0.014600000000000002 * inv((0.00178 + (-0.00615 * (-1.1210540200500059 + (1.0527256234139701 * x_1)))))))) + (-0.8520000000000001 + (-7.79 * arctan(((0.07310000000000001 + (3.34 * (-1.0185100736451067 + (0.7243342361165919 * x_0)))) + (-0.006529999999999999 + (2.9 * (-1.1210540200500059 + (1.0527256234139701 * x_1))))))))) + (-0.797 + (0.0012599999999999998 * (-1.0185100736451067 + (0.7243342361165919 * x_0))))))**2)))**2)) * (0.00615 + (0.00514 * (-1.1210540200500059 + (1.0527256234139701 * x_1))))),(0.0054110097043478059*x_1 + 0.0003877823369429702)*(0.027700000000000002*(0.0064742625839959162*x_1 - 0.0086744822233075363)**4 - 0.0323*(8.290000000000001*(0.0086744822233075363 - 0.0064742625839959162*x_1)**2 - 1.0*((0.0086744822233075363 - 0.0064742625839959162*x_1)*(0.00091266113750690564*x_0 - 7.79*atan(2.419276348629417*x_0 + 3.0529043079005132*x_1 - 6.5863103041196732) - 1.650283322692793) + (0.01876375146718762 - 0.00310764604031804*x_1)*(0.001622508688901166*x_0 - 0.0022814625649650388))**2)**2)/(0.0064742625839959162*x_1 - 0.0086744822233075363)**4,11.256073474884033,,200
strogatz_lv2,ok,2,NoRef,0.6845772464514475,0.3078573680200708,38,38,38,((0.009349999999999999 + (0.008459999999999999 * (-1.0185100736451067 + (0.7243342361165919 * x_0)))) * (-0.0052899999999999996 + (54.2 * ((((5.99 + (-1.0185100736451067 + (0.7243342361165919 * x_0))) * (0.0864 + (0.111 * cos((-0.0699 + (6.16 * (-1.1210540200500059 + (1.0527256234139701 * x_1)))))))) * (-0.903 + (-0.5820000000000001 * (-1.1210540200500059 + (1.0527256234139701 * x_1))))))**3))),(0.006127867637546367*x_0 + 0.00073340477696239728)*(54.2*(0.7243342361165919*x_0 + 4.9714899263548935)**3*(-0.6126863128269307*x_1 - 0.25054656033089648)**3*(0.111*cos(6.484789840230056*x_1 - 6.9755927635080365) + 0.0864)**3 - 0.0052899999999999996),11.28264307975769,,200
strogatz_predprey1,ok,2,NoRef,0.8704824999647165,0.9072827538731215,40,38,40,((0.052500000000000005 + (0.439 * (-1.8083916054835167 + (0.37798488323581947 * x_1)))) * (-0.004569999999999999 + (-0.5730000000000001 * abs(((-0.0558 + (-0.0707 * (-0.7749611889583518 + (0.8276419259871193 * x_0)))) * ((((-0.639 * (-0.7749611889583518 + (0.8276419259871193 * x_0))) + (69.60000000000001 + (-0.0315 * (-1.8083916054835167 + (0.37798488323581947 * x_1))))) + ((0.00724 + (0.642 * (-1.8083916054835167 + (0.37798488323581947 * x_1)))) * (-98.2 + (-0.0645 * (-0.7749611889583518 + (0.8276419259871193 * x_0)))))) - (0.0105 + (-0.8 * (-1.8083916054835167 + (0.37798488323581947 * x_1)))))))))),-(0.16593536374052475*x_1 - 0.74138391480726383)*(0.5730000000000001*Abs((0.05851428416728933*x_0 + 0.001010243940644531)*(0.5288631907057692*x_0 - 0.29048138276672728*x_1 + (0.0533829042261692*x_0 + 98.15001500331219)*(0.24266629503739611*x_1 - 1.1537474107204177) - 68.694951250930314)) + 0.004569999999999999),10.896435737609863,,200
strogatz_predprey2,ok,2,NoRef,0.5448989845073267,1.0965044296051671,40,40,40,((0.00907 + (1.08 * (-0.7749611889583518 + (0.8276419259871193 * x_0)))) + ((-0.00198 + (-0.0362 * (-1.8083916054835167 + (0.37798488323581947 * x_1)))) + ((((-0.0034 + (((6.24 + (-0.29200000000000004 * abs((0.0845 + (90.60000000000001 * (-0.7749611889583518 + (0.8276419259871193 * x_0))))))) - (-60.9 + (0.0096 * (-1.8083916054835167 + (0.37798488323581947 * x_1))))))**2) * (-0.003909999999999999 + (0.00266 * (-0.7749611889583518 + (0.8276419259871193 * x_0))))) * (0.028900000000000002 + (0.079 * (-1.8083916054835167 + (0.37798488323581947 * x_1))))) - (0.0023899999999999998 + (-0.00487 * (-1.8083916054835167 + (0.37798488323581947 * x_1))))))),0.8938532800660889*x_0 - 0.011842266391778225*x_1 + (0.002201527523125737*x_0 - 0.005971396762629215)*(0.029860805775629738*x_1 - 0.11396293683319782)*((0.0036286548790638666*x_1 + 0.29200000000000004*Abs(74.98435849443302*x_0 - 70.12698371962668) - 67.157360559412641)**2 - 0.0034) - 0.77560117507522142,5.579589366912842,,200
strogatz_shearflow1,ok,2,NoRef,0.22070460987440677,0.43220417403093275,29,29,29,(-0.3 + (0.9 * inv((1.3 + (-2.0 * inv(((0.01 + (-0.02 * (0.1425865318514197 + (0.5727827728700499 * x_1)))) * ((-0.6 + (50.0 * (0.1425865318514197 + (0.5727827728700499 * x_1)))) + (-0.001 + (0.001 * (1.0787725150702083 + (0.4912165308203284 * x_0)))))))))))),-0.3 + 0.9/(1.3 + 2.0/((0.011455655457401*x_1 - 0.007148269362971606)*(0.0004912165308203284*x_0 + 28.6391386435025*x_1 + 6.5294053650860552))),7.035800933837891,,200
strogatz_shearflow2,ok,2,BFGS,0.08401831100833224,0.21020592856430528,44,44,44,((0.060953075870540996 + (-0.046977714197475096 * (1.0787725150702083 + (0.4912165308203284 * x_0)))) * ((-0.03123256776620431 + (0.0033346980912211817 * tan((1.1717479074223038 + (-2.205850189213214 * cos(((0.031246238391875795 + (6.701068623119408 * (1.0787725150702083 + (0.4912165308203284 * x_0)))) * ((9.74072772970269 + (-0.09385785246411227 * (1.0787725150702083 + (0.4912165308203284 * x_0)))) * (0.0073959150133759005 + (-3.361781240207806 * abs((-0.007979525740168197 + (0.008275006824597112 * (1.0787725150702083 + (0.4912165308203284 * x_0))))))))))))))) * (-4.04056216863769 + (-9.879908410525298 * (0.1425865318514197 + (0.5727827728700499 * x_1)))))),(0.010274808973481355 - 0.023076229793952605*x_0)*(-5.659041335082807*x_1 - 5.449304043904165)*(-0.0033346980912211817*tan(2.205850189213214*cos((0.0073959150133759005 - 3.361781240207806*Abs(0.004064820144893135*x_0 + 0.00094732418422556758))*(9.6394764581408919 - 0.04610452867766744*x_0)*(3.29167568183767*x_0 + 7.2601748906124573)) - 1.1717479074223038) - 0.03123256776620431),8.848940372467041,,200
strogatz_vdp1,ok,2,NoRef,0.012268422028908432,1.026046142994404,59,59,59,((0.004739999999999999 + (-0.225 * sin((((-0.298 + (0.00359 * inv((-0.00132 + (0.011000000000000001 * exp((0.00551 + (-0.047700000000000006 * (-0.44260024914922197 + (1.069046206513926 * x_0)))))))))) * (2.5300000000000002 + (6.48 * (((0.005889999999999999 + (-0.774 * (-0.3313309365474487 + (4.278311300708479 * x_1)))) + (-0.006869999999999999 + (1.12 * (-0.44260024914922197 + (1.069046206513926 * x_0))))))**3))) - (0.055600000000000004 + (-0.00919 * inv((0.0551 + (-81.3 * ((-0.41800000000000004 + (0.928 * (-0.44260024914922197 + (1.069046206513926 * x_0)))))**2))))))))) * (1.9000000000000001 + (1.44 * (-0.44260024914922197 + (1.069046206513926 * x_0))))),(0.004739999999999999 - 0.225*sin((-0.298 + 0.00359/(-0.00132 + 0.011296775202533187*exp(-0.050993504050714277*x_0)))*(6.48*(1.197331751295597*x_0 - 3.311412946748363*x_1 - 0.24024213415940335)**3 + 2.5300000000000002) - 0.055600000000000004 + 0.00919/(0.0551 - 81.3*(0.9920748796449234*x_0 - 0.82873303121047805)**2)))*(1.539426537380053*x_0 + 1.2626556412251205),9.294992923736572,,200
strogatz_vdp2,ok,2,NoRef,0.9999872014325574,0.0003346448947309992,31,29,31,(((0.0024 * (-0.44260024914922197 + (1.069046206513926 * x_0))) * ((-0.011300000000000001 + (0.28700000000000003 * ((0.00951 + (-0.3313309365474487 + (4.278311300708479 * x_1))))**3)) * (-0.0524 + (-0.00039 * (-0.3313309365474487 + (4.278311300708479 * x_1)))))) + (-0.041400000000000006 + (-0.0932 * (-0.44260024914922197 + (1.069046206513926 * x_0))))),-0.09963510644709791*x_0 - (0.002565710895633422*x_0 - 0.0010622405979581326)*(0.001668541407276307*x_1 + 0.0522707809347465)*(0.28700000000000003*(4.278311300708479*x_1 - 0.3218209365474487)**3 - 0.011300000000000001) - 0.00014965677929251617,2.933020830154419,,200
