dataset,status,n_features,refinement_type,r2,rmse,complexity,seconds,error,noise_strength,expr
1027_ESL,ok,4,NoRef,0.6105626945515135,0.9075088306070763,85,20.46253228187561,,0.1,(((((-3.1650294675520123 + (0.6187740894529837 * x_1)) - (-7.97 + (-0.729 * (-4.543727322540949 + (0.8485018342746871 * x_2))))) + ((-0.0712 + (-0.0009599999999999999 * inv((-88.60000000000001 + (-67.7 * inv((-0.05380000000000001 + (0.08380000000000001 * ((0.5730000000000001 + (-62.9 * (-3.689442089095961 + (0.6641659926365366 * x_0)))))**2)))))))) * (0.0026999999999999997 + (-8.56 * (-6.146798559422659 + (1.0976425998969035 * x_3)))))) * (0.896 + (-0.0882 * tan(((-40.7 + (-8.36 * (-6.146798559422659 + (1.0976425998969035 * x_3)))) - (-0.00773 + (-10.0 * (-6.146798559422659 + (1.0976425998969035 * x_3))))))))) * (0.748 + (-0.058100000000000006 * (-3.1650294675520123 + (0.6187740894529837 * x_1)))))
1028_SWD,ok,10,BFGS,-0.05218407413275461,0.8285196979940846,156,27.01103186607361,,0.1,((-0.052577407015126476 + (0.24065399206946456 * (-2.1689364464787513 + (0.972617240573431 * x_2)))) + (((-0.0008215475733680906 * (-2.9293890917537175 + (2.0064308847628203 * x_5))) * (((-0.002989957570960594 * (-2.3736872687394746 + (1.012233376861183 * x_4))) + (5.569999588519452 + (-0.0595999575709606 * (-2.3736872687394746 + (1.012233376861183 * x_4))))) + (1.0099995885194522 + (96.49999983172535 * cos((((41.50004754394126 * (-2.4841136395988146 + (1.2451697441598069 * x_3))) * (4.790413061767054 + (0.0064173338154516705 * (-2.8621521711176414 + (1.2806049982629268 * x_1))))) + (((0.05360852976602116 + (-0.07749954838333577 * (-2.8621521711176414 + (1.2806049982629268 * x_1)))) + ((0.6590021827676869 + (0.1469999675620172 * inv((-69.30000000007081 + (-2.9121760301824526 + (1.3867504905630728 * x_7)))))) * (0.24800560248580314 + (0.0038515086068327447 * (-2.9293890917537175 + (2.0064308847628203 * x_5)))))) - ((-0.005968529766021153 + (0.3699819572768134 * (-2.9121760301824526 + (1.3867504905630728 * x_7)))) - (((-84.69999519930926 + (86.39998783492031 * (-2.566230515260939 + (1.2704111461687815 * x_8)))) * (0.5925496290494697 + (-0.028561702010150673 * (-2.6745450995191127 + (1.3046561461068844 * x_9))))) - (-53.800008529766025 + (-9.069965529241248 * (-2.5904290116544066 + (1.3421911977483971 * x_6))))))))))))) + (3.8700225929848737 + (-0.8454645784703622 * sin(((3.225250498273506 + (51.694765783489224 * (-2.7885115085974532 + (1.4154880754301793 * x_0)))) * (-64.90501908859964 + (-54.188115344874475 * (-2.7885115085974532 + (1.4154880754301793 * x_0))))))))))
1029_LEV,ok,4,BFGS,-0.15318750926470925,1.042479692239164,59,26.876978874206543,,0.1,(0.8509235050509798 + (0.010424083457006923 * abs(((49.99992642335874 + (-99.00001443392892 * sin(((0.5034124094692919 + (8.966097504293828 * (-1.3537592065395143 + (0.7317617332646023 * x_0)))) * (0.9448742102709767 + (8.95529534784981 * (-1.338219395737549 + (0.6915862510271571 * x_2)))))))) + ((-0.010073576641260292 + (-0.6002112252167472 * inv((0.0989184278716042 + (-0.8999792160953364 * cos((0.8990735084629007 + (0.8992326353536052 * (-1.3777422408758337 + (0.721331016165358 * x_3)))))))))) + (-0.010073576641260292 + (0.09992842774790603 * (-1.490881128154221 + (0.7665198602335326 * x_1)))))))))
1030_ERA,ok,4,NoRef,0.11312738447260373,1.8903815342916102,72,22.047041416168213,,0.1,((0.00468 + (-0.7010000000000001 * cos(((-3.79 + (-0.0274 * (-1.8026202153614108 + (0.2599308169230585 * x_1)))) * (-84.0 + (0.42000000000000004 * (-1.775251610451698 + (0.26918144207000727 * x_2)))))))) + ((0.09400000000000001 + (0.036300000000000006 * inv((0.0383 + (0.0274 * cos((((0.0089 * (-1.8026202153614108 + (0.2599308169230585 * x_1))) * (0.07930000000000001 + (5.17 * (-1.4098777764544617 + (0.21377979931075994 * x_3))))) + (80.3 + (-57.9 * (-1.6821592654348876 + (0.2229502008528678 * x_0))))))))))) - (-2.8000000000000003 + (-0.447 * (-1.8026202153614108 + (0.2599308169230585 * x_1))))))
1096_FacultySalaries,ok,4,BFGS,-0.0028796852701826747,4.577917677754911,82,13.66218090057373,,0.1,((9.037858076425733 + (0.0095165152976235 * (((64.61487309595154 + (0.2175888945625383 * (-8.427043203926056 + (0.14480699704232594 * x_1)))) + (-4.35972690405224 + (-0.015059019422060645 * tan((-18.478169233805065 + (8.104584523939266 * (-7.346234106637792 + (0.09939270487749849 * x_2)))))))))**2)) + (((-4.222309828862683 + (-0.5619514869490163 + (2.341464528954235 * x_0))) + (-9.76330982884854 + (-13.918088661592387 * inv(((-0.04182007562084718 + (-70.11527270315833 * (-9.112288776127002 + (0.17718880655098507 * x_3)))) + ((-0.010430075619230905 + (0.12288399771251722 * (-0.5619514869490163 + (2.341464528954235 * x_0)))) - (0.04202007562022765 + (0.03681600228695954 * (-0.5619514869490163 + (2.341464528954235 * x_0)))))))))) * (-0.009299745043603716 + (0.016668734348027493 * (-7.346234106637792 + (0.09939270487749849 * x_2))))))
1193_BNG_lowbwt,ok,9,BFGS,0.4925239491911342,516.1602582663024,104,20.704817056655884,,0.1,((0.0923710713619739 + (0.7657821948071809 * (((57.109064727497376 + (-7.527471908183368 * (-0.7018100265975371 + (2.126697050295567 * x_0)))) + (0.0990647274973797 + (-7.661324416087465 * sin(((0.6388589267229039 + (8.232062486894689 * (-0.4860799579773197 + (1.7055437122011219 * x_5)))) + (0.648858926722904 + (-0.1921827694054688 * (-4.341145088689214 + (0.03261568031203464 * x_2))))))))))**2)) + ((0.012371071361973884 + (0.895686930753143 * inv(((1.0893184934593483 + (0.049697665887901754 * (-2.1712405933672376 + (2.631806779839076 * x_7)))) * (-4.000970862867936 + (-0.00970330463641937 * (-4.7670358854990456 + (0.20452064575820186 * x_1)))))))) + ((0.012371071361973884 + (0.01880505067804429 * (-0.9231403599700084 + (0.7474820728502092 * x_8)))) + ((0.012371071361973884 + (0.01945634900401715 * (-1.7565107319733801 + (1.3459852352286439 * x_3)))) + ((0.012371071361973884 + (0.021305426482885467 * (-0.8422598823413764 + (2.029541885159943 * x_4)))) + (0.012371071361973884 + (0.20143711059972397 * (-0.2412489548185819 + (4.386344633065126 * x_6)))))))))
1196_BNG_pharynx,ok,10,NoRef,0.2447421258066984,332.9052442736985,165,25.296386003494263,,0.1,(((-0.0373 * sqrt((0.09060000000000001 + (-0.00714 * (-0.5927489783638191 + (2.279803762937766 * x_9)))))) - ((0.5720000000000001 + (0.11 * (-0.5927489783638191 + (2.279803762937766 * x_9)))) * (((((0.56 + (-30.0 * (-5.275654998591812 + (0.08600904883651646 * x_4)))) - (0.08080000000000001 + (0.154 * ((25.900000000000002 + (-32.5 * cos((-6.53 + (-8.26 * (-1.3076038098835963 + (1.5659925866869417 * x_3))))))))**2))) - ((-0.027500000000000004 + (-0.8580000000000001 * (-0.4676211227230167 + (1.585156348213616 * x_5)))) * (34.300000000000004 + (-0.006699999999999999 * (-1.6870547845739468 + (2.279803762937766 * x_1)))))) - (((51.9 + (-15.5 * (-5.275654998591812 + (0.08600904883651646 * x_4)))) + ((-0.0014 + (-52.0 * tan((-5.63 * (-1.3193830297679 + (0.5890102811463838 * x_0)))))) + ((-0.008029999999999999 + (0.062200000000000005 * (-0.9685432901733048 + (1.0249135345749258 * x_7)))) * ((-95.5 + (-70.3 * (-1.4913495697629222 + (1.021472308056796 * x_8)))) - (0.0853 + (0.0106 * (-1.4913495697629222 + (1.021472308056796 * x_8)))))))) - (0.00452 + (-6.71 * abs((-80.10000000000001 + (-0.396 * (-1.020204061220407 + (2.000400120040014 * x_2))))))))) - (-0.0106 + (-4.9 * (-1.3184242770282357 + (1.2437964877624863 * x_6))))))) + (-6.15 + (0.9 * ((0.024 + (2.39 * (-1.3076038098835963 + (1.5659925866869417 * x_3)))))**2)))
1199_BNG_echoMonths,ok,9,BFGS,-0.011432198938825744,15.596025045637774,140,30.688273906707764,,0.1,((-0.0016716989434545108 + (-0.05563119124935289 * (((0.628664741573439 + (0.15106848595313205 * abs(((((-79.19994654966109 + (-2.7393118696321914 + (0.1834262746734647 * x_6))) + (0.02765345033891167 + (41.69995550202997 * (-7.068403061162645 + (0.11366866615016445 * x_1))))) * (-0.0016747891294994974 + (-0.054314291707157854 * (-0.7018100265975372 + (2.1266970502955673 * x_0))))) - ((-0.0016168084342541647 + (5.819034662480686 * cos(((((-9.515483918198852 * (-3.0702386426579005 + (2.0989423382322308 * x_7))) * (-8.879343217768206 + (0.983225970628146 * (-2.050416905868444 + (9.294535034379726 * x_3))))) + (-43.9023223544482 + (-0.060168619784742694 * (-0.4525696378552518 + (2.66217434032501 * x_2))))) + (0.025877645551792543 + (-0.7257795540615763 * (-6.139712387609727 + (1.3064991268887023 * x_5)))))))) - (1.6808434254164575e-05 + (6.915667929077384 * (-1.7077351386697883 + (0.1433472945228545 * x_4))))))))) - (4.378335258426561 + (-23.698428321210702 * cos((-5.618899619382313 + (0.03212982912709221 * cos(((23.700962306179772 + (0.8554690487531139 * (-0.5850486126764433 + (2.29430828500566 * x_8)))) - ((-76.08260738432101 + (-0.05295602489710168 * (-2.050416905868444 + (9.294535034379726 * x_3)))) * (85.97303316890529 + (0.10479614765805587 * (-2.050416905868444 + (9.294535034379726 * x_3))))))))))))))**2)) * (-1.5524531294332646 + (0.05525736114975044 * (-1.7077351386697883 + (0.1433472945228545 * x_4)))))
1201_BNG_breastTumor,ok,9,BFGS,-0.032825702552728764,10.766569915264661,139,23.442444801330566,,0.1,((-0.002589817687581994 + (-0.19099730033494067 * tan(((-0.004766593789811801 + (0.06900552927126458 * (-0.75 + (2.0833333333333335 * x_8)))) + (-7.870006593789812 + (0.0015392605760609199 * (-0.933007822647968 + (1.6963778593599417 * x_1)))))))) + (-4.619999817687582 + (0.887999926548215 * abs(((((-0.04889983810766767 + (0.23799986621384103 * (-0.75 + (2.0833333333333335 * x_8)))) + (-0.20799983810766767 + (-4.059999921032326 * (-0.749436783737264 + (0.22607444456629383 * x_2))))) - ((-0.029300161892332338 + (-0.0014251912248132146 * (((-0.0009199380739004126 + (31.899999940214954 * (-0.5388159060803247 + (2.3947373603569986 * x_3)))) - (7.5899999380739 + (-97.19999994192048 * sin(((-0.08440142848908243 + (-8.900093216005176 * inv((-0.12664584789678845 + (-0.007223794761567818 * (-0.6081636405595373 + (2.2524579279982864 * x_7))))))) - (0.9800014284890824 + (0.05490020293652835 * (-1.2500406497455434 + (0.8064778385455118 * x_6))))))))))**2)) - (-20.89999983810767 + (-0.0022985148202273875 * sqrt(((-8.820000000020304 + (0.0055500000013916015 * (-5.513793854744495 + (0.10828748668207969 * x_0)))) - (-6.099999999979697 + (-94.49999999998134 * cos((0.007019999403452434 + (-0.48900000063436705 * cos((-39.50000000004156 + (1.950000000052792 * (-1.6200683918739798 + (1.270641875979592 * x_4)))))))))))))))) + (47.70000016189234 + (-0.004010004381774149 * (-1.061913167103641 + (2.0036097492521527 * x_5)))))))))
1203_BNG_pwLinear,ok,10,BFGS,0.4413891148347818,3.2800042628753667,132,23.33746314048767,,0.1,(((((0.0014959815693802174 * (0.103834826330233 + (1.2979353291279123 * x_9))) * ((0.44002107249957295 + (0.0026406135780699075 * inv((0.6899998835338351 + (0.005710033891950096 * arctan((-0.30000000061027193 + (0.005249999941971694 * (-0.0689883074727411 + (1.1498051245456848 * x_7)))))))))) - ((-2.4000210724995727 + (0.0018219685663362919 * (-0.012127673025267264 + (1.2127673025267265 * x_2)))) + (-0.07312107249957299 + (53.6000062799521 * sin((-0.5552830576777233 + (53.5968601702991 * abs((-27.284831995099537 + (-6.338973997161546 * (0.23480352857641618 + (1.2692082625752226 * x_1))))))))))))) + (0.059689634469118485 + (0.7890428013511119 * (-0.032157832069216574 + (1.286313282768663 * x_4))))) - (-0.9212896344691185 + (-0.888024354649527 * tan(((0.0040588211553449025 + (-87.79835346251294 * (0.10854662075011276 + (1.1425960078959239 * x_8)))) - ((6.579741178844655 + (-7.708249197100882 * (0.07462778926574919 + (1.2437964877624865 * x_6)))) - ((-0.0038934894136355876 + (-0.023413572272949497 * (-0.018397292771819163 + (1.2264861847879442 * x_3)))) * (-3.549976881221043 + (0.06730635941651698 * (-0.3106848830006 + (1.2427395320024 * x_5))))))))))) + ((3.980289634469118 + (-2.507916393111334 * (-0.07017213284715496 + (1.0024590406736422 * x_0)))) + (-5.609710365530882 + (0.07301213048726034 * (-0.3106848830006 + (1.2427395320024 * x_5))))))
192_vineyard,ok,2,NoRef,0.469787909900237,3.1689144736475825,62,19.03609871864319,,0.1,(((81.4 * sqrt((-5e-05 + (0.791 * sin((0.069 + (0.0119 * (-1.7076703227012184 + (0.5208144092695798 * x_0))))))))) - ((0.373 + (-0.35000000000000003 * (-4.169458226011473 + (0.431896071220312 * x_1)))) * (0.787 + (-7.29 * cos((-0.00407 + (-1.07 * abs((69.9 + (26.2 * (-1.7076703227012184 + (0.5208144092695798 * x_0)))))))))))) + (-0.0366 + (3.11 * inv((-37.7 + (0.00156 * (-1.7076703227012184 + (0.5208144092695798 * x_0))))))))
210_cloud,ok,5,NoRef,0.8499087985514246,0.4153799440590759,62,13.96877121925354,,0.1,(((((6.99 + tan(((-0.0297 + (-11.5 * (-1.4231307757262779 + (0.9371836815758414 * x_1)))) - (0.00029 + (-0.0599 * (-1.349156164026494 + (0.6152466562861073 * x_4))))))) * (-0.891 + (-0.9610000000000001 * (-1.0570827394885711 + (0.7017329636726495 * x_2))))) * (-0.022400000000000003 + (-0.00481 * (-1.0 + (2.0 * x_0))))) + (0.303 + (0.0869 * (-1.3542915032506988 + (1.1265769290074164 * x_3))))) * (2.49 + (0.605 * (-1.3542915032506988 + (1.1265769290074164 * x_3)))))
215_2dplanes,ok,10,NoRef,0.6479487333800735,2.7606563308227434,148,20.727111101150513,,0.1,((((-6.11 + (0.07603639459945774 + (1.1697906861455036 * x_4))) - (0.00484 + (-2.15 * cos(((3.35 + (31.8 * (-0.03138824102871723 + (1.2555296411486891 * x_1)))) * (((0.0637 * (0.02000400120040014 + (1.000200060020007 * x_0))) - (0.0345 + (0.42300000000000004 * (-0.16290204253291504 + (1.2066817965401115 * x_3))))) + ((-0.09300000000000001 + (-1.0 * sqrt(((-0.0007599999999999999 + (-0.0014299999999999998 * (0.07603639459945774 + (1.1697906861455036 * x_4)))) + (5.96 + (0.0022099999999999997 * (0.07603639459945774 + (1.1697906861455036 * x_4)))))))) * (0.911 + (0.0040999999999999995 * (-0.08057455696049687 + (1.2396085686230287 * x_8))))))))))) * (((-0.22 * (0.07603639459945774 + (1.1697906861455036 * x_4))) - (0.00116 + (0.0815 * (0.047524845652175754 + (1.1881211413043937 * x_5))))) + ((-0.07980000000000001 + (-0.06860000000000001 * inv(((0.404 + (0.0345 * (-0.03114373299321498 + (1.2457493197285991 * x_6)))) * (-0.927 + (-0.0775 * (-0.0 + (1.2038585308576921 * x_2)))))))) - (0.07310000000000001 + (0.74 * (0.02000400120040014 + (1.000200060020007 * x_0))))))) + ((0.0263 + (0.00156 * (-0.030001500112509377 + (1.200060004500375 * x_7)))) * (-0.0371 + (-8.22 * (0.02500781616401777 + (1.2503908082008883 * x_9))))))
218_house_8L,ok,8,BFGS,0.10120602607063867,38422.70953433576,155,21.40205144882202,,0.1,((0.8220001104617408 + (0.8269999983546785 * (-1.5037336233963396 + (3.0832213967881748 * x_7)))) - ((((cos(((0.3190046818448902 + (-0.008883955578039891 * (-8.745399041277315 + (1.4579020752294582 * x_6)))) - ((-0.008664681844890238 + (-2.199828437264935 * (-0.3762519483828514 + (8.305362235129161 * x_4)))) + (0.030095318155109765 + (7.689852623941009 * inv(((-0.010436594972332534 + (5.0509252881633975 * (-8.051727895827435 + (16.731591247493967 * x_2)))) - (0.06517659497233254 + (0.06540689387665721 * (-7.96909359589554 + (11.183243963289556 * x_3))))))))))) * (-6.1999811402564795 + (0.07021071066297517 * sqrt((0.321001165705261 + (-0.005930295595557656 * (-1.2420794631854704 + (7.280171385208041 * x_5)))))))) + (-0.04467855688250583 + (-19.500108348950764 * arctan((0.09866676835741246 + (-7.310170947943864 * inv((5.589770919626308 + (-0.96003221856177 * abs((-0.01864793336544632 + (-0.2011587237082852 * (-8.051727895827435 + (16.731591247493967 * x_2)))))))))))))) * (0.998479298405209 + (53.200028436946596 * abs(((-0.024028675157120035 + (-0.00819215284160204 * (-1.5037336233963396 + (3.0832213967881748 * x_7)))) + (-0.11799867515712005 + (-0.032165442145915706 * (-0.4354479563349125 + (54.54681096758018 * x_1))))))))) * (0.004742150012414514 + (-97.10002050692745 * sqrt(((0.6141467107222631 + (0.767929595931096 * (-8.051727895827435 + (16.731591247493967 * x_2)))) + ((0.06954671072226312 + (-0.007172071636012424 * (-0.2735558448495786 + (0.00011731984031014947 * x_0)))) - (-6.770146710722264 + (-0.7719416884110831 * (-8.745399041277315 + (1.4579020752294582 * x_6)))))))))))
225_puma8NH,ok,8,NoRef,0.132042385104449,5.239832762789032,89,21.99467945098877,,0.1,((0.1 + (8.0 * cos(((0.7000000000000001 + (-0.9 * (-0.06585661692848528 + (0.8959411617355382 * x_2)))) + (-0.01 + (-1.0 * (-0.07710723083161697 + (0.9234518833549156 * x_1)))))))) + (0.01 + (-3.0 * sin(((0.01 + (-0.9 * (-0.031097369547192274 + (0.9193982774372316 * x_5)))) + ((0.01 + (0.9 * (-0.01549372006853783 + (0.9102782276193362 * x_0)))) + ((0.01 + (0.6 * (-0.0263697467348816 + (2.836613933023496 * x_7)))) + ((0.01 + (0.9 * (-0.07572364437013104 + (0.9138359759094098 * x_3)))) + ((0.01 + (9.0 * (-0.022023529833178766 + (0.8877592340102415 * x_4)))) + (0.02 + (0.060000000000000005 * (-0.09681685113891113 + (2.9689157921727203 * x_6)))))))))))))
228_elusage,ok,2,NoRef,0.7418616439537785,12.086983974098365,73,14.701487302780151,,0.1,((((2.5 + sin((-3.494368107086116 + (0.06492913712491094 * x_0)))) + ((0.00215 + (-1.6 * (-3.494368107086116 + (0.06492913712491094 * x_0)))) - (-0.513 + (-0.6970000000000001 * cos(((-43.6 + (0.675 * (-3.494368107086116 + (0.06492913712491094 * x_0)))) * (-45.0 + (0.00164 * (-3.494368107086116 + (0.06492913712491094 * x_0)))))))))) * (-8.42 + (-0.603 * ((0.0897 + (-1.46 * (-1.588178110693536 + (0.281773535768208 * x_1)))))**2))) * (-0.618 + (-0.199 * inv((0.229 + (0.026900000000000004 * (-3.494368107086116 + (0.06492913712491094 * x_0))))))))
229_pwLinear,ok,10,NoRef,0.7206509847545016,2.3591172654061503,112,18.783512353897095,,0.1,((-0.0344 + (0.015000000000000001 * cos(((-0.5840000000000001 + (-43.4 * (0.024260699053001707 + (1.2130349526500854 * x_3)))) * (-5.36 + (-0.053200000000000004 * (-0.12885860791431716 + (1.227224837279211 * x_5)))))))) * ((((7.2700000000000005 + (-0.024800000000000003 * (0.07877919836271194 + (1.2119876671186451 * x_9)))) - (((-3.62 * (0.1308442961026054 + (1.2461361533581465 * x_1))) * (-9.4 + (0.038500000000000006 * (0.047863877241182545 + (1.1965969310295634 * x_8))))) + (-0.0679 + (36.9 * (-0.0708881205008336 + (1.2888749181969743 * x_4)))))) - (-6.68 + (13.6 * (0.024625761678892605 + (1.2312880839446303 * x_6))))) - (((56.800000000000004 + (-71.10000000000001 * (-0.07017213284715496 + (1.0024590406736422 * x_0)))) + ((59.5 + (0.462 * (-0.029787773436724965 + (1.1915109374689985 * x_7)))) * (-0.867 + (0.394 * (0.13630961003872036 + (1.1853009568584378 * x_2)))))) - (-0.0679 + (-36.300000000000004 * (-0.12885860791431716 + (1.227224837279211 * x_5)))))))
230_machine_cpu,ok,6,BFGS,0.8214351295517706,68.98752094435967,115,18.686044692993164,,0.1,((((0.006497057081859549 + abs(((-7.250000278058458 + (51.59999762763041 * sin(((41.99978078923008 + (-0.634691414903298 * (-0.6323138508124196 + (0.02430107036173788 * x_3)))) * ((0.3208065505120904 + (1.9344096339318952 * (-0.7169976175893781 + (0.03797656872825096 * x_5)))) - (0.4331934494879096 + (-4.098217023254476 * inv((0.23550436187632806 + (0.48127601253515445 * (-0.7169976175893781 + (0.03797656872825096 * x_5)))))))))))) - (0.007150278058457734 + (0.014904945885822462 * (-0.7539783429454673 + (0.00025457276565311854 * x_1))))))) + (1.7499970570818595 + (34.09998877888676 * (-1.0157486231470525 + (8.41758769093056e-05 * x_2))))) * (((0.005493854307987928 + (-0.7539783429454673 + (0.00025457276565311854 * x_1))) - (-2.3199438543079878 + (-1.4298778398946759 * (-0.6323138508124196 + (0.02430107036173788 * x_3))))) * ((0.006142917708022664 + (0.006621193107135567 * ((-0.5900052997837391 + (-0.0008164024515629387 * (-0.7692023071461158 + (0.003791788953692772 * x_0)))))**3)) - (-0.6242129177080227 + (-0.005315391799026129 * (-0.7047263654341995 + (0.14485639577270287 * x_4))))))) - (-4.190000245117822 + (-6.349997470222053 * (-1.0157486231470525 + (8.41758769093056e-05 * x_2)))))
344_mv,ok,10,NoRef,0.9305243698345816,2.5253405816922907,165,23.275161266326904,,0.1,(((0.00343 + (-7.32 * (-0.08262425328176871 + (0.3485338209019501 * x_0)))) * (-0.316 + (0.09440000000000001 * (-0.5619514869490163 + (2.341464528954235 * x_7))))) - ((-0.28400000000000003 + (0.258 * (-0.08262425328176871 + (0.3485338209019501 * x_0)))) - ((((0.00441 + ((0.025300000000000003 + (0.00198 * inv((-0.004229999999999999 + (-4.5600000000000005 * tan((8.77 + (0.5800000000000001 * (1.3389884173455886 + (0.3190495684869531 * x_3)))))))))))**2) - (-0.0902 + (0.07740000000000001 * (0.9175113942281458 + (0.09481017314613248 * x_5))))) * (-38.300000000000004 + (-5.66 * cos((((0.17200000000000001 + (0.07176828705486599 + (1.6917112741967857 * x_4))) + ((-0.020200000000000003 + (-9.11 * (-19.94909374672912 + (0.018109774499670123 * x_9)))) * ((-0.00818 + (4.07 * (-0.7257530966188903 + (2.1036321641127254 * x_6)))) * (0.045000000000000005 + (0.00187 * ((81.4 + (-68.5 * inv(((0.0708 + (-0.009729999999999999 * ((-0.00866 + (0.861 * (8.731675768609247 + (0.6975312065809712 * x_1)))))**2)) - (-0.030100000000000002 + (0.9600000000000001 * log((0.0805 + (0.0025 * (-0.7257530966188903 + (2.1036321641127254 * x_6))))))))))))**2))))) * (0.00156 + (0.00232 * (-2.4616167895905274 + (0.008477159847985765 * x_8))))))))) * ((2.0300000000000002 + (-0.894 * (-0.5619514869490163 + (2.341464528954235 * x_7)))) + (-0.268 + (-0.00195 * (-0.6964409092807232 + (1.5476464650682737 * x_2))))))))
485_analcatdata_vehicle,ok,4,NoRef,0.39850260131236337,218.21406075677632,49,12.201935529708862,,0.1,((((80.3 + (-2.57 * (-1.4638501094227998 + (0.5855400437691199 * x_3)))) + (0.00409 + (13.3 * cos((-12.3 + (7.46 * (-1.0 + (2.0 * x_2)))))))) - (64.1 + (0.0497 * (-1.0 + (2.0 * x_0))))) * (6.25 + (-0.059500000000000004 * inv((0.00678 + (0.00908 * (-1.0 + (2.0 * x_0))))))))
519_vinnie,ok,2,NoRef,0.6972507777910102,1.6654330590539748,29,15.98163914680481,,0.1,(0.8 + (0.060000000000000005 * abs(((90.0 + (44.0 * (-3.050344651934337 + (0.22536717044213794 * x_1)))) - (0.01 + (15.0 * tan((0.02 + (6.8 * (-128.04990782468957 + (1.4940774496784266 * x_0)))))))))))
522_pm10,ok,7,NoRef,-0.44280104649789664,1.0466792428456473,138,19.500662326812744,,0.1,(-0.014700000000000001 + (0.339 * log(((-0.6930000000000001 + (-76.8 * abs(((((0.0903 + (-0.12981253370068688 + (0.9947320404949649 * x_3))) * (((0.00511 + ((-9.96 + (0.028900000000000002 * inv((0.00715 + (-1.85 * (-7.079162907839687 + (0.987710095069961 * x_0))))))))**3) + (-0.0062499999999999995 + (-1.99 * (-1.5591481867057306 + (0.005027969450348218 * x_6))))) * (0.11800000000000001 + (-0.0016899999999999999 * (-1.6816570543158895 + (0.011591759038935135 * x_4)))))) * (-0.5930000000000001 + (-0.65 * (-2.0008354353416413 + (0.15444503553389743 * x_5))))) * ((0.058 + (-79.60000000000001 * tan((-0.024900000000000002 + (-1.6816570543158895 + (0.011591759038935135 * x_4)))))) * (-33.6 + (79.60000000000001 * (-1.5591481867057306 + (0.005027969450348218 * x_6))))))))) * (-0.00585 + (0.016900000000000002 * inv(((-0.09100000000000001 + (-93.9 * (-1.5591481867057306 + (0.005027969450348218 * x_6)))) + (0.733 + (-1.7 * arctan(((-79.5 + (-0.0066 * (-1.7456009505041916 + (0.5312236624740025 * x_2)))) * ((0.007699999999999999 + (-1.81 * (-1.5591481867057306 + (0.005027969450348218 * x_6)))) * (2.18 + (-41.6 * (-0.19671235889801858 + (0.1523720850826871 * x_1)))))))))))))))))
523_analcatdata_neavote,ok,2,NoRef,0.7304007325534816,2.04989805164267,22,7.6021997928619385,,0.1,((0.5900000000000001 + (1.7 * sin((-21.3 * (-32.42453434284643 + (3.268602252303068 * x_1)))))) + (5.53 + (-4.41 * (-1.1000004629242885 + (1.0091747366277877 * x_0)))))
529_pollen,ok,4,NoRef,0.6533873683815529,1.9901812690520833,77,17.162310361862183,,0.1,((0.00081 + (-0.09000000000000001 * inv((83.3 + (50.300000000000004 * (0.008717172475124766 + (0.20153683119485272 * x_1))))))) - ((((0.0052 + (0.008717172475124766 + (0.20153683119485272 * x_1))) + (-0.0128 + (-5.14 * (-0.14240534481180597 + (0.1466357845322108 * x_0))))) * (-1.09 + (-0.00409 * (0.13411228300539055 + (0.09366364070564696 * x_3))))) - ((-0.12300000000000001 + (-4.0200000000000005 * (0.13411228300539055 + (0.09366364070564696 * x_3)))) + (-0.09960000000000001 + (-1.7 * cos(((-0.08750000000000001 + (31.2 * (-0.030628056605373096 + (0.1278483556294714 * x_2)))) - (23.8 + (6.43 * (-0.030628056605373096 + (0.1278483556294714 * x_2)))))))))))
537_houses,ok,8,BFGS,0.2190905532695938,88448.145001041,140,19.972949981689453,,0.1,(((-6.009029628653107 + (-1.616400063304611 + (0.0017131956155851734 * x_4))) * (-53.49540503727232 + (-43.09939723777489 * inv(((-1.0425606007274475 + (-14.891966593422037 * (-1.516023044552607 + (0.4819862123055841 * x_0)))) * ((7.702966188926978 + (5.99052131508641 * (-1.2807665932048524 + (0.0031092227789157063 * x_5)))) + (0.005096188926977711 + (0.04803993537737818 * (-1.5066316366506536 + (0.0007951087204436459 * x_2)))))))))) * ((((((1.9037364036661564 + (-1.516023044552607 + (0.4819862123055841 * x_0))) + ((-0.028693596333843555 + (0.025941357938583133 * sqrt((0.7012779228531558 + (0.022694529378274503 * (-1931.3382469098758 + (51.06894768888684 * x_6))))))) - ((0.26749952639291136 + (-0.08544631755774029 * (-4.071076517823106 + (0.09225190387090654 * x_1)))) * (9.500793491863929 + (-0.05018128981584389 * (-1.2807665932048524 + (0.0031092227789157063 * x_5))))))) * (0.09371253093722551 + (3.5448302805645335 * sin((-0.05370423756116881 + (98.49202817927167 * (-1.516023044552607 + (0.4819862123055841 * x_0)))))))) - (19.992342531625066 + (-0.04418139036901008 * (-1.2904738757872565 + (0.0029224672776394607 * x_3))))) * ((-40.49585585659806 + (-0.0062788249114311846 * (-1.2807665932048524 + (0.0031092227789157063 * x_5)))) - (-7.9941441434019405 + (9.03824636045897 * (-1.516023044552607 + (0.4819862123055841 * x_0)))))) - (0.009900835310526355 + (-93.19967022210714 * (4732.105772728812 + (38.70787762899494 * x_7))))))
547_no2,ok,7,NoRef,-0.33044679925047316,0.8510603076872654,142,17.740221738815308,,0.1,(-0.0323 + (0.14200000000000002 * (((5.49 + (-0.309 * inv((((0.00018999999999999998 * (-1.664176255098275 + (0.011106799904836887 * x_4))) * ((0.535 + (75.4 * (-6.654222247738914 + (0.9476037076783185 * x_0)))) - (0.9700000000000001 + (0.0053 * (-1.664176255098275 + (0.011106799904836887 * x_4)))))) + ((-0.00516 + (-0.7100000000000001 * (-1.593513108814246 + (0.5093537168700765 * x_2)))) * ((-0.09720000000000001 + (81.60000000000001 * (-1.8397826257177994 + (0.14854926327959622 * x_5)))) - (-0.07930000000000001 + (-0.0050999999999999995 * (-1.8397826257177994 + (0.14854926327959622 * x_5)))))))))) + ((((((-0.00157 + (0.00487 * (-0.16485779278081106 + (0.16091536708568774 * x_1)))) + (-4.68 + (-0.00247 * (-1.5089883784697682 + (0.0049762181060208684 * x_6))))) - (-0.798 + (1.6300000000000001 * (-1.593513108814246 + (0.5093537168700765 * x_2))))) * (4.23 + (-2.52 * (-6.654222247738914 + (0.9476037076783185 * x_0))))) + (-0.0307 + (0.085 * (-0.16485779278081106 + (0.16091536708568774 * x_1))))) * (0.030900000000000004 + (-0.032600000000000004 * sin((0.07060000000000001 + (-0.5850000000000001 * tan((-0.501 + (0.06860000000000001 * ((37.7 + (0.787 * (-0.1634556815138494 + (0.9729504782544822 * x_3)))))**2)))))))))))**2))
556_analcatdata_apnea2,ok,3,BFGS,-3.089299562830661e-07,3064.5392053755913,57,15.060945987701416,,0.1,(583.2596426942494 + (208.9101832378781 * abs((-1.404642798156817 + (7.847841692751063e-12 * exp((10.725236336802789 + (-40.776327333834544 * ((0.2457962234912351 + (-1.4875091219395722 * tan(((-0.13724752963239434 + (-0.32825048406159146 * (-1.414213562373095 + (0.7071067811865475 * x_1)))) * ((-45.39677206737493 + (9.861176877547033 * abs((0.0013532110911523118 + (-1.9639610121239315 + (0.4364357804719848 * x_2)))))) * (0.07447305981926963 + (-19.576747044712203 * inv((32.60427311844597 + (15.731615079612551 * (-1.414213562373095 + (0.7071067811865475 * x_0)))))))))))))**2))))))))
557_analcatdata_apnea1,ok,3,NoRef,-0.041368453878802836,3155.208400565104,62,18.131560802459717,,0.1,(0.0393 + (18.400000000000002 * sqrt((0.00414 + (0.00806 * sqrt((12.4 + (0.0878 * exp((26.0 + (-0.09670000000000001 * ((0.0782 + (-32.1 * cos(((-76.3 + (-16.2 * (-1.414213562373095 + (0.7071067811865475 * x_1)))) - ((6.59 + (-0.056 * inv((-0.00219 + (-1.9639610121239315 + (0.4364357804719848 * x_2)))))) * (0.0206 + (-0.0801 * abs((-8.32 + (-0.0070999999999999995 * (-1.414213562373095 + (0.7071067811865475 * x_0)))))))))))))**2)))))))))))
561_cpu,ok,7,NoRef,0.9821053805085707,21.021768318615777,125,16.65934157371521,,0.1,((0.9700000000000001 + (3.0300000000000002 * (-0.7047263654341995 + (0.14485639577270287 * x_5)))) + ((((1.44 + (-1.0157486231470525 + (8.41758769093056e-05 * x_3))) * (-0.156 + (-0.00722 * (-0.6323138508124196 + (0.02430107036173788 * x_4))))) * ((((7.38 + cos((-9.42 + (-76.60000000000001 * inv((-0.171 + (0.007359999999999999 * (-2.133033539448027 + (0.13828418408090937 * x_0))))))))) + ((0.069 + (0.00207 * (-0.7169976175893781 + (0.03797656872825096 * x_6)))) + ((-0.6910000000000001 + (0.9380000000000001 * (-0.7539783429454673 + (0.00025457276565311854 * x_2)))) - ((-0.0816 + (-0.0526 * (-0.7047263654341995 + (0.14485639577270287 * x_5)))) - (-0.042 + (0.996 * (-0.7539783429454673 + (0.00025457276565311854 * x_2)))))))) * (-46.9 + (-2.87 * (-0.7169976175893781 + (0.03797656872825096 * x_6))))) + ((-0.023600000000000003 + (-64.2 * (-0.6323138508124196 + (0.02430107036173788 * x_4)))) + (-0.056100000000000004 + (7.94 * (-0.7692023071461158 + (0.003791788953692772 * x_1))))))) + (0.0042 + (0.050100000000000006 * (-0.6323138508124196 + (0.02430107036173788 * x_4))))))
564_fried,ok,10,BFGS,0.43181522494622204,3.713556902057101,109,14.054098129272461,,0.1,((0.25543996721297424 + (2.8311084191546847 * (-1.7072590503875993 + (3.406682733645306 * x_3)))) + ((0.24756718024635727 + (-0.007051826031969938 * (-1.773506662490512 + (3.508247186303262 * x_0)))) * ((60.03727025787295 + (8.871306826113354 * (-1.962363239855984 + (3.5856659102912434 * x_1)))) + ((0.027270257872941586 + (10.931840294353547 * cos(((0.17099690679477322 + (3.0240256934710272 * (-1.9240942347694134 + (3.69350448997641 * x_9)))) + (-0.7590030932052267 + (-0.149479910132855 * (-1.607933134680659 + (3.167467366535192 * x_8)))))))) + ((-8.96272974212706 + (3.95726096024195 * (-1.7104407863161182 + (3.5565645061896443 * x_4)))) + (0.04727025787294157 + (0.000968584992262444 * (((0.012052038529486676 + (-70.000858254788 * (-1.6828104573254623 + (3.7222908179660887 * x_2)))) + ((0.0030520385294866732 + (-0.10136340875387528 * (-1.720003460115014 + (3.637178355927193 * x_5)))) + ((0.0030520385294866732 + (-0.09923549470288123 * (-1.796837581375697 + (3.5565800417739046 * x_7)))) + (0.003052038529486674 + (-0.301203048013765 * (-1.8698296358353992 + (3.6196322750179175 * x_6))))))))**2)))))))
579_fri_c0_250_5,ok,5,BFGS,0.36594041457953663,0.7847268945140088,117,21.271027326583862,,0.1,((-0.05703591521360261 + (-0.09018666926957429 * exp((0.006423818900366384 + (0.002897142881552096 * (0.005461379359663086 + (0.9984585108671526 * x_4))))))) - (-2.432664084786398 + (0.025149080880865416 * abs(((((-12.796105222178227 * (-0.02274143198027288 + (1.0121437364720292 * x_1))) + (-0.00621606501742885 + (-11.20464646025729 * arctan((-4.0722280100755155 + (-0.00036157940501963133 * (-0.06946253611908115 + (1.0023314177985747 * x_3)))))))) + ((9.523493934982572 + (-6.767605229971047 * (0.005461379359663086 + (0.9984585108671526 * x_4)))) - (-0.02049393498257115 + (-0.08024819059277796 * abs(((0.027470361689594474 + (-88.49891794028547 * (0.002356872848593581 + (1.0237945973760811 * x_2)))) + (0.007360361689594473 + (-0.09136516907954728 * (-0.013457740978846304 + (0.9847731451468804 * x_0)))))))))) - ((-0.09249393498257116 + (7.328367178307939 * (-0.06946253611908115 + (1.0023314177985747 * x_3)))) - (19.503493934982572 + (0.9602401325378629 * abs(((9.849990448221593 + (-26.30062961381935 * (-0.013457740978846304 + (0.9847731451468804 * x_0)))) - (-0.5929904482215952 + (-0.046779761914002384 * ((8.40024290618696 + (-9.100125695253718 * (-0.02274143198027288 + (1.0121437364720292 * x_1)))))**2))))))))))))
591_fri_c1_100_10,ok,10,NoRef,0.4466541850339246,0.7401434670886173,107,11.584410429000854,,0.1,(((1.1 * cos(((0.02 + (0.030000000000000002 * (2.8080432239977528e-09 + (1.0050378175357129 * x_0)))) * (78.3 + (-0.01 * (-2.2838751521040537e-09 + (1.0050378162329852 * x_5))))))) + (-0.01 + (0.3 * (2.134112838164798e-09 + (1.0050378109985483 * x_3))))) + (-0.01 + (-0.7000000000000001 * sin(((0.01 + (0.02 * (-3.2198895784854976e-09 + (1.00503782205916 * x_1)))) * ((90.0 + (0.01 * (5.279121260744071e-09 + (1.0050378172397734 * x_8)))) + ((0.01 + (0.01 * (-6.364898005776579e-10 + (1.0050378226906627 * x_9)))) + ((0.01 + (0.01 * (-2.3025954316862416e-09 + (1.0050378109487454 * x_7)))) + ((0.01 + (0.01 * (-6.294696838797298e-10 + (1.0050378125173551 * x_2)))) + ((0.01 + (0.01 * (-9.126140610221942e-10 + (1.0050378224669032 * x_6)))) + (0.030000000000000002 + (0.01 * (1.020255702066691e-09 + (1.005037815122467 * x_4))))))))))))))
593_fri_c1_1000_10,ok,10,BFGS,0.4088428294915052,0.762402203060839,149,19.7676944732666,,0.1,((-0.008797430621921594 + (0.9389960580732347 * cos((((-0.8339996778499109 + (5.6100004990053165 * (-0.031232891696203968 + (1.0079763143256126 * x_0)))) * ((0.08729454982278932 + (-0.20900396533905116 * (0.03184790765809063 + (1.0100220814643854 * x_1)))) - (0.05250545017721068 + (0.3520053740254408 * sin((-4.540000319218144 + (-0.008360184831674349 * (0.050220707802833754 + (1.0091533137436086 * x_8))))))))) - (1.4900005963893894 + (-0.0024598510979937835 * (0.009250498393228406 + (1.0116206136929107 * x_7)))))))) + ((-0.0012565844528388652 + (-0.0018776378470057927 * (0.03184790765809063 + (1.0100220814643854 * x_1)))) * ((0.757999977477154 + (37.39999934811261 * tan(((-99.60032588905663 + (-0.0025075835445983554 * (-0.1223375680664318 + (1.011933155780458 * x_4)))) - (0.005035889056627329 + (-7.930489715122828 * arctan(((-5.15000757480461 + (-7.889981545688839 * (-0.16354271824973488 + (0.9842858800610822 * x_2)))) - ((-2.16999242519539 + (-95.80000302396547 * (-0.031232891696203968 + (1.0079763143256126 * x_0)))) + ((50.29999971958331 + (0.13600219202254243 * (0.04860705755687076 + (0.9906127943356936 * x_9)))) * ((-0.005496611311803329 + (-0.004882321116360049 * (0.01280861499107831 + (0.9931663952687514 * x_6)))) - (0.02962661131180333 + (-0.009749122676717329 * (-0.031232891696203968 + (1.0079763143256126 * x_0))))))))))))))) - ((-0.006349977477153924 + (-0.9520000058246916 * (0.01810045940385405 + (1.0151432151143167 * x_5)))) - (-0.9030000225228461 + (-54.29999997530109 * (-0.10952305202408649 + (0.9907329152448134 * x_3))))))))
594_fri_c2_100_5,ok,5,BFGS,1.5095756311644948e-08,0.9949874213058596,64,16.820821046829224,,0.1,((-68.51536896806995 + (-0.030823037194676446 * (-2.5740396230235096e-09 + (1.0050378181358313 * x_0)))) * ((0.025086570012707112 + (-5.062903908439355e-12 * abs(((-0.01587262100565819 + (1.8281596723129616 * (2.3236557527311636e-09 + (1.0050378111926093 * x_4)))) - ((-0.17713632816488215 + (0.1909210449205289 * (-5.056086547415916e-09 + (1.0050378116639687 * x_3)))) * ((0.46353530485189254 + (40.50257968868202 * (-2.5740396230235096e-09 + (1.0050378181358313 * x_0)))) + (33.695535304851894 + (-59.09983646877149 * (1.4789027717446586e-09 + (1.005037819531248 * x_1)))))))))) + (-0.025083429987292693 + (-7.864362696222543e-10 * (2.8870194710416236e-09 + (1.0050378286556427 * x_2))))))
595_fri_c0_1000_10,ok,10,NoRef,0.5746258256203068,0.6886239637158368,128,16.94817304611206,,0.1,((((0.00231 + arctan((9.05 * (-0.1211406374101396 + (1.023594826503582 * x_3))))) + (0.00396 + (0.9700000000000001 * (-0.06702131565911112 + (0.9599333061403312 * x_1))))) * (-0.67 + (0.0821 * log((-0.00839 + (92.10000000000001 * ((((-3.86 * (0.02614878476186862 + (1.0238590584883367 * x_2))) * (((37.0 + (0.08610000000000001 * (0.08331357934160229 + (1.0244910011465165 * x_0)))) + (-0.0019299999999999999 + (0.00295 * (-0.018095961115013614 + (1.0387664339348464 * x_5))))) - (0.5930000000000001 + (0.17400000000000002 * (0.0710289511872284 + (0.9995744991233574 * x_7)))))) + (-0.8430000000000001 + (-8.870000000000001 * (0.011813355667839568 + (0.9979701604705712 * x_8))))))**2)))))) + ((0.0114 + (0.277 * (0.023677204900816835 + (1.0365983191687715 * x_4)))) - (((0.00845 + (0.00471 * (-0.04354630810283682 + (1.0225112857000962 * x_6)))) * ((0.21200000000000002 + (3.62 * (0.0710289511872284 + (0.9995744991233574 * x_7)))) - (-0.00267 + (0.00178 * (-0.010207914156323272 + (0.9840604732257373 * x_9)))))) - (0.060700000000000004 + (0.5680000000000001 * (0.08331357934160229 + (1.0244910011465165 * x_0)))))))
596_fri_c2_250_5,ok,5,NoRef,0.16816633163789374,0.9229651060324062,102,9.22230052947998,,0.1,(((((-0.006229999999999999 * (-0.03327251323989341 + (0.9795882248533074 * x_2))) + (-0.005 + (0.371 * (-0.03982219788825426 + (0.9780391196646281 * x_4))))) + (-0.229 + (-1.5 * sin(((((0.8330000000000001 + (-94.8 * (-0.00836934259429335 + (0.9826060373461664 * x_0)))) - ((-2.64 + (0.00265 * (-0.03982219788825426 + (0.9780391196646281 * x_4)))) - (-7.0200000000000005 + (0.08460000000000001 * (-0.00836934259429335 + (0.9826060373461664 * x_0)))))) - (-0.033100000000000004 + (97.10000000000001 * (-0.05566958792821793 + (1.0085802753375575 * x_1))))) * (-0.0145 + (-0.00712 * (-0.05566958792821793 + (1.0085802753375575 * x_1))))))))) - (0.064 + (-0.038500000000000006 * (-0.03982219788825426 + (0.9780391196646281 * x_4))))) - ((-42.5 + (0.0056099999999999995 * (-0.03982219788825426 + (0.9780391196646281 * x_4)))) * (0.00224 + (0.0065 * (0.030239726957857333 + (1.0089704881333104 * x_3))))))
597_fri_c2_500_5,ok,5,NoRef,0.4308025850347783,0.7520310124764916,77,17.78958559036255,,0.1,((0.09480000000000001 + (0.41300000000000003 * (0.051318081308249455 + (1.014644489729816 * x_3)))) - ((0.0238 + (0.0148 * (0.06629972590880558 + (1.0075976137302378 * x_1)))) * ((((-40.7 * sin(((0.0067399999999999995 + (-0.51 * (0.10122870033412179 + (1.0080699070194354 * x_2)))) + (0.0733 + (-0.8330000000000001 * (0.05371846994181401 + (0.9861750482670715 * x_0))))))) + (-0.00153 + (-9.51 * (-0.002414032778585222 + (0.9938074619432425 * x_4))))) + (-8.05 + (26.7 * sin((0.035100000000000006 + (3.6 * (0.06629972590880558 + (1.0075976137302378 * x_1)))))))) - (0.14300000000000002 + (1.16 * (-0.002414032778585222 + (0.9938074619432425 * x_4)))))))
599_fri_c2_1000_5,ok,5,NoRef,0.6101788503378033,0.6261403066739768,110,14.887638330459595,,0.1,((((0.762 * (0.10153935051992874 + (1.044491792439849 * x_4))) * (0.277 + (0.0052699999999999995 * (-0.0602307402531005 + (1.0089516501853955 * x_2))))) + (((4e-05 + (0.252 * (-0.0758845730996851 + (1.0498897117688875 * x_3)))) - ((0.0757 + (-0.9830000000000001 * sin((-0.0022199999999999998 + (-1.49 * (-0.037314603346356716 + (1.0738698362097465 * x_0))))))) - ((-0.202 + (0.8210000000000001 * ((-0.00953 + (0.10153935051992874 + (1.044491792439849 * x_4))))**2)) * (-0.039 + (0.044500000000000005 * (0.10153935051992874 + (1.044491792439849 * x_4))))))) - ((-0.0946 + (0.0965 * (-0.0602307402531005 + (1.0089516501853955 * x_2)))) + (-0.00432 + (0.00085 * (0.10153935051992874 + (1.044491792439849 * x_4))))))) - (0.116 + (0.9800000000000001 * sin(((-8.290000000000001 + (-2.77 * (0.009574705784042063 + (1.0477984342708666 * x_1)))) + (-88.60000000000001 + (-0.608 * (-0.0602307402531005 + (1.0089516501853955 * x_2)))))))))
601_fri_c1_250_5,ok,5,BFGS,0.027358697551108868,0.9875798174134246,110,24.95703625679016,,0.1,((((0.11013794062255688 * sin((-3.0647071657719267 * (-0.010397483526896342 + (0.9882031183917349 * x_1))))) + (0.1010810027858642 + (-0.03545250690820595 * (0.02676101383347822 + (1.0066664369813325 * x_3))))) + (((-0.5176189972141357 + (-0.04883941659091054 * (-0.018291418326324048 + (0.9901403382934644 * x_0)))) + (0.0934810027858642 + (-0.0023966382976026764 * inv((2.1092439135371808 + (-4.440394369644082 * (-0.01749150210176107 + (1.0090791592880441 * x_2)))))))) - (-0.0834210027858642 + (0.05178917415890487 * (-0.005668177014427033 + (0.9847510525456011 * x_4)))))) - (-0.09166100278586418 + (-3.763284325118744 * ((0.298185709697174 + (-0.012435926108397024 * cos(((0.5272107711880943 + (6.712210381944322 * cos((0.006067498054441213 + (-0.09720111150621152 * inv((0.5709999160851387 + (-97.2999999993821 * arctan((-4.69999220028527 + (8.630004224976116 * (-0.010397483526896342 + (0.9882031183917349 * x_1))))))))))))) * ((0.12357889694992584 + (-0.7770757750208278 * (-0.010397483526896342 + (0.9882031183917349 * x_1)))) + (0.31221889694992583 + (0.028042774567083678 * (-0.01749150210176107 + (1.0090791592880441 * x_2))))))))))**3)))
602_fri_c3_250_10,ok,10,NoRef,0.42288168739977483,0.7528811364039819,114,12.1891930103302,,0.1,((-0.3 + (0.3 * (-0.038189884319498046 + (1.0024011477798893 * x_3)))) + ((0.02 + (0.01 * (0.027897516398397815 + (0.998073099323104 * x_0)))) * ((0.1 + (60.0 * cos(((-0.7000000000000001 + (-1.8 * (-0.006149085570662245 + (1.0063481202601992 * x_1)))) + (-0.030000000000000002 + (-1.3 * (0.027897516398397815 + (0.998073099323104 * x_0)))))))) + ((0.001 + (-0.2 * (-0.017542067075762977 + (1.005717915331683 * x_2)))) * ((60.0 + (-60.0 * (0.001312719251571377 + (1.0174709357351936 * x_4)))) + ((0.001 + (-0.01 * (0.0029420221446642856 + (1.008712998834323 * x_8)))) + ((-0.01 + (-0.01 * (-0.02871010083073984 + (1.0068245035869283 * x_5)))) + ((0.01 + (-0.01 * (0.008084737233740273 + (0.9964088169567006 * x_7)))) + ((-0.01 + (0.001 * (0.008753852211365022 + (1.020618930622776 * x_9)))) + (-0.01 + (0.001 * (0.03500154593767501 + (1.0064758978864055 * x_6)))))))))))))
604_fri_c4_500_10,ok,10,NoRef,0.5524231447325938,0.7049086731288515,119,14.177032232284546,,0.1,((-0.3 + (0.3 * (-0.1348550604363206 + (1.0036996856535505 * x_3)))) + ((0.02 + (0.006 * (-0.0022548934118654575 + (0.9992501517389518 * x_0)))) * ((-0.01 + (67.0 * sin(((0.7000000000000001 + (-2.0 * (-0.026510329997847516 + (1.0228802703832585 * x_1)))) + (0.030000000000000002 + (-1.2 * (-0.0022548934118654575 + (0.9992501517389518 * x_0)))))))) + ((-0.01 + (6.0 * (0.10561760327369846 + (1.007417081890443 * x_7)))) + (-0.1 + (-9.0 * sin(((0.060000000000000005 + (0.9 * (-0.08584083487448184 + (0.9845918227850837 * x_2)))) + ((0.060000000000000005 + (-0.9 * (0.05150804270771723 + (1.015585618193334 * x_8)))) + ((0.060000000000000005 + (-0.9 * (0.05960242929231957 + (1.0280165339330751 * x_5)))) + ((0.060000000000000005 + (0.9 * (0.043020700170883344 + (1.0416572769407797 * x_9)))) + ((0.060000000000000005 + (0.9 * (-0.009791979417298036 + (0.9929225967655008 * x_6)))) + (0.006 + (-9.0 * (-0.0473754174576671 + (1.0002900627489233 * x_4))))))))))))))))
606_fri_c2_1000_10,ok,10,NoRef,0.714172712937255,0.5458181222609352,112,10.449713468551636,,0.1,((0.02 + (0.005 * (-0.043264314038292014 + (1.0227224598746503 * x_0)))) * (((26.0 * (-0.03206380168427523 + (0.9877428384944221 * x_3))) + ((-0.1 + (60.0 * sin(((0.7000000000000001 + (-1.6 * (-0.02308872793518898 + (1.0310028958909718 * x_1)))) + (0.01 + (-1.4000000000000001 * (-0.043264314038292014 + (1.0227224598746503 * x_0)))))))) + (-9.0 + (-25.0 * (-0.05715499640265298 + (0.9507785937602312 * x_2)))))) + ((0.3 + (8.0 * (0.04487244154167024 + (0.9667189833408681 * x_4)))) + ((0.01 + (-0.2 * (-0.01060423110845112 + (1.0251295848097435 * x_8)))) + ((0.001 + (0.01 * (-0.10240413058209644 + (0.9803959075788435 * x_9)))) * ((0.060000000000000005 + (0.060000000000000005 * (0.10809595603871229 + (1.0624136403325424 * x_5)))) + ((0.060000000000000005 + (0.08 * (-0.04496677019937933 + (1.0191986288929233 * x_7)))) + (-0.08 + (0.08 * (-0.04765413568781236 + (0.9856253019329347 * x_6)))))))))))
608_fri_c3_1000_10,ok,10,NoRef,0.5769251833068629,0.7043531079865449,114,21.88409185409546,,0.1,((-0.3 + (0.4 * (0.03929049529360136 + (1.0101045661619172 * x_3)))) + ((0.02 + (0.01 * (-0.11377932602934616 + (1.0194947829765149 * x_1)))) * ((0.01 + (60.0 * sin(((0.6 + (-2.0 * (-0.11377932602934616 + (1.0194947829765149 * x_1)))) + (-0.3 + (-1.4000000000000001 * (-0.12080387897699611 + (1.046689364019702 * x_0)))))))) + ((0.001 + (-0.1 * (-0.07485137802023327 + (0.928236161918507 * x_4)))) * ((-90.0 + (-0.01 * (-0.024700608534952977 + (1.0178478008506844 * x_5)))) + ((-0.01 + (0.01 * (0.09997004958074049 + (0.9725437086252088 * x_8)))) + ((-0.01 + (0.02 * (0.025411185636871135 + (1.0085861129114744 * x_7)))) + ((0.030000000000000002 + (0.002 * (0.0037480437197946344 + (1.0171997847210195 * x_6)))) + ((-0.01 + (0.002 * (-0.06915440631011427 + (1.0059132552759904 * x_9)))) + (0.02 + (-0.05 * (-0.09009695051222572 + (0.9667130737789161 * x_2)))))))))))))
609_fri_c0_1000_5,ok,5,NoRef,0.5593956707409982,0.6746465119692665,105,10.977928400039673,,0.1,((((0.0181 * cos((94.3 + (-0.056662208270947687 + (1.0093749014959992 * x_1))))) * ((34.7 + (51.7 * (-0.03328608761079923 + (0.9930031921598278 * x_0)))) - ((0.064 + (-54.800000000000004 * (-0.056662208270947687 + (1.0093749014959992 * x_1)))) + (4.58 + (0.00486 * (0.18580190968182023 + (0.9780250034598157 * x_4))))))) + (0.00397 + (0.524 * (0.15003226178161752 + (1.0307127080102405 * x_3))))) - (0.5730000000000001 + (0.681 * cos(((-0.0261 + (-0.7000000000000001 * (0.18580190968182023 + (0.9780250034598157 * x_4)))) - (23.400000000000002 + (-0.497 * sqrt(((0.9690000000000001 + (9.950000000000001 * abs(((-0.00741 + (-0.5800000000000001 * (-0.026199140277906246 + (1.011143035371021 * x_2)))) - (0.00061 + (-0.645 * (-0.03328608761079923 + (0.9930031921598278 * x_0)))))))) * (3.69 + (-1.55 * (-0.056662208270947687 + (1.0093749014959992 * x_1)))))))))))))
611_fri_c3_100_5,ok,5,NoRef,0.6255278772681794,0.6088738756588954,72,9.505739450454712,,0.1,((0.02 + (0.01 * (-5.485044449520766e-09 + (1.0050378211517923 * x_1)))) * ((-0.01 + (25.0 * (2.2651548670983395e-09 + (1.0050378215807587 * x_3)))) + ((-0.01 + (-40.0 * sin((2.7 * (-5.485044449520766e-09 + (1.0050378211517923 * x_1)))))) + (-0.030000000000000002 + (-41.800000000000004 * cos(((0.7000000000000001 + (-1.8 * (3.3696518741937506e-10 + (1.0050378176809236 * x_0)))) + (0.3 + (0.3 * inv(((0.8 + (8.0 * (-1.4882628954172861e-09 + (1.0050378087527534 * x_4)))) + (-0.9 + (-6.0 * (7.488115246346441e-11 + (1.0050378153667796 * x_2)))))))))))))))
612_fri_c1_1000_5,ok,5,NoRef,0.2380774085028261,0.8483242977982652,72,15.549787521362305,,0.1,((0.01 + (0.9 * sin((-3.0 * (0.05379249346486988 + (0.9813329069621656 * x_1)))))) + ((0.01 + (0.004 * (0.05379249346486988 + (0.9813329069621656 * x_1)))) * ((0.030000000000000002 + (30.0 * (-0.1259509009120862 + (1.0224742268874492 * x_4)))) - ((-40.0 + (90.0 * (0.05379249346486988 + (0.9813329069621656 * x_1)))) + ((-0.001 + (-40.0 * (-0.0455437593761508 + (0.9567051152908453 * x_3)))) + ((-0.001 + (20.0 * (0.02499164981509785 + (0.963922001685239 * x_2)))) + (-0.001 + (0.2 * (0.058764461739031826 + (0.9941862663105345 * x_0))))))))))
613_fri_c3_250_5,ok,5,BFGS,0.0001283124277794423,0.9801375293506521,110,10.736642122268677,,0.1,(((0.0007146967167942747 * (-0.011035865820133607 + (1.0097221415593123 * x_2))) - (0.05192299062621382 + (-0.0023071597881195263 * (-0.0023800517403783196 + (1.0247486200671985 * x_4))))) + (((0.0006093143600160494 * (-0.00583196890049992 + (0.9920083120873421 * x_0))) - ((((-0.5861050402473008 + (-0.16288063789479823 * (0.011376775246438027 + (0.9978400925361779 * x_3)))) + ((10.995403630477258 + (0.04725909362986308 * (0.011376775246438027 + (0.9978400925361779 * x_3)))) * (0.13901206906360936 + (0.0075728381703910365 * (-0.028948889952718215 + (1.0093385016897576 * x_1)))))) - (-0.10279495975271491 + (-0.24985912550072983 * (-0.0023800517403783196 + (1.0247486200671985 * x_4))))) * (0.011206564089450572 + (1.0411806759854538 * ((-0.080228081003891 + (-1.6260054536736994 * sin((-16.700011777985193 + (-0.0077904950046704365 * (((-65.60709183680588 + (0.00038382148245577966 * (-0.00583196890049992 + (0.9920083120873421 * x_0)))) + (-0.0015618368059119956 + (-0.00027797499292079474 * (-0.028948889952718215 + (1.0093385016897576 * x_1))))))**3))))))**3)))) + (0.014837009373359404 + (-0.0020351937271677867 * (0.011376775246438027 + (0.9978400925361779 * x_3))))))
615_fri_c4_250_10,ok,10,BFGS,0.15017523277878164,0.911352189262119,125,17.45593023300171,,0.1,((0.00043017210498901947 + (0.003509491262000358 * abs((((-92.79999897675849 * sin((-3.019986752177039 + (-1.8500317938597715 * (0.008561553372822423 + (1.001972468388772 * x_1)))))) - (((((-0.009799196016363849 * (0.008561553372822423 + (1.001972468388772 * x_1))) - ((-0.46999911065121314 + (0.002079208971454781 * (((0.05849963063660936 + (-55.29999920934465 * (-0.004420436494283208 + (0.9982358793105901 * x_6)))) - (0.003960369363390645 + (-71.99999835491715 * (0.030981082827633125 + (1.0037440958902806 * x_2))))))**2)) + (8.320000889348787 + (0.45799955218858307 * (-0.027894848970115443 + (0.9944293071811292 * x_5)))))) + (82.29999911065121 + (1.2500007037427143 * (0.016849843417703382 + (1.0050181313033926 * x_4))))) * ((-0.3709804750336637 + (-0.023215096287793256 * arctan((-0.9660002320596021 + (-0.004270537525075444 * (-0.01918538936707431 + (0.9784295203960635 * x_9))))))) - (0.004480475033663754 + (-0.6837958157928601 * (0.018442320333777653 + (1.0043892364385394 * x_0)))))) + (0.05370045569531893 + (0.0011001252453154984 * (0.05515174324685588 + (0.9881054953181548 * x_8)))))) + (0.007249544304681081 + (9.749999583226215 * (-0.04174225894742663 + (1.009234310176972 * x_7)))))))) - (0.45910982789501104 + (-0.3339254445908311 * (0.030508266623949246 + (1.0184149844080637 * x_3)))))
617_fri_c3_500_5,ok,5,NoRef,0.40909232973825904,0.7333146583535713,79,9.736132383346558,,0.1,((-0.1 + (0.4 * (0.03177150349695045 + (1.0457474271073812 * x_3)))) + ((-0.1 + (-0.4 * (0.06583752182489036 + (1.0614816774443865 * x_2)))) + ((0.02 + (0.009 * (0.06884697124093933 + (1.0266038989481894 * x_1)))) * ((0.01 + (40.0 * cos(((0.7000000000000001 + (2.5 * (0.06884697124093933 + (1.0266038989481894 * x_1)))) + (-0.1 + (0.6 * (0.06189277847607138 + (1.0463141535655052 * x_0)))))))) + (0.01 + (32.1 * cos((0.7000000000000001 + (1.3 * sin((0.060000000000000005 + (-0.6 * sin((0.8 + (9.9 * (0.07378384716018162 + (1.066710481333945 * x_4)))))))))))))))))
621_fri_c0_100_10,ok,10,NoRef,0.5219280126970645,0.6879616702627686,125,9.23953628540039,,0.1,((0.00224 + (0.328 * (8.330528184386568e-10 + (1.0050378147807428 * x_4)))) - ((((-0.403 * (3.369651839070239e-09 + (1.0050378086193497 * x_0))) - ((0.496 + (-0.00821 * (5.607351256555068e-09 + (1.0050378092727088 * x_5)))) + ((0.028600000000000004 + (0.095 * log((0.7190000000000001 + (-0.09730000000000001 * (9.734549852333354e-10 + (1.0050378163751326 * x_8))))))) - (0.315 + (-0.51 * (1.4976230557380417e-10 + (1.0050378197078866 * x_1))))))) + ((((0.00492 * (-1.652504178821832e-09 + (1.005037812839098 * x_6))) * (0.00295 + (0.497 * (2.316635645158825e-09 + (1.005037811384345 * x_3))))) + (0.005379999999999999 + (-0.005869999999999999 * (3.5755750494243194e-09 + (1.0050378207899893 * x_7))))) * (-0.008919999999999999 + (2.29 * (2.3868367447602294e-10 + (1.0050378172229721 * x_2)))))) - ((0.00855 + (0.734 * (2.316635645158825e-09 + (1.005037811384345 * x_3)))) - (-0.0010999999999999998 + (-0.661 * sin(((-0.069 + (0.05 * (-5.503764690973492e-09 + (1.0050378132222737 * x_9)))) - (-3.48 + (-29.6 * (9.734549852333354e-10 + (1.0050378163751326 * x_8)))))))))))
623_fri_c4_1000_10,ok,10,BFGS,0.07345769241743638,0.8277352699385304,128,18.622042894363403,,0.1,(((0.06570048274109072 + ((-0.06153013423915718 * (0.14278809094854045 + (1.0265951539192182 * x_1))))**2) + (-0.07019951725890929 + (-0.0013752514914627022 * (0.13941561426198104 + (1.0104749796278643 * x_0))))) * ((-7.399998050715421 + (-0.066599613716492 * (-0.11576764803778941 + (1.0044960092981252 * x_8)))) * ((((-4.269999830463143 * (0.14053229737994233 + (1.0823781329800635 * x_2))) - (0.3359997774438217 + (-0.39100001458145067 * inv((13.70000000802906 + (-22.499999994857802 * (-0.05362121669788681 + (1.0618312288592786 * x_7)))))))) + ((0.004400222556178302 + (-25.099999530724943 * sin(((-0.007336835108192918 + (0.15799604916488383 * (0.0736087982084613 + (0.9999677590618523 * x_9)))) + (0.057403164891807086 + (-0.7339227784387145 * inv((0.039128802220590356 + (0.004596665157449146 * (0.14278809094854045 + (1.0265951539192182 * x_1))))))))))) + (((0.01267959112774892 + (-0.06877404626061501 * (0.09947925414942209 + (1.0205751432371792 * x_3)))) * (-91.59999997765753 + (-0.0822000228055582 * (0.1293185428126426 + (1.1237869624512584 * x_4))))) - (-0.008930222556178303 + (-0.75399999959089 * (0.02709331977686438 + (0.9998511943214848 * x_5))))))) - (-0.5350002225561783 + (-0.04100108151676958 * abs((-4.860000009124842 + (-0.00630999930957586 * (0.12525825913657282 + (0.980269270206672 * x_6))))))))))
624_fri_c0_100_5,ok,5,NoRef,0.5025112348327563,0.7017933268179118,120,10.9279625415802,,0.1,(-0.41300000000000003 + (1.79 * arctan((((4.92 + abs((4.83 * (-1.8252280771675934e-09 + (1.0050378081626472 * x_2))))) + ((0.188 + (-0.00054 * (-1.9656302458928866e-09 + (1.0050378110182856 * x_4)))) * (((-0.0757 + (8.23 * (-1.9656302458928866e-09 + (1.0050378110182856 * x_4)))) + (-0.057 + (0.014600000000000002 * (-1.9656302458928866e-09 + (1.0050378110182856 * x_4))))) - ((0.868 + (-14.6 * (1.6052646991142874e-09 + (1.005037818082082 * x_3)))) - (0.029500000000000002 + (-4.0200000000000005 * exp((0.067 + (-1.93 * (4.24014525147764e-09 + (1.0050378137630331 * x_0))))))))))) * ((0.049600000000000005 + (0.0815 * (-2.059231685602471e-10 + (1.0050378118806327 * x_1)))) + (0.0446 + (-0.00358 * inv((-0.0585 + (-0.0033 * (((-4.2 + (-47.800000000000004 * (-1.8252280771675934e-09 + (1.0050378081626472 * x_2)))) + (-0.030400000000000003 + (0.0119 * sqrt((0.07350000000000001 + (0.0661 * ((-0.045200000000000004 + (-0.00735 * (1.6052646991142874e-09 + (1.005037818082082 * x_3)))))**2)))))))**2))))))))))
627_fri_c2_500_10,ok,10,NoRef,0.6740884473670823,0.5766495213395896,114,11.975866317749023,,0.1,((-0.1 + (0.4 * (0.033341707614650384 + (0.9827162141673074 * x_3)))) + ((0.02 + (0.01 * (-0.013129577447021317 + (0.9990856847101941 * x_1)))) * ((0.1 + (64.0 * sin(((0.7000000000000001 + (-1.4000000000000001 * (-0.013129577447021317 + (0.9990856847101941 * x_1)))) + (0.01 + (-1.2 * (-0.03715904788242102 + (0.9873114643136044 * x_0)))))))) + ((0.01 + (7.0 * (0.03697216135961967 + (1.0049960573880736 * x_4)))) - ((-0.1 + (20.0 * (0.026683047888560293 + (0.9757203942515261 * x_2)))) + ((-0.1 + (0.02 * (0.089197355976 + (0.9914281091126119 * x_8)))) + ((-6.0 + (0.001 * (-0.022952103075604885 + (0.9844216391496325 * x_5)))) + ((-0.001 + (-0.2 * (-0.026586736692291005 + (0.9760546559365092 * x_9)))) + ((0.01 + (0.001 * (-0.05602650016378306 + (0.9823369513031974 * x_7)))) * (0.060000000000000005 + (0.060000000000000005 * (-0.036573688340500496 + (0.9921415214297146 * x_6)))))))))))))
628_fri_c3_1000_5,ok,5,BFGS,0.3668515207773303,0.7813252343707797,121,14.226015567779541,,0.1,((-9.819999785896734 + (-0.03800214341342236 * (0.04665711240912954 + (1.1089028168055421 * x_2)))) + ((1.0699999996971747 + (0.8879950419612335 * ((84.79999992531076 + (0.07995654940232406 + (1.0305655132338056 * x_3))))**2)) * (0.0012954883834547443 + (-0.005245941798107798 * inv((0.9549988522325835 + (-9.430001428566008 * sqrt(((5.300003639716028 + (0.9719982420175409 * sin((6.419999322250514 * (0.07995654940232406 + (1.0305655132338056 * x_3)))))) + (-0.0116963602839714 + (3.9799972855507013 * log(((-0.14505400030771237 + (3.620001837684243 * inv((-28.8999997736356 + (-0.011951282734320523 + (1.0307417971714052 * x_1)))))) * (-1.9300069555628032 + (-0.00020775494227248724 * ((((-0.038800056501051346 * sqrt(((0.4780000010104645 + (0.21600000006529244 * (-0.006538880888095933 + (1.0173482172539636 * x_0)))) + ((0.003060001010464504 + (-0.001399999647428502 * (0.04995802988010866 + (1.124767200659096 * x_4)))) + (0.5900000010104646 + (0.0011300002150231771 * (0.04665711240912954 + (1.1089028168055421 * x_2)))))))) + (0.561999945690749 + (-89.50000000227023 * (-0.006538880888095933 + (1.0173482172539636 * x_0))))) + (-70.00000005430924 + (-92.0999999798807 * (-0.011951282734320523 + (1.0307417971714052 * x_1))))))**2)))))))))))))))
631_fri_c1_500_5,ok,5,BFGS,0.22173296488447236,0.9119779405635591,64,13.438117742538452,,0.1,((((-0.016540429221900767 + (-0.0018090912433718145 * sin(((-0.8932514900266458 + (0.7583406684950035 * (0.06765066243771634 + (0.9954469854695703 * x_0)))) * (1.631368954082934 + (2.079769946745645 * (0.051813494666047274 + (0.9930497282225305 * x_1)))))))) * (23.69926769209879 + (-0.3061597977492265 * (0.04936468118293561 + (1.0271014528879046 * x_2))))) - ((-0.3895205530194291 + (-0.24638505688407944 * (-0.056521872297880936 + (0.9717229773807777 * x_4)))) - (-95.10447944698058 + (0.494197578315487 * (0.011619934130194394 + (1.0130552558033206 * x_3)))))) + (95.09552055301944 + (-0.010642421684512968 * (0.011619934130194394 + (1.0130552558033206 * x_3)))))
634_fri_c2_100_10,ok,10,BFGS,0.007545395482783879,0.9912265360827965,110,16.643829584121704,,0.1,(((((-1.1845724133215934 + (8.096524631093754e-10 + (1.005037812430936 * x_3))) - ((1.17427241323626 + (-2.925633129155579 * cos((((0.03996958786516623 + (-28.293010436248053 * (-2.2277142980311373e-09 + (1.005037820890266 * x_8)))) + (-0.36653041212710624 + (1.2508264768607475 * (-6.053673205708496e-09 + (1.0050378214297475 * x_6))))) - ((3.770702561301831 + (-0.05358624102778433 * (2.620840332405153e-10 + (1.005037813903384 * x_7)))) * (-0.4652926064091571 + (-71.59380312132434 * (-1.984350541638051e-09 + (1.0050378174665446 * x_9))))))))) - (((-2.8244074049158554 * (-3.891699263916169e-09 + (1.005037812523656 * x_0))) * (2.2571606568510925 + (0.2785231971516743 * (-2.040511411673613e-09 + (1.0050378188363487 * x_4))))) + (-1.2478524132525683 + (-0.332181884750674 * (1.3478607413557276e-09 + (1.0050378131397857 * x_5))))))) * (0.00021347665499163454 + (-8.328064624240513e-05 * (-3.891699263916169e-09 + (1.005037812523656 * x_0))))) * (68.30330633892478 + (0.40592049957436394 * (-4.972576454754833e-10 + (1.0050378191710638 * x_2))))) * (0.06673695081330466 + (0.10934869870439823 * (-3.5942953176591e-09 + (1.0050378169186154 * x_1)))))
635_fri_c0_250_10,ok,10,NoRef,0.6057905451123511,0.6186539381182905,115,15.959678649902344,,0.1,(((0.5860000000000001 * (3.284185646600527e-05 + (1.0134618852695818 * x_3))) + ((((-0.274 * (0.024595320138910946 + (1.0093932487757626 * x_5))) * ((0.00566 + (-0.00039 * (-0.030720025213037582 + (0.9964720662834899 * x_8)))) * (56.5 + (-0.322 * (-0.029670791284983563 + (0.9968372944853446 * x_6)))))) + (-0.009219999999999999 + (0.00564 * (0.023946984823668138 + (1.0075174426626203 * x_9))))) - (0.016800000000000002 + (0.919 * sin(((-8.68 + (0.769 * (0.0299533659358918 + (1.026432356260368 * x_1)))) - ((0.062400000000000004 + (-0.91 * (-0.0158002831059501 + (1.035825655276819 * x_0)))) - (-0.0093 + (0.322 * (0.05626701566663447 + (0.984972246146817 * x_4))))))))))) + (0.001 + (0.7140000000000001 * cos(((52.300000000000004 + (0.9470000000000001 * (0.03710033285164021 + (0.9862754867919485 * x_2)))) + ((-4.19 + (-0.007719999999999999 * (0.03710033285164021 + (0.9862754867919485 * x_2)))) - (0.064 + (-0.00348 * (0.044703616871696904 + (1.002732006634402 * x_7))))))))))
641_fri_c1_500_10,ok,10,NoRef,0.04502718442329967,0.9332104798218407,118,17.695226192474365,,0.1,((-0.00449 + (0.322 * (-0.041244311805811756 + (0.9881424498527619 * x_3)))) - (((-0.49500000000000005 + (0.8300000000000001 * cos((-0.007209999999999999 + (-0.010538602807564558 + (1.0101551525364498 * x_2)))))) * ((-0.030600000000000002 + (-0.0439 * (0.06278172057161527 + (0.9810267998778318 * x_8)))) * ((-0.0012799999999999999 + (3.0 * (0.09722717144425294 + (1.0248389370748021 * x_7)))) - ((0.00375 + (-0.00535 * (0.04604423538072993 + (0.9674549471240764 * x_9)))) * ((2.41 + (3.69 * (0.06346169844205729 + (1.024410073610703 * x_5)))) + (-9.52 + (3.16 * (-0.005068268617956794 + (1.0102445817775312 * x_6))))))))) - ((0.00741 + (-0.12000000000000001 * sin((((0.00805487804850231 + (0.9968997576834833 * x_1)) - (0.007319999999999999 + (-0.00041999999999999996 * inv((0.00946 + (-0.0077399999999999995 * (-0.00754624478365389 + (0.9836753950133191 * x_0)))))))) + (-0.183 + (-0.9840000000000001 * (-0.00754624478365389 + (0.9836753950133191 * x_0)))))))) * (11.200000000000001 + (-0.009179999999999999 * (-0.0007699340761739147 + (1.0247051180741429 * x_4)))))))
646_fri_c3_500_10,ok,10,NoRef,0.7346462406762859,0.5065396365979115,115,20.163506984710693,,0.1,(((((-47.5 + (0.05178842670427133 + (1.0545913349620601 * x_9))) + ((0.08720000000000001 + (0.899 * ((-0.0015 + (0.018198606053000926 + (0.9830177296829794 * x_7))))**2)) * (-0.0068 + (14.1 * (-0.015303586236559374 + (0.9921594894841607 * x_5)))))) * (((-0.8280000000000001 + (-0.202 * (-0.07585884095525353 + (0.9394858417435231 * x_4)))) - (-0.0025299999999999997 + (0.0614 * (-0.08572351112350518 + (0.9977370817874324 * x_8))))) - (1.51 + (0.018400000000000003 * (-0.05721558898573879 + (0.9725279454163238 * x_2)))))) * (0.00062 + (0.00282 * (-0.0010674995282084277 + (0.9888977016014616 * x_3))))) - ((0.033 + (-1.83 * sin(((-0.0381 + (1.93 * (-0.07566403615497733 + (1.0061982190189063 * x_1)))) + (0.0161 + (0.8400000000000001 * (-0.08580614110746695 + (0.9764867799745204 * x_0)))))))) * ((0.0102 + (0.005869999999999999 * (-0.07566403615497733 + (1.0061982190189063 * x_1)))) * (-67.1 + (1.53 * (0.05867666558860839 + (0.9957561638142012 * x_6)))))))
647_fri_c1_250_10,ok,10,NoRef,0.19722989695537763,0.9044220722066552,100,18.872271060943604,,0.1,(((0.00747 * (-0.01920572954524788 + (0.9843620950829046 * x_5))) - (0.308 + (-0.311 * (0.012771660018394299 + (0.9916244828062031 * x_3))))) + ((0.0546 + (0.0195 * (0.0005549552017442876 + (1.0134782143162062 * x_7)))) + (((((0.00294 + (0.04259752720332055 + (1.0063005627788042 * x_4))) - ((-0.019000000000000003 + (-3.13 * cos((5.2 + (-3.3000000000000003 * (-0.06563464502751039 + (0.9806987438418552 * x_1))))))) - ((-0.0073 + (-0.0526 * (0.0026619787194639703 + (0.9855581582449608 * x_9)))) * (-0.0013599999999999999 + (-8.76 * (-0.004478456272028574 + (1.0195182309979691 * x_6))))))) * (1.44 + (-0.09200000000000001 * (-0.02629323549384153 + (0.9986094332148666 * x_2))))) - (-0.00745 + (-0.0044599999999999996 * (-0.02713842520686745 + (0.9779645183370135 * x_8))))) * (0.275 + (0.084 * (-0.0661680238763467 + (0.9883772642250066 * x_0)))))))
649_fri_c0_500_5,ok,5,NoRef,0.541505549609056,0.6565876087031591,115,19.15237855911255,,0.1,((0.038400000000000004 + (2.08 * abs((((0.09110000000000001 * (0.007078065159054314 + (1.0130563010908327 * x_4))) + (-0.00283 + (-0.517 * (-0.021789259863661356 + (1.0063983944922867 * x_2))))) + (0.061000000000000006 + (0.00115 * (((0.20900000000000002 + (-7.4 * (-0.021789259863661356 + (1.0063983944922867 * x_2)))) - ((0.0458 + (0.08230000000000001 * (-0.06639078434904079 + (1.0571454595405074 * x_3)))) + (-0.00981 + (-9.34 * (-0.021789259863661356 + (1.0063983944922867 * x_2)))))))**3)))))) + (((-0.012400000000000001 + (-71.8 * (0.05231147534006627 + (1.0066634887399533 * x_1)))) * (((0.08320000000000001 * (-0.08932909934794814 + (1.0023846504648501 * x_0))) * (0.0189 + (0.0512 * (-0.08932909934794814 + (1.0023846504648501 * x_0))))) + (-0.00802 + (0.00486 * (0.05231147534006627 + (1.0066634887399533 * x_1)))))) - ((0.00814 + (-0.548 * (-0.08932909934794814 + (1.0023846504648501 * x_0)))) + (0.34 + (-0.45 * (-0.06639078434904079 + (1.0571454595405074 * x_3)))))))
654_fri_c0_500_10,ok,10,BFGS,0.559736360674955,0.6799845536073659,113,16.52984619140625,,0.1,((-0.019939510728183146 + (0.24201890906372125 * (0.04187135150738115 + (1.0510953173290194 * x_4)))) - ((-0.8464604892718167 + (-0.007283046637713813 * (-0.10813174643488255 + (1.0302077368719882 * x_9)))) - (((0.07538296218499109 * (-0.014222167248802433 + (1.0018358309056357 * x_7))) + ((-0.8455395107281833 + (0.3430165462280021 * (0.0007491783139851028 + (0.9893417119088128 * x_3)))) - (((-0.018661510636687174 * (-0.040554941512674664 + (0.9867431653933428 * x_5))) + (0.008439510728183146 + (-0.00344774763005828 * (0.012504066596160423 + (0.9932606007852361 * x_8))))) + (0.01107951072818315 + (-0.3607284022539937 * (-0.027601897422796586 + (1.0061636075716038 * x_0))))))) + (((0.07298447014208528 + (-0.06393432606302606 + (0.9998031220651009 * x_1))) - ((-0.013584470142085279 + (0.020387760990751434 * (-0.028243686434320705 + (1.024267302083891 * x_6)))) - (-0.0006755298579147221 + (-0.8442162254659528 * cos((0.6525964678606273 + (2.490986894748421 * (-0.04407831859558271 + (1.0230621218787368 * x_2))))))))) * (0.3998274061921344 + (0.010326767554679601 * inv((-0.40228037304020364 + (0.21804357610957237 * (0.04187135150738115 + (1.0510953173290194 * x_4)))))))))))
656_fri_c1_100_5,ok,5,NoRef,0.4425020644162978,0.7429151807711208,55,7.07584023475647,,0.1,(((0.4 * (-2.334185930610602e-09 + (1.005037817059757 * x_3))) + (-0.4 + (1.5 * cos(((-0.6 + (-1.6 * (-2.4523577450329915e-09 + (1.0050378152122343 * x_1)))) + (0.3 + (-0.9 * (2.6302004833736337e-09 + (1.0050378148437342 * x_0))))))))) + ((0.01 + (0.4 * cos((9.9 * (-7.127749685219048e-09 + (1.0050378135022553 * x_2)))))) + (0.01 + (0.2 * (-2.3774765717598145e-09 + (1.005037807353799 * x_4))))))
657_fri_c2_250_10,ok,10,NoRef,0.15378941870178686,0.8987433821507262,132,19.03326106071472,,0.1,((-0.08130000000000001 + (0.132 * (0.018254636074701108 + (0.9942750378113397 * x_4)))) + ((-0.00045 + (-0.015300000000000001 * sin((7.71 + (0.022131640344706344 + (1.009302535480512 * x_1)))))) * ((((9.99 * (-0.006003778824579484 + (1.0087748641396674 * x_5))) * (0.0344 + (0.6960000000000001 * (0.01923199185394909 + (1.0038423878099012 * x_7))))) + (0.050600000000000006 + (70.8 * arctan(((((0.86 * (-0.027403051165010864 + (0.9906865960511145 * x_9))) + (0.531 + (0.0732 * (0.018254636074701108 + (0.9942750378113397 * x_4))))) + (0.658 + (8.65 * (0.022131640344706344 + (1.009302535480512 * x_1))))) - ((((0.0776 * inv((0.008202063620804667 + (0.9965091232089126 * x_8)))) + (-23.6 + (-0.00811 * (-0.037582608011145234 + (0.9993401832171055 * x_6))))) + ((-0.641 + (0.764 * (0.021508000057596278 + (0.9976225312856856 * x_2)))) + (-9.18 + (-0.02 * (0.009016765386932166 + (0.9975550945917872 * x_0)))))) * (-0.16 + (-0.028800000000000003 * (0.004078747777071304 + (0.9820351885905952 * x_3)))))))))) + (23.0 + (-49.4 * (0.021508000057596278 + (0.9976225312856856 * x_2)))))))
659_sleuth_ex1714,ok,7,NoRef,0.4991687263592418,1928.283418093302,133,11.809741020202637,,0.1,(((9.13 + (2.2 * (-1.5864294781793549 + (0.23528616482898382 * x_5)))) * (((-0.00925 * (-2.1195565262766687 + (0.06927618688108722 * x_0))) + ((0.112 + (0.012700000000000001 * (-2.7012166664995867 + (0.044775757746126514 * x_3)))) + (-3.7 + (0.108 * (((-61.1 + (99.5 * inv(((-0.0024 + (-0.864 * (-1.3342416419238172 + (0.1086628959150872 * x_1)))) + (-9.24 + (-0.00245 * (-1.3342416419238172 + (0.1086628959150872 * x_1)))))))) - (27.5 + (9.200000000000001 * sin((2.0 + (31.6 * (-2.1027705487761197 + (0.0695497648082179 * x_2)))))))))**2)))) + (3.1 + (-0.27 * sin((((74.60000000000001 + (-0.9806249362272483 + (1.5947879644085274 * x_6))) - (0.00812 + (-0.11 * (-1.085177167929372 + (0.031018261473926296 * x_4))))) * (0.5660000000000001 + (0.048400000000000006 * (-2.1027705487761197 + (0.0695497648082179 * x_2)))))))))) - (((-0.00893 + (-2.1195565262766687 + (0.06927618688108722 * x_0))) + (7.11 + (5.67 * (-2.1195565262766687 + (0.06927618688108722 * x_0))))) * (-40.7 + (-75.9 * (-2.1195565262766687 + (0.06927618688108722 * x_0))))))
663_rabe_266,ok,2,NoRef,0.9799453097851044,7.391454893075313,74,11.0841064453125,,0.1,(((9.92 + (0.397 * inv((-0.0534 + (-1.21 * cos((0.00925 + (99.5 * ((0.7090000000000001 + (-8.64 * (0.14484136487558028 + (0.028968272975116057 * x_0)))))**2)))))))) * (-5.49 + (5.3 * (0.14484136487558028 + (0.028968272975116057 * x_0))))) - ((0.0006399999999999999 + (6.9 * (-1.9148542155126762 + (0.06963106238227913 * x_1)))) * (((-4.72 + (2.27 * (0.14484136487558028 + (0.028968272975116057 * x_0)))) * (-0.48700000000000004 + (0.12000000000000001 * (-1.9148542155126762 + (0.06963106238227913 * x_1))))) - (0.0767 + (0.0563 * (-1.9148542155126762 + (0.06963106238227913 * x_1)))))))
665_sleuth_case2002,ok,6,BFGS,6.892534940872164e-05,9.604788355631761,119,10.756823539733887,,0.1,(5.174051552206207 + (0.04456046787011949 * abs((((0.06052801899220073 + (-0.16079134326863864 * (-0.6642111641550715 + (2.1697564695732336 * x_3)))) * (-0.5014891089764341 + (0.06422997087766896 * (-7.778182412958265 + (0.1365408185699624 * x_4))))) - ((1.5825264862974493 + (-71.03765654011778 * sin(((-0.3307855042063856 + (0.4963486018041917 * ((51.004258359144615 + (0.04356206490693892 * (-0.7071067811865475 + (2.1213203435596424 * x_1)))))**2)) - (2.6751055038654035 + (-0.036002333721269784 * inv((0.01421215011810536 + (-0.04688011710768588 * (-0.9151502608861564 + (2.0078669903024626 * x_2))))))))))) * (-0.5821662517347611 + (29.77103715962065 * inv((5.68520472798216 + (1.4884344703917105e-05 * tan(((1.0815475018455991 + (-44.79812111877591 * (-0.5694947974514993 + (2.3254370895936227 * x_0)))) + ((-14.2404524981996 + (-0.37551403550456347 * (-0.9151502608861564 + (2.0078669903024626 * x_2)))) - ((-0.36582750181189794 + (50.757343581052474 * (-1.9995832060131968 + (0.0717974429125403 * x_5)))) + (-46.3595475017885 + (2.231653528854384 * ((-0.10237158726061116 + (-0.2865041895851365 * inv((-4.59473702247755 + (-3.3203157401743396e-08 * (-0.7071067811865475 + (2.1213203435596424 * x_1))))))))**2))))))))))))))))
666_rmftsa_ladata,ok,10,BFGS,0.62564552030083,2.1028015668202236,142,20.757644414901733,,0.1,(3.7800000000000002 + (0.04889999196558706 * exp(((0.008049999607117208 + (-0.06169991173360114 * tan((((-0.09134623401453781 + (0.05853016855871874 * (-3.3483486236896987 + (0.06797828569246922 * x_9)))) * (48.29999979504336 + (5.600000159477174 * (-11.545971418891767 + (0.06591093670668177 * x_0))))) - (((0.7940403718331763 + (-2.2523529244541303 + (0.24606332236205597 * x_4))) - ((((-0.03992811244257336 + (-0.010518984567084498 * (-5.011682575607894 + (0.08680026844289343 * x_3)))) + (-74.99882811244257 + (-0.021856980543893446 * (-3.8354583612121833 + (0.07161043279702374 * x_7))))) - (55.39882811244257 + (-5.518891193579749 * (-2.8651998268107124 + (0.2441512028573268 * x_6))))) * ((2.465476266833338 + (0.11535544010071096 * (-1.860383418830298 + (0.22141754360553986 * x_8)))) + (0.0057462668333378404 + (58.397044706166945 * (-3.2431091529575657 + (0.9419701858187693 * x_5))))))) * (-32.99518201751135 + (-0.011107598324046971 * (-7.906331305186756 + (0.10670741666151873 * x_2))))))))) - ((-4.619999999607117 + (-0.4330000003057029 * (-11.545971418891767 + (0.06591093670668177 * x_0)))) + ((-0.5690000001586683 + (0.8979999998854882 * cos(((-0.1310000087668218 + (0.2640000053247128 * (-9.53752739277275 + (0.10189589818207269 * x_1)))) * (91.70000000002874 + (5.209999999984493 * (-3.2431091529575657 + (0.9419701858187693 * x_5)))))))) * (-0.34899999996892594 + (0.07049999997582118 * (-11.545971418891767 + (0.06591093670668177 * x_0))))))))))
678_visualizing_environmental,ok,3,BFGS,0.013624754534836359,3.5189289553118313,62,7.302062273025513,,0.1,(((-110.67389179141195 + (-1.2708878931061365 + (0.03018800687669188 * x_0))) * ((49.75305932591546 + (-0.0659279745893061 * (-8.199984227605405 + (0.1054080196021077 * x_2)))) - (10.843970674423858 + (0.42803516234663014 * ((-6.809271337516352 + (0.11118448069986779 * sqrt((-0.1592981020460877 + (92.4954677969308 * ((-12.350030735109948 + (0.0020752444493459823 * sin((-3.19405822145845 + (-7.074026345980247 * inv((-0.005162872916629007 + (0.010104616351099214 * (-2.0365904670492747 + (0.011020403736287696 * x_1)))))))))))**2))))))**2)))) * (-0.004212485526930656 + (-3.9508346631680595e-05 * (-8.199984227605405 + (0.1054080196021077 * x_2)))))
687_sleuth_ex1605,ok,5,NoRef,0.13210319537777282,14.199345539216006,52,7.649980783462524,,0.1,((99.0 + (15.0 * cos((99.0 * (-5.422613168093948 + (0.06312467450653864 * x_1)))))) + ((0.09000000000000001 + (0.15 * (-8.4556341730914 + (0.07385873749389502 * x_4)))) * ((80.0 + (60.0 * (-4.273294241464471 + (0.34678565833873976 * x_0)))) + ((-0.01 + (-0.030000000000000002 * (-8.944849837562757 + (0.07735816570356965 * x_2)))) + (-0.01 + (-40.0 * (-8.688995392983172 + (0.07749104061636315 * x_3))))))))
690_visualizing_galaxy,ok,4,BFGS,-0.0004722485093486828,97.90146128582086,49,13.242093086242676,,0.1,((17.425224226603756 + (1.4463076245758112e-11 * (-0.014811247445722082 + (0.04714572537817882 * x_1)))) * (67.47933701330699 + (24.344966145659413 * sin((1.5809923154188006 + (-9.370462266474096e-09 * cos(((-0.1871837266843244 + (4.081129098547151 * (-2.3138420620132027 + (0.025977793443507386 * x_2)))) + ((-0.1871837266286176 + (-1.2644367227001716 * (0.048534005474465805 + (0.08506574559780157 * x_0)))) + (8.722816273274844 + (-93.10428456025237 * (0.00041221357154477725 + (0.041221155529185684 * x_3)))))))))))))
706_sleuth_case1202,ok,6,NoRef,0.3501868276764144,72.91804229248557,122,10.338220834732056,,0.1,(3.5100000000000002 + (0.381 * ((((-4.79 + (5.3500000000000005 * sin(((((62.2 + (1.77 * (-1.3806701271484079 + (2.1049560954885562 * x_2)))) + (-0.0021999999999999997 + (-0.08900000000000001 * (-2.1314423186227427 + (1.011347630775077 * x_5))))) - ((-2.97 + (65.4 * (-8.067036718120427 + (0.09804422566455824 * x_3)))) * (-0.166 + (0.00616 * (-7.68010058678442 + (0.0014169083984426412 * x_0)))))) - (0.030000000000000002 + (-0.126 * inv((-0.23700000000000002 + (0.653 * (-2.1314423186227427 + (1.011347630775077 * x_5))))))))))) + ((0.518 + (53.9 * inv((79.5 + (0.64 * cos((-9.56 + (0.00344 * (-5.8387321233516065 + (0.0005617999057339651 * x_1)))))))))) + ((0.64 + (0.09400000000000001 * ((0.00346 + (-8.067036718120427 + (0.09804422566455824 * x_3))))**2)) * (-16.8 + (-8.85 * (-3.4018077595745577 + (0.007170790852930344 * x_4))))))) - (0.0181 + (5.05 * inv((3.02 + (-7.41 * (-1.3806701271484079 + (2.1049560954885562 * x_2)))))))))**2))
712_chscase_geyser1,ok,2,BFGS,0.6965605215991921,6.95285189515492,70,16.910919904708862,,0.1,(((69.93508168873134 + (-0.18971828713676522 * cos((0.000789799701699331 * (-3.3935425619618167 + (0.94461866768293 * x_1)))))) + ((0.042958030448057204 + (0.09548081512904852 * (-1.5024884050165992 + (0.13469192335424468 * x_0)))) * (-0.02411876097025032 + (-0.0718506693069065 * (-3.3935425619618167 + (0.94461866768293 * x_1)))))) - (((0.29171052038645506 * (-3.3935425619618167 + (0.94461866768293 * x_1))) - (5.235081688731361 + (-29.475827192949854 * abs((-0.4946704630636841 + (0.03587338268472684 * cos((-18.41733283374869 + (-90.56181893387974 * (-1.5024884050165992 + (0.13469192335424468 * x_0))))))))))) + (-10.135081688731361 + (-8.104559479613545 * (-3.3935425619618167 + (0.94461866768293 * x_1))))))
feynman_III_10_19,ok,4,NoRef,0.912674205167228,2.1261656547484367,90,15.999100923538208,,0.1,((-0.00771 + (0.44 * (-2.5928212263706856 + (0.8757205925655337 * x_1)))) + (((((-2.6890810491196837 + (0.8961237359346407 * x_2)) * (0.0951 + (-0.0753 * (-2.5928212263706856 + (0.8757205925655337 * x_1))))) + ((0.924 + (0.0742 * (-2.5928212263706856 + (0.8757205925655337 * x_1)))) - (-0.153 + (-0.14600000000000002 * (-2.7632761273837882 + (0.8839173948987078 * x_3)))))) - (0.00624 + (0.14700000000000002 * cos((-0.2 + (-69.60000000000001 * (-2.7632761273837882 + (0.8839173948987078 * x_3)))))))) * (((-0.128 + (0.791 * (-2.6890810491196837 + (0.8961237359346407 * x_2)))) + (-22.7 + (5.6000000000000005 * (-2.673971965623433 + (0.8898553227888648 * x_0))))) - (-37.7 + (-0.0025499999999999997 * (-2.6890810491196837 + (0.8961237359346407 * x_2)))))))
feynman_III_12_43,ok,2,NoRef,0.9483947735979603,0.18607533113352098,73,14.94922661781311,,0.1,(((-6.8 + sin(((((77.7 * sin((0.9640000000000001 + (-2.6600860698602395 + (0.8787782072695123 * x_0))))) * (8.07 + (-0.9520000000000001 * (-2.6600860698602395 + (0.8787782072695123 * x_0))))) + (0.058 + (0.009519999999999999 * (-2.5465486207773664 + (0.8639978684630047 * x_1))))) - (1.98 + (-8.97 * (-2.6600860698602395 + (0.8787782072695123 * x_0))))))) * ((7.87 + (2.88 * (-2.6600860698602395 + (0.8787782072695123 * x_0)))) * (-9.26 + (0.0037099999999999998 * (-2.6600860698602395 + (0.8787782072695123 * x_0)))))) * (0.0028499999999999997 + (0.0012 * (-2.5465486207773664 + (0.8639978684630047 * x_1)))))
feynman_III_13_18,ok,4,NoRef,0.9553282642391663,116.85016907960811,77,17.83058452606201,,0.1,(0.05550000000000001 + (83.10000000000001 * (((((9.790000000000001 + sin(((-0.00987 + (8.86 * (-2.557360784962865 + (0.8860604608557809 * x_2)))) + (-6.09 + (3.96 * (-2.4699294639154807 + (0.8560964559950999 * x_3))))))) * (0.00104 + (0.00802 * sqrt((6.58 + (2.32 * (-2.557360784962865 + (0.8860604608557809 * x_2)))))))) * (-0.0869 + (5.65 * inv((0.227 + (0.0616 * (-2.4699294639154807 + (0.8560964559950999 * x_3)))))))) * ((0.41900000000000004 + (0.08510000000000001 * (-2.559111498086225 + (0.8438989755780321 * x_0)))) * (-0.919 + (-0.35600000000000004 * (-2.538907955679724 + (0.8360455927136513 * x_1)))))))**2))
feynman_III_14_14,ok,5,NoRef,0.717862727457171,3.7748765604747065,131,16.477697610855103,,0.1,((((-0.024300000000000002 + (-5.1655723252122225 + (3.434279417769823 * x_4))) + (-8.9 + (0.903 * sin(((0.037200000000000004 + (83.8 * sqrt((48.6 + (-5.111852970749168 + (3.3644339378306247 * x_2)))))) * ((-0.2 + (0.9700000000000001 * sqrt((0.009649999999999999 + (0.009819999999999999 * abs((-0.008799999999999999 + (5.43 * sqrt((17.5 + (0.084 * (-2.668504578371374 + (0.895141141763398 * x_0))))))))))))) - (92.7 + (0.0063 * (-2.668504578371374 + (0.895141141763398 * x_0)))))))))) * ((-0.273 + (0.0054399999999999995 * (-4.857485252493451 + (3.2877290201094715 * x_1)))) - (2.0 + (0.8560000000000001 * (-2.668504578371374 + (0.895141141763398 * x_0)))))) * ((-0.005039999999999999 + (-8.71 * inv((((-9.4 + ((-7.45 + (-5.111852970749168 + (3.3644339378306247 * x_2))))**2) * (-0.933 + (0.28300000000000003 * (-4.857485252493451 + (3.2877290201094715 * x_1))))) * (0.033 + (0.00896 * (-5.170473117636555 + (3.4111455044222505 * x_3)))))))) * (0.00838 + (4.5200000000000005 * ((-0.0737 + (-0.00208 * (-5.111852970749168 + (3.3644339378306247 * x_2)))))**2))))
feynman_III_15_12,ok,3,BFGS,-0.00016104029690788835,4.89496030185089,67,6.468993186950684,,0.1,(6.4500766558488465 + (0.03218287165469685 * ((((-0.0670857798549579 + sin(((7.20292685501406 + (0.24360006397789882 * (-2.7555269573611176 + (0.9149371100073108 * x_1)))) + (-1.9480731449859405 + (91.1621027918867 * (-2.433749339868416 + (0.8313595104823411 * x_2))))))) * ((1.540043421494214 + (0.0019728392979019337 * (-2.7555269573611176 + (0.9149371100073108 * x_1)))) - (1.5481565785057898 + (0.0017310497658489393 * (-2.6957874627590446 + (0.884057098270909 * x_0)))))) * (0.2201139631323518 + (-52.461028413868185 * inv((7.145448339964226 + (-1.8599660319476161 * ((-0.003248983758208462 + (-0.08183887378057084 * (-2.7555269573611176 + (0.9149371100073108 * x_1)))))**3)))))))**2))
feynman_III_15_14,ok,3,NoRef,0.8350419313353487,0.008622353145527579,52,13.84136176109314,,0.1,((0.001 + (0.005 * ((2.0 + (-2.34578704306449 + (0.8008218224036182 * x_0))))**2)) * (-0.060000000000000005 + (0.9 * inv(((0.04 + (0.019000000000000003 * (-2.600944791990059 + (0.8402356442102845 * x_2)))) * ((99.0 + (25.5 * (-2.7086572108381093 + (0.888939095052541 * x_1)))) + (0.6 + (9.200000000000001 * sin((0.01 + (9.9 * (-2.7086572108381093 + (0.888939095052541 * x_1)))))))))))))
feynman_III_15_27,ok,3,NoRef,0.9355235197546746,0.6890486276204046,87,15.469362497329712,,0.1,(((2.45 + (-2.4879626933927046 + (0.833693497064789 * x_0))) - (-0.0042 + (0.0039 * (-2.4879626933927046 + (0.833693497064789 * x_0))))) * (0.153 + (-41.5 * inv(((-0.0449 + (0.48900000000000005 * (((-95.9 + (-31.5 * (-2.4893777348254535 + (0.8762245096472185 * x_1)))) - ((-0.0114 + (-5.83 * (-2.4893777348254535 + (0.8762245096472185 * x_1)))) - (-14.1 + (9.870000000000001 * sin((0.007019999999999999 + (-0.686 * ((-0.0947 + (71.5 * sqrt((0.7030000000000001 + (0.034100000000000005 * sqrt((0.8480000000000001 + (-0.031000000000000003 * (-2.4879626933927046 + (0.833693497064789 * x_0)))))))))))**2))))))))**2)) * (-0.00865 + (-0.00379 * (-2.533070086737555 + (0.8625339673768139 * x_2)))))))))
feynman_III_17_37,ok,3,NoRef,0.7672645958644168,2.576265082466096,85,17.168429851531982,,0.1,(((0.0095 + (-0.9 * (-2.5686713329782953 + (0.862001671169859 * x_1)))) + (((3.34 + (-2.5686713329782953 + (0.862001671169859 * x_1))) * (-0.018600000000000002 + (-0.00813 * (-2.491499110603535 + (0.8386271442685918 * x_0))))) * ((-0.9580000000000001 + (3.93 * cos((-0.1 + (-2.551596122504234 + (0.8474189011325017 * x_2)))))) * ((0.0685 + (0.0869 * (-2.491499110603535 + (0.8386271442685918 * x_0)))) - ((7.13 + (0.41300000000000003 * (-2.491499110603535 + (0.8386271442685918 * x_0)))) - (45.1 + (7.03 * sin((0.55 + (35.300000000000004 * (-2.5686713329782953 + (0.862001671169859 * x_1)))))))))))) - (-0.0031 + (-0.196 * (-2.491499110603535 + (0.8386271442685918 * x_0)))))
feynman_III_19_51,ok,5,NoRef,0.2446565435965371,1.5855922279701578,118,12.041750431060791,,0.1,((((-0.00196 + sqrt((0.025300000000000003 + (0.0035299999999999997 * ((0.011800000000000001 + (0.545 * ((8.42 + (41.4 * inv((((4.87 + (-2.6622629714337247 + (0.9132238574171417 * x_4))) * (0.264 + (0.08070000000000001 * (-2.712534670836872 + (0.9145791987347105 * x_2))))) * ((9.58 + (-0.42900000000000005 * cos((-5.69 + (-48.800000000000004 * ((((-0.88 + (-2.7325304403218103 + (0.9024643506596678 * x_1))) + (0.0367 + (0.0937 * (-2.7193729315376136 + (0.8742168644608117 * x_0))))) * (3.88 + (3.12 * (-2.6537424167771304 + (0.8886083008934242 * x_3))))))**2))))) * (-0.032400000000000005 + (-0.00822 * (-2.6537424167771304 + (0.8886083008934242 * x_3))))))))))**2)))**2)))) - (-6.75 + (2.57 * (-2.7325304403218103 + (0.9024643506596678 * x_1))))) * (-0.00379 + (-0.0013 * (-2.7193729315376136 + (0.8742168644608117 * x_0))))) * (-0.019000000000000003 + (-0.0379 * inv((-0.668 + (0.308 * (-2.7325304403218103 + (0.9024643506596678 * x_1))))))))
feynman_III_21_20,ok,4,NoRef,0.9929507899257952,1.1208029672944504,77,20.24931263923645,,0.1,((((0.009899999999999999 + cos((52.2 + (-71.5 * (-2.6240687793748685 + (0.8890183185341883 * x_1)))))) - ((-0.49000000000000005 + (0.0053 * (-2.545412639486553 + (0.8474318891943581 * x_3)))) + (-8.19 + (-3.33 * (-2.5656360395809217 + (0.8550844648633008 * x_2)))))) * ((0.191 + (0.0746 * (-2.6240687793748685 + (0.8890183185341883 * x_1)))) * (0.23 + (0.09380000000000001 * (-2.4948596073666858 + (0.8712831628673021 * x_0)))))) * ((-0.683 + (0.0757 * (-2.6240687793748685 + (0.8890183185341883 * x_1)))) + (0.8 + (0.914 * inv((-0.04 + (-0.015500000000000002 * (-2.545412639486553 + (0.8474318891943581 * x_3)))))))))
feynman_III_4_32,ok,4,NoRef,0.9886317546133612,0.8440286718517801,55,15.485160827636719,,0.1,(((2.4 + (-2.6466365775727345 + (0.8707401267392567 * x_2))) * (0.02 + (0.008 * (-2.6174887738802006 + (0.8670829091630897 * x_3))))) * ((-0.030000000000000002 + (14.0 * sin((8.5 * (-2.612511512350074 + (0.8627753949982891 * x_1)))))) + (0.01 + (9.0 * inv(((0.009 + (0.0036 * (-2.612511512350074 + (0.8627753949982891 * x_1)))) * (8.9 + (3.4 * (-2.784131327119264 + (0.9215893303699773 * x_0))))))))))
feynman_III_4_33,ok,4,NoRef,0.9587399053683688,0.9655609052964883,55,16.824883460998535,,0.1,((0.2 + (0.08 * (-2.60734931142082 + (0.9073764005796643 * x_2)))) * (((-7.0 + cos((20.3 * (-2.772789939599442 + (0.8864830640187504 * x_1))))) + (0.1 + (0.3 * (-2.5251798266511916 + (0.8626981754077024 * x_0))))) * ((-5.8 + (-2.2 * (-2.866571611099702 + (0.9433028392921154 * x_3)))) + (-0.01 + (0.2 * arctan((-0.01 + (90.0 * (-2.772789939599442 + (0.8864830640187504 * x_1))))))))))
feynman_III_7_38,ok,3,BFGS,0.9748178670713598,6.0993206293132936,55,17.53063988685608,,0.1,(((-0.619000000000986 + (-2.7136530652251984 + (0.8943526615139876 * x_0))) + (3.439999999999014 + (0.43999999999999134 * sin((-6.90000000000023 + (0.005795072949545984 * ((69.69999999999837 + (-30.69999999814201 * inv((0.009590450686578763 + (0.3680030425776575 * (-2.809767375781024 + (0.9075827176016882 * x_1))))))))**2)))))) * ((-0.026699999999928475 + (-47.39999999999991 * inv((2.4100000000042683 + (-2.402628220576974 + (0.8031476298129983 * x_2)))))) * (-0.6889999999959379 + (-0.25299999999469525 * (-2.809767375781024 + (0.9075827176016882 * x_1))))))
feynman_III_8_54,ok,3,BFGS,-1.0069981919436088e-06,0.35052405325677916,39,19.70162057876587,,0.1,(0.48203433779232885 + (-3.556265593847622e-08 * ((-0.14193037848954052 + (4.919333804195779 * sin((((0.3084344048060557 + (0.7635898726354795 * (-5.232329981974955 + (3.4582056648935673 * x_0)))) - (-0.0814344048060557 + (-1.1795643121872288 * (-2.957250588126034 + (1.1919718312766996 * x_2))))) - (0.023635595193944307 + (-65.4897918828133 * (-5.0517738838657475 + (3.3789723250614414 * x_1)))))))))**2))
feynman_III_9_52,ok,6,NoRef,0.8607238430231248,5.532118528572416,85,19.147213220596313,,0.1,(0.0036799999999999997 + (0.047400000000000005 * ((-0.12300000000000001 + (0.00851 * exp(((8.700000000000001 + (0.124 * (-3.466680730085183 + (1.7080804821447886 * x_2)))) * ((0.653 + (-0.0468 * ((((-0.812 * (-2.734929250040047 + (0.899503571822635 * x_5))) - (0.10500000000000001 + (-0.8400000000000001 * (-2.575743190255727 + (0.8722576541805873 * x_4))))) + (0.037000000000000005 + (0.00648 * (-3.302270063999335 + (1.711027822918682 * x_0))))))**2)) - (((0.00902 + (-3.282722642559414 + (1.6493480484584218 * x_1))) + (15.8 + (0.898 * (-3.302270063999335 + (1.711027822918682 * x_0))))) * (0.00962 + (-0.035300000000000005 * sqrt((0.49500000000000005 + (-0.0563 * (-3.3150879840966465 + (1.6834333936891284 * x_3))))))))))))))**2))
feynman_II_10_9,ok,3,NoRef,0.9482082888297064,0.04950472972412733,85,13.267102003097534,,0.1,(((-0.00477 + inv((((2.6 + (-2.595419809290695 + (0.8588576606135521 * x_1))) * (0.0228 + (0.00692 * (-2.6474767240232993 + (0.8825746761428329 * x_2))))) * (46.9 + (0.07740000000000001 * exp((0.00603 + (-0.0068 * (-2.4407479823350755 + (0.8808833990454653 * x_0)))))))))) * (-9.86 + (1.6600000000000001 * sin((-12.9 + (88.8 * inv(((1.53 + (0.00997 * (-2.4407479823350755 + (0.8808833990454653 * x_0)))) * (0.00453 + (-0.139 * (-2.595419809290695 + (0.8588576606135521 * x_1)))))))))))) * ((-0.052300000000000006 + (-0.0026999999999999997 * (-2.595419809290695 + (0.8588576606135521 * x_1)))) + (-0.00985 + (-0.026500000000000003 * (-2.4407479823350755 + (0.8808833990454653 * x_0))))))
feynman_II_11_20,ok,5,NoRef,0.9079812055180023,2.23912642028412,118,15.905769348144531,,0.1,((-0.021800000000000003 + (-0.0093 * (-2.539565017471692 + (0.8482516330389377 * x_2)))) * (((-0.0785 + (0.0936 * inv(((0.0456 + (0.0616 * arctan((-2.594902082535144 + (0.8534005543784765 * x_1))))) + (-0.641 + (-0.29200000000000004 * (-2.457523520153069 + (0.8701539172876223 * x_4)))))))) * ((-7.12 + (-3.08 * (-2.4569814526637677 + (0.8240340107265285 * x_0)))) * (-9.86 + (-5.8500000000000005 * exp((((79.7 * (-2.594902082535144 + (0.8534005543784765 * x_1))) * (0.00932 + (-0.0031999999999999997 * (-2.594902082535144 + (0.8534005543784765 * x_1))))) + ((0.0524 + (-0.008 * ((0.8500000000000001 + (0.9490000000000001 * inv((-16.3 + (40.800000000000004 * (-2.594902082535144 + (0.8534005543784765 * x_1))))))))**2)) * ((-0.0081 + (-8.18 * (-2.6316919296321113 + (0.8710897992152611 * x_3)))) - (-59.9 + (-0.0038 * (-2.6316919296321113 + (0.8710897992152611 * x_3)))))))))))) - (1.49 + (-0.6990000000000001 * (-2.594902082535144 + (0.8534005543784765 * x_1))))))
feynman_II_11_27,ok,4,NoRef,0.9641435463119247,0.10980903177884944,88,15.550609350204468,,0.1,((((-0.024800000000000003 + cos((((-1.7252785901711232 + (3.536305764059484 * x_1)) * (-0.17500000000000002 + (-18.7 * (-5.046769784936528 + (3.418189540060406 * x_2))))) * (-0.9470000000000001 + (-0.019700000000000002 * (-5.0422201628750365 + (3.42921855514138 * x_3))))))) + (-12.200000000000001 + (-0.018500000000000003 * (-1.7252785901711232 + (3.536305764059484 * x_1))))) * ((0.8 + (0.47900000000000004 * (-1.648775206320855 + (3.466849046719344 * x_0)))) * ((14.8 + (0.00131 * (-1.648775206320855 + (3.466849046719344 * x_0)))) + (0.036000000000000004 + (9.03 * (-1.7252785901711232 + (3.536305764059484 * x_1))))))) * ((-0.009779999999999999 + (-0.0021999999999999997 * (-5.0422201628750365 + (3.42921855514138 * x_3)))) * (0.384 + (0.083 * (-5.046769784936528 + (3.418189540060406 * x_2))))))
feynman_II_11_28,ok,2,NoRef,0.6188619437517673,0.18941128411165573,69,15.776781558990479,,0.1,(0.00628 + (-82.10000000000001 * inv(((((0.9500000000000001 + (0.0391 * (-1.8075189031076848 + (3.462610195906584 * x_1)))) * (-57.9 + (-8.74 * sin((-2.09 + (-67.7 * (-1.8075189031076848 + (3.462610195906584 * x_1)))))))) - ((0.09740000000000001 + (0.0313 * (-1.6870985985358635 + (3.439169193273224 * x_0)))) * ((0.995 + (18.0 * (-1.6870985985358635 + (3.439169193273224 * x_0)))) + (-0.0763 + (-96.0 * (-1.8075189031076848 + (3.462610195906584 * x_1))))))) + (-6.94 + (8.91 * (-1.6870985985358635 + (3.439169193273224 * x_0))))))))
feynman_II_11_3,ok,5,NoRef,0.8332494774956511,0.05198972099717914,87,25.59030795097351,,0.1,(0.00831 + (0.9500000000000001 * inv(((((-0.455 * (-3.4858296098647474 + (1.725550340478727 * x_0))) - ((-0.81 + (-0.999 * (-3.639820054101914 + (1.8353488983603912 * x_1)))) + (-0.0855 + (1.68 * (-3.639820054101914 + (1.8353488983603912 * x_1)))))) + (2.06 + (-0.459 * cos(((-55.1 + (79.5 * (-3.4159175484317243 + (1.6763635427586012 * x_2)))) + (9.41 + (-8.27 * (-3.639820054101914 + (1.8353488983603912 * x_1))))))))) * (((-0.095 + (-0.029 * (-6.973914079319447 + (1.7326948094237948 * x_3)))) * (-24.900000000000002 + (-6.6000000000000005 * (-3.4159175484317243 + (1.6763635427586012 * x_2))))) - (-0.004 + (0.11 * (-5.529314466884249 + (3.5626460506029085 * x_4)))))))))
feynman_II_13_17,ok,4,NoRef,0.9412681635975526,0.006218077655424867,67,17.089571952819824,,0.1,((-0.030000000000000002 + (-0.011000000000000001 * (-2.652627881283846 + (0.864138855771416 * x_2)))) * (-0.00363 + (0.07250000000000001 * inv(((-2.46 + (7.46 * ((3.63 + (-2.753414723144747 + (0.8791399948500996 * x_1))))**3)) * ((0.0845 + (0.029800000000000004 * (-2.7051143752950964 + (0.8640897171000568 * x_0)))) * ((-0.0228 + (-0.0068 * (-2.4024694168052316 + (0.8219116109543148 * x_3)))) - (-0.007679999999999999 + (-0.0065899999999999995 * inv((34.1 + (36.1 * cos((-2.7 + (-28.6 * (-2.753414723144747 + (0.8791399948500996 * x_1)))))))))))))))))
feynman_II_13_23,ok,3,BFGS,0.9239595208818701,0.32674290922703564,102,14.992201089859009,,0.1,(-0.7069964479899928 + (0.00887281425230344 * abs((0.005249969193761739 + (-0.0018326407994256472 * abs((-0.07309999993933433 + (51.00000003490315 * abs(((53.00000024360076 + (17.39999936030003 * (-2.6798415562573763 + (0.9000715575381649 * x_0)))) * ((((-2.6399999730259736 * (-5.26677435569427 + (3.4475216888865052 * x_1))) + (-76.00000003556065 + (-8.529999903035215 * sin((8.035548876301118e-05 + (30.60000014751023 * (-5.26677435569427 + (3.4475216888865052 * x_1)))))))) + (0.003459964439365043 + (3.3399998915714875 * (-3.3391022807239796 + (0.5111737659041323 * x_2))))) + (-0.007630035560634956 + (-6.060000055738682 * arctan(((96.50000000097303 + (-54.09999999827778 * (-3.3391022807239796 + (0.5111737659041323 * x_2)))) * ((97.50000000001695 + (-0.0065899999704265326 * (-3.3391022807239796 + (0.5111737659041323 * x_2)))) + ((2.8000000000169516 + (4.620000000029574 * (-3.3391022807239796 + (0.5111737659041323 * x_2)))) + (-65.29999999998304 + (0.07099999994164413 * (-2.6798415562573763 + (0.9000715575381649 * x_0)))))))))))))))))))))
feynman_II_13_34,ok,3,NoRef,0.9050203020526427,0.6271828803497288,95,13.614184856414795,,0.1,((((sin(((-0.249 + (-84.10000000000001 * (-2.9141559673417166 + (0.46292076127847 * x_2)))) - ((-62.2 + (-0.514 * (-2.9141559673417166 + (0.46292076127847 * x_2)))) * (0.9 + (-0.9770000000000001 * arctan((-85.9 + (-7.11 * (-4.940481638693344 + (3.3437624554237626 * x_1)))))))))) * (0.7170000000000001 + (-0.224 * (-2.9141559673417166 + (0.46292076127847 * x_2))))) + ((0.09250000000000001 + (-0.010400000000000001 * ((-23.6 + (0.261 * (-2.9141559673417166 + (0.46292076127847 * x_2)))))**2)) - (-0.0015 + (-0.053700000000000005 * (-4.940481638693344 + (3.3437624554237626 * x_1)))))) - (-0.929 + (2.14 * (-2.635228193647432 + (0.8916572161096509 * x_0))))) * (-0.050300000000000004 + (-0.899 * exp((-0.00232 + (0.232 * (-4.940481638693344 + (3.3437624554237626 * x_1))))))))
feynman_II_15_4,ok,3,NoRef,0.9645145129244227,0.9929838656135859,87,15.494693517684937,,0.1,(((-2.19 + (-0.8200000000000001 * (-2.6459797016564632 + (0.8727188941478409 * x_1)))) * ((-0.009649999999999999 + (-0.0038799999999999998 * (-2.555131165694161 + (0.8589482126346254 * x_0)))) * ((0.8 + (3.3200000000000003 * cos(((0.029400000000000003 + (0.0787 * (-2.5228635593411757 + (0.8363867496115811 * x_2)))) - (0.183 + (-1.24 * (-2.5228635593411757 + (0.8363867496115811 * x_2)))))))) * (((5.98 * (-2.555131165694161 + (0.8589482126346254 * x_0))) + (72.2 + (0.0811 * (-2.555131165694161 + (0.8589482126346254 * x_0))))) + (30.900000000000002 + (-16.1 * cos((0.1 + (18.2 * (-2.6459797016564632 + (0.8727188941478409 * x_1))))))))))) - (-0.00019999999999999998 + (0.040900000000000006 * (-2.555131165694161 + (0.8589482126346254 * x_0)))))
feynman_II_15_5,ok,3,NoRef,0.9712045999043538,0.8701678228150208,88,16.233774662017822,,0.1,(((2.2600000000000002 + (-2.516678448150414 + (0.8505212082765151 * x_1))) + (0.642 + (0.9660000000000001 * inv((-9.51 + (0.0956 * ((51.800000000000004 + (-0.00315 * exp((((0.0087 * (-2.623128343020264 + (0.8714830687709064 * x_0))) * (0.00134 + (51.5 * (-2.7404864706467325 + (0.873550869340621 * x_2))))) + (0.805 + (-0.0072 * (-2.623128343020264 + (0.8714830687709064 * x_0)))))))))**2)))))) * ((-0.009989999999999999 + (0.0604 * cos((-0.00402 + (-2.7404864706467325 + (0.873550869340621 * x_2)))))) * ((64.1 + (21.7 * (-2.623128343020264 + (0.8714830687709064 * x_0)))) + (-0.09820000000000001 + (-9.66 * cos((-0.08720000000000001 + (-64.5 * (-2.516678448150414 + (0.8505212082765151 * x_1))))))))))
feynman_II_21_32,ok,5,NoRef,0.9285649779937064,0.011322161762872575,90,16.564486265182495,,0.1,(((0.00295 + inv((((8.41 + (-3.2988724247793657 + (0.5058211443179642 * x_4))) - (-9.43 + (-7.05 * (-2.593522633521764 + (0.8605783448462752 * x_2))))) * ((1.06 + (0.45 * (-2.6284161408483433 + (0.8564019147978089 * x_1)))) + ((0.09960000000000001 + (-0.009009999999999999 * (-5.01141599607414 + (3.34417291403035 * x_3)))) - (-0.0039299999999999995 + (0.0274 * exp((-0.66 + (-0.806 * (-3.2988724247793657 + (0.5058211443179642 * x_4)))))))))))) * (-0.3 + (0.061000000000000006 * sin((0.165 + (-17.0 * (-3.2988724247793657 + (0.5058211443179642 * x_4)))))))) * ((-2.0 + (0.0145 * (-3.2988724247793657 + (0.5058211443179642 * x_4)))) + (-0.382 + (-0.881 * (-2.66672674421076 + (0.8799980575686334 * x_0))))))
feynman_II_24_17,ok,3,NoRef,0.9030152280791465,0.2693711378588412,117,16.77004837989807,,0.1,((-0.063 + (-0.318 * log((0.0785 + (0.34400000000000003 * sqrt((0.21400000000000002 + (0.0984 * abs((0.0075899999999999995 + (-25.6 * ((0.5930000000000001 + (-1.58 * sin((0.00923 + (-87.10000000000001 * (-5.098632543293196 + (3.429833828411375 * x_1))))))))**2))))))))))) - (-0.009899999999999999 + (46.0 * inv((((-44.0 + (-5.185707443394292 + (1.7511117255798525 * x_2))) + ((1.75 + (-0.024100000000000003 * (-5.185707443394292 + (1.7511117255798525 * x_2)))) - ((0.0599 + (-8.9 * (-8.642683837968443 + (1.736310748726112 * x_0)))) + (40.4 + (82.7 * sin((0.00607 + (0.2 * (-5.098632543293196 + (3.429833828411375 * x_1)))))))))) * (0.189 + (-0.163 * inv(((-67.6 + (-82.9 * (-8.642683837968443 + (1.736310748726112 * x_0)))) + ((0.00784 + (0.743 * (-5.185707443394292 + (1.7511117255798525 * x_2)))) - (-0.744 + (-89.10000000000001 * (-8.642683837968443 + (1.736310748726112 * x_0))))))))))))))
feynman_II_27_16,ok,3,NoRef,0.9798559447476202,12.642947584439392,80,13.589720964431763,,0.1,(((2.93 + (-2.9070459506860526 + (0.9221130424024399 * x_1))) * (((7.45 * abs(((2.89 + (0.334 * sin((0.0038399999999999997 + (-0.0026899999999999997 * ((-0.0025599999999999998 + (-0.0349 * (-2.587341142699831 + (0.8786098444979417 * x_2)))))**2))))) * (0.796 + (0.339 * (-2.596743687374026 + (0.8682775866518997 * x_0))))))) * (-0.025900000000000003 + (-65.2 * ((-0.303 + (-0.125 * (-2.587341142699831 + (0.8786098444979417 * x_2)))))**2))) + (-0.007639999999999999 + (-0.7010000000000001 * (-2.587341142699831 + (0.8786098444979417 * x_2)))))) * (-0.25 + (0.031700000000000006 * sin((0.021 + (8.700000000000001 * (-2.596743687374026 + (0.8682775866518997 * x_0))))))))
feynman_II_27_18,ok,2,NoRef,0.976506869207433,3.410088218176775,80,15.381052017211914,,0.1,(((4.3100000000000005 + cos((69.5 * (-2.778749929216607 + (0.9202757116769661 * x_1))))) + (3.5500000000000003 + (0.659 * (-2.778749929216607 + (0.9202757116769661 * x_1))))) * ((0.063 + (-0.00998 * (-2.778749929216607 + (0.9202757116769661 * x_1)))) + ((-0.0636 + (0.00955 * (((0.051100000000000007 + (-0.0698 * (-2.854039588936294 + (0.9313688748574931 * x_0)))) + (-29.0 + (-9.38 * (-2.778749929216607 + (0.9202757116769661 * x_1))))))**2)) * (0.05040000000000001 + (0.01 * abs(((-0.006 + (9.23 * (-2.854039588936294 + (0.9313688748574931 * x_0)))) + (37.2 + (5.43 * (-2.854039588936294 + (0.9313688748574931 * x_0)))))))))))
feynman_II_2_42,ok,5,NoRef,0.9898748554515981,0.8055359409558219,94,20.124797821044922,,0.1,((52.1 + (19.400000000000002 * (-2.5324236435326513 + (0.8576874007117519 * x_0)))) * ((0.00998 + (0.049 * exp((((-0.5700000000000001 + (-0.75 * (-2.56184837158364 + (0.8868667655691996 * x_4)))) + (-0.054200000000000005 + (-0.00101 * (-2.56184837158364 + (0.8868667655691996 * x_4))))) - ((0.00836 + (-0.0873 * sin((8.45 + (6.46 * (-2.5324236435326513 + (0.8576874007117519 * x_0))))))) - (0.099 + (0.014600000000000002 * inv((-0.63 + (-48.300000000000004 * (-2.5324236435326513 + (0.8576874007117519 * x_0)))))))))))) * ((-0.20400000000000001 + (-0.07160000000000001 * (-2.8444438062869346 + (0.9035352009803069 * x_3)))) * ((-1.6500000000000001 + (8.540000000000001 * (-2.4653835903384924 + (0.8610943117784253 * x_1)))) - (-0.5930000000000001 + (9.09 * (-2.47728704926582 + (0.8237116622497856 * x_2))))))))
feynman_II_34_11,ok,4,NoRef,0.9602808650499163,1.0086662928582415,85,14.845543146133423,,0.1,((0.08040000000000001 + (0.034 * (-2.546466339622496 + (0.8415241486134336 * x_2)))) * ((((2.02 + (-2.4185743585385087 + (0.8288773353226235 * x_0))) * (-14.0 + (0.007379999999999999 * (-2.546466339622496 + (0.8415241486134336 * x_2))))) * (1.94 + (0.7230000000000001 * (-2.7443676432466564 + (0.9199324290158198 * x_1))))) * (-0.0307 + (-8.39 * inv((((0.392 + (-0.0485 * (-2.546466339622496 + (0.8415241486134336 * x_2)))) - (0.0718 + (-0.12100000000000001 * (-2.624623356535676 + (0.8656711223164797 * x_3))))) - ((-0.00149 + (-0.8380000000000001 * cos((-55.6 * (-2.4185743585385087 + (0.8288773353226235 * x_0)))))) + (-8.9 + (-3.3000000000000003 * (-2.624623356535676 + (0.8656711223164797 * x_3)))))))))))
feynman_II_34_2,ok,3,NoRef,0.9801335007215144,1.6176336389308483,69,16.224920749664307,,0.1,((-1.17 + (-0.458 * (-2.602940375995324 + (0.8496500991704193 * x_1)))) * ((5.38 + (0.5910000000000001 * sin(((0.00505 + (-6.7700000000000005 * (-2.6504816977325447 + (0.8726425668692686 * x_0)))) - (-1.04 + (82.4 * inv((21.5 + (0.0356 * (-2.602940375995324 + (0.8496500991704193 * x_1))))))))))) * ((0.09090000000000001 + (0.028800000000000003 * (-2.593258549923045 + (0.8476444061960484 * x_2)))) * ((36.4 + (-1.73 * (-2.593258549923045 + (0.8476444061960484 * x_2)))) - (59.4 + (9.57 * (-2.6504816977325447 + (0.8726425668692686 * x_0))))))))
feynman_II_34_29a,ok,3,NoRef,0.902238686154901,0.06412440292216562,62,16.01169514656067,,0.1,(0.00583 + (0.20500000000000002 * abs(((0.042100000000000005 + (0.008799999999999999 * (-2.6340162306931827 + (0.8915777577347517 * x_0)))) * ((4.88 + (1.9000000000000001 * (-2.614432269470226 + (0.8616494128817651 * x_1)))) * ((0.0592 + (0.456 * inv((2.42 + (-2.5921353812207917 + (0.8811099449187398 * x_2)))))) * ((-2.2600000000000002 + (-0.40800000000000003 * (-2.6340162306931827 + (0.8915777577347517 * x_0)))) * (-8.74 + (1.42 * cos((-0.009519999999999999 + (-80.3 * (-2.6340162306931827 + (0.8915777577347517 * x_0))))))))))))))
feynman_II_34_29b,ok,5,NoRef,0.9781565625134052,31.8635454145425,72,17.415955066680908,,0.1,((8.36 + (3.29 * (-2.5531194930605294 + (0.8789899049582045 * x_0)))) * ((-0.008289999999999999 + (-0.0035299999999999997 * (-2.3522871959349114 + (0.8097388077046674 * x_4)))) * ((-0.526 + (-0.221 * (-2.6979419603958954 + (0.9090787910735363 * x_2)))) * (0.00401 + (4.01 * (((-0.545 + (6.36 * (-2.5155816435325256 + (0.8566223922776196 * x_3)))) - ((0.0775 + (1.98 * sin((15.3 * (-2.3522871959349114 + (0.8097388077046674 * x_4)))))) + (-9.42 + (-0.445 * inv((0.019600000000000003 + (0.00567 * (-2.580173613126937 + (0.8625475822840215 * x_1))))))))))**2)))))
feynman_II_34_2a,ok,3,NoRef,0.9785243186221524,0.07085415887978114,74,21.997241020202637,,0.1,((0.00696 + (0.0062 * ((0.0006399999999999999 + (0.558 * cos(((9.9 + (0.09440000000000001 * (-2.5836604135273715 + (0.8398765027159596 * x_1)))) * ((7.1000000000000005 + (83.5 * (-2.7480241256459648 + (0.9048374383921544 * x_0)))) + (-8.2 + (-82.4 * (-2.5836604135273715 + (0.8398765027159596 * x_1))))))))))**2)) * ((0.521 + (0.19 * (-2.5836604135273715 + (0.8398765027159596 * x_1)))) * ((7.71 + (2.74 * (-2.7480241256459648 + (0.9048374383921544 * x_0)))) * (0.00531 + (-0.78 * inv((-0.05040000000000001 + (-0.0194 * (-2.595184874485386 + (0.8744180518029964 * x_2))))))))))
feynman_II_35_18,ok,5,NoRef,0.7879030728123051,0.14108208626370647,60,11.20263957977295,,0.1,(((4.0 + (-3.4918091935735216 + (1.6972309630916704 * x_0))) + (-0.2 + (-0.8 * (-3.7134592839832528 + (1.8246293748275135 * x_4))))) * ((0.16 + (0.04 * (-3.219763489368215 + (1.6753593121119754 * x_1)))) + (((0.036000000000000004 * (-3.579403689568145 + (1.7747930310678999 * x_2))) + (-0.001 + (-0.036000000000000004 * (-3.273392609849695 + (1.652817435825319 * x_3))))) + (0.001 + (0.034 * sin((0.003 + (6.7 * (-3.7134592839832528 + (1.8246293748275135 * x_4))))))))))
feynman_II_35_21,ok,5,NoRef,0.9346478760269821,1.2490721140841368,88,13.534522294998169,,0.1,(((0.035 + sin((((-2.6574893155775725 + (0.8639895682372307 * x_0)) + (-4.15 + (-0.2 * (-2.7110096708122233 + (0.875131425217154 * x_2))))) * (-95.8 + (0.06380000000000001 * (-2.6574893155775725 + (0.8639895682372307 * x_0))))))) + ((((3.85 + (-5.2 * (-2.7937445951572557 + (0.9077777236188819 * x_4)))) - (-0.07550000000000001 + (-4.2 * (-2.658226127563016 + (0.8861982062595278 * x_3))))) - ((-24.2 + (8.040000000000001 * (-2.658226127563016 + (0.8861982062595278 * x_3)))) - (0.0039299999999999995 + (6.640000000000001 * (-2.7110096708122233 + (0.875131425217154 * x_2)))))) * (-3.71 + (-1.83 * (-2.585304710315294 + (0.8870094272288953 * x_1)))))) * (-0.06670000000000001 + (-0.027100000000000003 * (-2.6574893155775725 + (0.8639895682372307 * x_0)))))
feynman_II_36_38,ok,8,NoRef,0.7929689812474476,0.4381351489290455,135,10.488460302352905,,0.1,(0.00402 + (0.926 * exp((((0.06580000000000001 + (0.00539 * (-3.4549198528908147 + (1.7383908466088813 * x_7)))) * (((-0.524 + (0.07490000000000001 * (-3.673547657995394 + (1.8008360979627651 * x_5)))) * ((7.17 + (0.746 * (-3.4549198528908147 + (1.7383908466088813 * x_7)))) + ((-4.4 + (23.5 * ((0.4 * (-3.6925070047132977 + (1.818762469791632 * x_6))))**3)) + (((-0.00149 + (-3.471793038256991 + (1.7179484625381287 * x_3))) + ((-0.641 + (-0.8360000000000001 * (-3.25539613447203 + (1.6780200106390297 * x_0)))) + (0.08510000000000001 + (-0.753 * (-3.512647543149536 + (1.747231500909104 * x_1)))))) * ((1.33 + (0.0065699999999999995 * (-3.49247493142665 + (1.7662338946626293 * x_4)))) * ((-0.060000000000000005 + (0.898 * (-3.49247493142665 + (1.7662338946626293 * x_4)))) + (7.12 + (0.0083 * (-3.673547657995394 + (1.8008360979627651 * x_5)))))))))) - ((0.0059 + (-0.00805 * (-3.673547657995394 + (1.8008360979627651 * x_5)))) + (-0.09200000000000001 + (-0.883 * (-3.49247493142665 + (1.7662338946626293 * x_4))))))) - (-0.0217 + (0.29300000000000004 * (-3.644144276541765 + (1.820082555589773 * x_2))))))))
feynman_II_37_1,ok,3,NoRef,0.9826465122427825,3.0878901051800525,62,15.733836650848389,,0.1,((-77.9 + (-31.2 * (-2.4748604028134427 + (0.8522855070971659 * x_0)))) * (((9.8 + cos(((75.8 + (35.6 * (-2.4748604028134427 + (0.8522855070971659 * x_0)))) - (-1.95 + (0.256 * (-2.5838719309788227 + (0.8503387114696592 * x_2))))))) * ((-0.8320000000000001 + (-0.25 * (-2.5838719309788227 + (0.8503387114696592 * x_2)))) + (-0.0971 + (-0.00818 * (-2.624301235128215 + (0.8456908079177562 * x_1)))))) * (0.050600000000000006 + (0.019000000000000003 * (-2.624301235128215 + (0.8456908079177562 * x_1))))))
feynman_II_38_14,ok,2,BFGS,0.9643697461341432,0.04289320186981694,67,19.393531322479248,,0.1,((-0.008957969414274219 + (-0.0036151212056308615 * (-2.5507774690309435 + (0.8335657750653932 * x_0)))) * (((-0.00783000161472697 + cos(((-10.299999996544434 + (-0.380000006983612 * (-2.5507774690309435 + (0.8335657750653932 * x_0)))) * (-0.23300000140633795 + (34.49999999903576 * (-2.680159988684729 + (0.8643223760263921 * x_1))))))) - (-0.39499999838527305 + (-0.09999964755710894 * inv((0.009257397712006822 + (0.002888557052773838 * (-2.680159988684729 + (0.8643223760263921 * x_1)))))))) * (-3.8699999910175054 + (-0.49399999778739023 * cos((0.002750000292570033 + (-4.099998391311197 * inv((-0.9380193536521793 + (-0.37449022858523595 * (-2.5507774690309435 + (0.8335657750653932 * x_0))))))))))))
feynman_II_38_3,ok,4,NoRef,0.9852682498367699,1.0748372425998864,55,15.226288318634033,,0.1,(((2.5 + (-2.495679074949545 + (0.8362537246328503 * x_0))) * (0.02 + (0.007699999999999999 * (-2.616783341122097 + (0.8781832314186395 * x_3))))) * ((2.0 + (0.75 * (-2.5857619137828576 + (0.8827117374437846 * x_1)))) * ((0.01 + (9.9 * cos((9.9 * (-2.697549234125539 + (0.8870470474820004 * x_2)))))) + (-0.01 + (0.8 * inv((0.0093 + (0.0036 * (-2.697549234125539 + (0.8870470474820004 * x_2))))))))))
feynman_II_3_24,ok,2,NoRef,0.9245699805124501,0.015986897170086847,57,12.609450817108154,,0.1,((((0.07160000000000001 + (-2.5176695361224137 + (0.8572007920001259 * x_0))) - (-5.4 + (97.8 * inv((-0.9870000000000001 + (-0.532 * (-2.4932298491024527 + (0.8505516213027529 * x_1)))))))) * (-0.00616 + (-0.0024 * (-2.5176695361224137 + (0.8572007920001259 * x_0))))) * ((-0.041600000000000005 + (0.00943 * (-2.4932298491024527 + (0.8505516213027529 * x_1)))) + (-0.0026999999999999997 + (-0.008 * cos((0.00735 + (-92.60000000000001 * (-2.4932298491024527 + (0.8505516213027529 * x_1)))))))))
feynman_II_4_23,ok,3,NoRef,0.9696908335805449,0.005998163692687813,55,13.684767246246338,,0.1,(((0.0009199999999999999 + inv((((2.91 + (-2.833389203949172 + (0.92120344499104 * x_2))) * (-0.861 + (-0.117 * cos((0.0033599999999999997 + (80.2 * (-2.6450480349990975 + (0.875105235568507 * x_1)))))))) * (-0.2 + (-0.08180000000000001 * (-2.6450480349990975 + (0.875105235568507 * x_1))))))) * (-0.0216 + (-0.00726 * (-2.726174070301242 + (0.8855813319350537 * x_0))))) * (-0.56 + (-0.00743 * (-2.833389203949172 + (0.92120344499104 * x_2)))))
feynman_II_6_11,ok,4,NoRef,0.9753522767522078,0.003065427811115518,93,14.213562488555908,,0.1,(((0.00413 + inv((((0.029800000000000004 + (-3.473970884806541 + (1.7576736275678213 * x_0))) + (3.77 + (0.005549999999999999 * (-3.412369198286662 + (1.7449053370848846 * x_1))))) * (0.663 + (0.28300000000000003 * (-3.466501049439632 + (1.7135096701193169 * x_3))))))) * (-0.626 + (-0.884 * (-3.423012712168896 + (1.7317141236151294 * x_2))))) * (((-4.64 + (-3.466501049439632 + (1.7135096701193169 * x_3))) + ((-0.029300000000000003 + (0.621 * cos((15.5 + (16.5 * (-3.473970884806541 + (1.7576736275678213 * x_0))))))) - (-0.0046 + (-0.012100000000000001 * (-3.412369198286662 + (1.7449053370848846 * x_1)))))) * ((-0.041600000000000005 + (0.00389 * (-3.423012712168896 + (1.7317141236151294 * x_2)))) * (0.149 + (0.039700000000000006 * (-3.412369198286662 + (1.7449053370848846 * x_1)))))))
feynman_II_6_15a,ok,6,NoRef,0.926078865954666,0.09858745951594748,118,17.048357486724854,,0.1,((((0.0536 * (-3.6153250605869824 + (1.7887668278887368 * x_4))) - (-0.0161 + (0.09190000000000001 * (-3.587281008481665 + (1.8104534573853899 * x_3))))) + (-0.7170000000000001 + (-0.184 * (-3.478817506470138 + (1.722491710743543 * x_5))))) * ((-0.21300000000000002 + (37.7 * inv((3.37 + (-3.3402239085436296 + (1.6902763339957814 * x_0)))))) * ((0.015500000000000002 + (0.0045 * (-3.4212794043995127 + (1.7310890036930104 * x_1)))) * (-0.00886 + (-0.009949999999999999 * exp(((3.48 + (0.155 * cos(((-9.98 + (7.82 * (-3.3402239085436296 + (1.6902763339957814 * x_0)))) * ((0.037200000000000004 + (0.00039999999999999996 * (-3.6153250605869824 + (1.7887668278887368 * x_4)))) - (((-99.0 + (-3.4212794043995127 + (1.7310890036930104 * x_1))) - (-0.7240000000000001 + (-48.7 * (-3.587281008481665 + (1.8104534573853899 * x_3))))) * (0.4 + (-0.04190000000000001 * (-3.3402239085436296 + (1.6902763339957814 * x_0)))))))))) - (0.08990000000000001 + (1.95 * (-3.5442362624045955 + (1.7290625791858034 * x_2)))))))))))
feynman_II_6_15b,ok,4,NoRef,0.9124312076590017,0.00911608673720431,105,25.30102229118347,,0.1,((-0.004889999999999999 + (0.132 * cos((-0.6960000000000001 + (-3.574168123804971 + (1.7856360285208566 * x_2)))))) * ((-0.00471 + (-0.00142 * cos(((-0.233 + (-79.5 * (-3.6124386164696762 + (1.7575565979989267 * x_3)))) - (6.2 + (66.3 * arctan((51.6 + (0.515 * (-3.6124386164696762 + (1.7575565979989267 * x_3))))))))))) * ((-0.0413 + (-60.7 * inv(((0.0333 + (0.008369999999999999 * (-3.5132747487246787 + (1.7460712803704583 * x_0)))) * ((0.009389999999999999 + (10.9 * ((2.94 + (-3.6124386164696762 + (1.7575565979989267 * x_3))))**2)) * (0.63 + (-0.0057599999999999995 * (-3.5132747487246787 + (1.7460712803704583 * x_0))))))))) * ((0.002 + (-0.22 * (-3.4219568305138166 + (1.7204774630147597 * x_1)))) + (-0.9540000000000001 + (0.00514 * inv((0.0699 + (-0.9510000000000001 * (-3.574168123804971 + (1.7856360285208566 * x_2)))))))))))
feynman_II_8_31,ok,2,NoRef,0.9632593469913466,2.4665090295153216,39,14.037058591842651,,0.1,((0.2 + (0.07 * (-2.752389043981485 + (0.9048032319317431 * x_0)))) * (3.0 + (0.09000000000000001 * (((0.3 + (0.12000000000000001 * (-2.653907254924258 + (0.8509274823888617 * x_1)))) * (92.0 + (-8.0 * sin((-0.7000000000000001 + (-23.0 * (-2.653907254924258 + (0.8509274823888617 * x_1)))))))))**2)))
feynman_II_8_7,ok,3,NoRef,0.9195264843414783,0.026196066080940692,92,14.285322666168213,,0.1,(((9.48 + (-2.6690271729427253 + (0.8807282537045857 * x_1))) + (-0.28 + (-0.8330000000000001 * (-2.669435878248962 + (0.9227695518217146 * x_2))))) * ((0.0016699999999999998 + (43.7 * (((-0.0444 + (0.00291 * (-2.669435878248962 + (0.9227695518217146 * x_2)))) * ((-0.042300000000000004 + (0.12100000000000001 * inv(((0.00971 + (0.0030299999999999997 * (-2.6690271729427253 + (0.8807282537045857 * x_1)))) * ((0.0374 + (-0.782 * (-2.669435878248962 + (0.9227695518217146 * x_2)))) - (4.83 + (0.037500000000000006 * (-2.6690271729427253 + (0.8807282537045857 * x_1))))))))) * (-0.8570000000000001 + (-0.325 * (-2.817692762706578 + (0.922060438168705 * x_0)))))))**2)) * (0.00851 + (-0.0014 * sin((0.0898 + (77.3 * (-2.6690271729427253 + (0.8807282537045857 * x_1)))))))))
feynman_I_10_7,ok,3,BFGS,0.8715899242576304,0.4239751190235463,95,14.495718717575073,,0.1,(((-0.05980007113114792 + abs((0.006850071131147916 + (-0.07409960272230229 * sqrt((31.19999999952814 + (0.022500000129437897 * (-5.100574389259935 + (3.343197439644897 * x_1))))))))) - ((0.00664003922751095 + (-0.09679997452215518 * cos((-97.00000000061607 + (0.9558242739544038 * (((5.38000087327744 + (67.3000461511902 * inv((-0.5669210717402745 + (-3.468260823868103 + (0.5144108989083627 * x_2)))))) * ((-27.70011459355822 + (-0.002270340583463691 * (-2.588106740665522 + (0.887566173182724 * x_0)))) - (-0.7808854064417816 + (0.5270492003155346 * (-5.100574389259935 + (3.343197439644897 * x_1)))))))**2))))) * (0.5599999959744141 + (0.031100001560882412 * (-5.100574389259935 + (3.343197439644897 * x_1)))))) * ((9.000000000914557 + (3.5699999902803317 * (-2.588106740665522 + (0.887566173182724 * x_0)))) - (0.4749999990854426 + (0.009899999943901748 * tan((0.061399999990911815 + (0.0010000000012495716 * (-3.468260823868103 + (0.5144108989083627 * x_2)))))))))
feynman_I_11_19,ok,6,NoRef,0.6934508551718679,5.101145556522112,105,15.766988515853882,,0.1,(((0.00869 * (((8.58 + (0.634 * (-2.676096923467062 + (0.9079286415109341 * x_2)))) * (((0.05500000000000001 * (-2.7479829985177977 + (0.8948864386578299 * x_3))) - (-0.7060000000000001 + (0.05550000000000001 * cos((-0.638 + (-50.4 * (-2.6471928306298094 + (0.885966881026239 * x_4)))))))) + (0.259 + (-0.035800000000000005 * abs((4.3100000000000005 + (-2.91 * (-2.4827020613216004 + (0.8474431728639252 * x_0))))))))))**2) * ((0.0030099999999999997 + (-0.042300000000000004 * inv(((-0.00027 + (-0.526 * (-2.695030893403317 + (0.8307952953518407 * x_5)))) - (-0.0134 + (0.0062699999999999995 * (-2.4827020613216004 + (0.8474431728639252 * x_0)))))))) + (61.9 + (8.08 * (-2.695030893403317 + (0.8307952953518407 * x_5)))))) + ((-0.9400000000000001 + (3.99 * (-2.4909796979027035 + (0.8495365704084542 * x_1)))) + (0.0148 + (4.08 * (-2.6471928306298094 + (0.885966881026239 * x_4))))))
feynman_I_12_1,ok,2,NoRef,0.9542495964242161,1.0764856913333904,57,21.39761996269226,,0.1,((-0.0937 + (-0.0366 * (-2.566602023658053 + (0.8997949016063425 * x_0)))) * ((-48.9 + (7.7 * cos((-0.0873 + (-0.00571 * (((-5.13 + (-0.00073 * tan((-0.018500000000000003 * (-2.566602023658053 + (0.8997949016063425 * x_0)))))) + (0.627 + (-1.22 * ((4.92 + (8.6 * (-2.566602023658053 + (0.8997949016063425 * x_0)))))**2))))**3))))) * (1.87 + (0.656 * (-2.878930580317207 + (0.928002407756839 * x_1))))))
feynman_I_12_11,ok,5,NoRef,0.9709873444672612,4.348188761039757,87,15.353797435760498,,0.1,((-0.09190000000000001 + (-3.69 * ((5.08 + (-2.7336069787470243 + (0.8973963259979115 * x_0))))**2)) * (((0.34 + (0.13 * (-2.577161210079287 + (0.8594599513383012 * x_3)))) * ((-0.009089999999999999 + (-0.0032099999999999997 * (-2.6603944928985346 + (0.9006524322203873 * x_2)))) * ((0.00547 + (0.07740000000000001 * (-2.577161210079287 + (0.8594599513383012 * x_3)))) - ((0.00787 + (0.035500000000000004 * ((-3.6 + (-4.2700000000000005 * arctan((-0.00698 + (0.0045 * (-2.6846738802725283 + (0.8727114307740083 * x_1))))))))**3)) + (0.00789 + (-81.0 * sin((0.187 + (-1.44 * (-2.5860302835261004 + (0.8650529647164638 * x_4))))))))))) - (0.0902 + (0.0434 * (-2.6846738802725283 + (0.8727114307740083 * x_1))))))
feynman_I_12_2,ok,4,NoRef,0.9437061142851947,0.027980133944920237,100,15.258301973342896,,0.1,((((((0.7070000000000001 + exp((-0.5860000000000001 + (-2.12 * (-2.5317902960514966 + (0.853150896025948 * x_3)))))) - (-0.34500000000000003 + (0.271 * sin((-0.685 + (44.9 * (-2.8539742313544565 + (0.9239149687966296 * x_0)))))))) * (-0.138 + (-0.041 * (-2.8539742313544565 + (0.9239149687966296 * x_0))))) * ((0.00834 + (0.013000000000000001 * (-2.556480029432039 + (0.8349043469624741 * x_2)))) - (0.08800000000000001 + (0.0033699999999999997 * (-2.8539742313544565 + (0.9239149687966296 * x_0)))))) * (0.058100000000000006 + (0.006189999999999999 * (-2.617184116087947 + (0.8521397663891764 * x_1))))) * (((-0.0322 * (-2.8539742313544565 + (0.9239149687966296 * x_0))) * (0.0517 + (0.0476 * (-2.556480029432039 + (0.8349043469624741 * x_2))))) + (-0.169 + (-0.64 * inv((-0.0279 + (-0.00877 * (-2.556480029432039 + (0.8349043469624741 * x_2)))))))))
feynman_I_12_4,ok,3,NoRef,0.9217098604627451,0.006866542594848228,99,15.706471920013428,,0.1,((0.00599 + (-46.6 * inv(((80.0 + (-0.078 * (-2.610281525456201 + (0.8563534632402007 * x_0)))) - (((0.09200000000000001 + (11.0 * sin(((-0.525 + (-47.5 * (-2.6386330449565643 + (0.8571845166463317 * x_2)))) * ((0.383 + (-58.0 * (-2.6386330449565643 + (0.8571845166463317 * x_2)))) * (-0.4 + (-0.0548 * sqrt((3.33 + (0.00862 * (-2.506670832800553 + (0.8357722543545856 * x_1)))))))))))) + (3.61 + (-20.0 * (-2.506670832800553 + (0.8357722543545856 * x_1))))) - (-0.06860000000000001 + (7.22 * (-2.506670832800553 + (0.8357722543545856 * x_1))))))))) * ((1.6400000000000001 + (0.633 * (-2.610281525456201 + (0.8563534632402007 * x_0)))) * (-0.0030399999999999997 + (-0.0056 * exp((-0.00242 + (-1.23 * (-2.6386330449565643 + (0.8571845166463317 * x_2)))))))))
feynman_I_12_5,ok,2,NoRef,0.9485160749993159,1.1062574762962605,65,15.846479892730713,,0.1,(((-6.73 + sin((((0.0016699999999999998 + (-2.7429584544718253 + (0.9245535089554948 * x_1))) + (-5.33 + (6.54 * (-2.643473215745853 + (0.8815481695584527 * x_0))))) * (0.00614 + (-4.69 * (-2.7429584544718253 + (0.9245535089554948 * x_1))))))) * ((-0.09290000000000001 + (-0.023500000000000004 * (-2.643473215745853 + (0.8815481695584527 * x_0)))) * (7.21 + (0.8310000000000001 * (-2.643473215745853 + (0.8815481695584527 * x_0)))))) * (-0.337 + (21.2 * ((0.32 + (0.053500000000000006 * (-2.7429584544718253 + (0.9245535089554948 * x_1)))))**2)))
feynman_I_13_12,ok,5,NoRef,0.8916179496333102,3.1984207315984623,110,16.748610973358154,,0.1,((-0.253 + (-0.10600000000000001 * (-2.384599847508499 + (0.8257596665344117 * x_4)))) * ((((-9.49 + cos((0.332 + (8.46 * (-2.6701260084176734 + (0.8768008800903796 * x_1)))))) - ((0.115 + (-3.17 * (-2.5612832345666563 + (0.8379805705041466 * x_3)))) - ((-0.43 + (0.00313 * (-2.7093703865142946 + (0.8748960358981902 * x_2)))) * (-0.301 + (6.61 * inv((1.75 + (-0.00344 * (-2.668801708030412 + (0.8819198439156285 * x_0)))))))))) * (((3.0300000000000002 + (-2.6701260084176734 + (0.8768008800903796 * x_1))) * (3.38 + (1.36 * (-2.668801708030412 + (0.8819198439156285 * x_0))))) * ((0.00987 + (-7.07 * (-2.5612832345666563 + (0.8379805705041466 * x_3)))) - (0.0413 + (-6.8500000000000005 * (-2.7093703865142946 + (0.8748960358981902 * x_2))))))) * (0.0762 + (0.055900000000000005 * sin((4.42 + (0.521 * (-2.7093703865142946 + (0.8748960358981902 * x_2)))))))))
feynman_I_13_4,ok,4,NoRef,0.9428640337088734,6.108907211956279,63,14.771435737609863,,0.1,(((8.790000000000001 + cos((42.6 * (-2.7370812263130415 + (0.902756266590703 * x_0))))) + ((0.596 + (1.81 * (-2.5379950056480767 + (0.8946994347622791 * x_3)))) + (-0.00554 + (-0.00162 * (-2.7370812263130415 + (0.902756266590703 * x_0)))))) * (((0.0917 + (-2.6220737557332443 + (0.8728146501207767 * x_1))) + (0.00618 + (3.97 * ((-0.9870000000000001 + (-0.115 * (-2.548140169947589 + (0.8525284766606351 * x_2)))))**2))) * (1.1500000000000001 + (0.42600000000000005 * (-2.7370812263130415 + (0.902756266590703 * x_0))))))
feynman_I_14_3,ok,3,NoRef,0.9746070529112832,2.9322905895611497,72,21.908578395843506,,0.1,((0.0297 + (0.0119 * (-2.428453058567591 + (0.8889549158624802 * x_0)))) * ((0.187 + (0.067 * (-2.6760694322662943 + (0.8805989180487918 * x_1)))) * (((-76.7 + (-2.722875886256813 + (0.8863816221636266 * x_2))) - (0.0007 + (28.3 * (-2.722875886256813 + (0.8863816221636266 * x_2))))) * ((-51.2 + (-8.85 * cos(((-0.058100000000000006 + (-26.400000000000002 * (-2.428453058567591 + (0.8889549158624802 * x_0)))) * (28.6 + (0.054000000000000006 * (-2.722875886256813 + (0.8863816221636266 * x_2)))))))) + (-8.2 + (-0.0568 * (-2.722875886256813 + (0.8863816221636266 * x_2))))))))
feynman_I_14_4,ok,2,NoRef,0.9768077135572384,2.0169596997741746,67,16.855109691619873,,0.1,(((7.2 + sin((-0.068 + (8.94 * (((66.0 + (0.005379999999999999 * (-2.626437502441532 + (0.8816095514609437 * x_0)))) + (0.797 + (0.34 * inv(((0.8170000000000001 + (62.2 * (-2.626437502441532 + (0.8816095514609437 * x_0)))) * (-0.048 + (-0.88 * (-2.630906588185309 + (0.8633123577016952 * x_1))))))))))**2)))) * (2.44 + (0.9530000000000001 * (-2.626437502441532 + (0.8816095514609437 * x_0))))) * (0.006 + (0.049300000000000004 * ((-3.96 + (-1.55 * (-2.630906588185309 + (0.8633123577016952 * x_1)))))**2)))
feynman_I_15_10,ok,3,NoRef,0.9191055575205686,0.5737051404926855,77,20.343119859695435,,0.1,((0.00713 + (-0.00039999999999999996 * (-2.999068701425839 + (0.46665137782532334 * x_2)))) * ((0.0582 + (0.0043 * ((0.24500000000000002 + (-2.999068701425839 + (0.46665137782532334 * x_2))))**2)) * ((((0.0922 + (65.4 * (-2.644856021421248 + (0.8646173589431646 * x_0)))) + (-0.8410000000000001 + (2.82 * abs((47.300000000000004 + (-8.950000000000001 * cos((-0.9680000000000001 + (0.09100000000000001 * inv((0.00658 + (0.00563 * (-2.644856021421248 + (0.8646173589431646 * x_0)))))))))))))) - (-52.300000000000004 + (-3.59 * (-5.457180456861609 + (3.6446002602554834 * x_1))))) * (61.800000000000004 + (9.950000000000001 * (-5.457180456861609 + (3.6446002602554834 * x_1)))))))
feynman_I_15_3t,ok,4,BFGS,0.9122309769498087,0.35717665414556626,102,17.394476413726807,,0.1,((((0.035401879612287995 + (94.80000000106237 * sin((0.0031781852491377252 + (0.007391764982640791 * cos(((-0.0055902927427584756 + (0.8390000897003884 * (-2.717105569629776 + (0.8849901747612658 * x_0)))) - ((6.63998467541399 + (-9.840017399714098 * inv((0.28800002540022623 + (-5.192961335421972 + (3.487532856832522 * x_2)))))) * (-52.40000132852423 + (0.0997984295146044 * (-3.34115030979141 + (0.5107587437264599 * x_1)))))))))))) - ((0.021800161610504885 + (-98.8000000019597 * (((0.03879861581290577 + (-0.09660656898226284 * (-2.419137422785296 + (0.862311797425404 * x_3)))) * (1.2100002891351915 + (-0.9000002566707205 * (-3.34115030979141 + (0.5107587437264599 * x_1))))))**3)) * (-0.06700285302970264 + (-0.007010854378759995 * (-2.419137422785296 + (0.862311797425404 * x_3)))))) - (5.669998120387712 + (-0.03199242353080683 * tan((-0.816012559905515 + (-97.39999622573734 * (-5.192961335421972 + (3.487532856832522 * x_2)))))))) * (-0.5080025815705136 + (-0.23094871475008352 * (-2.419137422785296 + (0.862311797425404 * x_3)))))
feynman_I_15_3x,ok,4,BFGS,0.8042015962874289,0.7284123471863673,85,17.547418355941772,,0.1,(((56.49999957741778 + ((4.959935048227027 + (0.5648415392036209 * (-5.31046149851653 + (0.7020053706524357 * x_0)))))**3) - (-0.010999577417788843 + (0.8230137826763329 * (((-7.790004167830939 + (-0.12099998770049632 * ((0.08699994868137492 * (-5.406940417278592 + (3.651746841581515 * x_3))))**3)) + (-0.09790416783093932 + (-0.8029873117461401 * (-5.406940417278592 + (3.651746841581515 * x_3))))))**2))) * (((-0.09748565248124581 + (-0.0448424887560573 * (-5.10499948290293 + (3.3738543444755535 * x_1)))) * (0.05532790587573892 + (0.00016603733566670012 * tan((0.11810442199680289 + (1.4125785546180032 * (-5.31046149851653 + (0.7020053706524357 * x_0)))))))) - (0.007637239217387823 + (-0.30390485473039164 * sqrt((0.02807415986282633 + (0.004354753617002616 * cos((3.420001450421674 + (32.900000085406205 * (-2.178268316616358 + (0.18522376390576137 * x_2))))))))))))
feynman_I_16_6,ok,3,NoRef,0.8667884431637682,0.43877732479955694,67,16.206066370010376,,0.1,(0.00898 + (4.3 * abs(((0.00481 + (-0.00777 * ((-0.165 + (96.2 * cos((-3.85 + (0.299 * (-2.338683200901609 + (0.839476836958178 * x_0))))))))**2)) * (0.0033599999999999997 + (-0.10600000000000001 * arctan((-0.0795 + (-0.08770000000000001 * abs((0.0034999999999999996 + (-0.533 * sin((0.17800000000000002 + (7.22 * abs(((-0.051300000000000005 + (-0.00234 * inv((-0.046900000000000004 * (-2.7471278243839246 + (0.9079909650983548 * x_2)))))) + (-0.00769 + (-0.639 * (-2.7471278243839246 + (0.9079909650983548 * x_2)))))))))))))))))))))
feynman_I_18_12,ok,3,NoRef,0.9876434932209694,0.7721692298534909,67,17.001948833465576,,0.1,((((2.4 + (-2.421696017227875 + (0.8519542273871007 * x_0))) * (-0.00825 + (-7.01 * cos(((-0.9490000000000001 + (-1.47 * (-1.725396682298155 + (0.6944642421502414 * x_2)))) - (-0.0684 + (0.0267 * (-2.421696017227875 + (0.8519542273871007 * x_0))))))))) * (0.017900000000000003 + (0.006719999999999999 * (-2.548286892362978 + (0.86026417115375 * x_1))))) * (-28.3 + (-4.17 * sin(((-6.48 + (76.9 * (-2.421696017227875 + (0.8519542273871007 * x_0)))) * (-85.10000000000001 + (9.93 * (-1.725396682298155 + (0.6944642421502414 * x_2)))))))))
feynman_I_18_14,ok,4,NoRef,0.9760521883943956,3.9483854153650064,113,17.489317893981934,,0.1,((0.00045 + (-0.0903 * sin((-0.0407 + (-2.7962163559154027 + (0.9041044335611569 * x_3)))))) * ((((4.08 + (-2.6321438473229772 + (0.8768714116868315 * x_1))) * (((2.49 + (-2.613124523709804 + (0.8658355855259678 * x_2))) - (-0.00908 + (0.006229999999999999 * arctan(((0.445 + (-0.00037 * (-2.6000499735222258 + (0.8575648261012243 * x_0)))) * ((-0.78 + (0.039 * ((9.870000000000001 + (0.14100000000000001 * inv((9.64 + (0.0105 * (-2.613124523709804 + (0.8658355855259678 * x_2))))))))**2)) - (-0.00419 + (0.00101 * ((-0.0045899999999999995 + (0.00827 * (-2.6000499735222258 + (0.8575648261012243 * x_0)))))**3)))))))) * (0.099 + (0.0339 * (-2.6000499735222258 + (0.8575648261012243 * x_0)))))) * (-6.34 + (-0.872 * (-2.6321438473229772 + (0.8768714116868315 * x_1))))) * (-51.1 + (8.73 * sin((6.69 + (-43.1 * (-2.7962163559154027 + (0.9041044335611569 * x_3)))))))))
feynman_I_18_4,ok,4,NoRef,0.7758597237533709,0.41995281601905965,102,15.566174030303955,,0.1,((-0.0587 + (0.436 * (-2.8149539998910376 + (0.9007791820199235 * x_3)))) - ((((0.774 * (-2.8149539998910376 + (0.9007791820199235 * x_3))) * (-0.08380000000000001 + (-0.09330000000000001 * (-2.6157150245109952 + (0.8800441601899178 * x_1))))) + ((12.6 + (-3.31 * sin(((6.8 + (-74.3 * cos((0.00852 + (-0.63 * (-2.664498595282067 + (0.8920120394009231 * x_0))))))) - (0.009269999999999999 + (68.1 * (-2.664498595282067 + (0.8920120394009231 * x_0)))))))) * (((0.004 + (0.1 * (-2.6157150245109952 + (0.8800441601899178 * x_1)))) * (-0.042 + (-0.23 * (-2.8149539998910376 + (0.9007791820199235 * x_3))))) - (0.128 + (0.0512 * (-2.604761631720367 + (0.8569951062057086 * x_2))))))) + (-1.53 + (-0.00445 * inv((-0.9600000000000001 + (-92.4 * (-2.8149539998910376 + (0.9007791820199235 * x_3)))))))))
feynman_I_24_6,ok,4,NoRef,0.9660262494409143,2.71757407220255,69,16.692275285720825,,0.1,((0.02 + (0.006 * (-3.4568449343419667 + (1.721945283087779 * x_0)))) * (0.01 + (0.009 * (((46.0 + (9.0 * (-3.567613329038069 + (1.7349021460027578 * x_3)))) - ((1.0 + (-3.6 * (-3.6425304974630017 + (1.7917824686289467 * x_2)))) + ((0.04 + (0.02 * sin(((-0.01 + (9.0 * (-3.528758604253555 + (1.7555246602223264 * x_1)))) + (-0.060000000000000005 + (-0.02 * (-3.6425304974630017 + (1.7917824686289467 * x_2)))))))) * (0.01 + (-99.0 * (-3.528758604253555 + (1.7555246602223264 * x_1))))))))**3)))
feynman_I_25_13,ok,2,NoRef,0.9724788199096941,0.13721492010635006,109,20.6890549659729,,0.1,((0.0383 + (0.015500000000000002 * (-2.5512487222767346 + (0.8665706977286725 * x_0)))) * (2.37 + (-7.22 * inv(((-0.527 + (-0.07990000000000001 * (-2.400742498290202 + (0.8003923054356457 * x_1)))) - ((-0.05620000000000001 + (0.0067399999999999995 * (-2.400742498290202 + (0.8003923054356457 * x_1)))) * (5.5 + (-0.0994 * abs(((-0.87 + (0.0077599999999999995 * (-2.5512487222767346 + (0.8665706977286725 * x_0)))) + (-0.0065699999999999995 + (0.47500000000000003 * inv((0.00885 + (-0.005229999999999999 * ((0.683 + (-0.128 * inv((-0.014400000000000001 + (-0.0316 * sin((((8.63 + (0.0041199999999999995 * arctan((-0.0839 + (0.0357 * inv((0.008069999999999999 + (0.757 * (-2.400742498290202 + (0.8003923054356457 * x_1)))))))))) + (-0.00361 + (8.89 * (-2.400742498290202 + (0.8003923054356457 * x_1))))) - (0.918 + (9.05 * (-2.400742498290202 + (0.8003923054356457 * x_1))))))))))))**2)))))))))))))))
feynman_I_26_2,ok,2,NoRef,0.9785897400223927,0.07067418582499879,48,13.77140760421753,,0.1,((0.0038799999999999998 + (-35.300000000000004 * sin((-0.23900000000000002 + (-2.401625007900688 + (0.840568848454874 * x_1)))))) * ((0.028 + (0.0034999999999999996 * sin(((-0.08510000000000001 + (41.7 * ((-1.564164953504747 + (3.41799237175793 * x_0)))**3)) + (-0.0097 + (31.0 * (-2.401625007900688 + (0.840568848454874 * x_1)))))))) * (0.5770000000000001 + (0.37 * (-1.564164953504747 + (3.41799237175793 * x_0))))))
feynman_I_27_6,ok,3,NoRef,0.9148592967224107,0.11673290526829014,82,14.77460241317749,,0.1,((((0.0066 * (-2.7198734845172403 + (0.8655823842985322 * x_2))) - (5.53 + (15.1 * (-2.3985862823410833 + (0.8064518581298143 * x_1))))) + (-42.0 + (6.9 * sin((-48.0 + (1.1 * ((-0.00983 + (-7.55 * inv((0.00463 + (-1.4000000000000001 * (-2.7198734845172403 + (0.8655823842985322 * x_2))))))))**2)))))) * (0.00398 + (0.09490000000000001 * inv(((-5.5 + (0.7120000000000001 * (-2.5212812957632926 + (0.8269424556449783 * x_0)))) - ((-0.0742 + (1.23 * (-2.7198734845172403 + (0.8655823842985322 * x_2)))) - (-0.08900000000000001 + (-0.0089 * exp((-0.00482 + (-0.0239 * (-2.3985862823410833 + (0.8064518581298143 * x_1)))))))))))))
feynman_I_29_16,ok,4,NoRef,0.7407745633220795,1.0218948315751923,97,11.760459423065186,,0.1,((((0.0362 + (-2.719956086378315 + (0.8786412216232687 * x_0))) - ((0.024 + (-0.0984 * exp((-0.0826 + (0.5 * (-2.4962836392515335 + (0.8671704050930179 * x_2))))))) - (4.34 + (1.26 * cos((-0.198 + (-4.96 * (-2.4962836392515335 + (0.8671704050930179 * x_2))))))))) * (-0.08510000000000001 + (-0.013000000000000001 * (-2.6705100830629784 + (0.8888164274402005 * x_1))))) * (0.6880000000000001 + (-8.4 * sqrt((0.07110000000000001 + (0.659 * abs((((-0.07690000000000001 + (1.73 * (-2.4962836392515335 + (0.8671704050930179 * x_2)))) - (0.0775 + (2.14 * (-2.585674534025608 + (0.8767406575303234 * x_3))))) - ((0.0012 + (-0.748 * (-2.585674534025608 + (0.8767406575303234 * x_3)))) - (0.00106 + (-0.0412 * (-2.585674534025608 + (0.8767406575303234 * x_3)))))))))))))
feynman_I_29_4,ok,2,NoRef,0.9938250093177171,0.10146326815618946,52,13.544950246810913,,0.1,((0.022400000000000003 + (2.69 * inv((1.95 + (-1.9951431992266675 + (0.3861777173669346 * x_1)))))) * ((9.44 + (0.653 * ((-0.061500000000000006 + (1.08 * cos(((0.25 + (64.3 * (-1.9951431992266675 + (0.3861777173669346 * x_1)))) - (8.01 + (-3.27 * (-1.9951431992266675 + (0.3861777173669346 * x_1)))))))))**3)) * (0.07940000000000001 + (0.038000000000000006 * (-2.1650620520807715 + (0.38592391333961634 * x_0))))))
feynman_I_30_3,ok,3,BFGS,0.3423778226339852,1.862611277186773,85,15.990833520889282,,0.1,(-0.00017128390837760398 + (2.9094206253534587 * abs((((25.200020083673284 + ((0.43200209693425623 + (-0.017727209587018428 * sqrt((0.08599999946180105 + (76.89999999156731 * inv((0.06411016034045962 + (0.00031130833080669285 * (-2.713917252913514 + (0.9120507374530804 * x_1)))))))))))**3) + (0.0012500836732824492 + (9.949779704541951 * (-2.7051468847223092 + (0.8846863425384316 * x_0))))) * ((-0.018943605134212588 + (-0.01323487974562684 * ((-0.9694191056986956 * (-2.713917252913514 + (0.9120507374530804 * x_1))))**2)) + (0.025456394865787414 + (-0.020746609036350817 * cos(((-0.0024137755640890766 + (-0.04920561405308603 * (-2.461202600763884 + (0.8634250264942191 * x_2)))) * (0.005987687434850739 + (0.4546828969735393 * inv((-0.2696889541287414 + (-0.20207116980337145 * ((0.847157387905115 + (0.0017833085797263628 * (-2.7051468847223092 + (0.8846863425384316 * x_0)))))**2))))))))))))))
feynman_I_30_5,ok,3,NoRef,0.9332750955682059,0.03610244571772024,88,15.78978419303894,,0.1,(((-0.00224 + inv((((4.0600000000000005 + (-4.072826686636155 + (1.186008527663161 * x_1))) - (-5.99 + (-3.67 * (-2.503496805650597 + (0.8524201121194467 * x_2))))) * (-0.038200000000000005 + (-0.00673 * (-4.072826686636155 + (1.186008527663161 * x_1))))))) * ((((-0.9690000000000001 + (-5.1465134878527214 + (3.4065737547807147 * x_0))) - (0.07830000000000001 + (34.300000000000004 * arctan((-0.0417 + (-0.0098 * (-5.1465134878527214 + (3.4065737547807147 * x_0)))))))) * (0.331 + (-0.511 * (-2.503496805650597 + (0.8524201121194467 * x_2))))) - (-7.79 + (-0.898 * sin((0.0751 + (93.7 * (-5.1465134878527214 + (3.4065737547807147 * x_0))))))))) * (-0.0073 + (-0.00095 * (-5.1465134878527214 + (3.4065737547807147 * x_0)))))
feynman_I_32_17,ok,6,NoRef,0.9775198136658544,0.7689992475746441,62,13.698594093322754,,0.1,((0.030000000000000002 + (0.011000000000000001 * (-5.22090641103695 + (3.5546784205957644 * x_2)))) * (2.0 + (0.009 * exp(((8.5 + (1.0 * (-5.377145912979087 + (3.5490731972883967 * x_4)))) + (((0.2 * (-5.764932660258052 + (3.78687650449493 * x_1))) + (-0.1 + (0.4 * (-5.422314254425465 + (3.6430504379238773 * x_3))))) + ((-0.01 + (-0.8 * (-7.094423785619939 + (1.79517298980545 * x_5)))) + (0.01 + (0.23 * (-5.167560062937342 + (3.539922280882652 * x_0)))))))))))
feynman_I_32_5,ok,4,NoRef,0.9315800440647803,0.16831415281056286,72,10.435209274291992,,0.1,((0.01 + (0.005 * (-2.5999126994662913 + (0.8603722624673278 * x_0)))) * (0.1 + (0.02 * ((((2.3000000000000003 + (-2.6293091772736408 + (0.8973551875146073 * x_1))) + (0.1 + (-0.2 * sin((0.01 + (-9.9 * (-2.6293091772736408 + (0.8973551875146073 * x_1)))))))) * ((0.01 + (-0.9 * (-2.5999126994662913 + (0.8603722624673278 * x_0)))) + (-0.001 + (-7.0 * inv(((0.15 + (0.07 * (-2.7279182964428794 + (0.9289890799688245 * x_3)))) * (7.0 + (1.5 * (-2.5204631409860694 + (0.8420799699938597 * x_2)))))))))))**2)))
feynman_I_34_1,ok,3,NoRef,0.9127394115663159,0.5499596978380982,62,8.708214044570923,,0.1,((0.2 + (0.08 * (-2.588994719877589 + (0.8403804552900841 * x_2)))) * ((20.0 + (2.6 * sin((36.6 * (-3.213191526129124 + (0.49872911299177847 * x_0)))))) + ((0.030000000000000002 + (-0.02 * (-3.213191526129124 + (0.49872911299177847 * x_0)))) * ((-0.01 + (60.0 * (-5.224059625126184 + (3.4221881154884906 * x_1)))) + ((1.0 + (-0.9 * (-3.213191526129124 + (0.49872911299177847 * x_0)))) * (-0.001 + (-55.0 * (-3.213191526129124 + (0.49872911299177847 * x_0)))))))))
feynman_I_34_14,ok,3,NoRef,0.8025963059998058,0.649035223637866,49,8.8070809841156,,0.1,((0.02 + (0.0073 * (-2.704855709187059 + (0.914044649674877 * x_2)))) * ((90.0 + (9.0 * (-5.154977009990223 + (3.4616776248047603 * x_1)))) + (60.0 + (0.7000000000000001 * abs(((0.3 + (50.0 * (-3.4548575752247537 + (0.523026255492135 * x_0)))) + (-30.0 + (-73.10000000000001 * sin((0.07 + (99.0 * (-3.4548575752247537 + (0.523026255492135 * x_0)))))))))))))
feynman_I_34_27,ok,2,NoRef,0.9526222144643638,0.17957755417449334,75,8.93439531326294,,0.1,((0.012100000000000001 + (0.00482 * (-2.534319111975044 + (0.8625028469077035 * x_1)))) * (((0.061200000000000004 + inv((0.9670000000000001 + (88.9 * inv((-0.00509 + (44.9 * sin(((-0.217 + (-0.7000000000000001 * abs((35.7 * (-2.534319111975044 + (0.8625028469077035 * x_1)))))) + (0.06580000000000001 + (-0.601 * (-2.89141769643402 + (0.898356770850574 * x_0))))))))))))) + (0.00315 + (-6.82 * cos((0.00972 + (0.07970000000000001 * sqrt((74.10000000000001 + (-0.925 * (-2.534319111975044 + (0.8625028469077035 * x_1))))))))))) * (-24.400000000000002 + (-8.370000000000001 * (-2.89141769643402 + (0.898356770850574 * x_0))))))
feynman_I_34_8,ok,4,NoRef,0.9566141758462539,2.3798496994844283,57,9.506524324417114,,0.1,((0.02 + (0.0084 * (-2.5127584990667504 + (0.8365681778083426 * x_0)))) * ((0.2 + (0.08 * (-2.5134922366209222 + (0.8456834090766008 * x_2)))) * ((20.0 + (8.0 * (-2.466227921875975 + (0.8316291782707262 * x_1)))) * ((0.01 + (13.0 * sin((-9.9 * (-2.466227921875975 + (0.8316291782707262 * x_1)))))) + (40.0 + (60.0 * exp((-0.1 + (-0.8 * (-2.7058039597000527 + (0.8963922028654532 * x_3)))))))))))
feynman_I_37_4,ok,3,NoRef,0.9092641782881803,0.889568048362708,82,8.872491121292114,,0.1,(((-36.0 + (-2.383406815788065 + (0.839276951330772 * x_1))) - ((6.33 + (3.39 * (-2.383406815788065 + (0.839276951330772 * x_1)))) * (4.05 + (0.00628 * (-2.383406815788065 + (0.839276951330772 * x_1)))))) * (-0.030000000000000002 + (-0.0037099999999999998 * inv((-0.00917 + (-0.277 * inv(((2.2 + (-36.4 * (((-0.00964 + (-0.0069 * (-2.383406815788065 + (0.839276951330772 * x_1)))) - ((0.057300000000000004 + (0.00667 * (-2.6571366887356653 + (0.8822946483881516 * x_0)))) * (0.0015199999999999999 + (-4.74 * (-2.764987122967051 + (0.900490337034228 * x_2)))))))**2)) + (-0.6 + (0.058300000000000005 * (-2.383406815788065 + (0.839276951330772 * x_1))))))))))))
feynman_I_38_12,ok,4,NoRef,0.9620571938199244,0.24711088714485982,62,10.608118772506714,,0.1,((0.02 + (0.008 * (-2.6009675945637225 + (0.8457372940431475 * x_3)))) * (0.1 + (0.9 * (((0.02 + (0.0075 * (-2.698955835159459 + (0.8870284288875848 * x_2)))) * ((0.02 + (20.0 * sin((9.9 * (-2.669105088819141 + (0.8929834841209456 * x_1)))))) + (-0.060000000000000005 + (-90.0 * inv(((0.05 + (0.02 * (-2.669105088819141 + (0.8929834841209456 * x_1)))) * (8.2 + (1.7 * (-2.5586279912186 + (0.8454003566144559 * x_0)))))))))))**2)))
feynman_I_39_1,ok,2,NoRef,0.9579080871583703,1.5059044005752458,82,10.019227504730225,,0.1,(((-0.0035399999999999997 + (-2.7062751395259212 + (0.8763906451326979 * x_0))) + (2.61 + (-0.08040000000000001 * inv((0.0010199999999999999 + (-8.88 * inv(((0.371 + (-0.021 * (-2.7062751395259212 + (0.8763906451326979 * x_0)))) - ((0.991 + (-31.5 * (-2.5210522670128928 + (0.8376322027194677 * x_1)))) - (12.4 + (38.2 * sin(((-9.18 + (-0.07100000000000001 * (-2.5210522670128928 + (0.8376322027194677 * x_1)))) * (-86.2 + (-33.4 * (-2.5210522670128928 + (0.8376322027194677 * x_1))))))))))))))))) * ((-1.46 + (7.9 * (-2.5210522670128928 + (0.8376322027194677 * x_1)))) - (-6.47 + (6.38 * (-2.5210522670128928 + (0.8376322027194677 * x_1))))))
feynman_I_39_11,ok,3,NoRef,0.9516002581397129,0.6768087607508187,87,10.089600801467896,,0.1,((((17.2 + inv((0.026600000000000002 + (0.01 * (-4.32559571055069 + (1.2368194563105266 * x_0)))))) - (0.00014 + (-0.267 * (-2.6135216143256805 + (0.855921153581978 * x_1))))) * ((-2.79 + (0.8130000000000001 * cos((0.618 + (-0.097 * sin(((2.46 + (0.00376 * (-2.625098388323601 + (0.8546158887138439 * x_2)))) * (-69.3 + (57.6 * (-2.6135216143256805 + (0.855921153581978 * x_1))))))))))) + ((-0.008969999999999999 + (-0.764 * (-2.625098388323601 + (0.8546158887138439 * x_2)))) - (-0.0011899999999999999 + (0.33 * cos((-0.00585 + (52.0 * (-2.6135216143256805 + (0.855921153581978 * x_1)))))))))) * (-0.034300000000000004 + (-0.013600000000000001 * (-2.6135216143256805 + (0.855921153581978 * x_1)))))
feynman_I_39_22,ok,4,NoRef,0.9527404758152813,1.968425037382799,105,11.011260271072388,,0.1,((9.63 + (1.5 * sin(((-0.747 + (0.0045899999999999995 * (-2.7095154921239692 + (0.8898156980890322 * x_0)))) - ((49.7 + (-72.3 * abs((-1.55 + (-0.054000000000000006 * ((0.0075699999999999995 + (0.009609999999999999 * (-2.8938465905050474 + (0.9115319998776715 * x_2)))))**2))))) * ((-31.7 + (6.62 * (-2.8938465905050474 + (0.9115319998776715 * x_2)))) + ((6.65 + (0.677 * (-2.8938465905050474 + (0.9115319998776715 * x_2)))) - (-0.00439 + (-9.41 * (-2.673320419181644 + (0.862997113312146 * x_1))))))))))) * (((-0.00241 + inv((2.89 + (-2.8938465905050474 + (0.9115319998776715 * x_2))))) * (-7.57 + (-2.2 * (-2.673320419181644 + (0.862997113312146 * x_1))))) * ((-0.622 + (-0.261 * (-2.515464031129917 + (0.8571865699921215 * x_3)))) * (0.604 + (0.21000000000000002 * (-2.7095154921239692 + (0.8898156980890322 * x_0)))))))
feynman_I_40_1,ok,6,NoRef,0.6121901550415554,0.4181162590338363,77,8.383578300476074,,0.1,((9.999999999999999e-05 + (1e-05 * (-2.750630136878482 + (0.8784863640556843 * x_0)))) * (0.00039999999999999996 + (0.02 * ((0.001 + (-0.09000000000000001 * (((90.0 + (-9.0 * (-2.632057227943042 + (0.8533082368996687 * x_4)))) - ((0.3 + (0.1 * (-2.685752135038517 + (0.8737632076877316 * x_1)))) * (((-3.0 + (-2.505577383670409 + (0.8487705948021765 * x_5))) + (0.1 + (-1.1 * (-2.604274673300914 + (0.8774717798506494 * x_2))))) * ((-50.0 + (16.3 * (-2.7566779457259827 + (0.9431878324167259 * x_3)))) + (-0.01 + (-9.200000000000001 * (-2.632057227943042 + (0.8533082368996687 * x_4)))))))))**2)))**2)))
feynman_I_41_16,ok,5,NoRef,0.964082006616065,0.5232891099139642,98,11.677938461303711,,0.1,(0.00968 + (49.6 * ((((3.7800000000000002 + (-2.4195199750154344 + (0.8276034912250019 * x_3))) - (0.09910000000000001 + (-0.873 * (-2.7023065522833383 + (0.9018351501921328 * x_1))))) * (((2.95 + (-2.7591720371449497 + (0.8901706115839029 * x_0))) * (0.00536 + (-0.0005 * cos(((-0.251 + (0.0018 * ((-3.96 + (-2.7591720371449497 + (0.8901706115839029 * x_0))))**2)) * (-1.05 + (-41.9 * inv(((0.267 + (0.0018599999999999999 * (-2.699004118830948 + (0.8588094739086412 * x_2)))) - (0.256 + (-0.0458 * (-2.7591720371449497 + (0.8901706115839029 * x_0))))))))))))) * ((-0.046400000000000004 + (0.09340000000000001 * (-2.699004118830948 + (0.8588094739086412 * x_2)))) - (-0.00196 + (-4.7700000000000005 * inv((-2.27 + (-0.884 * (-2.5141252122709137 + (0.8254257004395766 * x_4)))))))))))**2))
feynman_I_43_16,ok,4,NoRef,0.9776803245851611,1.468354528587691,57,10.899938583374023,,0.1,(((2.5 + (-2.5325929527992206 + (0.8680939467859502 * x_2))) * (0.02 + (0.008 * (-2.569119086945987 + (0.8611156813888292 * x_1))))) * ((2.0 + (0.8 * (-2.5394232640311034 + (0.8623533219956532 * x_0)))) * (0.01 + (90.0 * inv(((0.015000000000000001 + (0.006 * (-2.5275619323503817 + (0.8733293130547708 * x_3)))) * (73.10000000000001 + (9.9 * sin((0.01 + (99.0 * (-2.5275619323503817 + (0.8733293130547708 * x_3)))))))))))))
feynman_I_43_31,ok,3,NoRef,0.9468178505215247,4.16921433681449,90,9.759041786193848,,0.1,(-0.0131 + (0.06330000000000001 * abs((((2.84 + (-2.620848157697589 + (0.877041434042821 * x_0))) * (-0.09330000000000001 + (-0.038700000000000005 * (-2.5655275384794733 + (0.8491796334579955 * x_2))))) * (((2.11 + (0.733 * (-2.766978367774217 + (0.8922886932012777 * x_1)))) * (((-0.00805 + (-2.5655275384794733 + (0.8491796334579955 * x_2))) - (-65.9 + (-8.99 * sin((79.2 + (8.45 * (-2.5655275384794733 + (0.8491796334579955 * x_2)))))))) * (12.5 + (0.00951 * (-2.766978367774217 + (0.8922886932012777 * x_1)))))) - (0.0246 + (-25.3 * inv(((6.26 + (-9.120000000000001 * (-2.766978367774217 + (0.8922886932012777 * x_1)))) + (0.0049099999999999994 + (-0.598 * (-2.620848157697589 + (0.877041434042821 * x_0)))))))))))))
feynman_I_43_43,ok,4,NoRef,0.9568130563478702,0.38355014663009807,82,10.578310251235962,,0.1,(((0.61 + log((37.4 + (0.657 * (-2.5887400075603013 + (0.8587029602822143 * x_2)))))) - ((-0.006549999999999999 + (0.929 * inv(((0.00972 + (0.0031899999999999997 * (-3.9875563203078572 + (1.133381419000807 * x_0)))) * (1.47 + (0.598 * (-2.5887400075603013 + (0.8587029602822143 * x_2)))))))) * ((-1.9000000000000001 + (-0.769 * (-2.721103044426544 + (0.8903757010329937 * x_3)))) * (0.192 + (0.0439 * cos((0.806 + (-6.74 * arctan((-0.11900000000000001 + (0.00947 * inv((0.00086 + (-0.044500000000000005 * (-3.9875563203078572 + (1.133381419000807 * x_0)))))))))))))))) * (0.0347 + (0.014300000000000002 * (-2.3535395914566313 + (0.8333798952873859 * x_1)))))
feynman_I_44_4,ok,5,NoRef,0.9874937063445796,2.502287675181875,85,14.313892841339111,,0.1,(((2.5 + (-2.499546494011863 + (0.8393835285754679 * x_2))) * ((0.2 + (0.07500000000000001 * (-2.735022369041267 + (0.8893477651640194 * x_1)))) * ((0.02 + (-0.7000000000000001 * (-2.672702249888496 + (0.8826010950824924 * x_3)))) + (0.030000000000000002 + (0.7000000000000001 * (-2.74648864990375 + (0.8845625750500153 * x_4))))))) * (((3.0 + (-2.772098215480759 + (0.9125155363496182 * x_0))) + (0.1 + (-0.4 * (-2.74648864990375 + (0.8845625750500153 * x_4))))) * ((11.0 + (-1.6 * (-2.672702249888496 + (0.8826010950824924 * x_3)))) + (-0.1 + (-1.6 * cos((0.3 + (9.0 * inv((0.02 + (4.0 * (-2.772098215480759 + (0.9125155363496182 * x_0)))))))))))))
feynman_I_47_23,ok,3,NoRef,0.9199971127860349,0.18971961793820405,93,8.715455532073975,,0.1,((0.0212 + (0.0048 * (-2.6165659297933477 + (0.8878935966391123 * x_1)))) * (((-0.00246 + sin((-45.800000000000004 * (-2.592997202582427 + (0.837398763532969 * x_0))))) + (2.62 + (5.49 * inv((((-52.7 + (-2.592997202582427 + (0.837398763532969 * x_0))) - (0.0077399999999999995 + (4.18 * cos((8.52 + (0.929 * (-2.5724828174692225 + (0.8432476442733219 * x_2)))))))) * (-0.019600000000000003 + (-0.00548 * (-2.5724828174692225 + (0.8432476442733219 * x_2))))))))) * ((0.329 + (2.1 * (-2.592997202582427 + (0.837398763532969 * x_0)))) - (-9.64 + (-0.63 * inv((-2.75 + (-0.030600000000000002 * ((0.00788 + (0.008159999999999999 * inv((0.024700000000000003 + (-0.057100000000000005 * (-2.5724828174692225 + (0.8432476442733219 * x_2))))))))**2))))))))
feynman_I_48_2,ok,3,BFGS,0.9748823103830213,14.640587712430781,83,9.449275016784668,,0.1,((-39.1999999999983 + (-33.39999999995678 * ((3.3299999994113985 + (-3.391832487704957 + (0.5210116748906156 * x_2))))**2)) * ((-0.3369999958227833 + (-0.099299998967248 * inv((((-4.937743544426889 + (3.2843729845807 * x_1)) + (-0.2769999984434612 + (-44.1999999999618 * sin((-55.60000006767785 + (86.28214060194925 * ((-0.012770638349732893 + (9.04101678464459 * ((6.567364009452123 + (-0.4593634924405748 * (-2.552294993039161 + (0.8647831399427154 * x_0)))))**2)))**2)))))) + (-0.0006999984434611523 + (0.008040002205751767 * (-4.937743544426889 + (3.2843729845807 * x_1)))))))) * ((-0.003130001008713925 + (0.0997999995603413 * sin((79.89999999999127 + (94.19999999998262 * (-2.552294993039161 + (0.8647831399427154 * x_0))))))) - (-0.9349999989912862 + (-0.34399999846974966 * (-2.552294993039161 + (0.8647831399427154 * x_0)))))))
feynman_I_50_26,ok,4,NoRef,0.6523479376692451,1.1703464014980915,88,10.448290586471558,,0.1,(((0.07210000000000001 * (-3.536023516680619 + (1.75533069780533 * x_2))) - ((-0.00522 + (-0.006 * sin((((9e-05 + (-3.3181470678994196 + (1.6324912473197704 * x_1))) - (0.048600000000000004 + (2.99 * (-3.3181470678994196 + (1.6324912473197704 * x_1))))) * (-0.317 + (-1.08 * (-3.536023516680619 + (1.75533069780533 * x_2)))))))) * ((((8.1 + (-3.3328522910623977 + (1.7072811432647408 * x_3))) * (0.275 + (0.07650000000000001 * (-3.6514817749949793 + (1.80323135783928 * x_0))))) * (1.84 + (0.9500000000000001 * (-3.3181470678994196 + (1.6324912473197704 * x_1))))) * (76.4 + (30.3 * (-3.536023516680619 + (1.75533069780533 * x_2))))))) + (-0.302 + (0.155 * (-3.3328522910623977 + (1.7072811432647408 * x_3)))))
feynman_I_6_2,ok,2,NoRef,0.6964623548669756,0.02364312943055365,67,8.90842342376709,,0.1,(((-5.33 + (-3.405357073342636 + (1.6986630633987225 * x_1))) - (0.182 + (-0.029300000000000003 * abs((((-3.27 + (0.874 * (-3.405357073342636 + (1.6986630633987225 * x_1)))) * ((-0.5690000000000001 + (0.596 * (-3.405357073342636 + (1.6986630633987225 * x_1)))) + (0.0223 + (7.640000000000001 * sin((-0.068 + (58.0 * (-3.405357073342636 + (1.6986630633987225 * x_1))))))))) - (-0.0009 + (-47.5 * (-3.514115234431094 + (1.739810398745664 * x_0))))))))) * (-0.024900000000000002 + (0.0034999999999999996 * (-3.405357073342636 + (1.6986630633987225 * x_1)))))
feynman_I_6_2a,ok,1,NoRef,0.9841561749401438,0.00906402357618723,87,6.288834095001221,,0.1,(0.00347 + (54.6 * ((((-0.0036 * sin(((-3.42 + (-0.0322 * sqrt((44.7 + (0.0015999999999999999 * inv(((-9.46 + (-5.25 * (-3.3043792546673862 + (1.6591429555496728 * x_0)))) + (0.00823 + (-5.53 * tan((0.00448 + (-15.1 * (-3.3043792546673862 + (1.6591429555496728 * x_0)))))))))))))) + ((8.85 + (-33.0 * (-3.3043792546673862 + (1.6591429555496728 * x_0)))) * (90.9 + (-0.937 * (-3.3043792546673862 + (1.6591429555496728 * x_0)))))))) * (0.8210000000000001 + (0.637 * cos((48.800000000000004 + (-73.7 * (-3.3043792546673862 + (1.6591429555496728 * x_0)))))))) + (0.09820000000000001 + (-0.043000000000000003 * (-3.3043792546673862 + (1.6591429555496728 * x_0))))))**3))
feynman_I_6_2b,ok,3,NoRef,0.6269387528611375,0.033307741125090086,85,7.072239637374878,,0.1,((-0.00796 + (-0.00688 * (-3.504008249416157 + (1.7339598113329304 * x_2)))) + (0.031100000000000003 + (0.41700000000000004 * sin((0.0751 + (-0.18000000000000002 * inv(((-0.00218 + (-0.0014 * abs((((0.805 * (-3.648690234065757 + (1.810834389535367 * x_0))) + ((0.627 + (72.0 * (-3.5208095926375687 + (1.7955920545817259 * x_1)))) + (-37.0 + (-0.185 * (-3.648690234065757 + (1.810834389535367 * x_0)))))) + (-0.084 + (-52.4 * (-3.504008249416157 + (1.7339598113329304 * x_2)))))))) + ((0.00047 + (-0.0889 * sin((93.4 * (-3.5208095926375687 + (1.7955920545817259 * x_1)))))) + (-0.5740000000000001 + (-0.19 * (-3.648690234065757 + (1.810834389535367 * x_0)))))))))))))
feynman_I_8_14,ok,4,NoRef,0.05670023281827363,0.9222455771691062,108,6.916966676712036,,0.1,((0.08800000000000001 + (0.00129 * (-2.599248084478257 + (0.8845884196557181 * x_2)))) + (-0.0407 + (2.95 * abs((0.00045 + (0.8230000000000001 * arctan((((-7.45 + sin(((-0.00898 + (-0.0568 * ((-9.28 * (-2.8502199266344257 + (0.9130456171320038 * x_0))))**3)) + (0.0033 + (12.4 * sqrt((44.0 + (0.00957 * (-2.7225380020541645 + (0.925073228466846 * x_1)))))))))) - (0.058300000000000005 + (0.0096 * (-2.6197762566691063 + (0.8822041138208964 * x_3))))) * (((0.08800000000000001 * (-2.8502199266344257 + (0.9130456171320038 * x_0))) + (0.003 + (-0.098 * (-2.7225380020541645 + (0.925073228466846 * x_1))))) + ((-0.00955 + (-0.0632 * (-2.6197762566691063 + (0.8822041138208964 * x_3)))) + ((-0.007859999999999999 + (0.14700000000000002 * (-2.599248084478257 + (0.8845884196557181 * x_2)))) * (0.52 + (0.00416 * (-2.6197762566691063 + (0.8822041138208964 * x_3)))))))))))))))
feynman_I_9_18,ok,9,NoRef,0.9226304783360545,0.03311615160975961,127,13.006714582443237,,0.1,(((((((-4.97 + (-6.3 * sin((-2.0300000000000002 + (20.8 * inv((0.005399999999999999 + (-0.6950000000000001 * (-5.425315389628147 + (3.544367204983429 * x_4)))))))))) - (30.0 + (-7.0 * (-12.220849580979717 + (3.5095633051568256 * x_5))))) - (34.4 + (0.373 * (-5.392816095681697 + (3.542785928524673 * x_6))))) + (-0.09230000000000001 + (0.007529999999999999 * (-5.3254948363333385 + (3.5109234238146523 * x_8))))) + (-1.26 + (-8.73 * (-5.3254948363333385 + (3.5109234238146523 * x_8))))) + (-0.0036999999999999997 + (-5.83 * (-5.392816095681697 + (3.542785928524673 * x_6))))) * (((5.33 + (-5.280887282031235 + (3.517700762370517 * x_1))) * (0.039200000000000006 + (-0.00528 * (-11.8704355229784 + (3.388706955506491 * x_7))))) * ((-0.42100000000000004 + (-0.0787 * (-5.454952378167819 + (3.5597416854716295 * x_2)))) * ((-0.0741 + (0.00805 * (-12.07450811257965 + (3.447755129551146 * x_3)))) * ((-0.662 + (-0.0937 * (-5.0619378650438245 + (3.429332041613027 * x_0)))) - (-0.012700000000000001 + (0.06960000000000001 * (-5.425315389628147 + (3.544367204983429 * x_4)))))))))
feynman_test_1,ok,7,NoRef,0.9275016698856409,2.33796672974548,80,8.20080828666687,,0.1,((-0.26 + (-0.084 * (-5.227781264550111 + (3.4955479802810143 * x_0)))) * (((2.97 + (-5.46455807631665 + (3.5498345168665297 * x_4))) - ((0.0042899999999999995 + (-0.991 * (-5.207970175488111 + (3.4354126422346773 * x_1)))) + (-0.506 + (0.0012 * (-5.138990131434707 + (3.418222117248415 * x_3)))))) * ((-0.24100000000000002 + (-0.08310000000000001 * (-5.301254421293182 + (3.571895589168692 * x_2)))) * (4.25 + (6.8 * exp((((0.596 * (-5.138990131434707 + (3.418222117248415 * x_3))) + (0.026600000000000002 + (-1.53 * (-3.366539535406591 + (1.6550803839109154 * x_6))))) + (-0.54 + (-0.93 * (-3.537848367214543 + (1.7762555305867092 * x_5)))))))))))
feynman_test_10,ok,3,NoRef,0.6780535433401246,0.28692124222394605,72,7.660686016082764,,0.1,(-0.749 + (0.0674 * sqrt((((24.400000000000002 + (-3.3845826183045533 + (1.6813002149621212 * x_1))) - ((9.540000000000001 + (8.24 * sin((0.443 + (7.17 * sin((-21.8 + (-46.6 * (-8.116061002775346 + (1.6342484134069302 * x_0)))))))))) - (19.8 + (2.32 * cos((54.5 + (77.7 * (-3.3460345348848217 + (1.6375695874502416 * x_2))))))))) * ((60.4 + (0.0211 * cos((-5.58 + (6.0 * (-3.3460345348848217 + (1.6375695874502416 * x_2))))))) - (-0.913 + (-17.2 * (-3.3460345348848217 + (1.6375695874502416 * x_2)))))))))
feynman_test_11,ok,4,NoRef,0.9248569432062496,0.3147701090808344,57,9.580311298370361,,0.1,(((3.4 + (-3.3954474918985897 + (1.6980452382715512 * x_0))) * (0.030000000000000002 + (-0.0063999999999999994 * (-3.665844595981015 + (1.777098795308299 * x_1))))) * ((16.0 + (-4.0 * sin((-0.7000000000000001 + (-0.9 * cos((0.02 + (-9.9 * (-5.236612109883896 + (3.481438590813907 * x_3)))))))))) + ((0.08 + (0.060000000000000005 * (-5.236612109883896 + (3.481438590813907 * x_3)))) * (20.0 + (-75.4 * (-3.346469913588077 + (1.6850115584239587 * x_2)))))))
feynman_test_12,ok,5,NoRef,0.963855485469975,2.7568241036074874,98,13.805556774139404,,0.1,(((-0.0811 + inv((2.52 + (-3.5635370620943165 + (1.7939317028206654 * x_1))))) * (((((-0.0408 + (-2.5428592207713114 + (0.8562284556356499 * x_2))) - (-3.24 + (-0.309 * (-2.5428592207713114 + (0.8562284556356499 * x_2))))) * ((-0.0055 + (0.07260000000000001 * (-2.853922264819424 + (0.932495105440568 * x_4)))) - ((-0.0522 + (2.41 * (-8.932695855907657 + (1.8116048195913816 * x_3)))) - (-20.5 + (0.15 * (-2.6977268572244775 + (0.8745901392683244 * x_0))))))) * (-0.917 + (0.48700000000000004 * inv((-0.629 + (0.0568 * (-2.6977268572244775 + (0.8745901392683244 * x_0)))))))) * (6.67 + (-1.1 * sin((-0.466 + (-8.92 * (-2.6977268572244775 + (0.8745901392683244 * x_0))))))))) * (0.0497 + (0.0178 * (-2.6977268572244775 + (0.8745901392683244 * x_0)))))
feynman_test_13,ok,5,NoRef,0.8726163497814314,0.005452609230981249,117,8.989961385726929,,0.1,(((0.00087 + abs((0.0010999999999999998 + (-1.42 * cos((-0.0077599999999999995 + (-4.86 * abs((-0.768 + (12.700000000000001 * (-2.6325494804343417 + (0.8669522048421392 * x_4)))))))))))) + ((-9.84 + (0.684 * (-8.806647690247798 + (1.7455943517050234 * x_2)))) - (-0.0732 + (-0.306 * (-3.5940895997809497 + (1.8135393947013234 * x_1)))))) * ((0.00811 + (0.00315 * (-2.6250159024465325 + (0.8809471830218581 * x_0)))) * (-0.0961 + (-0.09110000000000001 * abs((0.8250000000000001 + (8.24 * ((0.5860000000000001 + (-0.47200000000000003 * sqrt(((0.0912 + (-0.24400000000000002 * (-2.6325494804343417 + (0.8669522048421392 * x_4)))) + (((-0.27 + (-3.6 * cos((-0.10200000000000001 + (0.76 * (-1.746642865264792 + (0.5896839391773017 * x_3))))))) - (-0.06720000000000001 + (-9.8 * ((-0.9730000000000001 + (0.09530000000000001 * (-2.6325494804343417 + (0.8669522048421392 * x_4)))))**2))) - (-0.009089999999999999 + (-0.137 * (-8.806647690247798 + (1.7455943517050234 * x_2))))))))))**3)))))))
feynman_test_14,ok,5,BFGS,0.00655560579466774,13.286512134387978,57,10.942814350128174,,0.1,((0.0010293952389071159 + (0.000782830264899865 * (-2.4971016599479787 + (0.8755177320464741 * x_0)))) * ((-0.02192924522420829 + (-0.3829811839999476 * abs((-1.5566992548492418 + (-1.8362504524212548 + (0.5886238536748217 * x_1)))))) * (101.20825661949993 + (-44.51215973298303 * tan(((0.9191765262570052 + (0.6409965837403601 * (-2.7343051092784583 + (0.8676802164640326 * x_3)))) + ((0.47917652622001644 + (-1.1431289987286017 * (-2.82933830080293 + (0.9019774465276317 * x_2)))) + (0.319176526194431 + (0.5321787013045018 * (-2.7717036158853623 + (0.8910307375402117 * x_4)))))))))))
feynman_test_15,ok,4,NoRef,0.8600044839327273,0.4949751747115436,108,8.424075603485107,,0.1,(((-6.45 + (-2.6083629970816253 + (0.8614753242282561 * x_2))) + (-0.0038699999999999997 + (-3.16 * (-2.6083629970816253 + (0.8614753242282561 * x_2))))) * (((-0.020800000000000003 + (-0.0069 * (-3.44398841134359 + (1.7062541540257399 * x_1)))) * (0.41600000000000004 + (6.26 * inv((0.561 + (52.9 * ((-0.0502 + (0.29300000000000004 * (-1.6328865507846893 + (0.5623491845950379 * x_3)))))**2)))))) - (0.401 + (0.07400000000000001 * sin(((-0.326 + (0.00139 * arctan(((0.048100000000000004 + (0.00149 * arctan((-2.6083629970816253 + (0.8614753242282561 * x_2))))) * ((0.444 + (0.00534 * (-3.44398841134359 + (1.7062541540257399 * x_1)))) * (49.6 + (-0.618 * (-2.6083629970816253 + (0.8614753242282561 * x_2))))))))) + ((0.031100000000000003 + (-30.6 * (-3.44398841134359 + (1.7062541540257399 * x_1)))) * (3.86 + (1.83 * (-2.775585808642215 + (0.2230513956628074 * x_0)))))))))))
feynman_test_16,ok,6,NoRef,0.850054907915597,10.159154954083665,119,12.072720050811768,,0.1,((((0.0407 + (0.0175 * (-2.5646829966487252 + (0.8976314789223115 * x_1)))) * ((0.629 + (-68.9 * (-2.5646829966487252 + (0.8976314789223115 * x_1)))) + ((4.13 + (0.169 * (-2.8339070085508693 + (0.8963785096562519 * x_3)))) * ((-0.00315 + (-47.5 * (-2.754039946388614 + (0.9247900733006543 * x_4)))) - (5.51 + (73.2 * ((-2.62 + (-0.257 * (-2.4906875140014773 + (0.8274788980025466 * x_0)))))**2)))))) - ((-0.050600000000000006 + (8.28 * (-2.497958180791681 + (0.846442877452173 * x_5)))) + (0.010400000000000001 + (-7.13 * (-2.635665760890794 + (0.8730170310102188 * x_2)))))) * (((-0.00196 + (-0.00292 * (-2.8339070085508693 + (0.8963785096562519 * x_3)))) * (17.6 + (5.2 * (-2.5646829966487252 + (0.8976314789223115 * x_1))))) - (0.45 + (-0.09620000000000001 * sin(((51.6 + (0.5930000000000001 * (-2.497958180791681 + (0.846442877452173 * x_5)))) - (-0.165 + (-3.3200000000000003 * (-2.754039946388614 + (0.9247900733006543 * x_4))))))))))
feynman_test_17,ok,6,NoRef,0.8590812771430334,411.8977399148037,79,16.368401050567627,,0.1,(0.2 + (0.001 * (((0.3 + (0.1 * (-2.7108630841762187 + (0.8830372164530217 * x_4)))) * ((3.0 + (0.8 * (-2.765478966339881 + (0.9329498472453334 * x_1)))) * ((90.0 + (9.9 * (-2.58308061810788 + (0.8667775591446114 * x_5)))) + ((0.01 + (13.0 * (-2.609026883475403 + (0.9049875073710979 * x_0)))) + ((0.01 + (-9.0 * (-2.781416348213264 + (0.8769741774113623 * x_3)))) + (0.2 + (-6.4 * cos(((0.030000000000000002 + (3.0 * (-2.781416348213264 + (0.8769741774113623 * x_3)))) + (0.9 + (0.060000000000000005 * (-2.4807409694030844 + (0.8117468840952684 * x_2))))))))))))))**3))
feynman_test_18,ok,5,NoRef,0.8423464364873743,0.3090886776929906,64,9.322509050369263,,0.1,(0.05 + (0.002 * (((9.0 + (4.3 * (-2.649399129385902 + (0.8900528640090624 * x_3)))) - ((-1.0 + (-2.0 * exp(((-0.01 + (-0.9 * (-2.8325456789844874 + (0.8985308040340149 * x_0)))) + ((-0.01 + (0.02 * (-2.391519112253692 + (0.8163618698332834 * x_2)))) * (-30.0 + (-9.9 * (-2.6338575830760558 + (0.8934994887606297 * x_4))))))))) + (-1.0 + (-1.7 * sin((0.9 + (3.0 * (-2.689919738378074 + (0.9109270103670807 * x_1))))))))))**2))
feynman_test_19,ok,6,NoRef,0.782958822803433,7.279790733281551,115,19.537999153137207,,0.1,(((0.00788 + ((-0.3 + (0.40800000000000003 * (-2.470148202109449 + (0.8643710414180056 * x_0)))))**3) - (0.375 + (0.182 * (-2.5340806714331805 + (0.8433488361089256 * x_3))))) * (((2.08 + (-2.563942402759304 + (0.8359465135192651 * x_4))) * (-0.00907 + (-0.0047 * (-2.586608786405093 + (0.8513854795762903 * x_5))))) * (66.1 + (77.60000000000001 * sqrt((0.0873 + (5.37 * abs((9.09 + (0.029200000000000004 * sqrt((-0.008159999999999999 + (0.14400000000000002 * (((7.890000000000001 + (-51.1 * (-2.5340806714331805 + (0.8433488361089256 * x_3)))) * ((-0.311 + (0.0026999999999999997 * (-2.469934740574904 + (0.8197279678209497 * x_1)))) * ((-41.5 + (-74.0 * (-2.586608786405093 + (0.8513854795762903 * x_5)))) - (63.5 + (8.42 * tan(((0.0417 + (0.41400000000000003 * (-2.510605559071305 + (0.8605237995995644 * x_2)))) * (60.7 + (0.00789 * (-2.510605559071305 + (0.8605237995995644 * x_2))))))))))))**2)))))))))))))
feynman_test_2,ok,6,NoRef,0.7511584040825809,0.9425435948686118,69,9.459911823272705,,0.1,((-0.9 + (0.01 * abs(((0.9 + (0.2 * (-3.484219578395549 + (1.7515960242856556 * x_1)))) * ((0.3 + (0.07 * (-3.694453183714725 + (1.849845799738913 * x_0)))) * ((9.0 + (-5.0 * (-3.442291868563275 + (1.728032016896608 * x_2)))) * (90.0 + (-83.4 * sin(((-0.9 + (1.5 * (-1.6813708131974574 + (0.5715451023570847 * x_5)))) + (-0.2 + (-1.8 * (-1.5805657668478423 + (0.5708335569588892 * x_4)))))))))))))) + (0.1 + (-0.2 * (-3.374365183451518 + (1.6756185087337063 * x_3)))))
feynman_test_20,ok,7,NoRef,0.27748683795045415,3.465959910502106,130,10.251846551895142,,0.1,(0.00037999999999999997 + (1.02 * ((((3.5300000000000002 + (-2.5052288861366203 + (0.8487810534637035 * x_1))) * (((0.06130000000000001 + inv(((64.0 + (21.5 * (-2.783570439639793 + (0.9233358890323494 * x_5)))) * (-0.00949 + (-0.00421 * (-2.4913618241411206 + (0.870112794150215 * x_0))))))) + ((0.00306 + (-0.00868 * sin(((-0.0748 + (-4.89 * (-1.6532529969200138 + (0.5406303341028174 * x_6)))) - (37.300000000000004 + (0.0695 * (-2.7376235059154497 + (0.8673671831208826 * x_2)))))))) * (-5.71 + (4.44 * (-2.5572280095030715 + (0.8621049992891755 * x_3)))))) * ((0.9790000000000001 + (3.93 * (-2.5572280095030715 + (0.8621049992891755 * x_3)))) - ((-9.57 + (0.0040999999999999995 * (-1.6532529969200138 + (0.5406303341028174 * x_6)))) + (0.08850000000000001 + (-0.0485 * sin((-0.00822 + (-0.00074 * (-2.6907610883925144 + (0.890707011566884 * x_4))))))))))) * ((-0.031900000000000005 + (-0.010700000000000001 * (-2.7376235059154497 + (0.8673671831208826 * x_2)))) * (-0.06670000000000001 + (-0.056400000000000006 * exp((-0.0227 + (-0.8320000000000001 * (-2.6907610883925144 + (0.890707011566884 * x_4))))))))))**2))
feynman_test_3,ok,4,NoRef,0.8582265954812105,0.7329077930917481,94,13.48497748374939,,0.1,(0.46900000000000003 + (-5.07 * exp(((-0.045500000000000006 + (-5.61 * abs((((-0.0654 + (-0.733 * abs(((0.0033399999999999997 + (-0.00141 * (-16.172015121786515 + (3.5941604003366345 * x_2)))) * ((0.00887 + (4.58 * cos(((26.3 + (-0.624 * (-15.032047874287718 + (3.353815118292767 * x_3)))) * (-2.88 + (1.48 * (-3.471159570853373 + (1.6737506595930596 * x_0)))))))) - (8.59 + (0.0751 * (-3.471159570853373 + (1.6737506595930596 * x_0))))))))) + (0.044300000000000006 + (0.05380000000000001 * (-3.471159570853373 + (1.6737506595930596 * x_0))))) - (0.00851 + (0.00155 * (-3.471159570853373 + (1.6737506595930596 * x_0)))))))) - (-0.268 + (-4.62 * sin((2e-05 + (0.0723 * (-4.859006065813082 + (1.6427931891012966 * x_1)))))))))))
feynman_test_4,ok,5,NoRef,0.5653112711956676,0.3328974578165446,74,16.497439861297607,,0.1,(1.0 + (0.2 * sqrt(((0.2 + (0.1 * sin((-0.01 + (0.9 * cos((5.0 + (9.0 * (-3.631622653697142 + (1.8179962395743536 * x_4)))))))))) * (0.09000000000000001 + (0.09000000000000001 * (((70.0 + (-16.3 * (-3.434758293955252 + (1.7338496667716403 * x_0)))) + ((-0.3 + (-4.4 * (-3.4980833203229977 + (1.8537679695560751 * x_2)))) + ((-0.3 + (7.0 * (-8.409856081703799 + (0.8421415637065467 * x_1)))) + (-0.3 + (-8.0 * sin((-0.9 + (-9.0 * (-3.3956721904323857 + (1.6818367301853963 * x_3)))))))))))**2))))))
feynman_test_5,ok,4,NoRef,0.9641618462386926,0.5840863234139523,80,11.845063924789429,,0.1,(0.681 + (8.82 * abs((((-4.36 + sin((-0.29300000000000004 + (0.3 * tan((-0.877 + (79.9 * ((-6.0600000000000005 + (-0.06340000000000001 * sqrt((6.3500000000000005 + (-1.96 * (-3.23468266994482 + (1.6591241874943665 * x_0))))))))**2))))))) + (-0.0117 + (0.5820000000000001 * inv((-0.436 + (-0.0882 * (-3.5243486716001864 + (1.7355707966666627 * x_2)))))))) * (((-2.7800000000000002 + (-3.5715645968617267 + (1.7740534831014714 * x_3))) + (-0.8560000000000001 + (2.04 * inv((-0.21000000000000002 + (-0.0488 * (-3.463507310340305 + (1.7558292590522568 * x_1)))))))) * (-0.008 + (-0.0036899999999999997 * (-3.23468266994482 + (1.6591241874943665 * x_0)))))))))
feynman_test_6,ok,7,NoRef,0.5563995435268554,0.34123381918049167,116,8.73572587966919,,0.1,((-0.0267 + (0.0849 * abs(((8.76 + (1.04 * (-3.4949213836164295 + (1.7467222493641044 * x_6)))) + (((-1.32 + ((-0.10500000000000001 + (-3.464097052656947 + (1.740799776652784 * x_5))))**3) * (0.167 + (-0.14800000000000002 * (-3.449152718312042 + (1.6976979855860372 * x_4))))) * (((-85.60000000000001 + cos((59.5 * (-3.51997998884813 + (1.7280743807208145 * x_2))))) + ((((9.870000000000001 + (0.874 * (-3.464097052656947 + (1.740799776652784 * x_5)))) * (-0.049300000000000004 + (6.59 * (-3.4017177863831747 + (1.6461681118362466 * x_3))))) - (0.00711 + (67.4 * (-3.495416236538771 + (1.7382917673746647 * x_1))))) + (0.73 + (-74.8 * (-3.564003084010684 + (1.7270366227340548 * x_0)))))) * (0.168 + (-0.00938 * inv((0.062000000000000006 + (-0.00958 * (-3.464097052656947 + (1.740799776652784 * x_5))))))))))))) + (-0.0046099999999999995 + (0.385 * exp((-0.0059499999999999996 + (-0.006889999999999999 * (-3.51997998884813 + (1.7280743807208145 * x_2))))))))
feynman_test_7,ok,5,NoRef,0.767178506670552,0.5649120311075734,108,9.267103910446167,,0.1,(((6.57 + (-4.01008885957154 + (1.9368236560367404 * x_0))) - (((0.00916 + cos((-7.3100000000000005 + (-0.65 * tan((-1.5 + (-40.4 * (-5.4674033515100415 + (3.6309111090818504 * x_2))))))))) - ((((0.00949 + (-5.4674033515100415 + (3.6309111090818504 * x_2))) - (-0.00579 + (-0.00737 * inv((0.993 + (0.662 * abs((0.008369999999999999 + (-0.00792 * (-3.6016316191425464 + (1.7889994255916244 * x_4))))))))))) * (0.00045999999999999996 + (-2.87 * (-5.4800875475190685 + (3.679942846274682 * x_3))))) * (-0.0193 + (-0.00467 * (-5.4800875475190685 + (3.679942846274682 * x_3)))))) * ((0.9750000000000001 + (0.0188 * (-4.01008885957154 + (1.9368236560367404 * x_0)))) + (0.00404 + (-0.14400000000000002 * sqrt((0.36200000000000004 + (0.0228 * (-3.5817515635104775 + (1.71294374453043 * x_1)))))))))) * (0.885 + (0.128 * (-3.5817515635104775 + (1.71294374453043 * x_1)))))
feynman_test_8,ok,4,NoRef,0.8243626290427437,0.19920083878059178,52,7.941519260406494,,0.1,(((5.0 + (-3.3575040445859767 + (1.7014291673085824 * x_2))) + (-0.1 + (-0.5 * (-3.4646197585343543 + (1.7925414576254786 * x_3))))) * ((0.030000000000000002 + (0.006999999999999999 * (-3.3653065153557096 + (1.6809530999057976 * x_0)))) * ((9.8 + (0.9 * (-3.4363172184011948 + (1.7384611621281187 * x_1)))) + (0.01 + (-1.6 * sin((0.030000000000000002 + (-9.9 * (-3.4646197585343543 + (1.7925414576254786 * x_3))))))))))
feynman_test_9,ok,5,NoRef,0.8878237913737258,3606.5011111504114,64,8.92667555809021,,0.1,(-1.0 + (-0.01 * (((0.2 + (0.09000000000000001 * (-2.4930593469502407 + (0.8452017443213172 * x_2)))) * ((0.2 + (0.08600000000000001 * (-2.5627625663383364 + (0.8211078402482829 * x_3)))) * (0.09000000000000001 + (-9.0 * ((9.0 + (-9.0 * inv(((0.04 + (0.01 * (-5.185088551029865 + (3.40858213908487 * x_4)))) * ((7.0 + (1.8 * (-5.229820704398722 + (3.505187093079862 * x_1)))) - (-2.0 + (0.9 * (-5.657145228365777 + (3.711512297913349 * x_0))))))))))**2)))))**2))
first_principles_absorption,ok,1,NoRef,0.9656645557027627,0.20594074253064726,29,5.885649919509888,,0.1,(1.6 + (1.3 * arctan(((0.01 + (0.09000000000000001 * (-0.748484636380034 + (0.08019887424858779 * x_0)))) * (35.0 + (9.0 * sin((0.9 + (90.0 * (-0.748484636380034 + (0.08019887424858779 * x_0)))))))))))
first_principles_bode,ok,1,BFGS,-0.0034086008373037657,6.09166504200292,64,9.577951669692993,,0.1,(4.911546878772261 + (0.11032591265063606 * ((1.029284655310578 + (3.2575935324591825 * cos(((-3.9876196574019382 + (-30.42915743121091 * (0.3659119885901363 + (0.0030116213052686115 * x_0)))) + (-44.34761965682755 + (0.0449029190939804 * ((-0.6500852125096206 + (2.537679791912629 * cos(((0.13381721809700795 + (-4.975101653636686 * (0.3659119885901363 + (0.0030116213052686115 * x_0)))) * (-0.21137020086644218 + (4.1004822465008175 * abs(((-0.3664106169565217 + (-19.72614511631241 * (0.3659119885901363 + (0.0030116213052686115 * x_0)))) * (1.468634794963903 + (-4.251691177322521 * (0.3659119885901363 + (0.0030116213052686115 * x_0)))))))))))))**2)))))))**2))
first_principles_hubble,ok,1,NoRef,0.42755807362116993,254.48139176414975,39,7.335934162139893,,0.1,((5.0 + (-1.0 * (-1.4730662843564242 + (1.6521438540845628 * x_0)))) * ((99.0 + (74.0 * (-1.4730662843564242 + (1.6521438540845628 * x_0)))) - (-0.01 + (-49.1 * sin((0.09000000000000001 + (-90.0 * inv((0.001 + (0.001 * (-1.4730662843564242 + (1.6521438540845628 * x_0))))))))))))
first_principles_ideal_gas,ok,3,NoRef,0.6574673447707091,0.7858817983543761,32,4.380281209945679,,0.1,((8.0 + (-0.9 * (-1.7269481113159797 + (0.03158325643002412 * x_2)))) + ((0.01 + (0.9 * sin((-5.5 * (-14.525050446141405 + (0.04080730581327434 * x_1)))))) + (0.1 + (0.9 * (-1.6525414953354425 + (0.03695931216347938 * x_0))))))
first_principles_kepler,ok,1,NoRef,0.9992261463656908,107.77511268726018,29,5.9611656665802,,0.1,((30.0 + (34.0 * (-0.9263602581597056 + (0.3029466151936684 * x_0)))) * ((62.0 + (26.0 * (-0.9263602581597056 + (0.3029466151936684 * x_0)))) + (-0.01 + (-0.001 * (-0.9263602581597056 + (0.3029466151936684 * x_0))))))
first_principles_leavitt,ok,1,BFGS,-0.011955169891117334,0.9932474699775399,37,4.63134503364563,,0.1,(13.789184441571125 + (-1.2953298362274369e-11 * abs((((4.3884675439063425 + tan((4.857534735858916 + (-56.73720197276006 * (-1.7400037114235716 + (2.09864284243919 * x_0)))))) - (-40.062467543906365 + (-0.8566024152262404 * (-1.7400037114235716 + (2.09864284243919 * x_0))))) * (63.52699017790757 + (3.4568020744389183 * (-1.7400037114235716 + (2.09864284243919 * x_0))))))))
first_principles_newton,ok,3,NoRef,0.047288896648320256,10.613696856099592,90,5.236793279647827,,0.1,(-0.033100000000000004 + (2.16 * sqrt(((44.1 + (-0.013000000000000001 * ((4.3 * (-0.613759874811038 + (7.12682274600027e-13 * x_0))))**3)) + ((((1.26 * ((-15.3 + (-0.0381 * (-0.2899960593046727 + (2.629351402398742e-30 * x_2)))))**2) - (-0.0678 + (97.10000000000001 * cos((-0.86 + (7.42 * (-0.2899960593046727 + (2.629351402398742e-30 * x_2)))))))) + ((0.48400000000000004 + (1.44 * inv(((-0.0083 + (-0.0695 * (-0.613759874811038 + (7.12682274600027e-13 * x_0)))) - (0.003909999999999999 + (-0.00375 * (-0.2899960593046727 + (2.629351402398742e-30 * x_2)))))))) + (0.00671 + (72.10000000000001 * (-0.2899960593046727 + (2.629351402398742e-30 * x_2)))))) - (-76.5 + (-7.3100000000000005 * (-0.27162048092758545 + (5.186968952067431e-30 * x_1)))))))))
first_principles_planck,ok,2,NoRef,0.35030706094692954,160.2153417740135,102,7.277116060256958,,0.1,((-0.49500000000000005 + (0.0069099999999999995 * sqrt((0.0883 + (-0.0074399999999999996 * inv((-0.9840000000000001 + (-0.13 * (-0.9222249154556069 + (0.0006349597364519323 * x_1)))))))))) - (((-0.0927 + (0.06230000000000001 * (-0.9222249154556069 + (0.0006349597364519323 * x_1)))) * (0.00746 + (-0.09790000000000001 * (-0.9222249154556069 + (0.0006349597364519323 * x_1))))) - (((-0.00838 + (-0.862 * sqrt((-0.0212 + (0.7230000000000001 * (((-2.05 + (-3.48 * inv((0.868 + (-0.9222249154556069 + (0.0006349597364519323 * x_1)))))) * (-5.29 + (-18.400000000000002 * (-0.34842883289438253 + (6.020477322376928e-16 * x_0))))))**2))))) + (-9.24 + (-0.0611 * (-0.9222249154556069 + (0.0006349597364519323 * x_1))))) - (4.5 + (8.75 * sin((-46.4 + (-23.2 * ((-0.006359999999999999 + (-81.5 * (-0.34842883289438253 + (6.020477322376928e-16 * x_0)))))**2))))))))
first_principles_rydberg,ok,2,NoRef,0.9055436995044109,0.5018746153963555,24,8.98771047592163,,0.1,((-14.0 + (2.0 * (-1.95961510923864 + (0.5974436308654391 * x_0)))) + (0.1 + (-0.6 * tan((0.02 + (9.9 * (-3.60108467081408 + (0.6407623969420071 * x_1))))))))
first_principles_schechter,ok,1,NoRef,0.2581685892697577,4.287832720871941,74,4.0701398849487305,,0.1,(((-0.0669 + (4.6000000000000005 * cos(((-0.0131 + (-0.00862 * abs((-0.00089 + (57.5 * inv((-4.79 + (-0.994 * (-0.5152265363826667 + (1.6261733659552068e-09 * x_0)))))))))) + (0.0313 + (0.0646 * inv((0.00315 + (0.00624 * (-0.5152265363826667 + (1.6261733659552068e-09 * x_0))))))))))) - ((0.864 + (5.1000000000000005 * (-0.5152265363826667 + (1.6261733659552068e-09 * x_0)))) - (0.0244 + (0.404 * (-0.5152265363826667 + (1.6261733659552068e-09 * x_0)))))) - (24.2 + (0.14300000000000002 * inv((46.7 + (0.049300000000000004 * (-0.5152265363826667 + (1.6261733659552068e-09 * x_0))))))))
first_principles_supernovae_zg,ok,1,NoRef,0.8813611804493914,0.10009698952227626,39,10.137934684753418,,0.1,(-0.01 + (0.6 * inv((0.5 + (0.060000000000000005 * (((-7.5 + (-7.0 * (-1.0690083287768268 + (0.03814143456527167 * x_0)))) + (0.2 + (-0.7000000000000001 * sin((0.01 + (-9.0 * ((9.0 + (-9.0 * (-1.0690083287768268 + (0.03814143456527167 * x_0)))))**2)))))))**2)))))
first_principles_supernovae_zr,ok,1,NoRef,0.7494689813771351,0.1097986567379585,69,5.620397090911865,,0.1,(-0.0057799999999999995 + (-0.09200000000000001 * inv((0.00902 + (-0.09240000000000001 * exp(((-0.042 + (0.9700000000000001 * (-1.6026515238622114 + (0.046431321645507846 * x_0)))) + (((0.17400000000000002 + (0.07200000000000001 * cos((-0.08310000000000001 + (2.16 * inv((0.8170000000000001 + (-4.7 * (-1.6026515238622114 + (0.046431321645507846 * x_0)))))))))) * (6.7 + (0.0459 * ((-0.009859999999999999 + (-0.00085 * ((0.0703 + (12.8 * (-1.6026515238622114 + (0.046431321645507846 * x_0)))))**3)))**2))) - (-0.060500000000000005 + (-0.0261 * (-1.6026515238622114 + (0.046431321645507846 * x_0))))))))))))
first_principles_tully_fisher,ok,1,BFGS,-0.16992347420741027,1.5361491504263003,34,3.7154574394226074,,0.1,(-18.232584740773895 + (-4.163939122401157 * (((0.0018573761070462297 + (-0.011232868881598896 * sin((0.007653759940613365 + (8.433123465717427 * ((78.6947292073449 + (-0.027564522576763006 * (-2.139304033980945 + (0.006687978646939128 * x_0)))))**2))))) * (2.507650056247688 + (0.38190691518176156 * (-2.139304033980945 + (0.006687978646939128 * x_0))))))**3))
nikuradse_1,ok,2,BFGS,0.7110285464611836,0.049693937329496514,87,5.132025957107544,,0.1,(0.10179812292438528 + (-0.6381279723893329 * inv(((68.19999731445822 + (8.4200120567846 * cos((-0.06536033442005484 + (1.7205943833069155 * abs((8.370068218065043 + (-4.52009985343799 * sin((-0.05452123255748193 + (7.009427170081553 * (-1.3445265834704199 + (0.005918071145166688 * x_0))))))))))))) * ((0.014104306319488181 + (-0.08913266150370663 * sqrt((0.010911524901686846 + (-0.00012812006751115456 * sin(((0.369967861084038 + (9.690018287491277 * inv((0.05864338825236012 + (-8.043667186640068 + (1.6172840179308134 * x_1)))))) * (-0.5462334702264225 + (0.04491029348599952 * (((0.004119351540018468 + (5.660010397523399 * (-8.043667186640068 + (1.6172840179308134 * x_1)))) + (-0.005910648459981531 + (1.6800103975233993 * (-8.043667186640068 + (1.6172840179308134 * x_1))))))**2))))))))) * (-6.470058526674076 + (-1.879755147771349 * (-1.3445265834704199 + (0.005918071145166688 * x_0)))))))))
nikuradse_2,ok,1,NoRef,0.09858406019098298,0.29933298744132786,79,6.257341623306274,,0.1,((24.7 + (-0.615 * tan(((65.2 + (-0.0466 * (-1.9879774008876716 + (1.6574136973190292 * x_0)))) * ((8.26 + (0.036800000000000006 * (-1.9879774008876716 + (1.6574136973190292 * x_0)))) * (-91.2 + (-0.0882 * (-1.9879774008876716 + (1.6574136973190292 * x_0))))))))) * ((0.08800000000000001 + (-0.00498 * abs((-0.00519 + (-3.62 * (-1.9879774008876716 + (1.6574136973190292 * x_0))))))) - (-0.00251 + (-0.00954 * sin(((0.006869999999999999 + (4.32 * inv((-45.300000000000004 + (0.00817 * (-1.9879774008876716 + (1.6574136973190292 * x_0))))))) - (0.04360000000000001 + (-99.0 * (-1.9879774008876716 + (1.6574136973190292 * x_0))))))))))
solar_flare,ok,10,BFGS,nan,nan,153,9.199958324432373,,0.1,(0.5524323151449888 + (-3.9561781787731546e-05 * inv(((-2.429065393522245 + (0.47542926051527057 * ((0.004020958302333778 + (-0.5850156253357472 * ((((((nan + (inf * x_9)) + ((-0.1496720260836786 + (-4.9183305284034216 * inv(((-0.9107613273717471 + (2.1490000008088317 * (-2.207994968177486 + (1.5549260339278073 * x_4)))) + (0.7692386726282529 + (-0.7828619564545053 * ((((0.10265085819820578 * (-0.5233405681948146 + (2.4341421776503003 * x_3))) * (((-0.017395312166188757 + (-0.08997227736502456 * sqrt(((92.10000536035616 + (-0.004187849445198309 * (-3.0 + (3.3333333333333335 * x_7)))) - (-0.00011536035615462048 + (-0.048200876095048376 * (-0.7418811204628575 + (2.0898059731348098 * x_6)))))))) * (0.005415716760335714 + (5.850182082964273 * (-1.4326457214253776 + (0.7744030926623663 * x_1))))) - (-0.008265739277266815 + (-0.0025371945902053867 * (-0.17223278830124386 + (3.1315052418407974 * x_5)))))) + (-0.03173886463560221 + (-4.692231187765961 * (-0.20412414523193148 + (5.103103630798286 * x_8))))))**2)))))) + (0.12442797391632109 + (-0.007157519494221503 * (-1.1997483391631258 + (0.4751478570943073 * x_0)))))) + (0.16612797391632095 + (-0.10904085896390302 * (-1.3712047854703497 + (1.257986041715917 * x_2))))) * (-0.8594170997579259 + (-0.29340548849412823 * (-0.17223278830124386 + (3.1315052418407974 * x_5))))) * (-3.573472704756918 + (6.7126892403483165 * (-0.7418811204628575 + (2.0898059731348098 * x_6))))))**2)))**2)) * (0.36757554416226396 + (0.397 * (nan + (inf * x_9))))))))
strogatz_bacres1,ok,2,NoRef,0.9685893468903921,0.434572231231286,42,10.002824068069458,,0.1,(((0.139 + (-6.2652814930864 + (0.45765203318264863 * x_0))) + (0.0055 + (2.02 * (-3.1009340740058042 + (0.07848210426397985 * x_1))))) * ((-0.0199 + (0.20800000000000002 * (-3.1009340740058042 + (0.07848210426397985 * x_1)))) - (0.882 + (-0.184 * cos((-0.0009199999999999999 + (97.9 * (-3.1009340740058042 + (0.07848210426397985 * x_1)))))))))
strogatz_bacres2,ok,2,NoRef,0.9201676860814233,0.6023762348003182,39,6.472336769104004,,0.1,((4.0 + (0.9 * (-6.2652814930864 + (0.45765203318264863 * x_0)))) + ((0.3 + (-2.0 * (-3.1009340740058042 + (0.07848210426397985 * x_1)))) + (-0.1 + (-0.8 * sin((0.07 + (9.0 * exp((0.9 + (3.0 * (-6.2652814930864 + (0.45765203318264863 * x_0))))))))))))
strogatz_barmag1,ok,2,NoRef,0.7687442108180861,0.11884239039579014,72,5.3236634731292725,,0.1,(0.008199999999999999 + (0.55 * abs((((-0.005699999999999999 + inv(((9.620000000000001 + (2.38 * cos(((4.4 + (97.4 * (-15.844310416841397 + (2.7805581875467364 * x_0)))) * (6.15 + (0.033400000000000006 * inv((-1.24 + (0.028200000000000003 * (-15.844310416841397 + (2.7805581875467364 * x_0))))))))))) + (0.0097 + (68.8 * (-1.2538429920116652 + (0.3484404828044345 * x_1))))))) * (0.926 + (-0.9570000000000001 * arctan((0.8150000000000001 + (0.735 * (-15.844310416841397 + (2.7805581875467364 * x_0)))))))) * (6.97 + (-58.6 * (-1.2538429920116652 + (0.3484404828044345 * x_1))))))))
strogatz_barmag2,ok,2,NoRef,0.816563577810276,0.16195052893337153,100,9.522606134414673,,0.1,(-0.0388 + (-0.785 * arctan((((36.800000000000004 * ((-0.764 + (-15.844310416841397 + (2.7805581875467364 * x_0))))**2) * (-0.0066 + (-0.012600000000000002 * inv((0.048 + (0.9510000000000001 * (-1.2538429920116652 + (0.3484404828044345 * x_1)))))))) + (-0.0529 + (0.09860000000000001 * abs((0.038500000000000006 + (-0.0673 * sqrt(((5.32 + (5.84 * abs((-0.0546 + (-5.18 * (((0.0078 + (-0.00665 * (-15.844310416841397 + (2.7805581875467364 * x_0)))) - (-0.00229 + (0.742 * (-1.2538429920116652 + (0.3484404828044345 * x_1))))))**3))))) - ((-0.86 + (-0.163 * (-1.2538429920116652 + (0.3484404828044345 * x_1)))) + ((0.0981 + (0.043000000000000003 * (-1.2538429920116652 + (0.3484404828044345 * x_1)))) + (-3.65 + (-0.00886 * (-1.2538429920116652 + (0.3484404828044345 * x_1)))))))))))))))))
strogatz_glider1,ok,2,NoRef,0.6220448062871808,0.4842577104966631,57,4.826686859130859,,0.1,((-0.0059 + (-0.9530000000000001 * cos((-0.41100000000000003 + (7.76 * (-1.836876920436821 + (0.13306474919016115 * x_1))))))) - ((-0.42400000000000004 + (-0.378 * (-1.8084175385794719 + (0.8984434651839722 * x_0)))) * (-0.00449 + (-0.648 * cos((((29.8 + (-1.836876920436821 + (0.13306474919016115 * x_1))) * (1.61 + (-4.2 * (-1.8084175385794719 + (0.8984434651839722 * x_0))))) * (0.00699 + (-0.043500000000000004 * (-1.836876920436821 + (0.13306474919016115 * x_1))))))))))
strogatz_glider2,ok,2,NoRef,0.5986209392877033,0.6710388350115752,42,5.599024057388306,,0.1,(0.00598 + (9.13 * sqrt(((0.00214 + (0.0026899999999999997 * ((0.785 + (-1.8084175385794719 + (0.8984434651839722 * x_0))))**2)) * (11.9 + (-5.49 * sin((-0.037700000000000004 + (36.2 * inv((-0.186 + (-0.029 * exp((-0.315 + (4.03 * (-1.836876920436821 + (0.13306474919016115 * x_1)))))))))))))))))
strogatz_lv1,ok,2,BFGS,0.0002878796036850373,0.9623250549866441,65,11.043879270553589,,0.1,((3.4712905384014796 + (-2.0336994746229855e-10 * (((0.07587333562650062 + (0.013826296006748883 * (-1.1210540200500059 + (1.0527256234139701 * x_1)))) * ((1.1248561773476895 + (-0.7294089924101363 * arctan((9.609965066661948 * (-1.1210540200500059 + (1.0527256234139701 * x_1)))))) + ((64.0109097121295 + (52.51450222586527 * cos((-1.3515687449231322 + (-1.0185100736451067 + (0.7243342361165919 * x_0)))))) * (102.14471697131621 + (74.58970563680693 * ((0.8955310055328658 + (-0.1416252904206695 * (-1.1210540200500059 + (1.0527256234139701 * x_1)))))**2))))))**3)) * (-0.032095008621445084 + (-0.0020142662785379768 * (-1.0185100736451067 + (0.7243342361165919 * x_0)))))
strogatz_lv2,ok,2,BFGS,0.08409792818520656,0.524599126942703,62,11.826113939285278,,0.1,((0.875358807042803 + (-0.9654849676012786 * (-1.1210540200500059 + (1.0527256234139701 * x_1)))) * (((1.0300216139188891 + (-1.1210540200500059 + (1.0527256234139701 * x_1))) * (-0.677806462784756 + (0.025682313743396773 * (-1.1210540200500059 + (1.0527256234139701 * x_1))))) * ((0.016954564759912347 + (2.8070278257601693 * (-1.0185100736451067 + (0.7243342361165919 * x_0)))) * ((0.04363535590690874 + (-0.053228855331435454 * (-1.0185100736451067 + (0.7243342361165919 * x_0)))) * (-0.003393733782881489 + (-4.488137143275632 * sin((-0.01624845489938253 + (27.182719303672133 * (-1.0185100736451067 + (0.7243342361165919 * x_0)))))))))))
strogatz_predprey1,ok,2,NoRef,0.761623865190022,1.2308632806381299,75,17.608736515045166,,0.1,((((-0.00823 + ((((0.9470000000000001 + (-0.7749611889583518 + (0.8276419259871193 * x_0))) * (1.18 + (-0.396 * (-1.8083916054835167 + (0.37798488323581947 * x_1))))) * ((0.0664 + (0.37 * (-0.7749611889583518 + (0.8276419259871193 * x_0)))) + (-7.8100000000000005 + (-73.60000000000001 * (-1.8083916054835167 + (0.37798488323581947 * x_1)))))))**2) - (0.00797 + (90.0 * (-0.7749611889583518 + (0.8276419259871193 * x_0))))) * (-0.0379 + (0.00805 * cos((-16.0 + (-26.400000000000002 * (-1.8083916054835167 + (0.37798488323581947 * x_1)))))))) * (-0.007489999999999999 + (0.007189999999999999 * (-0.7749611889583518 + (0.8276419259871193 * x_0)))))
strogatz_predprey2,ok,2,NoRef,0.9412508135399515,0.3939647968250749,88,10.581727504730225,,0.1,(((-0.015700000000000002 + (-0.7749611889583518 + (0.8276419259871193 * x_0))) - (0.0889 + (0.79 * (-1.8083916054835167 + (0.37798488323581947 * x_1))))) * (0.0083 + (0.00656 * sqrt((0.00849 + (21.2 * (((-62.0 + (-3.2600000000000002 * inv((0.00047999999999999996 + (-43.300000000000004 * (-0.7749611889583518 + (0.8276419259871193 * x_0))))))) - (((89.60000000000001 * abs((81.60000000000001 + (-0.7749611889583518 + (0.8276419259871193 * x_0))))) * (-0.00073 + (-0.0015 * sin(((0.0036799999999999997 + (-24.6 * (-1.8083916054835167 + (0.37798488323581947 * x_1)))) - (0.539 + (0.0034 * (-0.7749611889583518 + (0.8276419259871193 * x_0))))))))) + (-0.7070000000000001 + (-8.85 * (-0.7749611889583518 + (0.8276419259871193 * x_0)))))))**2))))))
strogatz_shearflow1,ok,2,NoRef,0.5209095947984357,0.33888054729983547,70,6.084959030151367,,0.1,((41.2 + (-61.5 * arctan(((-0.8 + (-0.371 * (0.1425865318514197 + (0.5727827728700499 * x_1)))) - (0.8 + (0.811 * (1.0787725150702083 + (0.4912165308203284 * x_0)))))))) * (0.0048 + (-0.00754 * exp(((0.5830000000000001 + (-1.8 * ((0.917 * (0.1425865318514197 + (0.5727827728700499 * x_1))))**2)) + (0.35000000000000003 + (0.35800000000000004 * sin(((-0.0805 + (0.00179 * sqrt((17.7 + (1.0787725150702083 + (0.4912165308203284 * x_0)))))) * (2.0300000000000002 + (-5.2 * (0.1425865318514197 + (0.5727827728700499 * x_1)))))))))))))
strogatz_shearflow2,ok,2,BFGS,0.188318102803962,0.1978766250924056,83,11.592671394348145,,0.1,(0.06258149430001915 + (51.29957957570634 * inv((((0.09958046906941126 + (1.0787725150702083 + (0.4912165308203284 * x_0))) + (0.8142804690694114 + (-5.453458243142585 * arctan((-18.400036662451452 + (0.045288844521989446 * abs((0.04290135617093608 + (0.3839985325699466 * (0.1425865318514197 + (0.5727827728700499 * x_1))))))))))) * ((0.921464554100153 + (97.90021593259743 * (1.0787725150702083 + (0.4912165308203284 * x_0)))) * ((0.3961202474142563 + (0.13573808600545323 * inv((-0.8461946795358013 + (0.1425865318514197 + (0.5727827728700499 * x_1)))))) * (((-6.441076398077695 * (1.0787725150702083 + (0.4912165308203284 * x_0))) + (-0.01240958986115214 + (-4.357426389318368 * (0.1425865318514197 + (0.5727827728700499 * x_1))))) + (-7.173599589861151 + (0.004773610681632581 * (0.1425865318514197 + (0.5727827728700499 * x_1)))))))))))
strogatz_vdp1,ok,2,BFGS,0.0013019763739086088,1.0317263397735297,92,6.732550621032715,,0.1,((-4.2172698857631685 + (-0.032785725578509485 * tan((4.624183958439207 + (-0.0018090570072531043 * ((0.8905784580072004 + (-0.08717240920283165 * (((-9.451430044544693 + (-0.024773543606236063 * (-0.3313309365474487 + (4.278311300708479 * x_1)))) * (((-2.295585259904831 * (-0.44260024914922197 + (1.069046206513926 * x_0))) - (0.012352844924358727 + (-0.08166801804530838 * (-0.3313309365474487 + (4.278311300708479 * x_1))))) + (1.542647446791695 + (-0.015435614594989017 * (-0.44260024914922197 + (1.069046206513926 * x_0)))))))**2)))**3))))) * (0.010924100775809104 + (2.6153760591212047e-08 * (((10.015481485359423 + (-42.75805500311731 * (-0.3313309365474487 + (4.278311300708479 * x_1)))) + (-23.66451410039569 + (4.149825084308178 * inv((5.763392560099506 + (-0.8154606132271172 * ((0.1612444970817678 + (0.0055238383535951945 * inv((15.700004087632431 + (0.00899474217166337 * (-0.44260024914922197 + (1.069046206513926 * x_0))))))))**2)))))))**2)))
strogatz_vdp2,ok,2,NoRef,0.9867180458533106,0.010780390968202937,59,7.227134466171265,,0.1,((-0.07360000000000001 + (-0.00926 * cos(((-0.5910000000000001 + (-0.533 * (-0.3313309365474487 + (4.278311300708479 * x_1)))) + ((63.9 + (-5.48 * (-0.3313309365474487 + (4.278311300708479 * x_1)))) * (-0.671 + (-26.3 * (-0.44260024914922197 + (1.069046206513926 * x_0))))))))) * ((0.01 + (0.0227 * (-0.44260024914922197 + (1.069046206513926 * x_0)))) * (54.800000000000004 + (-0.54 * tan((-1.11 + (-50.7 * (-0.3313309365474487 + (4.278311300708479 * x_1)))))))))
