dataset,status,n_features,refinement_type,r2,rmse,complexity,seconds,error,noise_strength,expr
1027_ESL,ok,4,BFGS,0.812850850211542,0.6291091663963309,67,22.660736322402954,,0.01,((4.999953641663472 + (0.3999502397228856 * (-4.543727322540949 + (0.8485018342746871 * x_2)))) + (((0.4999561348372693 * (-3.1650294675520123 + (0.6187740894529837 * x_1))) + (0.19995364166347196 + (0.5999528921307623 * (-6.146798559422659 + (1.0976425998969035 * x_3))))) + ((0.0001303683419949346 + (0.00956261767812056 * cos(((-0.01996827032752283 + (90.00000309648212 * (-3.689442089095961 + (0.6641659926365366 * x_0)))) + (0.010031729672477169 + (0.010012989164706092 * (-4.543727322540949 + (0.8485018342746871 * x_2)))))))) * (69.99999964535372 + (-79.99999965454994 * sin((0.8999920450037373 + (-6.000004206123168 * (-6.146798559422659 + (1.0976425998969035 * x_3))))))))))
1028_SWD,ok,10,BFGS,0.17191529013108164,0.7350118806648519,42,29.881759881973267,,0.01,((0.1569438581686944 + (0.35280750182608045 * cos((-71.97863697611669 * (-2.7885115085974532 + (1.4154880754301793 * x_0)))))) + (0.4029438581686945 + (2.568510553758433 * arctan(((8.429227951634664 + (0.04169150091948853 * (-2.9121760301824526 + (1.3867504905630728 * x_7)))) + (6.619227951634663 + (-8.416803457660158 * arctan((-0.9509034043515964 + (-64.09837672070172 * (-2.1689364464787513 + (0.972617240573431 * x_2))))))))))))
1029_LEV,ok,4,BFGS,0.1670322977095826,0.8859959157007945,69,19.676895141601562,,0.01,(0.7774627143532578 + (4.448712390501136 * ((0.10636542271486654 + (-0.7059175606808097 * sin((((69.51933425215675 + (0.13866181440439318 * ((-0.006326538700935372 + (-0.5107276888521152 * abs((-89.30009505646565 + (-0.0014863058760338475 * (-1.338219395737549 + (0.6915862510271571 * x_2))))))))**2)) * (4.860106620559788 + (48.620826468336475 * inv((-0.9652802701972609 + (-9.131488080939722 * (-1.3777422408758337 + (0.721331016165358 * x_3)))))))) - ((-0.004685550618531998 + (0.16565704893826141 * (-1.490881128154221 + (0.7665198602335326 * x_1)))) + (-0.33100555061853204 + (16.298997915517123 * cos((-0.08575663356016505 + (-0.004622171458735717 * (-1.3537592065395143 + (0.7317617332646023 * x_0)))))))))))))**2))
1030_ERA,ok,4,NoRef,0.034176815998835264,1.9727300352645045,94,21.479320764541626,,0.01,((((0.597 + (-0.0087 * (-1.775251610451698 + (0.26918144207000727 * x_2)))) * (6.3100000000000005 + (-2.12 * sin((-0.025400000000000002 + (0.23700000000000002 * abs((-0.28 + (-88.5 * abs(((-0.00791 + (-0.47000000000000003 * (-1.775251610451698 + (0.26918144207000727 * x_2)))) * (-6.390000000000001 + (8.700000000000001 * (-1.8026202153614108 + (0.2599308169230585 * x_1))))))))))))))) - ((-0.684 + (-0.9570000000000001 * (-1.8026202153614108 + (0.2599308169230585 * x_1)))) * (0.38 + (0.77 * ((0.00179 + (1.54 * cos((0.0563 + (78.7 * (-1.6821592654348876 + (0.2229502008528678 * x_0))))))))**2)))) - (0.0795 + (-0.9820000000000001 * sin((4.98 + (3.5700000000000003 * abs((-0.233 + (-2.89 * (-1.4098777764544617 + (0.21377979931075994 * x_3)))))))))))
1096_FacultySalaries,ok,4,NoRef,0.7212672980373525,2.413445655138296,70,10.83949089050293,,0.01,((0.0177 + (0.735 * (-8.427043203926056 + (0.14480699704232594 * x_1)))) + ((-0.00158 + (0.058600000000000006 * (-0.5619514869490163 + (2.341464528954235 * x_0)))) + (((0.013900000000000001 + (-7.346234106637792 + (0.09939270487749849 * x_2))) + ((83.8 + (5.37 * sin((-73.3 * (-0.5619514869490163 + (2.341464528954235 * x_0)))))) + (-0.0009199999999999999 + (-3.24 * (-7.346234106637792 + (0.09939270487749849 * x_2)))))) * ((0.09200000000000001 + (0.0033599999999999997 * (-8.427043203926056 + (0.14480699704232594 * x_1)))) * (5.63 + (0.28700000000000003 * (-9.112288776127002 + (0.17718880655098507 * x_3))))))))
1193_BNG_lowbwt,ok,9,NoRef,0.4767215713196086,524.1350504962633,112,22.455591440200806,,0.01,(((-35.300000000000004 + sqrt(((-0.00131 + (-6.92 * (-0.9231403599700084 + (0.7474820728502092 * x_8)))) - (((-74.4 + (-0.332 * sqrt((0.0942 + (0.0492 * sin((-0.08220000000000001 + (0.19 * (-4.341145088689214 + (0.03261568031203464 * x_2)))))))))) * ((0.0563 + (0.0318 * (-1.7565107319733801 + (1.3459852352286439 * x_3)))) + (83.4 + (0.0019299999999999999 * (-0.2412489548185819 + (4.386344633065126 * x_6)))))) - (-0.24000000000000002 + (2.85 * (-4.7670358854990456 + (0.20452064575820186 * x_1)))))))) * ((0.867 + (0.0848 * (-2.1712405933672376 + (2.631806779839076 * x_7)))) + ((1.6500000000000001 + (-0.465 * (-0.7018100265975371 + (2.126697050295567 * x_0)))) * (4.61 + (-0.502 * inv((7.34 + (18.2 * (-0.4860799579773197 + (1.7055437122011219 * x_5)))))))))) * (7.55 + (1.68 * sin((-0.436 + (-7.61 * (-0.8422598823413764 + (2.029541885159943 * x_4))))))))
1196_BNG_pharynx,ok,10,NoRef,0.3742508428385677,303.0212897894259,125,33.042014837265015,,0.01,(((3.99 * (-0.9685432901733048 + (1.0249135345749258 * x_7))) * (((0.0036799999999999997 + (-1.3184242770282357 + (1.2437964877624863 * x_6))) * (-0.07740000000000001 + (-0.32 * (-1.020204061220407 + (2.000400120040014 * x_2))))) * ((42.0 + (-5.22 * (-1.3193830297679 + (0.5890102811463838 * x_0)))) - ((0.08660000000000001 + (0.19 * (-5.275654998591812 + (0.08600904883651646 * x_4)))) + (-4.58 + (5.57 * (-1.3193830297679 + (0.5890102811463838 * x_0)))))))) + (((-4.36 + (-10.5 * (-0.9685432901733048 + (1.0249135345749258 * x_7)))) + (-1.62 + (3e-05 * (-1.6870547845739468 + (2.279803762937766 * x_1))))) - ((-27.2 + (-25.400000000000002 * abs(((-0.0175 + (-0.00153 * (-1.3076038098835963 + (1.5659925866869417 * x_3)))) + ((0.10400000000000001 + (-23.3 * (-0.5927489783638191 + (2.279803762937766 * x_9)))) - (0.0666 + (2.0 * tan((0.07650000000000001 + (-92.9 * (-0.4676211227230167 + (1.585156348213616 * x_5)))))))))))) + (-99.7 + (0.0035099999999999997 * (-1.4913495697629222 + (1.021472308056796 * x_8)))))))
1199_BNG_echoMonths,ok,9,BFGS,0.1505731231107852,14.292511013557,134,23.782902002334595,,0.01,((-0.6041952464988183 + (0.14990606466709455 * sin((((0.21540202850839507 + (-0.7018100265975372 + (2.1266970502955673 * x_0))) * (((0.20432222363657693 + (-1.7077351386697883 + (0.1433472945228545 * x_4))) - ((-0.20165222363657692 + (0.13005255518423378 * (-2.050416905868444 + (9.294535034379726 * x_3)))) - (0.10235222363657684 + (-0.008208362146163732 * inv(((91.4000000687448 + (66.00000004841252 * (-0.4525696378552518 + (2.66217434032501 * x_2)))) - (-0.008250068744791863 + (-0.02260058950310183 * (-6.139712387609727 + (1.3064991268887023 * x_5)))))))))) * (-94.99971687513097 + (-1.7751583441598446 * (-2.7393118696321914 + (0.1834262746734647 * x_6)))))) * (1.0167641183697727 + (-1.5279664765914374 * cos(((-79.888579995531 + (24.86068732999441 * ((1.778211587382478 * (-7.068403061162645 + (0.11366866615016445 * x_1))))**2)) + (-0.01767999553099918 + (-8.200306753181833 * (-3.0702386426579005 + (2.0989423382322308 * x_7)))))))))))) * (((0.25078221422455527 * inv((0.019830596993393842 + (-0.7018100265975372 + (2.1266970502955673 * x_0))))) * (0.058452058102610165 + (5.003085439498277 * arctan((9.429944228755247 + (40.40003227106702 * (-0.5850486126764433 + (2.29430828500566 * x_8)))))))) + (-27.083420028055233 + (6.40790682749861 * arctan((0.0411345046142133 + (82.89997379115563 * (-0.7018100265975372 + (2.1266970502955673 * x_0)))))))))
1201_BNG_breastTumor,ok,9,NoRef,0.00906412854063432,10.545972180841705,115,21.98094654083252,,0.01,(0.00889 + (0.0134 * abs(((((70.3 + (-0.933007822647968 + (1.6963778593599417 * x_1))) * (40.6 + (0.025800000000000003 * (-1.6200683918739798 + (1.270641875979592 * x_4))))) * (0.7260000000000001 + (-0.045200000000000004 * tan((30.7 + (-3.0100000000000002 * (-0.5388159060803247 + (2.3947373603569986 * x_3)))))))) - (0.14 + (-5.12 * exp((0.00541 + (-0.00215 * abs(((-0.40800000000000003 + (0.005229999999999999 * (-1.2500406497455434 + (0.8064778385455118 * x_6)))) * (99.7 + (-0.022000000000000002 * arctan((((0.648 * (((-0.687 + (0.598 * (-5.513793854744495 + (0.10828748668207969 * x_0)))) * (0.16 + (-0.533 * (-1.061913167103641 + (2.0036097492521527 * x_5))))))**2) - ((-3.7800000000000002 + (-0.00394 * (-0.6081636405595373 + (2.2524579279982864 * x_7)))) + (25.5 + (-0.038000000000000006 * (-0.75 + (2.0833333333333335 * x_8)))))) + (0.00917 + (-0.0053 * (-0.749436783737264 + (0.22607444456629383 * x_2)))))))))))))))))))
1203_BNG_pwLinear,ok,10,BFGS,0.19766492812455827,3.9309507200407503,138,27.00738549232483,,0.01,(((-0.05437945797975612 + (-0.11938591478582807 * (-0.07017213284715496 + (1.0024590406736422 * x_0)))) * (((((-3.6000584665260265 * cos((-85.00041069037904 + (0.103834826330233 + (1.2979353291279123 * x_9))))) * (0.9819095470550054 + (4.5096317635707255 * (0.23480352857641618 + (1.2692082625752226 * x_1))))) + ((3.2000039088963406 + (-66.69998788052615 * (-0.012127673025267264 + (1.2127673025267265 * x_2)))) * ((((0.004819209580056653 + (-0.018397292771819163 + (1.2264861847879442 * x_3))) * ((-0.38402592744125796 + (-0.0081554436432297 * sqrt((6.370000041593747 + (-0.001700027337218108 * (0.07462778926574919 + (1.2437964877624865 * x_6))))))) - (-31.09997407255874 + (0.00039172986133482573 * (-0.3106848830006 + (1.2427395320024 * x_5)))))) * (0.0033387494922133554 + (0.006399767623688327 * tan((48.098678649414474 + (5.858815174319196 * (-0.0689883074727411 + (1.1498051245456848 * x_7)))))))) * (0.1961175902348439 + (0.004524316724595537 * (0.10854662075011276 + (1.1425960078959239 * x_8))))))) - (0.027022554956808883 + (-9.299809546875572 * (-0.032157832069216574 + (1.286313282768663 * x_4))))) - (13.99902255495681 + (2.28012624933304 * (0.23480352857641618 + (1.2692082625752226 * x_1)))))) - (-0.13857007964372633 + (-4.04725496022103 * sin((0.11022010697921343 + (-5.00672383143988 * inv((0.5550488704405871 + (2.6543556737149547 * (-0.07017213284715496 + (1.0024590406736422 * x_0)))))))))))
192_vineyard,ok,2,NoRef,0.3246548361483532,3.576420717413578,72,10.328938245773315,,0.01,(((((-0.36200000000000004 * (-4.169458226011473 + (0.431896071220312 * x_1))) * (-0.0177 + (9.870000000000001 * (-1.7076703227012184 + (0.5208144092695798 * x_0))))) + (-0.06870000000000001 + (-0.08410000000000001 * (-1.7076703227012184 + (0.5208144092695798 * x_0))))) + (4.4 + (0.00018999999999999998 * (-1.7076703227012184 + (0.5208144092695798 * x_0))))) + ((18.5 + (3.5700000000000003 * cos((-6.96 + (36.6 * (-1.7076703227012184 + (0.5208144092695798 * x_0))))))) - ((0.0497 + (-0.0439 * (-1.7076703227012184 + (0.5208144092695798 * x_0)))) * (67.1 + (6.32 * (-4.169458226011473 + (0.431896071220312 * x_1)))))))
210_cloud,ok,5,NoRef,0.8269906326460976,0.4459669916562222,97,10.60256290435791,,0.01,((0.445 + (0.41900000000000004 * inv(((-0.626 + (0.516 * (-1.349156164026494 + (0.6152466562861073 * x_4)))) + (6.11 + (9.58 * cos((((6.94 + (8.2 * (-1.4231307757262779 + (0.9371836815758414 * x_1)))) * (6.5 + (-0.47200000000000003 * (-1.0 + (2.0 * x_0))))) - ((85.10000000000001 + (36.800000000000004 * (-1.0 + (2.0 * x_0)))) + (-6.22 + (-0.00023999999999999998 * (-1.349156164026494 + (0.6152466562861073 * x_4))))))))))))) + (((0.544 * (-1.3542915032506988 + (1.1265769290074164 * x_3))) - (0.0204 + (0.264 * cos((4.84 + (0.006889999999999999 * inv((8.370000000000001 + (0.0374 * (-1.0 + (2.0 * x_0))))))))))) + (0.7010000000000001 + (0.538 * (-1.0570827394885711 + (0.7017329636726495 * x_2))))))
215_2dplanes,ok,10,NoRef,0.6409522015280638,2.7879534873034624,158,22.89102530479431,,0.01,(((1.06 * (0.07603639459945774 + (1.1697906861455036 * x_4))) - ((-0.00486 + (-0.257 * (0.047524845652175754 + (1.1881211413043937 * x_5)))) + ((0.09670000000000001 + (-0.00278 * (-0.08057455696049687 + (1.2396085686230287 * x_8)))) * ((((-0.00327 + (-1.0 * (-0.16290204253291504 + (1.2066817965401115 * x_3)))) + (-0.00517 + (-2.96 * (-0.0 + (1.2038585308576921 * x_2))))) - ((0.684 + (-0.624 * abs(((6.61 + (-0.7200000000000001 * (-0.03114373299321498 + (1.2457493197285991 * x_6)))) - (-0.09010000000000001 + (-0.392 * (-0.03138824102871723 + (1.2555296411486891 * x_1)))))))) * ((-0.099 + (-55.4 * (0.02000400120040014 + (1.000200060020007 * x_0)))) * (0.196 + (-0.0463 * (0.047524845652175754 + (1.1881211413043937 * x_5))))))) - (((6.32 + inv(((-0.00585 + (0.5820000000000001 * sin((-74.10000000000001 + (-0.0 + (1.2038585308576921 * x_2)))))) * (0.374 + (-0.0814 * (-0.03138824102871723 + (1.2555296411486891 * x_1))))))) * (-0.17 + (0.5880000000000001 * (0.02500781616401777 + (1.2503908082008883 * x_9))))) * ((0.48700000000000004 + (0.5690000000000001 * (-0.03114373299321498 + (1.2457493197285991 * x_6)))) * (0.007859999999999999 + (0.8480000000000001 * (-0.030001500112509377 + (1.200060004500375 * x_7)))))))))) + (0.00082 + (0.375 * (-0.03138824102871723 + (1.2555296411486891 * x_1)))))
218_house_8L,ok,8,BFGS,-0.006425069029781572,40658.24557823491,119,23.847700834274292,,0.01,((((-13.199999986982496 + (0.14300092333908646 * arctan(((0.003990024241447649 + (-8.800000000025268 * (-1.2420794631854704 + (7.280171385208041 * x_5)))) * (-60.10000000000531 + (0.008770000002918044 * (-7.96909359589554 + (11.183243963289556 * x_3)))))))) + ((-89.79999998698248 + (0.005109952193656672 * (-0.3762519483828514 + (8.305362235129161 * x_4)))) - (-0.05000001301750609 + (-0.003860000562388932 * (-8.745399041277315 + (1.4579020752294582 * x_6)))))) - (-1.2800000130175062 + (-0.017999357824739694 * (-8.051727895827435 + (16.731591247493967 * x_2))))) * ((-0.027400000033303545 + (7.109999830765957 * (((70.39999996623342 + (0.003499645000630105 * (-1.5037336233963396 + (3.0832213967881748 * x_7)))) - ((4.5299999937946795 + (-0.0010200110403125538 * (-1.5037336233963396 + (3.0832213967881748 * x_7)))) * (-0.005609847399468155 + (0.0424993590019024 * (-0.3762519483828514 + (8.305362235129161 * x_4)))))))**2)) * (-0.010711737057755657 + (0.0010961048060870748 * inv(((-0.5211144826376254 + (-0.3188615735857475 * sin((0.006535188525919867 + (-9.849982911615113 * (-8.745399041277315 + (1.4579020752294582 * x_6))))))) - (0.0091144826376253 + (-0.07725050591745389 * (-0.4354479563349125 + (54.54681096758018 * x_1))))))))))
225_puma8NH,ok,8,NoRef,-0.006131946670441257,5.641513563667642,89,30.458975553512573,,0.01,((0.1 + (9.0 * cos(((0.7000000000000001 + (-0.8 * (-0.07710723083161697 + (0.9234518833549156 * x_1)))) + (0.001 + (-0.6 * (-0.06585661692848528 + (0.8959411617355382 * x_2)))))))) + (-0.1 + (-3.0 * sin(((0.01 + (-0.9 * (-0.031097369547192274 + (0.9193982774372316 * x_5)))) + ((0.01 + (-0.9 * (-0.01549372006853783 + (0.9102782276193362 * x_0)))) + ((0.02 + (0.9 * (-0.0263697467348816 + (2.836613933023496 * x_7)))) + ((0.02 + (0.9 * (-0.07572364437013104 + (0.9138359759094098 * x_3)))) + ((0.02 + (9.0 * (-0.022023529833178766 + (0.8877592340102415 * x_4)))) + (0.7000000000000001 + (-0.060000000000000005 * (-0.09681685113891113 + (2.9689157921727203 * x_6)))))))))))))
228_elusage,ok,2,NoRef,0.6753603672743361,13.554779136042743,75,8.01119089126587,,0.01,(((0.21300000000000002 + cos(((-0.0164 + (0.095 * (-3.494368107086116 + (0.06492913712491094 * x_0)))) - ((7.890000000000001 + (-0.442 * sqrt((0.161 + (0.47100000000000003 * abs((-0.00095 + (-1.54 * (-3.494368107086116 + (0.06492913712491094 * x_0)))))))))) * (7.4 + (-4.83 * (-3.494368107086116 + (0.06492913712491094 * x_0)))))))) - (-2.5500000000000003 + (1.12 * (-3.494368107086116 + (0.06492913712491094 * x_0))))) * ((-1.53 + (-0.793 * cos((78.8 * (-1.588178110693536 + (0.281773535768208 * x_1)))))) + (16.5 + (-0.89 * (-3.494368107086116 + (0.06492913712491094 * x_0))))))
229_pwLinear,ok,10,NoRef,0.6434133151735504,2.665376214607021,102,21.404889822006226,,0.01,((0.04 + (-0.02 * cos(((-0.6 + (-9.0 * (0.047863877241182545 + (1.1965969310295634 * x_8)))) + (0.09000000000000001 + (0.9 * (0.024260699053001707 + (1.2130349526500854 * x_3)))))))) * (((30.0 * (-0.0708881205008336 + (1.2888749181969743 * x_4))) + ((-0.01 + (20.0 * (0.13630961003872036 + (1.1853009568584378 * x_2)))) + ((-0.01 + (30.0 * (0.1308442961026054 + (1.2461361533581465 * x_1)))) + ((-0.01 + (20.0 * (-0.12885860791431716 + (1.227224837279211 * x_5)))) + (-0.01 + (-70.0 * (-0.07017213284715496 + (1.0024590406736422 * x_0)))))))) + ((-0.01 + (20.0 * (0.024625761678892605 + (1.2312880839446303 * x_6)))) + ((-0.01 + (0.006 * (0.07877919836271194 + (1.2119876671186451 * x_9)))) + (-0.001 + (0.1 * (-0.029787773436724965 + (1.1915109374689985 * x_7))))))))
230_machine_cpu,ok,6,NoRef,0.7973301923114869,73.49656722043055,67,23.515603065490723,,0.01,(5.7 + (0.8 * abs((((0.9 + (-1.0157486231470525 + (8.41758769093056e-05 * x_2))) + (0.6 + (0.6 * (-0.7539783429454673 + (0.00025457276565311854 * x_1))))) * ((60.0 + (34.0 * (-0.6323138508124196 + (0.02430107036173788 * x_3)))) - (-0.3 + (-9.0 * tan(((0.030000000000000002 + (9.0 * (-0.7047263654341995 + (0.14485639577270287 * x_4)))) + ((-0.030000000000000002 + (0.01 * (-0.7169976175893781 + (0.03797656872825096 * x_5)))) + (-0.030000000000000002 + (0.01 * (-0.7692023071461158 + (0.003791788953692772 * x_0))))))))))))))
344_mv,ok,10,NoRef,0.9707732477579419,1.6379249163061516,158,20.633491277694702,,0.01,((((1.31 + (-0.08262425328176871 + (0.3485338209019501 * x_0))) * (-0.557 + (0.00979 * inv((((0.00722 + (0.027100000000000003 * inv((-0.011800000000000001 + (8.731675768609247 + (0.6975312065809712 * x_1)))))) * (((-9.0 + (-0.00047999999999999996 * arctan((-4.3 + (-0.6964409092807232 + (1.5476464650682737 * x_2)))))) * (-0.67 + (-23.7 * (-19.94909374672912 + (0.018109774499670123 * x_9))))) - (0.06420000000000001 + (26.900000000000002 * inv((-3.0100000000000002 + (0.005 * (-0.7257530966188903 + (2.1036321641127254 * x_6))))))))) - ((-3.99 + (-0.00877 * (-2.4616167895905274 + (0.008477159847985765 * x_8)))) + (0.0199 + (42.0 * inv(((-8.16 + (-0.0060799999999999995 * inv((-62.5 + (0.0644 * (1.3389884173455886 + (0.3190495684869531 * x_3))))))) - (0.029900000000000003 + (0.00292 * (0.07176828705486599 + (1.6917112741967857 * x_4)))))))))))))) * (-2.84 + (0.00456 * (-0.5619514869490163 + (2.341464528954235 * x_7))))) + ((-0.098 + (0.0785 * (0.9175113942281458 + (0.09481017314613248 * x_5)))) * (75.8 + (-40.4 * arctan((((0.09980000000000001 + (-0.06290000000000001 * (-0.08262425328176871 + (0.3485338209019501 * x_0)))) * (-18.1 + (-0.217 * (0.07176828705486599 + (1.6917112741967857 * x_4))))) - (0.00962 + (-2.99 * (-0.5619514869490163 + (2.341464528954235 * x_7))))))))))
485_analcatdata_vehicle,ok,4,NoRef,0.48483200639603086,201.94834160403076,104,12.2723970413208,,0.01,((-0.0302 + (0.018400000000000003 * (-1.0 + (2.0 * x_0)))) * ((72.10000000000001 + (-0.193 * (((((-0.0864 + (-50.6 * (-1.0 + (2.0 * x_2)))) + ((-0.00113 + (-0.622 * (-1.0 + (2.0 * x_2)))) - (0.251 + (0.00842 * (-1.4638501094227998 + (0.5855400437691199 * x_3)))))) - (-7.3 + (-0.0332 * (-1.0 + (2.0 * x_2))))) * (-0.00406 + (7.75 * sin((0.152 + (3.7800000000000002 * (-1.0 + (2.0 * x_1)))))))))**2)) + ((-0.681 + (-0.00741 * inv((7.78 + (-76.7 * (-1.0 + (2.0 * x_1))))))) - ((72.5 + (0.044800000000000006 * (-1.4638501094227998 + (0.5855400437691199 * x_3)))) + (-6.19 + (5.43 * (-1.0 + (2.0 * x_1))))))))
519_vinnie,ok,2,NoRef,0.6573140929904016,1.7718778754923086,72,17.87421464920044,,0.01,((-0.0005 + (6.4 * (-3.050344651934337 + (0.22536717044213794 * x_1)))) - ((((((-0.444 * tan((-5.92 + (-8.540000000000001 * (-128.04990782468957 + (1.4940774496784266 * x_0)))))) - (0.057600000000000005 + (-0.0021999999999999997 * (-128.04990782468957 + (1.4940774496784266 * x_0))))) + (-5.7700000000000005 + (-0.00226 * (-128.04990782468957 + (1.4940774496784266 * x_0))))) + (-0.7240000000000001 + (0.0517 * (-3.050344651934337 + (0.22536717044213794 * x_1))))) - (0.196 + (5.17 * (-3.050344651934337 + (0.22536717044213794 * x_1))))) - (-0.04 + (-9.67 * (-3.050344651934337 + (0.22536717044213794 * x_1))))))
522_pm10,ok,7,BFGS,-0.01916531810237787,0.8796961786170219,92,17.37548041343689,,0.01,((((0.0005680907860551232 * (-7.079162907839687 + (0.987710095069961 * x_0))) * (46.09999872172709 + (0.0005001714755245391 * (-1.7456009505041916 + (0.5312236624740025 * x_2))))) + (((0.002659727190236822 + (0.009076368298515611 * (-1.6816570543158895 + (0.011591759038935135 * x_4)))) - (0.0011602728097631777 + (0.7820729004213648 * log((0.08427863926058748 + (0.0038891965586268728 * (-1.7456009505041916 + (0.5312236624740025 * x_2)))))))) - ((0.005665494027586898 + (0.0013601357758267483 * ((-4.870035540649821 + (19.29979993552792 * abs((0.08086921851402083 + (-6.2293793191439395 * sin((0.02597027696063976 + (65.70017810660894 * (-0.19671235889801858 + (0.1523720850826871 * x_1)))))))))))**2)) * (-0.02844371463059751 + (-0.00014837580204515258 * (-1.5591481867057306 + (0.005027969450348218 * x_6))))))) + (0.8424497271902369 + (0.08712278356866673 * ((-0.3850171769875734 + (-1.2695888177544659 * (-0.12981253370068688 + (0.9947320404949649 * x_3)))))**2)))
523_analcatdata_neavote,ok,2,NoRef,0.8606012754520908,1.4740163772134731,67,7.1780383586883545,,0.01,((5.4 + (-0.0228 * ((-0.14 + (0.055600000000000004 * (-32.42453434284643 + (3.268602252303068 * x_1)))))**2)) - ((-0.00015999999999999999 + (0.771 * tan((-90.10000000000001 + (-49.9 * (-1.1000004629242885 + (1.0091747366277877 * x_0))))))) - ((-0.00242 + (0.897 * arctan((0.0023599999999999997 * (-32.42453434284643 + (3.268602252303068 * x_1)))))) + ((0.0054399999999999995 + (-3.52 * (-1.1000004629242885 + (1.0091747366277877 * x_0)))) + (0.08900000000000001 + (0.07590000000000001 * log((98.8 + (0.0728 * (-1.1000004629242885 + (1.0091747366277877 * x_0)))))))))))
529_pollen,ok,4,NoRef,0.5634876501305355,2.233411300925227,42,15.745525121688843,,0.01,(((-0.1 + (-6.0 * (-0.14240534481180597 + (0.1466357845322108 * x_0)))) + (-0.01 + (-4.5 * (0.13411228300539055 + (0.09366364070564696 * x_3))))) - ((0.01 + (-2.0 * sin((99.0 * (-0.030628056605373096 + (0.1278483556294714 * x_2)))))) + (0.01 + (-0.9 * (0.008717172475124766 + (0.20153683119485272 * x_1))))))
537_houses,ok,8,BFGS,0.4910762803017221,71402.7168903949,112,20.172141790390015,,0.01,(((-98.19991157395187 + inv((-0.9413784367878371 + (-0.9429939928339571 * (-1931.3382469098758 + (51.06894768888684 * x_6)))))) - ((99.69991157395187 + (52.99984577806644 * (-1.516023044552607 + (0.4819862123055841 * x_0)))) + ((7.209911573951866 + (2.1900195815629084 * (-4.071076517823106 + (0.09225190387090654 * x_1)))) - (0.0004884260481337134 + (0.001366199924509299 * (-1.5066316366506536 + (0.0007951087204436459 * x_2))))))) * ((-79.09997936376121 + (-60.49998599108199 * (-1.2807665932048524 + (0.0031092227789157063 * x_5)))) + ((-7.061082341953189 + (84.59962440455857 * arctan((0.2848982025501145 + (-7.883455593503397e-05 * cos((((-54.399267438008245 + (-48.49881187503519 * (-1.616400063304611 + (0.0017131956155851734 * x_4)))) + (1.2507325619917573 + (0.5111230307459769 * (-1.2904738757872565 + (0.0029224672776394607 * x_3))))) - (-9.880732561991758 + (-67.60017945287758 * inv((3.9470241092178258 + (0.07966033238126637 * (-1.2807665932048524 + (0.0031092227789157063 * x_5)))))))))))))) * (-51.89954754269454 + (15.599958290771086 * sin((-0.0387932475590425 + (-97.19089742702913 * (4732.105772728812 + (38.70787762899494 * x_7))))))))))
547_no2,ok,7,BFGS,-0.07714799678219064,0.7657716227080308,107,16.49710512161255,,0.01,(4.39 + (-48.6 * sin(((-0.00534 + (-0.00249 * cos((-0.040600000000000004 + (-9.42001500808415 * exp((-0.16685862384730377 + (67.40016508886833 * ((0.9465937405123522 + (-0.12636174384038465 * (-1.8397826257177994 + (0.14854926327959622 * x_5)))))**2)))))))) * (((9.999999999999999e-05 + (1.36 * arctan((0.048600000000000004 + (8.98 * sin(((-0.8230000000000001 + (-0.5630000000000001 * sqrt((59.2 + (-1.5089883784697682 + (0.0049762181060208684 * x_6)))))) * ((0.15 + (-0.012900000000000002 * (-0.1634556815138494 + (0.9729504782544822 * x_3)))) * (-4.5 + (-70.4 * inv((-0.00037999999999999997 + (-0.462 * (-1.664176255098275 + (0.011106799904836887 * x_4))))))))))))))) + ((0.0941 + (-0.65 * (-0.16485779278081106 + (0.16091536708568774 * x_1)))) - (0.252 + (0.936 * (-1.593513108814246 + (0.5093537168700765 * x_2)))))) - (3.11 + (-1.85 * (-6.654222247738914 + (0.9476037076783185 * x_0)))))))))
556_analcatdata_apnea2,ok,3,NoRef,0.15998281550891125,2808.7248715367364,64,18.423007488250732,,0.01,((0.541 + (-0.0863 * ((0.0023799999999999997 + (-3.37 * arctan(((-0.0033399999999999997 + (-0.0049499999999999995 * (-1.9639610121239315 + (0.4364357804719848 * x_2)))) + (-4.61 + (0.009689999999999999 * sqrt((7.08 + (-0.00882 * (-1.414213562373095 + (0.7071067811865475 * x_0))))))))))))**2)) - (0.0485 + (-54.6 * ((0.458 + (-0.393 * inv((-0.113 + (-8.120000000000001 * exp((0.058 + (6.79 * tan((-0.025500000000000002 + (-37.300000000000004 * (-1.414213562373095 + (0.7071067811865475 * x_1))))))))))))))**3)))
557_analcatdata_apnea1,ok,3,BFGS,-0.009234217554241475,3106.145705675376,69,14.318310022354126,,0.01,(4.019414197994734 + (55.93946376055639 * sqrt((1.177714131188762 + (78.7437542942993 * log((6.621291778142085 + (24.205353609095006 * sqrt((13.91485777784239 + (34.7 * exp((((53.6 + (1.1 * (-1.9639610121239315 + (0.4364357804719848 * x_2)))) + (0.0989 + (0.00411 * (-1.9639610121239315 + (0.4364357804719848 * x_2))))) - (0.0889 + (28.1 * ((3.38 + (9.1 * cos(((0.0092 + (0.001 * (-1.414213562373095 + (0.7071067811865475 * x_1)))) + (-0.42500000000000004 + (-9.38 * (-1.414213562373095 + (0.7071067811865475 * x_0)))))))))**2)))))))))))))))
561_cpu,ok,7,NoRef,0.9482215401647487,35.75877029131681,77,18.544313430786133,,0.01,(4.0 + (0.006 * ((((0.9 + (-16.0 * (-0.6323138508124196 + (0.02430107036173788 * x_4)))) + (-99.0 + (-16.0 * (-0.7539783429454673 + (0.00025457276565311854 * x_2))))) - (((9.0 + (-0.7169976175893781 + (0.03797656872825096 * x_6))) + (0.2 + (0.7000000000000001 * (-0.7047263654341995 + (0.14485639577270287 * x_5))))) * ((1.0 + (4.0 * (-1.0157486231470525 + (8.41758769093056e-05 * x_3)))) + (0.01 + (0.6 * inv(((-5.0 + (13.0 * (-2.133033539448027 + (0.13828418408090937 * x_0)))) + (-0.1 + (-0.3 * (-0.7692023071461158 + (0.003791788953692772 * x_1))))))))))))**2))
564_fried,ok,10,BFGS,0.700791237521712,2.694836622418004,112,24.539884328842163,,0.01,((0.09999834638979198 + (3.199984809006904 * (-1.7072590503875993 + (3.406682733645306 * x_3)))) + ((8.999998346389791 + (1.3999926702507453 * (-1.7104407863161182 + (3.5565645061896443 * x_4)))) + ((0.08894941869688629 + (-0.03939121661455611 * abs((-0.5999722026207956 + (-1.962363239855984 + (3.5856659102912434 * x_1)))))) * ((89.99999949822868 + (49.99999902697742 * (-1.773506662490512 + (3.508247186303262 * x_0)))) + (0.009999498228681155 + (0.0018186521148709882 * (((0.009999795383156068 + (-59.99999932171428 * (-1.6828104573254623 + (3.7222908179660887 * x_2)))) + (8.999999795383156 + (-5.999998727427716 * inv(((0.29985315573920507 + (5.99988114910874 * (-1.9240942347694134 + (3.69350448997641 * x_9)))) + ((-0.010146844260794907 + (0.3001844818053831 * (-1.607933134680659 + (3.167467366535192 * x_8)))) + ((-0.010146844260794907 + (0.6001774420091579 * (-1.720003460115014 + (3.637178355927193 * x_5)))) + ((-0.010146844260794907 + (3.0001894922901755 * (-1.796837581375697 + (3.5565800417739046 * x_7)))) + (-0.2001468442607949 + (0.0032444206271777212 * (-1.8698296358353992 + (3.6196322750179175 * x_6)))))))))))))**2))))))
579_fri_c0_250_5,ok,5,NoRef,0.6029966814336024,0.6209413328350423,59,11.315460920333862,,0.01,((-0.2 + (0.3 * (0.005461379359663086 + (0.9984585108671526 * x_4)))) + ((-0.1 + (0.7000000000000001 * (-0.06946253611908115 + (1.0023314177985747 * x_3)))) + (0.01 + (1.3 * cos(((0.7000000000000001 + (-0.9 * (-0.02274143198027288 + (1.0121437364720292 * x_1)))) + ((0.07 + (-0.8 * (-0.013457740978846304 + (0.9847731451468804 * x_0)))) + (0.3 + (-0.006999999999999999 * ((0.01 + (-8.2 * (0.002356872848593581 + (1.0237945973760811 * x_2)))))**2)))))))))
591_fri_c1_100_10,ok,10,NoRef,0.5264820345559325,0.6846771367295607,112,26.33929467201233,,0.01,((-0.1 + (1.2 * sin((-1.6 * (-3.2198895784854976e-09 + (1.00503782205916 * x_1)))))) + ((0.01 + (0.4 * (2.134112838164798e-09 + (1.0050378109985483 * x_3)))) + (0.01 + (-0.6 * sin(((0.006 + (0.02 * (5.279121260744071e-09 + (1.0050378172397734 * x_8)))) + ((0.01 + (0.02 * (-2.2838751521040537e-09 + (1.0050378162329852 * x_5)))) + ((0.02 + (0.02 * (-6.364898005776579e-10 + (1.0050378226906627 * x_9)))) + ((0.01 + (2.0 * (2.8080432239977528e-09 + (1.0050378175357129 * x_0)))) + (-0.3 + (-0.001 * inv(((0.09000000000000001 + (0.030000000000000002 * (-2.3025954316862416e-09 + (1.0050378109487454 * x_7)))) + ((0.060000000000000005 + (0.060000000000000005 * (-6.294696838797298e-10 + (1.0050378125173551 * x_2)))) + ((0.060000000000000005 + (0.060000000000000005 * (1.020255702066691e-09 + (1.005037815122467 * x_4)))) + (0.030000000000000002 + (-0.2 * (-9.126140610221942e-10 + (1.0050378224669032 * x_6)))))))))))))))))))
593_fri_c1_1000_10,ok,10,NoRef,0.3702799058990538,0.7868762503197813,109,20.770447254180908,,0.01,((-0.2 + (1.2 * cos(((0.9 + (2.0 * (0.03184790765809063 + (1.0100220814643854 * x_1)))) + (0.060000000000000005 + (0.5 * (-0.16354271824973488 + (0.9842858800610822 * x_2)))))))) + ((0.01 + (0.005 * (-0.031232891696203968 + (1.0079763143256126 * x_0)))) * ((0.030000000000000002 + (50.0 * (-0.10952305202408649 + (0.9907329152448134 * x_3)))) + (0.01 + (47.4 * cos(((0.07 + (-0.9 * (0.050220707802833754 + (1.0091533137436086 * x_8)))) + ((0.02 + (0.9 * (0.01810045940385405 + (1.0151432151143167 * x_5)))) + ((0.02 + (0.9 * (0.009250498393228406 + (1.0116206136929107 * x_7)))) + ((0.02 + (0.060000000000000005 * (-0.1223375680664318 + (1.011933155780458 * x_4)))) + ((0.07 + (0.060000000000000005 * (0.04860705755687076 + (0.9906127943356936 * x_9)))) + (0.07 + (9.0 * (0.01280861499107831 + (0.9931663952687514 * x_6)))))))))))))))
594_fri_c2_100_5,ok,5,NoRef,0.18812908276434315,0.8965222778429971,117,7.4342968463897705,,0.01,(((0.0036 + (-0.8440000000000001 * abs(((-0.062000000000000006 + (-0.0796 * sqrt((99.10000000000001 + (0.5800000000000001 * ((-2.56 + (8.88 * (2.8870194710416236e-09 + (1.0050378286556427 * x_2)))))**2))))) - ((((0.00458 + (0.00568 * inv((0.00633 + (0.00033999999999999997 * (-2.5740396230235096e-09 + (1.0050378181358313 * x_0))))))) - (4.18 + (1.6 * (1.4789027717446586e-09 + (1.005037819531248 * x_1))))) - ((-0.00052 + (-0.025300000000000003 * abs((0.00484 + (-2.5740396230235096e-09 + (1.0050378181358313 * x_0)))))) * (46.5 + (-0.7220000000000001 * sin((0.00852 + (-5.17 * (-5.056086547415916e-09 + (1.0050378116639687 * x_3))))))))) + (-0.00145 + (0.34700000000000003 * (2.3236557527311636e-09 + (1.0050378111926093 * x_4))))))))) + (0.051800000000000006 + (0.00925 * abs((-0.003 + (-55.5 * (2.8870194710416236e-09 + (1.0050378286556427 * x_2)))))))) - (0.0551 + (-1.03 * log((3.94 + (0.893 * (-5.056086547415916e-09 + (1.0050378116639687 * x_3))))))))
595_fri_c0_1000_10,ok,10,NoRef,0.7293484029092485,0.5492902234921515,130,19.331649780273438,,0.01,(((0.3 * (0.023677204900816835 + (1.0365983191687715 * x_4))) - (((0.032 + (0.0689 * (0.08331357934160229 + (1.0244910011465165 * x_0)))) * (-7.49 + (2.13 * (0.08331357934160229 + (1.0244910011465165 * x_0))))) - (((0.505 * (-0.1211406374101396 + (1.023594826503582 * x_3))) + (0.0344 + (-0.626 * cos(((-0.336 + (0.0019299999999999999 * (0.0710289511872284 + (0.9995744991233574 * x_7)))) * ((0.366 + (-0.00945 * (-0.018095961115013614 + (1.0387664339348464 * x_5)))) + ((((-0.00439 + (4.97 * (0.02614878476186862 + (1.0238590584883367 * x_2)))) - (0.00266 + (-0.00647 * (0.011813355667839568 + (0.9979701604705712 * x_8))))) - (0.272 + (-0.06290000000000001 * inv((0.028 + (0.00731 * (-0.04354630810283682 + (1.0225112857000962 * x_6)))))))) + (0.06280000000000001 + (-0.387 * exp((-4.39 + (5.82 * (-0.06702131565911112 + (0.9599333061403312 * x_1)))))))))))))) + (0.00485 + (0.014400000000000001 * (-0.010207914156323272 + (0.9840604732257373 * x_9))))))) + (-0.00079 + (0.534 * (-0.06702131565911112 + (0.9599333061403312 * x_1)))))
596_fri_c2_250_5,ok,5,NoRef,0.12824969622412008,0.9448504815091714,82,10.79416537284851,,0.01,((-0.0019 + (-0.00149 * (-0.03327251323989341 + (0.9795882248533074 * x_2)))) - ((((-0.29100000000000004 * (0.030239726957857333 + (1.0089704881333104 * x_3))) - (1.3800000000000001 + (-2.1 * exp((0.00308 + (-0.67 * sin(((60.1 + (0.0221 * (0.030239726957857333 + (1.0089704881333104 * x_3)))) + ((-0.222 + (1.6 * (-0.05566958792821793 + (1.0085802753375575 * x_1)))) + (-0.0916 + (1.25 * (-0.00836934259429335 + (0.9826060373461664 * x_0))))))))))))) + (-0.42700000000000005 + (-0.229 * (-0.03982219788825426 + (0.9780391196646281 * x_4))))) - (-0.07350000000000001 + (-0.06820000000000001 * cos((-0.08960000000000001 + (-85.0 * (-0.03327251323989341 + (0.9795882248533074 * x_2)))))))))
597_fri_c2_500_5,ok,5,BFGS,0.48817633225771406,0.7131230485554045,54,17.17852258682251,,0.01,((-0.20353919834663337 + (0.2734516851228576 * (0.051318081308249455 + (1.014644489729816 * x_3)))) + ((-0.013539198346633363 + (1.4445379414742345 * sin(((-0.2071794501203847 + (0.5838176903822239 * (0.06629972590880558 + (1.0075976137302378 * x_1)))) * (-2.9980970850262274 + (-1.9987175786356577 * (0.05371846994181401 + (0.9861750482670715 * x_0)))))))) + ((-0.02972772895196683 + (-0.0021917009323708034 * (0.10122870033412179 + (1.0080699070194354 * x_2)))) * (7.999616212396108 + (5.999751340271192 * (-0.002414032778585222 + (0.9938074619432425 * x_4)))))))
599_fri_c2_1000_5,ok,5,BFGS,0.2014405451930793,0.8961745173966686,100,19.391870737075806,,0.01,((((-0.7541506518828857 * cos((((-27.500890290886804 + sqrt((9.67985702873672 + (0.0034707046499522927 * (-0.0758845730996851 + (1.0498897117688875 * x_3)))))) - (-5.019109709113195 + (27.099984277628973 * ((-0.014596383183292047 + (-0.14385909589439064 * (0.009574705784042063 + (1.0477984342708666 * x_1)))))**2))) * (0.02656411502216486 + (-0.29528878992263435 * sin((-0.0399785314012375 + (79.40062071972442 * inv(((0.08017218921532146 + (0.8756061775762926 * ((-3.5667636135800107 + (-0.2497164098950284 * (-0.037314603346356716 + (1.0738698362097465 * x_0)))))**2)) - (-0.08848218921532146 + (0.03254926973394898 * inv((-0.7985904733151571 + (-7.320165274375043 * (0.009574705784042063 + (1.0477984342708666 * x_1))))))))))))))))) + (0.05865758256959076 + (0.22010883392125025 * (0.10153935051992874 + (1.044491792439849 * x_4))))) + (0.21445758256959074 + (-0.5727298195412008 * (-0.0602307402531005 + (1.0089516501853955 * x_2))))) + (-0.5285424174304093 + (0.4495226131277628 * (-0.0758845730996851 + (1.0498897117688875 * x_3)))))
601_fri_c1_250_5,ok,5,BFGS,0.42070934309421537,0.762156423336339,102,15.916904926300049,,0.01,((((-0.012527021086166363 + (-0.005668177014427033 + (0.9847510525456011 * x_4))) + ((0.011772978913833639 + (0.07933099056185278 * (-0.018291418326324048 + (0.9901403382934644 * x_0)))) + (-0.07502702108616638 + (5.598282166798693 * (0.02676101383347822 + (1.0066664369813325 * x_3)))))) * (-0.0035420638645402708 + (0.01643237210236293 * (-0.01749150210176107 + (1.0090791592880441 * x_2))))) + (((0.0043474158690437175 + (-0.0029400457613360143 * cos(((-7.102049568558827 + (-53.60137138206527 * (-0.018291418326324048 + (0.9901403382934644 * x_0)))) - (0.024149568558825687 + (1.6369615684354315 * ((-8.655168780467713 + (4.865638168833569 * (-0.005668177014427033 + (0.9847510525456011 * x_4)))))**2)))))) * (13.898945715889834 + (6.690513771950372 * (-0.010397483526896342 + (0.9882031183917349 * x_1))))) - (0.03635136345193956 + (-0.7196322429029824 * sin(((-63.000777241569445 + (-2.0323039737466853 * (-0.010397483526896342 + (0.9882031183917349 * x_1)))) - (43.500777241569445 + (0.7704581768148756 * (-0.01749150210176107 + (1.0090791592880441 * x_2))))))))))
602_fri_c3_250_10,ok,10,NoRef,0.47252233096152474,0.7197737890258779,164,10.151358842849731,,0.01,((((-5.1000000000000005 + (0.027897516398397815 + (0.998073099323104 * x_0))) * ((0.0029 + (0.05910000000000001 * sin((((-0.006149085570662245 + (1.0063481202601992 * x_1)) + ((5.94 + (0.00729 * (0.0029420221446642856 + (1.008712998834323 * x_8)))) - (0.0064399999999999995 + (0.028 * (0.008084737233740273 + (0.9964088169567006 * x_7)))))) + (((-0.059000000000000004 + sqrt(((6.33 + (-0.030000000000000002 * (0.008753852211365022 + (1.020618930622776 * x_9)))) + ((-0.00823 + (0.00793 * (0.03500154593767501 + (1.0064758978864055 * x_6)))) * (0.00675 + (-0.0005499999999999999 * (-0.02871010083073984 + (1.0068245035869283 * x_5)))))))) * (-9.64 + (-0.5920000000000001 * cos((15.4 + (-3.34 * inv((-2.82 + (-81.2 * (0.001312719251571377 + (1.0174709357351936 * x_4))))))))))) * (-0.9860000000000001 + (-0.04820000000000001 * (0.027897516398397815 + (0.998073099323104 * x_0))))))))) * (((-0.892 + (-0.017542067075762977 + (1.005717915331683 * x_2))) - ((2.67 + (0.00247 * (0.008753852211365022 + (1.020618930622776 * x_9)))) * (2.9 + (-0.009049999999999999 * arctan((-0.14500000000000002 + (-0.0864 * (0.0029420221446642856 + (1.008712998834323 * x_8))))))))) * (0.7180000000000001 + (0.49000000000000005 * (-0.006149085570662245 + (1.0063481202601992 * x_1))))))) * (0.734 + (-0.00989 * (-0.017542067075762977 + (1.005717915331683 * x_2))))) + (-0.00392 + (0.399 * (-0.038189884319498046 + (1.0024011477798893 * x_3)))))
604_fri_c4_500_10,ok,10,NoRef,0.6737452942016748,0.6018349935752181,114,15.114538192749023,,0.01,((-0.3 + (0.34 * (-0.1348550604363206 + (1.0036996856535505 * x_3)))) + ((0.02 + (0.006 * (-0.0022548934118654575 + (0.9992501517389518 * x_0)))) * ((0.030000000000000002 + (64.0 * sin(((0.7000000000000001 + (-2.0 * (-0.026510329997847516 + (1.0228802703832585 * x_1)))) + (0.01 + (-1.2 * (-0.0022548934118654575 + (0.9992501517389518 * x_0)))))))) + ((0.001 + (0.1 * (-0.08584083487448184 + (0.9845918227850837 * x_2)))) * ((-0.08 + (90.0 * (-0.0473754174576671 + (1.0002900627489233 * x_4)))) + ((-0.8 + (0.02 * (0.05150804270771723 + (1.015585618193334 * x_8)))) + ((-0.8 + (0.02 * (0.10561760327369846 + (1.007417081890443 * x_7)))) + ((-0.6 + (0.060000000000000005 * (0.05960242929231957 + (1.0280165339330751 * x_5)))) + ((-0.6 + (0.060000000000000005 * (-0.009791979417298036 + (0.9929225967655008 * x_6)))) + (-60.0 + (0.060000000000000005 * (0.043020700170883344 + (1.0416572769407797 * x_9)))))))))))))
606_fri_c2_1000_10,ok,10,NoRef,0.2970514398823263,0.8559686921849777,145,21.12519097328186,,0.01,((0.42200000000000004 + (0.08600000000000001 * (-0.02308872793518898 + (1.0310028958909718 * x_1)))) * ((((-0.761 * (-0.05715499640265298 + (0.9507785937602312 * x_2))) + (-0.0038399999999999997 + (-0.7080000000000001 * cos(((-0.7200000000000001 + (93.8 * (-0.043264314038292014 + (1.0227224598746503 * x_0)))) * (((0.21100000000000002 + (0.0025399999999999997 * (-0.10240413058209644 + (0.9803959075788435 * x_9)))) - (3.0 + (0.081 * arctan((5.29 + (35.7 * inv((((-32.5 * (-0.04765413568781236 + (0.9856253019329347 * x_6))) + (0.0038 + (0.644 * (0.10809595603871229 + (1.0624136403325424 * x_5))))) + (-0.009479999999999999 + (0.0125 * log((5.0 + (0.277 * ((0.763 + (0.041600000000000005 * (-0.01060423110845112 + (1.0251295848097435 * x_8)))))**2))))))))))))) - (0.796 + (0.9640000000000001 * (-0.04496677019937933 + (1.0191986288929233 * x_7)))))))))) + (0.00865 + (0.9680000000000001 * (-0.03206380168427523 + (0.9877428384944221 * x_3))))) + ((-0.08270000000000001 + (0.388 * (0.04487244154167024 + (0.9667189833408681 * x_4)))) + (0.028800000000000003 + (3.0 * sin(((5.8100000000000005 + (-30.1 * (-0.043264314038292014 + (1.0227224598746503 * x_0)))) * (0.023000000000000003 + (0.0267 * (-0.02308872793518898 + (1.0310028958909718 * x_1)))))))))))
608_fri_c3_1000_10,ok,10,NoRef,0.4934325146334162,0.7707268753047027,115,12.082651615142822,,0.01,((-0.033400000000000006 + (-0.309 * (-0.09009695051222572 + (0.9667130737789161 * x_2)))) + ((-0.49300000000000005 + (0.7080000000000001 * (-0.07485137802023327 + (0.928236161918507 * x_4)))) - ((-0.021800000000000003 + (-0.883 * cos(((0.039700000000000006 + (-0.224 * (-0.12080387897699611 + (1.046689364019702 * x_0)))) - (((-0.08570000000000001 + ((0.035 * (0.025411185636871135 + (1.0085861129114744 * x_7))))**2) + (0.47700000000000004 + (0.8250000000000001 * (-0.12080387897699611 + (1.046689364019702 * x_0))))) * ((0.0403 + (0.0526 * (-0.11377932602934616 + (1.0194947829765149 * x_1)))) * (((1.01 + (0.0307 * (0.0037480437197946344 + (1.0171997847210195 * x_6)))) + (0.00818 + (0.544 * (-0.06915440631011427 + (1.0059132552759904 * x_9))))) - ((-41.9 + (-3.67 * (-0.024700608534952977 + (1.0178478008506844 * x_5)))) - (4.58 + (0.9480000000000001 * (0.09997004958074049 + (0.9725437086252088 * x_8)))))))))))) - (0.0159 + (0.307 * (0.03929049529360136 + (1.0101045661619172 * x_3)))))))
609_fri_c0_1000_5,ok,5,BFGS,0.23316637105602578,0.8900255506129142,110,15.981205224990845,,0.01,((-0.02906420176539944 + (0.22371109298880348 * (0.15003226178161752 + (1.0307127080102405 * x_3)))) - (-9.350815798234601 + (4.1030857512010535 * sqrt((((0.4466790492663341 + (-0.013668299139154157 * (-0.056662208270947687 + (1.0093749014959992 * x_1)))) - ((-0.02437904926633409 + (0.2289292157988183 * (0.18580190968182023 + (0.9780250034598157 * x_4)))) - ((-0.19046536559976984 + (0.018213575521342083 * abs((-11.011498578273201 + (0.18580190968182023 + (0.9780250034598157 * x_4)))))) * ((0.12664831372474775 + (0.7273799945164777 * abs((8.303020223054892 + (7.0666553322315275 * (-0.03328608761079923 + (0.9930031921598278 * x_0))))))) - (17.49935168627525 + (-7.607740606841807 * cos(((-3.9109250417579533 + (-0.6060615641607995 * ((-0.9432342202420563 * (-0.056662208270947687 + (1.0093749014959992 * x_1))))**2)) + (-0.9439250417579522 + (4.5751907727605845 * ((0.08187730674527549 + (-0.4500616315206901 * (-0.026199140277906246 + (1.011143035371021 * x_2)))))**2)))))))))) - (-0.0006690492663341844 + (-6.088256018795253 * ((0.8955544520794184 + (-0.0020863256605407176 * (-0.056662208270947687 + (1.0093749014959992 * x_1)))))**2)))))))
611_fri_c3_100_5,ok,5,NoRef,0.4767271699759048,0.7197500223513021,79,7.511041879653931,,0.01,((0.060000000000000005 + (0.02 * (-5.485044449520766e-09 + (1.0050378211517923 * x_1)))) * ((-9.0 + (6.0 * (2.2651548670983395e-09 + (1.0050378215807587 * x_3)))) + ((0.01 + (20.0 * sin(((-0.030000000000000002 + (-1.7 * (-5.485044449520766e-09 + (1.0050378211517923 * x_1)))) + (0.01 + (-0.9 * (3.3696518741937506e-10 + (1.0050378176809236 * x_0)))))))) + (3.0 + (-7.0 * sin(((0.3 + (3.0 * (3.3696518741937506e-10 + (1.0050378176809236 * x_0)))) + ((-0.003 + (-1.0 * (-1.4882628954172861e-09 + (1.0050378087527534 * x_4)))) + (0.01 + (0.1 * (7.488115246346441e-11 + (1.0050378153667796 * x_2))))))))))))
612_fri_c1_1000_5,ok,5,NoRef,0.3752953597858546,0.7681461298129633,100,6.950795412063599,,0.01,(((0.36100000000000004 * (-0.1259509009120862 + (1.0224742268874492 * x_4))) + ((-0.00381 + (-0.00104 * (0.058764461739031826 + (0.9941862663105345 * x_0)))) - ((13.4 + (3.3000000000000003 * (0.05379249346486988 + (0.9813329069621656 * x_1)))) * (0.009089999999999999 + (-0.0926 * sin(((((-0.338 * (0.02499164981509785 + (0.963922001685239 * x_2))) - ((0.00438 + (0.098 * (0.02499164981509785 + (0.963922001685239 * x_2)))) - (-0.20600000000000002 + (0.00917 * (0.058764461739031826 + (0.9941862663105345 * x_0)))))) + (0.41500000000000004 + (-0.00568 * (0.02499164981509785 + (0.963922001685239 * x_2))))) + ((-0.23500000000000001 + (-0.222 * (0.058764461739031826 + (0.9941862663105345 * x_0)))) * (-2.42 + (8.24 * (0.05379249346486988 + (0.9813329069621656 * x_1)))))))))))) + (-0.00056 + (0.49000000000000005 * (-0.0455437593761508 + (0.9567051152908453 * x_3)))))
613_fri_c3_250_5,ok,5,NoRef,0.1782613517467252,0.8885497310062475,94,14.923241376876831,,0.01,(((-0.030000000000000002 * sin((-0.00929 + (-0.028948889952718215 + (1.0093385016897576 * x_1))))) * (0.664 + (-24.7 * cos((6.45 + (-7.3100000000000005 * (-0.00583196890049992 + (0.9920083120873421 * x_0)))))))) + (((0.891 * sin((((0.43 + (-0.47800000000000004 * inv((-0.0724 + (-0.011035865820133607 + (1.0097221415593123 * x_2)))))) * (-0.044800000000000006 + (-0.021500000000000002 * (-0.028948889952718215 + (1.0093385016897576 * x_1))))) - ((0.0381 + (29.6 * arctan((-0.08770000000000001 + (-0.00583196890049992 + (0.9920083120873421 * x_0)))))) * (0.0951 + (0.00573 * (-0.0023800517403783196 + (1.0247486200671985 * x_4)))))))) - (-0.0514 + (-0.456 * (0.011376775246438027 + (0.9978400925361779 * x_3))))) + (0.0229 + (-0.24200000000000002 * (-0.011035865820133607 + (1.0097221415593123 * x_2))))))
615_fri_c4_250_10,ok,10,NoRef,0.44564776337871936,0.7360620912767757,109,16.408302545547485,,0.01,((0.02 + (0.001 * (-0.01918538936707431 + (0.9784295203960635 * x_9)))) * ((-0.060000000000000005 + (25.0 * (0.030508266623949246 + (1.0184149844080637 * x_3)))) - ((0.060000000000000005 + (70.0 * cos(((9.0 + (-2.0 * (0.008561553372822423 + (1.001972468388772 * x_1)))) + (0.006 + (-1.6 * (0.018442320333777653 + (1.0043892364385394 * x_0)))))))) - ((-20.0 + (0.01 * abs(((0.9 + (60.0 * (0.016849843417703382 + (1.0050181313033926 * x_4)))) * ((60.0 + (0.001 * (0.05515174324685588 + (0.9881054953181548 * x_8)))) + (-0.01 + (0.001 * (-0.027894848970115443 + (0.9944293071811292 * x_5))))))))) + ((-9.0 + (-0.2 * (-0.04174225894742663 + (1.009234310176972 * x_7)))) + ((-0.01 + (-20.0 * (0.030981082827633125 + (1.0037440958902806 * x_2)))) + (0.001 + (0.3 * (-0.004420436494283208 + (0.9982358793105901 * x_6))))))))))
617_fri_c3_500_5,ok,5,NoRef,0.2350095472799304,0.8343697686945786,108,16.262475967407227,,0.01,((-0.24600000000000002 + (-0.00938 * (0.06583752182489036 + (1.0614816774443865 * x_2)))) * ((((-0.47500000000000003 + (-3.13 * cos((0.0616 + (0.06189277847607138 + (1.0463141535655052 * x_0)))))) * ((-0.0644 + (-0.678 * sin((4.93 * (0.03177150349695045 + (1.0457474271073812 * x_3)))))) + ((-0.049300000000000004 + (-0.198 * (0.06189277847607138 + (1.0463141535655052 * x_0)))) + (0.73 + (0.625 * (0.03177150349695045 + (1.0457474271073812 * x_3))))))) - (-0.5800000000000001 + (-0.00552 * ((18.2 + (-1.04 * (0.07378384716018162 + (1.066710481333945 * x_4)))))**2))) - (0.07100000000000001 + (5.89 * cos(((0.9800000000000001 + (6.5200000000000005 * sin((0.224 * (0.06884697124093933 + (1.0266038989481894 * x_1)))))) + ((0.0029 + (0.67 * (0.06189277847607138 + (1.0463141535655052 * x_0)))) - (0.0005 + (-0.29000000000000004 * (0.06583752182489036 + (1.0614816774443865 * x_2)))))))))))
621_fri_c0_100_10,ok,10,NoRef,0.6309629524669025,0.6044391376557308,141,11.23069429397583,,0.01,((((0.7250000000000001 * (1.4976230557380417e-10 + (1.0050378197078866 * x_1))) + (0.0475 + (0.217 * (8.330528184386568e-10 + (1.0050378147807428 * x_4))))) + (((-0.683 * (5.607351256555068e-09 + (1.0050378092727088 * x_5))) * ((((-0.014 * (1.4976230557380417e-10 + (1.0050378197078866 * x_1))) * (-8.45 + (-2.37 * (9.734549852333354e-10 + (1.0050378163751326 * x_8))))) + (0.0024 + (0.09050000000000001 * (-5.503764690973492e-09 + (1.0050378132222737 * x_9))))) * (0.00998 + (-2.84 * (3.5755750494243194e-09 + (1.0050378207899893 * x_7)))))) + (0.015200000000000002 + (0.632 * (2.316635645158825e-09 + (1.005037811384345 * x_3)))))) - ((((-0.00968 * (3.369651839070239e-09 + (1.0050378086193497 * x_0))) * ((-0.861 + (-0.596 * (8.330528184386568e-10 + (1.0050378147807428 * x_4)))) - (((0.0233 + (0.113 * (2.3868367447602294e-10 + (1.0050378172229721 * x_2)))) * (-71.7 + (-0.807 * (2.3868367447602294e-10 + (1.0050378172229721 * x_2))))) - (76.3 + (0.311 * (-1.652504178821832e-09 + (1.005037812839098 * x_6))))))) + (-1e-05 + (0.031900000000000005 * (3.5755750494243194e-09 + (1.0050378207899893 * x_7))))) * (0.49400000000000005 + (-0.0012 * (2.316635645158825e-09 + (1.005037811384345 * x_3))))))
623_fri_c4_1000_10,ok,10,NoRef,0.1521161203685346,0.7918210130860888,158,11.151131391525269,,0.01,(((((((-0.019000000000000003 * (0.13941561426198104 + (1.0104749796278643 * x_0))) * (0.00975 + (47.800000000000004 * (0.1293185428126426 + (1.1237869624512584 * x_4))))) + ((-67.8 + (-22.2 * (0.13941561426198104 + (1.0104749796278643 * x_0)))) + (-8.33 + (0.0333 * (-0.11576764803778941 + (1.0044960092981252 * x_8)))))) + ((0.007899999999999999 + (-6.46 * (0.0736087982084613 + (0.9999677590618523 * x_9)))) * (0.138 + (0.0038599999999999997 * (0.02709331977686438 + (0.9998511943214848 * x_5)))))) - ((0.8510000000000001 + (0.996 * exp((-0.0379 + (-0.05362121669788681 + (1.0618312288592786 * x_7)))))) * (-0.442 + (-0.00703 * ((0.00344 + (-4.37 * (0.1293185428126426 + (1.1237869624512584 * x_4)))))**3)))) * ((0.018500000000000003 + (-0.004889999999999999 * ((0.00641 + (0.14278809094854045 + (1.0265951539192182 * x_1))))**2)) * (0.049 + (-0.729 * sin(((-6.0600000000000005 + (-5.41 * (0.13941561426198104 + (1.0104749796278643 * x_0)))) * (-0.271 + (0.47700000000000004 * (0.14278809094854045 + (1.0265951539192182 * x_1)))))))))) + ((-0.00464 + (-0.23700000000000002 * (0.14053229737994233 + (1.0823781329800635 * x_2)))) + ((-0.0441 + (0.341 * (0.09947925414942209 + (1.0205751432371792 * x_3)))) - (0.0070599999999999994 + (-0.00011999999999999999 * sqrt((6.8100000000000005 + (0.00049 * (0.12525825913657282 + (0.980269270206672 * x_6))))))))))
624_fri_c0_100_5,ok,5,NoRef,0.6475312716087371,0.5907148536385414,77,8.187198877334595,,0.01,((-0.0772 + (-0.00142 * abs(((49.5 + (-57.1 * (4.24014525147764e-09 + (1.0050378137630331 * x_0)))) * (-0.0626 + (-57.9 * abs((-0.001 + (0.271 * inv((-0.915 + (-93.60000000000001 * ((0.0039299999999999995 + (0.09450000000000001 * (-1.8252280771675934e-09 + (1.0050378081626472 * x_2)))))**2)))))))))))) - (((-0.00218 + (1.6052646991142874e-09 + (1.005037818082082 * x_3))) + (4.79 + (-0.897 * (-2.059231685602471e-10 + (1.0050378118806327 * x_1))))) * ((-0.049300000000000004 + (-0.0971 * (-2.059231685602471e-10 + (1.0050378118806327 * x_1)))) + (-0.193 + (-0.035 * (-1.9656302458928866e-09 + (1.0050378110182856 * x_4)))))))
627_fri_c2_500_10,ok,10,NoRef,0.6809569322230798,0.5705408102832816,136,10.901451826095581,,0.01,((((0.23 + sin((-0.00886 * (0.033341707614650384 + (0.9827162141673074 * x_3))))) + (-0.00116 + (0.084 * (-0.013129577447021317 + (0.9990856847101941 * x_1))))) * ((-0.9 + (5.76 * sin(((0.005 + (-1.29 * (-0.03715904788242102 + (0.9873114643136044 * x_0)))) - (-0.5720000000000001 + (1.1400000000000001 * (-0.013129577447021317 + (0.9990856847101941 * x_1)))))))) - (1.26 + (0.020300000000000002 * (-0.013129577447021317 + (0.9990856847101941 * x_1)))))) - ((((-0.49300000000000005 + (0.00035 * (0.089197355976 + (0.9914281091126119 * x_8)))) * (-0.928 + (0.042800000000000005 * (-0.05602650016378306 + (0.9823369513031974 * x_7))))) - (-5.8100000000000005 + (-0.00264 * sqrt((3.91 + (0.00212 * (-0.05602650016378306 + (0.9823369513031974 * x_7)))))))) * (((((0.03697216135961967 + (1.0049960573880736 * x_4)) - (0.050600000000000006 + (0.031700000000000006 * (-0.036573688340500496 + (0.9921415214297146 * x_6))))) * (-0.0396 + (-0.011500000000000002 * (-0.026586736692291005 + (0.9760546559365092 * x_9))))) + (0.0060999999999999995 + (0.056400000000000006 * (0.026683047888560293 + (0.9757203942515261 * x_2))))) + (-0.0639 + (-0.06770000000000001 * (0.033341707614650384 + (0.9827162141673074 * x_3)))))))
628_fri_c3_1000_5,ok,5,BFGS,0.34102759085599454,0.7970997675821152,94,16.53412675857544,,0.01,(((0.532000219308476 + (88.49999952494056 * (-0.006538880888095933 + (1.0173482172539636 * x_0)))) * (-0.004640886689859488 + (0.003402194831569135 * (0.04995802988010866 + (1.124767200659096 * x_4))))) - ((0.007071504994089614 + (-0.4599714489679881 * (0.07995654940232406 + (1.0305655132338056 * x_3)))) - ((0.009408495005910386 + (0.4140077789696227 * (0.04995802988010866 + (1.124767200659096 * x_4)))) + ((0.0699784950059104 + (-0.5279989294836648 * (0.04665711240912954 + (1.1089028168055421 * x_2)))) - (0.23702150499408964 + (1.199976966359752 * cos(((-0.13700042290841136 + (0.9479494283833613 * (((16.999991461135615 + (6.490007572742863 * (-0.011951282734320523 + (1.0307417971714052 * x_1)))) - (0.015208538864384372 + (0.004880003579752547 * exp((-7.689999999982531 + (0.08449999998204212 * (-0.006538880888095933 + (1.0173482172539636 * x_0)))))))))**2)) * (-0.006469730741766429 + (0.005163467254545069 * (-0.011951282734320523 + (1.0307417971714052 * x_1))))))))))))
631_fri_c1_500_5,ok,5,NoRef,0.5411342157399838,0.7002656982135798,97,13.084335803985596,,0.01,(((((1.76 + (0.06765066243771634 + (0.9954469854695703 * x_0))) + ((0.618 + (-0.00124 * (0.011619934130194394 + (1.0130552558033206 * x_3)))) - (0.00094 + (-0.07780000000000001 * (0.011619934130194394 + (1.0130552558033206 * x_3)))))) * (-0.0037099999999999998 + (-0.5630000000000001 * sin((((-0.0073 + (-2.56 * (0.051813494666047274 + (0.9930497282225305 * x_1)))) - (-7.05 + (0.00955 * inv((4.38 + (0.921 * (0.04936468118293561 + (1.0271014528879046 * x_2)))))))) - (-9.06 + (-0.0478 * (-0.056521872297880936 + (0.9717229773807777 * x_4))))))))) - (-0.00398 + (-0.383 * (0.011619934130194394 + (1.0130552558033206 * x_3))))) - ((-0.00974 + (0.0656 * (-0.056521872297880936 + (0.9717229773807777 * x_4)))) * (-3.27 + (0.011200000000000002 * (0.051813494666047274 + (0.9930497282225305 * x_1))))))
634_fri_c2_100_10,ok,10,NoRef,0.20141214991339962,0.8891580070026797,119,13.251385927200317,,0.01,((0.02 + (0.009 * (-3.5942953176591e-09 + (1.0050378169186154 * x_1)))) * ((0.01 + (60.0 * sin(((0.02 + (0.01 * (-2.040511411673613e-09 + (1.0050378188363487 * x_4)))) * ((0.02 + (-90.0 * (-3.891699263916169e-09 + (1.005037812523656 * x_0)))) + (30.0 + (-0.2 * (-4.972576454754833e-10 + (1.0050378191710638 * x_2))))))))) + (0.6 + (-20.0 * arctan(((0.060000000000000005 + (-0.6 * (-3.5942953176591e-09 + (1.0050378169186154 * x_1)))) * ((-9.0 + (-0.02 * (1.3478607413557276e-09 + (1.0050378131397857 * x_5)))) + ((-0.6 + (-0.02 * (-2.2277142980311373e-09 + (1.005037820890266 * x_8)))) + ((-0.9 + (-0.02 * (2.620840332405153e-10 + (1.005037813903384 * x_7)))) + ((-0.9 + (-9.0 * (8.096524631093754e-10 + (1.005037812430936 * x_3)))) + ((-0.060000000000000005 + (-0.01 * (-1.984350541638051e-09 + (1.0050378174665446 * x_9)))) + (-0.02 + (-6.0 * (-6.053673205708496e-09 + (1.0050378214297475 * x_6)))))))))))))))
635_fri_c0_250_10,ok,10,NoRef,0.43946012084346164,0.7377131439502871,102,16.22632145881653,,0.01,((0.1 + (0.6 * (3.284185646600527e-05 + (1.0134618852695818 * x_3)))) + (1.0 + (-0.02 * abs((((40.0 * (0.0299533659358918 + (1.026432356260368 * x_1))) + ((-40.0 + (40.0 * (-0.0158002831059501 + (1.035825655276819 * x_0)))) + (0.001 + (20.0 * (0.05626701566663447 + (0.984972246146817 * x_4)))))) + ((0.001 + (-0.3 * (0.03710033285164021 + (0.9862754867919485 * x_2)))) * ((-0.6 + (-60.0 * (0.024595320138910946 + (1.0093932487757626 * x_5)))) + ((-0.01 + (0.01 * (-0.030720025213037582 + (0.9964720662834899 * x_8)))) + ((0.01 + (0.01 * (0.023946984823668138 + (1.0075174426626203 * x_9)))) + ((0.01 + (0.01 * (0.044703616871696904 + (1.002732006634402 * x_7)))) + (0.01 + (0.02 * (-0.029670791284983563 + (0.9968372944853446 * x_6))))))))))))))
641_fri_c1_500_10,ok,10,NoRef,0.3234755089730844,0.7854632392811708,122,19.72493553161621,,0.01,((0.02 + (0.01 * (0.00805487804850231 + (0.9968997576834833 * x_1)))) * (((20.0 * (-0.041244311805811756 + (0.9881424498527619 * x_3))) + (-0.01 + (-60.0 * sin((-0.3 + (2.2 * (-0.00754624478365389 + (0.9836753950133191 * x_0)))))))) + (-0.01 + (-20.0 * sin(((0.060000000000000005 + (2.0 * (0.00805487804850231 + (0.9968997576834833 * x_1)))) + (0.01 + (-0.001 * inv(((0.030000000000000002 + (0.02 * (0.06278172057161527 + (0.9810267998778318 * x_8)))) + ((0.02 + (0.02 * (0.06346169844205729 + (1.024410073610703 * x_5)))) + ((0.02 + (0.02 * (0.09722717144425294 + (1.0248389370748021 * x_7)))) + ((0.02 + (0.02 * (-0.010538602807564558 + (1.0101551525364498 * x_2)))) + ((0.02 + (0.02 * (0.04604423538072993 + (0.9674549471240764 * x_9)))) + ((0.02 + (0.02 * (-0.0007699340761739147 + (1.0247051180741429 * x_4)))) + (0.02 + (0.02 * (-0.005068268617956794 + (1.0102445817775312 * x_6)))))))))))))))))))
646_fri_c3_500_10,ok,10,NoRef,0.6832171895964138,0.5534541085842407,114,16.639628648757935,,0.01,((0.01 + (0.37 * (-0.0010674995282084277 + (0.9888977016014616 * x_3)))) + ((0.02 + (0.008 * (-0.07566403615497733 + (1.0061982190189063 * x_1)))) * ((-0.3 + (60.0 * sin(((-0.006 + (-1.7 * (-0.07566403615497733 + (1.0061982190189063 * x_1)))) + (0.030000000000000002 + (-1.3 * (-0.08580614110746695 + (0.9764867799745204 * x_0)))))))) + ((0.001 + (-0.1 * (-0.07585884095525353 + (0.9394858417435231 * x_4)))) * ((-0.08 + (-90.0 * (-0.05721558898573879 + (0.9725279454163238 * x_2)))) + ((-0.02 + (-0.02 * (-0.08572351112350518 + (0.9977370817874324 * x_8)))) + ((-0.02 + (-0.02 * (-0.015303586236559374 + (0.9921594894841607 * x_5)))) + ((-0.02 + (-0.02 * (0.018198606053000926 + (0.9830177296829794 * x_7)))) + ((-0.02 + (-0.02 * (0.05178842670427133 + (1.0545913349620601 * x_9)))) + (-0.02 + (-0.02 * (0.05867666558860839 + (0.9957561638142012 * x_6)))))))))))))
647_fri_c1_250_10,ok,10,BFGS,0.7246720625630974,0.5296642955633416,110,24.861032485961914,,0.01,((-0.02608531029272558 + (0.31337030390017484 * (0.012771660018394299 + (0.9916244828062031 * x_3)))) + ((((-0.0009738184164831916 + (-0.004478456272028574 + (1.0195182309979691 * x_6))) + ((36.89999618158352 + (-0.09060260748663683 * (0.0026619787194639703 + (0.9855581582449608 * x_9)))) + (-0.03760381841648319 + (0.06930422484917657 * (0.0005549552017442876 + (1.0134782143162062 * x_7)))))) * (0.0010734622020230461 + (-7.28845582736698e-05 * (-0.01920572954524788 + (0.9843620950829046 * x_5))))) - (((0.4196617254173781 * sin(((7.724661846642543 + (-2.6231188407926 * (-0.0661680238763467 + (0.9883772642250066 * x_0)))) - (((0.0037183869859357616 + (-0.3689662830551918 * (-0.02713842520686745 + (0.9779645183370135 * x_8)))) * (0.0022195176835131283 + (-0.00456223446935067 * (0.04259752720332055 + (1.0063005627788042 * x_4))))) - (89.80466184664255 + (-0.0012698799670050557 * (-0.02629323549384153 + (0.9986094332148666 * x_2)))))))) * (2.3500593920533297 + (0.9204693646448417 * (-0.06563464502751039 + (0.9806987438418552 * x_1))))) + (-0.001744689707274422 + (-0.19425719093845017 * (0.04259752720332055 + (1.0063005627788042 * x_4)))))))
649_fri_c0_500_5,ok,5,NoRef,0.6273090049084713,0.5919705349150525,80,15.483441352844238,,0.01,((((0.6930000000000001 * (0.05231147534006627 + (1.0066634887399533 * x_1))) + (0.00898 + (-0.44 * sin((0.00752 + (-39.4 * (0.007078065159054314 + (1.0130563010908327 * x_4)))))))) + (0.0083 + (0.639 * arctan((6.17 + (-5.82 * (0.05231147534006627 + (1.0066634887399533 * x_1)))))))) - ((0.892 + (-0.443 * (-0.06639078434904079 + (1.0571454595405074 * x_3)))) - ((0.0092 + (0.42000000000000004 * (-0.08932909934794814 + (1.0023846504648501 * x_0)))) + ((-0.0675 + (70.0 * abs((0.00938 * (-0.021789259863661356 + (1.0063983944922867 * x_2)))))) + (0.0316 + (0.222 * (0.007078065159054314 + (1.0130563010908327 * x_4))))))))
654_fri_c0_500_10,ok,10,NoRef,0.6587783874385724,0.5986333438664976,117,18.111120223999023,,0.01,(((0.5 * (0.0007491783139851028 + (0.9893417119088128 * x_3))) + (-0.01 + (0.34 * (0.04187135150738115 + (1.0510953173290194 * x_4))))) + ((0.01 + (1.0 * cos(((0.02 + (1.0 * (-0.06393432606302606 + (0.9998031220651009 * x_1)))) + ((-0.8 + (0.9 * (-0.027601897422796586 + (1.0061636075716038 * x_0)))) + (-0.7000000000000001 + (0.001 * (((-6.0 + (-20.0 * (-0.04407831859558271 + (1.0230621218787368 * x_2)))) + (0.030000000000000002 + (0.030000000000000002 * inv(((0.09000000000000001 + (0.02 * (-0.040554941512674664 + (0.9867431653933428 * x_5)))) + ((0.02 + (0.02 * (-0.014222167248802433 + (1.0018358309056357 * x_7)))) + (0.02 + (0.1 * (-0.10813174643488255 + (1.0302077368719882 * x_9)))))))))))**2))))))) + (0.1 + (-0.001 * inv(((-0.08 + (-0.1 * (-0.028243686434320705 + (1.024267302083891 * x_6)))) + (-0.6 + (-0.060000000000000005 * (0.012504066596160423 + (0.9932606007852361 * x_8))))))))))
656_fri_c1_100_5,ok,5,NoRef,0.41687732104956876,0.7597969874868871,84,10.431003093719482,,0.01,((((0.0413 + (1.3900000000000001 * sin((-0.00633 + (-0.619 * ((0.028100000000000003 + (0.038000000000000006 * sqrt((-0.00257 + (0.42000000000000004 * abs(((-4.92 + (52.0 * (-7.127749685219048e-09 + (1.0050378135022553 * x_2)))) + ((-27.400000000000002 + (-58.800000000000004 * (-2.4523577450329915e-09 + (1.0050378152122343 * x_1)))) * (-2.25 + (-45.1 * (2.6302004833736337e-09 + (1.0050378148437342 * x_0)))))))))))))**2))))) - (-0.665 + (-0.45 * cos((0.014400000000000001 + (40.800000000000004 * (-2.3774765717598145e-09 + (1.005037807353799 * x_4)))))))) - (-0.00955 + (-0.24600000000000002 * (-2.3774765717598145e-09 + (1.005037807353799 * x_4))))) - (0.0119 + (-0.378 * (-2.334185930610602e-09 + (1.005037817059757 * x_3)))))
657_fri_c2_250_10,ok,10,NoRef,0.4502655234221159,0.7243908683845556,139,16.371415376663208,,0.01,((((((-0.00531 + (0.009016765386932166 + (0.9975550945917872 * x_0))) + (0.9430000000000001 + (-0.0052499999999999995 * (-0.006003778824579484 + (1.0087748641396674 * x_5))))) * (-0.008969999999999999 + (-0.728 * cos((((0.00684 * cos((-0.902 * (0.022131640344706344 + (1.009302535480512 * x_1))))) + (-93.4 + (-1.8 * (0.022131640344706344 + (1.009302535480512 * x_1))))) + (0.0261 + (5.26 * inv((-90.2 + (0.0291 * (0.01923199185394909 + (1.0038423878099012 * x_7)))))))))))) - (0.08380000000000001 + (0.9730000000000001 * inv(((-14.5 + (-0.060000000000000005 * (-0.037582608011145234 + (0.9993401832171055 * x_6)))) - (((0.00381 + (-0.027403051165010864 + (0.9906865960511145 * x_9))) + (-0.0371 + (-69.60000000000001 * (-0.037582608011145234 + (0.9993401832171055 * x_6))))) * (-3.67 + (-0.00325 * (0.008202063620804667 + (0.9965091232089126 * x_8)))))))))) - (((5.37 * (0.018254636074701108 + (0.9942750378113397 * x_4))) * (-0.036000000000000004 + (-0.0031699999999999996 * (0.009016765386932166 + (0.9975550945917872 * x_0))))) + (0.0038399999999999997 + (0.552 * (0.021508000057596278 + (0.9976225312856856 * x_2)))))) - (-0.051500000000000004 + (-0.48600000000000004 * (0.004078747777071304 + (0.9820351885905952 * x_3)))))
659_sleuth_ex1714,ok,7,NoRef,0.4964857825636998,1933.4414086652193,74,11.726599216461182,,0.01,((6.0 + (1.1 * (-1.5864294781793549 + (0.23528616482898382 * x_5)))) * ((0.09000000000000001 + (90.0 * (-2.1195565262766687 + (0.06927618688108722 * x_0)))) + ((20.0 + (-0.7000000000000001 * tan(((-0.02 + (0.9 * (-2.1027705487761197 + (0.0695497648082179 * x_2)))) + ((0.02 + (2.0 * (-2.7012166664995867 + (0.044775757746126514 * x_3)))) + (5.0 + (0.001 * (-0.9806249362272483 + (1.5947879644085274 * x_6))))))))) * ((88.0 + (-2.0 * (-1.085177167929372 + (0.031018261473926296 * x_4)))) + (-0.01 + (-0.001 * (-1.3342416419238172 + (0.1086628959150872 * x_1))))))))
663_rabe_266,ok,2,NoRef,0.9901018527793517,5.192767841080781,54,10.659782648086548,,0.01,((-50.0 + (50.9 * (0.14484136487558028 + (0.028968272975116057 * x_0)))) + ((0.3 + (-0.09000000000000001 * (-1.9148542155126762 + (0.06963106238227913 * x_1)))) * ((0.9 + (-0.4 * (0.14484136487558028 + (0.028968272975116057 * x_0)))) * ((-6.0 + (-50.0 * (-1.9148542155126762 + (0.06963106238227913 * x_1)))) + (0.01 + (-9.0 * sin((-0.8 + (-6.0 * (0.14484136487558028 + (0.028968272975116057 * x_0)))))))))))
665_sleuth_case2002,ok,6,BFGS,1.3706576740268872e-06,9.605112796772964,110,14.951631546020508,,0.01,((0.04796193540464029 + (-3.74984071785646e-05 * (-0.5694947974514993 + (2.3254370895936227 * x_0)))) * (0.7509920454972971 + (71.60711839716437 * abs(((-0.068934218628006 + (2.186458550044091e-06 * (-0.6642111641550715 + (2.1697564695732336 * x_3)))) - ((-0.9188257813719941 + (7.7984086100319345 * cos((65.1622767185768 * (-0.7071067811865475 + (2.1213203435596424 * x_1)))))) + (0.39117421862800583 + (0.5481416354014835 * tan((8.538843405952024 + (-0.8367222446680352 * cos((98.275392154831 + (-0.2887796356941634 * inv(((2.229933313141541 + (-44.499967312364255 * (-0.5694947974514993 + (2.3254370895936227 * x_0)))) - (((-7.3301038941452346 * arctan(((-0.08900008079636154 + (-0.010100122089761857 * (-1.9995832060131968 + (0.0717974429125403 * x_5)))) + (-77.60000008079636 + (-0.8770000064841941 * (-7.778182412958265 + (0.1365408185699624 * x_4))))))) + (-0.43993331314154044 + (0.13393258682298745 * (-0.7071067811865475 + (2.1213203435596424 * x_1))))) + (0.00773668685845954 + (0.0004383040340136845 * arctan((0.0025000000093729933 + (53.00000000000563 * (-0.9151502608861564 + (2.0078669903024626 * x_2))))))))))))))))))))))))
666_rmftsa_ladata,ok,10,NoRef,0.47561848201694246,2.488745357604551,130,15.575242042541504,,0.01,(-0.00131 + (8.09 * exp((((-0.801 + (-3.8354583612121833 + (0.07161043279702374 * x_7))) - (2.5500000000000003 + (8.92 * inv(((0.00859 + (0.779 * (-2.2523529244541303 + (0.24606332236205597 * x_4)))) - (28.8 + (81.3 * (-3.3483486236896987 + (0.06797828569246922 * x_9))))))))) * ((0.07440000000000001 + (-0.08860000000000001 * cos((((-0.09000000000000001 * (-5.011682575607894 + (0.08680026844289343 * x_3))) + ((0.151 + (-42.1 * (-1.860383418830298 + (0.22141754360553986 * x_8)))) + ((0.005 + (-52.300000000000004 * (-2.8651998268107124 + (0.2441512028573268 * x_6)))) - ((0.0955 + (-7.000000000000001e-05 * (-7.906331305186756 + (0.10670741666151873 * x_2)))) - (-0.00467 + (-0.0042899999999999995 * (-3.2431091529575657 + (0.9419701858187693 * x_5)))))))) + ((7.12 + (0.0049 * (-11.545971418891767 + (0.06591093670668177 * x_0)))) + ((-0.0066 + (7.3 * (-5.011682575607894 + (0.08680026844289343 * x_3)))) + (0.00037999999999999997 + (-0.018000000000000002 * (-9.53752739277275 + (0.10189589818207269 * x_1)))))))))) - (0.07450000000000001 + (0.0912 * (-11.545971418891767 + (0.06591093670668177 * x_0)))))))))
678_visualizing_environmental,ok,3,BFGS,0.009307802115595232,3.5266209893478626,89,7.407929420471191,,0.01,((0.0006949244151142414 + (0.0007136513828589626 * inv(((7.672997376530885 + (-5.1502643219151745 * (-8.199984227605405 + (0.1054080196021077 * x_2)))) - (-27.783997376564503 + (-0.012130336721650554 * tan(((0.011137830551570766 + (0.03227483296957244 * (-2.0365904670492747 + (0.011020403736287696 * x_1)))) - (79.96896216946111 + (-9.186374832950897 * (-2.0365904670492747 + (0.011020403736287696 * x_1)))))))))))) * ((-0.629260137878565 + (-84.33276803012468 * (-1.2708878931061365 + (0.03018800687669188 * x_0)))) - (0.5478901378782677 + (13.5600735956726 * (((-3.3652376938365927 + (0.12409276363488345 * inv((-20.57628507664409 + (0.05792141063543202 * (-2.0365904670492747 + (0.011020403736287696 * x_1))))))) - (6.708237693809436 + (-0.002791736635508144 * cos((-2.278011234049291 + (72.00146339364026 * exp((-0.001364265794314256 + (-4.600747566286077 * (-8.199984227605405 + (0.1054080196021077 * x_2))))))))))))**3))))
687_sleuth_ex1605,ok,5,NoRef,0.17214084143521247,13.867957817256492,125,9.97530460357666,,0.01,(((8.8 * (-8.4556341730914 + (0.07385873749389502 * x_4))) + (31.1 + (8.82 * sqrt(((-0.859 + (7.09 * (-8.688995392983172 + (0.07749104061636315 * x_3)))) - (-70.9 + (-6.65 * abs(((0.313 + (-0.8520000000000001 * (-4.273294241464471 + (0.34678565833873976 * x_0)))) + (((-3e-05 + sin(((0.0011899999999999999 + (-0.058300000000000005 * (-5.422613168093948 + (0.06312467450653864 * x_1)))) - (0.675 + (-0.882 * (-8.688995392983172 + (0.07749104061636315 * x_3))))))) + (-0.00498 + (-9.61 * sin(((23.7 + (0.0064199999999999995 * (-8.944849837562757 + (0.07735816570356965 * x_2)))) - (0.605 + (2.05 * abs((63.7 + (48.7 * (-8.944849837562757 + (0.07735816570356965 * x_2)))))))))))) * (0.913 + (0.264 * inv((3.75 + (-9.82 * (-8.944849837562757 + (0.07735816570356965 * x_2))))))))))))))))) + (-9.120000000000001 + (1.51 * inv((-0.642 + (-0.08660000000000001 * ((-2.3000000000000003 + (14.0 * (-4.273294241464471 + (0.34678565833873976 * x_0)))))**2))))))
690_visualizing_galaxy,ok,4,NoRef,0.7658420326441011,47.363209129281984,85,15.201499223709106,,0.01,((-0.035800000000000005 + (0.0432 * (-0.014811247445722082 + (0.04714572537817882 * x_1)))) + (((0.0044599999999999996 * arctan((0.227 + (-8.05 * abs((20.400000000000002 + (-8.38 * (-2.3138420620132027 + (0.025977793443507386 * x_2))))))))) + (((-24.0 + (-0.014811247445722082 + (0.04714572537817882 * x_1))) + (0.00422 + (0.7000000000000001 * sin((0.00711 + (0.00747 * ((-6.43 + (88.0 * (0.048534005474465805 + (0.08506574559780157 * x_0)))))**3)))))) * ((0.47300000000000003 + (0.65 * (0.00041221357154477725 + (0.041221155529185684 * x_3)))) + (-67.5 + (-1.81 * (0.00041221357154477725 + (0.041221155529185684 * x_3))))))) + (-21.6 + (-0.453 * (0.048534005474465805 + (0.08506574559780157 * x_0))))))
706_sleuth_case1202,ok,6,NoRef,0.6239995470814306,55.46703214816792,122,17.583072662353516,,0.01,((((-0.263 + abs(((0.034 + (-0.023200000000000002 * (-5.8387321233516065 + (0.0005617999057339651 * x_1)))) - ((0.756 + (-0.07600000000000001 * (-1.3806701271484079 + (2.1049560954885562 * x_2)))) * ((-79.0 + (-61.0 * (-3.4018077595745577 + (0.007170790852930344 * x_4)))) * (0.00438 + (4.39 * sin((71.10000000000001 + (-7.69 * abs(((-0.79 + (92.5 * (-2.1314423186227427 + (1.011347630775077 * x_5)))) + (54.1 + (0.9570000000000001 * (-8.067036718120427 + (0.09804422566455824 * x_3)))))))))))))))) - (-8.13 + (-0.164 * inv((0.0824 + (0.08310000000000001 * (-7.68010058678442 + (0.0014169083984426412 * x_0)))))))) * (0.529 + (-0.0066099999999999996 * (-3.4018077595745577 + (0.007170790852930344 * x_4))))) + (-0.006699999999999999 + (4.73 * inv(((-4.82 + (-0.00258 * (-8.067036718120427 + (0.09804422566455824 * x_3)))) + ((-0.732 + (0.07020000000000001 * (-7.68010058678442 + (0.0014169083984426412 * x_0)))) - (9.73 + (-9.4 * (-8.067036718120427 + (0.09804422566455824 * x_3))))))))))
712_chscase_geyser1,ok,2,BFGS,0.6365640146112224,7.609233305026735,89,13.727711200714111,,0.01,((0.005362475507881925 + (-6.646682892038279 * sin(((-8.01891953162346 + (-0.24762547613468822 * (-1.5024884050165992 + (0.13469192335424468 * x_0)))) * (-0.2096315579592511 + (-20.235116661417365 * (-1.5024884050165992 + (0.13469192335424468 * x_0)))))))) - ((((-0.08429247550788194 + (0.03566243525886645 * (-3.3935425619618167 + (0.94461866768293 * x_1)))) + (-3.3897924755078823 + (0.23246243525886645 * (-3.3935425619618167 + (0.94461866768293 * x_1))))) - (70.5997924755079 + (-0.04823836218845751 * abs((-55.79813030737391 + (90.39864263532826 * inv(((1.924574396615898 + (2.0018963706707718 * tan((45.268038100562016 + (92.22945194189676 * (-1.5024884050165992 + (0.13469192335424468 * x_0))))))) - (1.2984256033841022 + (0.7962104574516279 * (-1.5024884050165992 + (0.13469192335424468 * x_0)))))))))))) - (0.637792475507882 + (11.697337564741135 * (-3.3935425619618167 + (0.94461866768293 * x_1))))))
feynman_III_10_19,ok,4,NoRef,0.9898811761691748,0.7237537755135038,90,12.024510145187378,,0.01,((-2.33 + (-0.868 * (-2.673971965623433 + (0.8898553227888648 * x_0)))) * ((((-0.012400000000000001 * (-2.7632761273837882 + (0.8839173948987078 * x_3))) * ((84.10000000000001 + (0.0145 * (-2.5928212263706856 + (0.8757205925655337 * x_1)))) - (18.2 + (8.75 * (-2.5928212263706856 + (0.8757205925655337 * x_1)))))) + ((0.00378 + (-0.81 * (-2.5928212263706856 + (0.8757205925655337 * x_1)))) - (7.0 + (-0.07100000000000001 * cos((0.0012599999999999998 + (-8.0 * (-2.7632761273837882 + (0.8839173948987078 * x_3))))))))) - ((-1.87 + (0.42300000000000004 * cos((-9.200000000000001 + (-2.7632761273837882 + (0.8839173948987078 * x_3)))))) * (0.9680000000000001 + (-0.927 * ((-0.9720000000000001 + (-0.21300000000000002 * (-2.6890810491196837 + (0.8961237359346407 * x_2)))))**2)))))
feynman_III_12_43,ok,2,NoRef,0.9992033244107869,0.023119727542381646,34,15.050725221633911,,0.01,((0.02 + (0.007699999999999999 * (-2.5465486207773664 + (0.8639978684630047 * x_1)))) * ((0.8 + (0.3 * (-2.6600860698602395 + (0.8787782072695123 * x_0)))) * (88.9 + (-1.5 * cos((0.01 + (-27.0 * (-2.6600860698602395 + (0.8787782072695123 * x_0)))))))))
feynman_III_13_18,ok,4,NoRef,0.9988271498236492,18.933643694868532,81,15.54081106185913,,0.01,(((0.00075 + inv((2.44 + (-2.4699294639154807 + (0.8560964559950999 * x_3))))) * (((2.31 + (-2.538907955679724 + (0.8360455927136513 * x_1))) * (-3.5300000000000002 + (-1.3900000000000001 * (-2.559111498086225 + (0.8438989755780321 * x_0))))) * (-16.3 + (-6.3500000000000005 * (-2.557360784962865 + (0.8860604608557809 * x_2)))))) * ((-0.00554 + (39.5 * ((0.006189999999999999 * (-2.4699294639154807 + (0.8560964559950999 * x_3))))**2)) + ((6.390000000000001 + (2.04 * (-2.538907955679724 + (0.8360455927136513 * x_1)))) + (0.00831 + (0.10400000000000001 * cos((0.00635 + (-91.4 * inv((22.6 + (58.6 * (-2.538907955679724 + (0.8360455927136513 * x_1)))))))))))))
feynman_III_14_14,ok,5,NoRef,0.9122157817502086,2.1056236301709705,59,15.37967300415039,,0.01,((0.02 + (0.007699999999999999 * (-2.668504578371374 + (0.895141141763398 * x_0)))) * (-0.09000000000000001 + (9.0 * inv(((0.02 + (0.006 * (-5.170473117636555 + (3.4111455044222505 * x_3)))) * (-1.0 + (9.0 * exp(((-1.2 + (-0.2 * (-4.857485252493451 + (3.2877290201094715 * x_1)))) + ((0.1 + (0.18000000000000002 * (-5.1655723252122225 + (3.434279417769823 * x_4)))) + (0.01 + (-0.16 * (-5.111852970749168 + (3.3644339378306247 * x_2))))))))))))))
feynman_III_15_12,ok,3,BFGS,-1.6601616534828167e-06,4.89457026940287,74,11.096922636032104,,0.01,((-528.852916590271 + (3.408449753919185e-09 * (((-4.135713453108091 + (-0.9145812951075681 * (-2.7555269573611176 + (0.9149371100073108 * x_1)))) - (4.10851050124873 + (-39.67337352655084 * sin((((0.14652847231303662 + (-4.948343426544225 * (-2.433749339868416 + (0.8313595104823411 * x_2)))) + ((0.053058487336244166 + (23.415732666928797 * (-2.6957874627590446 + (0.884057098270909 * x_0)))) - (-0.09652846378179072 + (63.15006627937887 * inv((0.0009080662601308124 + (-0.007577427244472567 * (-2.6957874627590446 + (0.884057098270909 * x_0))))))))) - (-65.45652844497408 + (2.3683435068150738 * (-2.433749339868416 + (0.8313595104823411 * x_2))))))))))**2)) * (-0.01208907090459698 + (7.66134066265245e-12 * (-2.6957874627590446 + (0.884057098270909 * x_0)))))
feynman_III_15_14,ok,3,NoRef,0.8723312922642105,0.00758544835598111,54,16.39729905128479,,0.01,((0.001 + (0.0005 * (-2.34578704306449 + (0.8008218224036182 * x_0)))) * (-0.1 + (0.9 * (((0.01 + (0.002 * (-2.34578704306449 + (0.8008218224036182 * x_0)))) * (0.01 + (-9.0 * inv(((0.02 + (0.0076 * (-2.600944791990059 + (0.8402356442102845 * x_2)))) * (2.4 + (-0.5 * exp((0.1 + (-0.4 * (-2.7086572108381093 + (0.888939095052541 * x_1)))))))))))))**2)))
feynman_III_15_27,ok,3,NoRef,0.998319191634508,0.11125212416285031,55,14.384636402130127,,0.01,((0.0437 + (71.0 * inv((((-0.023000000000000003 + (-2.4893777348254535 + (0.8762245096472185 * x_1))) - ((0.060300000000000006 + (-0.0772 * exp((-0.652 * (-2.533070086737555 + (0.8625339673768139 * x_2)))))) + (88.7 + (36.6 * (-2.4893777348254535 + (0.8762245096472185 * x_1)))))) * (-0.754 + (-0.29600000000000004 * (-2.533070086737555 + (0.8625339673768139 * x_2)))))))) * (2.07 + (0.791 * (-2.4879626933927046 + (0.833693497064789 * x_0)))))
feynman_III_17_37,ok,3,NoRef,0.9583480947763032,1.0898751641650788,62,15.591858863830566,,0.01,((((((0.0376 + (-7.58 * cos((-0.0771 + (-2.551596122504234 + (0.8474189011325017 * x_2)))))) * (3.7 + (1.36 * (-2.5686713329782953 + (0.862001671169859 * x_1))))) - (-29.2 + (0.00813 * (-2.5686713329782953 + (0.862001671169859 * x_1))))) - (16.5 + (0.228 * (-2.551596122504234 + (0.8474189011325017 * x_2))))) * (0.403 + (0.165 * (-2.491499110603535 + (0.8386271442685918 * x_0))))) + (0.010900000000000002 + (0.09690000000000001 * (-2.491499110603535 + (0.8386271442685918 * x_0)))))
feynman_III_19_51,ok,5,NoRef,0.6561424677775278,1.069814657316194,57,16.681424140930176,,0.01,((0.02 + (0.006999999999999999 * (-2.7193729315376136 + (0.8742168644608117 * x_0)))) * (0.01 + (-2.0 * exp((((1.5 * (-2.7325304403218103 + (0.9024643506596678 * x_1))) + (-1.0 + (-0.8 * (-2.6537424167771304 + (0.8886083008934242 * x_3))))) + ((0.1 + (-0.7000000000000001 * (-2.712534670836872 + (0.9145791987347105 * x_2)))) + (-0.1 + (0.9 * exp((0.1 + (-0.6 * (-2.6622629714337247 + (0.9132238574171417 * x_4)))))))))))))
feynman_III_21_20,ok,4,NoRef,0.9995272686066786,0.29024601618624185,42,15.600820302963257,,0.01,(((2.6 + (-2.5656360395809217 + (0.8550844648633008 * x_2))) * (0.2 + (0.08 * (-2.4948596073666858 + (0.8712831628673021 * x_0))))) * ((0.2 + (0.07700000000000001 * (-2.6240687793748685 + (0.8890183185341883 * x_1)))) * (-9.0 + (-0.6 * inv((0.0084 + (0.0034999999999999996 * (-2.545412639486553 + (0.8474318891943581 * x_3)))))))))
feynman_III_4_32,ok,4,NoRef,0.9929758803889613,0.6634472976564999,52,16.674680948257446,,0.01,(((2.4 + (-2.6466365775727345 + (0.8707401267392567 * x_2))) * (0.02 + (0.0084 * (-2.6174887738802006 + (0.8670829091630897 * x_3))))) * ((-0.3 + (-9.0 * (-2.784131327119264 + (0.9215893303699773 * x_0)))) + (0.01 + (0.9 * inv(((0.009 + (0.0034 * (-2.612511512350074 + (0.8627753949982891 * x_1)))) * (0.8300000000000001 + (0.3 * (-2.784131327119264 + (0.9215893303699773 * x_0))))))))))
feynman_III_4_33,ok,4,BFGS,0.9988486510299088,0.16129394039006528,77,21.06581139564514,,0.01,((((90.39999999835379 + inv((-94.29999999999981 + (0.001820000000104075 * abs((0.5400000000000004 + (-0.09610000000000009 * (-2.5251798266511916 + (0.8626981754077024 * x_0))))))))) * (0.18399997427090561 + (0.06749786568636514 * (-2.866571611099702 + (0.9433028392921154 * x_3))))) * (0.5209999032352081 + (0.19999950807066458 * (-2.60734931142082 + (0.9073764005796643 * x_2))))) - ((0.00853169654954184 + (0.0036394959177167186 * (-2.5251798266511916 + (0.8626981754077024 * x_0)))) * ((36.69999999985382 + (28.699999999987284 * (-2.772789939599442 + (0.8864830640187504 * x_1)))) + (32.39999999985382 + (0.41899379420520494 * inv((0.11737029036820976 + (0.07539946204758773 * sin((6.150710017143368 + (26.98587790334103 * (-2.5251798266511916 + (0.8626981754077024 * x_0)))))))))))))
feynman_III_7_38,ok,3,NoRef,0.9975185555509495,1.914641581621713,57,14.175340175628662,,0.01,(((3.5100000000000002 + (-2.809767375781024 + (0.9075827176016882 * x_1))) + (-0.75 + (0.062000000000000006 * sin(((0.00639 + (-2.06 * (-2.809767375781024 + (0.9075827176016882 * x_1)))) + (-0.00879 + (7.66 * (-2.7136530652251984 + (0.8943526615139876 * x_0))))))))) * ((0.26 + (0.0903 * (-2.7136530652251984 + (0.8943526615139876 * x_0)))) * (2.11 + (4.66 * inv((0.08800000000000001 + (0.0366 * (-2.402628220576974 + (0.8031476298129983 * x_2)))))))))
feynman_III_8_54,ok,3,BFGS,1.4907049202816935e-06,0.3505236155044373,94,14.162117958068848,,0.01,(0.4817124293746994 + (-2.9407754457014073e-06 * sin(((-0.015056080078915214 + (0.030482567716961225 * (-5.0517738838657475 + (3.3789723250614414 * x_1)))) - ((((((-0.5990852363725281 + (-0.41071387105600055 * (-2.957250588126034 + (1.1919718312766996 * x_2)))) - (-0.0003847636275300546 + (54.694027836847056 * (-5.0517738838657475 + (3.3789723250614414 * x_1))))) - (-28.197914763627573 + (-0.0035321631529184818 * (-5.0517738838657475 + (3.3789723250614414 * x_1))))) * (0.6392497012495038 + (0.030997503695241985 * abs((-7.283919547801545 + (5.519388632086173 * abs((0.07384117906555072 + (72.70087333200854 * inv((39.79833521675033 + (0.006400107050281022 * (-5.232329981974955 + (3.4582056648935673 * x_0)))))))))))))) * (-1.2018376964483257 + (4.82517216307724 * (-5.232329981974955 + (3.4582056648935673 * x_0))))) * (65.99428164146389 + (0.0026524398614010177 * inv((0.006285682536890602 + (-64.80000257898888 * (-2.957250588126034 + (1.1919718312766996 * x_2))))))))))))
feynman_III_9_52,ok,6,NoRef,0.7814261139331256,6.930303050051116,108,16.996803998947144,,0.01,(0.00569 + (0.309 * (((-5.32 + (-0.34600000000000003 * (-2.734929250040047 + (0.899503571822635 * x_5)))) - ((0.024700000000000003 + (0.00609 * (-3.466680730085183 + (1.7080804821447886 * x_2)))) * (((63.9 * (-3.302270063999335 + (1.711027822918682 * x_0))) - (6.32 + (-57.800000000000004 * (-3.282722642559414 + (1.6493480484584218 * x_1))))) + (((-1.5 + (-3.3150879840966465 + (1.6834333936891284 * x_3))) + (0.044800000000000006 + (-0.40700000000000003 * (-3.466680730085183 + (1.7080804821447886 * x_2))))) * (-0.171 + (-86.3 * cos(((((0.5710000000000001 * (-2.734929250040047 + (0.899503571822635 * x_5))) * (1.77 + (9e-05 * (-3.282722642559414 + (1.6493480484584218 * x_1))))) + (0.00938 + (-1.32 * (-2.575743190255727 + (0.8722576541805873 * x_4))))) - (0.0038399999999999997 + (-0.008629999999999999 * exp((0.053200000000000004 + (0.687 * (-3.466680730085183 + (1.7080804821447886 * x_2))))))))))))))))**2))
feynman_II_10_9,ok,3,NoRef,0.9986837128159097,0.007892087472682958,34,13.743246793746948,,0.01,((0.02 + (0.008199999999999999 * (-2.4407479823350755 + (0.8808833990454653 * x_0)))) * (-1.0 + (9.0 * inv(((0.02 + (0.0075 * (-2.595419809290695 + (0.8588576606135521 * x_1)))) * (35.5 + (9.3 * (-2.6474767240232993 + (0.8825746761428329 * x_2)))))))))
feynman_II_11_20,ok,5,NoRef,0.9759811273617974,1.1439753179046588,73,14.94779372215271,,0.01,(((0.0036999999999999997 + inv(((0.00039999999999999996 + (-0.31 * (-2.457523520153069 + (0.8701539172876223 * x_4)))) + (-0.761 + (-0.00953 * arctan((43.800000000000004 + (-80.10000000000001 * (-2.594902082535144 + (0.8534005543784765 * x_1)))))))))) * (((0.329 + ((2.46 + (-2.594902082535144 + (0.8534005543784765 * x_1))))**2) * (-0.008329999999999999 + (-0.00313 * (-2.4569814526637677 + (0.8240340107265285 * x_0))))) * (-5.14 + (-2.0 * (-2.539565017471692 + (0.8482516330389377 * x_2)))))) * (0.00179 + (-0.863 * inv((0.09400000000000001 + (0.0373 * (-2.6316919296321113 + (0.8710897992152611 * x_3))))))))
feynman_II_11_27,ok,4,NoRef,0.9941858354374723,0.04421789407330177,82,15.509175300598145,,0.01,((((-48.0 + (0.61 * (-1.7252785901711232 + (3.536305764059484 * x_1)))) - ((0.368 + (7.98 * abs((0.8 + (0.811 * (-1.7252785901711232 + (3.536305764059484 * x_1))))))) - (0.00025 + (-0.0782 * (-5.0422201628750365 + (3.42921855514138 * x_3)))))) - (5.2700000000000005 + (0.669 * (-1.648775206320855 + (3.466849046719344 * x_0))))) * ((((4.79 + (-5.046769784936528 + (3.418189540060406 * x_2))) * (-0.08670000000000001 + (-0.052300000000000006 * (-1.648775206320855 + (3.466849046719344 * x_0))))) * (0.039900000000000005 + (0.008 * (-5.0422201628750365 + (3.42921855514138 * x_3))))) * (0.5670000000000001 + (0.328 * (-1.7252785901711232 + (3.536305764059484 * x_1))))))
feynman_II_11_28,ok,2,NoRef,0.9903345568143931,0.03016307244307666,59,25.257887601852417,,0.01,(-0.0345 + (1.1 * exp(((0.0713 + (0.044300000000000006 * (-1.8075189031076848 + (3.462610195906584 * x_1)))) * ((0.0006 + (1.93 * (-1.6870985985358635 + (3.439169193273224 * x_0)))) + (2.54 + (0.22 * cos((-0.48200000000000004 + (-32.3 * (((-0.0693 + (39.2 * (-1.8075189031076848 + (3.462610195906584 * x_1)))) - (3.86 + (6.13 * ((-0.0737 + (-0.54 * (-1.8075189031076848 + (3.462610195906584 * x_1)))))**2))))**2))))))))))
feynman_II_11_3,ok,5,NoRef,0.9853687265745116,0.015400149904681696,52,17.064118146896362,,0.01,(((3.6 + (-3.4858296098647474 + (1.725550340478727 * x_0))) * (0.02 + (0.0055 * (-3.639820054101914 + (1.8353488983603912 * x_1))))) * (0.001 + (0.9 * inv(((0.2 + (0.065 * (-6.973914079319447 + (1.7326948094237948 * x_3)))) * ((2.2 + (0.64 * (-3.4159175484317243 + (1.6763635427586012 * x_2)))) + (0.01 + (-0.13 * (-5.529314466884249 + (3.5626460506029085 * x_4))))))))))
feynman_II_13_17,ok,4,NoRef,0.9756956398768515,0.004000013408186019,60,16.67555260658264,,0.01,((0.009559999999999999 + (0.0035399999999999997 * (-2.652627881283846 + (0.864138855771416 * x_2)))) * (-0.009349999999999999 + (-3.87 * inv((((-0.015300000000000001 + ((2.97 + (-2.753414723144747 + (0.8791399948500996 * x_1))))**2) * ((0.0017 + (-4.89 * (-2.4024694168052316 + (0.8219116109543148 * x_3)))) + (-11.200000000000001 + (0.027800000000000002 * ((-0.183 + (-1.28 * (-2.4024694168052316 + (0.8219116109543148 * x_3)))))**2)))) * (0.06530000000000001 + (0.023600000000000003 * (-2.7051143752950964 + (0.8640897171000568 * x_0)))))))))
feynman_II_13_23,ok,3,NoRef,0.9943546740020592,0.08902833724065709,49,15.683868885040283,,0.01,((0.3 + (0.113 * (-2.6798415562573763 + (0.9000715575381649 * x_0)))) * (9.9 + (0.3 * exp(((0.3 + (0.4 * (-5.26677435569427 + (3.4475216888865052 * x_1)))) + ((-0.1 + (-0.9 * (-3.3391022807239796 + (0.5111737659041323 * x_2)))) + (-0.3 + (0.5 * sin((0.9 + (-8.6 * (-5.26677435569427 + (3.4475216888865052 * x_1)))))))))))))
feynman_II_13_34,ok,3,NoRef,0.9953304714494996,0.13906419328682382,47,15.784194231033325,,0.01,((((-0.158 + ((-0.151 + (0.14200000000000002 * (-2.9141559673417166 + (0.46292076127847 * x_2)))))**3) - (0.304 + (0.00566 * cos((1.55 + (-45.5 * (-2.635228193647432 + (0.8916572161096509 * x_0)))))))) * (-36.5 + (-8.27 * (-4.940481638693344 + (3.3437624554237626 * x_1))))) * (0.27 + (0.09920000000000001 * (-2.635228193647432 + (0.8916572161096509 * x_0)))))
feynman_II_15_4,ok,3,NoRef,0.9988689769015218,0.1772770612824941,32,14.7045578956604,,0.01,(((2.7 + (-2.6459797016564632 + (0.8727188941478409 * x_1))) * (0.2 + (0.08 * (-2.555131165694161 + (0.8589482126346254 * x_0))))) * (0.1 + (16.3 * cos((0.14 + (-1.2 * (-2.5228635593411757 + (0.8363867496115811 * x_2))))))))
feynman_II_15_5,ok,3,NoRef,0.9923159989473039,0.44950566469393155,40,13.35640811920166,,0.01,((((-0.194 + cos((0.0048 + (-2.7404864706467325 + (0.873550869340621 * x_2))))) * (-3.85 + (0.0025 * (-2.7404864706467325 + (0.873550869340621 * x_2))))) * (-0.17800000000000002 + (-0.06480000000000001 * (-2.623128343020264 + (0.8714830687709064 * x_0))))) * (17.0 + (6.84 * (-2.516678448150414 + (0.8505212082765151 * x_1)))))
feynman_II_21_32,ok,5,NoRef,0.9545608585689176,0.00903002229250476,67,16.70382857322693,,0.01,(((-0.00203 + inv(((-0.9750000000000001 + (-0.389 * (-2.6284161408483433 + (0.8564019147978089 * x_1)))) * ((0.128 + (-7.12 * sqrt((0.8170000000000001 + (0.319 * (-3.2988724247793657 + (0.5058211443179642 * x_4))))))) - (-0.00218 + (0.0551 * abs((-72.3 + (9.120000000000001 * (-5.01141599607414 + (3.34417291403035 * x_3))))))))))) * (0.155 + (-7.0 * inv((9.22 + (3.52 * (-2.593522633521764 + (0.8605783448462752 * x_2)))))))) * (-0.5740000000000001 + (-0.226 * (-2.66672674421076 + (0.8799980575686334 * x_0)))))
feynman_II_24_17,ok,3,NoRef,0.9942259848046999,0.06572615817310336,67,14.936232566833496,,0.01,((0.07 + (0.009 * (-8.642683837968443 + (1.736310748726112 * x_0)))) * ((0.1 + (0.8 * sin((9.9 * (-8.642683837968443 + (1.736310748726112 * x_0)))))) + ((0.08 + (0.9 * (-5.185707443394292 + (1.7511117255798525 * x_2)))) + ((0.07 + (0.6 * (-5.185707443394292 + (1.7511117255798525 * x_2)))) + ((0.05 + (0.6 * (-5.098632543293196 + (3.429833828411375 * x_1)))) + (-9.0 + (5.0 * inv((0.09300000000000001 + (0.018000000000000002 * (-5.098632543293196 + (3.429833828411375 * x_1))))))))))))
feynman_II_27_16,ok,3,NoRef,0.9995762851550072,1.8336300826237715,54,14.848054885864258,,0.01,((0.2 + (0.07 * (-2.9070459506860526 + (0.9221130424024399 * x_1)))) * ((0.2 + (0.07600000000000001 * (-2.596743687374026 + (0.8682775866518997 * x_0)))) * (0.9 + (0.9 * (((47.5 + (18.400000000000002 * (-2.587341142699831 + (0.8786098444979417 * x_2)))) - (-0.1 + (0.3 * arctan((-60.0 + (70.0 * inv((-2.0 + (8.2 * (-2.9070459506860526 + (0.9221130424024399 * x_1))))))))))))**2))))
feynman_II_27_18,ok,2,NoRef,0.9998312817080305,0.2889856322137523,39,16.24398708343506,,0.01,((0.2 + (0.07 * (-2.854039588936294 + (0.9313688748574931 * x_0)))) * (-0.6 + (0.02 * (((84.0 + (30.0 * (-2.778749929216607 + (0.9202757116769661 * x_1)))) - (0.3 + (0.6 * cos((0.01 + (9.9 * (-2.854039588936294 + (0.9313688748574931 * x_0)))))))))**2)))
feynman_II_2_42,ok,5,NoRef,0.9997678866387054,0.12196476313193257,50,16.06500816345215,,0.01,(((0.08320000000000001 + (-2.47728704926582 + (0.8237116622497856 * x_2))) - (-0.0476 + (0.9700000000000001 * (-2.4653835903384924 + (0.8610943117784253 * x_1))))) * (((2.61 + (-2.5324236435326513 + (0.8576874007117519 * x_0))) * (-2.94 + (83.0 * inv((0.532 + (0.20500000000000002 * (-2.56184837158364 + (0.8868667655691996 * x_4)))))))) * (0.00971 + (0.0034 * (-2.8444438062869346 + (0.9035352009803069 * x_3))))))
feynman_II_34_11,ok,4,NoRef,0.9945803658875754,0.3725912067123164,42,13.541046857833862,,0.01,(((2.5 + (-2.546466339622496 + (0.8415241486134336 * x_2))) * (0.2 + (0.083 * (-2.4185743585385087 + (0.8288773353226235 * x_0))))) * ((0.2 + (0.07300000000000001 * (-2.7443676432466564 + (0.9199324290158198 * x_1)))) * (0.2 + (0.4 * inv((0.01 + (0.004 * (-2.624623356535676 + (0.8656711223164797 * x_3)))))))))
feynman_II_34_2,ok,3,NoRef,0.9996203644990609,0.2236160159525968,60,17.869086980819702,,0.01,(((82.2 + cos(((0.05720000000000001 + (77.5 * (-2.602940375995324 + (0.8496500991704193 * x_1)))) + (-0.21000000000000002 + (-0.8130000000000001 * (-2.6504816977325447 + (0.8726425668692686 * x_0))))))) - (0.084 + (-30.7 * (-2.6504816977325447 + (0.8726425668692686 * x_0))))) * (((-0.335 + (-2.602940375995324 + (0.8496500991704193 * x_1))) + (2.96 + (0.00612 * (-2.602940375995324 + (0.8496500991704193 * x_1))))) * (0.066 + (0.024900000000000002 * (-2.593258549923045 + (0.8476444061960484 * x_2))))))
feynman_II_34_29a,ok,3,NoRef,0.9943823675262835,0.015371508192072189,87,13.638811826705933,,0.01,((-4.76 + (-1.69 * (-2.614432269470226 + (0.8616494128817651 * x_1)))) * ((-0.00405 + (67.6 * inv(((0.48000000000000004 + (-0.66 * cos((((((-8.540000000000001 * (-2.5921353812207917 + (0.8811099449187398 * x_2))) - (-8.06 + (0.0005499999999999999 * (-2.6340162306931827 + (0.8915777577347517 * x_0))))) + (0.6940000000000001 + (-0.8350000000000001 * (-2.5921353812207917 + (0.8811099449187398 * x_2))))) * (-0.00793 + (-9.16 * (-2.5921353812207917 + (0.8811099449187398 * x_2))))) - (-0.0654 + (1.06 * (-2.614432269470226 + (0.8616494128817651 * x_1)))))))) + (-30.0 + (-11.1 * (-2.5921353812207917 + (0.8811099449187398 * x_2)))))))) * (0.0222 + (0.00862 * (-2.6340162306931827 + (0.8915777577347517 * x_0))))))
feynman_II_34_29b,ok,5,NoRef,0.9970665302099161,11.676815429114248,52,21.785505771636963,,0.01,(((2.34 + (-2.3522871959349114 + (0.8097388077046674 * x_4))) * ((-0.0577 + (-0.021800000000000003 * (-2.5531194930605294 + (0.8789899049582045 * x_0)))) * (0.0641 + (-73.3 * inv((0.0060999999999999995 + (0.00225 * (-2.580173613126937 + (0.8625475822840215 * x_1))))))))) * ((0.905 + (0.372 * (-2.5155816435325256 + (0.8566223922776196 * x_3)))) * (0.10600000000000001 + (0.040400000000000005 * (-2.6979419603958954 + (0.9090787910735363 * x_2))))))
feynman_II_34_2a,ok,3,NoRef,0.998717282150757,0.017316393247189598,89,13.220166683197021,,0.01,((15.5 + (6.1000000000000005 * (-2.5836604135273715 + (0.8398765027159596 * x_1)))) * ((0.42300000000000004 + (-0.0072299999999999994 * cos(((((33.6 + (0.8530000000000001 * (-2.595184874485386 + (0.8744180518029964 * x_2)))) + (0.0181 + (-0.07650000000000001 * (-2.5836604135273715 + (0.8398765027159596 * x_1))))) - (0.07 + (-0.793 * (-2.5836604135273715 + (0.8398765027159596 * x_1))))) + ((-0.011000000000000001 + (-0.00054 * (-2.595184874485386 + (0.8744180518029964 * x_2)))) + (45.4 + (8.58 * (-2.595184874485386 + (0.8744180518029964 * x_2))))))))) * ((-0.00502 + (-0.0018 * (-2.7480241256459648 + (0.9048374383921544 * x_0)))) * (0.228 + (-0.027700000000000002 * inv((0.0017699999999999999 + (0.0006799999999999999 * (-2.595184874485386 + (0.8744180518029964 * x_2))))))))))
feynman_II_35_18,ok,5,NoRef,0.9480511225248087,0.06982207781803342,74,9.028136014938354,,0.01,(0.0026 + (2.3000000000000003 * (((0.616 + (0.1 * (-3.4918091935735216 + (1.6972309630916704 * x_0)))) * (-0.0049299999999999995 + (-0.657 * arctan((0.22 + (4.05 * exp(((0.00028 + (0.774 * (-3.219763489368215 + (1.6753593121119754 * x_1)))) + ((-0.08600000000000001 + (-0.64 * (-3.273392609849695 + (1.652817435825319 * x_3)))) - ((-0.0086 + (0.49500000000000005 * (-3.7134592839832528 + (1.8246293748275135 * x_4)))) - ((-0.00407 + (0.681 * (-3.579403689568145 + (1.7747930310678999 * x_2)))) + (0.00947 + (0.0427 * (-3.4918091935735216 + (1.6972309630916704 * x_0))))))))))))))))**2))
feynman_II_35_21,ok,5,NoRef,0.9636965605729735,0.9309611236827784,59,12.175450563430786,,0.01,((0.2 + (0.07600000000000001 * (-2.6574893155775725 + (0.8639895682372307 * x_0)))) * (2.0 + (0.006999999999999999 * (((90.0 + (20.0 * (-2.585304710315294 + (0.8870094272288953 * x_1)))) + (-9.0 + (-0.002 * (((80.0 + (19.900000000000002 * (-2.7937445951572557 + (0.9077777236188819 * x_4)))) - ((-0.3 + (26.900000000000002 * (-2.7110096708122233 + (0.875131425217154 * x_2)))) + (-0.3 + (-23.3 * (-2.658226127563016 + (0.8861982062595278 * x_3)))))))**2))))**2)))
feynman_II_36_38,ok,8,NoRef,0.584488679376104,0.6207001010954568,138,14.620942831039429,,0.01,(((((0.031400000000000004 + inv((((-3.471793038256991 + (1.7179484625381287 * x_3)) + (-0.00115 + (-0.24700000000000003 * (-3.49247493142665 + (1.7662338946626293 * x_4))))) + (3.21 + (0.543 * (-3.6925070047132977 + (1.818762469791632 * x_6))))))) * ((14.4 + (4.4 * (-3.25539613447203 + (1.6780200106390297 * x_0)))) + (-2.22 + (0.9 * (-3.4549198528908147 + (1.7383908466088813 * x_7)))))) * (-0.012100000000000001 + (0.0014 * (-3.471793038256991 + (1.7179484625381287 * x_3))))) * (-2.37 + (0.08370000000000001 * (-3.673547657995394 + (1.8008360979627651 * x_5))))) * ((((0.00224 + (2.2 * (-3.512647543149536 + (1.747231500909104 * x_1)))) - (-8.0 + (0.00282 * inv((0.0062 + (-0.81 * (-3.644144276541765 + (1.820082555589773 * x_2)))))))) - (-0.0459 + (0.7000000000000001 * (-3.49247493142665 + (1.7662338946626293 * x_4))))) - (-0.0097 + (-0.0694 * (((6.18 + (-0.00022999999999999998 * (-3.49247493142665 + (1.7662338946626293 * x_4)))) + ((-0.0057599999999999995 + (-0.00332 * (-3.673547657995394 + (1.8008360979627651 * x_5)))) + (0.00015 + (-4.16 * (-3.644144276541765 + (1.820082555589773 * x_2)))))))**2))))
feynman_II_37_1,ok,3,NoRef,0.9996565342952606,0.43442032730579744,42,15.728307962417603,,0.01,(((2.5 + (-2.4748604028134427 + (0.8522855070971659 * x_0))) * (0.2 + (0.07600000000000001 * (-2.624301235128215 + (0.8456908079177562 * x_1))))) * ((72.7 + (21.0 * (-2.5838719309788227 + (0.8503387114696592 * x_2)))) - (0.1 + (0.9 * cos((0.02 + (-9.9 * (-2.4748604028134427 + (0.8522855070971659 * x_0)))))))))
feynman_II_38_14,ok,2,NoRef,0.9983720512574681,0.009168522843786107,39,13.800550699234009,,0.01,((-0.189 + (-0.0746 * (-2.5507774690309435 + (0.8335657750653932 * x_0)))) * ((-0.0223 + (-0.046400000000000004 * sin((1.2 + (-8.65 * (-2.680159988684729 + (0.8643223760263921 * x_1))))))) - (-0.0707 + (9.36 * inv((4.6000000000000005 + (1.3 * (-2.680159988684729 + (0.8643223760263921 * x_1)))))))))
feynman_II_38_3,ok,4,NoRef,0.9981385143180219,0.38207215123854893,42,14.050262689590454,,0.01,(((2.48 + (-2.495679074949545 + (0.8362537246328503 * x_0))) * (0.0095 + (9.9 * inv((0.9790000000000001 + (0.371 * (-2.697549234125539 + (0.8870470474820004 * x_2)))))))) * ((0.00433 + (0.00162 * (-2.5857619137828576 + (0.8827117374437846 * x_1)))) * (79.4 + (30.2 * (-2.616783341122097 + (0.8781832314186395 * x_3))))))
feynman_II_3_24,ok,2,NoRef,0.9969331064480749,0.003223602046264068,49,13.221185207366943,,0.01,((0.02 + (0.008 * (-2.5176695361224137 + (0.8572007920001259 * x_0)))) * (-0.2 + (1.5 * inv(((0.01 + (0.005 * (-2.4932298491024527 + (0.8505516213027529 * x_1)))) * ((99.0 + (20.0 * (-2.4932298491024527 + (0.8505516213027529 * x_1)))) + (-0.01 + (-1.5 * cos((0.01 + (-99.0 * (-2.5176695361224137 + (0.8572007920001259 * x_0)))))))))))))
feynman_II_4_23,ok,3,NoRef,0.9925839464043764,0.002967001373898115,34,13.524190425872803,,0.01,((0.02 + (0.0072 * (-2.726174070301242 + (0.8855813319350537 * x_0)))) * (-0.2 + (0.9 * inv(((0.2 + (0.07 * (-2.833389203949172 + (0.92120344499104 * x_2)))) * (2.9 + (1.04 * (-2.6450480349990975 + (0.875105235568507 * x_1)))))))))
feynman_II_6_11,ok,4,NoRef,0.9829984632664598,0.002545931871227714,52,14.341115474700928,,0.01,(((0.7000000000000001 + (-3.423012712168896 + (1.7317141236151294 * x_2))) * (0.001 + (0.0003 * (-3.412369198286662 + (1.7449053370848846 * x_1))))) * (2.0 + (-9.0 * inv(((0.02 + (0.008 * (-3.466501049439632 + (1.7135096701193169 * x_3)))) * ((34.0 + (9.0 * (-3.473970884806541 + (1.7576736275678213 * x_0)))) + (3.0 + (2.0 * (-3.423012712168896 + (1.7317141236151294 * x_2))))))))))
feynman_II_6_15a,ok,6,NoRef,0.984299521642887,0.04543534261821404,79,17.275289297103882,,0.01,((0.030000000000000002 + (0.009 * (-3.4212794043995127 + (1.7310890036930104 * x_1)))) * ((0.030000000000000002 + (0.009 * (-3.478817506470138 + (1.722491710743543 * x_5)))) * (2.0 + (0.9 * exp(((3.0 + (0.16 * (-3.6153250605869824 + (1.7887668278887368 * x_4)))) + ((0.01 + (0.16 * (-3.587281008481665 + (1.8104534573853899 * x_3)))) + ((0.2 + (-0.6 * (-3.3402239085436296 + (1.6902763339957814 * x_0)))) + (-1.0 + (0.9 * (((-1.4000000000000001 + (0.6 * (-3.5442362624045955 + (1.7290625791858034 * x_2)))) + (0.1 + (-0.09000000000000001 * (-3.3402239085436296 + (1.6902763339957814 * x_0))))))**2))))))))))
feynman_II_6_15b,ok,4,NoRef,0.9833865780939467,0.003970665621345822,50,24.584060192108154,,0.01,(((-0.004 + cos((-0.73 + (-3.574168123804971 + (1.7856360285208566 * x_2))))) * (0.001 + (0.0003 * (-3.4219568305138166 + (1.7204774630147597 * x_1))))) * (-0.1 + (-0.9 * ((0.001 + (-0.9 * inv(((0.24000000000000002 + (0.08600000000000001 * (-3.6124386164696762 + (1.7575565979989267 * x_3)))) * (0.9 + (0.13 * (-3.5132747487246787 + (1.7460712803704583 * x_0)))))))))**2)))
feynman_II_8_31,ok,2,BFGS,0.9995365246503437,0.27702731615527676,44,13.888755798339844,,0.01,((0.0787 + (0.0287 * (-2.752389043981485 + (0.9048032319317431 * x_0)))) * (0.00402 + (0.0746 * (((-50.0 + (-19.400000000000002 * (-2.653907254924258 + (0.8509274823888617 * x_1)))) - (0.00686 + (0.47900000000000004 * sin((0.5640000000000001 + (-0.8200646283963509 * exp((0.13334368183535947 + (30.801626873942336 * (-2.653907254924258 + (0.8509274823888617 * x_1))))))))))))**2)))
feynman_II_8_7,ok,3,NoRef,0.9981598165842038,0.00396132200165135,44,14.073869466781616,,0.01,((0.001 + (0.00039999999999999996 * (-2.817692762706578 + (0.922060438168705 * x_0)))) * ((0.2 + (0.07 * (-2.817692762706578 + (0.922060438168705 * x_0)))) * (0.01 + (9.0 * inv(((0.006 + (0.0023 * (-2.6690271729427253 + (0.8807282537045857 * x_1)))) * (6.2 + (2.3000000000000003 * (-2.669435878248962 + (0.9227695518217146 * x_2))))))))))
feynman_I_10_7,ok,3,NoRef,0.9979483106330519,0.05359158769262393,47,14.327234268188477,,0.01,((0.3 + (0.117 * (-2.588106740665522 + (0.887566173182724 * x_0)))) * (9.700000000000001 + (0.3 * exp((((-0.8 * (-3.468260823868103 + (0.5144108989083627 * x_2))) + (-0.1 + (0.4 * (-5.100574389259935 + (3.343197439644897 * x_1))))) + (-0.1 + (-0.5 * sin((0.01 + (-15.0 * (-5.100574389259935 + (3.343197439644897 * x_1))))))))))))
feynman_I_11_19,ok,6,NoRef,0.9780307395026329,1.3656058881418538,102,14.084863901138306,,0.01,(((((-0.00483 * (-2.4909796979027035 + (0.8495365704084542 * x_1))) + ((-0.8320000000000001 + (0.0073999999999999995 * (-2.676096923467062 + (0.9079286415109341 * x_2)))) * ((9.32 + (6.22 * (-2.676096923467062 + (0.9079286415109341 * x_2)))) * (-0.7050000000000001 + (-0.431 * (-2.695030893403317 + (0.8307952953518407 * x_5))))))) + (((-6.51 + (-3.11 * (-2.7479829985177977 + (0.8948864386578299 * x_3)))) * (-1.25 + (-0.5760000000000001 * (-2.4827020613216004 + (0.8474431728639252 * x_0))))) - (-0.00471 + (-8.69 * exp((-80.4 + (8.38 * (-2.4827020613216004 + (0.8474431728639252 * x_0))))))))) - (0.00029 + (-0.00018999999999999998 * (-2.4909796979027035 + (0.8495365704084542 * x_1))))) + ((0.34900000000000003 + (0.0927 * (-2.6471928306298094 + (0.885966881026239 * x_4)))) * (40.7 + (9.93 * (-2.4909796979027035 + (0.8495365704084542 * x_1))))))
feynman_I_12_1,ok,2,NoRef,0.9994986223496877,0.11269205075087867,60,20.428403854370117,,0.01,(((2.58 + (-2.566602023658053 + (0.8997949016063425 * x_0))) * (68.3 + (23.6 * (-2.878930580317207 + (0.928002407756839 * x_1))))) * (0.0502 + (0.00073 * cos(((((-0.07650000000000001 * (-2.566602023658053 + (0.8997949016063425 * x_0))) + (-2.49 + (-0.00276 * (-2.878930580317207 + (0.928002407756839 * x_1))))) + (-0.025800000000000003 + (-0.42000000000000004 * (-2.878930580317207 + (0.928002407756839 * x_1))))) + (-5.74 + (12.9 * (-2.566602023658053 + (0.8997949016063425 * x_0)))))))))
feynman_I_12_11,ok,5,NoRef,0.9950095242185967,1.8033732546858268,80,11.686787843704224,,0.01,((74.10000000000001 + (25.3 * (-2.7336069787470243 + (0.8973963259979115 * x_0)))) * ((0.115 + (0.045000000000000005 * (-2.6846738802725283 + (0.8727114307740083 * x_1)))) - (((2.73 + (-2.6603944928985346 + (0.9006524322203873 * x_2))) * (-1.8 + (-0.739 * (-2.577161210079287 + (0.8594599513383012 * x_3))))) * (0.0003 + (0.07940000000000001 * sin((((0.625 * (-2.5860302835261004 + (0.8650529647164638 * x_4))) * (0.9490000000000001 + (-0.006209999999999999 * (-2.5860302835261004 + (0.8650529647164638 * x_4))))) + ((3.0100000000000002 + (-0.007379999999999999 * (-2.7336069787470243 + (0.8973963259979115 * x_0)))) - (-0.0029 + (-0.46 * (-2.5860302835261004 + (0.8650529647164638 * x_4))))))))))))
feynman_I_12_2,ok,4,NoRef,0.9955102449929352,0.00790188122420917,47,11.646947383880615,,0.01,(((2.6 + (-2.617184116087947 + (0.8521397663891764 * x_1))) * (0.02 + (0.006999999999999999 * (-2.8539742313544565 + (0.9239149687966296 * x_0))))) * (0.01 + (0.5 * ((0.01 + (-0.9 * inv(((0.2 + (0.08 * (-2.5317902960514966 + (0.853150896025948 * x_3)))) * (4.4 + (0.9700000000000001 * (-2.556480029432039 + (0.8349043469624741 * x_2)))))))))**2)))
feynman_I_12_4,ok,3,NoRef,0.9929409136475238,0.002061858379883751,52,11.225986242294312,,0.01,(((2.21 + (-2.610281525456201 + (0.8563534632402007 * x_0))) + (0.252 + (0.033 * sin((0.762 + (0.0095 * (-2.506670832800553 + (0.8357722543545856 * x_1)))))))) * (0.00027 + (-0.07790000000000001 * inv((0.0049299999999999995 + (-0.0665 * (((1.99 + (0.798 * (-2.6386330449565643 + (0.8571845166463317 * x_2)))) * (-9.94 + (-2.2800000000000002 * (-2.506670832800553 + (0.8357722543545856 * x_1))))))**2))))))
feynman_I_12_5,ok,2,BFGS,0.9995613149022704,0.10211671489007913,47,13.642280101776123,,0.01,(((2.63 + (-2.643473215745853 + (0.8815481695584527 * x_0))) * (6.23 + (2.23 * (-2.7429584544718253 + (0.9245535089554948 * x_1))))) * (0.544 + (-0.00649 * cos(((-25.1 + (-58.99936779967157 * exp((0.030300180622681132 + (-53.034666291381555 * (-2.643473215745853 + (0.8815481695584527 * x_0))))))) - (-0.039700000000000006 + (-67.7 * (-2.643473215745853 + (0.8815481695584527 * x_0)))))))))
feynman_I_13_12,ok,5,NoRef,0.9494836665622634,2.1835986696343737,83,15.289461374282837,,0.01,(((-2.75 + (-2.7093703865142946 + (0.8748960358981902 * x_2))) * ((0.8 + (0.302 * (-2.6701260084176734 + (0.8768008800903796 * x_1)))) * (0.00596 + (0.00261 * (-2.384599847508499 + (0.8257596665344117 * x_4)))))) * (((-0.00326 + inv((2.48 + (-2.5612832345666563 + (0.8379805705041466 * x_3))))) * (0.0449 + (-27.400000000000002 * tan((0.0631 + (0.02 * (-2.668801708030412 + (0.8819198439156285 * x_0)))))))) * ((-97.7 + (-7.74 * (-2.5612832345666563 + (0.8379805705041466 * x_3)))) * ((-0.158 + (-3.95 * (-2.7093703865142946 + (0.8748960358981902 * x_2)))) - (0.024200000000000003 + (-3.9 * (-2.5612832345666563 + (0.8379805705041466 * x_3))))))))
feynman_I_13_4,ok,4,NoRef,0.9970523131052823,1.3875524726054802,79,15.708571195602417,,0.01,((0.2 + (0.07200000000000001 * (-2.7370812263130415 + (0.902756266590703 * x_0)))) * ((90.0 + (80.0 * exp((0.3 + (0.43 * (-2.6220737557332443 + (0.8728146501207767 * x_1))))))) - ((0.060000000000000005 + (-40.0 * (-2.5379950056480767 + (0.8946994347622791 * x_3)))) + ((0.01 + (-5.0 * (-2.5379950056480767 + (0.8946994347622791 * x_3)))) + ((0.8 + (0.18000000000000002 * (-2.548140169947589 + (0.8525284766606351 * x_2)))) * ((-0.1 + (-60.0 * (-2.548140169947589 + (0.8525284766606351 * x_2)))) + (-0.1 + (-0.6 * ((0.1 + (-4.6000000000000005 * (-2.5379950056480767 + (0.8946994347622791 * x_3)))))**2))))))))
feynman_I_14_3,ok,3,NoRef,0.9994407869011338,0.4351501329886614,42,13.820007085800171,,0.01,(((2.5 + (-2.428453058567591 + (0.8889549158624802 * x_0))) * (0.2 + (0.07500000000000001 * (-2.722875886256813 + (0.8863816221636266 * x_2))))) * ((51.0 + (19.0 * (-2.6760694322662943 + (0.8805989180487918 * x_1)))) + (-0.01 + (-0.6 * cos((0.01 + (24.1 * (-2.722875886256813 + (0.8863816221636266 * x_2)))))))))
feynman_I_14_4,ok,2,NoRef,0.9995799782442871,0.27143217745535175,44,11.736518144607544,,0.01,((0.02 + (0.0075 * (-2.626437502441532 + (0.8816095514609437 * x_0)))) * (-0.01 + (0.09000000000000001 * (((88.0 + (33.0 * (-2.630906588185309 + (0.8633123577016952 * x_1)))) - (0.3 + (0.7000000000000001 * cos((0.3 + (9.0 * inv((0.01 + (0.9 * (-2.626437502441532 + (0.8816095514609437 * x_0))))))))))))**2)))
feynman_I_15_10,ok,3,NoRef,0.9942967264366894,0.1523321248004654,80,17.00482201576233,,0.01,((0.00714 + (0.0026899999999999997 * (-2.644856021421248 + (0.8646173589431646 * x_0)))) * (((0.0031999999999999997 * ((34.4 + (-57.300000000000004 * (-2.999068701425839 + (0.46665137782532334 * x_2)))))**2) - (-0.047400000000000005 + (-2.62 * (-2.644856021421248 + (0.8646173589431646 * x_0))))) + ((-2.8000000000000003 + (-0.515 * (-5.457180456861609 + (3.6446002602554834 * x_1)))) * (-65.6 + (-20.6 * sqrt(((78.3 + (60.0 * inv((3.6 + (-2.999068701425839 + (0.46665137782532334 * x_2)))))) * (0.7110000000000001 + (0.0432 * cos((-1.5 + (-0.42400000000000004 * sin((-6.8100000000000005 + (92.3 * (-5.457180456861609 + (3.6446002602554834 * x_1)))))))))))))))))
feynman_I_15_3t,ok,4,NoRef,0.9967662230291243,0.06855947203697073,72,8.667233228683472,,0.01,((2.8000000000000003 + (1.2 * (-2.419137422785296 + (0.862311797425404 * x_3)))) - ((0.006999999999999999 + (-0.005 * (-3.34115030979141 + (0.5107587437264599 * x_1)))) * ((6.0 + (6.0 * (-2.717105569629776 + (0.8849901747612658 * x_0)))) + (((0.1 + (-5.192961335421972 + (3.487532856832522 * x_2))) + (0.1 + (-0.9 * (-3.34115030979141 + (0.5107587437264599 * x_1))))) * ((-3.0 + (-5.0 * (-2.419137422785296 + (0.862311797425404 * x_3)))) + (0.1 + (4.9 * cos((0.9 + (-9.9 * (-2.717105569629776 + (0.8849901747612658 * x_0))))))))))))
feynman_I_15_3x,ok,4,NoRef,0.986134176265635,0.1938409648953591,69,22.008487939834595,,0.01,((8.0 + (1.42 * (-5.31046149851653 + (0.7020053706524357 * x_0)))) - ((0.05 + (0.008 * (-5.10499948290293 + (3.3738543444755535 * x_1)))) * ((55.0 + (8.4 * (-5.406940417278592 + (3.651746841581515 * x_3)))) - (0.01 + (0.9 * abs(((0.060000000000000005 + (-0.05 * (-2.178268316616358 + (0.18522376390576137 * x_2)))) * ((-0.01 + (80.0 * (-2.178268316616358 + (0.18522376390576137 * x_2)))) + (60.0 + (-30.0 * cos((0.9 + (9.4 * (-5.31046149851653 + (0.7020053706524357 * x_0)))))))))))))))
feynman_I_16_6,ok,3,NoRef,0.8774707530855872,0.420816835441927,77,17.232781887054443,,0.01,(((1.18 * (-2.338683200901609 + (0.839476836958178 * x_0))) + (0.00332 + (10.3 * inv((7.46 + (-0.008289999999999999 * sqrt((49.4 + (-0.406 * (-2.338683200901609 + (0.839476836958178 * x_0))))))))))) + (-0.0367 + (0.00035999999999999997 * ((68.0 + (-9.47 * abs(((-0.08900000000000001 + (-0.05740000000000001 * (-2.550087265129937 + (0.8894335703382671 * x_1)))) * ((0.64 + (-9.63 * (-2.338683200901609 + (0.839476836958178 * x_0)))) + ((0.07390000000000001 + (0.8410000000000001 * (-2.7471278243839246 + (0.9079909650983548 * x_2)))) * (0.05 + (6.38 * (-2.550087265129937 + (0.8894335703382671 * x_1)))))))))))**2)))
feynman_I_18_12,ok,3,NoRef,0.9962743359222159,0.4240006113402748,32,18.140506505966187,,0.01,(((2.5 + (-2.548286892362978 + (0.86026417115375 * x_1))) * (0.1 + (0.042 * (-2.421696017227875 + (0.8519542273871007 * x_0))))) * (0.1 + (34.300000000000004 * sin((0.62 + (-1.4000000000000001 * (-1.725396682298155 + (0.6944642421502414 * x_2))))))))
feynman_I_18_14,ok,4,NoRef,0.9972230338775564,1.344534385174383,65,15.09211254119873,,0.01,((0.111 + (23.1 * sin((-0.0451 + (-2.7962163559154027 + (0.9041044335611569 * x_3)))))) * ((((-0.09090000000000001 + cos((-0.0575 + (0.0273 * (-2.6000499735222258 + (0.8575648261012243 * x_0)))))) - (72.5 + (28.0 * (-2.613124523709804 + (0.8658355855259678 * x_2))))) * (-0.021500000000000002 + (-0.007699999999999999 * (-2.6000499735222258 + (0.8575648261012243 * x_0))))) * ((-1.37 + (-0.007379999999999999 * (-2.6321438473229772 + (0.8768714116868315 * x_1)))) + (0.556 + (-0.3 * (-2.6321438473229772 + (0.8768714116868315 * x_1)))))))
feynman_I_18_4,ok,4,NoRef,0.9583032391620958,0.18113054993349276,47,6.0316853523254395,,0.01,((3.1 + (0.6 * (-2.604761631720367 + (0.8569951062057086 * x_2)))) - (((0.001 + (-2.8149539998910376 + (0.9007791820199235 * x_3))) + ((0.001 + (-0.5 * (-2.604761631720367 + (0.8569951062057086 * x_2)))) * (0.2 + (0.5 * (-2.6157150245109952 + (0.8800441601899178 * x_1)))))) * (-0.6 + (0.16 * (-2.664498595282067 + (0.8920120394009231 * x_0))))))
feynman_I_24_6,ok,4,NoRef,0.9957987765240226,0.9556470758882758,62,15.93236494064331,,0.01,((0.030000000000000002 + (0.0087 * (-3.4568449343419667 + (1.721945283087779 * x_0)))) * (-0.01 + (0.09000000000000001 * ((((3.6 + (-3.567613329038069 + (1.7349021460027578 * x_3))) + (-0.1 + (0.01 * (-3.6425304974630017 + (1.7917824686289467 * x_2))))) * ((24.0 + (3.0 * (-3.6425304974630017 + (1.7917824686289467 * x_2)))) - ((-0.04 + (0.011000000000000001 * (-3.6425304974630017 + (1.7917824686289467 * x_2)))) * (-20.0 + (80.8 * (-3.528758604253555 + (1.7555246602223264 * x_1))))))))**2)))
feynman_I_25_13,ok,2,NoRef,0.998287097607741,0.03423214546219383,39,15.549179077148438,,0.01,((0.02 + (0.007699999999999999 * (-2.5512487222767346 + (0.8665706977286725 * x_0)))) * (-0.1 + (4.8 * inv(((0.097 + (0.041 * (-2.400742498290202 + (0.8003923054356457 * x_1)))) + (0.001 + (-0.0015 * sin((0.3 + (-90.0 * (-2.400742498290202 + (0.8003923054356457 * x_1))))))))))))
feynman_I_26_2,ok,2,NoRef,0.958971571103205,0.09783455795329293,71,15.728888273239136,,0.01,(((0.0009299999999999999 + sin((((-2.401625007900688 + (0.840568848454874 * x_1)) + (((-9.999999999999999e-05 + exp((-0.0737 + (-0.09770000000000001 * (-2.401625007900688 + (0.840568848454874 * x_1)))))) - (-0.777 + (0.00341 * (-1.564164953504747 + (3.41799237175793 * x_0))))) * (-0.08410000000000001 + (0.0053 * (-2.401625007900688 + (0.840568848454874 * x_1)))))) * (0.758 + (0.06380000000000001 * (-1.564164953504747 + (3.41799237175793 * x_0))))))) + (-0.0451 + (0.050800000000000005 * (-2.401625007900688 + (0.840568848454874 * x_1))))) * (-0.624 + (-0.4 * (-1.564164953504747 + (3.41799237175793 * x_0)))))
feynman_I_27_6,ok,3,NoRef,0.9482569551551595,0.09100194371787582,87,17.236730575561523,,0.01,((((0.7030000000000001 + (-0.00534 * (-2.3985862823410833 + (0.8064518581298143 * x_1)))) + (-0.436 + (93.2 * inv(((0.749 + (0.793 * (-2.7198734845172403 + (0.8655823842985322 * x_2)))) - (-2.14 + (-0.00041 * abs((32.8 + (0.382 * ((-0.00327 + (0.008369999999999999 * (-2.3985862823410833 + (0.8064518581298143 * x_1)))))**2)))))))))) - (-0.08420000000000001 + (7.390000000000001 * (-2.5212812957632926 + (0.8269424556449783 * x_0))))) * (((2.58 + (-2.3985862823410833 + (0.8064518581298143 * x_1))) * (-0.678 + (0.030500000000000003 * arctan((-0.884 + (8.52 * (-2.3985862823410833 + (0.8064518581298143 * x_1)))))))) * (-0.0117 + (-0.00356 * (-2.5212812957632926 + (0.8269424556449783 * x_0))))))
feynman_I_29_16,ok,4,NoRef,0.7490117972431531,1.0055277247949839,80,16.69928240776062,,0.01,(0.00137 + (0.234 * sqrt((0.299 + (0.015600000000000001 * abs(((-0.0036 + (7.09 * ((5.21 + (-2.719956086378315 + (0.8786412216232687 * x_0))))**2)) * (((0.00612 + (-9.77 * (-2.6705100830629784 + (0.8888164274402005 * x_1)))) * (0.0274 + (-2.3000000000000003 * (-2.719956086378315 + (0.8786412216232687 * x_0))))) - (((-0.044500000000000005 + (-2.585674534025608 + (0.8767406575303234 * x_3))) - ((-0.006209999999999999 + (41.2 * (-2.585674534025608 + (0.8767406575303234 * x_3)))) - (0.37 + (38.7 * (-2.4962836392515335 + (0.8671704050930179 * x_2)))))) * (-2.04 + (-0.637 * (-2.6705100830629784 + (0.8888164274402005 * x_1)))))))))))))
feynman_I_29_4,ok,2,NoRef,0.9991372700247803,0.03792522250798888,85,20.1675124168396,,0.01,((-0.00617 + (-0.00282 * (-2.1650620520807715 + (0.38592391333961634 * x_0)))) * (-0.271 + (8.19 * inv(((0.5800000000000001 + (0.29000000000000004 * (-1.9951431992266675 + (0.3861777173669346 * x_1)))) * (-0.081 + (0.0015999999999999999 * arctan((((-3.24 * (-1.9951431992266675 + (0.3861777173669346 * x_1))) - (0.8480000000000001 + (4.97 * (-2.1650620520807715 + (0.38592391333961634 * x_0))))) + (0.47200000000000003 + (0.739 * ((((-5.2 * (-1.9951431992266675 + (0.3861777173669346 * x_1))) - (-0.0371 + (0.00894 * inv((0.0060999999999999995 + (0.343 * (-1.9951431992266675 + (0.3861777173669346 * x_1)))))))) + (0.0713 + (-0.08310000000000001 * (-1.9951431992266675 + (0.3861777173669346 * x_1))))))**2)))))))))))
feynman_I_30_3,ok,3,BFGS,0.09296335330394678,2.1874917295940097,47,15.22261643409729,,0.01,(0.005830872418500482 + (9.310142041255855 * abs(((4.661026629449056 + (1.798076465394379 * (-2.7051468847223092 + (0.8846863425384316 * x_0)))) * ((-0.04136273586661229 + (-0.0005256723778333216 * ((-3.275088634537214 * (-2.713917252913514 + (0.9120507374530804 * x_1))))**3)) + (0.053337264133387706 + (0.03462978136270793 * cos((0.3319347424080826 + (60.8002821646819 * sin((0.010396748526196221 + (4.9733341843294845 * (-2.461202600763884 + (0.8634250264942191 * x_2)))))))))))))))
feynman_I_30_5,ok,3,NoRef,0.9955929186460797,0.009278295013007807,49,15.434057474136353,,0.01,((0.04 + (0.008 * (-5.1465134878527214 + (3.4065737547807147 * x_0)))) * (-0.2 + (9.0 * inv(((0.25 + (0.1 * (-2.503496805650597 + (0.8524201121194467 * x_2)))) * ((9.0 + (2.1 * (-4.072826686636155 + (1.186008527663161 * x_1)))) + (0.001 + (-0.1 * cos((2.0 + (9.9 * (-4.072826686636155 + (1.186008527663161 * x_1)))))))))))))
feynman_I_32_17,ok,6,NoRef,0.9827170060809551,0.6742725040671165,65,11.059791326522827,,0.01,((0.336 + (4.3100000000000005 * exp(((((-0.8310000000000001 * (-7.094423785619939 + (1.79517298980545 * x_5))) - (-0.7110000000000001 + (-0.367 * (-5.422314254425465 + (3.6430504379238773 * x_3))))) + (0.365 + (0.23700000000000002 * (-5.764932660258052 + (3.78687650449493 * x_1))))) + (0.133 + (0.999 * (-5.377145912979087 + (3.5490731972883967 * x_4)))))))) * ((-0.00381 + (0.643 * ((5.7700000000000005 + (-5.22090641103695 + (3.5546784205957644 * x_2))))**2)) * (0.00374 + (0.00067 * (-5.167560062937342 + (3.539922280882652 * x_0))))))
feynman_I_32_5,ok,4,NoRef,0.9704684676853581,0.11057889133075968,59,15.022573947906494,,0.01,((0.01 + (0.0047 * (-2.5999126994662913 + (0.8603722624673278 * x_0)))) * (0.1 + (0.02 * (((0.2 + (0.08 * (-2.6293091772736408 + (0.8973551875146073 * x_1)))) * (0.01 + (-9.0 * inv(((0.02 + (0.0092 * (-2.7279182964428794 + (0.9289890799688245 * x_3)))) * ((6.0 + (1.2 * (-2.5204631409860694 + (0.8420799699938597 * x_2)))) + (-0.1 + (-0.7000000000000001 * (-2.5999126994662913 + (0.8603722624673278 * x_0)))))))))))**2)))
feynman_I_34_1,ok,3,NoRef,0.9923899719987925,0.1624108066651544,90,18.5040225982666,,0.01,((0.0718 + (0.028 * (-2.588994719877589 + (0.8403804552900841 * x_2)))) * (((0.8470000000000001 * sin((((98.60000000000001 * (-2.588994719877589 + (0.8403804552900841 * x_2))) - (-34.300000000000004 + (0.558 * (-3.213191526129124 + (0.49872911299177847 * x_0))))) + (0.7240000000000001 + (-0.403 * (-3.213191526129124 + (0.49872911299177847 * x_0))))))) - (-41.300000000000004 + (-0.556 * inv(((63.1 + (-0.8150000000000001 * (-2.588994719877589 + (0.8403804552900841 * x_2)))) + (-34.800000000000004 + (0.0985 * (-5.224059625126184 + (3.4221881154884906 * x_1))))))))) + (-0.00047 + (8.74 * inv(((-0.00684 + (0.218 * (-3.213191526129124 + (0.49872911299177847 * x_0)))) + (0.604 + (-0.07360000000000001 * (-5.224059625126184 + (3.4221881154884906 * x_1))))))))))
feynman_I_34_14,ok,3,NoRef,0.984605515398432,0.18124799292395155,49,12.345765352249146,,0.01,((0.2 + (0.07400000000000001 * (-2.704855709187059 + (0.914044649674877 * x_2)))) * (14.0 + (9.0 * inv(((0.030000000000000002 + (0.01 * (-3.4548575752247537 + (0.523026255492135 * x_0)))) * ((60.0 + (-9.9 * (-5.154977009990223 + (3.4616776248047603 * x_1)))) + (0.1 + (2.3000000000000003 * cos((0.01 + (-9.9 * (-2.704855709187059 + (0.914044649674877 * x_2)))))))))))))
feynman_I_34_27,ok,2,NoRef,0.9995010174150295,0.018429237532397138,39,13.640908479690552,,0.01,((0.02 + (0.0078 * (-2.534319111975044 + (0.8625028469077035 * x_1)))) * ((0.8 + (0.275 * (-2.89141769643402 + (0.898356770850574 * x_0)))) * (94.0 + (1.5 * sin((0.3 + (-0.9 * inv((0.001 + (0.2 * (-2.89141769643402 + (0.898356770850574 * x_0))))))))))))
feynman_I_34_8,ok,4,NoRef,0.9993905614291378,0.2820593965693562,42,15.249807596206665,,0.01,((15.9 + (6.5 * (-2.5134922366209222 + (0.8456834090766008 * x_2)))) * (((2.5100000000000002 + (-2.466227921875975 + (0.8316291782707262 * x_1))) * (-0.0007 + (0.33 * inv((0.0728 + (0.0273 * (-2.7058039597000527 + (0.8963922028654532 * x_3)))))))) * (0.047400000000000005 + (0.0193 * (-2.5127584990667504 + (0.8365681778083426 * x_0))))))
feynman_I_37_4,ok,3,NoRef,0.995519182622219,0.19768258393652477,65,7.209312438964844,,0.01,(((((-2.764987122967051 + (0.900490337034228 * x_2)) * (0.333 + (-5.17 * arctan((-0.065 + (0.9540000000000001 * (-2.764987122967051 + (0.900490337034228 * x_2)))))))) * (-0.00815 + (-0.0016899999999999999 * (-2.6571366887356653 + (0.8822946483881516 * x_0))))) * (97.0 + (21.900000000000002 * (-2.383406815788065 + (0.839276951330772 * x_1))))) + (0.004 + (0.0675 * (((0.34600000000000003 + (-1.59 * (-2.383406815788065 + (0.839276951330772 * x_1)))) - (0.035 + (-1.3 * (-2.6571366887356653 + (0.8822946483881516 * x_0))))))**2)))
feynman_I_38_12,ok,4,NoRef,0.9861080683516166,0.1495231628562956,49,11.6050124168396,,0.01,((0.02 + (0.008 * (-2.6009675945637225 + (0.8457372940431475 * x_3)))) * (-1.0 + (0.6 * (((0.02 + (0.006999999999999999 * (-2.698955835159459 + (0.8870284288875848 * x_2)))) * (60.0 + (-90.0 * inv(((0.02 + (0.008 * (-2.669105088819141 + (0.8929834841209456 * x_1)))) * (-21.8 + (-6.0 * (-2.5586279912186 + (0.8454003566144559 * x_0))))))))))**2)))
feynman_I_39_1,ok,2,NoRef,0.9994276994578237,0.1755941931623895,67,9.933011770248413,,0.01,((((-67.3 + cos(((0.9590000000000001 + (0.368 * (-2.5210522670128928 + (0.8376322027194677 * x_1)))) * (0.00282 + (2.69 * ((-54.9 + (0.046000000000000006 * exp((-1.8 + (-0.7090000000000001 * (-2.5210522670128928 + (0.8376322027194677 * x_1))))))))**2))))) + (0.364 + (0.9740000000000001 * arctan((0.061000000000000006 + (0.902 * (-2.7062751395259212 + (0.8763906451326979 * x_0)))))))) * (0.00731 + (0.00279 * (-2.7062751395259212 + (0.8763906451326979 * x_0))))) * (-28.6 + (-11.3 * (-2.5210522670128928 + (0.8376322027194677 * x_1)))))
feynman_I_39_11,ok,3,NoRef,0.999720427036081,0.05143894282090718,34,10.310653686523438,,0.01,((0.02 + (0.007699999999999999 * (-2.6135216143256805 + (0.855921153581978 * x_1)))) * ((2.0 + (0.76 * (-2.625098388323601 + (0.8546158887138439 * x_2)))) * (0.01 + (0.9 * inv((0.0097 + (0.0031999999999999997 * (-4.32559571055069 + (1.2368194563105266 * x_0)))))))))
feynman_I_39_22,ok,4,NoRef,0.9990998087576844,0.27166994808799183,42,9.92286229133606,,0.01,(((2.6 + (-2.515464031129917 + (0.8571865699921215 * x_3))) * (0.2 + (0.07300000000000001 * (-2.7095154921239692 + (0.8898156980890322 * x_0))))) * ((0.2 + (0.07400000000000001 * (-2.673320419181644 + (0.862997113312146 * x_1)))) * (-0.01 + (0.8 * inv((0.0096 + (0.0033 * (-2.8938465905050474 + (0.9115319998776715 * x_2)))))))))
feynman_I_40_1,ok,6,NoRef,0.6275964657733402,0.409726956792397,84,11.291260957717896,,0.01,((-0.055600000000000004 + (-0.0189 * (-2.750630136878482 + (0.8784863640556843 * x_0)))) * (-0.00416 + (0.0318 * ((1.7 + (-0.09910000000000001 * exp((4.6000000000000005 + (-0.00599 * (((0.0019399999999999999 + (-2.13 * (-2.685752135038517 + (0.8737632076877316 * x_1)))) + ((0.060200000000000004 + (-0.026900000000000004 * (-2.505577383670409 + (0.8487705948021765 * x_5)))) * ((7.38 + (-38.800000000000004 * (-2.604274673300914 + (0.8774717798506494 * x_2)))) - ((79.4 + (33.6 * (-2.632057227943042 + (0.8533082368996687 * x_4)))) + ((61.6 + (-33.8 * (-2.7566779457259827 + (0.9431878324167259 * x_3)))) + (0.193 + (-0.0815 * (-2.685752135038517 + (0.8737632076877316 * x_1))))))))))**2))))))**3)))
feynman_I_41_16,ok,5,NoRef,0.8955325061692622,0.8924342961214039,102,11.723320484161377,,0.01,((((0.0855 + (((0.0976 + (2.7800000000000002 * inv(((0.054200000000000005 + (0.0216 * (-2.5141252122709137 + (0.8254257004395766 * x_4)))) * (19.2 + (-0.09280000000000001 * (-2.7591720371449497 + (0.8901706115839029 * x_0)))))))) * (-0.5870000000000001 + (-0.20900000000000002 * (-2.7591720371449497 + (0.8901706115839029 * x_0))))))**2) * (0.00947 + (0.009949999999999999 * inv((0.00154 + (-0.0429 * inv(((0.00207 + (2.79 * exp((-0.0413 + (-0.0096 * (-2.699004118830948 + (0.8588094739086412 * x_2))))))) - ((1.49 + (0.0781 * (-2.4195199750154344 + (0.8276034912250019 * x_3)))) * (0.557 + (-0.336 * (-2.7023065522833383 + (0.9018351501921328 * x_1))))))))))))) * (-9.93 + (0.00737 * (-2.7023065522833383 + (0.9018351501921328 * x_1))))) * (0.0541 + (0.023600000000000003 * (-2.4195199750154344 + (0.8276034912250019 * x_3)))))
feynman_I_43_16,ok,4,NoRef,0.9987906819587683,0.34178835012018166,42,11.416724920272827,,0.01,(((2.5 + (-2.5394232640311034 + (0.8623533219956532 * x_0))) * (0.2 + (0.08 * (-2.569119086945987 + (0.8611156813888292 * x_1))))) * ((0.2 + (0.08 * (-2.5325929527992206 + (0.8680939467859502 * x_2)))) * (0.001 + (0.8 * inv((0.009 + (0.0036 * (-2.5275619323503817 + (0.8733293130547708 * x_3)))))))))
feynman_I_43_31,ok,3,NoRef,0.9996800073919528,0.32340092099440204,62,11.148434162139893,,0.01,(((2.6 + (-2.5655275384794733 + (0.8491796334579955 * x_2))) * ((-0.7020000000000001 + (0.00648 * inv(((0.00947 + (0.273 * (-2.620848157697589 + (0.877041434042821 * x_0)))) + (40.9 + (-64.6 * (-2.620848157697589 + (0.877041434042821 * x_0)))))))) + (-9.35 + (-3.7800000000000002 * (-2.620848157697589 + (0.877041434042821 * x_0)))))) * ((-0.52 + (-0.029200000000000004 * (-2.766978367774217 + (0.8922886932012777 * x_1)))) + (-0.547 + (-0.35500000000000004 * (-2.766978367774217 + (0.8922886932012777 * x_1))))))
feynman_I_43_43,ok,4,NoRef,0.9950122011895692,0.13034680239981153,42,9.308908462524414,,0.01,(((-0.0699 + inv(((-0.06910000000000001 + (-0.025900000000000003 * (-2.5887400075603013 + (0.8587029602822143 * x_2)))) * (0.008289999999999999 + (0.00297 * (-3.9875563203078572 + (1.133381419000807 * x_0))))))) * (-0.162 + (-0.06860000000000001 * (-2.3535395914566313 + (0.8333798952873859 * x_1))))) * (0.0042499999999999994 + (0.00156 * (-2.721103044426544 + (0.8903757010329937 * x_3)))))
feynman_I_44_4,ok,5,NoRef,0.9807600365072211,3.1036664933477205,85,12.87625527381897,,0.01,((((0.00188 + (-2.74648864990375 + (0.8845625750500153 * x_4))) - (-0.0526 + (0.9770000000000001 * (-2.672702249888496 + (0.8826010950824924 * x_3))))) * ((((2.46 + (-2.735022369041267 + (0.8893477651640194 * x_1))) * (-0.0019 + (0.795 * inv((0.77 + (0.154 * (-2.74648864990375 + (0.8845625750500153 * x_4)))))))) * ((77.4 + (-0.00437 * (-2.672702249888496 + (0.8826010950824924 * x_3)))) + (0.00438 + (33.3 * (-2.772098215480759 + (0.9125155363496182 * x_0)))))) * (-0.0159 + (-0.0062499999999999995 * (-2.499546494011863 + (0.8393835285754679 * x_2)))))) * (-0.685 + (82.9 * inv((-28.900000000000002 + (-7.53 * (-2.672702249888496 + (0.8826010950824924 * x_3))))))))
feynman_I_47_23,ok,3,NoRef,0.9649496224235898,0.1255757444633854,70,9.215319871902466,,0.01,(-0.0223 + (0.18100000000000002 * abs((0.0021999999999999997 + (-6.3 * sqrt((((-0.5 + (-2.592997202582427 + (0.837398763532969 * x_0))) + (((-0.319 + inv((0.00771 + (0.0029 * (-2.5724828174692225 + (0.8432476442733219 * x_2)))))) - (52.9 + (-0.741 * ((-9.42 + (0.377 * cos((-0.027500000000000004 + (-63.6 * (-2.5724828174692225 + (0.8432476442733219 * x_2))))))))**2))) * (-0.7000000000000001 + (-0.269 * (-2.6165659297933477 + (0.8878935966391123 * x_1)))))) * (-0.021500000000000002 + (-0.00792 * (-2.592997202582427 + (0.837398763532969 * x_0)))))))))))
feynman_I_48_2,ok,3,NoRef,0.9993243404221729,2.401223775416698,49,7.340514421463013,,0.01,((0.2 + (0.07700000000000001 * (-2.552294993039161 + (0.8647831399427154 * x_0)))) * ((0.8 + (7.0 * (-4.937743544426889 + (3.2843729845807 * x_1)))) + (60.0 + (0.08 * (((85.3 + (27.2 * (-3.391832487704957 + (0.5210116748906156 * x_2)))) - (-0.1 + (0.7000000000000001 * sin((0.6 + (9.9 * (-4.937743544426889 + (3.2843729845807 * x_1)))))))))**2))))
feynman_I_50_26,ok,4,NoRef,0.10129596003295294,1.8816999185446754,99,8.9425950050354,,0.01,((-0.097 + (0.0077599999999999995 * (((0.065 + (-3.93 * (-3.3181470678994196 + (1.6324912473197704 * x_1)))) + ((-0.00647 + (-3.66 * sin(((0.045000000000000005 + (-0.456 * sqrt((-79.60000000000001 + (67.2 * sqrt((7.59 + (0.645 * inv((-4.13 + (-0.0356 * (-3.6514817749949793 + (1.80323135783928 * x_0))))))))))))) + ((0.47100000000000003 + (-9.290000000000001 * (-3.3181470678994196 + (1.6324912473197704 * x_1)))) * (0.00492 + (-0.36000000000000004 * exp((-0.00547 + (1.27 * (-3.3181470678994196 + (1.6324912473197704 * x_1)))))))))))) - (8.8 + (2.25 * (-3.536023516680619 + (1.75533069780533 * x_2)))))))**2)) * ((2.25 + (0.741 * (-3.6514817749949793 + (1.80323135783928 * x_0)))) + (0.00106 + (0.5690000000000001 * (-3.3328522910623977 + (1.7072811432647408 * x_3))))))
feynman_I_6_2,ok,2,NoRef,0.8647772014387867,0.015780604640194727,105,9.230984210968018,,0.01,((-0.252 + (0.0599 * arctan((0.038400000000000004 + (-3.514115234431094 + (1.739810398745664 * x_0)))))) * (((-0.00098 * arctan(((-0.0917 + (-29.7 * (-3.405357073342636 + (1.6986630633987225 * x_1)))) * (-74.60000000000001 + (0.0089 * sqrt((2.48 + (0.81 * (-3.405357073342636 + (1.6986630633987225 * x_1)))))))))) - ((0.08850000000000001 + (-4.13 * (-3.405357073342636 + (1.6986630633987225 * x_1)))) * (0.0070599999999999994 + (-0.7260000000000001 * inv((-28.6 + (-9.0 * (-3.514115234431094 + (1.739810398745664 * x_0))))))))) + (0.00095 + (-0.254 * inv((0.509 + (0.526 * tan(((0.0747 + (-0.024300000000000002 * cos((-0.00374 + (-87.2 * abs((-8.97 + (2.33 * (-3.514115234431094 + (1.739810398745664 * x_0)))))))))) * (0.66 + (-2.48 * (-3.514115234431094 + (1.739810398745664 * x_0)))))))))))))
feynman_I_6_2a,ok,1,NoRef,0.9993902092274041,0.0017782033799282546,34,5.179219484329224,,0.01,((0.01 + (9.999999999999999e-05 * sin((-0.09000000000000001 + (9.0 * ((0.9 + (9.0 * (-3.3043792546673862 + (1.6591429555496728 * x_0)))))**2))))) * (0.2 + (0.006 * ((9.6 + (-3.9 * (-3.3043792546673862 + (1.6591429555496728 * x_0)))))**3)))
feynman_I_6_2b,ok,3,NoRef,0.9744139871856359,0.008722810109322705,52,6.4210450649261475,,0.01,(0.030000000000000002 + (-9.0 * inv(((-53.0 + (-15.9 * (-3.648690234065757 + (1.810834389535367 * x_0)))) + (0.1 + (-0.0006 * ((((78.3 * (-3.504008249416157 + (1.7339598113329304 * x_2))) + (0.6 + (-73.10000000000001 * (-3.5208095926375687 + (1.7955920545817259 * x_1))))) + (-0.01 + (-8.0 * inv((-9.0 + (27.7 * (-3.5208095926375687 + (1.7955920545817259 * x_1)))))))))**2))))))
feynman_I_8_14,ok,4,NoRef,0.06435970209001529,0.918493689419776,52,5.610856056213379,,0.01,(0.1 + (0.013000000000000001 * abs((((72.0 * (-2.599248084478257 + (0.8845884196557181 * x_2))) + ((0.6 + (-70.0 * (-2.6197762566691063 + (0.8822041138208964 * x_3)))) + (-0.6 + (60.0 * (-2.7225380020541645 + (0.925073228466846 * x_1)))))) + ((0.7000000000000001 + (7.0 * (-2.8502199266344257 + (0.9130456171320038 * x_0)))) * (-9.200000000000001 + (1.0 * (-2.7225380020541645 + (0.925073228466846 * x_1)))))))))
feynman_I_9_18,ok,9,NoRef,0.9803400920566019,0.01669343253169396,94,12.04290509223938,,0.01,((0.04 + (0.008 * (-5.454952378167819 + (3.5597416854716295 * x_2)))) * ((0.04 + (0.008 * (-5.280887282031235 + (3.517700762370517 * x_1)))) * ((0.5 + (0.09400000000000001 * (-5.0619378650438245 + (3.429332041613027 * x_0)))) * ((6.0 + (-0.6 * (-12.07450811257965 + (3.447755129551146 * x_3)))) * (40.0 + (0.009 * ((((43.0 + (6.0 * (-5.392816095681697 + (3.542785928524673 * x_6)))) + ((0.1 + (-7.5 * (-11.8704355229784 + (3.388706955506491 * x_7)))) + (0.1 + (7.5 * (-5.3254948363333385 + (3.5109234238146523 * x_8)))))) - ((-0.1 + (-7.5 * (-5.425315389628147 + (3.544367204983429 * x_4)))) - (0.1 + (-7.1000000000000005 * (-12.220849580979717 + (3.5095633051568256 * x_5)))))))**2))))))
feynman_test_1,ok,7,NoRef,0.9388859131650339,2.1465696687610625,73,10.517820835113525,,0.01,(0.02 + (0.001 * exp(((6.0 + (0.4 * (-5.301254421293182 + (3.571895589168692 * x_2)))) + (((0.4 * (-5.207970175488111 + (3.4354126422346773 * x_1))) + (0.1 + (0.4 * (-5.138990131434707 + (3.418222117248415 * x_3))))) + (((0.4 * (-5.46455807631665 + (3.5498345168665297 * x_4))) + (0.1 + (0.4 * (-5.227781264550111 + (3.4955479802810143 * x_0))))) + ((0.1 + (0.9 * exp((-0.8 * (-3.366539535406591 + (1.6550803839109154 * x_6)))))) + (0.01 + (-0.7000000000000001 * (-3.537848367214543 + (1.7762555305867092 * x_5)))))))))))
feynman_test_10,ok,3,NoRef,0.9672813313920523,0.0914678959661081,82,6.742926836013794,,0.01,((-0.343 + (3.08 * cos(((-9.98 + (0.995 * (-3.3845826183045533 + (1.6813002149621212 * x_1)))) * (-0.05620000000000001 + (0.0221 * (-3.3460345348848217 + (1.6375695874502416 * x_2)))))))) - (((0.0526 * inv((-0.728 + (0.3 * sin((0.0035499999999999998 + (1.77 * tan(((18.3 + (7.94 * abs((-0.498 + (-0.657 * (-3.3845826183045533 + (1.6813002149621212 * x_1))))))) - (0.0137 + (0.8290000000000001 * (-8.116061002775346 + (1.6342484134069302 * x_0))))))))))))) * (0.004 + (-0.6950000000000001 * (-8.116061002775346 + (1.6342484134069302 * x_0))))) + (-0.0897 + (-0.0621 * (-3.3460345348848217 + (1.6375695874502416 * x_2))))))
feynman_test_11,ok,4,NoRef,0.9701290764685577,0.19846017984365094,70,11.513809442520142,,0.01,(((-3.72 + (-3.665844595981015 + (1.777098795308299 * x_1))) + (-1.22 + (0.00045 * (-3.3954474918985897 + (1.6980452382715512 * x_0))))) * ((-41.0 + (-4.3 * (-5.236612109883896 + (3.481438590813907 * x_3)))) * ((0.00765 + (0.00226 * (-3.3954474918985897 + (1.6980452382715512 * x_0)))) * (((0.366 * (-3.346469913588077 + (1.6850115584239587 * x_2))) * (-1.07 + (-0.751 * (-5.236612109883896 + (3.481438590813907 * x_3))))) + (0.8420000000000001 + (0.34 * cos((0.0325 + (0.806 * (-5.236612109883896 + (3.481438590813907 * x_3)))))))))))
feynman_test_12,ok,5,NoRef,0.9915745795911279,1.331017144262756,105,12.630920886993408,,0.01,(((((0.0505 + cos((-0.079 + (-0.156 * cos(((0.013200000000000002 + (61.4 * (-2.853922264819424 + (0.932495105440568 * x_4)))) * ((-0.037500000000000006 + (-0.05500000000000001 * (-2.6977268572244775 + (0.8745901392683244 * x_0)))) * (-3.41 + (-0.32 * (-3.5635370620943165 + (1.7939317028206654 * x_1))))))))))) * (-0.010900000000000002 + (-0.00441 * (-2.5428592207713114 + (0.8562284556356499 * x_2))))) * (-0.935 + (-91.7 * ((0.00514 + (-0.643 * inv((0.07740000000000001 + (0.021300000000000003 * (-3.5635370620943165 + (1.7939317028206654 * x_1))))))))**2))) * (((7.84 + (-8.932695855907657 + (1.8116048195913816 * x_3))) - (-0.42000000000000004 + (0.00483 * (-8.932695855907657 + (1.8116048195913816 * x_3))))) * (0.018500000000000003 + (0.006719999999999999 * (-2.6977268572244775 + (0.8745901392683244 * x_0)))))) - (0.039 + (-0.033800000000000004 * (-3.5635370620943165 + (1.7939317028206654 * x_1)))))
feynman_test_13,ok,5,BFGS,0.19145904269874914,0.013737210142894243,102,12.529786586761475,,0.01,(((2.9185298861696696 + (-2.6250159024465325 + (0.8809471830218581 * x_0))) * (-113.63879083157643 + (-6.456950182421346 * inv((((-0.5876071534828667 + (45.676246651946045 * (-2.6325494804343417 + (0.8669522048421392 * x_4)))) + (-0.5387871534793348 + (83.7208552947691 * cos((-0.07688960314803144 + (-0.8640888313393754 * (-1.746642865264792 + (0.5896839391773017 * x_3)))))))) - ((-22.108612846517282 + (3.5188326728297095 * (-3.5940895997809497 + (1.8135393947013234 * x_1)))) + ((0.5839271534802615 + (-1.3405780657893185 * cos(((-0.0036418248035397895 + (-79.60412711274832 * (-2.6325494804343417 + (0.8669522048421392 * x_4)))) + (4.332398175196392 + (64.49587288725104 * (-2.6325494804343417 + (0.8669522048421392 * x_4)))))))) - (-0.6762871534814971 + (-0.47608763969171997 * (-1.746642865264792 + (0.5896839391773017 * x_3))))))))))) * ((0.02646440432453788 + (-1.76198229464514e-06 * (-8.806647690247798 + (1.7455943517050234 * x_2)))) - (0.026515595675520708 + (4.2367798639269685e-07 * (-3.5940895997809497 + (1.8135393947013234 * x_1))))))
feynman_test_14,ok,5,BFGS,0.0007682054668167737,13.325156824204454,113,13.363258123397827,,0.01,((((1.7181113518169664 + (-2.4971016599479787 + (0.8755177320464741 * x_0))) - ((0.05075730214995545 + (0.005093630618018881 * (-1.8362504524212548 + (0.5886238536748217 * x_1)))) * (63.98755460125562 + (0.7444593906336815 * (-2.4971016599479787 + (0.8755177320464741 * x_0)))))) * (-2.446716311181124 + (0.41401169184069736 * (-2.7343051092784583 + (0.8676802164640326 * x_3))))) * (((0.1278292253803463 + cos((-0.009904974684885331 + (5.824240055662779 * log(((((-0.2729547110239983 + (-1.8362504524212548 + (0.5886238536748217 * x_1))) - (0.3103047110239771 + (-2.4644870068738367 * (-2.82933830080293 + (0.9019774465276317 * x_2))))) * (0.00413512440909867 + (0.004197053463595303 * (-2.7717036158853623 + (0.8910307375402117 * x_4))))) - (-55.17195159806119 + (0.06159291387104296 * (-2.7343051092784583 + (0.8676802164640326 * x_3)))))))))) + (0.040029225380326335 + (-0.00020132927805771724 * (-2.7717036158853623 + (0.8910307375402117 * x_4))))) * (2.4619891717720863 + (-0.008120027197568231 * sqrt((-0.022176480732467866 + (0.8595645898073272 * ((-0.08822687650871452 + (-33.3190959226152 * (-1.8362504524212548 + (0.5886238536748217 * x_1)))))**2)))))))
feynman_test_15,ok,4,NoRef,0.9488838376174042,0.2990924672071198,82,7.836461544036865,,0.01,((-0.155 + (-0.655 * inv((((-0.995 + (0.029200000000000004 * (-3.44398841134359 + (1.7062541540257399 * x_1)))) * ((((-0.043000000000000003 + (-1.6328865507846893 + (0.5623491845950379 * x_3))) + (0.049300000000000004 + (0.07400000000000001 * (-3.44398841134359 + (1.7062541540257399 * x_1))))) * ((0.05960000000000001 + (-5.61 * (-1.6328865507846893 + (0.5623491845950379 * x_3)))) - (0.468 + (0.00586 * (-1.6328865507846893 + (0.5623491845950379 * x_3)))))) - (-0.0017 + (-0.611 * (-3.44398841134359 + (1.7062541540257399 * x_1)))))) - (-4.3500000000000005 + (-0.5810000000000001 * (-2.775585808642215 + (0.2230513956628074 * x_0)))))))) * (-12.3 + (-4.86 * (-2.6083629970816253 + (0.8614753242282561 * x_2)))))
feynman_test_16,ok,6,NoRef,0.9419010598152787,6.323762662265311,110,8.715567588806152,,0.01,(((-0.08750000000000001 + (0.0056099999999999995 * ((((-6.4 * (-2.754039946388614 + (0.9247900733006543 * x_4))) - ((-0.009899999999999999 + (22.0 * (-2.5646829966487252 + (0.8976314789223115 * x_1)))) - (((-0.14400000000000002 + (-2.754039946388614 + (0.9247900733006543 * x_4))) + (2.84 + (-0.381 * (-2.635665760890794 + (0.8730170310102188 * x_2))))) * ((-3.0100000000000002 + (-3.1 * (-2.8339070085508693 + (0.8963785096562519 * x_3)))) + (0.0981 + (-0.792 * (-2.8339070085508693 + (0.8963785096562519 * x_3)))))))) + (-79.2 + (-0.060200000000000004 * (-2.497958180791681 + (0.846442877452173 * x_5))))))**2)) - (0.646 + (-3.64 * (-2.497958180791681 + (0.846442877452173 * x_5))))) - ((0.0742 + (0.07110000000000001 * (-2.5646829966487252 + (0.8976314789223115 * x_1)))) * ((0.515 + (-98.5 * (-2.4906875140014773 + (0.8274788980025466 * x_0)))) - (0.372 + (0.14700000000000002 * (-2.754039946388614 + (0.9247900733006543 * x_4)))))))
feynman_test_17,ok,6,NoRef,0.9905369521484773,106.7383728018638,65,12.71807599067688,,0.01,((0.2 + (0.07 * (-2.609026883475403 + (0.9049875073710979 * x_0)))) * (20.0 + (0.006 * ((((3.0 + (-2.7108630841762187 + (0.8830372164530217 * x_4))) + (-0.1 + (0.030000000000000002 * (-2.4807409694030844 + (0.8117468840952684 * x_2))))) * (((4.0 + (-2.765478966339881 + (0.9329498472453334 * x_1))) + (-0.01 + (0.4 * (-2.58308061810788 + (0.8667775591446114 * x_5))))) * (5.1000000000000005 + (0.9 * exp((0.02 + (-0.7000000000000001 * (-2.781416348213264 + (0.8769741774113623 * x_3))))))))))**3)))
feynman_test_18,ok,5,NoRef,0.8025747223443757,0.3458856778399212,57,6.052840948104858,,0.01,(((-0.036500000000000005 * exp(((0.00988 + (-0.6920000000000001 * (-2.391519112253692 + (0.8163618698332834 * x_2)))) + (0.00224 + (-0.679 * (-2.8325456789844874 + (0.8985308040340149 * x_0))))))) * (-8.78 + (-1.47 * (-2.689919738378074 + (0.9109270103670807 * x_1))))) + (-0.08430000000000001 + (3.17 * (((-0.19 + (-0.06280000000000001 * (-2.6338575830760558 + (0.8934994887606297 * x_4)))) - (0.0839 + (0.14300000000000002 * (-2.649399129385902 + (0.8900528640090624 * x_3))))))**2)))
feynman_test_19,ok,6,NoRef,0.8048355577925507,6.9031637329891335,95,13.872899055480957,,0.01,(((2.1 + (-2.563942402759304 + (0.8359465135192651 * x_4))) * (0.01 + (0.0047 * (-2.586608786405093 + (0.8513854795762903 * x_5))))) * ((0.1 + (0.05 * (-2.5340806714331805 + (0.8433488361089256 * x_3)))) * ((0.01 + (0.9 * (((-30.0 + (-7.0 * (-2.586608786405093 + (0.8513854795762903 * x_5)))) + (-0.01 + (-20.0 * inv(((0.2 + (0.07 * (-2.470148202109449 + (0.8643710414180056 * x_0)))) * (4.0 + (0.4 * exp((-0.6 + (0.9 * (-2.469934740574904 + (0.8197279678209497 * x_1)))))))))))))**2)) + ((0.9 + (-6.0 * inv((1.8 + (-2.510605559071305 + (0.8605237995995644 * x_2)))))) * (99.0 + (-99.0 * (-2.5340806714331805 + (0.8433488361089256 * x_3))))))))
feynman_test_2,ok,6,NoRef,0.6723900466994215,1.0814800225365757,97,9.057257413864136,,0.01,((2.29 + (0.0097 * (-1.6813708131974574 + (0.5715451023570847 * x_5)))) * ((-0.402 + (0.223 * abs(((-0.006999999999999999 + (-0.0639 * inv((((0.732 + (-3.442291868563275 + (1.728032016896608 * x_2))) - (0.00834 + (-0.00203 * (((32.5 + (-0.8360000000000001 * (-3.374365183451518 + (1.6756185087337063 * x_3)))) + (0.54 + (-3.3000000000000003 * (-3.484219578395549 + (1.7515960242856556 * x_1))))))**2))) * (0.013000000000000001 + (-0.00312 * (-3.694453183714725 + (1.849845799738913 * x_0)))))))) * (0.067 + (2.3000000000000003 * cos(((0.0039 + (0.773 * (-1.6813708131974574 + (0.5715451023570847 * x_5)))) + (0.0066099999999999996 + (-0.766 * (-1.5805657668478423 + (0.5708335569588892 * x_4)))))))))))) + (-0.011800000000000001 + (-0.00872 * (-1.6813708131974574 + (0.5715451023570847 * x_5))))))
feynman_test_20,ok,7,NoRef,0.7784830489911325,1.9191288584791373,78,7.369818210601807,,0.01,(0.001 + (0.01 * exp((((0.9 * (-2.5052288861366203 + (0.8487810534637035 * x_1))) + (0.01 + (0.8 * (-2.5572280095030715 + (0.8621049992891755 * x_3))))) + (((-0.9 * (-2.6907610883925144 + (0.890707011566884 * x_4))) + (2.0 + (0.8 * (-2.7376235059154497 + (0.8673671831208826 * x_2))))) + ((0.2 + (0.4 * sin((9.9 * (-1.6532529969200138 + (0.5406303341028174 * x_6)))))) + ((-0.01 + (-0.8 * (-2.783570439639793 + (0.9233358890323494 * x_5)))) + (-0.01 + (0.9 * ((0.4 + (-0.7000000000000001 * (-2.4913618241411206 + (0.870112794150215 * x_0)))))**3)))))))))
feynman_test_3,ok,4,NoRef,0.9984596741660687,0.07639382491996169,44,10.982365131378174,,0.01,((0.3 + (0.09400000000000001 * (-4.859006065813082 + (1.6427931891012966 * x_1)))) * ((0.2 + (0.058 * (-3.471159570853373 + (1.6737506595930596 * x_0)))) * (-67.1 + (-0.001 * (((-0.1 + (-58.5 * (-15.032047874287718 + (3.353815118292767 * x_3)))) + (0.3 + (49.4 * (-16.172015121786515 + (3.5941604003366345 * x_2))))))**2))))
feynman_test_4,ok,5,NoRef,0.9720199620701556,0.08445890342055545,113,10.844792127609253,,0.01,(-0.00797 + (8.97 * sqrt((((0.20500000000000002 + sqrt(((0.533 + (0.0985 * (-3.631622653697142 + (1.8179962395743536 * x_4)))) * (11.700000000000001 + (3.5100000000000002 * (-8.409856081703799 + (0.8421415637065467 * x_1))))))) + (((-0.010900000000000002 * (-3.4980833203229977 + (1.8537679695560751 * x_2))) + (((-0.010900000000000002 + (-3.3956721904323857 + (1.6818367301853963 * x_3))) + (-0.0529 + (-0.878 * (-3.434758293955252 + (1.7338496667716403 * x_0))))) * (0.0727 + (0.0844 * (-3.631622653697142 + (1.8179962395743536 * x_4)))))) + ((-0.00086 + (0.09140000000000001 * sin((-0.0009599999999999999 + (14.5 * (-3.4980833203229977 + (1.8537679695560751 * x_2))))))) - ((0.5870000000000001 + (-0.0766 * (-3.4980833203229977 + (1.8537679695560751 * x_2)))) * (-4.2 + (-0.778 * (-8.409856081703799 + (0.8421415637065467 * x_1)))))))) * (-0.00165 + (-0.00877 * inv((-0.41000000000000003 + (-0.09590000000000001 * (-3.434758293955252 + (1.7338496667716403 * x_0)))))))))))
feynman_test_5,ok,4,NoRef,0.9584188049595405,0.6291478348496794,69,9.63917589187622,,0.01,((0.2 + (0.07600000000000001 * (-3.23468266994482 + (1.6591241874943665 * x_0)))) * (9.0 + (9.0 * inv(((0.05 + (0.011000000000000001 * (-3.463507310340305 + (1.7558292590522568 * x_1)))) * ((8.5 + (0.8 * (-3.5715645968617267 + (1.7740534831014714 * x_3)))) + ((0.02 + (0.004 * cos(((-0.02 + (9.0 * (-3.5243486716001864 + (1.7355707966666627 * x_2)))) + (0.060000000000000005 + (0.060000000000000005 * (-3.463507310340305 + (1.7558292590522568 * x_1)))))))) * (-0.01 + (41.800000000000004 * (-3.5243486716001864 + (1.7355707966666627 * x_2)))))))))))
feynman_test_6,ok,7,NoRef,0.6331682270718199,0.3103055527559371,82,9.408985376358032,,0.01,(0.995 + (0.001 * (((0.6 + (-3.0 * (-3.564003084010684 + (1.7270366227340548 * x_0)))) - ((6.0 + (-3.4 * (-3.464097052656947 + (1.740799776652784 * x_5)))) + (((-0.02 + (-3.4949213836164295 + (1.7467222493641044 * x_6))) + ((0.1 + (-2.0 * (-3.4017177863831747 + (1.6461681118362466 * x_3)))) + ((0.01 + (-2.0 * (-3.449152718312042 + (1.6976979855860372 * x_4)))) + (0.1 + (1.6 * (-3.495416236538771 + (1.7382917673746647 * x_1))))))) * ((2.0 + (-1.2 * (-3.464097052656947 + (1.740799776652784 * x_5)))) + (-0.1 + (-0.3 * (-3.51997998884813 + (1.7280743807208145 * x_2)))))))))**2))
feynman_test_7,ok,5,NoRef,0.9934026598131579,0.09509413410642463,72,11.308496475219727,,0.01,(-0.1 + (0.9 * sqrt((((3.6 + (-3.5817515635104775 + (1.71294374453043 * x_1))) + (0.01 + (-0.02 * (-5.4800875475190685 + (3.679942846274682 * x_3))))) * ((12.6 + (3.1 * (-4.01008885957154 + (1.9368236560367404 * x_0)))) - (0.1 + (0.6 * sin(((-0.3 + (-0.9 * (-3.6016316191425464 + (1.7889994255916244 * x_4)))) + (-0.3 + (0.9 * inv(((1.0 + (-3.0 * (-3.6016316191425464 + (1.7889994255916244 * x_4)))) + (0.1 + (-1.0 * (-5.4674033515100415 + (3.6309111090818504 * x_2)))))))))))))))))
feynman_test_8,ok,4,NoRef,0.9332535763400108,0.12279952850079032,59,7.273520231246948,,0.01,((0.030000000000000002 + (0.008 * (-3.3653065153557096 + (1.6809530999057976 * x_0)))) * (66.0 + (-0.002 * (((90.0 + (-26.0 * (-3.3575040445859767 + (1.7014291673085824 * x_2)))) + ((-0.3 + (9.0 * (-3.3653065153557096 + (1.6809530999057976 * x_0)))) + ((-0.3 + (-12.3 * (-3.4363172184011948 + (1.7384611621281187 * x_1)))) + (-0.030000000000000002 + (-18.3 * arctan((-0.7000000000000001 + (-1.3 * (-3.4646197585343543 + (1.7925414576254786 * x_3)))))))))))**2)))
feynman_test_9,ok,5,NoRef,0.4191731722212555,8206.51987200061,70,8.890062808990479,,0.01,(0.04020000000000001 + (0.014900000000000002 * ((((0.034100000000000005 + (-2.5627625663383364 + (0.8211078402482829 * x_3))) - (-2.98 + (0.00242 * cos((5.44 + (-0.098 * (-5.229820704398722 + (3.505187093079862 * x_1)))))))) * (((-0.00938 + inv(((0.0065699999999999995 + (0.00153 * (-5.229820704398722 + (3.505187093079862 * x_1)))) * (73.2 + (18.5 * (-5.185088551029865 + (3.40858213908487 * x_4))))))) * (-5.53 + (-1.9000000000000001 * (-2.4930593469502407 + (0.8452017443213172 * x_2))))) * (0.624 + (0.136 * (-5.657145228365777 + (3.711512297913349 * x_0)))))))**3))
first_principles_absorption,ok,1,NoRef,0.9853519345282306,0.13451201383941921,14,3.6147584915161133,,0.01,(1.6 + (1.5 * arctan((0.2 + (2.0 * (-0.748484636380034 + (0.08019887424858779 * x_0)))))))
first_principles_bode,ok,1,BFGS,0.13536705880585498,5.654744595200366,29,6.065376281738281,,0.01,((1.35360683910886 + (0.207604371124677 * (0.3659119885901363 + (0.0030116213052686115 * x_0)))) * (1.1457215725401737 + (0.8698677082320709 * exp((0.05063328338204427 + (4.360775508069591 * tan((-0.666501435288292 + (99.73565105715583 * (0.3659119885901363 + (0.0030116213052686115 * x_0)))))))))))
first_principles_hubble,ok,1,NoRef,0.5735513169308539,219.64620438223986,62,6.203575134277344,,0.01,((-9.94 + (-0.016 * (-1.4730662843564242 + (1.6521438540845628 * x_0)))) - ((-6.5 + (8.07 * abs(((1.59 + (-0.29100000000000004 * sin(((54.2 + (-4.17 * inv((-1.52 * (-1.4730662843564242 + (1.6521438540845628 * x_0)))))) + (0.00868 + (6.7700000000000005 * (-1.4730662843564242 + (1.6521438540845628 * x_0)))))))) + (-0.00231 + (0.792 * (-1.4730662843564242 + (1.6521438540845628 * x_0)))))))) * (-83.2 + (20.2 * (-1.4730662843564242 + (1.6521438540845628 * x_0))))))
first_principles_ideal_gas,ok,3,NoRef,0.5811927451435006,0.8689871167706855,85,6.970056772232056,,0.01,((((0.00942 * inv((1.93 + (-1.7269481113159797 + (0.03158325643002412 * x_2))))) * (0.064 + (-90.10000000000001 * (-1.7269481113159797 + (0.03158325643002412 * x_2))))) + ((7.66 + (0.527 * (-1.6525414953354425 + (0.03695931216347938 * x_0)))) - ((-0.0473 + (-0.17800000000000002 * (-1.6525414953354425 + (0.03695931216347938 * x_0)))) * (0.779 + (-1.4000000000000001 * (-1.6525414953354425 + (0.03695931216347938 * x_0))))))) - (-0.0098 + (-7.3100000000000005 * inv((((-29.8 + (1.57 * (-14.525050446141405 + (0.04080730581327434 * x_1)))) + (0.42000000000000004 + (0.0065 * (-14.525050446141405 + (0.04080730581327434 * x_1))))) - (30.8 + (-86.60000000000001 * (-14.525050446141405 + (0.04080730581327434 * x_1)))))))))
first_principles_kepler,ok,1,NoRef,0.99903105117703,120.59782966049004,39,6.3119916915893555,,0.01,((-22.1 + (-9.4 * (-0.9263602581597056 + (0.3029466151936684 * x_0)))) * (((-89.5 + (-92.3 * (-0.9263602581597056 + (0.3029466151936684 * x_0)))) + (0.013000000000000001 + (-0.00073 * (-0.9263602581597056 + (0.3029466151936684 * x_0))))) - (-5.26 + (0.049 * (-0.9263602581597056 + (0.3029466151936684 * x_0))))))
first_principles_leavitt,ok,1,NoRef,0.848967209020897,0.3837182496177902,39,6.123546123504639,,0.01,((0.0222 + (0.343 * sin((-0.0371 + (39.9 * cos((-0.027800000000000002 + (-28.8 * (-1.7400037114235716 + (2.09864284243919 * x_0)))))))))) + (0.0758 + (42.0 * abs((-0.366 + (0.0422 * abs((0.7100000000000001 + (0.5630000000000001 * (-1.7400037114235716 + (2.09864284243919 * x_0)))))))))))
first_principles_newton,ok,3,NoRef,0.328589983672818,8.910046569373673,52,4.355733156204224,,0.01,(((0.0017499999999999998 + (-0.09780000000000001 * inv((8.370000000000001 + (-0.0017 * inv((-0.5720000000000001 + (0.0379 * (-0.2899960593046727 + (2.629351402398742e-30 * x_2)))))))))) - ((-46.6 + (-15.8 * sin((-12.1 * (-0.27162048092758545 + (5.186968952067431e-30 * x_1)))))) + (-0.00913 + (6.2700000000000005 * (-0.613759874811038 + (7.12682274600027e-13 * x_0)))))) - (0.05790000000000001 + (0.06910000000000001 * (-0.2899960593046727 + (2.629351402398742e-30 * x_2)))))
first_principles_planck,ok,2,NoRef,0.6322665349033805,120.53595251882834,42,6.9125587940216064,,0.01,((-20.0 + (-9.0 * sin((42.6 * (-0.9222249154556069 + (0.0006349597364519323 * x_1)))))) + (-6.0 + (-0.6 * abs(((0.1 + (0.4 * (-0.34842883289438253 + (6.020477322376928e-16 * x_0)))) * (0.02 + (-9.0 * inv((0.060000000000000005 + (0.07 * (-0.9222249154556069 + (0.0006349597364519323 * x_1))))))))))))
first_principles_rydberg,ok,2,NoRef,0.9610084822847014,0.3224518210234407,72,4.073576211929321,,0.01,((0.0056 + (-0.032 * (-1.95961510923864 + (0.5974436308654391 * x_0)))) + ((-1.69 + (0.0018599999999999999 * (-1.95961510923864 + (0.5974436308654391 * x_0)))) * (0.00667 + (-27.8 * inv((((0.00316 * (-1.95961510923864 + (0.5974436308654391 * x_0))) - (3.13 + (0.47000000000000003 * (-1.95961510923864 + (0.5974436308654391 * x_0))))) + (-0.438 + (-0.08800000000000001 * sin((4.83 + (1.76 * (((0.0636 + (-4.99 * (-1.95961510923864 + (0.5974436308654391 * x_0)))) * (63.7 + (-0.00597 * (-3.60108467081408 + (0.6407623969420071 * x_1))))))**3)))))))))))
first_principles_schechter,ok,1,NoRef,0.8368502583934196,2.0108441873409446,94,4.472941637039185,,0.01,(((-0.808 + (-1.9000000000000001 * cos((-65.5 + (6.94 * ((20.900000000000002 + (0.0055 * inv((0.00465 + (-15.6 * sin(((0.059000000000000004 + (0.043100000000000006 * (-0.5152265363826667 + (1.6261733659552068e-09 * x_0)))) - (0.0070599999999999994 + (-0.0361 * (-0.5152265363826667 + (1.6261733659552068e-09 * x_0))))))))))))**2))))) - (0.0019199999999999998 + (-0.0256 * inv((-0.261 + (-5.44 * (-0.5152265363826667 + (1.6261733659552068e-09 * x_0)))))))) - ((-0.00879 + (0.00741 * inv((90.3 + (31.5 * (-0.5152265363826667 + (1.6261733659552068e-09 * x_0))))))) - ((0.012 + (-4.0 * (-0.5152265363826667 + (1.6261733659552068e-09 * x_0)))) + (-22.0 + (-4.38 * inv((3.7800000000000002 + (-0.00711 * (-0.5152265363826667 + (1.6261733659552068e-09 * x_0))))))))))
first_principles_supernovae_zg,ok,1,NoRef,0.7585252233835186,0.14280502647499138,34,5.225091457366943,,0.01,(0.01 + (0.9 * exp((0.01 + (-0.030000000000000002 * abs(((-60.0 + (-70.0 * (-1.0690083287768268 + (0.03814143456527167 * x_0)))) + (-0.2 + (-1.6 * sin((0.2 + (-90.0 * (-1.0690083287768268 + (0.03814143456527167 * x_0))))))))))))))
first_principles_supernovae_zr,ok,1,NoRef,0.7141210644411153,0.11728901880086456,67,7.459512710571289,,0.01,(-0.0327 + (3.5 * inv((((-0.00203 * (-1.6026515238622114 + (0.046431321645507846 * x_0))) - (-6.16 + (0.9400000000000001 * sin((0.078 + (-7.34 * (-1.6026515238622114 + (0.046431321645507846 * x_0)))))))) + (((-0.8 + (-0.7040000000000001 * (-1.6026515238622114 + (0.046431321645507846 * x_0)))) * (-8.620000000000001 + (-5.74 * (-1.6026515238622114 + (0.046431321645507846 * x_0))))) - ((-0.024700000000000003 + (0.00652 * (-1.6026515238622114 + (0.046431321645507846 * x_0)))) * (0.215 + (0.9460000000000001 * (-1.6026515238622114 + (0.046431321645507846 * x_0))))))))))
first_principles_tully_fisher,ok,1,NoRef,0.8737277506457262,0.504671309560188,60,5.165679454803467,,0.01,((-23.5 + (0.28200000000000003 * ((-0.0022199999999999998 + (-2.139304033980945 + (0.006687978646939128 * x_0))))**2)) * ((-0.0013 + (7.18 * sqrt((0.005869999999999999 + (0.00117 * (-2.139304033980945 + (0.006687978646939128 * x_0))))))) - (0.0008799999999999999 + (-0.931 * sqrt((0.0746 + (-0.0148 * sin(((82.4 + (-51.1 * cos((4.03 + (-2.139304033980945 + (0.006687978646939128 * x_0)))))) * (-22.6 + (-0.030400000000000003 * (-2.139304033980945 + (0.006687978646939128 * x_0)))))))))))))
nikuradse_1,ok,2,NoRef,0.5894885983846352,0.059229565756942534,67,7.756042718887329,,0.01,(((-0.00037999999999999997 * abs((((0.053500000000000006 + (-3.91 * (-8.043667186640068 + (1.6172840179308134 * x_1)))) + (0.0661 + (-0.742 * cos((-0.6950000000000001 + (77.4 * (-8.043667186640068 + (1.6172840179308134 * x_1)))))))) - ((0.00043999999999999996 + (-6.93 * (-1.3445265834704199 + (0.005918071145166688 * x_0)))) - (-0.5 + (-0.09820000000000001 * (-8.043667186640068 + (1.6172840179308134 * x_1)))))))) * (-53.0 + (13.6 * (-8.043667186640068 + (1.6172840179308134 * x_1))))) + (0.29000000000000004 + (-0.101 * (-1.3445265834704199 + (0.005918071145166688 * x_0)))))
nikuradse_2,ok,1,NoRef,0.8926241634772242,0.1033106855628007,37,7.517053127288818,,0.01,(2.17 + (-0.006 * abs(((20.0 + (-9.9 * sin((-95.9 * (-1.9879774008876716 + (1.6574136973190292 * x_0)))))) + ((1.0 + (-0.4 * (-1.9879774008876716 + (1.6574136973190292 * x_0)))) * (-0.01 + (78.0 * (-1.9879774008876716 + (1.6574136973190292 * x_0)))))))))
solar_flare,ok,10,BFGS,nan,nan,153,10.563035249710083,,0.01,(0.5465303244275681 + (-90.59950426147513 * inv(((((-0.0245988046918319 + (6.796612723076334 * ((74.40120771186444 + (-0.11978450317616603 * sqrt(((0.023592810038532957 + (-0.07799942325538474 * tan((-0.046199010664268375 * (-1.1997483391631258 + (0.4751478570943073 * x_0)))))) + (0.007922810038532952 + (-0.0018253648063956043 * (-0.20412414523193148 + (5.103103630798286 * x_8)))))))))**2)) * (0.3876441947323462 + (-0.006334122287850078 * (-2.207994968177486 + (1.5549260339278073 * x_4))))) - ((-0.07276705220441482 + (0.23000900629898408 * (-0.17223278830124386 + (3.1315052418407974 * x_5)))) * ((-0.036299951594027886 + (0.0031772477616740496 * (-0.17223278830124386 + (3.1315052418407974 * x_5)))) - (6.949999951594028 + (0.07620026307303596 * arctan((((-0.7040000001691966 + (-1.3712047854703497 + (1.257986041715917 * x_2))) * (1.5100000000018285 + (56.00000000000013 * (-1.4326457214253776 + (0.7744030926623663 * x_1))))) * (15.700000000000635 + (8.0 * (nan + (inf * x_9))))))))))) * (-0.7462916405225455 + (-0.1385269501856753 * sin(((((-0.12240538091052948 * (-0.5233405681948146 + (2.4341421776503003 * x_3))) - (80.15654264616063 + (-4.54962498291353 * arctan((0.1817897978580541 + (0.03393200672804281 * (-1.1997483391631258 + (0.4751478570943073 * x_0)))))))) + (0.7694573538393568 + (1.3091890961289618 * exp((-0.5993690957326682 + (-9.22090347182751 * (-0.7418811204628575 + (2.0898059731348098 * x_6)))))))) + (0.04897735383935665 + (9.563249485034259 * (-3.0 + (3.3333333333333335 * x_7))))))))))))
strogatz_bacres1,ok,2,NoRef,0.9554217609913025,0.5177080794731949,47,8.075039148330688,,0.01,(((-0.0323 + (-3.1009340740058042 + (0.07848210426397985 * x_1))) - (0.0034 + (-0.64 * (-6.2652814930864 + (0.45765203318264863 * x_0))))) * (((-0.9630000000000001 + (-0.47100000000000003 * (-6.2652814930864 + (0.45765203318264863 * x_0)))) + (0.049600000000000005 + (0.005549999999999999 * (-3.1009340740058042 + (0.07848210426397985 * x_1))))) - (0.6980000000000001 + (-0.7030000000000001 * (-6.2652814930864 + (0.45765203318264863 * x_0))))))
strogatz_bacres2,ok,2,NoRef,0.9819958334722271,0.2860651688215406,59,4.526679039001465,,0.01,((-0.00279 + (0.41000000000000003 * (-6.2652814930864 + (0.45765203318264863 * x_0)))) - ((-4.39 + (1.87 * (-3.1009340740058042 + (0.07848210426397985 * x_1)))) + ((-0.026600000000000002 + (-0.0108 * (-3.1009340740058042 + (0.07848210426397985 * x_1)))) * (0.00785 + (-0.00882 * (((7.7700000000000005 + (-47.1 * (-6.2652814930864 + (0.45765203318264863 * x_0)))) + (-0.00694 + (-7.5200000000000005 * cos((0.0454 + (99.0 * (-6.2652814930864 + (0.45765203318264863 * x_0)))))))))**2)))))
strogatz_barmag1,ok,2,NoRef,0.45112731167448583,0.18308842231824476,49,5.3495354652404785,,0.01,(0.008 + (0.342 * arctan((0.015600000000000001 + (2.59 * (((0.049600000000000005 + (-0.0884 * abs((0.0971 + (0.9870000000000001 * (-1.2538429920116652 + (0.3484404828044345 * x_1))))))) - (0.07100000000000001 + (-0.0035099999999999997 * inv((0.005059999999999999 + (-0.0105 * inv((0.020300000000000002 + (-61.5 * exp((-3.48 + (-5.4 * (-15.844310416841397 + (2.7805581875467364 * x_0)))))))))))))))**2)))))
strogatz_barmag2,ok,2,NoRef,0.7098550145815707,0.20367940597334935,34,6.939521789550781,,0.01,((0.003 + (-0.003 * (-15.844310416841397 + (2.7805581875467364 * x_0)))) * ((-60.0 + (70.0 * (-1.2538429920116652 + (0.3484404828044345 * x_1)))) + (0.01 + (-63.7 * sin((0.030000000000000002 + (-3.0 * (-1.2538429920116652 + (0.3484404828044345 * x_1)))))))))
strogatz_glider1,ok,2,NoRef,0.9724503096414101,0.13074188632377243,44,3.786591053009033,,0.01,((-0.188 + (0.025 * (-1.8084175385794719 + (0.8984434651839722 * x_0)))) - ((0.0698 + (0.999 * cos((0.4 + (-7.34 * (-1.836876920436821 + (0.13306474919016115 * x_1))))))) - ((0.302 + (-1.67 * (-1.8084175385794719 + (0.8984434651839722 * x_0)))) * (0.156 + (0.031200000000000002 * (-1.8084175385794719 + (0.8984434651839722 * x_0)))))))
strogatz_glider2,ok,2,NoRef,0.09173765475453555,1.0094294090015896,72,5.6749773025512695,,0.01,((((0.877 * (-1.8084175385794719 + (0.8984434651839722 * x_0))) + (2.14 + (-0.08650000000000001 * (-1.836876920436821 + (0.13306474919016115 * x_1))))) + (0.06920000000000001 + (0.132 * (-1.836876920436821 + (0.13306474919016115 * x_1))))) - (0.0505 + (0.801 * cos((((0.17600000000000002 + (0.9600000000000001 * (-1.836876920436821 + (0.13306474919016115 * x_1)))) - (0.00938 + (1.82 * inv((0.89 + (-0.08120000000000001 * ((-0.457 + (3.8200000000000003 * (-1.8084175385794719 + (0.8984434651839722 * x_0)))))**2)))))) - (0.00432 + (-0.0834 * (-1.836876920436821 + (0.13306474919016115 * x_1)))))))))
strogatz_lv1,ok,2,BFGS,0.00994847214807959,0.9576641138807804,50,11.153823137283325,,0.01,((-1.9522803775744675 + (-0.021890835738969914 * ((((38.78716931746499 * inv((-0.5825209502444286 + (-1.1210540200500059 + (1.0527256234139701 * x_1))))) * (-0.8775205281271391 + (0.27622285736588154 * (-1.1210540200500059 + (1.0527256234139701 * x_1))))) + (-0.9936257034404642 + (73.30483666501463 * (-1.0185100736451067 + (0.7243342361165919 * x_0))))))**2)) * (0.0005617778875065211 + (0.0003465586425526093 * sin((3.658812828587282 + (-5.764638952774742 * (-1.1210540200500059 + (1.0527256234139701 * x_1))))))))
strogatz_lv2,ok,2,NoRef,0.5106509370597521,0.38345325022715937,87,9.600419044494629,,0.01,(((-0.041100000000000005 + inv((0.041800000000000004 + (-0.00501 * (-1.0185100736451067 + (0.7243342361165919 * x_0)))))) - (9.23 + (35.6 * inv(((0.0267 + (4.91 * (-1.0185100736451067 + (0.7243342361165919 * x_0)))) - ((0.008709999999999999 + (-0.056600000000000004 * (-1.0185100736451067 + (0.7243342361165919 * x_0)))) * (-52.5 + (-0.645 * inv(((-0.135 + (0.0072499999999999995 * inv(((0.006679999999999999 + (12.1 * (-1.1210540200500059 + (1.0527256234139701 * x_1)))) * (-9.84 + (-0.34400000000000003 * (-1.1210540200500059 + (1.0527256234139701 * x_1)))))))) * (9.999999999999999e-05 + (3.16 * (-1.1210540200500059 + (1.0527256234139701 * x_1)))))))))))))) * (-0.016900000000000002 + (-0.016700000000000003 * (-1.0185100736451067 + (0.7243342361165919 * x_0)))))
strogatz_predprey1,ok,2,NoRef,0.8409439436495006,1.0054339234896228,64,11.86350417137146,,0.01,((-0.00166 + (-0.012900000000000002 * (-1.8083916054835167 + (0.37798488323581947 * x_1)))) * ((0.392 + (0.0246 * (((47.7 + (49.2 * (-0.7749611889583518 + (0.8276419259871193 * x_0)))) - (-0.00426 + (37.300000000000004 * (-1.8083916054835167 + (0.37798488323581947 * x_1))))))**2)) - ((5.99 + (52.800000000000004 * (-0.7749611889583518 + (0.8276419259871193 * x_0)))) * ((0.08850000000000001 + (-0.0592 * (-0.7749611889583518 + (0.8276419259871193 * x_0)))) * (0.00585 + (-0.08560000000000001 * (-0.7749611889583518 + (0.8276419259871193 * x_0))))))))
strogatz_predprey2,ok,2,NoRef,0.9424235597320717,0.39001282955516897,54,8.710096836090088,,0.01,((-0.22 + (0.0429 * (-0.7749611889583518 + (0.8276419259871193 * x_0)))) * ((0.005699999999999999 + (0.00158 * (-0.7749611889583518 + (0.8276419259871193 * x_0)))) - (((-0.00513 + (9.49 * (-0.7749611889583518 + (0.8276419259871193 * x_0)))) - (-0.008199999999999999 + (-0.792 * sin((0.00403 + (4.42 * (-1.8083916054835167 + (0.37798488323581947 * x_1)))))))) - (0.778 + (6.33 * (-1.8083916054835167 + (0.37798488323581947 * x_1)))))))
strogatz_shearflow1,ok,2,NoRef,0.22070460987440654,0.43220417403093275,39,7.059423208236694,,0.01,(-0.3 + (0.9 * inv((1.3 + (-2.0 * inv(((0.01 + (-0.02 * (0.1425865318514197 + (0.5727827728700499 * x_1)))) * ((-0.6 + (50.0 * (0.1425865318514197 + (0.5727827728700499 * x_1)))) + (-0.001 + (0.001 * (1.0787725150702083 + (0.4912165308203284 * x_0))))))))))))
strogatz_shearflow2,ok,2,BFGS,0.0003952880665225589,0.21959159432219477,89,5.841567039489746,,0.01,(0.09440754626153948 + (-7.943730629149154 * inv((((-73.77172610934781 + (-0.44939118844252557 * (1.0787725150702083 + (0.4912165308203284 * x_0)))) - ((2.1486856575209736 + (-80.08423744049746 * inv(((-0.8731848956940985 + (6.349817183132325 * (1.0787725150702083 + (0.4912165308203284 * x_0)))) * (7.461649525626178 + (2.487365497699792 * inv((-0.000598334028939653 + (-0.0011663574822485057 * (0.1425865318514197 + (0.5727827728700499 * x_1))))))))))) * (-76.98940734838077 + (74.3 * exp((-77.0 + (0.014300000000000002 * ((0.7200000000000001 + (-0.00985 * inv((0.662 + (0.021400000000000002 * inv((66.5 + (-0.0015999999999999999 * exp((-40.2 + (-5.87 * (0.1425865318514197 + (0.5727827728700499 * x_1))))))))))))))**2))))))) - (-60.028273890652216 + (-0.11960881155746522 * (1.0787725150702083 + (0.4912165308203284 * x_0))))))))
strogatz_vdp1,ok,2,NoRef,0.009584320278676173,1.027439306826231,79,5.611077308654785,,0.01,((0.00666 + (-0.0047799999999999995 * ((-0.516 + (-0.7080000000000001 * arctan((0.00141 + (8.73 * cos((-0.00404 + (2.64 * abs(((0.053700000000000005 + (0.62 * (((0.42300000000000004 + (45.2 * inv((20.7 + (-9.53 * (-0.44260024914922197 + (1.069046206513926 * x_0))))))) - (0.00094 + (-0.0084 * (-0.44260024914922197 + (1.069046206513926 * x_0))))))**2)) * (0.009989999999999999 + (0.136 * (-0.3313309365474487 + (4.278311300708479 * x_1)))))))))))))))**2)) * (-0.008709999999999999 + (6.15 * inv((0.249 + (-0.0291 * inv((0.045000000000000005 + (-0.00552 * (-0.44260024914922197 + (1.069046206513926 * x_0)))))))))))
strogatz_vdp2,ok,2,NoRef,0.9998646914802352,0.0010880931963321895,82,6.608377456665039,,0.01,((-0.0040999999999999995 + (-0.009219999999999999 * (-0.44260024914922197 + (1.069046206513926 * x_0)))) * ((0.0646 + (82.7 * ((0.532 + (-0.09910000000000001 * sqrt((9.700000000000001 + (0.52 * cos(((7.48 + (0.0916 * (-0.44260024914922197 + (1.069046206513926 * x_0)))) + ((((46.800000000000004 + (-0.44260024914922197 + (1.069046206513926 * x_0))) - (9.07 + (-0.0775 * (-0.3313309365474487 + (4.278311300708479 * x_1))))) * (-0.09680000000000001 + (-0.9810000000000001 * (-0.3313309365474487 + (4.278311300708479 * x_1))))) * (20.400000000000002 + (-0.038000000000000006 * (-0.3313309365474487 + (4.278311300708479 * x_1)))))))))))))**3)) + (9.07 + (0.00251 * (-0.44260024914922197 + (1.069046206513926 * x_0))))))
