dataset,status,n_features,refinement_type,r2,rmse,complexity,complexity_original,complexity_simplified,seconds,error,noise_strength,expr,expr_simplified
1027_ESL,ok,4,NoRef,0.794881587480334,0.6586192305393738,90,90,90,31.053837776184082,,0.001,(((0.406 * (-4.543727322540949 + (0.8485018342746871 * x_2))) + ((5.3 + (0.542 * (-6.146798559422659 + (1.0976425998969035 * x_3)))) + (0.005379999999999999 + (0.465 * (-3.1650294675520123 + (0.6187740894529837 * x_1)))))) + ((0.738 + (8.07 * cos((90.0 + (-0.374 * sin((-7.38 + (21.8 * sqrt((0.05 + (97.60000000000001 * exp((-0.07940000000000001 + (-0.365 * (-6.146798559422659 + (1.0976425998969035 * x_3)))))))))))))))) * ((0.541 + (-0.0989 * sin((-0.07440000000000001 + (3.91 * ((0.050300000000000004 + (-7.92 * (-4.543727322540949 + (0.8485018342746871 * x_2)))))**2))))) - (0.608 + (4.46 * inv((((-0.34400000000000003 + (-0.512 * (-6.146798559422659 + (1.0976425998969035 * x_3)))) * (0.89 + (1.9000000000000001 * cos((-0.526 + (-0.534 * (-4.543727322540949 + (0.8485018342746871 * x_2)))))))) - ((-0.0097 + (-1.44 * (-3.1650294675520123 + (0.6187740894529837 * x_1)))) + (21.5 + (-0.004719999999999999 * (-3.689442089095961 + (0.6641659926365366 * x_0)))))))))))),0.2877299515956374*x_1 + 0.344491744715523*x_2 + 0.59492228914412174*x_3 + (8.07*cos(0.374*sin(21.8*sqrt(0.05 + 849.8492387769115*exp(-0.40063954896236977*x_3)) - 7.38) - 90.0) + 0.738)*(-0.0989*sin(3.91*(36.036620394524316 - 6.720134527455522*x_2)**2 - 0.07440000000000001) - 0.0669999999999999 - 4.46/(0.003134863485244452*x_0 + 0.8910346888122965*x_1 + (2.8031608624244014 - 0.5619930111472146*x_3)*(1.9000000000000001*cos(0.4530999795026829*x_2 - 1.900350390236867) + 0.89) - 26.065356599935431)) - 1.3426768145703928
1028_SWD,ok,10,BFGS,0.09692941500923957,0.7675697034458644,79,79,79,23.420575618743896,,0.001,(-5.870356427760591 + (6.5215901254521205 * arctan(((((-0.018321014834159363 * cos(((6.000394793077978 + (29.709542728408604 * (-2.566230515260939 + (1.2704111461687815 * x_8)))) + ((-1.5496052069220208 + (7.98810109065626 * (-2.8621521711176414 + (1.2806049982629268 * x_1)))) + ((-17.32960520692202 + (0.03832169098705823 * (-2.7885115085974532 + (1.4154880754301793 * x_0)))) + (99.57039479307798 + (-8.035748092546878 * (-2.6745450995191127 + (1.3046561461068844 * x_9))))))))) * (-8.189496531367897 + (0.12202543417399923 * (-2.9293890917537175 + (2.0064308847628203 * x_5))))) + ((1.176676886334679 + (0.15677270545840638 * (-2.1689364464787513 + (0.972617240573431 * x_2)))) * (8.885791789081024 + (8.000001609864716 * inv((((0.028251586398085577 * ((-17.299999740495192 + (-1.7499878483368239 * exp((77.39997873458375 + (-49.20003179160563 * arctan((0.03360600076382688 + (-10.600007434609712 * (-2.4841136395988146 + (1.2451697441598069 * x_3)))))))))))**2) * (0.09539791102549301 + (69.7999998183648 * (-2.5904290116544066 + (1.3421911977483971 * x_6))))) + (0.20199999261391388 + (0.0917999999900321 * (-2.9121760301824526 + (1.3867504905630728 * x_7)))))))))) - (-0.17736745294814898 + (-0.023518781575328697 * (-2.3736872687394746 + (1.012233376861183 * x_4)))))))),6.5215901254521205*atan(0.02380649569365554*x_4 + (8.885791789081024 + 8.000001609864716/(0.1273036950198671*x_7 + 0.028251586398085577*(93.684945359048946*x_6 - 180.71654663193899)*(-7.2014292256409447e+33*exp(49.20003179160563*atan(13.198808545445026*x_3 - 26.365229048926652)) - 17.299999740495192)**2 - 0.065337766927807004))*(0.15247983618018648*x_2 + 0.83664685165286314) - 0.018321014834159363*(0.24483559985330456*x_5 - 8.5469565071537215)*cos(0.054243896622501102*x_0 + 10.229602183323943*x_1 + 37.743334229747963*x_8 - 10.483888137507957*x_9 + 8.9719933540369928) + 0.12154122054652673) - 5.870356427760591
1029_LEV,ok,4,BFGS,0.0007254543312509298,0.9704206983768581,28,28,28,22.12937641143799,,0.001,(1.7388110265370693 + (0.00010409710008059782 * ((1.9513671920796838 + (-8.222215372543696 * sin(((-0.02066035784866004 + (0.8604586609256426 * (-1.3537592065395143 + (0.7317617332646023 * x_0)))) + ((-0.020660357848660056 + (-0.8284666567058389 * (-1.490881128154221 + (0.7665198602335326 * x_1)))) + ((-0.02066035784866005 + (0.867027520719702 * (-1.338219395737549 + (0.6915862510271571 * x_2)))) + (0.04933964215133995 + (9.893302706974728 * (-1.3777422408758337 + (0.721331016165358 * x_3)))))))))))**2)),0.00010409710008059782*(8.222215372543696*sin(0.629650721121487*x_0 - 0.6350361459063017*x_1 + 0.5996243125919095*x_2 + 7.136346094853568*x_3 - 14.733044047717292) - 1.9513671920796838)**2 + 1.7388110265370693
1030_ERA,ok,4,BFGS,0.09074247826789816,1.9140897383950648,57,49,57,20.198533058166504,,0.001,((49.39993787556249 + (0.6363530049402263 * ((6.919390924255238 + (-1.8026202153614108 + (0.2599308169230585 * x_1))))**2)) * (0.04530896199554332 + (0.01441390227465559 * abs(((-0.08665129439948054 + (0.6696632150536678 * sin(((-2.801504702742594 + (-0.04938751692774685 * (-1.775251610451698 + (0.26918144207000727 * x_2)))) - (0.020404702742593577 + (55.702687516927746 * (-1.775251610451698 + (0.26918144207000727 * x_2)))))))) + ((-0.003607231961338749 + (-0.7551110858968898 * inv((0.017928972897905602 + (-1.6821592654348876 + (0.2229502008528678 * x_0)))))) * ((-0.07868415255731413 + (0.1694318489736242 * (-1.6821592654348876 + (0.2229502008528678 * x_0)))) - (0.07731415255731412 + (-0.05681810104318241 * (-1.4098777764544617 + (0.21377979931075994 * x_3))))))))))),(0.6363530049402263*(0.2599308169230585*x_1 + 5.1167707088938272)**2 + 49.39993787556249)*(0.01441390227465559*Abs(((0.0008042330903033583*x_0 + 0.74910782119462226)*(0.03777486475954228*x_0 + 0.012146562238230016*x_3 - 0.5211162376865017) + (0.2229502008528678*x_0 - 1.664230292536982)*(0.6696632150536678*sin(15.007423956008471*x_2 - 96.152051584390681) + 0.08665129439948054))/(0.2229502008528678*x_0 - 1.664230292536982)) + 0.04530896199554332)
1096_FacultySalaries,ok,4,NoRef,0.7600858310343129,2.2390897939700145,58,58,58,13.801131010055542,,0.001,(((-0.996 + (-0.08 * (-9.112288776127002 + (0.17718880655098507 * x_3)))) * ((0.398 + (0.78 * (-7.346234106637792 + (0.09939270487749849 * x_2)))) + ((-38.300000000000004 + (-0.0635 * (-8.427043203926056 + (0.14480699704232594 * x_1)))) + (((8.05 + (-0.5619514869490163 + (2.341464528954235 * x_0))) - ((0.09820000000000001 + (0.0898 * (-8.427043203926056 + (0.14480699704232594 * x_1)))) * (-83.2 + (66.8 * sin((-0.00207 + (-49.9 * (-0.5619514869490163 + (2.341464528954235 * x_0))))))))) * (-0.257 + (-0.00447 * (-8.427043203926056 + (0.14480699704232594 * x_1)))))))) - (0.0678 + (-0.00746 * inv((49.2 + (-0.0379 * (-0.5619514869490163 + (2.341464528954235 * x_0)))))))),(-0.014175104524078806*x_3 - 0.2670168979098398)*(-0.0091952443121876973*x_1 + 0.07752630980444883*x_2 + (-0.00064728727677919695*x_1 - 0.2193311168784505)*(2.341464528954235*x_0 - (0.01300366833440087*x_1 - 0.6585484797125599)*(-66.8*sin(116.8390799948163*x_0 - 28.03930919875591) - 83.2) + 7.488048513050984) - 43.096945359728177) - 0.0678 + 0.00746/(49.22129796135537 - 0.08874150564736551*x_0)
1193_BNG_lowbwt,ok,9,BFGS,0.5609930358381618,480.0787600986265,62,62,62,25.314730167388916,,0.001,((0.009999231193476819 + (0.15773190092699843 * (((1.9929864144822482 + (-0.24043458655241037 * (-0.7018100265975371 + (2.126697050295567 * x_0)))) * (59.79971243006696 + (-7.699754632419691 * sin(((0.008953637839259732 + (8.999387092328902 * (-2.1712405933672376 + (2.631806779839076 * x_7)))) + (0.01895363783925973 + (-0.009837310454849145 * (-0.4860799579773197 + (1.7055437122011219 * x_5))))))))))**2)) + ((0.059999231193476825 + (0.9006401878906155 * inv(((0.9784805968990028 + (-0.24684602735301664 * (-0.2412489548185819 + (4.386344633065126 * x_6)))) * (5.9999039992244505 + (0.00998358244514755 * (-4.7670358854990456 + (0.20452064575820186 * x_1)))))))) + ((0.07999923119347682 + (0.07999888870668134 * (-4.341145088689214 + (0.03261568031203464 * x_2)))) + ((0.07999923119347682 + (0.029999017407636865 * (-0.9231403599700084 + (0.7474820728502092 * x_8)))) + ((0.07999923119347682 + (0.019999183438261993 * (-1.7565107319733801 + (1.3459852352286439 * x_3)))) + (0.07999923119347682 + (0.20000144352033353 * (-0.8422598823413764 + (2.029541885159943 * x_4))))))))),0.002609218179375157*x_2 + 0.026918605624529868*x_3 + 0.40591130671696758*x_4 + 0.022423727715329913*x_8 + 0.15773190092699843*(2.1617258180655632 - 0.51133152601004533*x_0)**2*(7.699754632419691*sin(0.016777962991238318*x_5 - 23.68464796398747*x_7 + 19.507145575158642) + 59.79971243006696)**2 - 0.18856667200472928 + 0.9006401878906155/((1.0380319429990371 - 1.0827517472733518*x_6)*(0.0020418487286618249*x_1 + 5.9523119034425938))
1196_BNG_pharynx,ok,10,BFGS,0.19293956508228127,344.132773230371,97,89,97,25.874698400497437,,0.001,(((((-7.048756898333028 + (-0.05195565430643252 * (-0.4676211227230167 + (1.585156348213616 * x_5)))) + (((3.5305127718353617 * (-1.020204061220407 + (2.000400120040014 * x_2))) - ((-0.36324310166697166 + (-0.04182843144122358 * (-1.3193830297679 + (0.5890102811463838 * x_0)))) - (-3.4787568983330286 + (-0.8529011742037875 * (-1.3076038098835963 + (1.5659925866869417 * x_3)))))) + (0.05098310166697168 + (-37.39460087666473 * (-0.9685432901733048 + (1.0249135345749258 * x_7)))))) - (-8.141243101666973 + (26.190117632869722 * (-1.3184242770282357 + (1.2437964877624863 * x_6))))) - (-0.044053101666971684 + (-9.456765174056013 * abs(((-22.675423223979333 + (-0.016696645932769396 * ((0.0028955781067301076 + (0.0022823046932822027 * (-1.6870547845739468 + (2.279803762937766 * x_1)))))**2)) - (((-0.5454269961869084 * exp(((-0.8475927738986219 + (-2.3714958949733353 * (-1.4913495697629222 + (1.021472308056796 * x_8)))) + (0.21240722610137816 + (-0.06106313864522839 * inv((-0.5866322586942813 + (0.7283757511660292 * (-1.3184242770282357 + (1.2437964877624863 * x_6)))))))))) - (35.92457677602068 + (57.174013674925334 * tan((-94.73390609888204 + (-101.16447264157084 * (-0.9685432901733048 + (1.0249135345749258 * x_7)))))))) + (-0.22965677602067058 + (51.58220674314802 * (-0.5927489783638191 + (2.279803762937766 * x_9)))))))))) + (-0.1197568983330283 + (0.03966082644501635 * abs(((-7.120038262521394 + (0.0045799227034490795 * (-5.275654998591812 + (0.08600904883651646 * x_4)))) * ((-0.08176298230357681 + (-0.001641401999855816 * (-1.3184242770282357 + (1.2437964877624863 * x_6)))) - (0.008212982303576817 + (-0.005300057295750631 * (-1.6870547845739468 + (2.279803762937766 * x_1)))))))))),0.02463737616310734*x_0 + 7.0624381725822601*x_2 - 1.3356369159797191*x_3 - 0.08235783524943361*x_5 - 32.575176325849722*x_6 - 38.326232558521067*x_7 + 0.03966082644501635*Abs((0.00039391479546842237*x_4 - 7.1442003546250093)*(-0.01208309056663805*x_1 + 0.002041570042426985*x_6 + 0.096753387381493178)) + 9.456765174056013*Abs(117.5973090336627*x_9 + 0.016696645932769396*(0.0052032068279152896*x_1 - 0.0009547949459272066)**2 + 57.174013674925334*tan(103.68483722848075*x_7 - 3.2482650820322614) - 44.054110676814307 - 9.9279848610720552*exp(-(2.4224173853856299*x_8*(0.90595120107166981*x_6 - 1.5469405318302515) + 0.06106313864522839)/(0.90595120107166981*x_6 - 1.5469405318302515))) + 66.182749580491255
1199_BNG_echoMonths,ok,9,BFGS,0.30744965534577706,12.905392310432465,140,101,140,24.258045196533203,,0.001,((-0.011093712883699078 + (-0.0048583437966058275 * abs((-0.07792062514707149 + (1.2501241006496684 * sin((0.07278566030202813 + (3.5397379881890783 * (-2.050416905868444 + (9.294535034379726 * x_3)))))))))) * ((0.0899907640650763 + (0.018402480285810603 * sin((8.139968718774158 + (-0.0008296687786231898 * arctan((-0.009729980992856196 + (-0.7530000005445788 * (-7.068403061162645 + (0.11366866615016445 * x_1)))))))))) * (((0.054497459674673544 * exp((-6.279999937342721 * (-0.4525696378552518 + (2.66217434032501 * x_2))))) + ((-0.002160194413915299 + (-26.500041234995262 * abs((((6.230175474223755 + (-0.07166856387204644 * (-3.0702386426579005 + (2.0989423382322308 * x_7)))) * ((-0.061061554647732205 + (0.14798453981150328 * (-1.7077351386697883 + (0.1433472945228545 * x_4)))) - ((0.009531554647732206 + (-8.879984539811504 * (-1.7077351386697883 + (0.1433472945228545 * x_4)))) - (-46.29996155464774 + (62.8000479819411 * (-0.7018100265975372 + (2.1266970502955673 * x_0))))))) - ((0.009363819449757102 + (0.05348306344696025 * inv((-0.0076196640117704864 + (-3.139998733793766 * inv(((-0.004689915354779442 + (-0.011999995104621908 * (-6.139712387609727 + (1.3064991268887023 * x_5)))) + ((0.7730047375900724 + (0.0879035742422311 * (-0.5850486126764433 + (2.29430828500566 * x_8)))) * (55.9000000710284 + (0.09300006295780874 * (-0.5850486126764433 + (2.29430828500566 * x_8)))))))))))) - (-0.41999381944975717 + (-0.04509970660993608 * (-2.7393118696321914 + (0.1834262746734647 * x_6))))))))) + (-71.40000019441392 + (0.045499964698937606 * (-0.4525696378552518 + (2.66217434032501 * x_2)))))) + (0.4629998055860847 + (-0.008700048405421105 * (-7.068403061162645 + (0.11366866615016445 * x_1))))))),((0.00098892289768608216*x_1 - 0.12112883850720547*x_2 + 26.500041234995262*Abs((0.00083850656629407719*x_5 - 0.05348306344696025*(0.201677898665561*x_8 + 0.7215768734303544)*(0.2133708149501486*x_8 + 55.84559051321611) + (-0.00011946096380885891*x_5 + 0.0076196640117704864*(0.201677898665561*x_8 + 0.7215768734303544)*(0.2133708149501486*x_8 + 55.84559051321611) + 3.1405243885317706)*(0.008272471172326807*x_6 + (0.15042818303133913*x_7 - 6.4502150684875079)*(133.55667680161423*x_0 + 1.2941349425999429*x_4 - 105.86163803657246) + 0.30581547726598697) - 0.0036896148780925097)/(-0.00011946096380885891*x_5 + 0.0076196640117704864*(0.201677898665561*x_8 + 0.7215768734303544)*(0.2133708149501486*x_8 + 55.84559051321611) + 3.1405243885317706)) + 70.898257037006834)*exp(16.71845469043646*x_2) - 0.93476147190749819)*(0.018402480285810603*sin(0.0008296687786231898*atan(0.085592505672975377*x_1 - 5.312777527911918) + 8.139968718774158) + 0.0899907640650763)*(0.0048583437966058275*Abs(1.2501241006496684*sin(32.900218743748197*x_3 - 7.1851529530256125) - 0.07792062514707149) + 0.011093712883699078)*exp(-16.71845469043646*x_2)
1201_BNG_breastTumor,ok,9,BFGS,-0.0422009094435134,10.815324895168628,71,71,71,24.210447072982788,,0.001,((0.056476980529256614 + (-0.008519751170788676 * (-1.6200683918739798 + (1.270641875979592 * x_4)))) - (-0.9290769805292567 + (-4.620198160957804 * abs((((-1.3980241425024835 + (0.08085268553450425 * (-5.513793854744495 + (0.10828748668207969 * x_0)))) + (-0.3280241425024834 + (-5.869816543085063 * cos((0.15450179655325433 + (-25.896705639886985 * (-0.75 + (2.0833333333333335 * x_8)))))))) - ((1.8980241425024835 + (32.90013729568949 * inv((((((-0.39787937167539167 + (0.4579912604763914 * (-5.513793854744495 + (0.10828748668207969 * x_0)))) - (-0.4001206283246084 + (-0.8849953213680876 * (-1.2500406497455434 + (0.8064778385455118 * x_6))))) - ((12.09987937167539 + (9.989998054709814 * (-0.933007822647968 + (1.6963778593599417 * x_1)))) - (-4.789879371675392 + (89.90005837989061 * (-0.6081636405595373 + (2.2524579279982864 * x_7)))))) - ((5.269310874339436 + (-9.660328022830202 * (-0.6081636405595373 + (2.2524579279982864 * x_7)))) * (5.719928238472513 + (-0.0956540981892017 * (-0.749436783737264 + (0.22607444456629383 * x_2)))))) + (-59.99987937167539 + (-0.06050097032585577 * (-1.061913167103641 + (2.0036097492521527 * x_5)))))))) + (-2.2719758574975164 + (-0.21541771323279815 * inv((0.4860500096741076 + (-0.0022084024958822753 * (-0.5388159060803247 + (2.3947373603569986 * x_3))))))))))))),-0.01082555261053025*x_4 + 4.620198160957804*Abs(-0.0087553341080280062*x_0 + 5.869816543085063*cos(53.95147008309789*x_8 - 19.577031026468493) + 1.7979016106496727 - 32.90013729568949/(-0.049594722519346124*x_0 + 16.946811515058616*x_1 + 0.12122033398409981*x_5 - 0.7137291138998259*x_6 - 202.49609922529339*x_7 + (0.021624947118613507*x_2 - 5.791614938170717)*(21.7594824420879*x_7 - 11.14437113370317) + 125.8079000629985) + 0.21541771323279815/(0.0052885439635949274*x_3 - 0.48723993206591646)) + 0.99935654063693939
1203_BNG_pwLinear,ok,10,BFGS,0.28465749613274804,3.7117329846744767,98,98,98,23.01083540916443,,0.001,((((0.0037733392445987615 * (0.07462778926574919 + (1.2437964877624865 * x_6))) + ((0.005375870673101236 + (-0.06668932173980593 * (-0.07017213284715496 + (1.0024590406736422 * x_0)))) * ((((0.003006739515219229 + (0.6189998027822476 * (0.103834826330233 + (1.2979353291279123 * x_9)))) - ((0.00857125271419721 + (-5.999999538432553 * (0.23480352857641618 + (1.2692082625752226 * x_1)))) * (0.3929943442062831 + (0.35699849875005746 * (0.10854662075011276 + (1.1425960078959239 * x_8)))))) - (((0.8809695707680073 + (0.23480352857641618 + (1.2692082625752226 * x_1))) - (-3.8099695707680072 + (-0.08090008332346549 * (-0.0689883074727411 + (1.1498051245456848 * x_7))))) * (-7.3899837585246875 + (2.329986457994312 * inv((-1.2000263085006522 + (0.0036151808796927726 * inv((5.440000003195171 + (0.03950000153033293 * (0.23480352857641618 + (1.2692082625752226 * x_1)))))))))))) + (((-2.550003260484781 + (-0.0014007311893209748 * (-0.032157832069216574 + (1.286313282768663 * x_4)))) + (0.23299673951521926 + (-9.209990857927243 * tan(((-0.05100775004927542 + (-38.40184040899834 * (-0.3106848830006 + (1.2427395320024 * x_5)))) * ((0.015264686233719725 + (-4.366165805255687 * (-0.018397292771819163 + (1.2264861847879442 * x_3)))) * (0.2636619104487308 + (1.275808447367971 * (0.23480352857641618 + (1.2692082625752226 * x_1)))))))))) - (-0.07559673951521922 + (-0.08599981403350113 * (-0.012127673025267264 + (1.2127673025267265 * x_2)))))))) + (0.04239113702475029 + (2.129961957807029 * (-0.032157832069216574 + (1.286313282768663 * x_4))))) - (-0.02559113702475029 + (-0.8309866142372159 * (-0.3106848830006 + (1.2427395320024 * x_5))))),2.739798358119128*x_4 + 1.032699916077417*x_5 + 0.0046932660995682935*x_6 + (0.01005560261771356 - 0.066853313494461723*x_0)*(0.10429776248320928*x_2 - 0.0018017791344119167*x_4 + 0.80342171275428934*x_9 - (-7.3899837585246875 + 2.329986457994312/(-1.2000263085006522 + 0.0036151808796927726/(0.050133728314032492*x_1 + 5.449274742933267)))*(1.2692082625752226*x_1 + 0.093019330381493515*x_7 + 4.9201615102895411) - (-7.6152489896261181*x_1 - 1.4002498103666346)*(0.40790505949665363*x_8 + 0.43174532485846519) - 9.209990857927243*tan((0.09559031684331417 - 5.3550420406396297*x_3)*(11.87986354442809 - 47.72348517790945*x_5)*(1.6192666228626948*x_1 + 0.56322623567832934)) - 2.1751272380652519) - 0.25840606795685766
192_vineyard,ok,2,NoRef,0.5676775796702231,2.8614725509199905,48,44,48,10.353611469268799,,0.001,((((-0.0946 * (-1.7076703227012184 + (0.5208144092695798 * x_0))) * (-7.72 + (6.87 * (-4.169458226011473 + (0.431896071220312 * x_1))))) + (7.01 + (1.1500000000000001 * cos((((-0.55 + (-1.7076703227012184 + (0.5208144092695798 * x_0))) + ((0.23700000000000002 + (0.891 * (-4.169458226011473 + (0.431896071220312 * x_1)))) - (0.00792 + (84.10000000000001 * (-4.169458226011473 + (0.431896071220312 * x_1)))))) * (-5.42 + (7.22 * (-1.7076703227012184 + (0.5208144092695798 * x_0))))))))) * (2.7 + (-0.024200000000000003 * inv((3.46 + (4.6000000000000005 * (-4.169458226011473 + (0.431896071220312 * x_1)))))))),(5.3641492045562758*x_1 - 42.466871167062503)*(-(0.04926904311690225*x_0 - 0.16154561252753527)*(2.96712600928354*x_1 - 36.36417801269882) + 1.1500000000000001*cos((3.760280034926366*x_0 - 17.749379729902796)*(0.5208144092695798*x_0 - 35.93764019017094*x_1 + 344.90785920548748)) + 7.01)/(1.9867219276134353*x_1 - 15.719507839652778)
210_cloud,ok,5,NoRef,0.6481092739414054,0.6360215298821568,28,28,28,13.187814474105835,,0.001,(((2.0 + (-1.0570827394885711 + (0.7017329636726495 * x_2))) + (0.3 + (0.9 * (-1.3542915032506988 + (1.1265769290074164 * x_3))))) * (0.5 + (-0.07 * tan(((0.02 + (-9.0 * (-1.4231307757262779 + (0.9371836815758414 * x_1)))) + ((0.01 + (0.01 * (-1.349156164026494 + (0.6152466562861073 * x_4)))) + (0.01 + (0.01 * (-1.0 + (2.0 * x_0)))))))))),(0.07*tan(0.02*x_0 - 8.434653134182573*x_1 + 0.006152466562861073*x_4 + 12.824685419896236) - 0.5)*(-0.7017329636726495*x_2 - 1.0139192361066748*x_3 - 0.024054907585799938)
215_2dplanes,ok,10,NoRef,0.6237795739316143,2.8538462723122215,62,62,62,24.200087308883667,,0.001,(((1.0 * (0.07603639459945774 + (1.1697906861455036 * x_4))) + (-0.1 + (1.1 * (-0.03138824102871723 + (1.2555296411486891 * x_1))))) + ((0.05 + (-0.01 * (0.07603639459945774 + (1.1697906861455036 * x_4)))) * (((80.0 * (0.02000400120040014 + (1.000200060020007 * x_0))) + (-0.01 + (30.0 * sin((0.7000000000000001 + (2.7 * (-0.0 + (1.2038585308576921 * x_2)))))))) + ((0.001 + (-0.5 * (0.047524845652175754 + (1.1881211413043937 * x_5)))) * ((-40.0 + (0.4 * (-0.08057455696049687 + (1.2396085686230287 * x_8)))) + ((-0.001 + (50.0 * (-0.03114373299321498 + (1.2457493197285991 * x_6)))) + ((0.003 + (0.01 * (-0.16290204253291504 + (1.2066817965401115 * x_3)))) + ((0.01 + (0.6 * (0.02500781616401777 + (1.2503908082008883 * x_9)))) * (0.003 + (-60.0 * (-0.030001500112509377 + (1.200060004500375 * x_7)))))))))))),1.3810826052635581*x_1 + 1.1697906861455036*x_4 + (0.04923963605400542 - 0.011697906861455036*x_4)*(80.01600480160056*x_0 + (-0.59406057065219685*x_5 - 0.022762422826087877)*(0.012066817965401115*x_3 + 62.287465986429955*x_6 + 0.49584342744921151*x_8 + (1.8030900067505626 - 72.0036002700225*x_7)*(0.75023448492053295*x_9 + 0.02500468969841066) - 41.589045492870277) + 30.0*sin(3.2504180333157689*x_2 + 0.7000000000000001) + 1.590320096032011) - 0.05849067053213122
218_house_8L,ok,8,BFGS,-0.12578883321730183,43001.774748268275,113,113,113,29.34171438217163,,0.001,(((2.0738046464783824 * ((-90.00017506909602 + (0.002775996768965464 * sqrt((0.006136951851386417 + (0.06929998840147938 * ((0.08289997318323307 + (0.021600028497906723 * (-8.745399041277315 + (1.4579020752294582 * x_6)))))**2))))))**2) + (-0.07109953028854307 + (8.819819716055592 * ((0.012803496308204676 + (-0.9014859060303482 * inv((1.003962590271894 + (-0.6522664026845892 * (-0.2735558448495786 + (0.00011731984031014947 * x_0))))))))**2))) + ((0.07495829416334385 + (0.9596551753923329 * (((-0.06918977617234556 + (-0.007961410777296767 * (-7.96909359589554 + (11.183243963289556 * x_3)))) + ((0.020007651796029615 + (-0.16468065577384577 * sin((87.2968302106136 + (-0.4354479563349125 + (54.54681096758018 * x_1)))))) * (-0.143288467948888 + (-42.89907432670392 * arctan((-0.21561654986010767 + (9.119866991011593 * (-8.051727895827435 + (16.731591247493967 * x_2))))))))))**2)) * ((((0.4810479181736079 + (-35.499697646919714 * (-8.745399041277315 + (1.4579020752294582 * x_6)))) * (-2.735750616585841 + (0.12586710762371509 * (-1.2420794631854704 + (7.280171385208041 * x_5))))) - (-2.899979062937148 + (5.199985573329081 * (-0.3762519483828514 + (8.305362235129161 * x_4))))) - (((-0.7017807180996736 + (-1.5037336233963396 + (3.0832213967881748 * x_7))) - (23.099780718099673 + (4.7592524692911455 * (-8.051727895827435 + (16.731591247493967 * x_2))))) * (10.399136562851721 + (0.017328627737534793 * (-1.2420794631854704 + (7.280171385208041 * x_5)))))))),8.819819716055592*(0.012803496308204676 - 0.9014859060303482/(1.182393877125272 - 7.6523790202631654e-5*x_0))**2 + 2.0738046464783824*(0.002775996768965464*sqrt(0.06929998840147938*(0.031490726372113648*x_6 - 0.10600089533392307)**2 + 0.006136951851386417) - 90.00017506909602)**2 + (0.9596551753923329*(-0.089034399014472482*x_3 + (0.020007651796029615 - 0.16468065577384577*sin(54.54681096758018*x_1 + 86.86138225427869))*(-42.89907432670392*atan(152.58988672511871*x_2 - 73.646304007623962) - 0.143288467948888) - 0.00574454853269616)**2 + 0.07495829416334385)*(-43.18776380394381*x_4 + (310.94006968517983 - 51.755082869462565*x_6)*(0.91633411526107146*x_5 - 2.8920875660558129) - (0.12615537979972315*x_5 + 10.377613030213743)*(-79.62986695980578*x_2 + 3.0832213967881748*x_7 + 13.014910810681433) + 4.856483766464933) - 0.07109953028854307
225_puma8NH,ok,8,BFGS,2.919374186838297e-09,5.624295967959115,59,59,59,16.791004180908203,,0.001,((-3.3316708806344755 + (2.1578546297299617e-07 * arctan((((-2.009991388828376 * (-0.031097369547192274 + (0.9193982774372316 * x_5))) + ((-0.352024476188027 + (0.005808997677061347 * (-0.06585661692848528 + (0.8959411617355382 * x_2)))) + (0.0006755238119730905 + (0.2617730107806221 * exp((-2.6000594705032993 + (72.0999936944671 * (-0.06585661692848528 + (0.8959411617355382 * x_2))))))))) + ((-0.009624476188026912 + (85.09993794932265 * (-0.022023529833178766 + (0.8877592340102415 * x_4)))) + (((0.657081818992924 * (-0.01549372006853783 + (0.9102782276193362 * x_0))) - (-93.09997552381198 + (0.5008388292631877 * (-0.0263697467348816 + (2.836613933023496 * x_7))))) + (-0.008874476188026913 + (72.49995438247164 * (-0.09681685113891113 + (2.9689157921727203 * x_6)))))))))) + (0.03832911936552513 + (7.880568565447758 * sin(((3.9107578257885462 + (-6.545186201401575e-09 * (-0.07572364437013104 + (0.9138359759094098 * x_3)))) + ((-2.7592421742114537 + (3.990216119181308e-09 * (-0.07710723083161697 + (0.9234518833549156 * x_1)))) - (0.45746217421145413 + (-4.82234365120993e-09 * cos((-0.19366190728010954 + (21.85605139872361 * (-0.09681685113891113 + (2.9689157921727203 * x_6))))))))))))),7.880568565447758*sin(3.684772590251121e-9*x_1 - 5.981226619866611e-9*x_3 + 4.82234365120993e-9*cos(64.888776152209198*x_6 - 2.3096959820347237) + 0.69405347755358921) + 2.1578546297299617e-7*atan(0.5981272735937683*x_0 + 0.005204520127305386*x_2 + 75.54825572820976*x_4 - 1.847982620552478*x_5 + 215.24625949792188*x_6 - 1.420686401287134*x_7 + 0.0001684959814210124*exp(64.59735211174583*x_2) + 83.901858541193074) - 3.2933417612689504
228_elusage,ok,2,NoRef,0.613289223422851,14.793972727398552,38,30,38,7.662224054336548,,0.001,(((-2.96 + (-3.494368107086116 + (0.06492913712491094 * x_0))) + (0.0961 + (0.09880000000000001 * inv((-7.0 + (0.658 * (-3.494368107086116 + (0.06492913712491094 * x_0)))))))) * ((-13.6 + (2.2 * (-3.494368107086116 + (0.06492913712491094 * x_0)))) - (0.0057399999999999994 + (5.78 * cos((55.1 + (26.0 * (-1.588178110693536 + (0.281773535768208 * x_1))))))))),-((0.0427233722281914*x_0 - 9.299294214462664)*(0.06492913712491094*x_0 - 6.358268107086116) + 0.09880000000000001)*(-0.1428441016748041*x_0 + 5.78*cos(7.32611192997341*x_1 + 13.80736912196807) + 21.293349835589456)/(0.0427233722281914*x_0 - 9.299294214462664)
229_pwLinear,ok,10,NoRef,0.6434715473642341,2.6651585718293402,52,52,52,31.49443483352661,,0.001,((0.04 + (-0.02 * cos(((-0.030000000000000002 + (0.9 * (0.1308442961026054 + (1.2461361533581465 * x_1)))) + (0.09000000000000001 + (9.0 * (-0.029787773436724965 + (1.1915109374689985 * x_7)))))))) * (((30.0 * (-0.0708881205008336 + (1.2888749181969743 * x_4))) + ((-0.01 + (20.0 * (0.13630961003872036 + (1.1853009568584378 * x_2)))) + ((-0.01 + (20.0 * (-0.12885860791431716 + (1.227224837279211 * x_5)))) + ((-0.01 + (20.0 * (0.024625761678892605 + (1.2312880839446303 * x_6)))) + ((-0.01 + (30.0 * (0.1308442961026054 + (1.2461361533581465 * x_1)))) + (-0.01 + (-70.0 * (-0.07017213284715496 + (1.0024590406736422 * x_0))))))))) + ((-0.01 + (0.01 * (0.047863877241182545 + (1.1965969310295634 * x_8)))) + ((-0.01 + (0.6 * (0.024260699053001707 + (1.2130349526500854 * x_3)))) + (-0.001 + (0.001 * (0.07877919836271194 + (1.2119876671186451 * x_9)))))))),(0.02*cos(1.1215225380223319*x_1 + 10.723598437220987*x_7 - 0.090330094438179814) - 0.04)*(70.172132847154954*x_0 - 37.384084600744395*x_1 - 23.706019137168756*x_2 - 0.72782097159005121*x_3 - 38.666247545909229*x_4 - 24.54449674558422*x_5 - 24.625761678892606*x_6 - 0.011965969310295634*x_8 - 0.0012119876671186451*x_9 - 7.296383680822493)
230_machine_cpu,ok,6,NoRef,0.8209711896135543,69.07708308464676,62,68,62,17.611835479736328,,0.001,(-1.07 + (7.4 * abs(((-0.0098 + (0.00911 * sin((-0.007679999999999999 * (-0.7169976175893781 + (0.03797656872825096 * x_5)))))) + (((0.92 + (-1.0157486231470525 + (8.41758769093056e-05 * x_2))) - (-0.559 + (0.00231 * abs((0.8570000000000001 + (0.892 * inv((0.00208 + (-0.00705 * inv((-0.08610000000000001 + (0.225 * (-0.7539783429454673 + (0.00025457276565311854 * x_1)))))))))))))) * ((0.025400000000000002 + (-4.44 * sin(((-0.627 + (17.2 * abs((0.056 + (52.2 * (-0.7692023071461158 + (0.003791788953692772 * x_0))))))) - (90.9 + (-0.00864 * (-0.7047263654341995 + (0.14485639577270287 * x_4)))))))) + (8.35 + (4.76 * (-0.6323138508124196 + (0.02430107036173788 * x_3)))))))))),7.4*Abs((-8.41758769093056e-5*x_2 + 0.00231*Abs((5.1194857093137983e-5*x_1 - 0.2346223844630305)/(1.1914005432565947e-7*x_1 - 0.007581949864498478)) - 0.46325137685294759)*(0.1156730949218723*x_3 - 4.44*sin(0.0012515592594761528*x_4 + 17.2*Abs(0.1979313833827627*x_0 - 40.09636043302725) - 91.53308883579736) + 5.3655860701328825) + 0.00911*sin(0.0002916600478329673*x_5 - 0.005506541703086423) + 0.0098) - 1.07
344_mv,ok,10,NoRef,0.9769042689268093,1.456027466123372,91,91,91,20.06908392906189,,0.001,((((-0.9810000000000001 + (0.915 * (0.9175113942281458 + (0.09481017314613248 * x_5)))) * ((6.5 + (5.45 * inv((-16.6 + (0.187 * inv(((-0.00445 + (1.41 * (-2.4616167895905274 + (0.008477159847985765 * x_8)))) - (-0.0961 + (0.23 * (((0.5850000000000001 + (0.053500000000000006 * (0.07176828705486599 + (1.6917112741967857 * x_4)))) - (((0.787 + (0.674 * (-0.7257530966188903 + (2.1036321641127254 * x_6)))) - (14.0 + (-8.98 * ((-0.7040000000000001 + (0.006359999999999999 * abs(((0.87 + (-51.7 * (-0.6964409092807232 + (1.5476464650682737 * x_2)))) * (5.74 + (0.0965 * (8.731675768609247 + (0.6975312065809712 * x_1)))))))))**2))) - (-1.37 + (-0.0052499999999999995 * (1.3389884173455886 + (0.3190495684869531 * x_3)))))))**2))))))))) - ((-0.41600000000000004 + (4.2700000000000005 * arctan(((5.8100000000000005 + (-0.028300000000000002 * (8.731675768609247 + (0.6975312065809712 * x_1)))) * (-0.36000000000000004 + (0.5710000000000001 * (-0.5619514869490163 + (2.341464528954235 * x_7)))))))) + (2.5100000000000002 + (0.9600000000000001 * (0.9175113942281458 + (0.09481017314613248 * x_5))))))) - (0.0007599999999999999 + (-2.73 * (-0.08262425328176871 + (0.3485338209019501 * x_0))))) - (-0.0425 + (-0.015700000000000002 * (-19.94909374672912 + (0.018109774499670123 * x_9))))),0.9514973310623238*x_0 + 0.00028432345964482097*x_9 + (0.08675130842871122*x_5 - 0.1414770742812467)*(-0.09101776622028719*x_5 - 4.2700000000000005*atan((5.5628935757483588 - 0.019740133146241486*x_1)*(1.336976246032868*x_7 - 0.6808742990478884)) + 3.5251890615409798 + 5.45/(-16.6 + 0.187/(0.01195279538565993*x_8 - 0.23*(-0.0016750102345565036*x_3 + 0.090506553169528045*x_4 - 1.417848078611977*x_6 - 8.98*(0.006359999999999999*Abs((0.06731176143506372*x_1 + 6.582606711670793)*(80.013322244029755*x_2 - 36.87599500981339)) - 0.7040000000000001)**2 + 12.913967501287503)**2 - 3.3792296733226434))) - 0.4970249832828758
485_analcatdata_vehicle,ok,4,NoRef,0.3123401921710647,233.32038007728468,61,61,61,11.754380702972412,,0.001,((0.74 + (9.33 * (-1.0 + (2.0 * x_0)))) - (((9.67 * (-1.0 + (2.0 * x_2))) + (-0.0897 + (-0.0007199999999999999 * (((0.343 + (-0.00037 * (-1.0 + (2.0 * x_1)))) - (((0.0373 + (-1.4638501094227998 + (0.5855400437691199 * x_3))) - (0.8470000000000001 + (70.7 * inv(((0.058800000000000005 + (0.0273 * (-1.0 + (2.0 * x_0)))) * (0.748 + (-0.09910000000000001 * arctan((0.056600000000000004 + (88.10000000000001 * cos((-0.0073999999999999995 + (-46.5 * (-1.0 + (2.0 * x_1))))))))))))))) * (-0.33 + (0.0947 * (-1.0 + (2.0 * x_2)))))))**2))) + (0.00785 + (7.13 * (-1.0 + (2.0 * x_2)))))),18.66*x_0 - 33.6*x_2 + 0.0007199999999999999*(-0.00074*x_1 - (0.1894*x_2 - 0.4247)*(0.5855400437691199*x_3 - 2.2735501094227999 - 70.7/((0.748 - 0.09910000000000001*atan(88.10000000000001*cos(93.0*x_1 - 46.4926) + 0.056600000000000004))*(0.0546*x_0 + 0.031500000000000004))) + 0.34337)**2 + 8.29185
519_vinnie,ok,2,NoRef,0.6818133141060807,1.707366141601072,61,61,61,17.06368088722229,,0.001,(((0.862 + (0.00276 * inv(((-0.12000000000000001 + (0.882 * abs((-128.04990782468957 + (1.4940774496784266 * x_0))))) + (-0.00067 + (0.030400000000000003 * (((-0.006719999999999999 + (-0.00899 * (-128.04990782468957 + (1.4940774496784266 * x_0)))) * (0.00611 + (-0.5640000000000001 * (-3.050344651934337 + (0.22536717044213794 * x_1))))))**2)))))) * (-0.014400000000000001 + (3.0300000000000002 * (-3.050344651934337 + (0.22536717044213794 * x_1))))) - (-6.48 + (-42.6 * inv(((-0.07600000000000001 + (-0.099 * (-128.04990782468957 + (1.4940774496784266 * x_0)))) + (0.051800000000000006 + (73.4 * cos((-5.3 + (76.4 * (-128.04990782468957 + (1.4940774496784266 * x_0)))))))))))),(0.862 + 0.00276/(0.030400000000000003*(1.1444486713439592 - 0.013431756272609055*x_0)**2*(1.726504383690966 - 0.12710708412936582*x_1)**2 + 0.882*Abs(1.4940774496784266*x_0 - 128.04990782468957) - 0.12067000000000001))*(0.682862526439678*x_1 - 9.2569442953610418) + 6.48 + 42.6/(-0.14791366751816424*x_0 + 73.4*cos(114.1475171554318*x_0 - 9788.3129578062839) + 12.652740874644268)
522_pm10,ok,7,BFGS,0.08576689075254373,0.8331800450942776,95,95,95,18.830743312835693,,0.001,(((0.11543181391917841 + (-73.50344349017702 * inv((-62.29543889772437 + (3.578691557832908 * inv((0.5218268270072073 + (0.093196010437604 * (-7.079162907839687 + (0.987710095069961 * x_0)))))))))) - (-0.19404181391917835 + (0.062396772231190174 * (-0.19671235889801858 + (0.1523720850826871 * x_1))))) - ((((-8.282417039659848 * ((-0.013576428274085067 + (-0.14906515510251842 * sin(((0.02353928317859473 + (0.49955745817640307 * (-0.12981253370068688 + (0.9947320404949649 * x_3)))) + (-5.447460716821405 + (98.03006822645202 * (-1.5591481867057306 + (0.005027969450348218 * x_6)))))))))**2) + ((-0.2893318139191784 + (-0.16085954319881524 * (-7.079162907839687 + (0.987710095069961 * x_0)))) + (-0.19350181391917842 + (-8.271693316406475 * inv((-6.12718832330377 + (-1.0534319572850173 * sqrt((2.6302667911249675 + (9.04129164567423 * abs((-8.300607033072954 + (8.300799816433734 * ((((-11.100074108139399 + (-0.0019731163984716606 * (-1.7456009505041916 + (0.5312236624740025 * x_2)))) * (-0.09335430794929513 + (0.19416978914197033 * (-1.5591481867057306 + (0.005027969450348218 * x_6))))) - (8.615349136951833e-05 + (-74.00016866271008 * (-0.12981253370068688 + (0.9947320404949649 * x_3))))))**2))))))))))))) + (-0.18857181391917846 + (0.020136648376910832 * (-1.6816570543158895 + (0.011591759038935135 * x_4))))) + (-1.0131318139191787 + (0.08553717706983674 * (-2.0008354353416413 + (0.15444503553389743 * x_5)))))),0.1588825947058123*x_0 - 0.0095075262872959571*x_1 - 0.00023341917583691465*x_4 - 0.013210792352020212*x_5 + 8.282417039659848*(-0.14906515510251842*sin(0.49692580971629151*x_3 + 0.4928921882581523*x_6 - 158.33217337092949) - 0.013576428274085067)**2 + 1.0725429398969345 + 8.271693316406475/(-1.0534319572850173*sqrt(9.04129164567423*Abs(8.300799816433734*(73.61033877082916*x_3 + (-0.0010481661196836289*x_2 - 11.096629834278771)*(0.00097627976798638195*x_6 - 0.39609378260303223) - 9.6062355418759348)**2 - 8.300607033072954) + 2.6302667911249675) - 6.12718832330377) - 73.50344349017702/(-62.29543889772437 + 3.578691557832908/(0.0920506403294669*x_0 - 0.1379229132413193))
523_analcatdata_neavote,ok,2,NoRef,0.9146867409036856,1.1531377114546184,24,26,24,8.703304290771484,,0.001,((-82.4 + (-0.32 * tan(((0.008799999999999999 + (0.032400000000000005 * (-32.42453434284643 + (3.268602252303068 * x_1)))) - ((38.7 + (0.0912 * (-1.1000004629242885 + (1.0091747366277877 * x_0)))) * (19.5 + (-87.3 * (-32.42453434284643 + (3.268602252303068 * x_1))))))))) - (-88.2 + (4.25 * (-1.1000004629242885 + (1.0091747366277877 * x_0))))),-4.2889926306680977*x_0 - 0.32*tan(26.262588424025293*x_0*x_1 - 262.31959351794972*x_0 + 11014.485076759226*x_1 - 110016.37692062824) + 10.475001967428223
529_pollen,ok,4,BFGS,0.6823234814569035,1.9052983832664012,74,74,74,17.07371711730957,,0.001,(((((-5.518645804095114 * (-0.14240534481180597 + (0.1466357845322108 * x_0))) - (0.0889945073476939 + (4.4649022986774884 * (0.13411228300539055 + (0.09366364070564696 * x_3))))) + (-0.08049450734769391 + (0.7255537467683687 * (0.008717172475124766 + (0.20153683119485272 * x_1))))) - ((-0.108647449527952 + (-0.006317387925152698 * (0.008717172475124766 + (0.20153683119485272 * x_1)))) * ((0.5152678730106904 + (1.780408702116255 * (-0.14240534481180597 + (0.1466357845322108 * x_0)))) * (0.47905885713329677 + (-0.017084879128049155 * (-0.14240534481180597 + (0.1466357845322108 * x_0))))))) + (-0.006314507347693904 + (-20.999812274251425 * ((((9.388751960184553 + ((0.006437640553368414 + (0.017563646621163945 * (0.008717172475124766 + (0.20153683119485272 * x_1)))))**2) - (0.0794480398154478 + (-0.0683172975259228 * sqrt((5.339980790557834 + (0.05600169001564494 * (0.008717172475124766 + (0.20153683119485272 * x_1)))))))) * (0.033337590347276666 + (-0.009635826310076924 * cos((-0.30161628625410586 + (60.900649005408 * (-0.030628056605373096 + (0.1278483556294714 * x_2)))))))))**3))),-0.8092309570388804*x_0 + 0.14622580298524964*x_1 - 0.41819900468914549*x_3 - 20.999812274251425*(0.033337590347276666 - 0.009635826310076924*cos(7.786047832109016*x_2 - 2.1668848112957008))**3*((0.0035397216842555633*x_1 + 0.0065907458902572425)**2 + 0.0683172975259228*sqrt(0.011286403147309503*x_1 + 5.340468966948599) + 9.309303920369105)**3 - (0.48149183523659464 - 0.0025052546545794814*x_0)*(0.2610716268227923*x_0 + 0.26172815787988516)*(-0.0012731863438639002*x_1 - 0.1087025192880878) + 0.017607673062207947
537_houses,ok,8,NoRef,0.3170271289356553,82716.11288696891,73,73,73,19.180839776992798,,0.001,((-0.00331 + (0.00108 * (-1931.3382469098758 + (51.06894768888684 * x_6)))) - ((-14.0 + (62.1 * abs(((0.04870000000000001 + (0.0767 * sin(((0.779 + (0.00795 * (-1.616400063304611 + (0.0017131956155851734 * x_4)))) - ((9.51 + (7.49 * (-1.2904738757872565 + (0.0029224672776394607 * x_3)))) * (0.9 + (-0.082 * (-1.2807665932048524 + (0.0031092227789157063 * x_5))))))))) + (0.547 + (-0.007529999999999999 * inv((-0.386 + (0.0352 * ((-0.196 + (-5.76 * (4732.105772728812 + (38.70787762899494 * x_7)))))**2))))))))) * ((8.93 + (0.0106 * (-1.5066316366506536 + (0.0007951087204436459 * x_2)))) + (0.0063999999999999994 + (-9.3 * (((32.7 + (3.56 * (-1.516023044552607 + (0.4819862123055841 * x_0)))) + (0.00835 + (0.0403 * (-4.071076517823106 + (0.09225190387090654 * x_1))))))**2))))),0.05515446350399779*x_6 - (62.1*Abs(0.0767*sin(1.3619905143902129e-5*x_4 - (1.0050228606427979 - 0.00025495626787108793*x_5)*(0.021889279909519561*x_3 - 0.15564932964655168) + 0.7661496194967284) + 0.5957 - 0.007529999999999999/(0.0352*(-222.9573751430108*x_7 - 27257.12525091796)**2 - 0.386)) - 14.0)*(8.428152436702647e-6*x_2 - 9.3*(1.715870915807879*x_0 + 0.003717751725997534*x_1 + 27.14724357772445)**2 + 8.9204297046515028) - 2.0891553066626659
547_no2,ok,7,BFGS,0.07648334871459206,0.7090615647081755,55,55,55,18.70673441886902,,0.001,(4.721402262941888 + (-0.017247665577001442 * sqrt((0.0302691385864213 + (0.9052055665002233 * abs((((-0.9482726793313108 + (-6.654222247738914 + (0.9476037076783185 * x_0))) + (-0.14827267933131077 + (-0.6585559512107151 * (-1.593513108814246 + (0.5093537168700765 * x_2))))) * ((90.00014830634427 + (-19.99956636987746 * (-0.1634556815138494 + (0.9729504782544822 * x_3)))) * ((0.05884376375498429 + (-70.0008925473046 * cos(((1.1456799021548263 + (0.7869606419063442 * (-1.5089883784697682 + (0.0049762181060208684 * x_6)))) * (9.014991361758884 + (0.03780760751149916 * (-1.8397826257177994 + (0.14854926327959622 * x_5)))))))) + ((0.00884376375498429 + (29.997840485621627 * (-1.664176255098275 + (0.011106799904836887 * x_4)))) + (-0.011156236245015713 + (-30.000235052928414 * (-0.16485779278081106 + (0.16091536708568774 * x_1)))))))))))))),4.721402262941888 - 0.017247665577001442*sqrt(0.9052055665002233*Abs((19.45858766445453*x_3 - 93.26919105731405)*(-0.9476037076783185*x_0 + 0.3354379215160865*x_2 + 6.701350065259626)*(4.8274988361988925*x_1 - 0.3331800118510144*x_4 + 70.0008925473046*cos((0.0056162922421973284*x_5 + 8.94543358233927)*(0.003916087794980155*x_6 - 0.041834560794955941)) + 44.919390015400968)) + 0.0302691385864213)
556_analcatdata_apnea2,ok,3,BFGS,-5.843747707956481e-11,3064.5387321012618,36,36,36,15.37976622581482,,0.001,(17.889814403022267 + (5.641727734799673 * ((5.335941445303717 + (2.5303217403107444e-08 * inv((2.190379142998794 + (1.0106989451196995 * ((6.938845664274688 + (-20.0323116910985 * sin(((1.5673328540671672 + (6.899243532873323 * (-1.9639610121239315 + (0.4364357804719848 * x_2)))) + ((1.5673328540671665 + (1.089190104698213 * (-1.414213562373095 + (0.7071067811865475 * x_0)))) + (1.567332854067166 + (-3.88056660326433 * (-1.414213562373095 + (0.7071067811865475 * x_1))))))))))**2))))))**3)),5.641727734799673*(5.335941445303717 + 2.5303217403107444e-8/(1.0106989451196995*(6.938845664274688 - 20.0323116910985*sin(0.7701737090333921*x_0 - 2.743974960014255*x_1 + 3.011076735935862*x_2 - 4.9002442475481559))**2 + 2.190379142998794))**3 + 17.889814403022267
557_analcatdata_apnea1,ok,3,BFGS,2.851967770389763e-06,3091.898449671013,65,65,65,16.486472368240356,,0.001,((145.92923497384177 + (0.0753179384471729 * inv(((3.86113115183385 + (-40.2740344299165 * (-1.9639610121239315 + (0.4364357804719848 * x_2)))) + (3.809581151833852 + (0.44844847473509114 * inv(((-0.3211280223189551 + (-1.4535705833339012 * (-1.414213562373095 + (0.7071067811865475 * x_0)))) + ((-2.020603117042019 + (-18.580428053842358 * (-1.414213562373095 + (0.7071067811865475 * x_1)))) * (6.848834686020467 + (-0.06294413583534665 * (-1.414213562373095 + (0.7071067811865475 * x_0))))))))))))) + (143.97223497388654 + (5.9612843680522705 * exp(((5.974180604263082 + (4.792244315316535e-05 * (-1.414213562373095 + (0.7071067811865475 * x_1)))) * (0.7346790262799641 + (9.249410165639298e-05 * sin(((0.21638858065424776 + (28.878932745095888 * (-1.9639610121239315 + (0.4364357804719848 * x_2)))) - ((0.21155756043773039 + (-0.01384319969021435 * (-1.414213562373095 + (0.7071067811865475 * x_0)))) * (0.10458531898121987 + (-0.25471996824272036 * (-1.414213562373095 + (0.7071067811865475 * x_0)))))))))))))),5.9612843680522705*exp((0.7346790262799641 - 9.249410165639298e-5*sin(-12.603799551803882*x_2 + (0.23113480118627055 - 0.00978862037427008*x_0)*(0.46481375267731906 - 0.18011421684804959*x_0) + 56.50070940246322))*(3.388628452463005e-5*x_1 + 5.974112831694033)) + 289.90146994772831 + 0.0753179384471729/(-17.57702964917619*x_2 + 86.767345724960571 + 0.44844847473509114/(-1.0278296164086871*x_0 + (6.937851136590669 - 0.04450822528510079*x_0)*(24.256090231399375 - 13.138346674220697*x_1) + 1.7345312104984191))
561_cpu,ok,7,NoRef,0.9820064768576293,21.079781977659202,52,52,52,22.176148653030396,,0.001,(4.0 + (0.006 * ((((-0.9 + (-16.0 * (-0.6323138508124196 + (0.02430107036173788 * x_4)))) + (-99.0 + (-16.0 * (-0.7539783429454673 + (0.00025457276565311854 * x_2))))) - (((1.0 + (-0.7169976175893781 + (0.03797656872825096 * x_6))) + (0.9900000000000001 + (13.6 * (-1.0157486231470525 + (8.41758769093056e-05 * x_3))))) * (2.6 + (-0.5 * cos(((-0.7000000000000001 + (1.5 * (-0.7692023071461158 + (0.003791788953692772 * x_1)))) + (-0.7000000000000001 + (-0.1 * inv(((-0.3 + (0.9 * (-0.7047263654341995 + (0.14485639577270287 * x_5)))) + (-0.1 + (-0.1 * (-2.133033539448027 + (0.13828418408090937 * x_0)))))))))))))))**2)),0.006*(-0.0040731642504498966*x_2 - 0.3888171257878061*x_4 - (2.6 - 0.5*cos(-0.005687683430539158*x_1 + 2.553803460719174 + 0.1/(-0.013828418408090938*x_0 + 0.13037075619543259*x_5 - 0.8209503749459768)))*(0.00114479192596656*x_3 + 0.03797656872825096*x_6 - 12.541178892389292) - 77.71932489987381)**2 + 4.0
564_fried,ok,10,NoRef,0.3846936491492352,3.864479302129223,79,67,79,13.757022142410278,,0.001,((0.1 + (3.0 * (-1.7072590503875993 + (3.406682733645306 * x_3)))) + ((9.0 + (1.4000000000000001 * (-1.7104407863161182 + (3.5565645061896443 * x_4)))) + ((0.09000000000000001 + (0.04 * (-1.962363239855984 + (3.5856659102912434 * x_1)))) * ((90.0 + (-0.6 * abs(((-0.05 + (60.0 * (-1.773506662490512 + (3.508247186303262 * x_0)))) + (-55.0 + (0.01 * (-1.607933134680659 + (3.167467366535192 * x_8)))))))) + (0.9 + (0.004 * abs(((90.0 + (-0.1 * (-1.720003460115014 + (3.637178355927193 * x_5)))) * ((0.01 + (-90.0 * (-1.6828104573254623 + (3.7222908179660887 * x_2)))) + ((0.01 + (-0.6 * inv(((0.009 + (0.02 * (-1.796837581375697 + (3.5565800417739046 * x_7)))) * (9.0 + (0.060000000000000005 * (-1.8698296358353992 + (3.6196322750179175 * x_6)))))))) + (10.0 + (-0.1 * (-1.9240942347694134 + (3.69350448997641 * x_9)))))))))))))),10.22004820093592*x_3 + 4.9791903086655024*x_4 + (0.14342663641164974*x_1 + 0.01150547040576065)*(0.004*Abs((0.3637178355927193*x_5 - 90.1720003460115)*((0.21717793650107507*x_6 + 8.887810221849876)*(0.071131600835478094*x_7 - 0.02693675162751394)*(335.00617361694798*x_2 + 0.369350448997641*x_9 - 161.66535058276855) + 0.6)/((0.21717793650107507*x_6 + 8.887810221849876)*(0.071131600835478094*x_7 - 0.02693675162751394))) - 0.6*Abs(210.4948311781957*x_0 + 0.03167467366535192*x_8 - 161.4764790807775) + 90.9) + 1.5836057479946365
579_fri_c0_250_5,ok,5,NoRef,0.5280363094365634,0.6770298160882231,32,32,32,21.607969522476196,,0.001,((-1.0 + (0.3 * (0.005461379359663086 + (0.9984585108671526 * x_4)))) + ((0.1 + (0.6 * (-0.06946253611908115 + (1.0023314177985747 * x_3)))) + (0.02 + (1.5 * sin(((0.7000000000000001 + (0.8 * (-0.02274143198027288 + (1.0121437364720292 * x_1)))) + ((0.1 + (0.7000000000000001 * (-0.013457740978846304 + (0.9847731451468804 * x_0)))) + (-0.060000000000000005 + (0.006999999999999999 * ((0.01 + (-7.8 * (0.002356872848593581 + (1.0237945973760811 * x_2)))))**2))))))))),0.6013988506791448*x_3 + 0.2995375532601458*x_4 + 1.5*sin(0.6893412016028164*x_0 + 0.8097149891776234*x_1 + 0.006999999999999999*(7.9855978595334324*x_2 + 0.008383608219029931)**2 + 0.71238643573058937) - 0.9200391078635498
591_fri_c1_100_10,ok,10,NoRef,0.5001108570775412,0.7034843616088782,51,51,51,15.67316222190857,,0.001,((-0.1 + (1.2 * sin((-1.6 * (-3.2198895784854976e-09 + (1.00503782205916 * x_1)))))) + ((0.01 + (0.5 * (2.134112838164798e-09 + (1.0050378109985483 * x_3)))) + (-0.01 + (-0.6 * sin(((0.006 + (0.02 * (5.279121260744071e-09 + (1.0050378172397734 * x_8)))) + ((0.02 + (0.02 * (-2.2838751521040537e-09 + (1.0050378162329852 * x_5)))) + ((0.02 + (0.02 * (-6.364898005776579e-10 + (1.0050378226906627 * x_9)))) + ((0.02 + (0.02 * (-2.3025954316862416e-09 + (1.0050378109487454 * x_7)))) + ((0.01 + (0.02 * (-6.294696838797298e-10 + (1.0050378125173551 * x_2)))) + ((0.01 + (2.0 * (2.8080432239977528e-09 + (1.0050378175357129 * x_0)))) + ((0.01 + (-0.1 * (1.020255702066691e-09 + (1.005037815122467 * x_4)))) + (-0.7000000000000001 + (0.1 * (-9.126140610221942e-10 + (1.0050378224669032 * x_6)))))))))))))))),0.50251890549927415*x_3 - 1.2*sin(1.60806051529466*x_1 - 5.1518233255767964e-9) - 0.6*sin(2.0100756350714258*x_0 + 0.020100756250347102*x_2 - 0.1005037815122467*x_4 + 0.020100756324659704*x_5 + 0.10050378224669033*x_6 + 0.020100756218974908*x_7 + 0.020100756344795468*x_8 + 0.020100756453813254*x_9 - 0.6039999945886668) - 0.09999999893294359
593_fri_c1_1000_10,ok,10,NoRef,0.30732109333995683,0.8252749122591971,92,92,92,17.603250741958618,,0.001,(((0.1 * log((((0.04 + (1.73 * (-0.10952305202408649 + (0.9907329152448134 * x_3)))) + (25.400000000000002 + (-0.0446 * (0.04860705755687076 + (0.9906127943356936 * x_9))))) - (0.0666 + (0.45 * (-0.16354271824973488 + (0.9842858800610822 * x_2))))))) - ((0.0936 + (0.052000000000000005 * (0.03184790765809063 + (1.0100220814643854 * x_1)))) * ((((-0.302 + arctan(((-41.6 + (0.00416 * arctan(((-0.00326 + (-0.0096 * (-0.031232891696203968 + (1.0079763143256126 * x_0)))) + ((-0.12200000000000001 + (0.0429 * (-0.031232891696203968 + (1.0079763143256126 * x_0)))) - (-13.9 + (-0.007019999999999999 * (0.01810045940385405 + (1.0151432151143167 * x_5))))))))) * (-0.0065 + (0.0070999999999999995 * (-0.1223375680664318 + (1.011933155780458 * x_4))))))) - ((0.032400000000000005 + (0.0703 * (0.050220707802833754 + (1.0091533137436086 * x_8)))) - ((-33.6 + (-0.0396 * (0.01280861499107831 + (0.9931663952687514 * x_6)))) * (0.3 + (0.061000000000000006 * (0.009250498393228406 + (1.0116206136929107 * x_7))))))) * (0.051000000000000004 + (0.881 * sin((0.509 + (-2.59 * (0.03184790765809063 + (1.0100220814643854 * x_1)))))))) - (-6.73 + (0.00074 * (0.050220707802833754 + (1.0091533137436086 * x_8))))))) + (0.006379999999999999 + (-0.23700000000000002 * arctan((-7.26 + (28.3 * (-0.031232891696203968 + (1.0079763143256126 * x_0)))))))),-(0.052521148236148046*x_1 + 0.095256091198220716)*(-0.00074677345217027035*x_8 + (0.051000000000000004 - 0.881*sin(2.615957190992758*x_1 - 0.4265139191655453))*(-0.070943477956175686*x_8 + (-0.03932938925264256*x_6 - 33.60050722115365)*(0.061708857435267559*x_7 + 0.30056428040198692) + atan((0.0071847254060412513*x_4 - 0.0073685967332716654)*(0.00416*atan(0.033565611267042901*x_0 + 0.0071263053701025022*x_5 + 13.773827009931532) - 41.6)) - 0.33793051575853921) + 6.7299628366762263) + 0.1*log(-0.442928646027487*x_2 + 1.713967943373527*x_3 - 0.04418133062737194*x_9 + 25.255351468443677) - 0.23700000000000002*atan(28.525729695414837*x_0 - 8.1438908350025721) + 0.006379999999999999
594_fri_c2_100_5,ok,5,NoRef,0.1483441257622875,0.9182261711824851,37,37,37,7.897417068481445,,0.001,(((-0.48500000000000004 * (2.8870194710416236e-09 + (1.0050378286556427 * x_2))) - (0.197 + (-0.00113 * ((55.1 + (-0.057800000000000004 * abs((0.687 + (-22.8 * abs((((0.905 + (19.0 * (1.4789027717446586e-09 + (1.005037819531248 * x_1)))) + (9.73 + (-3.99 * (2.3236557527311636e-09 + (1.0050378111926093 * x_4))))) - (-0.459 + (-22.2 * (-2.5740396230235096e-09 + (1.0050378181358313 * x_0))))))))))))**2))) + (-0.8530000000000001 + (0.308 * (-5.056086547415916e-09 + (1.0050378116639687 * x_3))))),-0.48744334689798675*x_2 + 0.30955164599250236*x_3 + 0.00113*(0.057800000000000004*Abs(22.8*Abs(22.311839562615454*x_0 + 19.09571857109371*x_1 - 4.0101008666585113*x_4 + 11.093999961684087) - 0.687) - 55.1)**2 - 1.0500000029574792
595_fri_c0_1000_10,ok,10,NoRef,0.6034011045066886,0.6649244801717502,68,68,68,16.198193550109863,,0.001,((-0.028700000000000003 + (0.0025499999999999997 * abs(((-46.800000000000004 + (-2.85 * (-0.018095961115013614 + (1.0387664339348464 * x_5)))) + ((((0.049 + (5.01 * (0.02614878476186862 + (1.0238590584883367 * x_2)))) * (72.5 + (-0.0035499999999999998 * (0.0710289511872284 + (0.9995744991233574 * x_7))))) - (0.00996 + (0.545 * (-0.04354630810283682 + (1.0225112857000962 * x_6))))) + ((0.0238 + (-0.00053 * (-0.010207914156323272 + (0.9840604732257373 * x_9)))) - (0.0036599999999999996 + (74.5 * (-0.04354630810283682 + (1.0225112857000962 * x_6)))))))))) + ((-0.0019 + (0.553 * (-0.1211406374101396 + (1.023594826503582 * x_3)))) + (((-0.937 + (0.023677204900816835 + (1.0365983191687715 * x_4))) + (0.00276 + (2.99 * arctan(((-0.00686 + (0.892 * (-0.06702131565911112 + (0.9599333061403312 * x_1)))) + (-0.0026 + (0.87 * (0.08331357934160229 + (1.0244910011465165 * x_0))))))))) * (0.249 + (-0.00041 * cos(((-88.60000000000001 + (-0.0087 * (-0.1211406374101396 + (1.023594826503582 * x_3)))) + (0.010100000000000001 + (3.08 * (0.011813355667839568 + (0.9979701604705712 * x_8))))))))))),0.5660479390564809*x_3 + (0.00041*cos(0.008905274990581163*x_3 - 3.073748094249359*x_8 + 88.552460940997596) - 0.249)*(-1.0365983191687715*x_4 - 2.99*atan(0.89130717099746935*x_0 + 0.8562605090771754*x_1 + 0.003239800459266872) + 0.91056279509918322) + 0.0025499999999999997*Abs(2.9604843367143123*x_5 + 76.734359435363719*x_6 + 0.0005215520508096408*x_9 + (5.1295338830265666*x_2 + 0.1800054116569618)*(0.0035484894718879186*x_7 - 72.499747847223285) + 43.470308409050323) - 0.097590772487807208
596_fri_c2_250_5,ok,5,NoRef,0.7591120620812801,0.49667758639984944,52,52,52,16.59377121925354,,0.001,((-0.016700000000000003 + (0.323 * (0.030239726957857333 + (1.0089704881333104 * x_3)))) - ((-0.00039999999999999996 + (1.36 * sin(((-0.771 + (-0.47000000000000003 * (-0.05566958792821793 + (1.0085802753375575 * x_1)))) * ((0.00733 + (-1.27 * (-0.00836934259429335 + (0.9826060373461664 * x_0)))) - ((-0.024700000000000003 + (0.728 * (-0.00836934259429335 + (0.9826060373461664 * x_0)))) + (((-11.8 + (0.0006 * (-0.03982219788825426 + (0.9780391196646281 * x_4)))) * (0.00771 + (-0.06720000000000001 * (-0.05566958792821793 + (1.0085802753375575 * x_1))))) - (0.0821 + (-0.0961 * (-0.03327251323989341 + (0.9795882248533074 * x_2))))))))))) + ((0.017 + (0.021900000000000003 * (-0.03327251323989341 + (0.9795882248533074 * x_2)))) * (9.75 + (-8.9 * (-0.03982219788825426 + (0.9780391196646281 * x_4))))))),0.32589746766705927*x_3 - (10.10441756120546 - 8.70454816501519*x_4)*(0.021452982124287435*x_2 + 0.016271331960046335) - 1.36*sin((-0.47403272940865206*x_1 - 0.74483529367373759)*(-1.96324686261764*x_0 - 0.09413842840840285*x_2 - (0.01145099630877625 - 0.067776594502683874*x_1)*(0.0005868234717987768*x_4 - 11.80002389331873) + 0.13404943502575188)) - 0.0065325681926120842
597_fri_c2_500_5,ok,5,NoRef,0.33371234609781886,0.8136454009998944,52,50,52,26.697574615478516,,0.001,((-0.07250000000000001 + (0.259 * (-0.002414032778585222 + (0.9938074619432425 * x_4)))) + (((-0.07780000000000001 + (-3.68 * (-0.002414032778585222 + (0.9938074619432425 * x_4)))) * (-0.00878 + (0.00586 * (0.10122870033412179 + (1.0080699070194354 * x_2))))) - ((-0.00396 + (-0.49000000000000005 * sin((2.4 + (-7.53 * cos((0.0332 + (0.8520000000000001 * (0.10122870033412179 + (1.0080699070194354 * x_2)))))))))) + (0.265 + (1.48 * sin(((-0.683 + (-0.533 * (0.05371846994181401 + (0.9861750482670715 * x_0)))) * ((-0.225 + (-1.73 * (0.06629972590880558 + (1.0075976137302378 * x_1)))) + (0.5900000000000001 + (0.226 * (0.051318081308249455 + (1.014644489729816 * x_3)))))))))))),0.2573961326432998*x_4 - (0.0059072896551338912*x_2 - 0.008186799816042046)*(3.657211459951133*x_4 + 0.06891635937480639) + 1.48*sin((0.5256313007263491*x_0 + 0.7116319444789869)*(-1.7431438717533114*x_1 + 0.2293096546789384*x_3 + 0.26189936055343081)) - 0.49000000000000005*sin(7.53*cos(0.85887556078055907*x_2 + 0.11944685268467178) - 2.4) - 0.3341652344896536
599_fri_c2_1000_5,ok,5,BFGS,0.5510513470900518,0.6719505272185591,67,61,67,15.199408292770386,,0.001,(((0.023914690130669818 + (-0.36278821117309645 * (-0.0602307402531005 + (1.0089516501853955 * x_2)))) - (0.9426553098693302 + (-0.19928186639890408 * (0.10153935051992874 + (1.044491792439849 * x_4))))) - (((-75.10000238590722 * abs(((0.13140603895630548 + (0.024042189711942573 * (-0.037314603346356716 + (1.0738698362097465 * x_0)))) * (0.10101417823956703 + (0.013749538539595848 * (-0.0758845730996851 + (1.0498897117688875 * x_3))))))) + (0.02805530986933019 + (0.008455836592779384 * inv((0.4713222471575901 + (-1.3771846086338901 * (-0.0758845730996851 + (1.0498897117688875 * x_3)))))))) + (-0.027764690130669813 + (-0.868878500106872 * sin(((0.4681904647514488 + (-0.8694137394589513 * cos(((2.2874453870735287 + (-1.1954945754087785 * (-0.037314603346356716 + (1.0738698362097465 * x_0)))) + (0.007745387073528676 + (-0.06468119757227274 * cos((0.3814897036371661 + (0.005611676731677323 * (0.10153935051992874 + (1.044491792439849 * x_4))))))))))) - (-0.001580464751448799 + (1.9482252026091826 * (0.009574705784042063 + (1.0477984342708666 * x_1)))))))))),((1.445891951811183*x_3 - 0.57582931326322976)*(-0.3660357643309034*x_2 + 0.20814827383574984*x_4 - 0.868878500106872*sin(2.0413473169009434*x_1 + 0.8694137394589513*cos(1.2838055638838654*x_0 + 0.06468119757227274*cos(0.005861350288062641*x_4 + 0.38205950964782841) - 2.3398001800311571) - 0.45111724638685894) + 75.10000238590722*Abs((0.025818182328087423*x_0 + 0.13050891418362648)*(0.014435499054291495*x_3 + 0.099970800377172131)) - 0.87694528567872309) + 0.008455836592779384)/(1.445891951811183*x_3 - 0.57582931326322976)
601_fri_c1_250_5,ok,5,NoRef,0.6778506345200186,0.5683612912739717,47,47,47,9.205711841583252,,0.001,(((0.647 * (0.02676101383347822 + (1.0066664369813325 * x_3))) * (0.06530000000000001 + (0.0441 * abs((16.7 + (7.8 * cos((-2.44 + (-0.659 * abs((3.5500000000000003 + (73.3 * (-0.018291418326324048 + (0.9901403382934644 * x_0)))))))))))))) + ((-0.0194 + (1.47 * cos(((0.274 + (0.517 * (-0.010397483526896342 + (0.9882031183917349 * x_1)))) * (4.12 + (0.9790000000000001 * (-0.01749150210176107 + (1.0090791592880441 * x_2)))))))) - (-0.0171 + (-0.184 * (-0.005668177014427033 + (0.9847510525456011 * x_4)))))),0.1811941936683906*x_4 + (0.65131318472692215*x_3 + 0.01731437595026041)*(0.0441*Abs(7.8*cos(0.659*Abs(72.57728679691094*x_0 + 2.2092390366804476) + 2.44) + 16.7) + 0.06530000000000001) + 1.47*cos((0.510901012208527*x_1 + 0.26862450101659461)*(0.98788849694299528*x_2 + 4.102875819442376)) - 0.003342944570654574
602_fri_c3_250_10,ok,10,NoRef,0.2669342226691356,0.8485265993036522,83,83,83,11.971590518951416,,0.001,(((0.0093 + (0.7150000000000001 * sin(((-0.0762 + (0.0386 * exp((-0.0057599999999999995 + (0.027897516398397815 + (0.998073099323104 * x_0)))))) * (-51.6 + (0.00861 * ((-9.14 + (44.4 * (-0.017542067075762977 + (1.005717915331683 * x_2)))))**2)))))) - ((-0.00178 + (-0.012600000000000002 * (-0.038189884319498046 + (1.0024011477798893 * x_3)))) * ((37.2 + (-3.86 * (0.008084737233740273 + (0.9964088169567006 * x_7)))) + (1.46 + (0.059500000000000004 * inv(((-0.00915 + (0.9870000000000001 * (0.0029420221446642856 + (1.008712998834323 * x_8)))) + ((0.807 + (36.4 * (-0.02871010083073984 + (1.0068245035869283 * x_5)))) + (((54.6 + (0.001312719251571377 + (1.0174709357351936 * x_4))) - (-42.6 + (-16.9 * (0.03500154593767501 + (1.0064758978864055 * x_6))))) * (-1.86 + (-85.10000000000001 * (0.008753852211365022 + (1.020618930622776 * x_9))))))))))))) - (0.0072 + (-0.733 * sin((-3.09 + (41.7 * sin((0.00828 + (0.0512 * (-0.006149085570662245 + (1.0063481202601992 * x_1))))))))))),-(-0.012630254462026607*x_3 - 0.0012988074575743244)*(-3.846138033452864*x_7 + 38.62879291427777 + 0.059500000000000004/(36.648411930564189*x_5 + 0.9955997298494769*x_8 + (-86.85467099599825*x_9 - 2.604952823187164)*(1.0174709357351936*x_4 + 17.009442674280252*x_6 + 97.79283884559828) - 0.24429389438214644)) + 0.7150000000000001*sin((0.00861*(44.65387544072672*x_2 - 9.9188677781638767)**2 - 51.6)*(0.039464036659616233*exp(0.998073099323104*x_0) - 0.0762)) + 0.733*sin(41.7*sin(0.051525023757322201*x_1 + 0.007965166818782092) - 3.09) + 0.0021
604_fri_c4_500_10,ok,10,NoRef,0.674628968709577,0.601019393310679,58,58,58,23.60938262939453,,0.001,((-0.3 + (0.36000000000000004 * (-0.1348550604363206 + (1.0036996856535505 * x_3)))) + ((0.02 + (0.006 * (-0.0022548934118654575 + (0.9992501517389518 * x_0)))) * ((0.3 + (64.0 * sin(((0.7000000000000001 + (-2.0 * (-0.026510329997847516 + (1.0228802703832585 * x_1)))) + (0.01 + (-1.2 * (-0.0022548934118654575 + (0.9992501517389518 * x_0)))))))) + ((0.001 + (0.1 * (-0.08584083487448184 + (0.9845918227850837 * x_2)))) * ((-0.08 + (90.0 * (-0.0473754174576671 + (1.0002900627489233 * x_4)))) + ((-0.8 + (0.02 * (0.05150804270771723 + (1.015585618193334 * x_8)))) + ((-0.8 + (0.02 * (0.10561760327369846 + (1.007417081890443 * x_7)))) + ((-0.8 + (-0.01 * (0.05960242929231957 + (1.0280165339330751 * x_5)))) + ((-0.8 + (-0.001 * (-0.009791979417298036 + (0.9929225967655008 * x_6)))) + (-60.0 + (-0.001 * (0.043020700170883344 + (1.0416572769407797 * x_9))))))))))))),0.36133188683527822*x_3 + (0.005995500910433711*x_0 + 0.019986470639528808)*((0.09845918227850838*x_2 - 0.007584083487448185)*(90.026105647403097*x_4 - 0.010280165339330751*x_5 - 0.0009929225967655008*x_6 + 0.02014834163780886*x_7 + 0.02031171236386668*x_8 - 0.0010416572769407797*x_9 - 67.541274311284088) - 64.0*sin(1.199100182086742*x_0 + 2.045760540766517*x_1 - 0.76572653208993368) + 0.3) - 0.34854782175707541
606_fri_c2_1000_10,ok,10,NoRef,0.7339068998201106,0.5266388747207328,58,58,58,11.330963134765625,,0.001,((0.015000000000000001 + (0.004 * (-0.043264314038292014 + (1.0227224598746503 * x_0)))) * (((20.0 * (-0.03206380168427523 + (0.9877428384944221 * x_3))) + ((-9.0 + (0.02 * (-0.01060423110845112 + (1.0251295848097435 * x_8)))) + ((-0.01 + (0.02 * (0.10809595603871229 + (1.0624136403325424 * x_5)))) + ((-0.01 + (0.02 * (-0.04496677019937933 + (1.0191986288929233 * x_7)))) + ((-0.01 + (16.0 * (0.04487244154167024 + (0.9667189833408681 * x_4)))) + (-0.01 + (-86.0 * sin(((0.3 + (0.2 * (-0.02308872793518898 + (1.0310028958909718 * x_1)))) * (-7.7 + (-3.6 * (-0.043264314038292014 + (1.0227224598746503 * x_0))))))))))))) + ((-0.01 + (-20.0 * (-0.05715499640265298 + (0.9507785937602312 * x_2)))) + ((0.02 + (0.2 * (-0.10240413058209644 + (0.9803959075788435 * x_9)))) * (-30.0 + (40.0 * (-0.04765413568781236 + (0.9856253019329347 * x_6)))))))),(0.0040908898394986013*x_0 + 0.014826942743846833)*(-19.01557187520462*x_2 + 19.75485676988844*x_3 + 15.46750373345389*x_4 + 0.021248272806650848*x_5 + 0.020383972577858466*x_7 + 0.02050259169619487*x_8 + (39.42501207731739*x_6 - 31.90616542751249)*(0.1960791815157687*x_9 - 0.00048082611641928871) + 86.0*sin((3.6818008555487412*x_0 + 7.5442484694621489)*(0.20620057917819437*x_1 + 0.2953822544129622)) - 7.8291665418711034)
608_fri_c3_1000_10,ok,10,NoRef,0.5511793484500411,0.725468005079216,62,62,62,15.75253438949585,,0.001,((-0.4 + (0.4 * (0.03929049529360136 + (1.0101045661619172 * x_3)))) + ((0.02 + (0.009 * (-0.11377932602934616 + (1.0194947829765149 * x_1)))) * ((0.6 + (60.0 * sin(((0.7000000000000001 + (-2.0 * (-0.11377932602934616 + (1.0194947829765149 * x_1)))) + (-0.3 + (-1.4000000000000001 * (-0.12080387897699611 + (1.046689364019702 * x_0)))))))) + ((0.001 + (-0.02 * (-0.07485137802023327 + (0.928236161918507 * x_4)))) * ((-0.02 + (-0.08 * (-0.024700608534952977 + (1.0178478008506844 * x_5)))) + ((-0.09000000000000001 + (-0.8 * (0.09997004958074049 + (0.9725437086252088 * x_8)))) + ((-0.09000000000000001 + (-0.08 * (0.025411185636871135 + (1.0085861129114744 * x_7)))) + ((6.0 + (0.3 * (0.0037480437197946344 + (1.0171997847210195 * x_6)))) * ((-90.0 + (-0.6 * (-0.09009695051222572 + (0.9667130737789161 * x_2)))) + (0.01 + (-0.030000000000000002 * (-0.06915440631011427 + (1.0059132552759904 * x_9))))))))))))),0.4040418264647669*x_3 + (0.0091754530467886334*x_1 + 0.018975986065735885)*((0.002497027560404665 - 0.0185647232383701*x_4)*(-0.081427824068054754*x_5 - 0.080686889032917954*x_7 - 0.7780349669001671*x_8 + (0.30515993541630584*x_6 + 6.0011244131159384)*(-0.5800278442673496*x_2 - 0.030177397658279714*x_9 - 89.933867197503361) - 0.28003288583274587) - 60.0*sin(1.4653651096275829*x_0 + 2.0389895659530298*x_1 - 0.79668408262648699) + 0.6) - 0.3842838018825595
609_fri_c0_1000_5,ok,5,NoRef,0.6118969745479449,0.6331774120033862,57,55,57,9.834886074066162,,0.001,(((0.42000000000000004 * (-0.03328608761079923 + (0.9930031921598278 * x_0))) + ((-0.0376 + (0.5900000000000001 * (0.15003226178161752 + (1.0307127080102405 * x_3)))) - ((0.00511 + (0.533 * arctan((-0.00023999999999999998 + (-0.135 * abs(((0.05550000000000001 + (7.99 * (0.18580190968182023 + (0.9780250034598157 * x_4)))) - (0.00929 + (0.046400000000000004 * ((-0.007509999999999999 + (7.930000000000001 * (-0.026199140277906246 + (1.011143035371021 * x_2)))))**3))))))))) - (-0.31 + (0.0054199999999999995 * (-0.03328608761079923 + (0.9930031921598278 * x_0))))))) + ((((-0.08670000000000001 + (-0.056662208270947687 + (1.0093749014959992 * x_1))) * (6.0600000000000005 + (5.4 * (-0.03328608761079923 + (0.9930031921598278 * x_0))))) * (0.07780000000000001 + (-0.0641 * (-0.03328608761079923 + (0.9930031921598278 * x_0))))) + (-0.0053 + (0.394 * (0.18580190968182023 + (0.9780250034598157 * x_4)))))),0.42244341800863398*x_0 + 0.60812049772604199*x_3 + 0.3853418513631674*x_4 - (0.06365150461744497*x_0 - 0.07993363821585224)*(5.36221723766307*x_0 + 5.8802551269016846)*(1.0093749014959992*x_1 - 0.1433622082709477) + 0.533*atan(0.135*Abs(7.814419777643928*x_4 - 0.046400000000000004*(8.018364270492198*x_2 - 0.21526918240379656)**3 + 1.5307672583577437) + 0.00023999999999999998) - 0.21044558052559468
611_fri_c3_100_5,ok,5,NoRef,0.5836433436924384,0.6420226507963946,41,41,41,7.192697286605835,,0.001,((0.060000000000000005 + (0.02 * (-5.485044449520766e-09 + (1.0050378211517923 * x_1)))) * ((-9.0 + (6.0 * (2.2651548670983395e-09 + (1.0050378215807587 * x_3)))) + ((0.01 + (20.0 * sin(((-0.030000000000000002 + (-1.7 * (-5.485044449520766e-09 + (1.0050378211517923 * x_1)))) + (0.01 + (-0.9 * (3.3696518741937506e-10 + (1.0050378176809236 * x_0)))))))) + (3.0 + (-6.0 * sin(((0.3 + (4.0 * (3.3696518741937506e-10 + (1.0050378176809236 * x_0)))) + ((-0.003 + (-1.0 * (-1.4882628954172861e-09 + (1.0050378087527534 * x_4)))) + (0.003 + (0.1 * (7.488115246346441e-11 + (1.0050378153667796 * x_2)))))))))))),(-0.020100756423035846*x_1 - 0.059999999890299116)*(-6.0302269294845522*x_3 + 20.0*sin(0.90453403591283126*x_0 + 1.7085642959580469*x_1 + 0.019999990978693106) + 6.0*sin(4.0201512707236944*x_0 + 0.10050378153667797*x_2 - 1.0050378087527534*x_4 + 0.30000000284361175) + 5.989999986409071)
612_fri_c1_1000_5,ok,5,NoRef,0.29784781949280015,0.8143706350542128,36,36,36,16.43732237815857,,0.001,((0.001 + (0.4 * (-0.0455437593761508 + (0.9567051152908453 * x_3)))) + ((0.001 + (1.4000000000000001 * sin(((-0.2 + (-0.15 * (0.05379249346486988 + (0.9813329069621656 * x_1)))) * (-4.0 + (9.9 * (0.05379249346486988 + (0.9813329069621656 * x_1)))))))) + ((0.002 + (-0.004 * (0.02499164981509785 + (0.963922001685239 * x_2)))) * ((0.6 + (80.0 * (-0.1259509009120862 + (1.0224742268874492 * x_4)))) + (-0.01 + (-80.0 * (0.058764461739031826 + (0.9941862663105345 * x_0)))))))),0.3826820461163381*x_3 + (0.00385568800674096*x_2 - 0.001900033400739609)*(79.53490130484276*x_0 - 81.797938150995936*x_4 + 14.187229012089442) - 1.4000000000000001*sin((0.1471999360443248*x_1 + 0.2080688740197305)*(9.71519577892544*x_1 - 3.467454314697788)) - 0.0162175037504603
613_fri_c3_250_5,ok,5,BFGS,0.1152502783309246,0.921987642970749,35,35,35,15.183371782302856,,0.001,((((6.512293013550143 + (4.735402977543134 * (-0.028948889952718215 + (1.0093385016897576 * x_1)))) - (-0.092593013550143 + (0.37673989531237106 * (0.011376775246438027 + (0.9978400925361779 * x_3))))) - (((-0.0875264717208073 * (-0.0023800517403783196 + (1.0247486200671985 * x_4))) - (-0.005486986449856943 + (0.35326010468762903 * (0.011376775246438027 + (0.9978400925361779 * x_3))))) + ((0.07480698644985687 + (0.024018547501481538 * (-0.011035865820133607 + (1.0097221415593123 * x_2)))) + (-0.8012930135501429 + (0.037857311748523775 * sin((1.0730277664433983 + (-3.032534845551557 * (-0.00583196890049992 + (0.9920083120873421 * x_0)))))))))) + (-7.527706986449857 + (-10.502262004185349 * cos(((0.11122356791499927 + (0.15135594917432696 * (-0.028948889952718215 + (1.0093385016897576 * x_1)))) - (-7.760243567915 + (0.634944050825675 * (-0.028948889952718215 + (1.0093385016897576 * x_1))))))))),4.7796245462506037*x_1 - 0.024252059220340008*x_2 - 0.02342907644972267*x_3 + 0.089692631115247951*x_4 + 0.037857311748523775*sin(3.008299773481649*x_0 - 1.0907134153523373) - 10.502262004185349*cos(0.48810408995576578*x_1 - 7.8854664745671484) - 0.33911695474251082
615_fri_c4_250_10,ok,10,BFGS,0.11569602540557444,0.9296561308269925,117,117,117,19.108384609222412,,0.001,((0.1425767200767548 + (-0.07873541065933982 * (0.05515174324685588 + (0.9881054953181548 * x_8)))) - (((-6.9095712583492 * abs((-0.3678077339647757 + (0.008561553372822423 + (1.001972468388772 * x_1))))) * (-0.01859538362519981 + (-4.954033158037128e-05 * abs(((0.2887497632727878 + (9.798377226620874 * (0.030981082827633125 + (1.0037440958902806 * x_2)))) - ((0.9951510508884364 + (0.937214081819736 * (0.018442320333777653 + (1.0043892364385394 * x_0)))) * ((-8.679453269316884 + (-24.10084549265098 * arctan((-40.70000780789137 + (-0.01706926164685473 * sqrt(((-0.0024399934468889817 + (91.00000000090328 * sqrt((0.019002163128087224 + (-0.083 * exp((-26.1 + (0.09200000000000001 * (-0.04174225894742663 + (1.009234310176972 * x_7)))))))))) + ((((0.007840527020611707 + (0.007599562950833112 * (0.05515174324685588 + (0.9881054953181548 * x_8)))) * (80.50000000001022 + (-0.09869999987225399 * (-0.04174225894742663 + (1.009234310176972 * x_7))))) - (-0.9070000065531111 + (0.5779999995721189 * (-0.004420436494283208 + (0.9982358793105901 * x_6))))) + ((-2.320000578118608 + (-0.00796004353431337 * (-0.027894848970115443 + (0.9944293071811292 * x_5)))) * (0.40299998480104193 + (-17.000000079276873 * ((0.003179860718712355 + (-4.870000553564001 * (-0.01918538936707431 + (0.9784295203960635 * x_9)))))**2))))))))))) - (-0.09114673068311464 + (0.013893113259752149 * (0.030981082827633125 + (1.0037440958902806 * x_2))))))))))) + ((-0.0133767200767548 + (0.2630547070647035 * (0.030981082827633125 + (1.0037440958902806 * x_2)))) + ((-0.0103767200767548 + (-0.21029879467690732 * (0.030508266623949246 + (1.0184149844080637 * x_3)))) + (0.0013232799232451996 + (-0.24408526526773155 * (0.016849843417703382 + (1.0050181313033926 * x_4)))))))),-0.26403960911234342*x_2 + 0.21417144370191716*x_3 + 0.24531011717806844*x_4 - 0.0777988919486253*x_8 - 6.9095712583492*(4.954033158037128e-5*Abs(9.8350632905264842*x_2 + (0.94132773601837141*x_0 + 1.0124354532066833)*(0.01394513040801119*x_2 - 24.10084549265098*atan(0.01706926164685473*sqrt(-0.5769803378143948*x_6 + 91.00000000090328*sqrt(0.019002163128087224 - 3.82229584990403e-13*exp(0.09284955653628143*x_7)) + (0.007915700576958871*x_5 + 2.3197785339064228)*(17.000000079276873*(4.764952305952189*x_9 - 0.09661271755670514)**2 - 0.40299998480104193) - (0.09961142628554148*x_7 - 80.504119960963)*(0.00750916991373445*x_8 + 0.008259656165264373) + 0.90711502539802638) + 40.70000780789137) + 8.5887369623264034) + 0.59231409970712324) + 0.01859538362519981)*Abs(1.001972468388772*x_1 - 0.3592461805919533) + 0.1630434156851573
617_fri_c3_500_5,ok,5,NoRef,0.5321384634761452,0.6525130832959968,72,72,72,10.800477027893066,,0.001,(((-0.0782 * (0.06189277847607138 + (1.0463141535655052 * x_0))) - ((-0.611 + (0.743 * cos((((-42.1 * (0.06189277847607138 + (1.0463141535655052 * x_0))) * (0.056400000000000006 + (-0.00616 * sqrt((-0.658 + (-93.5 * arctan((-3.43 + (-4.98 * abs((-71.7 + (64.4 * (0.06189277847607138 + (1.0463141535655052 * x_0)))))))))))))) + (-95.5 + (1.3800000000000001 * (0.07378384716018162 + (1.066710481333945 * x_4)))))))) + (0.7000000000000001 + (-0.368 * (0.03177150349695045 + (1.0457474271073812 * x_3)))))) + (((-0.35200000000000004 * (0.06583752182489036 + (1.0614816774443865 * x_2))) - (0.00327 + (0.929 * cos((-3.69 + (-67.1 * abs((-0.0766 + (0.028100000000000003 * (0.06884697124093933 + (1.0266038989481894 * x_1))))))))))) + (-0.00911 + (0.75 * (0.07378384716018162 + (1.066710481333945 * x_4)))))),-0.081821766808822513*x_0 - 0.37364155046042409*x_2 + 0.38483505317551627*x_3 + 0.8000328610004588*x_4 - 0.929*cos(67.1*Abs(0.028847569560444125*x_1 - 0.074665400108129606) + 3.69) - 0.743*cos(1.4720604642408442*x_4 + (44.04982586510777*x_0 + 2.605685973842605)*(0.00616*sqrt(93.5*atan(4.98*Abs(67.382631489618541*x_0 - 67.71410506614101) + 3.43) - 0.658) - 0.056400000000000006) - 95.398178290918949) - 0.062365024302176313
621_fri_c0_100_10,ok,10,NoRef,0.5437316378081274,0.6720905231001347,65,63,65,7.728348731994629,,0.001,(((0.267 * (8.330528184386568e-10 + (1.0050378147807428 * x_4))) + (((((-0.319 + (0.5910000000000001 * (2.316635645158825e-09 + (1.005037811384345 * x_3)))) - ((-3.2600000000000002 + (-30.400000000000002 * ((0.10600000000000001 * (2.3868367447602294e-10 + (1.0050378172229721 * x_2))))**2)) + (3.0700000000000003 + (-0.24200000000000002 * (3.5755750494243194e-09 + (1.0050378207899893 * x_7)))))) - (-0.0356 + (-0.07 * (9.734549852333354e-10 + (1.0050378163751326 * x_8))))) - (-0.00775 + (0.00818 * (1.4976230557380417e-10 + (1.0050378197078866 * x_1))))) + (0.083 + (0.46 * (3.369651839070239e-09 + (1.0050378086193497 * x_0)))))) + (((-0.876 + (-1.652504178821832e-09 + (1.005037812839098 * x_6))) - (0.0239 + (-7.9 * (1.4976230557380417e-10 + (1.0050378197078866 * x_1))))) * (((-0.675 * (5.607351256555068e-09 + (1.0050378092727088 * x_5))) * (0.00979 + (0.0757 * (-5.503764690973492e-09 + (1.0050378132222737 * x_9))))) + (0.0599 + (0.0091 * (8.330528184386568e-10 + (1.0050378147807428 * x_4))))))),0.46231739196490088*x_0 - 0.0082212093652105122*x_1 + 0.593977346528148*x_3 + 0.26834509654645834*x_4 + 0.24321915263117743*x_7 + 0.070352647146259289*x_8 + 30.400000000000002*(0.10653400862563505*x_2 + 2.5300469494458434e-11)**2 + (7.9397987756923045*x_1 + 1.005037812839098*x_6 - 0.89990000046938196)*(0.0091458441145047599*x_4 - (0.67840052125907849*x_5 + 3.784962098174671e-9)*(0.076081362460926123*x_9 + 0.009789999583365013) + 0.05990000000758078) - 0.002649995926197529
623_fri_c4_1000_10,ok,10,NoRef,0.42268355706018734,0.6533799406624688,102,102,102,14.149403810501099,,0.001,((-0.00646 + (-0.00015 * (-0.11576764803778941 + (1.0044960092981252 * x_8)))) * (((0.00667 + (-56.9 * (0.09947925414942209 + (1.0205751432371792 * x_3)))) + ((((((0.00438 + (-0.0296 * (0.0736087982084613 + (0.9999677590618523 * x_9)))) - ((0.035100000000000006 + (27.400000000000002 * (0.14278809094854045 + (1.0265951539192182 * x_1)))) - (0.057 + (9.3 * (0.14053229737994233 + (1.0823781329800635 * x_2)))))) - (-0.00628 + (0.00545 * (0.12525825913657282 + (0.980269270206672 * x_6))))) - (2.9 + (-3.73 * (0.12525825913657282 + (0.980269270206672 * x_6))))) * (0.008 + (-0.00162 * (-0.11576764803778941 + (1.0044960092981252 * x_8))))) - (-7.15 + (2.9 * sqrt((5.1000000000000005 + (0.0073999999999999995 * (-0.05362121669788681 + (1.0618312288592786 * x_7))))))))) - (((72.2 + (0.14053229737994233 + (1.0823781329800635 * x_2))) - ((-0.0522 + (-0.0709 * (0.1293185428126426 + (1.1237869624512584 * x_4)))) + (61.800000000000004 + (32.7 * sin((((-0.8470000000000001 + (0.13941561426198104 + (1.0104749796278643 * x_0))) + (-0.00814 + (0.49300000000000005 * ((2.3000000000000003 + (0.035500000000000004 * (0.02709331977686438 + (0.9998511943214848 * x_5)))))**2))) * (0.762 + (-1.18 * (0.14278809094854045 + (1.0265951539192182 * x_1)))))))))) * (-3.98 + (-0.10500000000000001 * abs((1.47 + (21.5 * cos((0.32 + (9.950000000000001 * (0.14278809094854045 + (1.0265951539192182 * x_1))))))))))))),(-0.00015067440139471877*x_8 - 0.0064426348527943312)*(-58.070725650195495*x_3 + (0.008187543589821219 - 0.0016272835350629627*x_8)*(-28.128707217386581*x_1 + 10.066116636714591*x_2 + 3.65106191034826*x_6 - 0.02959904566823083*x_9 - 5.0085314977163929) - 2.9*sqrt(0.0078575510935586611*x_7 + 5.0996032029964361) - (-0.10500000000000001*Abs(21.5*cos(10.214621781496222*x_1 + 1.7407415049379776) + 1.47) - 3.98)*(1.0823781329800635*x_2 + 0.079676495637794226*x_4 - 32.7*sin((0.59351005268072229 - 1.2113822816246774*x_1)*(1.0104749796278643*x_0 + 0.49300000000000005*(0.035494717398412714*x_5 + 2.300961812852079)**2 - 0.71572438573801906)) + 10.601900982065358) + 1.496300438897883)
624_fri_c0_100_5,ok,5,NoRef,0.6867180670112343,0.5569103259698313,26,26,26,7.536579847335815,,0.001,(((0.5 * (1.6052646991142874e-09 + (1.005037818082082 * x_3))) + (-1.0 + (0.3 * (-1.9656302458928866e-09 + (1.0050378110182856 * x_4))))) + ((1.0 + (0.5 * (4.24014525147764e-09 + (1.0050378137630331 * x_0)))) + ((0.01 + (0.5 * (-2.059231685602471e-10 + (1.0050378118806327 * x_1)))) + (0.1 + (0.7000000000000001 * cos((-9.200000000000001 + (2.2 * (-1.8252280771675934e-09 + (1.0050378081626472 * x_2)))))))))),0.50251890688151655*x_0 + 0.50251890594031635*x_1 + 0.502518909041041*x_3 + 0.30151134330548567*x_4 + 0.7000000000000001*cos(2.211083177957824*x_2 - 9.2000000040155028) + 0.11000000223005427
627_fri_c2_500_10,ok,10,NoRef,0.5720756496924454,0.6607627595231135,60,60,60,16.741808652877808,,0.001,((-0.1 + (0.3 * (0.033341707614650384 + (0.9827162141673074 * x_3)))) + ((0.02 + (0.01 * (-0.013129577447021317 + (0.9990856847101941 * x_1)))) * ((0.1 + (70.0 * sin(((0.7000000000000001 + (-1.4000000000000001 * (-0.013129577447021317 + (0.9990856847101941 * x_1)))) + (0.01 + (-0.9 * (-0.03715904788242102 + (0.9873114643136044 * x_0)))))))) + ((0.6 + (7.0 * (0.03697216135961967 + (1.0049960573880736 * x_4)))) + ((0.6 + (-9.0 * (0.026683047888560293 + (0.9757203942515261 * x_2)))) + (6.0 + (-0.006 * inv(((0.060000000000000005 + (0.030000000000000002 * (0.089197355976 + (0.9914281091126119 * x_8)))) + ((0.060000000000000005 + (0.060000000000000005 * (-0.022952103075604885 + (0.9844216391496325 * x_5)))) + ((0.060000000000000005 + (0.060000000000000005 * (-0.05602650016378306 + (0.9823369513031974 * x_7)))) + ((0.060000000000000005 + (0.060000000000000005 * (-0.026586736692291005 + (0.9760546559365092 * x_9)))) + (0.060000000000000005 + (0.6 * (-0.036573688340500496 + (0.9921415214297146 * x_6)))))))))))))))),0.2948148642501922*x_3 + (0.009990856847101941*x_1 + 0.019868704225529787)*(-8.781483548263735*x_2 + 7.0349724017165152*x_4 - 70.0*sin(0.888580317882244*x_0 + 1.3987199585942718*x_1 - 0.76182455152000886) + 7.318657698520295 - 0.006/(0.059065298348977955*x_5 + 0.5952849128578287*x_6 + 0.058940217078191849*x_7 + 0.029742843273378359*x_8 + 0.058563279356190557*x_9 + 0.27439778727907899)) - 0.089997487715604891
628_fri_c3_1000_5,ok,5,NoRef,0.17376139841220017,0.8925484650717973,81,77,81,13.852110624313354,,0.001,(((6.22 + (-0.011951282734320523 + (1.0307417971714052 * x_1))) - (4.3100000000000005 + (-4.42 * sqrt((0.91 + (-0.48600000000000004 * sin(((53.300000000000004 + (-0.07590000000000001 * arctan(((0.00616 + (0.0639 * (0.07995654940232406 + (1.0305655132338056 * x_3)))) * (22.3 + (-72.60000000000001 * inv((3.52 + (0.377 * (0.04995802988010866 + (1.124767200659096 * x_4))))))))))) - (-0.00942 + (-6.58 * (-0.006538880888095933 + (1.0173482172539636 * x_0)))))))))))) * ((-0.009439999999999999 + (-0.06330000000000001 * (0.04665711240912954 + (1.1089028168055421 * x_2)))) + (0.009 + (0.24600000000000002 * cos(((65.8 + (5.3100000000000005 * tan((0.338 * (-0.011951282734320523 + (1.0307417971714052 * x_1)))))) + ((89.9 + (0.05740000000000001 * (0.04995802988010866 + (1.124767200659096 * x_4)))) + ((-29.0 + (0.785 * (-0.006538880888095933 + (1.0173482172539636 * x_0)))) - (0.004 + (0.00967 * (-0.011951282734320523 + (1.0307417971714052 * x_1)))))))))))),-(1.0307417971714052*x_1 + 4.42*sqrt(0.91 - 0.48600000000000004*sin(6.6941512695310806*x_0 - 0.07590000000000001*atan((0.065853136295640176*x_3 + 0.01126922350680851)*(9.456030332661086*x_4 + 6.316002153005055)/(0.4240372346484792*x_4 + 3.538834177264801)) + 53.266394163756333)) + 1.8980487172656787)*(0.070193548303790827*x_2 - 0.24600000000000002*cos(0.79861835054436146*x_0 - 0.0099672731786474881*x_1 + 0.06456163731783212*x_4 + 5.3100000000000005*tan(0.34839072744393498*x_1 - 0.004039533564200337) + 126.69385013832201) + 0.0033933952154979)
631_fri_c1_500_5,ok,5,NoRef,0.5428998733144192,0.6989171327108219,54,54,54,12.552794694900513,,0.001,((0.0043 + (0.28700000000000003 * (-0.056521872297880936 + (0.9717229773807777 * x_4)))) - (((0.08850000000000001 * (0.06765066243771634 + (0.9954469854695703 * x_0))) * ((0.449 + (4.0 * (0.051813494666047274 + (0.9930497282225305 * x_1)))) + (-0.00694 + (-0.044700000000000004 * (0.06765066243771634 + (0.9954469854695703 * x_0)))))) + ((-0.052000000000000005 + (1.32 * sin(((0.0137 + (-0.05330000000000001 * (0.051813494666047274 + (0.9930497282225305 * x_1)))) * ((0.325 + (-0.0514 * (0.04936468118293561 + (1.0271014528879046 * x_2)))) + ((0.5870000000000001 + (0.256 * (0.06765066243771634 + (0.9954469854695703 * x_0)))) * (-71.60000000000001 + (0.00227 * (0.011619934130194394 + (1.0130552558033206 * x_3)))))))))) - (0.0441 + (0.396 * (0.011619934130194394 + (1.0130552558033206 * x_3))))))),0.40116988129811498*x_3 + 0.27888449450828323*x_4 - (0.08809705821405698*x_0 + 0.005987083625737897)*(-0.044496480250489797*x_0 + 3.972198912890122*x_1 + 0.64628999405322319) - 1.32*sin((0.01093834073429968 - 0.05292955051426089*x_1)*(-0.052793014678438298*x_2 + (0.25483442828021*x_0 + 0.6043185695840555)*(0.0022996354306735376*x_3 - 71.599973622749535) + 0.3224626553871971)) + 0.088779716566065155
634_fri_c2_100_10,ok,10,NoRef,0.2537123021879175,0.8595491907570879,52,52,52,11.586259603500366,,0.001,((0.02 + (0.009 * (-3.5942953176591e-09 + (1.0050378169186154 * x_1)))) * ((0.01 + (60.0 * sin((-2.0 * (-3.891699263916169e-09 + (1.005037812523656 * x_0)))))) + ((9.0 + (-0.01 * (-2.2277142980311373e-09 + (1.005037820890266 * x_8)))) + ((-0.01 + (-0.01 * (1.3478607413557276e-09 + (1.0050378131397857 * x_5)))) + ((0.001 + (0.3 * (-2.040511411673613e-09 + (1.0050378188363487 * x_4)))) * ((0.05 + (90.0 * (-6.053673205708496e-09 + (1.0050378214297475 * x_6)))) + ((0.003 + (0.01 * (2.620840332405153e-10 + (1.005037813903384 * x_7)))) + ((0.003 + (-0.001 * (-4.972576454754833e-10 + (1.0050378191710638 * x_2)))) + ((0.030000000000000002 + (0.001 * (-1.984350541638051e-09 + (1.0050378174665446 * x_9)))) + (0.030000000000000002 + (0.003 * (8.096524631093754e-10 + (1.005037812430936 * x_3))))))))))))),(0.0090453403522675379*x_1 + 0.0199999999676513)*(-0.010050378131397857*x_5 - 0.01005037820890266*x_8 + (0.3015113456509046*x_4 + 0.0009999993878465765)*(-0.0010050378191710638*x_2 + 0.003015113437292808*x_3 + 90.453403928677275*x_6 + 0.01005037813903384*x_7 + 0.0010050378174665446*x_9 + 0.1159994551729742) - 60.0*sin(2.010075625047312*x_0 - 7.783398527832338e-9) + 9.0000000000087985)
635_fri_c0_250_10,ok,10,NoRef,0.4391609844152665,0.737909960849042,52,50,52,8.214064359664917,,0.001,((0.1 + (0.6 * (3.284185646600527e-05 + (1.0134618852695818 * x_3)))) + (1.0 + (-0.02 * abs((((40.0 * (0.0299533659358918 + (1.026432356260368 * x_1))) + ((-40.0 + (40.0 * (-0.0158002831059501 + (1.035825655276819 * x_0)))) + (0.001 + (20.0 * (0.05626701566663447 + (0.984972246146817 * x_4)))))) + ((0.001 + (-0.3 * (0.03710033285164021 + (0.9862754867919485 * x_2)))) * ((-0.008 + (-60.0 * (0.024595320138910946 + (1.0093932487757626 * x_5)))) + ((0.01 + (0.01 * (-0.030720025213037582 + (0.9964720662834899 * x_8)))) + ((0.01 + (0.01 * (0.023946984823668138 + (1.0075174426626203 * x_9)))) + ((0.01 + (0.01 * (0.044703616871696904 + (1.002732006634402 * x_7)))) + (0.01 + (0.02 * (-0.029670791284983563 + (0.9968372944853446 * x_6)))))))))))))),0.60807713116174906*x_3 - 0.02*Abs(41.43302621107276*x_0 + 41.05729425041472*x_1 + 19.6994449229363*x_4 - (0.2958826460375845*x_2 + 0.01013009985549206)*(-60.563594926545756*x_5 + 0.01993674588970689*x_6 + 0.01002732006634402*x_7 + 0.009964720662834899*x_8 + 0.010075174426626203*x_9 - 1.4439333183955332) - 38.30753637346965) + 1.10001970511388
641_fri_c1_500_10,ok,10,NoRef,0.26773563542797163,0.8171806089273006,98,98,98,18.468372106552124,,0.001,((-0.00139 + (0.0009599999999999999 * abs((0.0434 + (0.00805487804850231 + (0.9968997576834833 * x_1)))))) * ((-38.1 + (-1.28 * (0.06278172057161527 + (0.9810267998778318 * x_8)))) * (((-0.07400000000000001 + (8.3 * (-0.041244311805811756 + (0.9881424498527619 * x_3)))) - ((-0.00099 + (-5.15 * (-0.0007699340761739147 + (1.0247051180741429 * x_4)))) - (((0.36000000000000004 * (-0.005068268617956794 + (1.0102445817775312 * x_6))) + ((((-11.6 + inv((-3.9 + (0.06346169844205729 + (1.024410073610703 * x_5))))) * (0.0062699999999999995 + (-0.00953 * (-0.010538602807564558 + (1.0101551525364498 * x_2))))) * (0.183 + (-0.00731 * (-0.041244311805811756 + (0.9881424498527619 * x_3))))) * (((-0.0792 + (-5.01 * (0.04604423538072993 + (0.9674549471240764 * x_9)))) * (23.3 + (64.0 * abs((0.018500000000000003 + (0.0507 * inv((0.0035199999999999997 + (-0.9570000000000001 * (0.09722717144425294 + (1.0248389370748021 * x_7))))))))))) - ((30.3 + (21.400000000000002 * (0.06346169844205729 + (1.024410073610703 * x_5)))) - (0.5810000000000001 + (0.00673 * (-0.00754624478365389 + (0.9836753950133191 * x_0)))))))) + ((-0.657 + (-0.00628 * (0.09722717144425294 + (1.0248389370748021 * x_7)))) + (-0.00156 + (0.804 * (-0.041244311805811756 + (0.9881424498527619 * x_3)))))))) - (0.00666 + (-22.0 * sin((0.994 + (-2.31 * (-0.00754624478365389 + (0.9836753950133191 * x_0)))))))))),(-1.255714303843625*x_8 - 38.18036060233167)*(0.0009599999999999999*Abs(0.9968997576834833*x_1 + 0.0514548780485023) - 0.00139)*(8.996048863459545*x_3 + 5.2772313580818363*x_4 + 0.36368804943991127*x_6 - 0.0064359885248297572*x_7 + (-11.6 + 1/(1.024410073610703*x_5 - 3.836538301557943))*(0.0063704328847560897 - 0.0096267786036723669*x_2)*(0.18330149591930048 - 0.007223321308423689*x_3)*(0.006620135408439637*x_0 - 21.922375575269046*x_5 + (-4.846949285091623*x_9 - 0.3098816192574569)*(64.0*Abs(0.018500000000000003 + 0.0507/(-0.98077086278058571*x_7 - 0.089526403072150072)) + 23.3) - 31.077131132887421) - 22.0*sin(2.272290162480767*x_0 - 1.01143182545024) - 1.1201185385115403)
646_fri_c3_500_10,ok,10,NoRef,0.682451061211848,0.5541229593396685,78,78,78,18.280964374542236,,0.001,((((((-0.07585884095525353 + (0.9394858417435231 * x_4)) * (-0.009819999999999999 + (0.782 * (-0.07585884095525353 + (0.9394858417435231 * x_4))))) * (0.36000000000000004 + (-0.042300000000000004 * (-0.08572351112350518 + (0.9977370817874324 * x_8))))) + (-0.0951 + (-1.19 * sin((((0.014600000000000002 + (-0.07566403615497733 + (1.0061982190189063 * x_1))) + (0.00015 + (0.653 * (-0.08580614110746695 + (0.9764867799745204 * x_0))))) * (1.69 + (0.0649 * inv(((-3.5300000000000002 + (2.22 * (0.05178842670427133 + (1.0545913349620601 * x_9)))) - (((((-9.200000000000001 * (-0.015303586236559374 + (0.9921594894841607 * x_5))) + (0.508 + (0.00324 * (-0.015303586236559374 + (0.9921594894841607 * x_5))))) + ((-0.00548 + (-9.3 * (-0.07585884095525353 + (0.9394858417435231 * x_4)))) + (13.200000000000001 + (-58.1 * (0.018198606053000926 + (0.9830177296829794 * x_7)))))) * (-54.300000000000004 + (-0.00962 * (-0.05721558898573879 + (0.9725279454163238 * x_2))))) - (-0.7140000000000001 + (0.00435 * (0.018198606053000926 + (0.9830177296829794 * x_7)))))))))))))) + (-0.06480000000000001 + (0.374 * (-0.0010674995282084277 + (0.9888977016014616 * x_3))))) - (-0.00219 + (0.00257 * (0.05867666558860839 + (0.9957561638142012 * x_6))))),0.3698477403989466*x_3 - 0.002559093341002497*x_6 + (0.36362610452052431 - 0.042204278559608394*x_8)*(0.7346779282434351*x_4 - 0.06914161362700826)*(0.9394858417435231*x_4 - 0.07585884095525353) - 1.19*sin((1.69 + 0.0649/(0.00427612712412096*x_7 + 2.3411927636157736*x_9 - (-0.009355718834905035*x_2 - 54.299449586033961)*(-8.737218328214766*x_4 - 9.124652706508351*x_5 - 57.1133300945811*x_7 + 13.491411618961445) - 4.1289505287801874))*(0.6376458673233618*x_0 + 1.0061982190189063*x_1 - 0.11694544629815325)) - 0.15826004385411269
647_fri_c1_250_10,ok,10,NoRef,0.3563073227978867,0.8098691239337736,60,60,60,20.55614185333252,,0.001,((-0.2 + (0.3 * (0.012771660018394299 + (0.9916244828062031 * x_3)))) - ((0.02 + (0.008 * (-0.06563464502751039 + (0.9806987438418552 * x_1)))) * (((60.0 * sin((2.7 * (-0.06563464502751039 + (0.9806987438418552 * x_1))))) + (-0.3 + (7.0 * (-0.004478456272028574 + (1.0195182309979691 * x_6))))) + ((-0.3 + (-9.0 * (0.04259752720332055 + (1.0063005627788042 * x_4)))) + ((0.2 + (0.01 * (-0.01920572954524788 + (0.9843620950829046 * x_5)))) * ((-0.02 + (90.0 * (-0.0661680238763467 + (0.9883772642250066 * x_0)))) + ((-0.02 + (-0.01 * (-0.02629323549384153 + (0.9986094332148666 * x_2)))) + ((-0.3 + (0.001 * (0.0005549552017442876 + (1.0134782143162062 * x_7)))) + ((-0.3 + (0.001 * (-0.02713842520686745 + (0.9779645183370135 * x_8)))) + (-0.3 + (-20.0 * (0.0026619787194639703 + (0.9855581582449608 * x_9))))))))))))),0.2974873448418609*x_3 - (0.007845589950734842*x_1 + 0.01947492283977992)*(-9.0567050650092378*x_4 + 7.1366276169857837*x_6 + (0.009843620950829046*x_5 + 0.1998079427045475)*(88.95395378025059*x_0 - 0.009986094332148666*x_2 + 0.0010134782143162062*x_7 + 0.0009779645183370135*x_8 - 19.71116316489922*x_9 - 6.9481253743755484) + 60.0*sin(2.647886608373009*x_1 - 0.1772135415742781) - 1.014726938734085) - 0.19616850199448172
649_fri_c0_500_5,ok,5,NoRef,0.7282028140244858,0.5055313797907195,74,74,74,15.720452308654785,,0.001,(((0.523 * (-0.06639078434904079 + (1.0571454595405074 * x_3))) + (((-98.10000000000001 * (0.007078065159054314 + (1.0130563010908327 * x_4))) * (-0.0023 + (-0.0016699999999999998 * inv((-77.4 + (6.9 * (-0.021789259863661356 + (1.0063983944922867 * x_2)))))))) + ((0.0034999999999999996 + (14.9 * ((0.00306 + (0.225 * sin((-40.9 + (-90.5 * (0.007078065159054314 + (1.0130563010908327 * x_4))))))))**2)) + ((0.006 + (0.35100000000000003 * (0.05231147534006627 + (1.0066634887399533 * x_1)))) - ((1.04 + (0.0646 * (0.007078065159054314 + (1.0130563010908327 * x_4)))) * (-0.00843 + (6.23 * abs(((-0.0106 + (0.0956 * (-0.08932909934794814 + (1.0023846504648501 * x_0)))) + (-0.063 + (0.04 * (0.05231147534006627 + (1.0066634887399533 * x_1))))))))))))) + (-0.019100000000000002 + (0.004399999999999999 * abs((-0.8410000000000001 + (89.2 * (-0.021789259863661356 + (1.0063983944922867 * x_2)))))))),0.35333888454772364*x_1 + 0.55288707533968539*x_3 + (-0.0023 - 0.0016699999999999998/(6.9441489219967786*x_2 - 77.550345893059269))*(-99.380823137010698*x_4 - 0.6943581921032283) + 14.9*(0.00306 - 0.225*sin(91.681595248720359*x_4 + 41.54056489689441))**2 - (0.065443437050467797*x_4 + 1.040457243009275)*(6.23*Abs(0.095827972584439674*x_0 + 0.040266539549598133*x_1 - 0.08004740288406119) - 0.00843) + 0.004399999999999999*Abs(89.770736788711976*x_2 - 2.7846019798385931) - 0.025961052370185075
654_fri_c0_500_10,ok,10,NoRef,0.4281294377311198,0.7749818089578244,62,62,62,16.018991470336914,,0.001,(((0.5 * (0.0007491783139851028 + (0.9893417119088128 * x_3))) + (-0.01 + (0.3 * (0.04187135150738115 + (1.0510953173290194 * x_4))))) + (0.1 + (-1.3 * sin(((0.3 + (-0.7000000000000001 * (-0.027601897422796586 + (1.0061636075716038 * x_0)))) + ((-0.3 + (-0.8 * (-0.06393432606302606 + (0.9998031220651009 * x_1)))) + ((0.001 + (0.001 * (-0.027601897422796586 + (1.0061636075716038 * x_0)))) * ((0.09000000000000001 + (-0.2 * ((53.9 * (-0.04407831859558271 + (1.0230621218787368 * x_2))))**2)) + ((0.09000000000000001 + (-0.02 * (-0.040554941512674664 + (0.9867431653933428 * x_5)))) + ((0.09000000000000001 + (-0.02 * (0.012504066596160423 + (0.9932606007852361 * x_8)))) + ((0.09000000000000001 + (-0.02 * (-0.10813174643488255 + (1.0302077368719882 * x_9)))) + ((0.9 + (-0.02 * (-0.014222167248802433 + (1.0018358309056357 * x_7)))) + (0.09000000000000001 + (-0.002 * (-0.028243686434320705 + (1.024267302083891 * x_6)))))))))))))))),0.4946708559544064*x_3 + 0.31532859519870581*x_4 + 1.3*sin(0.70431452530012276*x_0 + 0.7998424976520808*x_1 - (0.0010061636075716038*x_0 + 0.00097239810257720343)*(-0.01973486330786686*x_5 - 0.002048534604167782*x_6 - 0.020036716618112714*x_7 - 0.01986521201570472*x_8 - 0.020604154737439764*x_9 - 0.2*(55.143048369263912*x_2 - 2.375821372301908)**2 + 1.3530645831448727) - 0.070468789046378464) + 0.1029359946092069
656_fri_c1_100_5,ok,5,NoRef,0.1955064747091625,0.8924396920128904,77,77,77,13.543498754501343,,0.001,(((0.14200000000000002 * (-2.3774765717598145e-09 + (1.005037807353799 * x_4))) + (0.051300000000000005 + (0.40800000000000003 * (-2.334185930610602e-09 + (1.005037817059757 * x_3))))) + ((0.0212 + (-0.7120000000000001 * sin((((((0.024 * ((-0.081 + (2.6302004833736337e-09 + (1.0050378148437342 * x_0))))**2) * (0.009779999999999999 + (69.10000000000001 * (-7.127749685219048e-09 + (1.0050378135022553 * x_2))))) + ((1.72 + (-7.37 * ((0.185 + (33.5 * (-7.127749685219048e-09 + (1.0050378135022553 * x_2)))))**3)) - (0.00402 + (0.48900000000000005 * inv((0.008669999999999999 + (-14.6 * (2.6302004833736337e-09 + (1.0050378148437342 * x_0))))))))) - (-0.008069999999999999 + (-0.868 * (-2.4523577450329915e-09 + (1.0050378152122343 * x_1))))) + ((-0.0782 + (-0.771 * inv((0.645 * (-2.3774765717598145e-09 + (1.005037807353799 * x_4)))))) + (0.00389 + (-0.249 * (-2.334185930610602e-09 + (1.005037817059757 * x_3))))))))) - (0.47000000000000003 + (-0.862 * sin((1.25 + (-1.98 * (2.6302004833736337e-09 + (1.0050378148437342 * x_0))))))))),0.41005542936038089*x_3 + 0.14271536864423948*x_4 - 0.862*sin(1.9899748733905937*x_0 - 1.249999994792203) + 0.7120000000000001*sin(-0.87237282360421937*x_1 + 0.2502544164478795*x_3 - 0.024*(1.0050378148437342*x_0 - 0.080999997369799519)**2*(69.448112913005852*x_2 + 0.00977950747249675) + 7.37*(33.668766752325553*x_2 + 0.1849997612203855)**3 - 1.6497399984525658 + 0.771/(0.6482493857432004*x_4 - 1.5334723887850804e-9) + 0.48900000000000005/(0.0086699615990729419 - 14.673552096718519*x_0)) - 0.39750000128994956
657_fri_c2_250_10,ok,10,NoRef,0.14460307139832784,0.9036085320727864,94,94,94,16.271724700927734,,0.001,((-0.159 + (-0.18100000000000002 * (0.021508000057596278 + (0.9976225312856856 * x_2)))) + (((((0.49100000000000005 * cos((-0.0033 + (0.022131640344706344 + (1.009302535480512 * x_1))))) * ((0.00836 + (-1.49 * cos((3.9 + (0.022131640344706344 + (1.009302535480512 * x_1)))))) * (2.85 + (0.00462 * (0.01923199185394909 + (1.0038423878099012 * x_7)))))) + (((0.3 + (0.021508000057596278 + (0.9976225312856856 * x_2))) * (0.004229999999999999 + (-0.040400000000000005 * arctan(((3.41 + (-24.900000000000002 * (-0.027403051165010864 + (0.9906865960511145 * x_9)))) + ((-7.01 + (3.2 * inv((0.437 + (0.07440000000000001 * (-0.037582608011145234 + (0.9993401832171055 * x_6))))))) - (-0.039 + (0.0325 * (0.008202063620804667 + (0.9965091232089126 * x_8)))))))))) * ((((0.9420000000000001 + (0.0302 * (-0.027403051165010864 + (0.9906865960511145 * x_9)))) - (0.0031 + (-0.931 * (0.021508000057596278 + (0.9976225312856856 * x_2))))) - (1.85 + (0.251 * (0.01923199185394909 + (1.0038423878099012 * x_7))))) * (-0.635 + (-0.003 * (-0.006003778824579484 + (1.0087748641396674 * x_5))))))) - (0.10500000000000001 + (-0.14800000000000002 * (0.018254636074701108 + (0.9942750378113397 * x_4))))) + ((-0.24200000000000002 + (0.29300000000000004 * (0.004078747777071304 + (0.9820351885905952 * x_3)))) - (0.00241 + (0.317 * (0.009016765386932166 + (0.9975550945917872 * x_0))))))),-0.3162249649855965*x_0 - 0.18056967816270911*x_2 + 0.28773631025704443*x_3 + 0.1471527055960783*x_4 + 0.49100000000000005*(0.00836 - 1.49*cos(1.009302535480512*x_1 + 3.9221316403447063))*(0.0046377518316817435*x_7 + 2.850088851802365)*cos(1.009302535480512*x_1 + 0.018831640344706344) + (0.9976225312856856*x_2 + 0.32150800005759627)*(-0.0030263245924190023*x_5 - 0.6349819886635263)*(0.040400000000000005*atan(0.03238654650428966*x_8 + 24.668096241672753*x_9 + 2.8789305930589052 - 3.2/(0.07435090963135266*x_6 + 0.43420385396397079)) + 0.004229999999999999)*(0.9287865766269733*x_2 - 0.2519644393402852*x_7 + 0.02991873520074366*x_9 - 0.89673085404690239) - 0.5112645034003448
659_sleuth_ex1714,ok,7,NoRef,0.7568472000278514,1343.5838785234564,44,44,44,11.602082252502441,,0.001,((6.0 + (1.1 * (-1.5864294781793549 + (0.23528616482898382 * x_5)))) * ((0.09000000000000001 + (60.0 * (-2.1195565262766687 + (0.06927618688108722 * x_0)))) + ((20.0 + (-0.6 * tan(((-0.02 + (0.9 * (-2.1027705487761197 + (0.0695497648082179 * x_2)))) + (0.09000000000000001 + (3.0 * (-2.7012166664995867 + (0.044775757746126514 * x_3)))))))) * ((88.0 + (-2.0 * (-1.085177167929372 + (0.031018261473926296 * x_4)))) + ((0.001 + (0.060000000000000005 * (-1.3342416419238172 + (0.1086628959150872 * x_1)))) * (-0.01 + (0.004 * (-0.9806249362272483 + (1.5947879644085274 * x_6))))))))),(-0.25881478131188222*x_5 - 4.2549275740027095)*(-4.156571212865233*x_0 + (0.6*tan(0.0625947883273961*x_2 + 0.13432727323837954*x_3 - 9.9261434933972679) - 20.0)*(-0.062036522947852592*x_4 + (0.0065197737549052325*x_1 - 0.079054498515429039)*(0.0063791518576341097*x_6 - 0.01392249974490899) + 90.17035433585874) + 127.08339157660012)
663_rabe_266,ok,2,NoRef,0.991152946237319,4.909319366720113,34,32,34,11.741328954696655,,0.001,((-50.0 + (50.9 * (0.14484136487558028 + (0.028968272975116057 * x_0)))) + ((0.3 + (-0.09000000000000001 * (-1.9148542155126762 + (0.06963106238227913 * x_1)))) * ((0.9 + (-0.4 * (0.14484136487558028 + (0.028968272975116057 * x_0)))) * ((-6.0 + (-50.0 * (-1.9148542155126762 + (0.06963106238227913 * x_1)))) + (0.01 + (-9.0 * cos((9.700000000000001 + (-4.7 * (0.14484136487558028 + (0.028968272975116057 * x_0))))))))))),1.4744850944334073*x_0 - (0.011587309190046423*x_0 - 0.84206345404976791)*(0.006266795614405123*x_1 - 0.47233687939614087)*(3.481553119113957*x_1 + 9.0*cos(0.13615088298304547*x_0 - 9.0192455850847737) - 89.75271077563381) - 42.627574527832964
665_sleuth_case2002,ok,6,BFGS,4.4162443224582404e-07,9.605117258512584,74,74,74,15.012512922286987,,0.001,(5.83556704142631 + (0.21475936665514786 * abs((((0.0001944611910625541 * tan((((((0.18314947724772557 + (4.531845798066974 * (-0.6642111641550715 + (2.1697564695732336 * x_3)))) * ((-6.811813865289038 + (-0.5357612307783516 * (-0.6642111641550715 + (2.1697564695732336 * x_3)))) * (0.05025176315484682 + (-0.04901628417837404 * inv((-0.42730986185976816 + (-1.0755168100029517 * (-0.5694947974514993 + (2.3254370895936227 * x_0))))))))) - (-0.0272416792782527 + (-2.5167580240197527 * (-7.778182412958265 + (0.1365408185699624 * x_4))))) * (7.133358220585505e-05 + (0.09832746754665994 * (-0.5694947974514993 + (2.3254370895936227 * x_0))))) * (-54.58084923097224 + (-1.0678917666823153 * (-0.5694947974514993 + (2.3254370895936227 * x_0))))))) + ((1.5011103140031865 + (-0.021858054358099725 * ((-0.009087956816877915 + (-0.05575347768695371 * (-1.9995832060131968 + (0.0717974429125403 * x_5)))))**3)) - (-1.5519403132175456 + (-45.51678714449787 * cos((-0.0383753706263216 + (0.43215400978910595 * (-0.9151502608861564 + (2.0078669903024626 * x_2))))))))) + (1.4913003140793852 + (-7.596454518755082e-05 * (-0.7071067811865475 + (2.1213203435596424 * x_1)))))))),0.21475936665514786*Abs(-0.00016114513509560729*x_1 - 0.021858054358099725*(0.10239576084278622 - 0.004002957131404648*x_5)**3 + 45.51678714449787*cos(0.86770777098239312*x_2 - 0.4338612254278205) + 0.0001944611910625541*tan((-2.4833151219147153*x_0 - 53.972690425605371)*(0.22865433995881628*x_0 - 0.05592564763219812)*(0.34364020074217813*x_4 + (0.05025176315484682 - 0.04901628417837404/(0.18519136600854547 - 2.5010466804622813*x_0))*(-1.1624713966278466*x_3 - 6.455955274484595)*(9.8330017394640907*x_3 - 2.8269530960576083) - 19.548561320823782)) + 4.5444046563451492) + 5.83556704142631
666_rmftsa_ladata,ok,10,NoRef,0.4994548679988,2.4315230771500533,97,97,97,16.105955123901367,,0.001,((0.061900000000000004 + (0.9810000000000001 * inv(((-0.048600000000000004 + (0.0883 * (-3.2431091529575657 + (0.9419701858187693 * x_5)))) - (((0.00696 + (0.00439 * (-7.906331305186756 + (0.10670741666151873 * x_2)))) + (-0.00843 + (0.055600000000000004 * (-3.2431091529575657 + (0.9419701858187693 * x_5))))) - ((17.1 + (-0.47200000000000003 * inv((((0.0893 + (-71.2 * (-3.3483486236896987 + (0.06797828569246922 * x_9)))) * (-0.376 + (-32.6 * sqrt((0.5670000000000001 + (0.00067 * (-1.860383418830298 + (0.22141754360553986 * x_8)))))))) - (4.43 + (-0.00307 * (-2.2523529244541303 + (0.24606332236205597 * x_4)))))))) * (0.5640000000000001 + (0.167 * sin((-0.00967 + (-20.1 * (-9.53752739277275 + (0.10189589818207269 * x_1))))))))))))) * (((-0.00792 * inv((-0.00592 + (0.036800000000000006 * (-3.8354583612121833 + (0.07161043279702374 * x_7)))))) - ((0.907 + (0.00404 * (-2.8651998268107124 + (0.2441512028573268 * x_6)))) * (-6.140000000000001 + (-0.00481 * (-3.8354583612121833 + (0.07161043279702374 * x_7)))))) + ((-0.025900000000000003 + (-0.0273 * (-5.011682575607894 + (0.08680026844289343 * x_3)))) + (0.883 + (67.6 * exp((-0.665 + (0.331 * (-11.545971418891767 + (0.06591093670668177 * x_0)))))))))),(0.061900000000000004 + 0.9810000000000001/(-0.0004684455591440672*x_2 + 0.030802425076273755*x_5 + (0.5640000000000001 - 0.167*sin(2.0481075534596612*x_1 - 191.694630594732))*(17.1 - 0.47200000000000003/(0.00075541439965151178*x_4 + (238.49172200670656 - 4.840053941303809*x_9)*(-32.6*sqrt(0.00014834975421571171*x_8 + 0.5657535431093838) - 0.376) - 4.4369147234780739)) - 0.11847087487194254))*(-0.002369647328490991*x_3 - (0.0009863708595436003*x_6 + 0.89542459269968475)*(-0.0003444461817536842*x_7 - 6.1215514452825704) + 0.76101017046478549*exp(0.02181652004991167*x_0) + 0.99391893431409552 - 0.00792/(0.0026352639269304741*x_7 - 0.14706486769260837))
678_visualizing_environmental,ok,3,BFGS,0.003489921672551022,3.5369609441023617,77,52,77,7.707182884216309,,0.001,(((-63.31085779368292 + (-8.199984227605405 + (0.1054080196021077 * x_2))) + ((((-87.33418523078969 + (-8.199984227605405 + (0.1054080196021077 * x_2))) - (5.880185150691368 + (-3.337226361803618 * (-1.2708878931061365 + (0.03018800687669188 * x_0))))) * ((1.1028963133796663 + (8.259881523045191 * inv((-1.7941512853402297 + (-3.2786679644371586 * inv((-9.283138960994362 + (0.01320660478655073 * cos((-54.14618843773737 + (63.53554798473692 * (-2.0365904670492747 + (0.011020403736287696 * x_1))))))))))))) + (2.5685963414425284 + (-0.00018102627172880608 * (-2.0365904670492747 + (0.011020403736287696 * x_1)))))) + (7.899142245126932 + (3.272617121906232 * (-1.2708878931061365 + (0.03018800687669188 * x_0)))))) * (0.07278065869696193 + (0.002387289808249385 * (-1.2708878931061365 + (0.03018800687669188 * x_0))))),(7.206752114808887e-5*x_0 + 0.069746680982322117)*((0.023694646952770422*cos(0.70018739039808094*x_1 - 183.54207978220434) - 13.37668773442284)*(0.09879378818088492*x_0 + 0.1054080196021077*x_2 - 67.770829255163872) + (-0.100744212359205*x_0 - 0.1054080196021077*x_2 + 105.65559518885732)*((1.9949826013263662e-6*x_1 - 3.6718613312014831)*(0.023694646952770422*cos(0.70018739039808094*x_1 - 183.54207978220434) - 13.37668773442284) + 0.1090849908585906*cos(0.70018739039808094*x_1 - 183.54207978220434) - 76.67762797977826))/(0.023694646952770422*cos(0.70018739039808094*x_1 - 183.54207978220434) - 13.37668773442284)
687_sleuth_ex1605,ok,5,NoRef,0.41331502751408955,11.674459024993245,65,63,65,8.611636877059937,,0.001,(((-3.7 + (0.921 * sin((-0.038000000000000006 + (0.00146 * abs((48.9 + (-95.8 * inv((-0.00033999999999999997 + (-0.00156 * (-5.422613168093948 + (0.06312467450653864 * x_1))))))))))))) * ((-0.0656 + (-0.00534 * arctan(((-4.19 + (-9.76 * (-8.944849837562757 + (0.07735816570356965 * x_2)))) * (4.1 + (0.00631 * (-4.273294241464471 + (0.34678565833873976 * x_0)))))))) + (0.596 + (0.00156 * ((-80.0 + (6.9 * (-8.688995392983172 + (0.07749104061636315 * x_3)))))**2)))) - ((7.930000000000001 + (0.29200000000000004 * (-8.688995392983172 + (0.07749104061636315 * x_3)))) + (-0.0142 + (-90.9 * log((5.54 + (0.52 * (-8.4556341730914 + (0.07385873749389502 * x_4))))))))),-0.022627383859978043*x_3 + (0.921*sin(0.00146*Abs((0.004815402670056793*x_1 + 95.402967377085118)/(9.847449223020028e-5*x_1 - 0.0081192765422265588)) - 0.038000000000000006) - 3.7)*(0.00156*(0.5346881802529058*x_3 - 139.9540682115839)**2 + 0.00534*atan((0.0021882175041174478*x_0 + 4.073035513336359)*(0.7550156972668398*x_2 - 83.11173441461251)) + 0.5304) + 90.9*log(0.03840654349682541*x_4 + 1.14307022999247) - 5.3786133452489145
690_visualizing_galaxy,ok,4,NoRef,0.8515945824355933,37.70609249389673,29,29,29,17.193984985351562,,0.001,(((30.0 + (0.00041221357154477725 + (0.041221155529185684 * x_3))) + (0.02 + (-0.9 * (-0.014811247445722082 + (0.04714572537817882 * x_1))))) * (53.1 + (1.5 * sin(((-0.030000000000000002 + (3.0 * (0.048534005474465805 + (0.08506574559780157 * x_0)))) + (0.01 + (0.9 * cos((0.01 + (-90.0 * (-2.3138420620132027 + (0.025977793443507386 * x_2)))))))))))),(1.5*sin(0.2551972367934047*x_0 + 0.9*cos(2.3380014099156647*x_2 - 208.25578558118824) + 0.12560201642339741) + 53.1)*(-0.04243115284036094*x_1 + 0.041221155529185684*x_3 + 30.033742336272695)
706_sleuth_case1202,ok,6,NoRef,0.5554771447154797,60.30978669969331,87,69,87,15.313639402389526,,0.001,(((-0.764 * abs((((-3.85 + ((0.539 + (-0.00157 * ((88.4 + (-0.5700000000000001 * inv((-0.1 + (-0.8250000000000001 * (-5.8387321233516065 + (0.0005617999057339651 * x_1))))))))**2)))**2) - (-0.459 + (-31.400000000000002 * abs((0.511 + (72.4 * cos((0.0347 + (-6.79 * (-2.1314423186227427 + (1.011347630775077 * x_5))))))))))) * (0.0070999999999999995 + (0.005059999999999999 * (-3.4018077595745577 + (0.007170790852930344 * x_4))))))) * ((-0.7160000000000001 + (0.9530000000000001 * (-1.3806701271484079 + (2.1049560954885562 * x_2)))) - ((5.82 + (-0.0072299999999999994 * (-8.067036718120427 + (0.09804422566455824 * x_3)))) - (-5.25 + (0.048 * cos((56.6 + (-1.68 * (-7.68010058678442 + (0.0014169083984426412 * x_0)))))))))) + (-0.00074 + (-0.269 * (-3.4018077595745577 + (0.007170790852930344 * x_4))))),-0.001928942739438263*x_4 - 0.764*(2.0060231590005943*x_2 + 0.00070885975155475602*x_3 + 0.048*cos(0.0023804061093836371*x_0 - 69.5025689857978) - 13.160103306644444)*Abs((3.628420171582753e-5*x_4 - 0.010113147263447259)*((0.0004634849222305213*x_1 - 4.7169540017650759)**4*(31.400000000000002*Abs(72.4*cos(6.867050412962773*x_5 - 14.507193343448423) + 0.511) - 3.391) + (0.539*(0.0004634849222305213*x_1 - 4.7169540017650759)**2 - 0.00157*(0.04097206712517808*x_1 - 416.40873375603274)**2)**2)/(0.0004634849222305213*x_1 - 4.7169540017650759)**4) + 0.91434628732555608
712_chscase_geyser1,ok,2,BFGS,0.6835953087071234,7.099837257185271,65,57,65,15.6802499294281,,0.001,((-67.40000327049715 + (-8.779981397128168 * (-3.3935425619618167 + (0.94461866768293 * x_1)))) * ((-25.200002239630717 + (0.014844565589351382 * (-3.3935425619618167 + (0.94461866768293 * x_1)))) * (0.010972863286664107 + (0.004754809011745468 * log((22.30000017309305 + (7.820001281112274 * abs((((0.06290661714777937 * inv((-0.00255409080153337 + (0.009663384059329046 * (-3.3935425619618167 + (0.94461866768293 * x_1)))))) - (-0.02240029206607225 + (82.6000004342349 * cos(((-85.59984852418043 + (-0.07472006063632597 * abs((-4.18998857727029 + (-1.5024884050165992 + (0.13469192335424468 * x_0)))))) * (2.685276989345211 + (-0.2859115511848524 * (-1.5024884050165992 + (0.13469192335424468 * x_0))))))))) + (-11.19999970793393 + (-9.209999560755206 * (-3.3935425619618167 + (0.94461866768293 * x_1))))))))))))),-(0.014022453769344971*x_1 - 25.250377904772015)*(8.29373432963612*x_1 + 37.604762706109736)*(0.004754809011745468*log(7.820001281112274*Abs(((0.009128212975431867*x_1 - 0.03534719589944984)*(8.699937514440953*x_1 + 82.6000004342349*cos((0.038509976738283344*x_0 - 3.1148557798607616)*(0.07472006063632597*Abs(0.13469192335424468*x_0 - 5.692476982286889) + 85.59984852418043)) - 20.076926089204571) - 0.06290661714777937)/(0.009128212975431867*x_1 - 0.03534719589944984)) + 22.30000017309305) + 0.010972863286664107)
feynman_III_10_19,ok,4,NoRef,0.9826483567661154,0.947755098952561,39,41,39,16.52605676651001,,0.001,((0.23 + (0.08600000000000001 * (-2.673971965623433 + (0.8898553227888648 * x_0)))) * ((68.4 + (8.2 * (-2.5928212263706856 + (0.8757205925655337 * x_1)))) - ((-0.1 + (-7.8 * (-2.6890810491196837 + (0.8961237359346407 * x_2)))) + ((0.09000000000000001 + (-0.02 * (-2.6890810491196837 + (0.8961237359346407 * x_2)))) * ((-0.1 + (-92.3 * (-2.7632761273837882 + (0.8839173948987078 * x_3)))) + ((0.01 + (-2.0 * (-2.5928212263706856 + (0.8757205925655337 * x_1)))) * (0.1 + (-9.9 * (-2.7632761273837882 + (0.8839173948987078 * x_3)))))))))),(0.07652755775984238*x_0 + 3.841095638474484e-5)*(7.180908859037376*x_1 + 6.989765140290197*x_2 + (0.01792247471869281*x_2 - 0.14378162098239369)*(-81.58557554915073*x_3 + (1.751441185131067*x_1 - 5.1956424527413712)*(8.750782209497207*x_3 - 27.456433661099504) + 254.95038655752364) + 26.264033760626853)
feynman_III_12_43,ok,2,NoRef,0.9998423177105904,0.010285689623610622,11,11,11,8.35407829284668,,0.001,((0.06520000000000001 + (0.025200000000000004 * (-2.5465486207773664 + (0.8639978684630047 * x_1)))) * ((1.18 + (-0.532 * (-2.6600860698602395 + (0.8787782072695123 * x_0)))) + (20.7 + (8.69 * (-2.6600860698602395 + (0.8787782072695123 * x_0)))))),(7.169072614904681*x_0 + 0.17901784208016679)*(0.021772746285267722*x_1 + 0.0010269747564103663)
feynman_III_13_18,ok,4,NoRef,0.9966332301952715,32.07891295044058,50,48,50,14.646716833114624,,0.001,((24.2 + (9.33 * (-2.559111498086225 + (0.8438989755780321 * x_0)))) * (((0.026500000000000003 + inv((2.4 + (-2.4699294639154807 + (0.8560964559950999 * x_3))))) * (0.734 + (0.3 * (-2.557360784962865 + (0.8860604608557809 * x_2))))) * ((-0.41500000000000004 + (-0.9530000000000001 * (-2.557360784962865 + (0.8860604608557809 * x_2)))) - ((38.7 + (-0.00049 * (-2.559111498086225 + (0.8438989755780321 * x_0)))) * ((-0.00943 + (0.00231 * (-2.557360784962865 + (0.8860604608557809 * x_2)))) + (0.902 + (-3.87 * exp((-0.652 + (0.451 * (-2.538907955679724 + (0.8360455927136513 * x_1)))))))))))),(7.87357744214304*x_0 + 0.3234897228555198)*(0.2658181382567343*x_2 - 0.03320823548885948)*(0.02268655608387015*x_3 + 0.99814686920623976)*(-0.8444156191955593*x_2 + (0.0004135104980332357*x_0 - 38.70125396463407)*(0.002046799664576854*x_2 - 0.6415982301231561*exp(0.3770565623138567*x_1) + 0.8866624965867358) + 2.0221648280696106)/(0.8560964559950999*x_3 - 0.069929463915480789)
feynman_III_14_14,ok,5,NoRef,0.9396564874909616,1.7457731748471856,59,39,59,15.609000205993652,,0.001,((0.006999999999999999 + (0.00248 * (-2.668504578371374 + (0.895141141763398 * x_0)))) * ((-0.11800000000000001 + (8.85 * inv(((0.0297 + (0.008839999999999999 * (-5.170473117636555 + (3.4111455044222505 * x_3)))) * ((-2.74 + (-0.0609 * (-5.170473117636555 + (3.4111455044222505 * x_3)))) - (((-0.184 * (-4.857485252493451 + (3.2877290201094715 * x_1))) - (-0.0369 + (-0.0683 * (-5.1655723252122225 + (3.434279417769823 * x_4))))) + (-1.75 + (0.163 * (-5.1655723252122225 + (3.434279417769823 * x_4)))))))))) * (-2.7600000000000002 + (-0.798 * (-5.111852970749168 + (3.3644339378306247 * x_2)))))),(0.00221995003157323*x_0 + 0.0003821086456389914)*(2.6848182823888387*x_2 - 1.3192586706578361)*(0.11800000000000001*(0.030154526259092691*x_3 - 0.01600698235990714)*(-0.60494213970014275*x_1 + 0.20773876121931506*x_3 + 0.7943488293301601*x_4 + 0.41099859477314184) + 8.85)/((0.030154526259092691*x_3 - 0.01600698235990714)*(-0.60494213970014275*x_1 + 0.20773876121931506*x_3 + 0.7943488293301601*x_4 + 0.41099859477314184))
feynman_III_15_12,ok,3,BFGS,0.15157116514234747,4.508394563747898,24,24,24,15.921048164367676,,0.001,(((0.09945387927803265 + (-2.6957874627590446 + (0.884057098270909 * x_0))) + (2.904483879278033 + (-0.16664410478238317 * (-2.7555269573611176 + (0.9149371100073108 * x_1))))) * (2.058996640848803 + (0.45899347618023006 * cos(((-0.06656631236100678 + (-0.07832414539225432 * (-2.433749339868416 + (0.8313595104823411 * x_2)))) + (-0.07162631236100679 + (55.686537339975175 * (-2.6957874627590446 + (0.884057098270909 * x_0))))))))),(0.45899347618023006*cos(-49.230078613533074*x_0 + 0.06511552317225226*x_2 + 150.06664049314633) + 2.058996640848803)*(0.884057098270909*x_0 - 0.15246887562934914*x_1 + 0.76734261881018859)
feynman_III_15_14,ok,3,NoRef,0.9685880217254085,0.003762588024188337,35,35,35,16.568825483322144,,0.001,((0.001 + (0.0005 * (-2.34578704306449 + (0.8008218224036182 * x_0)))) * (-0.1 + (0.9 * ((0.02 + (-9.0 * inv(((0.2 + (0.07500000000000001 * (-2.600944791990059 + (0.8402356442102845 * x_2)))) * ((-22.0 + (3.0 * (-2.34578704306449 + (0.8008218224036182 * x_0)))) + (0.1 + (-4.7 * (-2.7086572108381093 + (0.888939095052541 * x_1))))))))))**2))),(0.0004004109112018091*x_0 - 0.000172893521532245)*(0.9*(0.02 + 9.0/((0.06301767331577135*x_2 + 0.004929140600745559)*(-2.402465467210855*x_0 + 4.17801374674694*x_1 + 16.206672238254357)))**2 - 0.1)
feynman_III_15_27,ok,3,NoRef,0.9988939659389715,0.09024714300501407,48,34,48,13.208041667938232,,0.001,(((2.66 + (-2.4879626933927046 + (0.833693497064789 * x_0))) + (-0.0815 + (-0.05620000000000001 * arctan((-0.341 + (-0.00163 * (-2.533070086737555 + (0.8625339673768139 * x_2)))))))) * (-0.07640000000000001 + (-30.3 * inv(((2.06 + (0.8 * (-2.4893777348254535 + (0.8762245096472185 * x_1)))) * (-15.6 + (-6.0 * (-2.533070086737555 + (0.8625339673768139 * x_2))))))))),-(0.07640000000000001*(0.7009796077177748*x_1 + 0.068497812139637144)*(5.175203804260883*x_2 + 0.4015794795746697) - 30.3)*(0.833693497064789*x_0 + 0.05620000000000001*atan(0.001405930366824207*x_2 + 0.3368710957586178) + 0.090537306607295538)/((0.7009796077177748*x_1 + 0.068497812139637144)*(5.175203804260883*x_2 + 0.4015794795746697))
feynman_III_17_37,ok,3,NoRef,0.9808507697486226,0.7389839072271167,52,44,52,21.264357328414917,,0.001,(((92.3 + (-2.5686713329782953 + (0.862001671169859 * x_1))) + ((-0.0741 + (-5.57 * cos((-0.09200000000000001 + (-2.551596122504234 + (0.8474189011325017 * x_2)))))) * (31.900000000000002 + (9.88 * (-2.5686713329782953 + (0.862001671169859 * x_1)))))) * ((0.0756 + (-0.00688 * inv(((-0.08220000000000001 + (1.0 * (-2.491499110603535 + (0.8386271442685918 * x_0)))) + (-3.42 + (0.18000000000000002 * (-2.5686713329782953 + (0.862001671169859 * x_1)))))))) * (0.808 + (0.328 * (-2.491499110603535 + (0.8386271442685918 * x_0)))))),(0.2750697033200981*x_0 - 0.009211708277959474)*(0.06340021210670554*x_0 + 0.011730118741279443*x_1 - 0.49495813226079589)*(0.862001671169859*x_1 - (8.51657651115821*x_1 + 6.5215272301744424)*(5.57*cos(0.8474189011325017*x_2 - 2.643596122504234) + 0.0741) + 89.731328667021702)/(0.8386271442685918*x_0 + 0.15516030081057464*x_1 - 6.4560599505396281)
feynman_III_19_51,ok,5,NoRef,0.7131134769554082,0.977179497398405,105,61,105,15.893625497817993,,0.001,(((2.77 + (-2.7193729315376136 + (0.8742168644608117 * x_0))) + (0.00937 + (-0.0023699999999999997 * (-2.7193729315376136 + (0.8742168644608117 * x_0))))) * (9e-05 + (-0.00941 * ((((-0.047200000000000006 + ((-3.54 + (-0.44 * (-2.7325304403218103 + (0.9024643506596678 * x_1)))))**2) - (5.37 + (0.00631 * ((18.400000000000002 + (0.0087 * (-2.6537424167771304 + (0.8886083008934242 * x_3)))))**2))) * (-0.009859999999999999 + (5.44 * inv((((2.74 + (-2.712534670836872 + (0.9145791987347105 * x_2))) - (-0.629 + (0.00101 * (-2.712534670836872 + (0.9145791987347105 * x_2))))) * ((-4.05 + (-1.47 * (-2.6537424167771304 + (0.8886083008934242 * x_3)))) * (-1.34 + (-0.447 * (-2.6622629714337247 + (0.9132238574171417 * x_4)))))))))))**2))),(0.87214497049203958*x_0 + 0.066441982310130561)*(9.0e-5*(0.9136554737439884*x_2 + 0.6592049891806735)**2*(1.306254202313334*x_3 + 0.1489986473376182)**2*(0.4082110642654623*x_4 + 0.14996845176912512)**2 - 0.00941*(0.009859999999999999*(0.9136554737439884*x_2 + 0.6592049891806735)*(1.306254202313334*x_3 + 0.1489986473376182)*(0.4082110642654623*x_4 + 0.14996845176912512) - 5.44)**2*(-(0.3970843142902538*x_1 + 2.3376866062584035)**2 + 0.00631*(0.00773089221777279*x_3 + 18.376912440974041)**2 + 5.4172000000000001)**2)/((0.9136554737439884*x_2 + 0.6592049891806735)**2*(1.306254202313334*x_3 + 0.1489986473376182)**2*(0.4082110642654623*x_4 + 0.14996845176912512)**2)
feynman_III_21_20,ok,4,NoRef,0.9951907569751137,0.9257578585047997,33,29,33,15.04340672492981,,0.001,(((2.6 + (-2.5656360395809217 + (0.8550844648633008 * x_2))) * (0.2 + (0.08 * (-2.4948596073666858 + (0.8712831628673021 * x_0))))) * ((0.2 + (0.07600000000000001 * (-2.6240687793748685 + (0.8890183185341883 * x_1)))) * (-0.01 + (-0.6 * inv((0.007699999999999999 + (0.003 * (-2.545412639486553 + (0.8474318891943581 * x_3))))))))),-(0.06970265302938417*x_0 + 0.00041123141066514292)*(0.06756539220859832*x_1 + 0.00057077276750997809)*(0.8550844648633008*x_2 + 0.034363960419078389)*(2.542295667583074e-5*x_3 + 0.6000006376208154)/(0.002542295667583074*x_3 + 6.376208154033978e-5)
feynman_III_4_32,ok,4,NoRef,0.9952400840168445,0.5461477185801127,57,41,57,18.256405115127563,,0.001,(((0.0023 + inv(((0.08120000000000001 + (0.030000000000000002 * (-2.612511512350074 + (0.8627753949982891 * x_1)))) * (-0.639 + (-0.234 * (-2.784131327119264 + (0.9215893303699773 * x_0))))))) + ((0.00482 + (-0.155 * (-2.612511512350074 + (0.8627753949982891 * x_1)))) * (-0.028700000000000003 + (-0.185 * (-2.612511512350074 + (0.8627753949982891 * x_1)))))) * ((49.7 + (21.3 * (-2.6174887738802006 + (0.8670829091630897 * x_3)))) * (-0.00629 + (-0.00247 * (-2.6466365775727345 + (0.8707401267392567 * x_2)))))),-(0.002150728113045964*x_2 - 0.00024719234660465456)*(18.46886596517381*x_3 - 6.0525108836482718)*((0.2156519033065747*x_0 - 0.01248673054590779)*(0.025883261849948675*x_1 + 0.0028246546294977846)*((0.1337301862247348*x_1 - 0.4097592844142615)*(0.1596134480746835*x_1 - 0.45461462978476368) + 0.0023) - 1)/((0.2156519033065747*x_0 - 0.01248673054590779)*(0.025883261849948675*x_1 + 0.0028246546294977846))
feynman_III_4_33,ok,4,NoRef,0.9995786629258985,0.09757294221797522,35,41,35,19.20485210418701,,0.001,(((-0.008199999999999999 + (-0.183 * (-2.5251798266511916 + (0.8626981754077024 * x_0)))) - ((0.24700000000000003 + (0.09230000000000001 * (-2.866571611099702 + (0.9433028392921154 * x_3)))) * ((8.76 + (-0.009729999999999999 * (-2.866571611099702 + (0.9433028392921154 * x_3)))) - (41.6 + (13.4 * (-2.60734931142082 + (0.9073764005796643 * x_2))))))) - (((-1.97 * (-2.5251798266511916 + (0.8626981754077024 * x_0))) * (-0.05840000000000001 + (-0.05500000000000001 * (-2.772789939599442 + (0.8864830640187504 * x_1))))) + (0.020700000000000003 + (0.23600000000000002 * (-2.772789939599442 + (0.8864830640187504 * x_1)))))),-0.082862539323401581*x_0*x_1 + 0.0020564912452509555*x_0 + 0.033334630286282971*x_1 + 1.0586322516298715*x_2*x_3 - 0.21380791417202568*x_2 + 0.00079912887726115945*x_3**2 - 0.18529795819440657*x_3 + 0.65685025187939185
feynman_III_7_38,ok,3,NoRef,0.9996832926360231,0.6840128943464031,59,41,59,17.261744737625122,,0.001,((-0.044300000000000006 + (0.501 * (-2.809767375781024 + (0.9075827176016882 * x_1)))) + ((((2.91 + (-2.809767375781024 + (0.9075827176016882 * x_1))) * (0.34400000000000003 + (-0.00679 * inv((64.6 + (-0.00475 * (-2.402628220576974 + (0.8031476298129983 * x_2)))))))) * (-0.791 + (82.2 * inv((0.81 + (0.335 * (-2.402628220576974 + (0.8031476298129983 * x_2)))))))) * (0.39 + (0.14500000000000002 * (-2.7136530652251984 + (0.8943526615139876 * x_0)))))),(-(0.12968113591952822*x_0 - 0.0034796944576538091)*(0.9075827176016882*x_1 + 0.1002326242189762)*(0.0013123432271144393*x_2 - 22.219535894512423)*(0.2128220746859974*x_2 - 82.19595043902959) + (0.4546989415184458*x_1 - 1.451993455266293)*(0.003814951241611742*x_2 - 64.61141248404773)*(0.2690544559873544*x_2 + 0.00511954610671371))/((0.003814951241611742*x_2 - 64.61141248404773)*(0.2690544559873544*x_2 + 0.00511954610671371))
feynman_III_8_54,ok,3,BFGS,2.2742467268521693e-05,0.3505198908568089,34,34,34,5.694504022598267,,0.001,(0.4816002914594686 + (0.6892689602619255 * ((-6.41627003566552e-05 + (-0.014339536942294673 * cos(((-0.27681874569012266 + (-0.017792468966649978 * (-5.232329981974955 + (3.4582056648935673 * x_0)))) + (46.60018125430988 + (0.03580205381151345 * ((((3.254041378060117 * (-2.957250588126034 + (1.1919718312766996 * x_2))) + (-4.969863038745564 + (-0.01855862193988566 * (-2.957250588126034 + (1.1919718312766996 * x_2))))) + ((-3.049863038745565 + (9.05226534552218 * (-5.0517738838657475 + (3.3789723250614414 * x_1)))) - (69.69986303874552 + (-0.034412229506066136 * (-5.232329981974955 + (3.4582056648935673 * x_0)))))))**2)))))))**2)),0.6892689602619255*(-0.014339536942294673*cos(-0.061530016972911949*x_0 + 0.03580205381151345*(0.11900456701949548*x_0 + 30.587354081632193*x_1 + 3.8566043058768154*x_2 - 133.19777620216793)**2 + 46.416458577447319) - 6.41627003566552e-5)**2 + 0.4816002914594686
feynman_III_9_52,ok,6,NoRef,0.5850259759844267,9.549124270130966,77,77,77,15.450552225112915,,0.001,(((3.67 + (-3.302270063999335 + (1.711027822918682 * x_0))) * (0.08020000000000001 + (0.0042699999999999995 * (-3.466680730085183 + (1.7080804821447886 * x_2))))) * (0.0037199999999999998 + (0.554 * ((((0.218 + (-3.3150879840966465 + (1.6834333936891284 * x_3))) - (6.16 + (0.996 * (-3.282722642559414 + (1.6493480484584218 * x_1))))) * ((-0.0037199999999999998 + (0.617 * cos(((-0.35000000000000003 + (0.74 * (-2.575743190255727 + (0.8722576541805873 * x_4)))) + ((8.59 + (57.5 * inv((-9.03 + (-2.575743190255727 + (0.8722576541805873 * x_4)))))) * (0.0016099999999999999 + (-0.35200000000000004 * (-2.734929250040047 + (0.899503571822635 * x_5))))))))) * (0.00645 + (-0.048600000000000004 * abs(((0.8390000000000001 + (0.041800000000000004 * (-3.466680730085183 + (1.7080804821447886 * x_2)))) * (-85.0 + (-6.2 * (-3.466680730085183 + (1.7080804821447886 * x_2)))))))))))**2))),(1.711027822918682*x_0 + 0.3677299360006649)*(0.0072935036587582465*x_2 + 0.065397273282536281)*(0.554*(0.00645 - 0.048600000000000004*Abs((0.07139776415365217*x_2 + 0.69409274548243944)*(10.59009898929769*x_2 + 63.50657947347186)))**2*(0.617*cos(0.6454706640936346*x_4 + (0.96430509601409665 - 0.31662525728156754*x_5)*(8.59 + 57.5/(0.8722576541805873*x_4 - 11.60574319025573)) - 2.256049960789238) - 0.0037199999999999998)**2*(-1.6427506562645881*x_1 + 1.6834333936891284*x_3 - 5.9874962321074703)**2 + 0.0037199999999999998)
feynman_II_10_9,ok,3,NoRef,0.9989853749953466,0.006928980581282479,39,25,39,13.440473794937134,,0.001,((0.02 + (0.0081 * (-2.4407479823350755 + (0.8808833990454653 * x_0)))) * (-1.0 + (9.0 * inv(((0.02 + (0.0073999999999999995 * (-2.595419809290695 + (0.8588576606135521 * x_1)))) * (35.5 + (9.3 * (-2.6474767240232993 + (0.8825746761428329 * x_2))))))))),-(0.007135155532268269*x_0 + 0.00022994134308588994)*(1.0*(0.0063555466885402852*x_1 + 0.00079389341124885878)*(8.207944488128347*x_2 + 10.878466466583315) - 9.0)/((0.0063555466885402852*x_1 + 0.00079389341124885878)*(8.207944488128347*x_2 + 10.878466466583315))
feynman_II_11_20,ok,5,NoRef,0.9600150819575813,1.4760071109396156,49,49,49,15.92054009437561,,0.001,((((-0.00575 + (-2.594902082535144 + (0.8534005543784765 * x_1))) + ((0.7190000000000001 + (0.255 * (-2.539565017471692 + (0.8482516330389377 * x_2)))) * (-0.00494 + (0.00722 * ((0.24500000000000002 + (6.26 * inv(((5.88 + (1.6 * (-2.457523520153069 + (0.8701539172876223 * x_4)))) * (0.018000000000000002 + (0.00438 * (-2.6316919296321113 + (0.8710897992152611 * x_3)))))))))**2)))) * (0.04020000000000001 + (0.0154 * (-2.4569814526637677 + (0.8240340107265285 * x_0))))) * (5.2 + (2.72 * (-2.594902082535144 + (0.8534005543784765 * x_1))))),(0.01269012376518854*x_0 + 0.0023624856289779862)*(2.321249507909456*x_1 - 1.858133664495592)*(0.8534005543784765*x_1 + (0.2163041664249291*x_2 + 0.07141092054471862)*(0.00722*(0.24500000000000002 + 6.26/((0.003815373320562844*x_3 + 0.0064731893482113539)*(1.392246267660196*x_4 + 1.947962367755089)))**2 - 0.00494) - 2.600652082535144)
feynman_II_11_27,ok,4,NoRef,0.9908203693238755,0.05556060925528631,35,35,35,15.54098129272461,,0.001,((55.6 + (33.4 * (-1.7252785901711232 + (3.536305764059484 * x_1)))) * ((((5.15 + (-5.046769784936528 + (3.418189540060406 * x_2))) * (0.048100000000000004 + (0.00932 * (-5.0422201628750365 + (3.42921855514138 * x_3))))) * (-46.7 + (-0.684 * (-1.648775206320855 + (3.466849046719344 * x_0))))) * ((-0.00859 + (-0.0052 * (-1.648775206320855 + (3.466849046719344 * x_0)))) * (0.0989 + (0.00546 * (-1.7252785901711232 + (3.536305764059484 * x_1))))))),(0.01802761504294059*x_0 + 1.63689271315548e-5)*(2.371324747956031*x_0 + 45.57223775887654)*(0.01930822947176478*x_1 + 0.08947997889766567)*(118.1126125195868*x_1 - 2.024304911715511)*(3.418189540060406*x_2 + 0.1032302150634724)*(0.0319603169339177*x_3 + 0.0011065080820046631)
feynman_II_11_28,ok,2,NoRef,0.9949498190287481,0.02180309572666229,33,25,33,20.168811321258545,,0.001,(1.0 + (0.9 * inv((-0.4 + (-9.0 * inv(((0.2 + (0.12000000000000001 * (-1.8075189031076848 + (3.462610195906584 * x_1)))) * (-11.9 + (-6.7 * (-1.6870985985358635 + (3.439169193273224 * x_0))))))))))),(-4.7872179302584265*x_0*x_1 + 0.19473469829337755*x_0 - 0.12391422674372517*x_1 - 8.9949594106826271)/(3.8297743442067415*x_0*x_1 - 0.15578775863470205*x_0 + 0.099131381394980139*x_1 - 9.0040324714538983)
feynman_II_11_3,ok,5,NoRef,0.9947177880277811,0.009253196772498714,51,35,51,15.094156980514526,,0.001,(((3.6 + (-3.4858296098647474 + (1.725550340478727 * x_0))) * (0.02 + (0.0055 * (-3.639820054101914 + (1.8353488983603912 * x_1))))) * (0.001 + (0.9 * inv(((0.2 + (0.060000000000000005 * (-3.4159175484317243 + (1.6763635427586012 * x_2)))) * ((2.3000000000000003 + (0.73 * (-6.973914079319447 + (1.7326948094237948 * x_3)))) - (0.01 + (0.14 * (-5.529314466884249 + (3.5626460506029085 * x_4)))))))))),(1.725550340478727*x_0 + 0.11417039013525269)*(0.010094418940982151*x_1 - 1.901029756052556e-5)*(0.001*(0.10058181256551608*x_2 - 0.0049550529059034639)*(-1.2648672108793702*x_3 + 0.49877044708440724*x_4 + 2.026853252539401) - 0.9)/((0.10058181256551608*x_2 - 0.0049550529059034639)*(-1.2648672108793702*x_3 + 0.49877044708440724*x_4 + 2.026853252539401))
feynman_II_13_17,ok,4,NoRef,0.9761598309871032,0.003961630953364161,55,53,55,12.432924509048462,,0.001,(((0.00874 + inv(((-0.024800000000000003 + (-0.0097 * (-2.4024694168052316 + (0.8219116109543148 * x_3)))) * ((-8.78 + (-4.12 * (-2.753414723144747 + (0.8791399948500996 * x_1)))) * (-6.0600000000000005 + (-2.17 * (-2.7051143752950964 + (0.8640897171000568 * x_0)))))))) - (0.068 + (0.0030399999999999997 * inv((((-31.3 + (9.57 * (-2.4024694168052316 + (0.8219116109543148 * x_3)))) * (-67.5 + (-0.557 * (-2.652627881283846 + (0.864138855771416 * x_2))))) - (0.0543 + (0.0006 * (-2.753414723144747 + (0.8791399948500996 * x_1))))))))) * (-0.009559999999999999 + (-0.0035099999999999997 * (-2.652627881283846 + (0.864138855771416 * x_2))))),(0.00303312738375767*x_2 + 0.00024927613669370031)*(0.05926 - 0.0030399999999999997/(0.0005274839969100597*x_1 - (-0.481325342664679*x_2 - 66.0224862701249)*(7.865694116832793*x_3 - 54.291632318826068) + 0.05264795116611315) + 1/((1.875074686107123*x_0 + 0.1899018056096415)*(3.62205677878241*x_1 - 2.564068659356359)*(0.007972542626256854*x_3 + 0.0014960466569892558)))
feynman_II_13_23,ok,3,NoRef,0.9992935867268642,0.031492937744323914,37,27,37,11.713438034057617,,0.001,((0.00163 + (-0.0907 * (-2.6798415562573763 + (0.9000715575381649 * x_0)))) + ((2.75 + (0.384 * inv(((0.373 + (-0.23800000000000002 * (-5.26677435569427 + (3.4475216888865052 * x_1)))) - (-1.7 + (-0.7200000000000001 * (-3.3391022807239796 + (0.5111737659041323 * x_2)))))))) * (1.04 + (0.42200000000000004 * (-2.6798415562573763 + (0.9000715575381649 * x_0)))))),(0.79006640603609927*x_0*x_1 - 0.35438936889020434*x_0*x_2 - 1.0339715062176015*x_0 - 0.0043195731910183556*x_1 + 0.0019375723424571168*x_2 + 0.039758613481312563)/(0.82051016195498831*x_1 - 0.36804511145097531*x_2 - 0.92233865453397076)
feynman_II_13_34,ok,3,NoRef,0.9941162630276467,0.1561009075816836,39,29,39,16.343231678009033,,0.001,((0.066 + (0.024700000000000003 * (-2.635228193647432 + (0.8916572161096509 * x_0)))) * ((0.42000000000000004 + (0.030400000000000003 * (-2.635228193647432 + (0.8916572161096509 * x_0)))) - ((((-64.8 * inv(((0.10300000000000001 + (3.9 * (-2.9141559673417166 + (0.46292076127847 * x_2)))) - (-9.14 + (0.561 * (-4.940481638693344 + (3.3437624554237626 * x_1))))))) - (0.325 + (-0.00275 * (-4.940481638693344 + (3.3437624554237626 * x_1))))) + (-60.5 + (0.932 * (-4.940481638693344 + (3.3437624554237626 * x_1))))) + (0.0065 + (-15.0 * (-4.940481638693344 + (3.3437624554237626 * x_1))))))),(0.02202393323790838*x_0 + 0.00090986361690842496)*((0.02710637936973339*x_0 + 47.030854876149077*x_1 - 8.3307203057184399)*(-1.875850737492731*x_1 + 1.80539096898603*x_2 + 0.64940192667427227) + 64.8)/(-1.875850737492731*x_1 + 1.80539096898603*x_2 + 0.64940192667427227)
feynman_II_15_4,ok,3,NoRef,0.9988689769015217,0.1772770612824992,22,22,22,12.797138214111328,,0.001,(((2.7 + (-2.6459797016564632 + (0.8727188941478409 * x_1))) * (0.2 + (0.08 * (-2.555131165694161 + (0.8589482126346254 * x_0))))) * (0.1 + (16.3 * cos((0.14 + (-1.2 * (-2.5228635593411757 + (0.8363867496115811 * x_2)))))))),(0.06871585701077003*x_0 - 0.004410493255532871)*(0.8727188941478409*x_1 + 0.054020298343536978)*(16.3*cos(1.003664099533897*x_2 - 3.1674362712094107) + 0.1)
feynman_II_15_5,ok,3,NoRef,0.9957668456320242,0.3336364674478662,28,28,28,14.851719379425049,,0.001,(((-0.17 + cos((-0.0014299999999999998 + (-2.7404864706467325 + (0.873550869340621 * x_2))))) * ((((-97.60000000000001 + (-4.0 * (-2.623128343020264 + (0.8714830687709064 * x_0)))) + (-67.2 + (-60.300000000000004 * (-2.623128343020264 + (0.8714830687709064 * x_0))))) - ((0.3 + (3.7 * (-2.7404864706467325 + (0.873550869340621 * x_2)))) - (0.40700000000000003 + (0.044800000000000006 * (-2.623128343020264 + (0.8714830687709064 * x_0)))))) - (0.0094 + (-2.56 * (-2.516678448150414 + (0.8505212082765151 * x_1)))))) * (-0.0651 + (-0.024 * (-2.516678448150414 + (0.8505212082765151 * x_1))))),(0.02041250899863636*x_1 + 0.004699717244390067)*(cos(0.873550869340621*x_2 - 2.7419164706467325) - 0.17)*(55.997318880488348*x_0 - 2.177334293187879*x_1 + 3.2321382165603*x_2 - 7.544339420563515)
feynman_II_21_32,ok,5,NoRef,0.9836667275960692,0.005413901707803942,56,44,56,14.592240571975708,,0.001,((-0.551 + (-0.028 * (-5.01141599607414 + (3.34417291403035 * x_3)))) * ((0.009009999999999999 + (98.7 * inv(((3.83 + (1.59 * (-2.6284161408483433 + (0.8564019147978089 * x_1)))) * (24.5 + (9.53 * (-2.593522633521764 + (0.8605783448462752 * x_2)))))))) * ((6.17 + (0.252 * exp(((0.648 + (-0.789 * (-3.2988724247793657 + (0.5058211443179642 * x_4)))) - ((-0.00455 + (0.733 * (-3.2988724247793657 + (0.5058211443179642 * x_4)))) + (0.232 + (-0.050600000000000006 * (-5.01141599607414 + (3.34417291403035 * x_3))))))))) * (-0.00747 + (-0.0028599999999999997 * (-2.66672674421076 + (0.8799980575686334 * x_0))))))),(0.0025167944446462913*x_0 - 0.00015683848844277225)*(0.0936368415928498*x_3 + 0.410680352109924)*(0.009009999999999999*(1.361679044528516*x_1 - 0.34918166394886599)*(8.201311626385002*x_2 - 0.2162706974624093) + 98.7)*(45.129222678693687*exp(0.16921514944993573*x_3 - 0.7698597816519415*x_4) + 6.17)/((1.361679044528516*x_1 - 0.34918166394886599)*(8.201311626385002*x_2 - 0.2162706974624093))
feynman_II_24_17,ok,3,NoRef,0.9830802160675981,0.11251144249917344,42,40,42,15.349771976470947,,0.001,((0.060000000000000005 + (0.0075 * (-8.642683837968443 + (1.736310748726112 * x_0)))) * ((0.009 + (0.9 * sqrt((0.09000000000000001 + (9.0 * ((0.001 + (-0.9 * inv((0.046000000000000006 + (0.0094 * (-5.098632543293196 + (3.429833828411375 * x_1))))))))**2))))) + (-0.2 + (-3.0 * exp((-0.9 + (-0.9 * (-5.185707443394292 + (1.7511117255798525 * x_2))))))))),-(0.01302233061544584*x_0 - 0.0048201287847633147)*(-0.9*sqrt(9.0*(0.001 - 0.9/(0.03224043798706693*x_1 - 0.001927145906956039))**2 + 0.09000000000000001) + 0.191 + 129.7680969335087*exp(-1.5760005530218673*x_2))
feynman_II_27_16,ok,3,NoRef,0.9992057660320557,2.510435768007906,27,25,27,10.94664192199707,,0.001,(((-0.00728 + ((2.6 + (-2.587341142699831 + (0.8786098444979417 * x_2))))**2) * (-1.46 + (-0.562 * (-2.596743687374026 + (0.8682775866518997 * x_0))))) * ((-8.75 + (-3.0 * (-2.9070459506860526 + (0.9221130424024399 * x_1)))) - (-0.508 + (-0.00971 * (-2.596743687374026 + (0.8682775866518997 * x_0)))))),-(0.4879720036983677*x_0 + 0.0006300476957972201)*((0.8786098444979417*x_2 + 0.01265885730016908)**2 - 0.00728)*(0.008430975366389946*x_0 - 2.76633912720732*x_1 + 0.45392347085375602)
feynman_II_27_18,ok,2,NoRef,0.999975277377698,0.11062223609859496,17,17,17,9.801199674606323,,0.001,((0.109 + (22.1 * ((2.7800000000000002 + (-2.778749929216607 + (0.9202757116769661 * x_1))))**2)) * (0.164 + (0.05720000000000001 * (-2.854039588936294 + (0.9313688748574931 * x_0))))),(0.05327429964184861*x_0 + 0.0007489355128439609)*(22.1*(0.9202757116769661*x_1 + 0.0012500707833931826)**2 + 0.109)
feynman_II_2_42,ok,5,NoRef,0.9993698307509936,0.2009615212548666,37,33,37,14.491360187530518,,0.001,(((2.5 + (-2.5324236435326513 + (0.8576874007117519 * x_0))) * ((0.02 + (0.006999999999999999 * (-2.8444438062869346 + (0.9035352009803069 * x_3)))) * ((0.1 + (0.9 * (-2.47728704926582 + (0.8237116622497856 * x_2)))) + (0.01 + (-0.8400000000000001 * (-2.4653835903384924 + (0.8610943117784253 * x_1))))))) * (0.01 + (0.8 * inv((0.009 + (0.0034 * (-2.56184837158364 + (0.8868667655691996 * x_4)))))))),-(0.8576874007117519*x_0 - 0.0324236435326513)*(0.006324746406862147*x_3 + 8.8893355991461208e-5)*(3.015347002935279e-5*x_4 + 0.800002897155366)*(0.7233192218938773*x_1 - 0.7413404960248071*x_2 + 0.048636128454904004)/(0.003015347002935278*x_4 + 0.000289715536615623)
feynman_II_34_11,ok,4,NoRef,0.998710781830968,0.1817233884067378,61,57,61,12.912750005722046,,0.001,((0.18000000000000002 + (-0.00598 * (-2.546466339622496 + (0.8415241486134336 * x_2)))) * ((-0.43 + (-0.187 * (-2.546466339622496 + (0.8415241486134336 * x_2)))) * ((-0.0738 + (-0.029800000000000004 * (-2.4185743585385087 + (0.8288773353226235 * x_0)))) * ((((-19.0 * (-2.7443676432466564 + (0.9199324290158198 * x_1))) - (((52.7 + (-0.016800000000000002 * (-2.7443676432466564 + (0.9199324290158198 * x_1)))) + (0.0302 + (20.400000000000002 * cos((0.0989 + (-0.513 * (-2.4185743585385087 + (0.8288773353226235 * x_0)))))))) - (-0.7220000000000001 + (0.128 * (-2.4185743585385087 + (0.8288773353226235 * x_0)))))) + (0.07150000000000001 + (82.9 * abs((75.10000000000001 + (26.7 * (-2.7443676432466564 + (0.9199324290158198 * x_1)))))))) * (-0.0031799999999999997 + (0.07250000000000001 * inv((0.5750000000000001 + (0.219 * (-2.624623356535676 + (0.8656711223164797 * x_3))))))))))),-(0.024700544592614184*x_0 + 0.0017264841155524356)*(0.005032314408708333*x_2 - 0.19522786871094255)*(0.1573650157907121*x_2 - 0.04618920550940676)*(0.00060287068300364274*x_3 - 0.072499340197958586)*(-0.1060962989212958*x_0 + 17.46326128649311*x_1 + 20.400000000000002*cos(0.4252140730205059*x_0 - 1.339628645930255) - 82.9*Abs(24.56219585472239*x_1 + 1.8253839253142864) + 1.5933976726130043)/(0.1895819757873091*x_3 + 0.0002074849186870509)
feynman_II_34_2,ok,3,NoRef,0.9998249465364069,0.15184652260038953,17,17,17,8.161051511764526,,0.001,(((2.7 + (-2.6504816977325447 + (0.8726425668692686 * x_0))) * (0.060000000000000005 + (0.023000000000000003 * (-2.602940375995324 + (0.8496500991704193 * x_1))))) * (87.8 + (33.6 * (-2.593258549923045 + (0.8476444061960484 * x_2))))),(0.8726425668692686*x_0 + 0.049518302267455478)*(0.019541952280919646*x_1 + 0.00013237135210754478)*(28.48085204818723*x_2 + 0.6665127225856811)
feynman_II_34_29a,ok,3,NoRef,0.9975968124747839,0.010053878904742514,39,29,39,11.261161088943481,,0.001,(((-0.193 + inv((0.0809 + (0.031000000000000003 * (-2.5921353812207917 + (0.8811099449187398 * x_2)))))) - (0.00633 + (0.00518 * (-2.6340162306931827 + (0.8915777577347517 * x_0))))) * ((0.00217 + (0.00082 * (-2.6340162306931827 + (0.8915777577347517 * x_0)))) * ((-8.11 + (0.041600000000000005 * (-2.6340162306931827 + (0.8915777577347517 * x_0)))) + (17.5 + (3.7 * (-2.614432269470226 + (0.8616494128817651 * x_1))))))),-(0.0007310937613424964*x_0 + 1.0106690831590288e-5)*((0.004618372785066014*x_0 + 0.18568579592500932)*(0.027314408292480936*x_2 + 0.00054380318215544918) - 1)*(0.037089634721765675*x_0 + 3.188102827662531*x_1 - 0.39297447223667249)/(0.027314408292480936*x_2 + 0.00054380318215544918)
feynman_II_34_29b,ok,5,NoRef,0.9984798332312007,8.405803294009436,37,35,37,21.012808561325073,,0.001,(((2.3000000000000003 + (-2.3522871959349114 + (0.8097388077046674 * x_4))) * ((0.2 + (0.08 * (-2.5531194930605294 + (0.8789899049582045 * x_0)))) * (2.0 + (0.8 * (-2.5155816435325256 + (0.8566223922776196 * x_3)))))) * ((2.0 + (0.75 * (-2.6979419603958954 + (0.9090787910735363 * x_2)))) * (0.001 + (0.8 * inv((0.01 + (0.004 * (-2.580173613126937 + (0.8625475822840215 * x_1))))))))),(0.07031919239665636*x_0 - 0.0042495594448423452)*(3.450190329136086e-6*x_1 + 0.7999996793055475)*(0.6818090933051522*x_2 - 0.02345647029692155)*(0.6852979138220957*x_3 - 0.01246531482602059)*(0.8097388077046674*x_4 - 0.052287195934911098)/(0.003450190329136086*x_1 - 0.0003206944525077479)
feynman_II_34_2a,ok,3,NoRef,0.998693215140429,0.017478087849285163,27,23,27,12.816579341888428,,0.001,((-0.5730000000000001 + (-0.22 * (-2.5836604135273715 + (0.8398765027159596 * x_1)))) * ((0.87 + (-35.5 * inv((2.6 + (-2.595184874485386 + (0.8744180518029964 * x_2)))))) * (0.06670000000000001 + (0.023600000000000003 * (-2.7480241256459648 + (0.9048374383921544 * x_0)))))),-(0.021354163546054847*x_0 + 0.0018466306347552317)*(0.1847728305975111*x_1 + 0.0045947090239783737)*(0.7607437050686069*x_2 - 35.49581084080229)/(0.8744180518029964*x_2 + 0.004815125514614105)
feynman_II_35_18,ok,5,NoRef,0.9345671199941987,0.07836149318686342,34,36,34,7.273057222366333,,0.001,(0.002 + (0.00019999999999999998 * (((70.0 + (9.3 * (-3.4918091935735216 + (1.6972309630916704 * x_0)))) - ((0.1 + (-0.04 * (-3.579403689568145 + (1.7747930310678999 * x_2)))) * (0.01 + (90.0 * exp(((0.5 + (0.4 * (-3.273392609849695 + (1.652817435825319 * x_3)))) + ((-0.01 + (0.34 * (-3.7134592839832528 + (1.8246293748275135 * x_4)))) + (-0.01 + (-0.5 * (-3.219763489368215 + (1.6753593121119754 * x_1))))))))))))**2)),0.00019999999999999998*(15.784247956752536*x_0 + (0.070991721242715997*x_2 - 0.2431761475827258)*(55.576375757809403*exp(-0.8376796560559877*x_1 + 0.6611269743301276*x_3 + 0.62037398744135464*x_4) + 0.01) + 37.526174499766247)**2 + 0.002
feynman_II_35_21,ok,5,NoRef,0.9666377060650286,0.8924535294702091,35,35,35,19.71379828453064,,0.001,((0.2 + (0.07500000000000001 * (-2.6574893155775725 + (0.8639895682372307 * x_0)))) * (2.0 + (0.006999999999999999 * (((90.0 + (20.0 * (-2.585304710315294 + (0.8870094272288953 * x_1)))) + (-9.9 + (-0.002 * (((80.0 + (19.7 * (-2.7937445951572557 + (0.9077777236188819 * x_4)))) - ((-0.3 + (27.900000000000002 * (-2.7110096708122233 + (0.875131425217154 * x_2)))) + (-0.3 + (-22.7 * (-2.658226127563016 + (0.8861982062595278 * x_3)))))))**2))))**2))),(0.06479921761779231*x_0 + 0.00068830133168204868)*(0.006999999999999999*(17.74018854457791*x_1 - 0.002*(-24.416166763558599*x_2 + 20.11669928209128*x_3 + 17.88322115529197*x_4 + 40.858668195382639)**2 + 28.39390579369412)**2 + 2.0)
feynman_II_36_38,ok,8,NoRef,0.8275872199341435,0.39982975712945595,51,51,51,20.319082498550415,,0.001,(-0.4 + (9.0 * inv(((0.030000000000000002 + (0.006999999999999999 * (-3.471793038256991 + (1.7179484625381287 * x_3)))) * (((-6.0 + (-3.512647543149536 + (1.747231500909104 * x_1))) + (0.1 + (-1.3 * (-3.644144276541765 + (1.820082555589773 * x_2))))) * ((-34.0 + (1.4000000000000001 * (-3.49247493142665 + (1.7662338946626293 * x_4)))) + ((3.0 + (1.8 * (-3.4549198528908147 + (1.7383908466088813 * x_7)))) + (((0.2 + (-3.673547657995394 + (1.8008360979627651 * x_5))) + (-0.2 + (-5.5 * (-3.25539613447203 + (1.6780200106390297 * x_0))))) * (-1.4000000000000001 + (0.3 * (-3.6925070047132977 + (1.818762469791632 * x_6)))))))))))),-0.4 - 9.0/((0.012025639237766899*x_3 + 0.0056974487322010689)*(-1.747231500909104*x_1 + 2.366107322266705*x_2 + 4.675259983645241)*(2.4727274525276812*x_4 + 3.1291035238959864*x_7 + (0.5456287409374896*x_6 - 2.5077521014139894)*(-9.2291100585146633*x_0 + 1.8008360979627651*x_5 + 14.23113108160077) - 42.108320639200777))
feynman_II_37_1,ok,3,NoRef,0.9996998221045611,0.4061232034503709,17,17,17,9.220180034637451,,0.001,(((2.5 + (-2.4748604028134427 + (0.8522855070971659 * x_0))) * (0.2 + (0.060000000000000005 * (-2.5838719309788227 + (0.8503387114696592 * x_2))))) * (72.7 + (27.400000000000002 * (-2.624301235128215 + (0.8456908079177562 * x_1))))),(0.8522855070971659*x_0 + 0.0251395971865573)*(23.171928136946521*x_1 + 0.79414615748690653)*(0.051020322688179556*x_2 + 0.044967684141270636)
feynman_II_38_14,ok,2,NoRef,0.9998365154733275,0.0029054762863919966,58,54,58,3.8864939212799072,,0.001,(((0.00806 + arctan((0.367 + (0.0018399999999999998 * sqrt((0.8130000000000001 + (0.28200000000000003 * (-2.5507774690309435 + (0.8335657750653932 * x_0))))))))) + ((0.046000000000000006 + (0.12100000000000001 * sqrt((0.0536 + (0.017 * ((-0.05740000000000001 + (0.036000000000000004 * (-2.5507774690309435 + (0.8335657750653932 * x_0)))))**2))))) + (-0.05620000000000001 + (0.15 * (-2.5507774690309435 + (0.8335657750653932 * x_0)))))) * (-0.0056 + (1.58 * inv((1.6 + (0.454 * (-2.680159988684729 + (0.8643223760263921 * x_1)))))))),-(0.002197453208809499*x_1 - 1.577854038755232)*(0.125034866259809*x_0 + 0.12100000000000001*sqrt(0.017*(0.030008367902354159*x_0 - 0.14922798888511399)**2 + 0.0536) + atan(0.0018399999999999998*sqrt(0.23506554856844091*x_0 + 0.093680753733273954) + 0.367) - 0.38475662035464152)/(0.392402358715982*x_1 + 0.3832073651371331)
feynman_II_38_3,ok,4,NoRef,0.9982956995728872,0.36558520351207124,39,33,39,12.738481760025024,,0.001,((((-9.82 + (-2.616783341122097 + (0.8781832314186395 * x_3))) - (-5.62 + (47.300000000000004 * inv((0.9580000000000001 + (0.36200000000000004 * (-2.697549234125539 + (0.8870470474820004 * x_2)))))))) * (2.52 + (1.05 * (-2.495679074949545 + (0.8362537246328503 * x_0))))) * ((0.0097 + (0.00376 * (-2.616783341122097 + (0.8781832314186395 * x_3)))) * (-6.6000000000000005 + (-2.42 * (-2.5857619137828576 + (0.8827117374437846 * x_1)))))),(0.8780664108644929*x_0 - 0.1004630286970223)*(2.136162404613959*x_1 + 0.34245616864548529)*(0.003301968950134084*x_3 - 0.0001391053626190841)*((6.816783341122097 - 0.8781832314186395*x_3)*(0.32111103118848418*x_2 - 0.01851282275344512) + 47.300000000000004)/(0.32111103118848418*x_2 - 0.01851282275344512)
feynman_II_3_24,ok,2,NoRef,0.999522212193857,0.0012723588133798545,33,23,33,7.0747106075286865,,0.001,((0.00842 + (0.00332 * (-2.5176695361224137 + (0.8572007920001259 * x_0)))) * (-0.0417 + (0.0733 * ((-0.367 + (0.0381 * inv((-0.00597 + (-0.00241 * (-2.4932298491024527 + (0.8505516213027529 * x_1))))))))**2))),(0.002845906629440418*x_0 + 6.133714007358683e-5)*(0.0733*(0.0007522873924936458*x_1 + 0.038085802995364356)**2 - 0.0417*(0.002049829407339634*x_1 - 3.8683936336910935e-5)**2)/(0.002049829407339634*x_1 - 3.8683936336910935e-5)**2
feynman_II_4_23,ok,3,NoRef,0.9960501161325787,0.0021653269487694397,47,35,47,9.204509019851685,,0.001,((-0.016300000000000002 + (-0.006 * (-2.726174070301242 + (0.8855813319350537 * x_0)))) * ((-0.09190000000000001 + (0.00233 * (-2.6450480349990975 + (0.875105235568507 * x_1)))) * ((-0.034100000000000005 + (0.0921 * (-2.833389203949172 + (0.92120344499104 * x_2)))) + (-0.028 + (-75.60000000000001 * inv(((68.60000000000001 + (25.3 * (-2.6450480349990975 + (0.875105235568507 * x_1)))) * (-0.06180000000000001 + (-0.020700000000000003 * (-2.833389203949172 + (0.92120344499104 * x_2))))))))))),(0.005313487991610322*x_0 - 5.7044421807450098e-5)*(0.00203899519887462*x_1 - 0.098062961921547907)*((0.32305514568371875 - 0.0848428372836748*x_2)*(22.1401624598832*x_1 + 1.6802847145228417)*(0.019068911311314531*x_2 + 0.0031488434782521417) - 75.60000000000001)/((22.1401624598832*x_1 + 1.6802847145228417)*(0.019068911311314531*x_2 + 0.0031488434782521417))
feynman_II_6_11,ok,4,NoRef,0.9915326112712235,0.001796707736557586,51,35,51,12.312627792358398,,0.001,(((0.7000000000000001 + (-3.423012712168896 + (1.7317141236151294 * x_2))) * (0.030000000000000002 + (0.009 * (-3.412369198286662 + (1.7449053370848846 * x_1))))) * (0.1 + (-3.0 * inv(((0.2 + (0.08 * (-3.466501049439632 + (1.7135096701193169 * x_3)))) * ((33.0 + (1.9000000000000001 * (-3.423012712168896 + (1.7317141236151294 * x_2)))) + (0.2 + (7.7 * (-3.473970884806541 + (1.7576736275678213 * x_0)))))))))),(0.01570414803376396*x_1 - 0.00071132278457995378)*(1.7317141236151294*x_2 - 2.723012712168896)*(0.1*(0.13708077360954535*x_3 - 0.07732008395517055)*(13.534086932272224*x_0 + 3.290256834868746*x_2 - 0.053299966131268861) - 3.0)/((0.13708077360954535*x_3 - 0.07732008395517055)*(13.534086932272224*x_0 + 3.290256834868746*x_2 - 0.053299966131268861))
feynman_II_6_15a,ok,6,NoRef,0.9196794966333421,0.10276626577053154,55,53,55,12.706995725631714,,0.001,((-0.016300000000000002 + (-0.00514 * (-3.4212794043995127 + (1.7310890036930104 * x_1)))) * ((-0.657 + (-82.2 * ((0.895 + (3.58 * inv(((0.08810000000000001 + (0.0097 * (-3.3402239085436296 + (1.6902763339957814 * x_0)))) * ((-8.74 + (0.35200000000000004 * (-3.6153250605869824 + (1.7887668278887368 * x_4)))) - ((0.00233 + (3.44 * (-3.5442362624045955 + (1.7290625791858034 * x_2)))) - ((0.04020000000000001 + (-6.19 * (-3.587281008481665 + (1.8104534573853899 * x_3)))) * (-0.048400000000000006 + (0.0199 * (-3.6153250605869824 + (1.7887668278887368 * x_4))))))))))))**2)) * (0.003 + (0.001 * (-3.478817506470138 + (1.722491710743543 * x_5)))))),(0.0088977974789820728*x_1 - 0.0012853761386134919)*(0.001722491710743543*x_5 - 0.000478817506470138)*(82.2*(0.895 + 3.58/((0.01639568043975908*x_0 + 0.055699828087126802)*(-5.9479752723991636*x_2 + 0.62964592341683542*x_4 - (11.206706901215564*x_3 - 22.24546944250151)*(0.035596459874985864*x_4 - 0.12034496870568096) + 2.1772483213451902)))**2 + 0.657)
feynman_II_6_15b,ok,4,NoRef,0.9777922477429419,0.00459077566131025,42,40,42,13.911867380142212,,0.001,(((-0.004 + cos((-0.73 + (-3.574168123804971 + (1.7856360285208566 * x_2))))) * (0.001 + (0.0003 * (-3.4219568305138166 + (1.7204774630147597 * x_1))))) * (-0.1 + (-0.9 * ((0.001 + (-0.9 * inv(((0.030000000000000002 + (0.0106 * (-3.6124386164696762 + (1.7575565979989267 * x_3)))) * (7.5 + (0.9900000000000001 * (-3.5132747487246787 + (1.7460712803704583 * x_0)))))))))**2))),-(0.00051614323890442786*x_1 - 2.6587049154144869e-5)*(0.9*(0.001 - 0.9/((1.7286105675667539*x_0 + 4.0218579987625677)*(0.018630099938788623*x_3 - 0.0082918493345785659)))**2 + 0.1)*(cos(1.7856360285208566*x_2 - 4.304168123804971) - 0.004)
feynman_II_8_31,ok,2,NoRef,0.9997674603986422,0.19622653542593985,17,17,17,21.59230375289917,,0.001,((((0.651 + (-2.653907254924258 + (0.8509274823888617 * x_1))) - ((-0.52 + (-1.73 * (-2.653907254924258 + (0.8509274823888617 * x_1)))) - (4.14 + (-0.532 * (-2.653907254924258 + (0.8509274823888617 * x_1)))))) * ((6.09 + (-0.05790000000000001 * (-2.653907254924258 + (0.8509274823888617 * x_1)))) - (0.0257 + (-2.13 * (-2.653907254924258 + (0.8509274823888617 * x_1)))))) * (0.457 + (0.163 * (-2.752389043981485 + (0.9048032319317431 * x_0))))),(0.1474829268048741*x_0 + 0.008360585831017946)*(1.76320683625796*x_1 + 0.5651387770714451)*(1.870338606290718*x_1 - 0.5222881463235193)
feynman_II_8_7,ok,3,NoRef,0.9969968089399541,0.005060589046107323,57,55,57,16.45719861984253,,0.001,((((((-3.36 + (-2.817692762706578 + (0.922060438168705 * x_0))) - ((2.63 + (-0.00471 * (-2.817692762706578 + (0.922060438168705 * x_0)))) * (0.06580000000000001 + (0.9400000000000001 * (-2.817692762706578 + (0.922060438168705 * x_0)))))) * (-0.00971 + (-0.00417 * inv((0.085 + (0.0335 * (-2.6690271729427253 + (0.8807282537045857 * x_1)))))))) * (-0.00197 + (0.052700000000000004 * inv((0.18000000000000002 + (0.0665 * (-2.669435878248962 + (0.9227695518217146 * x_2)))))))) * (-0.00972 + (-0.0029 * (-2.817692762706578 + (0.922060438168705 * x_0))))) * (-85.9 + (-0.06530000000000001 * (-2.817692762706578 + (0.922060438168705 * x_0))))),(0.00267397527068924*x_0 + 0.001548690988150924)*(0.06021054661241645*x_0 + 85.71600466259527)*(0.0002864876900062962*x_1 + 0.0041271554960493257)*(0.0001208874251364037*x_2 - 0.052695109447230009)*(0.922060438168705*x_0 + (0.0043429046637746*x_0 - 2.643271332912348)*(0.8667368118785828*x_0 - 2.582831196944184) - 6.177692762706578)/((0.02950439649910362*x_1 - 0.0044124102935812968)*(0.06136417519614402*x_2 + 0.0024825140964440373))
feynman_I_10_7,ok,3,NoRef,0.9995618042790297,0.024767084499187207,26,21,26,7.175215482711792,,0.001,((0.3 + (0.117 * (-2.588106740665522 + (0.887566173182724 * x_0)))) * (9.6 + (0.3 * exp(((0.2 + (0.4 * (-5.100574389259935 + (3.343197439644897 * x_1)))) + (-0.6 + (0.9 * exp((-0.6 + (-0.8 * (-3.468260823868103 + (0.5144108989083627 * x_2)))))))))))),(0.103845242262379*x_0 - 0.0028084886578661)*(0.02614224841785846*exp((1.337278975857959*x_1*exp(0.4115287191266902*x_2) + 7.918867026918599)*exp(-0.4115287191266902*x_2)) + 9.6)
feynman_I_11_19,ok,6,NoRef,0.9587742615943157,1.8706902513080776,59,63,59,11.451544761657715,,0.001,(((-0.0614 * (-2.4827020613216004 + (0.8474431728639252 * x_0))) * (((0.055400000000000005 * (-2.4909796979027035 + (0.8495365704084542 * x_1))) - (-0.5780000000000001 + (0.009609999999999999 * (-2.4827020613216004 + (0.8474431728639252 * x_0))))) + (-0.021400000000000002 + (-13.1 * (-2.7479829985177977 + (0.8948864386578299 * x_3)))))) + (((0.532 + (0.067 * (-2.4909796979027035 + (0.8495365704084542 * x_1)))) * ((-0.0065 + (0.009949999999999999 * (-2.695030893403317 + (0.8307952953518407 * x_5)))) - (((7.7 + (1.75 * (-2.695030893403317 + (0.8307952953518407 * x_5)))) * (-4.3 + (-0.878 * (-2.676096923467062 + (0.9079286415109341 * x_2))))) - (-0.09920000000000001 + (6.2 * (-2.6471928306298094 + (0.885966881026239 * x_4))))))) - ((-0.16 + (-0.06670000000000001 * (-2.4827020613216004 + (0.8474431728639252 * x_0)))) * (59.1 + (19.900000000000002 * (-2.7479829985177977 + (0.8948864386578299 * x_3))))))),(0.05203301081384501*x_0 - 0.15243790656514627)*(0.00814392889122232*x_0 - 0.047064326000628367*x_1 + 11.72301234641757*x_3 - 36.44103577212864) + (0.05652445963002382*x_0 - 0.0055962274901507664)*(17.808240129290817*x_3 + 4.4151383294958217) + (0.05691895021736644*x_1 + 0.36510436024051888)*(5.49299466236268*x_4 + 0.008266413188750814*x_5 + (0.7971613472466001*x_2 + 1.950386901195919)*(1.453891766865721*x_5 + 2.983695936544196) - 16.545111107294182)
feynman_I_12_1,ok,2,NoRef,0.9998680719583403,0.05780685668321797,11,11,11,10.407126426696777,,0.001,((0.099 + (0.038000000000000006 * (-2.566602023658053 + (0.8997949016063425 * x_0)))) * (89.5 + (30.900000000000002 * (-2.878930580317207 + (0.928002407756839 * x_1))))),(0.03419220626104102*x_0 + 0.0014691231009939748)*(28.675274399686326*x_1 + 0.54104506819829801)
feynman_I_12_11,ok,5,NoRef,0.9927563258481055,2.172671668680665,46,44,46,10.816664457321167,,0.001,((-7.26 + (3.56 * ((6.0 + (-2.7336069787470243 + (0.8973963259979115 * x_0))))**2)) * ((((0.0045 + arctan(((0.5800000000000001 + (-3.94 * (-2.5860302835261004 + (0.8650529647164638 * x_4)))) * (-0.40900000000000003 + (-0.08960000000000001 * (-2.6603944928985346 + (0.9006524322203873 * x_2))))))) * (-23.0 + (-8.09 * (-2.577161210079287 + (0.8594599513383012 * x_3))))) * (0.00794 + (0.00226 * (-2.6603944928985346 + (0.9006524322203873 * x_2))))) + (0.07050000000000001 + (0.027200000000000002 * (-2.6846738802725283 + (0.8727114307740083 * x_1)))))),-(3.56*(0.8973963259979115*x_0 + 3.2663930212529757)**2 - 7.26)*(-0.023737750917053027*x_1 + (0.002035474496818075*x_2 + 0.0019275084460493113)*(6.953031006326857*x_3 + 2.150765810458569)*(atan((0.08069845792694671*x_2 + 0.1706286534362913)*(3.408308680982867*x_4 - 10.768959317092836)) + 0.0045) + 0.0025231295434127646)
feynman_I_12_2,ok,4,NoRef,0.9955102449929353,0.007901881224209064,37,37,37,12.026894807815552,,0.001,(((2.6 + (-2.617184116087947 + (0.8521397663891764 * x_1))) * (0.02 + (0.006999999999999999 * (-2.8539742313544565 + (0.9239149687966296 * x_0))))) * (0.01 + (0.5 * ((0.01 + (-0.9 * inv(((0.2 + (0.08 * (-2.5317902960514966 + (0.853150896025948 * x_3)))) * (4.4 + (0.9700000000000001 * (-2.556480029432039 + (0.8349043469624741 * x_2)))))))))**2))),(0.006467404781576406*x_0 + 2.2180380518807904e-5)*(0.8521397663891764*x_1 - 0.0171841160879469)*(0.5*(0.01 - 0.9/((0.8098572165536*x_2 + 1.920214371450922)*(0.0682520716820758*x_3 - 0.0025432236841197212)))**2 + 0.01)
feynman_I_12_4,ok,3,NoRef,0.9864747019952386,0.002854026532732404,63,47,63,13.618505954742432,,0.001,((((-0.028200000000000003 + (-0.109 * (-2.610281525456201 + (0.8563534632402007 * x_0)))) * (7.33 + (-0.00617 * (-2.610281525456201 + (0.8563534632402007 * x_0))))) - (1.83 + (0.0016099999999999999 * (-2.506670832800553 + (0.8357722543545856 * x_1))))) * ((-0.014100000000000001 + (-0.00403 * ((-0.447 + (0.07400000000000001 * inv((-0.00624 + (-0.0023899999999999998 * (-2.6386330449565643 + (0.8571845166463317 * x_2))))))))**2)) * (-0.00109 + (-0.00849 * inv((-0.9770000000000001 + (-0.36200000000000004 * (-2.506670832800553 + (0.8357722543545856 * x_1))))))))),-(0.00032977901612323244*x_1 - 0.0084141521772064415)*(0.00403*(0.00091575593466877549*x_2 + 0.073970349159081564)**2 + 0.014100000000000001*(0.0020486709947847326*x_2 - 6.6332977446188266e-5)**2)*(0.0013455933295108827*x_1 - (0.005283700868192038*x_0 - 7.346105437012065)*(0.09334252749318188*x_0 - 0.25632068627472591) + 1.8259642599591912)/((0.30254955607636002*x_1 + 0.069585158526199828)*(0.0020486709947847326*x_2 - 6.6332977446188266e-5)**2)
feynman_I_12_5,ok,2,NoRef,0.9999508672825178,0.03417478467344235,15,15,15,5.2480628490448,,0.001,((((-0.00089 * (-2.643473215745853 + (0.8815481695584527 * x_0))) - (17.3 + (-0.07450000000000001 * (-2.7429584544718253 + (0.9245535089554948 * x_1))))) + (0.061200000000000004 + (-6.33 * (-2.7429584544718253 + (0.9245535089554948 * x_1))))) * (-0.518 + (-0.195 * (-2.643473215745853 + (0.8815481695584527 * x_0))))),(0.1719018930638983*x_0 + 0.002522722929558671)*(0.0007845778709070229*x_0 + 5.783544475271098*x_1 + 0.077870696889483559)
feynman_I_13_12,ok,5,NoRef,0.9367292964618199,2.4437582576365884,65,51,65,21.540680170059204,,0.001,((((3.3000000000000003 + (-2.5612832345666563 + (0.8379805705041466 * x_3))) + (0.76 + (-27.2 * inv(((-0.164 + (-0.06180000000000001 * (-2.7093703865142946 + (0.8748960358981902 * x_2)))) * (-9.19 + (-3.99 * (-2.5612832345666563 + (0.8379805705041466 * x_3))))))))) * (0.9750000000000001 + (0.41300000000000003 * (-2.384599847508499 + (0.8257596665344117 * x_4))))) * ((43.1 + (16.2 * (-2.6701260084176734 + (0.8768008800903796 * x_1)))) * ((0.0212 + (0.00793 * (-2.668801708030412 + (0.8819198439156285 * x_0)))) * ((-0.0018599999999999999 + (0.2 * (-2.5612832345666563 + (0.8379805705041466 * x_3)))) - (0.00481 + (0.168 * (-2.7093703865142946 + (0.8748960358981902 * x_2)))))))),-(0.006993624362250934*x_0 + 3.640245531883433e-5)*(14.20417425746415*x_1 - 0.15604133636630579)*(0.34103874227871206*x_4 - 0.0098397370210100621)*((0.05406857501850816*x_2 - 0.0034390898865834273)*(0.8379805705041466*x_3 + 1.498716765433344)*(3.343542476311545*x_3 - 1.0295201059209597) - 27.2)*(0.146982534030896*x_2 - 0.1675961141008293*x_3 + 0.063752421978929768)/((0.05406857501850816*x_2 - 0.0034390898865834273)*(3.343542476311545*x_3 - 1.0295201059209597))
feynman_I_13_4,ok,4,NoRef,0.9983403563590557,1.04115685650972,40,42,40,20.65944194793701,,0.001,((0.2 + (0.07200000000000001 * (-2.7370812263130415 + (0.902756266590703 * x_0)))) * ((0.09000000000000001 + (80.0 * exp((0.9 + (0.26 * (-2.6220737557332443 + (0.8728146501207767 * x_1))))))) - ((0.001 + (-37.0 * (-2.5379950056480767 + (0.8946994347622791 * x_3)))) + ((0.01 + (-9.0 * (-2.5379950056480767 + (0.8946994347622791 * x_3)))) + ((0.6 + (0.13 * (-2.548140169947589 + (0.8525284766606351 * x_2)))) * ((-0.1 + (-85.0 * (-2.548140169947589 + (0.8525284766606351 * x_2)))) + (-0.1 + (-0.01 * ((0.001 + (40.6 * (-2.5379950056480767 + (0.8946994347622791 * x_3)))))**2)))))))),(0.06499845119453062*x_0 + 0.0029301517054609952)*(41.15617399906484*x_3 + (0.1108287019658826*x_2 + 0.2687417779068134)*(72.46492051615398*x_2 + 0.01*(36.32479705134853*x_3 - 103.04159722931192)**2 - 216.3919144455451) + 99.512917333267086*exp(0.226931809031402*x_1) - 116.66877025981153)
feynman_I_14_3,ok,3,NoRef,0.9997476342092514,0.29232482260680953,27,25,27,10.526026487350464,,0.001,(((((-2.722875886256813 + (0.8863816221636266 * x_2)) + (2.64 + (-0.00522 * (-2.428453058567591 + (0.8889549158624802 * x_0))))) + (0.07970000000000001 + (-0.00244 * (-2.6760694322662943 + (0.8805989180487918 * x_1))))) * (-1.6300000000000001 + (-0.663 * (-2.428453058567591 + (0.8889549158624802 * x_0))))) * (-5.79 + (-2.2 * (-2.6760694322662943 + (0.8805989180487918 * x_1))))),-(0.5893771092168244*x_0 + 0.019935622169687179)*(1.937317619707342*x_1 - 0.097352750985847898)*(0.004640344660802146*x_0 + 0.002148661360039052*x_1 - 0.8863816221636266*x_2 - 0.016030248123639712)
feynman_I_14_4,ok,2,NoRef,0.9999112125953651,0.12479613012832885,17,17,17,6.120133399963379,,0.001,((0.02 + (0.0075 * (-2.626437502441532 + (0.8816095514609437 * x_0)))) * (-0.01 + (0.8 * ((29.5 + (11.200000000000001 * (-2.630906588185309 + (0.8633123577016952 * x_1)))))**2))),(0.006612071635957078*x_0 + 0.0003017187316885109)*(0.8*(9.6690984062589871*x_1 + 0.033846212324536801)**2 - 0.01)
feynman_I_15_10,ok,3,NoRef,0.9974655089848453,0.1015487954185306,25,20,25,9.889114379882812,,0.001,((0.2 + (0.07600000000000001 * (-2.644856021421248 + (0.8646173589431646 * x_0)))) * ((0.4 + (0.07700000000000001 * (-5.457180456861609 + (3.6446002602554834 * x_1)))) * (57.9 + (0.9 * exp((-0.3 + (-1.6 * (-2.999068701425839 + (0.46665137782532334 * x_2))))))))),(0.06571091927968052*x_0 - 0.001009057628014863)*(0.28063422003967226*x_1 - 0.02020289517834392)*(57.9*exp(0.74664220452051739*x_2) + 80.89478879687679)*exp(-0.74664220452051739*x_2)
feynman_I_15_3t,ok,4,NoRef,0.9986792963591917,0.04381422358074131,57,57,57,5.8618080615997314,,0.001,(((-0.0239 * inv(((0.7100000000000001 + (0.00052 * (-2.717105569629776 + (0.8849901747612658 * x_0)))) * ((-8.2 + (-3.66 * (-3.34115030979141 + (0.5107587437264599 * x_1)))) + ((0.7070000000000001 + (1.6600000000000001 * (-3.34115030979141 + (0.5107587437264599 * x_1)))) * (((-0.341 * (-5.192961335421972 + (3.487532856832522 * x_2))) * (0.728 + (-0.044700000000000004 * (-2.717105569629776 + (0.8849901747612658 * x_0))))) + (0.005399999999999999 + (-0.21300000000000002 * (-2.717105569629776 + (0.8849901747612658 * x_0)))))))))) * ((-6.55 + (8.0 * (-2.419137422785296 + (0.862311797425404 * x_3)))) - (-0.0413 + (9.56 * (-2.717105569629776 + (0.8849901747612658 * x_0)))))) + (2.8000000000000003 + (1.16 * (-2.419137422785296 + (0.862311797425404 * x_3))))),1.00028168501347*x_3 - 0.0061994104309428186 - 0.0239*(-8.460506070717702*x_0 + 6.89849437940323*x_3 + 0.1137298633782926)/((0.0004601948908758582*x_0 + 0.7085871051037926)*(-1.869377002038843*x_1 + (0.84785951458592347*x_1 - 4.8393095142537411)*(-0.18850290722414963*x_0 + (0.039559060811828585*x_0 - 0.84945461896245098)*(1.18924870417989*x_2 - 1.770799815378893) + 0.58414348633114234) + 4.02861013383656))
feynman_I_15_3x,ok,4,NoRef,0.9935157684916882,0.1325567908781634,127,80,127,9.564792394638062,,0.001,(((((-0.786 + (0.752 * (-5.406940417278592 + (3.651746841581515 * x_3)))) + (4.63 + (-0.0563 * ((-0.605 + (0.008749999999999999 * (-5.31046149851653 + (0.7020053706524357 * x_0)))))**2))) - (0.00848 + (-0.024100000000000003 * (-5.406940417278592 + (3.651746841581515 * x_3))))) * (-0.55 + (-0.11 * (-5.10499948290293 + (3.3738543444755535 * x_1))))) + ((-0.0238 + (1.43 * (-5.31046149851653 + (0.7020053706524357 * x_0)))) + (7.390000000000001 + (6.2 * inv((((-0.0159 + (-5.31046149851653 + (0.7020053706524357 * x_0))) - (16.4 + (-3.71 * ((-0.005699999999999999 + (-0.931 * (-2.178268316616358 + (0.18522376390576137 * x_2)))))**3))) * (-0.0279 + (-8.290000000000001 * sqrt((0.0065899999999999995 + (-0.007899999999999999 * log((0.007019999999999999 + (0.0049499999999999995 * sqrt((0.452 + (0.005889999999999999 * (-5.406940417278592 + (3.651746841581515 * x_3))))))))))))))))))),((8.290000000000001*sqrt(0.0065899999999999995 - 0.007899999999999999*log(0.0049499999999999995*sqrt(0.02150878889691512*x_3 + 0.4201531209422291) + 0.007019999999999999)) + 0.0279)*(-0.7020053706524357*x_0 + 3.71*(0.17244332419626384*x_2 - 2.022267802769829)**3 + 21.7263614985165)*(1.003867680032983*x_0 + (0.37112397789231089*x_1 - 0.0115499431193223)*(-2.8341207237514139*x_3 + 0.0563*(0.006142546993208812*x_0 - 0.6514665381120196)**2 + 0.36080645784991541) - 0.2277599428786368) + 6.2)/((8.290000000000001*sqrt(0.0065899999999999995 - 0.007899999999999999*log(0.0049499999999999995*sqrt(0.02150878889691512*x_3 + 0.4201531209422291) + 0.007019999999999999)) + 0.0279)*(-0.7020053706524357*x_0 + 3.71*(0.17244332419626384*x_2 - 2.022267802769829)**3 + 21.7263614985165))
feynman_I_16_6,ok,3,NoRef,0.9641221147853649,0.22771237977108053,34,34,34,5.26107931137085,,0.001,((2.7800000000000002 + (1.23 * (-2.338683200901609 + (0.839476836958178 * x_0)))) + ((0.0937 + (6.3 * sin(((0.00632 + (-0.9540000000000001 * (-2.338683200901609 + (0.839476836958178 * x_0)))) - (0.0062 + (-0.499 * (-2.7471278243839246 + (0.9079909650983548 * x_2)))))))) * (((0.00633 + (-0.0308 * (-2.7471278243839246 + (0.9079909650983548 * x_2)))) + (-0.00842 + (-0.0417 * (-2.550087265129937 + (0.8894335703382671 * x_1))))) - (0.00713 + (-0.04 * (-2.338683200901609 + (0.839476836958178 * x_0))))))),1.03255650945856*x_0 + (6.3*sin(-0.8008609024581019*x_0 + 0.453087491584079*x_2 + 0.86040698929255686) + 0.0937)*(0.0335790734783271*x_0 - 0.03708937988310574*x_1 - 0.02796612172502933*x_2 + 0.088182847910878891) - 0.096580337108978835
feynman_I_18_12,ok,3,NoRef,0.9957278723199027,0.4540322975911918,24,22,24,10.21765685081482,,0.001,(((2.5 + (-2.421696017227875 + (0.8519542273871007 * x_0))) * (0.1 + (0.04 * (-2.548286892362978 + (0.86026417115375 * x_1))))) * (0.1 + (34.7 * sin((0.62 + (-1.4000000000000001 * (-1.725396682298155 + (0.6944642421502414 * x_2)))))))),-(0.8519542273871007*x_0 + 0.07830398277212502)*(0.03441056684615*x_1 - 0.001931475694519116)*(34.7*sin(0.97224993901033803*x_2 - 3.0355553552174172) - 0.1)
feynman_I_18_14,ok,4,NoRef,0.9974208257127816,1.295767156549974,35,33,35,17.10168194770813,,0.001,((-0.28500000000000003 + (-0.735 * abs(((-24.0 + (-8.82 * (-2.6321438473229772 + (0.8768714116868315 * x_1)))) * (-41.4 + (-15.4 * (-2.6000499735222258 + (0.8575648261012243 * x_0)))))))) * ((-0.0032199999999999998 + (-0.402 * sin((-0.046000000000000006 + (-2.7962163559154027 + (0.9041044335611569 * x_3)))))) * (-0.099 + (-0.0383 * (-2.613124523709804 + (0.8658355855259678 * x_2)))))),-(0.03316150292564457*x_2 - 0.001082669258085492)*(0.402*sin(0.9041044335611569*x_3 - 2.8422163559154027) + 0.0032199999999999998)*(0.735*Abs((13.20649832195885*x_0 + 1.3592304077577203)*(7.734005851077854*x_1 + 0.78449126661134036)) + 0.28500000000000003)
feynman_I_18_4,ok,4,NoRef,0.9055953943496965,0.27254432131937206,47,49,47,13.30842137336731,,0.001,((3.19 + (0.6900000000000001 * (-2.8149539998910376 + (0.9007791820199235 * x_3)))) - (((-5.54 + (-2.6157150245109952 + (0.8800441601899178 * x_1))) * ((9.69 + (-51.0 * (-2.604761631720367 + (0.8569951062057086 * x_2)))) + (((0.00226 + (22.7 * (-2.8149539998910376 + (0.9007791820199235 * x_3)))) - (-0.004889999999999999 + (0.00172 * (-2.8149539998910376 + (0.9007791820199235 * x_3))))) - ((-4.5200000000000005 + (-73.8 * (-2.664498595282067 + (0.8920120394009231 * x_0)))) * (0.00698 + (0.0089 * (-2.8149539998910376 + (0.9007791820199235 * x_3)))))))) * ((0.020800000000000003 + (-0.005699999999999999 * (-2.664498595282067 + (0.8920120394009231 * x_0)))) * (-0.09910000000000001 + (-0.0134 * (-2.664498595282067 + (0.8920120394009231 * x_0))))))),0.6215376355937473*x_3 - (0.005084468624585261*x_0 - 0.035987641993107782)*(0.01195296132797237*x_0 + 0.06339571882322031)*(0.8800441601899178*x_1 - 8.1557150245109952)*(-43.70675041649114*x_2 + 20.44613809165919*x_3 + (65.83048850778812*x_0 - 192.11999633181654)*(0.008016934719977319*x_3 - 0.018073090599030234) + 78.645379141091977) + 1.2476817400751837
feynman_I_24_6,ok,4,NoRef,0.9969869368583026,0.8093078629933297,43,41,43,15.825764894485474,,0.001,((0.030000000000000002 + (0.009 * (-3.4568449343419667 + (1.721945283087779 * x_0)))) * (0.01 + (0.09000000000000001 * ((((3.6 + (-3.567613329038069 + (1.7349021460027578 * x_3))) + (-0.1 + (0.01 * (-3.528758604253555 + (1.7555246602223264 * x_1))))) * ((-24.0 + (-3.0 * (-3.6425304974630017 + (1.7917824686289467 * x_2)))) + ((-0.04 + (0.009 * (-3.6425304974630017 + (1.7917824686289467 * x_2)))) * (-20.0 + (80.8 * (-3.528758604253555 + (1.7555246602223264 * x_1))))))))**2))),(0.01549750754779001*x_0 - 0.0011116044090776959)*(0.09000000000000001*(0.017555246602223264*x_1 + 1.7349021460027578*x_3 - 0.1029009150806045)**2*(5.3753474058868401*x_2 - (141.84639254596397*x_1 - 305.1236952236872)*(0.016126042217660519*x_2 - 0.072782774477167014) + 13.072408507610995)**2 + 0.01)
feynman_I_25_13,ok,2,NoRef,0.9988267828681778,0.028330680674102864,19,17,19,5.421959400177002,,0.001,((-0.00498 + (-0.00188 * (-2.5512487222767346 + (0.8665706977286725 * x_0)))) * (-0.45 + (9.700000000000001 * inv((-0.0497 + (-0.0211 * (-2.400742498290202 + (0.8003923054356457 * x_1)))))))),(0.001629152911729904*x_0 + 0.00018365240211973915)*(0.007599724940111456*x_1 + 9.699569949978736)/(0.01688827764469212*x_1 - 0.0009556667139232625)
feynman_I_26_2,ok,2,NoRef,0.9655921078119508,0.08959399000784296,70,66,70,8.706305503845215,,0.001,((-0.014300000000000002 + (0.596 * sin((-0.194 + (-2.401625007900688 + (0.840568848454874 * x_1)))))) * ((-0.32 + (0.00139 * (((-0.055700000000000006 + (-0.137 * (-1.564164953504747 + (3.41799237175793 * x_0)))) * ((5.59 + (-8.51 * (-2.401625007900688 + (0.840568848454874 * x_1)))) * (0.021800000000000003 + (0.464 * (-1.564164953504747 + (3.41799237175793 * x_0)))))))**3)) * ((-0.551 + (-0.35000000000000003 * (-1.564164953504747 + (3.41799237175793 * x_0)))) * ((-4.91 + (-0.775 * inv((79.9 + (7.88 * inv((0.05890000000000001 + (-0.41000000000000003 * (-1.564164953504747 + (3.41799237175793 * x_0)))))))))) + (-0.3 + (-0.00955 * (-2.401625007900688 + (0.840568848454874 * x_1)))))))),(1.1962973301152756*x_0 + 0.003542266273338552)*(0.00139*(0.468264954930836*x_0 - 0.15859059863015035)**3*(1.58594846049568*x_0 - 0.70397253842620263)**3*(7.15324090035098*x_1 - 26.02782881723485)**3 - 0.32)*(0.596*sin(0.840568848454874*x_1 - 2.595625007900688) - 0.014300000000000002)*(1.0860670761260824*x_0 + (111.97001210641805*x_0 - 63.826589711862015)*(0.00802743250274405*x_1 + 5.187064481174549) - 0.54266091397613342)/(111.97001210641805*x_0 - 63.826589711862015)
feynman_I_27_6,ok,3,NoRef,0.9483282495287707,0.09093922840039215,47,43,47,6.3281590938568115,,0.001,(-0.0741 + (0.023000000000000003 * sqrt((((9.72 + (-2.7198734845172403 + (0.8655823842985322 * x_2))) * (((-8.05 + (-2.5212812957632926 + (0.8269424556449783 * x_0))) + (-0.0722 + (-3.96 * (-2.3985862823410833 + (0.8064518581298143 * x_1))))) * (-0.263 + (-0.09200000000000001 * (-2.5212812957632926 + (0.8269424556449783 * x_0)))))) * (-34.1 + (0.93 * inv((0.0108 + (0.00399 * (-2.7198734845172403 + (0.8655823842985322 * x_2))))))))))),0.023000000000000003*sqrt(-(0.07607870591933801*x_0 + 0.031042120789777065)*(0.117770273625274*x_2 - 0.93178326642993119)*(0.8655823842985322*x_2 + 7.0001265154827603)*(-0.8269424556449783*x_0 + 3.193549358194065*x_1 + 1.1450796176926035)/(0.003453673713351143*x_2 - 5.2295203223787204e-5)) - 0.0741
feynman_I_29_16,ok,4,NoRef,0.6507386838874201,1.1861582624346527,29,29,29,8.755385875701904,,0.001,(0.2 + (0.060000000000000005 * abs(((0.1 + (-9.0 * (-2.6705100830629784 + (0.8888164274402005 * x_1)))) + (-0.9 + (-99.0 * sin(((0.030000000000000002 + (0.006999999999999999 * (-2.719956086378315 + (0.8786412216232687 * x_0)))) * ((-6.0 + (17.0 * (-2.4962836392515335 + (0.8671704050930179 * x_2)))) + (4.0 + (-18.400000000000002 * (-2.585674534025608 + (0.8767406575303234 * x_3))))))))))))),0.060000000000000005*Abs(7.999347846961804*x_1 + 99.0*sin((0.00615048855136288*x_0 + 0.0109603073953518)*(14.7418968865813*x_2 - 16.132028098557952*x_3 + 3.1395895587951225)) - 23.234590747566806) + 0.2
feynman_I_29_4,ok,2,NoRef,0.9993154889835828,0.03378165440231664,21,17,21,4.824250936508179,,0.001,((0.00988 + (-0.927 * inv((2.0 + (-1.9951431992266675 + (0.3861777173669346 * x_1)))))) * (-2.41 + (-1.1300000000000001 * (-2.1650620520807715 + (0.38592391333961634 * x_0))))),-(0.4360940220737665*x_0 - 0.03652011885127187)*(0.003815435847585314*x_1 - 0.92695201480835952)/(0.3861777173669346*x_1 + 0.0048568007733325001)
feynman_I_30_3,ok,3,NoRef,0.27706046255308325,1.952922419522322,66,66,66,12.75110411643982,,0.001,(((-0.0069 + ((0.07840000000000001 + (-7.83 * cos((0.062200000000000005 + (86.10000000000001 * sin((((0.001 + (-2.7051468847223092 + (0.8846863425384316 * x_0))) - (4.71 + (3.52 * inv((-0.0072299999999999994 + (-0.894 * (-2.713917252913514 + (0.9120507374530804 * x_1)))))))) * (0.036000000000000004 + (-0.00187 * (-2.713917252913514 + (0.9120507374530804 * x_1))))))))))))**2) - ((0.09380000000000001 + (0.0081 * cos((-0.864 + (-0.00729 * (-2.461202600763884 + (0.8634250264942191 * x_2))))))) - (0.07540000000000001 + (0.0884 * ((-0.35000000000000003 + (0.00713 * ((6.46 + (-40.6 * (-2.713917252913514 + (0.9120507374530804 * x_1)))))**2)))**2)))) * (0.0437 + (0.0182 * (-2.7051468847223092 + (0.8846863425384316 * x_0))))),(0.01610129143419946*x_0 - 0.0055336733019460271)*((0.07840000000000001 - 7.83*cos(86.10000000000001*sin((0.041075025262948275 - 0.00170553487903726*x_1)*(0.8846863425384316*x_0 - 7.4141468847223092 - 3.52/(2.4190120241046815 - 0.8153733592830539*x_1))) + 0.062200000000000005))**2 + 0.0884*(0.00713*(116.6450404682887 - 37.02925994059507*x_1)**2 - 0.35000000000000003)**2 - 0.0081*cos(0.006294368443142857*x_2 + 0.8460578330404313) - 0.0253)
feynman_I_30_5,ok,3,NoRef,0.9975344384234911,0.006939857774797173,39,25,39,5.2222068309783936,,0.001,((0.04 + (0.007899999999999999 * (-5.1465134878527214 + (3.4065737547807147 * x_0)))) * (-0.2 + (0.9 * inv(((0.025 + (0.01 * (-2.503496805650597 + (0.8524201121194467 * x_2)))) * (9.0 + (2.2 * (-4.072826686636155 + (1.186008527663161 * x_1))))))))),-(0.026911932662767643*x_0 - 0.00065745655403649328)*(0.2*(2.609218760858954*x_1 + 0.03978128940045833)*(0.008524201121194467*x_2 - 3.496805650596941e-5) - 0.9)/((2.609218760858954*x_1 + 0.03978128940045833)*(0.008524201121194467*x_2 - 3.496805650596941e-5))
feynman_I_32_17,ok,6,NoRef,0.9628354679064914,0.988758650709526,28,28,28,8.654624700546265,,0.001,(0.01 + (0.001 * exp(((0.01 + (0.9400000000000001 * (-5.377145912979087 + (3.5490731972883967 * x_4)))) + ((0.01 + (0.2 * (-5.764932660258052 + (3.78687650449493 * x_1)))) + ((7.0 + (0.24000000000000002 * (-5.422314254425465 + (3.6430504379238773 * x_3)))) + (((0.18000000000000002 * (-5.167560062937342 + (3.539922280882652 * x_0))) + (-0.01 + (-0.7000000000000001 * (-7.094423785619939 + (1.79517298980545 * x_5))))) + ((0.01 + (0.4 * (-5.22090641103695 + (3.5546784205957644 * x_2)))) + (0.001 + (0.14 * (-5.422314254425465 + (3.6430504379238773 * x_3)))))))))))),0.0020149415091431778*exp(0.63718601055887743*x_0 + 0.757375300898986*x_1 + 1.4218713682383058*x_2 + 1.3843591664110735*x_3 + 3.3361288054510933*x_4 - 1.256621092863815*x_5) + 0.01
feynman_I_32_5,ok,4,NoRef,0.9610223612586926,0.12703898155000343,59,59,59,10.575358152389526,,0.001,((-2.99 + (-0.8320000000000001 * (-2.5999126994662913 + (0.8603722624673278 * x_0)))) * ((0.00164 + (0.00091 * (-2.5999126994662913 + (0.8603722624673278 * x_0)))) * (0.038200000000000005 + (-7.94 * ((((-0.0171 + (-2.6293091772736408 + (0.8973551875146073 * x_1))) - (-2.5300000000000002 + (0.00916 * (-2.5999126994662913 + (0.8603722624673278 * x_0))))) * (0.034800000000000005 + (7.6000000000000005 * inv(((9.4 + (4.19 * (-2.7279182964428794 + (0.9289890799688245 * x_3)))) * (0.187 + (-4.79 * sqrt((0.125 + (0.038000000000000006 * (-2.5204631409860694 + (0.8420799699938597 * x_2)))))))))))))**2)))),(0.0007829387588452683*x_0 - 0.00072592055651432512)*(0.7158297223728168*x_0 + 0.82687263404404559)*(7.94*(0.034800000000000005 - 7.6000000000000005/((3.892464245069375*x_3 - 2.0299776620956654)*(4.79*sqrt(0.031999038859766674*x_2 + 0.029222400642529348) - 0.187)))**2*(0.007881009924200722*x_0 - 0.8973551875146073*x_1 + 0.09259397694652937)**2 - 0.038200000000000005)
feynman_I_34_1,ok,3,NoRef,0.9855902648392986,0.22348572880976453,50,50,50,6.512466669082642,,0.001,(((0.007699999999999999 + (-5.224059625126184 + (3.4221881154884906 * x_1))) + (18.900000000000002 + (-61.6 * inv(((0.017 + (0.785 * cos(((0.0031 + (-3.42 * sqrt((67.5 + (-1.03 * inv((-35.7 + (-0.0848 * (-2.588994719877589 + (0.8403804552900841 * x_2)))))))))) + (-70.60000000000001 + (-0.528 * (-5.224059625126184 + (3.4221881154884906 * x_1)))))))) + (-7.8 + (-3.35 * (-3.213191526129124 + (0.49872911299177847 * x_0))))))))) * (0.151 + (0.0597 * (-2.588994719877589 + (0.8403804552900841 * x_2))))),(0.05017071318081802*x_2 - 0.003562984776692077)*(3.4221881154884906*x_1 + 13.683640374873818 - 61.6/(-1.6707425285224579*x_0 + 0.785*cos(1.8069153249779231*x_1 + 3.42*sqrt(67.5 + 1.03/(0.07126426260859913*x_2 + 35.48045324775438)) + 67.83859651793339) + 2.981191612532566))
feynman_I_34_14,ok,3,NoRef,0.9959487133287475,0.09297948082573783,41,31,41,5.278892517089844,,0.001,((0.2 + (0.07400000000000001 * (-2.704855709187059 + (0.914044649674877 * x_2)))) * (14.200000000000001 + (0.9 * inv(((0.02 + (0.006999999999999999 * (-3.4548575752247537 + (0.523026255492135 * x_0)))) * (0.2 + (-0.9 * inv((-0.09000000000000001 + (-0.018000000000000002 * (-5.154977009990223 + (3.4616776248047603 * x_1)))))))))))),(0.06763930407594091*x_2 - 0.000159322479842381)*(0.056079177521837124*x_1 + 14.200000000000001*(0.003661183788444944*x_0 - 0.0041840030265732718)*(0.012462039449297139*x_1 + 0.89944208276403522) - 0.0025106275618416127)/((0.003661183788444944*x_0 - 0.0041840030265732718)*(0.012462039449297139*x_1 + 0.89944208276403522))
feynman_I_34_27,ok,2,NoRef,0.9998588739595589,0.009800951763065587,11,11,11,4.275178909301758,,0.001,((0.02 + (0.0078 * (-2.534319111975044 + (0.8625028469077035 * x_1)))) * (75.2 + (25.8 * (-2.89141769643402 + (0.898356770850574 * x_0))))),(23.1776046879448*x_0 + 0.601423432002292)*(0.006727522205880087*x_1 + 0.0002323109265946581)
feynman_I_34_8,ok,4,NoRef,0.9998852349852453,0.12239970255724937,31,29,31,12.46769118309021,,0.001,(((2.48 + (-2.5134922366209222 + (0.8456834090766008 * x_2))) * (0.163 + (0.0655 * (-2.5127584990667504 + (0.8365681778083426 * x_0))))) * ((0.07160000000000001 + (80.9 * inv((2.69 + (-2.7058039597000527 + (0.8963922028654532 * x_3)))))) * (0.7110000000000001 + (0.29100000000000004 * (-2.466227921875975 + (0.8316291782707262 * x_1)))))),(0.05479521564644644*x_0 - 0.0015856816888721518)*(0.24200409087678136*x_1 - 0.0066723252659087202)*(0.8456834090766008*x_2 - 0.033492236620922218)*(0.06418168172516646*x_3 + 80.898868436485482)/(0.8963922028654532*x_3 - 0.015803959700052755)
feynman_I_37_4,ok,3,NoRef,0.9761209301840247,0.4563504570432421,51,53,51,17.353655576705933,,0.001,(0.0025 + (0.008 * abs(((0.01 + (30.0 * (-2.6571366887356653 + (0.8822946483881516 * x_0)))) + ((-0.1 + (0.6 * (((-0.7000000000000001 + (-0.07 * (-2.6571366887356653 + (0.8822946483881516 * x_0)))) * ((0.8 + (0.09000000000000001 * (-2.383406815788065 + (0.839276951330772 * x_1)))) * (3.0 + (-91.5 * arctan((-0.001 + (0.56 * (-2.764987122967051 + (0.900490337034228 * x_2))))))))))**2)) + ((0.2 + (-0.3 * (-2.383406815788065 + (0.839276951330772 * x_1)))) * (-20.0 + (-55.0 * (-2.383406815788065 + (0.839276951330772 * x_1)))))))))),0.008*Abs(26.46883945164455*x_0 + 11.6223657170787*x_1**2 - 70.20755215912833*x_1 + 0.6*(0.06176062538717062*x_0 + 0.51400043178850351)**2*(0.07553492561976949*x_1 + 0.5854933865790742)**2*(91.5*atan(0.504274588739168*x_2 - 1.549392788861549) - 3.0)**2 + 21.84329623436292) + 0.0025
feynman_I_38_12,ok,4,NoRef,0.9771362187631085,0.19182322322815096,39,39,39,19.163021326065063,,0.001,((0.02 + (0.008 * (-2.6009675945637225 + (0.8457372940431475 * x_3)))) * (-1.0 + (0.6 * (((0.02 + (0.006999999999999999 * (-2.698955835159459 + (0.8870284288875848 * x_2)))) * (60.0 + (-9.0 * inv(((0.02 + (0.008 * (-2.669105088819141 + (0.8929834841209456 * x_1)))) * (-2.0 + (-0.55 * (-2.5586279912186 + (0.8454003566144559 * x_0))))))))))**2))),(0.00676589835234518*x_3 - 0.00080774075650978002)*(0.6*(60.0 + 9.0/((0.4649701961379508*x_0 + 0.59275460482977)*(0.007143867872967565*x_1 - 0.001352840710553128)))**2*(0.006209199002213093*x_2 + 0.00110730915388379)**2 - 1.0)
feynman_I_39_1,ok,2,NoRef,0.9995997806249499,0.1468409298354159,15,15,15,5.4865171909332275,,0.001,((-0.5890000000000001 + (-0.223 * (-2.7062751395259212 + (0.8763906451326979 * x_0)))) * ((-26.400000000000002 + (-9.22 * (-2.5210522670128928 + (0.8376322027194677 * x_1)))) - (-2.84 + (-0.09190000000000001 * (-2.7062751395259212 + (0.8763906451326979 * x_0)))))),(0.1954351138645916*x_0 - 0.014499356114280331)*(-0.08054030028769495*x_0 + 7.722968909073493*x_1 + 0.56460478346356109)
feynman_I_39_11,ok,3,NoRef,0.9996202801739816,0.05994819145019529,25,23,25,10.500999212265015,,0.001,((0.02 + (0.007699999999999999 * (-2.6135216143256805 + (0.855921153581978 * x_1)))) * ((0.2 + (0.07500000000000001 * (-2.625098388323601 + (0.8546158887138439 * x_2)))) * (0.01 + (9.0 * inv((0.0097 + (0.0031999999999999997 * (-4.32559571055069 + (1.2368194563105266 * x_0))))))))),(3.9578222601936848e-5*x_0 + 8.9999585809372624)*(0.006590592882581229*x_1 - 0.00012411643030773667)*(0.0640961916535383*x_2 + 0.003117620875729914)/(0.0039578222601936847*x_0 - 0.0041419062737622069)
feynman_I_39_22,ok,4,NoRef,0.9990998087576844,0.27166994808799305,33,29,33,15.876337766647339,,0.001,(((2.6 + (-2.515464031129917 + (0.8571865699921215 * x_3))) * (0.2 + (0.07300000000000001 * (-2.7095154921239692 + (0.8898156980890322 * x_0))))) * ((0.2 + (0.07400000000000001 * (-2.673320419181644 + (0.862997113312146 * x_1)))) * (-0.01 + (0.8 * inv((0.0096 + (0.0033 * (-2.8938465905050474 + (0.9115319998776715 * x_2))))))))),-(0.06495654596049936*x_0 + 0.0022053690749502342)*(0.06386178638509881*x_1 + 0.002174288980558329)*(3.008055599596316e-5*x_2 - 0.79999949693748671)*(0.8571865699921215*x_3 + 0.08453596887008308)/(0.003008055599596316*x_2 + 5.0306251333342799e-5)
feynman_I_40_1,ok,6,NoRef,0.6499808641116817,0.3972222208759739,51,53,51,20.318422555923462,,0.001,((0.0199 + (0.00675 * (-2.750630136878482 + (0.8784863640556843 * x_0)))) * (1e-05 + (5.0 * (((0.403 + (0.0898 * (-2.685752135038517 + (0.8737632076877316 * x_1)))) * (0.0038 + (-0.0645 * (((-14.200000000000001 + (-1.03 * (-2.7566779457259827 + (0.9431878324167259 * x_3)))) - (((-4.26 + (-2.505577383670409 + (0.8487705948021765 * x_5))) - (-0.0757 + (0.9780000000000001 * (-2.685752135038517 + (0.8737632076877316 * x_1))))) * (((0.42600000000000005 + (0.518 * (-2.632057227943042 + (0.8533082368996687 * x_4)))) + (0.9500000000000001 + (0.434 * (-2.604274673300914 + (0.8774717798506494 * x_2))))) - (-0.42300000000000004 + (0.09620000000000001 * (-2.632057227943042 + (0.8533082368996687 * x_4))))))))**2))))**2))),(0.005929782957375869*x_0 + 0.001333246576070248)*(5.0*(0.0784639360503583*x_1 + 0.1618194582735412)**2*(0.0645*(0.9714834673892277*x_3 + (-0.8545404171186016*x_1 + 0.8487705948021765*x_5 - 4.063211795602739)*(0.3808227524551818*x_2 + 0.3599254143242803*x_4 - 0.44145694695897162) + 11.360621715902239)**2 - 0.0038)**2 + 1.0e-5)
feynman_I_41_16,ok,5,NoRef,0.9591435889621017,0.5581048168332033,81,69,81,16.922850370407104,,0.001,((-0.997 + (-0.521 * (-2.7591720371449497 + (0.8901706115839029 * x_0)))) * ((0.01 + (0.0045 * (-2.4195199750154344 + (0.8276034912250019 * x_3)))) * (((((0.051100000000000007 + (-2.7023065522833383 + (0.9018351501921328 * x_1))) + (-16.4 + (-7.82 * (-2.7023065522833383 + (0.9018351501921328 * x_1))))) * (-64.7 + (2.2 * (-2.699004118830948 + (0.8588094739086412 * x_2))))) + ((-0.861 + (36.9 * cos((5.61 * (-2.4195199750154344 + (0.8276034912250019 * x_3)))))) + (-8.55 + (5.88 * sin(((2.19 + (0.36000000000000004 * (-2.699004118830948 + (0.8588094739086412 * x_2)))) - (0.09380000000000001 + (-0.06470000000000001 * (-2.5141252122709137 + (0.8254257004395766 * x_4)))))))))) * ((0.00869 + (-0.011200000000000002 * (-2.7591720371449497 + (0.8901706115839029 * x_0)))) - (0.00928 + (-0.00778 * inv((0.0033 + (0.35900000000000004 * ((-0.6890000000000001 + (-0.225 * (-2.5141252122709137 + (0.8254257004395766 * x_4)))))**3))))))))),(0.4637788886352134*x_0 - 0.44052863135251885)*(0.003724215710512508*x_3 - 0.00088783988756945377)*((0.030312726816023442 - 0.0099699108497397142*x_0)*(0.35900000000000004*(0.1857207825989047*x_4 + 0.1233218272390445)**3 - 0.0033) - 0.00778)*((6.150515724310346*x_1 - 2.0808306865723694)*(1.889380842599011*x_2 - 70.63780906142809) - 5.88*sin(0.30917141060711086*x_2 + 0.05340504281844061*x_4 + 0.96189461598693041) - 36.9*cos(4.642855585772261*x_3 - 13.573507059836588) + 9.411)/(0.35900000000000004*(0.1857207825989047*x_4 + 0.1233218272390445)**3 - 0.0033)
feynman_I_43_16,ok,4,NoRef,0.9991399792120339,0.28823151478530384,31,29,31,12.492090463638306,,0.001,(((2.5 + (-2.5394232640311034 + (0.8623533219956532 * x_0))) * (0.2 + (0.08 * (-2.569119086945987 + (0.8611156813888292 * x_1))))) * ((0.09000000000000001 + (0.036000000000000004 * (-2.5325929527992206 + (0.8680939467859502 * x_2)))) * (0.01 + (8.0 * inv((0.041 + (0.016 * (-2.5275619323503817 + (0.8733293130547708 * x_3))))))))),(0.8623533219956532*x_0 - 0.039423264031103401)*(0.06888925451110634*x_1 - 0.005529526955678953)*(0.031251382084294211*x_2 - 0.0011733463007719412)*(0.0001397326900887633*x_3 + 8.0000055900908239)/(0.01397326900887633*x_3 + 0.0005590090823938937)
feynman_I_43_31,ok,3,NoRef,0.999661368067869,0.3326865425335858,17,17,17,12.14713716506958,,0.001,(((2.7600000000000002 + (-2.766978367774217 + (0.8922886932012777 * x_1))) * (-0.23600000000000002 + (-0.09040000000000001 * (-2.5655275384794733 + (0.8491796334579955 * x_2))))) * (-43.4 + (-16.3 * (-2.620848157697589 + (0.877041434042821 * x_0))))),(14.295775374898*x_0 + 0.6801750295292956)*(0.8922886932012777*x_1 - 0.0069783677742168183)*(0.0767658388646028*x_2 + 0.0040763105214556084)
feynman_I_43_43,ok,4,NoRef,0.9967660764558032,0.10495685100289534,43,31,43,11.398162841796875,,0.001,((-0.885 + (-0.38 * (-2.3535395914566313 + (0.8333798952873859 * x_1)))) * ((-0.9860000000000001 + (-5.0 * inv(((-0.017900000000000003 + (-0.00612 * (-3.9875563203078572 + (1.133381419000807 * x_0)))) * (-7.42 + (-2.8000000000000003 * (-2.5887400075603013 + (0.8587029602822143 * x_2)))))))) * (0.036000000000000004 + (0.0131 * (-2.721103044426544 + (0.8903757010329937 * x_3)))))),(0.3166843602092066*x_1 - 0.0093450447535198952)*(0.01166392168353222*x_3 + 0.00035355011801227617)*(0.9860000000000001*(0.006936294284284938*x_0 - 0.0065038446802840813)*(2.4043682887902003*x_2 + 0.1715279788311555) + 5.0)/((0.006936294284284938*x_0 - 0.0065038446802840813)*(2.4043682887902003*x_2 + 0.1715279788311555))
feynman_I_44_4,ok,5,NoRef,0.9937692180163213,1.7662175816246208,79,75,79,16.07820963859558,,0.001,((((((-5.51 + (-2.74648864990375 + (0.8845625750500153 * x_4))) * ((0.0006 + (-0.08700000000000001 * ((0.00705 + (0.004 * (-2.499546494011863 + (0.8393835285754679 * x_2)))))**2)) - ((4.86 + (1.99 * (-2.499546494011863 + (0.8393835285754679 * x_2)))) * (-10.700000000000001 + (0.00921 * (-2.735022369041267 + (0.8893477651640194 * x_1))))))) * (-0.0753 + (-0.027000000000000003 * (-2.735022369041267 + (0.8893477651640194 * x_1))))) * (0.00108 + (0.0398 * sqrt((-0.00156 + (-0.0188 * inv((-0.49100000000000005 + (-0.189 * (-2.672702249888496 + (0.8826010950824924 * x_3))))))))))) * ((0.0688 + (-0.647 * (-2.672702249888496 + (0.8826010950824924 * x_3)))) + (-0.00199 + (0.666 * (-2.74648864990375 + (0.8845625750500153 * x_4)))))) * (85.8 + (29.8 * (-2.772098215480759 + (0.9125155363496182 * x_0))))),-(27.19296298321862*x_0 + 3.191473178673377)*(0.024012389659428526*x_1 + 0.0014543960358857886)*(0.8845625750500153*x_4 - 8.25648864990375)*(0.0398*sqrt(-(0.0002602261068741221*x_3 - 0.018822059531357125)/(0.1668116069705911*x_3 - 0.014140725228925688)) + 0.00108)*(0.5710429085183726*x_3 - 0.5891186749833102*x_4 + 0.03311308515804082)*((0.008190892917160618*x_1 - 10.725189556018871)*(1.670373221865181*x_2 - 0.1140975230836071) + 0.08700000000000001*(0.003357534114301872*x_2 - 0.002948185976047452)**2 - 0.0006)
feynman_I_47_23,ok,3,NoRef,0.9948236811109412,0.04825806708708244,35,33,35,9.493634462356567,,0.001,(-0.1 + (0.6 * sqrt((((2.9 + (-2.6165659297933477 + (0.8878935966391123 * x_1))) * (0.02 + (0.006999999999999999 * (-2.592997202582427 + (0.837398763532969 * x_0))))) * (0.01 + (0.9 * inv((0.0058 + (0.0023 * (-2.5724828174692225 + (0.8432476442733219 * x_2))))))))))),0.6*sqrt((0.005861791344730782*x_0 + 0.001849019581923014)*(0.8878935966391123*x_1 + 0.28343407020665221)*(1.93946958182864e-5*x_2 + 0.89999883289519823)/(0.00193946958182864*x_2 - 0.00011671048017921204)) - 0.1
feynman_I_48_2,ok,3,NoRef,0.9997869372145661,1.3484115574193538,21,21,21,10.832373142242432,,0.001,((-4.86 + (-1.9000000000000001 * (-2.552294993039161 + (0.8647831399427154 * x_0)))) * ((-0.508 + (-0.00765 * ((-58.2 + (-16.8 * (-3.391832487704957 + (0.5210116748906156 * x_2)))))**2)) - (0.00899 + (0.313 * (-4.937743544426889 + (3.2843729845807 * x_1)))))),(1.6430879658911593*x_0 + 0.01063951322559413)*(1.02800874417376*x_1 + 0.00765*(8.752996138162342*x_2 + 1.217214206556723)**2 - 1.028523729405616)
feynman_I_50_26,ok,4,BFGS,5.244231751411199e-06,1.9849102770693368,63,63,63,9.70787787437439,,0.001,((-0.24088134477434942 + (0.36127509956755843 * sqrt((28.19951434598353 + (-5.1407544791753566 * arctan((58.100000742305845 + (-0.25499946833398973 * (-3.3328522910623977 + (1.7072811432647408 * x_3)))))))))) - (-0.0909686552256506 + (1.7811684738650252e-07 * abs((((((2.5847008204046595 + (-3.536023516680619 + (1.75533069780533 * x_2))) + (0.05410082040465917 + (0.6134732989492024 * (-3.6514817749949793 + (1.80323135783928 * x_0))))) * (-9.620361181341531 + (-0.0031930470424009383 * (-3.6514817749949793 + (1.80323135783928 * x_0))))) * (0.9922074920446787 + (0.33812511021966174 * (-3.3328522910623977 + (1.7072811432647408 * x_3))))) - (-2.999527537229485 + (33.50062444113825 * sin((-0.024706243368284878 + (0.27167459655254006 * exp(((3.6314644447725395 + (0.6504724669498883 * (-3.3181470678994196 + (1.6324912473197704 * x_1)))) - (0.6675355552274606 + (-0.8974465232864721 * (-3.536023516680619 + (1.75533069780533 * x_2)))))))))))))))),0.36127509956755843*sqrt(5.1407544791753566*atan(0.43535578382915506*x_3 - 58.949876304562476) + 28.19951434598353) - 1.7811684738650252e-7*Abs((0.0057578025539133411*x_0 + 9.6087018282595024)*(0.57727462474234059*x_3 - 0.13471355621664667)*(1.106234289862313*x_0 + 1.75533069780533*x_2 - 3.1373084464303595) + 33.50062444113825*sin(0.025451599333237311*exp(1.0618906089181913*x_1 + 1.57531543196341*x_2) - 0.024706243368284878) - 2.999527537229485) - 0.14991268954869882
feynman_I_6_2,ok,2,NoRef,0.9298388650880924,0.01136702937167759,32,32,32,11.020179033279419,,0.001,((0.030000000000000002 + (-0.006 * (-3.514115234431094 + (1.739810398745664 * x_0)))) * (4.1 + (-3.0 * arctan(((0.01 + (0.009 * ((-2.0 + (-3.514115234431094 + (1.739810398745664 * x_0))))**2)) * ((0.6 + (7.0 * (-3.405357073342636 + (1.6986630633987225 * x_1)))) + (0.01 + (-4.9 * (-3.514115234431094 + (1.739810398745664 * x_0)))))))))),(0.01043886239247398*x_0 - 0.051084691406586567)*(-3.0*atan((0.009*(1.739810398745664*x_0 - 5.514115234431094)**2 + 0.01)*(8.525070953853754*x_0 - 11.890641443791058*x_1 + 6.00833486468609)) - 4.1)
feynman_I_6_2a,ok,1,NoRef,0.9992311057573866,0.001996752844265818,14,16,14,8.281220197677612,,0.001,(0.0007599999999999999 + (0.09350000000000001 * exp(((74.7 + (9.88 * (-3.3043792546673862 + (1.6591429555496728 * x_0)))) * (-0.00743 + (-0.0145 * (-3.3043792546673862 + (1.6591429555496728 * x_0)))))))),0.51306534605768126*exp(-0.39435973100407188*x_0**2 - 0.34806771153520139*x_0) + 0.00075999999999999991
feynman_I_6_2b,ok,3,BFGS,0.9728750943154241,0.008981300555003185,25,25,25,14.220387935638428,,0.001,(0.004716989458111914 + (-1.3579155373230873 * inv(((-2.805489931527445 + (-3.8900869182531785 * (((0.08789015962104489 + (-0.32355263739602025 * (-3.504008249416157 + (1.7339598113329304 * x_2)))) - (0.08110984037895512 + (-0.3612307413950609 * (-3.5208095926375687 + (1.7955920545817259 * x_1))))))**2)) - (4.065489931527445 + (1.8685939742469342 * (-3.648690234065757 + (1.810834389535367 * x_0)))))))),0.004716989458111914 + 1.3579155373230873/(3.3837142286449124*x_0 + 3.8900869182531785*(-0.64862304911963751*x_1 + 0.56102727009547531*x_2 + 0.13131322966121199)**2 + 0.053059277785980574)
feynman_I_8_14,ok,4,NoRef,0.5249524174485148,0.6544707984339103,47,47,47,16.011390924453735,,0.001,(-0.08760000000000001 + (0.0379 * sqrt(((0.038200000000000005 + (35.2 * (((-0.00856 + (-4.0 * (-2.7225380020541645 + (0.925073228466846 * x_1)))) + (0.5800000000000001 + (4.41 * (-2.8502199266344257 + (0.9130456171320038 * x_0))))))**2)) + ((0.0212 + (0.059500000000000004 * (-2.6197762566691063 + (0.8822041138208964 * x_3)))) + (7.890000000000001 + (7.33 * ((((-8.93 * (-2.7225380020541645 + (0.925073228466846 * x_1))) - (0.0064399999999999995 + (8.5 * (-2.6197762566691063 + (0.8822041138208964 * x_3))))) + (0.00673 + (9.43 * (-2.599248084478257 + (0.8845884196557181 * x_2))))))**2))))))),0.0379*sqrt(0.05249114477234334*x_3 + 35.2*(-4.026531171552137*x_0 + 3.70029291386738*x_1 + 1.1078778682411596)**2 + 7.33*(8.26090393020893*x_1 - 8.341668797353422*x_2 + 7.498734967477619*x_3 - 22.069743103401129)**2 + 7.7935233127281892) - 0.08760000000000001
feynman_I_9_18,ok,9,NoRef,0.9547858964156877,0.02531581239985371,81,75,81,18.233710527420044,,0.001,(((0.07790000000000001 + (-5.392816095681697 + (3.542785928524673 * x_6))) - (-8.47 + (-1.58 * (-5.0619378650438245 + (3.429332041613027 * x_0))))) * ((0.0023 + (-0.7190000000000001 * inv((-9.4 + (-5.3254948363333385 + (3.5109234238146523 * x_8)))))) * (((20.5 + (-5.454952378167819 + (3.5597416854716295 * x_2))) + ((-9.46 + (0.47500000000000003 * (-12.220849580979717 + (3.5095633051568256 * x_5)))) - ((0.008069999999999999 + (-4.5 * (-5.280887282031235 + (3.517700762370517 * x_1)))) - ((-0.159 + (-0.025200000000000004 * (-5.425315389628147 + (3.544367204983429 * x_4)))) * (-97.10000000000001 + (21.0 * (-11.8704355229784 + (3.388706955506491 * x_7)))))))) * (((8.3 + (-5.454952378167819 + (3.5597416854716295 * x_2))) * (0.06530000000000001 + (0.0042899999999999995 * (-5.280887282031235 + (3.517700762370517 * x_1))))) * ((-0.050300000000000004 + (0.00443 * (-12.220849580979717 + (3.5095633051568256 * x_5)))) * ((-0.628 + (0.0432 * (-12.07450811257965 + (3.447755129551146 * x_3)))) - (-0.0616 + (0.0137 * (-5.0619378650438245 + (3.429332041613027 * x_0)))))))))),-(0.015090936270569516*x_1 + 0.042644993560086015)*(3.5597416854716295*x_2 + 2.845047621832182)*(0.015547365441844737*x_5 - 0.10443836364374015)*(0.0080751238747737002*x_8 - 0.75286863812356678)*(0.04698184897009847*x_0 - 0.1489430215966095*x_3 + 1.0186702017123405)*(5.418344625748583*x_0 + 3.542785928524673*x_6 - 4.8427779224509394)*(15.82965343066733*x_1 + 3.5597416854716295*x_2 + 1.6670425699494923*x_5 - (0.089318053565582425*x_4 + 0.022282052181370677)*(71.16284606563631*x_7 - 346.3791459825464) - 23.991918698273743)/(3.5109234238146523*x_8 - 14.725494836333339)
feynman_test_1,ok,7,NoRef,0.9599678132465899,1.7373166506309672,38,38,38,12.669384717941284,,0.001,(0.02 + (0.001 * exp(((6.0 + (0.4 * (-5.301254421293182 + (3.571895589168692 * x_2)))) + (((0.4 * (-5.46455807631665 + (3.5498345168665297 * x_4))) + (0.1 + (0.4 * (-5.138990131434707 + (3.418222117248415 * x_3))))) + (((0.43 * (-5.207970175488111 + (3.4354126422346773 * x_1))) + (0.1 + (0.4 * (-5.227781264550111 + (3.4955479802810143 * x_0))))) + (-0.1 + (0.9 * (((1.0 + (-0.5 * (-3.366539535406591 + (1.6550803839109154 * x_6)))) + (0.001 + (-0.3 * (-3.537848367214543 + (1.7762555305867092 * x_5))))))**2)))))))),1.012790561439286e-5*exp(1.3982191921124058*x_0 + 1.4772274361609112*x_1 + 1.428758235667477*x_2 + 1.367288846899366*x_3 + 1.419933806746612*x_4 + 0.9*(0.53287665917601274*x_5 + 0.8275401919554577*x_6 - 3.745624277867658)**2) + 0.02
feynman_test_10,ok,3,NoRef,0.9979946151175335,0.022644865524441084,57,47,57,11.965959787368774,,0.001,((((-0.06520000000000001 + (-3.3460345348848217 + (1.6375695874502416 * x_2))) * ((-0.499 + (0.04530000000000001 * (-3.3460345348848217 + (1.6375695874502416 * x_2)))) + (0.00941 + (0.0369 * (-3.3845826183045533 + (1.6813002149621212 * x_1)))))) * (-0.9840000000000001 + (-0.0357 * (-8.116061002775346 + (1.6342484134069302 * x_0))))) + ((2.41 + (-0.04 * (-8.116061002775346 + (1.6342484134069302 * x_0)))) - ((0.00541 + (-9.11 * (-3.3845826183045533 + (1.6813002149621212 * x_1)))) * (-0.00224 + (0.49000000000000005 * inv((40.6 + (7.640000000000001 * (-8.116061002775346 + (1.6342484134069302 * x_0)))))))))),(-(0.027967873647680842*x_0 - 0.53795102157709622)*(15.316644958304923*x_1 - 30.838957652754479) + (12.485657878428948*x_0 - 21.40670606120365)*(-0.065369936536277209*x_0 - (0.058342668358627412*x_0 + 0.6942566222009202)*(1.6375695874502416*x_2 - 3.4112345348848217)*(0.062039977932102276*x_1 + 0.074181902311495961*x_2 - 0.76605646304572048) + 2.734642440111014))/(12.485657878428948*x_0 - 21.40670606120365)
feynman_test_11,ok,4,NoRef,0.9764618555941609,0.17617130320651403,50,48,50,18.405402898788452,,0.001,(((((0.154 + (-3.346469913588077 + (1.6850115584239587 * x_2))) + (-0.901 + (0.396 * (-5.236612109883896 + (3.481438590813907 * x_3))))) * (((-0.7100000000000001 + (-3.3954474918985897 + (1.6980452382715512 * x_0))) + (7.2 + (-4.18 * arctan((-0.8420000000000001 + (0.929 * (-3.665844595981015 + (1.777098795308299 * x_1)))))))) * (-0.028 + (-0.0902 * (-5.236612109883896 + (3.481438590813907 * x_3)))))) + ((0.8550000000000001 + (-0.24200000000000002 * (-3.346469913588077 + (1.6850115584239587 * x_2)))) * ((0.14100000000000001 + (-0.8370000000000001 * (-3.665844595981015 + (1.777098795308299 * x_1)))) - (-6.0600000000000005 + (0.45 * (-3.665844595981015 + (1.777098795308299 * x_1))))))) * (0.366 + (0.10300000000000001 * (-3.3954474918985897 + (1.6980452382715512 * x_0))))),(0.17489865954196979*x_0 + 0.016268908334445219)*((2.287126149561781*x_1 - 10.918941995027567)*(0.40777279713859804*x_2 - 1.6648457190883148) - (0.3140257608914144*x_3 - 0.4443424123115274)*(1.6980452382715512*x_0 - 4.18*atan(1.65092478084141*x_1 - 4.247569629666363) + 3.0945525081014104)*(1.6850115584239587*x_2 + 1.378649681962307*x_3 - 6.1671683091021))
feynman_test_12,ok,5,NoRef,0.9978298556103501,0.6755106096525381,41,41,41,14.003068447113037,,0.001,(((2.4 + (-2.5428592207713114 + (0.8562284556356499 * x_2))) * (0.02 + (0.0073999999999999995 * (-2.6977268572244775 + (0.8745901392683244 * x_0))))) * ((0.02 + (0.2 * (-2.853922264819424 + (0.932495105440568 * x_4)))) + (0.02 + (0.9 * ((0.1 + (-9.0 * inv(((0.07 + (-0.0036 * (-8.932695855907657 + (1.8116048195913816 * x_3)))) * (7.8 + (2.1 * (-3.5635370620943165 + (1.7939317028206654 * x_1)))))))))**2)))),(0.0064719670305856002*x_0 + 3.6821256538868252e-5)*(0.8562284556356499*x_2 - 0.14285922077131149)*(0.186499021088114*x_4 + 0.9*(0.1 + 9.0/((3.7672565759233975*x_1 + 0.31657216960193486)*(0.0065217773505289736*x_3 - 0.1021577050812676)))**2 - 0.5307844529638848)
feynman_test_13,ok,5,NoRef,0.9413227043237041,0.0037006888754750962,47,43,47,10.352376937866211,,0.001,((0.02 + (0.007699999999999999 * (-2.6250159024465325 + (0.8809471830218581 * x_0)))) * (-0.1 + (0.7000000000000001 * inv(((0.02 + (0.0075 * (-2.6325494804343417 + (0.8669522048421392 * x_4)))) * ((50.0 + (3.6 * (-8.806647690247798 + (1.7455943517050234 * x_2)))) + ((0.3 + (0.09000000000000001 * (-3.5940895997809497 + (1.8135393947013234 * x_1)))) * (30.0 + (-0.006999999999999999 * ((8.8 + (-75.4 * (-1.746642865264792 + (0.5896839391773017 * x_3)))))**2))))))))),-(0.1 - 0.7000000000000001/((0.006502141536316044*x_4 + 0.00025587889674243841)*(6.2841396661380844*x_2 - (0.16321854552311913*x_1 - 0.023468063980285522)*(0.006999999999999999*(140.4968720409653 - 44.46216901396855*x_3)**2 - 30.0) + 18.29606831510793)))*(0.006783293309268306*x_0 - 0.00021262244883829708)
feynman_test_14,ok,5,NoRef,0.3230849484602101,10.967465886474,65,65,65,11.733699083328247,,0.001,((((0.927 + (-1.8362504524212548 + (0.5886238536748217 * x_1))) * ((0.874 + (-72.8 * cos(((0.0786 + (-0.027600000000000003 * arctan((0.0771 + (-2.65 * (-2.7717036158853623 + (0.8910307375402117 * x_4))))))) - (71.10000000000001 + (6.3 * inv(((0.465 + (0.0727 * (-2.82933830080293 + (0.9019774465276317 * x_2)))) * (-5.43 + (0.621 * (-2.7343051092784583 + (0.8676802164640326 * x_3)))))))))))) - (-38.300000000000004 + (-0.264 * (-2.7717036158853623 + (0.8910307375402117 * x_4)))))) * ((-0.5630000000000001 + (0.671 * (-1.8362504524212548 + (0.5886238536748217 * x_1)))) + (-0.0543 + (0.055600000000000004 * (-2.7717036158853623 + (0.8910307375402117 * x_4)))))) * ((-0.21000000000000002 + (-0.0873 * (-2.4971016599479787 + (0.8755177320464741 * x_0)))) * (-0.998 + (-0.0912 * (-2.82933830080293 + (0.9019774465276317 * x_2)))))),(0.0079969749134585271 - 0.07643269800765719*x_0)*(0.5886238536748217*x_1 - 0.90925045242125475)*(-0.08226034312332001*x_2 - 0.739964346966773)*(0.3949666058158054*x_1 + 0.049541309007235774*x_4 - 2.0035307746178883)*(0.2352321147106159*x_4 - 72.8*cos(-0.027600000000000003*atan(2.361231454481561*x_4 - 7.4221145820962098) + 71.02140000000001 + 6.3/((0.06557376036255883*x_2 + 0.259307105531627)*(0.5388294144241642*x_3 - 7.1280034728619223))) + 38.442270245406268)
feynman_test_15,ok,4,NoRef,0.9536333888272963,0.28485840120182865,52,50,52,9.207211971282959,,0.001,((-4.26 + (0.278 * inv((((0.109 * abs((-0.00452 * (-1.6328865507846893 + (0.5623491845950379 * x_3))))) + (-0.09100000000000001 + (-0.0073 * (-2.775585808642215 + (0.2230513956628074 * x_0))))) + ((((-0.368 + (-1.6328865507846893 + (0.5623491845950379 * x_3))) * (-9.69 + (0.00359 * (-1.6328865507846893 + (0.5623491845950379 * x_3))))) * (0.635 + (0.277 * (-3.44398841134359 + (1.7062541540257399 * x_1))))) * (0.00214 + (0.0094 * (-1.6328865507846893 + (0.5623491845950379 * x_3))))))))) * (-0.48400000000000004 + (-0.188 * (-2.6083629970816253 + (0.8614753242282561 * x_2))))),(4.26 + 0.278/(0.001628275188338494*x_0 - (0.47263240066512999*x_1 - 0.318984789942174)*(0.002018833572696186*x_3 - 9.6958620627173165)*(0.005286082335193356*x_3 - 0.01320913357737608)*(0.5623491845950379*x_3 - 2.0008865507846893) - 0.109*Abs(0.002541818314369571*x_3 - 0.0073806472095467952) + 0.07073822359691184))*(0.1619573609549121*x_2 - 0.0063722434513455175)
feynman_test_16,ok,6,NoRef,0.9499216899617963,5.871056896911573,65,65,65,8.351745843887329,,0.001,((-0.00265 + (3.74 * (-2.497958180791681 + (0.846442877452173 * x_5)))) - (-1.61 + (-2.17 * (((((-99.9 + (-2.497958180791681 + (0.846442877452173 * x_5))) - (2.86 + (40.7 * (-2.754039946388614 + (0.9247900733006543 * x_4))))) * (-0.00798 + (-0.0050999999999999995 * (-2.8339070085508693 + (0.8963785096562519 * x_3))))) + (((((-0.124 + (-2.4906875140014773 + (0.8274788980025466 * x_0))) - (0.0024 + (-0.5690000000000001 * (-2.5646829966487252 + (0.8976314789223115 * x_1))))) * ((-0.007809999999999999 + (-0.23600000000000002 * (-2.8339070085508693 + (0.8963785096562519 * x_3)))) + (0.515 + (0.233 * (-2.5646829966487252 + (0.8976314789223115 * x_1)))))) + (3.47 + (0.777 * (-2.5646829966487252 + (0.8976314789223115 * x_1))))) - ((-0.34700000000000003 + (0.3 * (-2.635665760890794 + (0.8730170310102188 * x_2)))) * (0.28 + (-0.0007199999999999999 * (-2.635665760890794 + (0.8730170310102188 * x_2))))))))**2))),3.16569636167113*x_5 + 2.17*(0.6974596591226361*x_1 + (0.0006285722623273574*x_2 - 0.2818976793478414)*(0.2619051093030656*x_2 - 1.1376997282672382) - (0.0045715303992468843*x_3 - 0.0064729257436094328)*(-37.63895598333663*x_4 + 0.846442877452173*x_5 + 6.831467637224911) + (0.8274788980025466*x_0 + 0.5107523115067953*x_1 - 4.0763921390946022)*(0.2091481345888986*x_1 - 0.21154532827887547*x_3 + 0.57842091579885222) + 1.4772413116039407)**2 - 7.735013596160887
feynman_test_17,ok,6,NoRef,0.9826057716346362,144.71303220697445,54,44,54,22.28785276412964,,0.001,((0.2 + (0.07 * (-2.609026883475403 + (0.9049875073710979 * x_0)))) * (0.2 + (0.006 * (((0.3 + (0.10400000000000001 * (-2.7108630841762187 + (0.8830372164530217 * x_4)))) * (((4.0 + (-2.765478966339881 + (0.9329498472453334 * x_1))) + (-0.01 + (0.04 * (-2.4807409694030844 + (0.8117468840952684 * x_2))))) * ((50.0 + (6.0 * (-2.58308061810788 + (0.8667775591446114 * x_5)))) + (0.3 + (9.0 * exp((-0.2 + (-0.7000000000000001 * (-2.781416348213264 + (0.8769741774113623 * x_3)))))))))))**3))),(0.06334912551597686*x_0 + 0.01736811815672178)*(0.006*(0.091835870511114266*x_4 + 0.018070239245673217)**3*((5.200665354867668*x_5 + 34.8015162913527)*exp(0.6138819241879537*x_3) + 51.63584082923095)**3*(0.9329498472453334*x_1 + 0.03246987536381074*x_2 + 1.1252913948839956)**3 + 0.2*exp(1.841645772563861*x_3))*exp(-1.841645772563861*x_3)
feynman_test_18,ok,5,NoRef,0.854908787682053,0.2965184733648283,59,59,59,10.429170370101929,,0.001,((0.0205 + (0.755 * (((-0.0733 + (0.19 * inv(((0.023700000000000002 + (0.009689999999999999 * (-2.391519112253692 + (0.8163618698332834 * x_2)))) * ((-0.00551 + (-0.768 * exp((0.00389 + (-2.8325456789844874 + (0.8985308040340149 * x_0)))))) * (-84.60000000000001 + (20.3 * (-2.689919738378074 + (0.9109270103670807 * x_1))))))))) + (0.637 + (0.262 * (-2.649399129385902 + (0.8900528640090624 * x_3))))))**2)) - ((0.097 + (0.07690000000000001 * (-2.6338575830760558 + (0.8934994887606297 * x_4)))) * (-0.0015199999999999999 + (7.25 * tan((-0.149 + (-0.056100000000000004 * (-2.689919738378074 + (0.9109270103670807 * x_1))))))))),-(0.06871011068569243*x_4 - 0.10554364813854871)*(-7.25*tan(0.051103005281593231*x_1 - 0.0019044973230099697) - 0.0015199999999999999) + 0.755*(0.2331938503703744*x_3 - 0.1304425718991063 + 0.19/((18.49181831045174*x_1 - 139.2053706890749)*(0.007910546518684515*x_2 + 0.00052617980226172883)*(-0.045382839733792353*exp(0.8985308040340149*x_0) - 0.00551)))**2 + 0.0205
feynman_test_19,ok,6,NoRef,0.8827589426058714,5.350417727110213,112,102,112,28.182624578475952,,0.001,(((-0.00246 + exp(((-0.00284 + (0.24400000000000002 * inv((-0.739 + (-0.392 * (-2.510605559071305 + (0.8605237995995644 * x_2))))))) - (-0.741 + (-0.867 * (-2.5340806714331805 + (0.8433488361089256 * x_3))))))) * (-0.049100000000000005 + (0.07700000000000001 * sqrt(((0.016300000000000002 + (-0.09100000000000001 * sqrt((0.56 + (0.049 * ((-0.00844 + (-0.808 * (-2.469934740574904 + (0.8197279678209497 * x_1)))))**2))))) * (-1.87 + (-0.8180000000000001 * (-2.470148202109449 + (0.8643710414180056 * x_0))))))))) * ((((0.00839 * (-2.510605559071305 + (0.8605237995995644 * x_2))) * ((0.5780000000000001 + (-0.00963 * (-2.470148202109449 + (0.8643710414180056 * x_0)))) - (-0.003909999999999999 + (-8.33 * (-2.586608786405093 + (0.8513854795762903 * x_5)))))) + (-93.10000000000001 + (0.00671 * (-2.469934740574904 + (0.8197279678209497 * x_1))))) * ((-2.54 + (-9.27 * inv((2.6 + (-2.470148202109449 + (0.8643710414180056 * x_0)))))) * ((8.3 + (3.87 * (-2.563942402759304 + (0.8359465135192651 * x_4)))) * (-0.036300000000000006 + (-0.018000000000000002 * (-2.586608786405093 + (0.8513854795762903 * x_5)))))))),-(2.195502445201734*x_0 + 9.599823566641999)*(3.235113007319556*x_4 - 1.622457098678506)*(0.015324938632373227*x_5 - 0.010258958155291673)*(0.07700000000000001*sqrt((0.7070555118799287*x_0 - 0.1505812293255294)*(0.09100000000000001*sqrt(0.049*(0.6623401979993274*x_1 - 1.987267270384523)**2 + 0.56) - 0.016300000000000002)) - 0.049100000000000005)*(0.23249467855955114*exp((0.7311834409064385*x_3*(0.3373253294430293*x_2 - 0.2451573791559516) - 0.24400000000000002)/(0.3373253294430293*x_2 - 0.2451573791559516)) - 0.00246)*(-0.005500374664078572*x_1 + (0.007219794678640345*x_2 - 0.02106398064060825)*(0.008323893128855394*x_0 - 7.092041044870498*x_5 + 20.94075366356811) + 93.11657326210927)/(0.8643710414180056*x_0 + 0.1298517978905511)
feynman_test_2,ok,6,NoRef,0.01778059601103643,1.8725965211763362,75,75,75,10.012049436569214,,0.001,((-0.00517 + (0.619 * ((((((0.551 + (-3.694453183714725 + (1.849845799738913 * x_0))) - ((-0.29500000000000004 + (-0.046700000000000005 * (-3.484219578395549 + (1.7515960242856556 * x_1)))) * (0.0056 + (-8.950000000000001 * (-3.442291868563275 + (1.728032016896608 * x_2)))))) * (0.28700000000000003 + (0.00016999999999999999 * (-3.484219578395549 + (1.7515960242856556 * x_1))))) + (0.917 + (0.07400000000000001 * (-3.442291868563275 + (1.728032016896608 * x_2))))) - (0.00637 + (-0.936 * cos(((0.18000000000000002 + (-0.328 * (-1.5805657668478423 + (0.5708335569588892 * x_4)))) + (0.033800000000000004 + (-0.9420000000000001 * inv((-0.00182 + (8.06 * inv((-0.050100000000000006 + (8.75 * (-1.6813708131974574 + (0.5715451023570847 * x_5))))))))))))))))**2)) + (0.161 + (-0.21000000000000002 * abs(((-0.327 + (-2.92 * (-1.6813708131974574 + (0.5715451023570847 * x_5)))) + (-0.0033399999999999997 + (4.5 * (-1.5805657668478423 + (0.5708335569588892 * x_4))))))))),0.619*(0.127874369250349*x_2 + (0.00029777132412856143*x_1 + 0.28640768267167279)*(1.849845799738913*x_0 - (30.81411222364131 - 15.46588655122464*x_2)*(-0.081799534334140125*x_1 - 0.13228694568892788) - 3.143453183714725) + 0.936*cos(0.1872334066825157*x_4 - 0.73222557152609232 + 0.9420000000000001/(-0.00182 + 8.06/(5.001019645624491*x_5 - 14.762094615477752))) + 0.6559004017263177)**2 - 0.21000000000000002*Abs(-2.568751006315001*x_4 + 1.668911698882687*x_5 + 2.5332831762787149) + 0.15583
feynman_test_20,ok,7,NoRef,0.4920195792016483,2.9061909116713607,94,94,94,15.142901420593262,,0.001,((-0.0664 + (-0.042800000000000005 * inv(((-0.053500000000000006 + (-3.46 * (-1.6532529969200138 + (0.5406303341028174 * x_6)))) - ((-0.056400000000000006 + (-0.008289999999999999 * (-2.5572280095030715 + (0.8621049992891755 * x_3)))) + (-0.016 + (-0.044800000000000006 * (-1.6532529969200138 + (0.5406303341028174 * x_6))))))))) * ((0.36300000000000004 + (98.60000000000001 * abs(((-0.054900000000000004 + (-0.0323 * (-2.5572280095030715 + (0.8621049992891755 * x_3)))) * (0.9600000000000001 + (0.35000000000000003 * exp(((-0.053000000000000005 + (0.389 * sqrt((92.10000000000001 + (-2.4913618241411206 + (0.870112794150215 * x_0)))))) * ((((-8.8 + (9.06 * (-2.4913618241411206 + (0.870112794150215 * x_0)))) * (0.0028 + (0.027100000000000003 * (-2.4913618241411206 + (0.870112794150215 * x_0))))) - (-0.0371 + (-0.919 * arctan((-0.00775 + (-0.043000000000000003 * inv((-0.027600000000000003 + (-0.0102 * (-2.6907610883925144 + (0.890707011566884 * x_4))))))))))) - ((0.191 + (0.253 * (-2.783570439639793 + (0.9233358890323494 * x_5)))) + (0.00652 + (-0.253 * (-2.5052288861366203 + (0.8487810534637035 * x_1)))))))))))))) * (-0.058300000000000005 + (-0.029 * (-2.7376235059154497 + (0.8673671831208826 * x_2)))))),(-0.0664 - 0.042800000000000005/(0.007146850444107264*x_3 - 1.8463607170279419*x_6 + 5.6438902148824506))*(0.02109108167154804 - 0.0251536483105056*x_2)*(98.60000000000001*Abs((0.9600000000000001 + 0.35000000000000003*exp(-(0.389*sqrt(0.870112794150215*x_0 + 89.60863817585889) - 0.053000000000000005)*(-0.214741606526317*x_1 + 0.2336039799251844*x_5 - (0.02358005672147083*x_0 - 0.064715905434224376)*(7.88322191500095*x_0 - 31.371738126718555) + 0.919*atan(0.00775 - 0.043000000000000003/(0.00908521151798222*x_4 + 0.00015423689839635414)) + 0.089999586963697305)))*(0.02784599147704037*x_3 - 0.027698464706949211)) + 0.36300000000000004)
feynman_test_3,ok,4,NoRef,0.9991633675028284,0.05630141633715047,38,36,38,8.619431018829346,,0.001,((0.00789 + (0.9430000000000001 * exp((0.00859 + (0.0084 * (((-0.00471 + (2.17 * (-15.032047874287718 + (3.353815118292767 * x_3)))) - (0.053000000000000005 + (1.84 * (-16.172015121786515 + (3.5941604003366345 * x_2))))))**2))))) * ((4.7 + (0.00115 * (-15.032047874287718 + (3.353815118292767 * x_3)))) * ((0.201 + (0.0635 * (-4.859006065813082 + (1.6427931891012966 * x_1)))) * (-4.5 + (-1.31 * (-3.471159570853373 + (1.6737506595930596 * x_0))))))),-(2.1926133640669082*x_0 - 0.04721903781791881)*(0.10431736750793234*x_1 - 0.1075468851791307)*(0.003856887386036682*x_3 + 4.6827131449445693)*(0.9511352609219341*exp(0.0084*(6.6132551366194078*x_2 - 7.277778806695304*x_3 + 2.9207460631171581)**2) + 0.00789)
feynman_test_4,ok,5,NoRef,0.9730566177731796,0.08287954249943932,67,55,67,21.43320655822754,,0.001,(-0.504 + (4.61 * sqrt((((9.23 + (-8.409856081703799 + (0.8421415637065467 * x_1))) - ((0.645 + (0.463 * (-3.4980833203229977 + (1.8537679695560751 * x_2)))) - ((9.5 + (5.16 * (-3.3956721904323857 + (1.6818367301853963 * x_3)))) * ((-0.153 + (-0.00883 * (-8.409856081703799 + (0.8421415637065467 * x_1)))) * (0.003 + (0.273 * inv((0.9700000000000001 + (0.452 * (-3.631622653697142 + (1.8179962395743536 * x_4))))))))))) * (0.006999999999999999 + (-4.44 * inv((-76.10000000000001 + (-20.6 * (-3.434758293955252 + (1.7338496667716403 * x_0))))))))))),4.61*sqrt((0.25002112194847051*x_0 + 4.477407854011653)*(-(0.007436110007528807*x_1 + 0.07874097079855546)*(8.6782775277566451*x_3 - 8.0216685026311107)*(0.0024652029008628236*x_4 + 0.2709855196815867) + (0.82173430028760785*x_4 - 0.6714934394711081)*(0.8421415637065467*x_1 - 0.85829456990446281*x_2 + 1.7947564956057494))/((35.717303135495793*x_0 + 5.343979144521814)*(0.82173430028760785*x_4 - 0.6714934394711081))) - 0.504
feynman_test_5,ok,4,NoRef,0.9742009439703174,0.4955712813740082,77,51,77,16.12120246887207,,0.001,(((0.08570000000000001 + (-3.23468266994482 + (1.6591241874943665 * x_0))) + (2.88 + (-0.00507 * (-3.463507310340305 + (1.7558292590522568 * x_1))))) * (((8.68 + (-3.23468266994482 + (1.6591241874943665 * x_0))) + ((0.00656 + (0.62 * (-3.23468266994482 + (1.6591241874943665 * x_0)))) - (-0.022600000000000002 + (-0.00091 * (-3.463507310340305 + (1.7558292590522568 * x_1)))))) * (0.112 + (-0.0393 * inv(((((-2.6 * (-3.463507310340305 + (1.7558292590522568 * x_1))) * (0.167 + (0.001 * (-3.463507310340305 + (1.7558292590522568 * x_1))))) + (-2.06 + (-0.2 * (-3.5243486716001864 + (1.7355707966666627 * x_2))))) * (0.166 + (0.020100000000000003 * (-3.5715645968617267 + (1.7740534831014714 * x_3)))))))))),-(0.112*(0.03565847501033958*x_3 + 0.094211551603079291)*(0.34711415933333256*x_2 + (0.0017558292590522568*x_1 + 0.1635364926896597)*(4.5651560735358678*x_1 - 9.005119006884793) + 1.3551302656799627) + 0.0393)*(-1.6591241874943665*x_0 + 0.0089020543433949417*x_1 + 0.2514226878813947)*(2.6877811837408737*x_0 + 0.0015978046257375537*x_1 + 3.4658222830369819)/((0.03565847501033958*x_3 + 0.094211551603079291)*(0.34711415933333256*x_2 + (0.0017558292590522568*x_1 + 0.1635364926896597)*(4.5651560735358678*x_1 - 9.005119006884793) + 1.3551302656799627))
feynman_test_6,ok,7,NoRef,0.7373694117716807,0.26256009927714025,80,80,80,20.124724864959717,,0.001,(0.999 + (0.05740000000000001 * (((-4.16 + (0.20500000000000002 * (-3.449152718312042 + (1.6976979855860372 * x_4)))) * (-0.0038 + (-0.864 * (((-0.0017699999999999999 + (0.015600000000000001 * (-3.51997998884813 + (1.7280743807208145 * x_2)))) - ((0.056400000000000006 + (0.0746 * exp(((0.006869999999999999 + (-0.7020000000000001 * (-3.464097052656947 + (1.740799776652784 * x_5)))) + (0.756 + (-0.768 * ((0.7120000000000001 + (0.47100000000000003 * (-3.4017177863831747 + (1.6461681118362466 * x_3)))))**2)))))) + (((5.01 + (-3.564003084010684 + (1.7270366227340548 * x_0))) * ((0.069 + (0.0097 * (-3.495416236538771 + (1.7382917673746647 * x_1)))) - (0.00434 + (-0.0047799999999999995 * (-3.4949213836164295 + (1.7467222493641044 * x_6)))))) * (1.31 + (0.007899999999999999 * (((0.61 + (-0.2 * (-3.449152718312042 + (1.6976979855860372 * x_4)))) * (3.47 + (-0.439 * (-3.51997998884813 + (1.7280743807208145 * x_2))))))**3))))))**2))))**2)),0.05740000000000001*(0.34802808704513766*x_4 - 4.8670763072539688)**2*(-0.864*(0.026957960339244708*x_2 - (1.7270366227340548*x_0 + 1.445996915989316)*(0.007899999999999999*(1.299830543662408 - 0.33953959711720746*x_4)**3*(5.01527121510433 - 0.75862465313643757*x_2)**3 + 1.31)*(0.016861430143534248*x_1 + 0.0083493323519604182*x_6 + 0.014048738291887395) - 1.820391083761627*exp(-1.222041443210255*x_5 - 0.768*(0.7753451806748722*x_3 - 0.89020907738647528)**2) - 0.11308168782603083)**2 - 0.0038)**2 + 0.999
feynman_test_7,ok,5,NoRef,0.9962950836859936,0.07126207931412697,39,39,39,16.93211555480957,,0.001,(0.01 + (1.21 * sqrt((((-0.166 + (-4.01008885957154 + (1.9368236560367404 * x_0))) - (-4.26 + (0.00889 * ((((-1.45 * (-5.4800875475190685 + (3.679942846274682 * x_3))) + (-0.05500000000000001 + (-0.903 * (-5.4674033515100415 + (3.6309111090818504 * x_2))))) + (-2.7 + (2.24 * (-3.6016316191425464 + (1.7889994255916244 * x_4))))))**2))) * (6.08 + (1.7 * (-3.5817515635104775 + (1.71294374453043 * x_1)))))))),1.21*sqrt((2.91200436570173*x_1 - 0.0089776579678115184)*(1.9368236560367404*x_0 - 0.00889*(3.278712731500911*x_2 + 5.335917127098289*x_3 - 4.007358713325239*x_4 - 2.0605373434369118)**2 + 0.0839111404284596)) + 0.01
feynman_test_8,ok,4,NoRef,0.9184130582819798,0.1357666261932642,43,43,43,15.94290041923523,,0.001,((0.030000000000000002 + (0.008 * (-3.3653065153557096 + (1.6809530999057976 * x_0)))) * ((60.0 + (-2.0 * (-3.3653065153557096 + (1.6809530999057976 * x_0)))) + (0.02 + (-0.002 * (((70.0 + (-31.0 * (-3.3575040445859767 + (1.7014291673085824 * x_2)))) - ((0.1 + (15.3 * (-3.4363172184011948 + (1.7384611621281187 * x_1)))) + ((0.1 + (9.0 * (-3.3653065153557096 + (1.6809530999057976 * x_0)))) + ((-0.2 + (0.05 * (-3.4646197585343543 + (1.7925414576254786 * x_3)))) * (-0.001 + (87.4 * (-3.4646197585343543 + (1.7925414576254786 * x_3)))))))))**2)))),-(0.013447624799246381*x_0 + 0.0030775478771543247)*(3.3619061998115952*x_0 + 0.002*(15.128577899152178*x_0 + 26.598455780560217*x_1 + 52.744304186566054*x_2 + (0.089627072881273935*x_3 - 0.37323098792671774)*(156.66812339646684*x_3 - 302.80876689590259) - 256.74603746190495)**2 - 66.750613030711419)
feynman_test_9,ok,5,NoRef,0.9726769720725119,1779.918449115723,61,49,61,13.805702447891235,,0.001,(0.007319999999999999 + (-0.04650000000000001 * (((0.0456 + (0.020700000000000003 * (-2.4930593469502407 + (0.8452017443213172 * x_2)))) * (((2.24 + (-2.5627625663383364 + (0.8211078402482829 * x_3))) * (-0.00649 + (85.60000000000001 * inv(((-32.0 + (-12.1 * (-5.185088551029865 + (3.40858213908487 * x_4)))) * (-0.0075899999999999995 + (-0.00284 * (-5.229820704398722 + (3.505187093079862 * x_1))))))))) * (2.43 + (0.755 * (-5.657145228365777 + (3.711512297913349 * x_0)))))))**2)),-0.04650000000000001*(2.802191784924579*x_0 - 1.841144647416162)**2*(0.017495676107451269*x_2 - 0.0060063284818699884)**2*(0.8211078402482829*x_3 - 0.32276256633833619)**2*(-0.002664608291653047*x_1*x_4 + 0.001985967099637033*x_1 + 0.0019440229431901454*x_4 + 85.598551094501139)**2/((0.009954731344346808*x_1 - 0.0072626908004923714)**2*(41.2438438829269*x_4 - 30.73957146746136)**2) + 0.007319999999999999
first_principles_absorption,ok,1,NoRef,0.969110102780858,0.19533459668621883,16,16,16,6.211259126663208,,0.001,(-0.025800000000000003 + (0.12100000000000001 * ((0.009779999999999999 + (-3.8000000000000003 * arctan((1.99 + (2.72 * (-0.748484636380034 + (0.08019887424858779 * x_0))))))))**2)),0.12100000000000001*(3.8000000000000003*atan(0.2181409379561588*x_0 - 0.0458782109536926) - 0.009779999999999999)**2 - 0.025800000000000003
first_principles_bode,ok,1,BFGS,0.002496363020244252,6.073714159512887,41,41,41,6.9302027225494385,,0.001,(((-19.030465155190655 * arctan((0.22249214266181738 + (0.3659119885901363 + (0.0030116213052686115 * x_0))))) * (-0.31426539744620935 + (-0.00010510443707623229 * tan(((0.03766062027699447 + (49.773643004520615 * (0.3659119885901363 + (0.0030116213052686115 * x_0)))) * (0.4185923304689607 + (-0.35618313218135167 * sin((-0.2803185173785983 + (10.124006727946485 * (0.3659119885901363 + (0.0030116213052686115 * x_0)))))))))))) + (1.8500751767972439 + (-32.57431648406575 * abs((0.026101257481154713 + (-0.07156465275670729 * (0.3659119885901363 + (0.0030116213052686115 * x_0)))))))),-19.030465155190655*(0.00010510443707623229*tan((0.14989936371324827*x_0 + 18.250433311436659)*(0.35618313218135167*sin(0.030489674356566398*x_0 + 3.4241769169442191) - 0.4185923304689607)) - 0.31426539744620935)*atan(0.0030116213052686115*x_0 + 0.58840413125195368) - 32.57431648406575*Abs(0.00021552563294624974*x_0 + 8.5106921814631268e-5) + 1.8500751767972439
first_principles_hubble,ok,1,NoRef,0.6000184984522208,212.7209516421934,67,57,67,8.859278678894043,,0.001,((0.0976 + (2.48 * (-1.4730662843564242 + (1.6521438540845628 * x_0)))) - (((3.27 + (-0.09060000000000001 * (-1.4730662843564242 + (1.6521438540845628 * x_0)))) * ((0.0284 + (71.0 * sin((88.3 * (-1.4730662843564242 + (1.6521438540845628 * x_0)))))) + ((0.00245 + (-0.0323 * inv((0.08520000000000001 * (-1.4730662843564242 + (1.6521438540845628 * x_0)))))) + (-0.9630000000000001 + (-92.10000000000001 * (-1.4730662843564242 + (1.6521438540845628 * x_0))))))) - (94.8 + (42.2 * sqrt((0.00632 + (85.8 * cos((0.032 + (-0.614 * (-1.4730662843564242 + (1.6521438540845628 * x_0)))))))))))),((3.4034598053626921 - 0.14968423318006141*x_0)*((0.14076265636800477*x_0 - 0.12550524742716736)*(152.16244896118825*x_0 - 71.0*sin(145.88430231566689*x_0 - 130.07175290867225) - 134.73725478922668) + 0.0323) + (0.14076265636800477*x_0 - 0.12550524742716736)*(4.0973167581297157*x_0 + 42.2*sqrt(85.8*cos(1.0144163264079215*x_0 - 0.93646269859484445) + 0.00632) + 91.244395614796065))/(0.14076265636800477*x_0 - 0.12550524742716736)
first_principles_ideal_gas,ok,3,NoRef,0.903848324759471,0.41637502078876887,108,108,108,10.13489580154419,,0.001,(2.57 + (12.700000000000001 * sqrt((0.00249 + (0.022400000000000003 * sqrt(((0.0063999999999999994 + (11.3 * sqrt((0.607 + (0.058100000000000006 * sqrt((59.800000000000004 + (0.41500000000000004 * inv((7.75 + (0.325 * (-1.7269481113159797 + (0.03158325643002412 * x_2))))))))))))) * ((0.20500000000000002 + (0.126 * (-1.6525414953354425 + (0.03695931216347938 * x_0)))) * ((0.761 + (0.0771 * sin(((-0.197 + (-81.9 * (-1.6525414953354425 + (0.03695931216347938 * x_0)))) + (-57.6 + (0.525 * (-14.525050446141405 + (0.04080730581327434 * x_1)))))))) * ((6.99 + (-0.34600000000000003 * inv(((0.0044199999999999995 + (2.07 * (-1.7269481113159797 + (0.03158325643002412 * x_2)))) + ((0.0178 + (4.0 * (-1.6525414953354425 + (0.03695931216347938 * x_0)))) * (-7.49 + (0.00203 * (-1.7269481113159797 + (0.03158325643002412 * x_2))))))))) * (-0.0819 + (0.234 * inv((0.0678 + (0.035800000000000005 * (-1.7269481113159797 + (0.03158325643002412 * x_2))))))))))))))))),12.700000000000001*sqrt(0.022400000000000003*sqrt((-0.0819 + 0.234/(0.0011306805801948637*x_2 + 0.0059752576148879173))*(6.99 - 0.34600000000000003/(0.06537734081014992*x_2 + (0.1478372486539175*x_0 - 6.59236598134177)*(6.411401055294897e-5*x_2 - 7.4935057046659716) - 3.5703625904240777))*(0.004656873332598402*x_0 - 0.0032202284122657362)*(11.3*sqrt(0.058100000000000006*sqrt(59.800000000000004 + 0.41500000000000004/(0.01026455833975784*x_2 + 7.1887418638223066)) + 0.607) + 0.0063999999999999994)*(0.0771*sin(-3.026967666188961*x_0 + 0.02142383555196903*x_1 + 69.920496983748511) + 0.761)) + 0.00249) + 2.57
first_principles_kepler,ok,1,NoRef,0.9980127215802147,172.71037636801537,11,11,11,8.099916696548462,,0.001,((30.0 + (34.0 * (-0.9263602581597056 + (0.3029466151936684 * x_0)))) * ((65.0 + (26.0 * (-0.9263602581597056 + (0.3029466151936684 * x_0)))) + (-0.1 + (-0.003 * (-0.9263602581597056 + (0.3029466151936684 * x_0)))))),(7.875703155189797*x_0 + 40.81741236862213)*(10.30018491658473*x_0 - 1.496248777429991)
first_principles_leavitt,ok,1,NoRef,0.8493757202903655,0.38319896050249164,14,14,14,6.543879985809326,,0.001,((13.6 + (-1.0 * (-1.7400037114235716 + (2.09864284243919 * x_0)))) + (0.1 + (0.3 * sin((0.01 + (24.0 * (-1.7400037114235716 + (2.09864284243919 * x_0)))))))),-2.09864284243919*x_0 + 0.3*sin(50.3674282185406*x_0 - 41.750089074165718) + 15.440003711423571
first_principles_newton,ok,3,BFGS,0.00676240769062364,10.837089004323145,54,44,54,8.315282106399536,,0.001,((((-20.569651447719206 + (-0.2899960593046727 + (2.629351402398742e-30 * x_2))) - (25.023651450476706 + (-61.36565006715039 * ((-1.8057897112572558 + (-48.502788283946344 * inv((92.65336947309439 + (-1.1765454045939643 * (-0.613759874811038 + (7.12682274600027e-13 * x_0))))))))**2))) * (0.07983540860144948 + (0.0002488696586862995 * sin(((1.306659686829756 + (-34.98766993511613 * (-0.27162048092758545 + (5.186968952067431e-30 * x_1)))) * (0.06955684747461775 + (67.68155381555614 * (-0.27162048092758545 + (5.186968952067431e-30 * x_1))))))))) * (1.9881605869873251 + (-0.011566740087785481 * (-0.613759874811038 + (7.12682274600027e-13 * x_0))))),(8.2434106354702728e-15*x_0 - 1.9952597879355761)*((8.3850305511623556e-13*x_0 - 93.375485833327484)**2*(2.629351402398742e-30*x_2 - 45.883298957500585) + 61.36565006715039*(1.5141601897866739e-12*x_0 - 217.11927988541676)**2)*(0.0002488696586862995*sin((1.814799576586305e-28*x_1 - 10.810027421141622)*(3.510621182689707e-28*x_1 - 18.314139349832997)) - 0.07983540860144948)/(8.3850305511623556e-13*x_0 - 93.375485833327484)**2
first_principles_planck,ok,2,NoRef,0.6322665349033825,120.535952518828,33,31,33,9.253423690795898,,0.001,((-20.0 + (-9.0 * sin((42.6 * (-0.9222249154556069 + (0.0006349597364519323 * x_1)))))) + (-6.0 + (-0.6 * abs(((0.1 + (0.4 * (-0.34842883289438253 + (6.020477322376928e-16 * x_0)))) * (0.02 + (-9.0 * inv((0.060000000000000005 + (0.07 * (-0.9222249154556069 + (0.0006349597364519323 * x_1)))))))))))),-9.0*sin(0.02704928477285232*x_1 - 39.28678139840886) - 0.6*Abs((2.408190928950771e-16*x_0 - 0.039371533157753014)*(8.889436310327053e-7*x_1 - 9.0000911148816378)/(4.444718155163527e-5*x_1 - 0.0045557440818924843)) - 26.0
first_principles_rydberg,ok,2,NoRef,0.9904523257784262,0.15956166514144018,24,20,24,7.277651309967041,,0.001,(-5.0 + (-8.0 * exp(((0.030000000000000002 + (-0.006999999999999999 * (-3.60108467081408 + (0.6407623969420071 * x_1)))) * ((1.0 + (-7.3 * (-1.95961510923864 + (0.5974436308654391 * x_0)))) + (-0.1 + (1.8 * (-3.60108467081408 + (0.6407623969420071 * x_1))))))))),-12.949154625070135*exp(0.0195620720017999*x_0*x_1 - 0.24077899980964662*x_0 - 0.005173263261619314*x_1**2 + 0.02454824922883116*x_1) - 5.0
first_principles_schechter,ok,1,NoRef,0.9513101082484654,1.0985115547594537,57,57,57,8.83174180984497,,0.001,((-0.68 + (-2.98 * (-0.5152265363826667 + (1.6261733659552068e-09 * x_0)))) + ((-30.7 + (4.51 * ((0.08170000000000001 + (-5.0 * inv((-7.3 + (-4.47 * (-0.5152265363826667 + (1.6261733659552068e-09 * x_0))))))))**3)) - (-2.97 + (17.7 * inv(((-2.33 + (-0.728 * (-0.5152265363826667 + (1.6261733659552068e-09 * x_0)))) + (0.153 + (-45.300000000000004 * inv((-0.0694 + (-0.626 * abs((-0.00581 + (-0.9790000000000001 * tan((-0.0825 + (7.140000000000001 * inv((0.889 + (7.83 * (-0.5152265363826667 + (1.6261733659552068e-09 * x_0)))))))))))))))))))))),-4.8459966305465162e-9*x_0 + 4.51*(0.08170000000000001 + 5.0/(7.268994945819774e-9*x_0 + 4.99693738236948))**3 - 26.87462492157965 + 17.7/(1.1838542104153905e-9*x_0 + 1.801915081513419 - 45.300000000000004/(0.626*Abs(0.9790000000000001*tan(0.0825 - 7.140000000000001/(1.2732937455429269e-8*x_0 - 3.14522377987628)) - 0.00581) + 0.0694))
first_principles_supernovae_zg,ok,1,NoRef,0.746082021376294,0.14643818371275152,27,22,27,9.045560836791992,,0.001,(0.01 + (0.9 * exp((0.01 + (-0.030000000000000002 * abs(((-60.0 + (-70.0 * (-1.0690083287768268 + (0.03814143456527167 * x_0)))) + (-0.2 + (-2.0 * sin((0.7000000000000001 + (90.0 * (-1.0690083287768268 + (0.03814143456527167 * x_0)))))))))))))),0.01 + 0.909045150375751*exp(-0.030000000000000002*Abs(2.669900419569017*x_0 + 0.60597574475076361*sin(3.43272911087445*x_0) - 1.9059888238847985*cos(3.43272911087445*x_0) - 14.630583014377876))
first_principles_supernovae_zr,ok,1,NoRef,0.47263001703052643,0.15930300874555695,66,66,66,8.463943004608154,,0.001,(-0.00416 + (0.501 * ((0.00242 + (-29.400000000000002 * inv(((1.97 + (0.5690000000000001 * (-1.6026515238622114 + (0.046431321645507846 * x_0)))) * ((-16.9 + (-0.9390000000000001 * sin((6.72 * (-1.6026515238622114 + (0.046431321645507846 * x_0)))))) + (-4.6000000000000005 + (-2.08 * ((((0.10700000000000001 * abs((0.61 + (-1.6026515238622114 + (0.046431321645507846 * x_0))))) * (0.0912 + (6.96 * (-1.6026515238622114 + (0.046431321645507846 * x_0))))) + (-0.022000000000000002 + (0.0656 * tan((0.633 + (0.366 * inv((0.0488 + (-64.7 * (-1.6026515238622114 + (0.046431321645507846 * x_0))))))))))))**2))))))))**2)),0.501*(0.00242 - 29.400000000000002/((0.026419422016293969*x_0 + 1.0580912829224015)*(-2.08*(0.10700000000000001*(0.32316199865273461*x_0 - 11.063254606080991)*Abs(0.046431321645507846*x_0 - 0.99265152386221141) + 0.0656*tan(0.633 + 0.366/(103.74035359388508 - 3.0041065104643578*x_0)) - 0.022000000000000002)**2 - 0.9390000000000001*sin(0.31201848145781271*x_0 - 10.76981824035406) - 21.499999999999999)))**2 - 0.00416
first_principles_tully_fisher,ok,1,NoRef,0.9015826186222667,0.4455439596389649,30,30,30,5.221320867538452,,0.001,(-0.00149 + (-7.15 * log(((-0.0809 + (2.64 * (-2.139304033980945 + (0.006687978646939128 * x_0)))) + (14.5 + (-1.11 * cos((-0.0698 + (8.45 * cos((-4e-05 + (-0.05740000000000001 * ((0.134 + (32.8 * (-2.139304033980945 + (0.006687978646939128 * x_0)))))**2)))))))))))),-7.15*log(0.0176562636279193*x_0 - 1.11*cos(8.45*cos(0.05740000000000001*(0.2193656996196034*x_0 - 70.03517231457499)**2 + 4.0e-5) - 0.0698) + 8.771337350290305) - 0.00149
nikuradse_1,ok,2,NoRef,0.6477013567091005,0.054869552984738446,24,24,24,7.0506370067596436,,0.001,((0.3 + (0.060000000000000005 * abs(((0.02 + (-0.01 * (-8.043667186640068 + (1.6172840179308134 * x_1)))) * ((-0.01 + (-90.0 * (-1.3445265834704199 + (0.005918071145166688 * x_0)))) + (0.01 + (63.7 * (-8.043667186640068 + (1.6172840179308134 * x_1))))))))) + (-0.001 + (-0.13 * (-1.3445265834704199 + (0.005918071145166688 * x_0))))),-0.0007693492488716695*x_0 + 0.060000000000000005*Abs((0.016172840179308134*x_1 - 0.1004366718664007)*(0.5326264030650019*x_0 - 103.02099194219282*x_1 + 391.37420727663456)) + 0.47378845585115458
nikuradse_2,ok,1,NoRef,0.8805608154850488,0.10895956936517717,25,27,25,9.85243821144104,,0.001,(2.18 + (-0.006 * abs(((20.0 + (-9.9 * sin((-87.4 * (-1.9879774008876716 + (1.6574136973190292 * x_0)))))) + ((1.0 + (-0.4 * (-1.9879774008876716 + (1.6574136973190292 * x_0)))) * (-0.01 + (80.8 * (-1.9879774008876716 + (1.6574136973190292 * x_0))))))))),2.18 - 0.006*Abs(88.783691702442942*x_0**2 - 346.90805536993188*x_0 - 9.9000000000000004*sin(144.85795714568316*x_0 - 173.74922483758251) + 268.37691591427151)
solar_flare,ok,10,BFGS,nan,nan,1,1,1,13.912837743759155,,0.001,(0.684083829408551 + (-9.283041897347076 * inv(((12.453948928221424 + (-0.761578287794147 * (-1.1997483391631258 + (0.4751478570943073 * x_0)))) + (52.45694892821432 + (0.00026270531528706795 * (((((3.308911098903589 + (-2.207994968177486 + (1.5549260339278073 * x_4))) - (((-4.782615647054646 + (-0.5233405681948146 + (2.4341421776503003 * x_3))) + (-0.444115647054279 + (11.622327164593038 * (-3.0 + (3.3333333333333335 * x_7))))) * ((-2.7208412705642795 + (19.15764030522312 * (-0.20412414523193148 + (5.103103630798286 * x_8)))) - (-4.891988729438101 + (-0.1676676344119888 * (-0.17223278830124386 + (3.1315052418407974 * x_5))))))) * (((9.782401255512834 + (-0.20412414523193148 + (5.103103630798286 * x_8))) + ((0.5414012555126929 + (3.3274325579862998 * abs((((4.446456864716624 + (4.089114218331951 * sqrt((1.1314727960136568 + (-0.00855 * (nan + (inf * x_9))))))) - (-4.423806864713887 + (-11.061683043541455 * inv((0.1270211708230864 + (1.7287775498841271 * (-0.7418811204628575 + (2.0898059731348098 * x_6)))))))) - (2.488443135285901 + (-0.706144226976681 * (-1.3712047854703497 + (1.257986041715917 * x_2)))))))) + ((-0.0884241398594522 + (-9.01 * (nan + (inf * x_9)))) * ((-0.20649608044587903 + (4.16233916360905 * (-0.7418811204628575 + (2.0898059731348098 * x_6)))) * (-0.5799987458122539 + (-0.030289219083218907 * (-1.4326457214253776 + (0.7744030926623663 * x_1)))))))) * (-0.27492833764179003 + (-0.059522434493658426 * (-1.4326457214253776 + (0.7744030926623663 * x_1)))))) + (-5.087370548347387 + (2.1997789635532077 * ((0.36375246407083184 + (-2.811083387158848 * (-0.5233405681948146 + (2.4341421776503003 * x_3)))))**2))))**2)))))),nan
strogatz_bacres1,ok,2,NoRef,0.9682283209587078,0.43706252644848137,68,56,68,5.492550373077393,,0.001,(((((-61.0 * (-6.2652814930864 + (0.45765203318264863 * x_0))) + ((-2.0300000000000002 + (-91.8 * (-3.1009340740058042 + (0.07848210426397985 * x_1)))) + ((0.9620000000000001 + (-0.09920000000000001 * (-6.2652814930864 + (0.45765203318264863 * x_0)))) + (-0.0091 + (0.0609 * inv((-0.23 + (0.006339999999999999 * (-6.2652814930864 + (0.45765203318264863 * x_0)))))))))) + (-1.42 + (-5.16 * ((-0.00895 + (-0.08800000000000001 * (-6.2652814930864 + (0.45765203318264863 * x_0)))))**2))) * (0.0142 + (-0.00696 * (-3.1009340740058042 + (0.07848210426397985 * x_1))))) + (0.3 + (0.445 * cos((-0.09250000000000001 + (-0.8570000000000001 * log((0.0332 + (-0.00656 * cos((-0.05330000000000001 + (38.300000000000004 * (-6.2652814930864 + (0.45765203318264863 * x_0)))))))))))))),((0.0029015138903779918*x_0 - 0.2697218846661678)*(0.445*cos(0.8570000000000001*log(0.0332 - 0.00656*cos(17.528072870895444*x_0 - 240.01358118520915)) + 0.09250000000000001) + 0.3) + (0.0005462354456772998*x_1 - 0.035782501155080398)*((0.0029015138903779918*x_0 - 0.2697218846661678)*(27.962173105833285*x_0 + 7.20465717143335*x_1 + 5.16*(0.040273378920073084*x_0 - 0.5423947713916033)**2 - 664.9723349961174) - 0.0609))/(0.0029015138903779918*x_0 - 0.2697218846661678)
strogatz_bacres2,ok,2,NoRef,0.9601064550262982,0.42582365739343336,84,54,84,5.189651966094971,,0.001,(-0.00873 + (0.06340000000000001 * abs(((-9.69 + (0.7160000000000001 * (-6.2652814930864 + (0.45765203318264863 * x_0)))) * ((0.919 + (0.613 * sqrt((9.35 + (0.7020000000000001 * (-3.1009340740058042 + (0.07848210426397985 * x_1))))))) - (((0.0030199999999999997 + (-6.2652814930864 + (0.45765203318264863 * x_0))) - (-2.15 + (1.35 * (-3.1009340740058042 + (0.07848210426397985 * x_1))))) * (-0.9700000000000001 + (-17.400000000000002 * inv((15.3 + (6.890000000000001 * ((0.09730000000000001 + (-0.016200000000000003 * (-3.1009340740058042 + (0.07848210426397985 * x_1)))))**2))))))))))),(-0.06014970000000001*(0.0012714100890764738*x_1 - 0.14753513199889405)**2 + 0.06340000000000001*Abs((0.32767885575877646*x_0 - 14.17594154904986)*((6.683300000000002*(0.0012714100890764738*x_1 - 0.14753513199889405)**2 + 32.241000000000004)*(0.45765203318264863*x_0 - 0.1059508407563728*x_1 + 0.073999506821435822) + (6.890000000000001*(0.0012714100890764738*x_1 - 0.14753513199889405)**2 + 15.3)*(0.613*sqrt(0.05509443719331386*x_1 + 7.1731442800479248) + 0.919))) - 0.133569)/(6.890000000000001*(0.0012714100890764738*x_1 - 0.14753513199889405)**2 + 15.3)
strogatz_barmag1,ok,2,NoRef,0.8648148394462621,0.09086352529635626,70,70,70,8.37435269355774,,0.001,(0.009949999999999999 + (0.804 * (((-0.005 + (0.0043 * arctan((0.00029 + (-15.844310416841397 + (2.7805581875467364 * x_0)))))) * (7.8500000000000005 + (55.4 * arctan((((3.22 + (36.0 * (-15.844310416841397 + (2.7805581875467364 * x_0)))) * (0.0211 + (9.47 * (-1.2538429920116652 + (0.3484404828044345 * x_1))))) - ((35.800000000000004 + (-3.88 * sqrt((61.6 + (-0.00297 * cos((-56.7 + (0.00652 * (-1.2538429920116652 + (0.3484404828044345 * x_1)))))))))) * (-0.00494 + (-0.0154 * ((-0.09200000000000001 + (3.64 * (-15.844310416841397 + (2.7805581875467364 * x_0)))))**3)))))))))**2)),0.804*(0.0043*atan(2.7805581875467364*x_0 - 15.844020416841397) - 0.005)**2*(55.4*atan((100.10009475168251*x_0 - 567.17517500629029)*(3.299731372157995*x_1 - 11.85279313435047) - (3.88*sqrt(61.6 - 0.00297*cos(0.002271831947884913*x_1 - 56.708175056307919)) - 35.800000000000004)*(0.0154*(10.121231802670121*x_0 - 57.765289917302687)**3 + 0.00494)) + 7.8500000000000005)**2 + 0.009949999999999999
strogatz_barmag2,ok,2,NoRef,0.7097553141654034,0.20371439740587505,20,20,20,14.580017566680908,,0.001,((0.003 + (-0.003 * (-15.844310416841397 + (2.7805581875467364 * x_0)))) * ((-60.0 + (70.0 * (-1.2538429920116652 + (0.3484404828044345 * x_1)))) + (0.001 + (-63.7 * sin((0.030000000000000002 + (-3.0 * (-1.2538429920116652 + (0.3484404828044345 * x_1))))))))),(0.050532931250524192 - 0.0083416745626402094*x_0)*(24.39083379631042*x_1 + 63.7*sin(1.045321448413303*x_1 - 3.7915289760349956) - 147.76800944081656)
strogatz_glider1,ok,2,NoRef,0.9115967028750462,0.23420200949148065,54,56,54,6.4750165939331055,,0.001,((0.5890000000000001 + (-31.7 * (((-0.008629999999999999 + (-0.0062499999999999995 * (-1.8084175385794719 + (0.8984434651839722 * x_0)))) * (0.18000000000000002 + (-8.77 * (-1.836876920436821 + (0.13306474919016115 * x_1))))))**3)) - ((1.6400000000000001 + (-0.00817 * (-1.8084175385794719 + (0.8984434651839722 * x_0)))) * (((0.0038699999999999997 * ((0.0023699999999999997 + (3.94 * (-1.8084175385794719 + (0.8984434651839722 * x_0)))))**2) - (0.00422 + (-0.642 * cos(((0.00769 + (7.5 * (-1.836876920436821 + (0.13306474919016115 * x_1)))) + (-0.515 + (-0.0297 * (-1.8084175385794719 + (0.8984434651839722 * x_0))))))))) + (0.47300000000000003 + (0.12200000000000001 * (-1.8084175385794719 + (0.8984434651839722 * x_0))))))),-31.7*(0.0056152716573998258*x_0 - 0.0026726096161216995)**3*(1.1669778503977132*x_1 - 16.289410592230919)**3 + (0.007340283110553053*x_0 - 1.6547747712901944)*(0.10961010275244462*x_0 + 0.0038699999999999997*(3.53986725282485*x_0 - 7.1227951020031192)**2 + 0.642*cos(0.02668377091596397*x_0 - 0.99798561892620863*x_1 + 14.230176902380347) + 0.24815306029330444) + 0.5890000000000001
strogatz_glider2,ok,2,NoRef,0.4819342479937767,0.7623646322355598,18,18,18,7.261742353439331,,0.001,((2.0 + (0.9 * (-1.8084175385794719 + (0.8984434651839722 * x_0)))) + (0.1 + (-0.8 * sin(((0.7000000000000001 + (-2.0 * (-1.8084175385794719 + (0.8984434651839722 * x_0)))) + (0.030000000000000002 + (-2.0 * (-1.836876920436821 + (0.13306474919016115 * x_1))))))))),0.808599118665575*x_0 + 0.8*sin(1.796886930367944*x_0 + 0.2661294983803223*x_1 - 8.0205889180325859) + 0.47242421527847525
strogatz_lv1,ok,2,NoRef,0.3880488229704834,0.7529093694343664,52,46,52,11.639164209365845,,0.001,((-0.0274 + (-8.99 * (((4.9 + (-0.00021999999999999998 * ((6.5 + (-2.21 * abs(((3.98 + (0.00098 * inv((53.0 * (-1.0185100736451067 + (0.7243342361165919 * x_0)))))) + (0.25 + (-69.9 * (-1.0185100736451067 + (0.7243342361165919 * x_0)))))))))**2)) * (0.448 + (0.537 * (-1.1210540200500059 + (1.0527256234139701 * x_1))))))**2)) * (0.009989999999999999 + (0.042600000000000006 * (-1.0185100736451067 + (0.7243342361165919 * x_0))))),-(0.030856638458566819*x_0 - 0.033398529137281552)*(8.99*(0.56531365977330198*x_1 - 0.1540060087668532)**2*(0.00021999999999999998*(2.21*Abs((1943.7082191616148*x_0**2 - 5628.6119641907722*x_0 + 4071.4566478613191)/(38.389714514179371*x_0 - 53.981033903190655)) - 6.5)**2 - 4.9)**2 + 0.0274)
strogatz_lv2,ok,2,NoRef,0.6141090264606339,0.34051429829570146,29,27,29,12.488755702972412,,0.001,((-0.00632 + (0.0036 * (((76.5 + (-3.23 * (-1.0185100736451067 + (0.7243342361165919 * x_0)))) + (-2.79 + (-2.39 * ((-0.0073999999999999995 + (5.41 * (-1.1210540200500059 + (1.0527256234139701 * x_1)))))**2))))**2)) * (-0.0274 + (-0.0267 * (-1.0185100736451067 + (0.7243342361165919 * x_0))))),-(0.019339724104313*x_0 + 0.00020578103367565028)*(0.0036*(2.339599582656592*x_0 + 2.39*(5.6952456226695784*x_1 - 6.0723022484705321)**2 - 76.999787537873695)**2 - 0.00632)
strogatz_predprey1,ok,2,NoRef,0.7172308169954509,1.3405853456128456,23,21,23,10.88096284866333,,0.001,((0.001 + (0.008 * (-1.8083916054835167 + (0.37798488323581947 * x_1)))) * (-0.2 + (-0.9 * (((8.0 + (9.0 * (-0.7749611889583518 + (0.8276419259871193 * x_0)))) + (0.1 + (-7.7 * (-1.8083916054835167 + (0.37798488323581947 * x_1))))))**2))),-(0.0030238790658865558*x_1 - 0.013467132843868134)*(0.9*(7.448777333884074*x_0 - 2.91048360091581*x_1 + 15.049964661597913)**2 + 0.2)
strogatz_predprey2,ok,2,NoRef,0.9176822017989799,0.46634074370801865,29,27,29,6.2284510135650635,,0.001,(((-0.025500000000000002 + (-0.7749611889583518 + (0.8276419259871193 * x_0))) - (0.0244 + (0.76 * (-1.8083916054835167 + (0.37798488323581947 * x_1))))) * ((1.6 + (0.789 * (-1.8083916054835167 + (0.37798488323581947 * x_1)))) + ((0.779 + (5.5600000000000005 * (-1.8083916054835167 + (0.37798488323581947 * x_1)))) * (-0.07260000000000001 + (-0.053000000000000005 * (-0.7749611889583518 + (0.8276419259871193 * x_0))))))),(0.8276419259871193*x_0 - 0.2872685112592228*x_1 + 0.54951643120912091)*(0.29823007287306157*x_1 - (0.043865022077317327*x_0 + 0.031527056985207361)*(2.1015959507911564*x_1 - 9.2756573264883537) + 0.17317902327350535)
strogatz_shearflow1,ok,2,NoRef,0.22070460987440677,0.43220417403093275,29,29,29,9.440797567367554,,0.001,(-0.3 + (0.9 * inv((1.3 + (-2.0 * inv(((0.01 + (-0.02 * (0.1425865318514197 + (0.5727827728700499 * x_1)))) * ((-0.6 + (50.0 * (0.1425865318514197 + (0.5727827728700499 * x_1)))) + (-0.001 + (0.001 * (1.0787725150702083 + (0.4912165308203284 * x_0)))))))))))),-0.3 + 0.9/(1.3 + 2.0/((0.011455655457401*x_1 - 0.007148269362971606)*(0.0004912165308203284*x_0 + 28.6391386435025*x_1 + 6.5294053650860552)))
strogatz_shearflow2,ok,2,NoRef,0.1941154981758333,0.1971686970350917,28,28,28,7.379819631576538,,0.001,(-0.00479 + (0.624 * inv((2.68 + (61.6 * sin(((-0.0171 + (4.8 * inv((-0.527 + (1.0787725150702083 + (0.4912165308203284 * x_0)))))) * (0.009989999999999999 + (-0.024200000000000003 * (0.1425865318514197 + (0.5727827728700499 * x_1))))))))))),-0.00479 + 0.624/(61.6*sin((0.0171 - 4.8/(0.4912165308203284*x_0 + 0.55177251507020828))*(0.013861343103455209*x_1 - 0.0065394059291956419)) + 2.68)
strogatz_vdp1,ok,2,BFGS,0.0005909368949065241,1.0320935516903942,54,54,54,19.22997784614563,,0.001,(((0.040681286643697814 * (-0.3313309365474487 + (4.278311300708479 * x_1))) * (0.0118159358927653 + (-0.00487005304109256 * inv(((0.255274120169297 + (-0.21423680522046287 * (-0.3313309365474487 + (4.278311300708479 * x_1)))) - (((-0.00898211319427218 + sin((92.52051904291547 * (-0.3313309365474487 + (4.278311300708479 * x_1))))) + (0.3986478868057278 + (5.22902873940792 * (-0.44260024914922197 + (1.069046206513926 * x_0))))) * (-0.05179758029132609 + (-0.4514042503958276 * inv(((-0.11009079008857887 + (0.8859098742412458 * (-0.44260024914922197 + (1.069046206513926 * x_0)))) - (0.16229079008857888 + (1.6006619934225168 * (-0.3313309365474487 + (4.278311300708479 * x_1)))))))))))))) + (-0.04586199588415291 + (-0.0003562016373379522 * (-0.44260024914922197 + (1.069046206513926 * x_0))))),-0.000380796009150187*x_0 + (0.0118159358927653 - 0.00487005304109256/(-0.91657174480238756*x_1 - (-0.05179758029132609 - 0.4514042503958276/(0.9470785903708331*x_0 - 6.8481302950741147*x_1 - 0.13413667386350039))*(5.590073337616334*x_0 + sin(395.8315821687193*x_1 - 30.65491022434524) - 1.924703649258932) + 0.32625740148592632))*(0.17404720837509327*x_1 - 0.013478968803611613) - 0.045704340950719771
strogatz_vdp2,ok,2,NoRef,0.999991071297426,0.00027951022601837986,49,49,49,4.361107349395752,,0.001,((-0.045500000000000006 + (-0.09380000000000001 * (-0.44260024914922197 + (1.069046206513926 * x_0)))) - (-0.004 + (0.406 * inv(((((-5.71 + (-0.3313309365474487 + (4.278311300708479 * x_1))) * (3.14 + (-76.5 * (-0.44260024914922197 + (1.069046206513926 * x_0))))) * (0.0194 + (-15.700000000000001 * (-0.3313309365474487 + (4.278311300708479 * x_1))))) * (-0.0053 + (7.69 * sqrt((91.0 + (8.97 * (-0.44260024914922197 + (1.069046206513926 * x_0)))))))))))),-0.1002765341710063*x_0 + 1.5903370197019361e-5 - 0.406/((81.78203479831534*x_0 - 36.998919059915481)*(4.278311300708479*x_1 - 6.041330936547449)*(67.169487421123124*x_1 - 5.2212957037949449)*(7.69*sqrt(9.589344472429917*x_0 + 87.029875765131479) - 0.0053))
