dataset,status,n_features,refinement_type,r2,rmse,complexity,expr,seconds,error,rows
1027_ESL,ok,4,NoRef,0.8560975939845676,0.5516531615800692,74,(((0.877 + (0.139 * (-3.689442089095961 + (0.6641659926365366 * x_0)))) - (((-4.2 + (-0.38 * (-4.543727322540949 + (0.8485018342746871 * x_2)))) - ((-0.002 + (-7.47 * (-3.1650294675520123 + (0.6187740894529837 * x_1)))) * (-0.0425 + (0.00838 * (-4.543727322540949 + (0.8485018342746871 * x_2)))))) - ((0.10700000000000001 + (-0.20700000000000002 * tan((-0.0951 + (10.700000000000001 * (-4.543727322540949 + (0.8485018342746871 * x_2))))))) - (0.0057399999999999994 + (-0.382 * (-6.146798559422659 + (1.0976425998969035 * x_3))))))) - (0.00067 + (-0.24000000000000002 * (-6.146798559422659 + (1.0976425998969035 * x_3))))),6.319238901138306,,200
1028_SWD,ok,10,BFGS,0.0010680107193898891,0.8072813820513081,128,(((7.050054467623045e-05 * (-2.4841136395988146 + (1.2451697441598069 * x_3))) - (7.9391053267614025 + (77.21377919096678 * inv(((17.00708644959268 + (1.5875950247996762 * (-2.566230515260939 + (1.2704111461687815 * x_8)))) * ((((((-2.5904290116544066 + (1.3421911977483971 * x_6)) * (-6.257281891566471 + (24.760594405200965 * (-2.7885115085974532 + (1.4154880754301793 * x_0))))) + (-71.45992033957509 + (-1.197477490103392 * inv((7.981879466055242 + (6.303428561251049 * (-2.9121760301824526 + (1.3867504905630728 * x_7)))))))) - (7.739920339568962 + (-67.06684118343252 * sin((-0.5022264865009222 + (-1.0268408366271984 * abs((1.2138117144028018 + (-6.2286311164954915 * (-2.1689364464787513 + (0.972617240573431 * x_2))))))))))) * (-86.51018404831255 + (72.59314150777736 * (-2.3736872687394746 + (1.012233376861183 * x_4))))) - (-67.98173426063066 + (0.021314324982427 * sin((-59.099976846532286 + (-8.199970286622968 * (-2.9293890917537175 + (2.0064308847628203 * x_5))))))))))))) + ((0.028494673238590798 + (0.0005922095641866718 * (-2.6745450995191127 + (1.3046561461068844 * x_9)))) + (11.670894673238541 + (0.13802208530036333 * ((-0.253130171577644 + (-0.8560113265373102 * sin((0.020813596686296836 + (63.67722178127901 * (-2.8621521711176414 + (1.2806049982629268 * x_1))))))))**3)))),8.817933559417725,,200
1029_LEV,ok,4,BFGS,3.089888177332245e-05,0.9707578899467244,72,(1.7399005355417956 + (1.4325978857390607 * ((((0.006069718159042073 * (-1.3537592065395143 + (0.7317617332646023 * x_0))) - (0.17562185674241854 + (-3.3710370449780274 * inv((0.00779521205695366 + (-86.99995978274998 * sqrt((6.939749704260359 + (0.008367691980129485 * inv(((0.8250849942297475 + (0.7048916952764819 * (-1.338219395737549 + (0.6915862510271571 * x_2)))) - (-0.3270849942297478 + (-0.043696291136981924 * (-1.490881128154221 + (0.7665198602335326 * x_1))))))))))))))) + (0.23147814325675167 + (0.00012219993116013156 * sin((0.9803144020561922 + (-0.39497181535519016 * abs((8.302406082042905 + (4.970143134913783 * ((-0.03870197069472107 + (-74.94524563323881 * (-1.3777422408758337 + (0.721331016165358 * x_3)))))**2))))))))))**3)),5.140233516693115,,200
1030_ERA,ok,4,BFGS,8.901383252712947e-08,2.0073302272744984,73,(((5.340730850192745 * sqrt((0.2650618085844022 + (0.06326229693864895 * abs(((15.602392214606526 + (24.30031057688449 * sin((0.19750555471499104 + (-1.775251610451698 + (0.26918144207000727 * x_2)))))) * (-6.431327207669511e-09 + (-7.095740279638365e-08 * cos((-0.0031274647708900848 + (-70.45023089620045 * (-1.6821592654348876 + (0.2229502008528678 * x_0))))))))))))) * (1.5226797985726488 + (3.120526318733496e-08 * (-1.4098777764544617 + (0.21377979931075994 * x_3))))) + (0.1381930282201214 + (3.0193589873967824e-09 * abs(((-0.00031735587644768424 + (-83.5078372657887 * sin((9.558104164227217 * (-1.6821592654348876 + (0.2229502008528678 * x_0)))))) + (46.40175264412356 + (29.59889542302835 * (-1.8026202153614108 + (0.2599308169230585 * x_1))))))))),4.778510332107544,,200
1096_FacultySalaries,ok,4,NoRef,0.7113622873362258,2.4559532680397584,72,((-9.11 + (-0.0713 * (-0.5619514869490163 + (2.341464528954235 * x_0)))) * (((-3.86 + (-0.00536 * (-9.112288776127002 + (0.17718880655098507 * x_3)))) + (-0.595 + (0.0279 * (-0.5619514869490163 + (2.341464528954235 * x_0))))) - ((((-0.016300000000000002 + (-8.427043203926056 + (0.14480699704232594 * x_1))) - (-2.9 + (-0.0073999999999999995 * (-0.5619514869490163 + (2.341464528954235 * x_0))))) * (0.33 + (0.09400000000000001 * sin((0.0323 + (72.60000000000001 * (-7.346234106637792 + (0.09939270487749849 * x_2)))))))) + (-0.736 + (0.08900000000000001 * (-9.112288776127002 + (0.17718880655098507 * x_3))))))),5.453310966491699,,50
1193_BNG_lowbwt,ok,9,NoRef,0.2764258243991381,616.3371083823685,123,((((exp((0.788 + (-0.609 * exp((-46.5 + (68.3 * (-2.1712405933672376 + (2.631806779839076 * x_7)))))))) - ((-0.67 + (0.00666 * (-4.7670358854990456 + (0.20452064575820186 * x_1)))) + (-53.7 + (-76.8 * cos(((-0.0056 + (80.60000000000001 * (-0.8422598823413764 + (2.029541885159943 * x_4)))) - ((0.00496 + (0.00994 * (-0.7018100265975371 + (2.126697050295567 * x_0)))) * (44.6 + (-5.25 * (-1.7565107319733801 + (1.3459852352286439 * x_3))))))))))) * (10.8 + (-4.98 * (-0.7018100265975371 + (2.126697050295567 * x_0))))) + (0.053000000000000005 + (-0.0035099999999999997 * (-0.2412489548185819 + (4.386344633065126 * x_6))))) + (((-0.367 + (-0.8422598823413764 + (2.029541885159943 * x_4))) - ((0.020700000000000003 + (6.69 * cos((-6.95 + (-0.09090000000000001 * (-4.341145088689214 + (0.03261568031203464 * x_2))))))) - (57.2 + (0.06910000000000001 * (-0.4860799579773197 + (1.7055437122011219 * x_5)))))) * (45.800000000000004 + (0.0859 * (-0.9231403599700084 + (0.7474820728502092 * x_8)))))),9.988626718521118,,200
1196_BNG_pharynx,ok,10,BFGS,0.08257014064516299,366.90990938252895,118,(((-9.659998625028804 * (-1.3184242770282357 + (1.2437964877624863 * x_6))) - (0.012300070394524418 + (-9.69939797202956 * abs((((0.002076857921082802 + (-1.020204061220407 + (2.000400120040014 * x_2))) - (-0.25214685792108277 + (-6.7591591717117305 * (-0.5927489783638191 + (2.279803762937766 * x_9))))) * ((0.06640136765245026 + (0.8038703018558944 * (-0.4676211227230167 + (1.585156348213616 * x_5)))) - (9.86969863234755 + (-83.8999668556497 * inv((((0.3692302233833885 * (-5.275654998591812 + (0.08600904883651646 * x_4))) + (-0.05087042749946161 + (-0.0027307972715534365 * (-1.3184242770282357 + (1.2437964877624863 * x_6))))) + ((-1.2208704274994617 + (78.3000204682005 * sin(((-0.13003430670537539 + (-0.04845477969410892 * (-1.6870547845739468 + (2.279803762937766 * x_1)))) + ((3.066261723237306 + (0.3567809572598432 * (-1.4913495697629222 + (1.021472308056796 * x_8)))) * (2.1567018878238597 + (-4.4111137727142875 * (-0.9685432901733048 + (1.0249135345749258 * x_7))))))))) - (-0.001499572500538398 + (-0.008654126832018166 * (-1.3193830297679 + (0.5890102811463838 * x_0))))))))))))))) + (-6.930000070394524 + (5.900000387871945 * (-1.3076038098835963 + (1.5659925866869417 * x_3))))),14.852063179016113,,200
1199_BNG_echoMonths,ok,9,BFGS,7.611295856813083e-05,15.507043599978335,117,(23.040598739370722 + (0.0010780136337127863 * ((((0.21425978452368954 * (-1.7077351386697883 + (0.1433472945228545 * x_4))) - ((-2.0340419257026126 + (-80.61393179638674 * cos((34.76390072622022 + (0.09992044372847707 * inv((6.501406012085951 + (31.32947451292676 * cos((((-0.002505302141142037 + (-0.08520106661592956 * (-2.050416905868444 + (9.294535034379726 * x_3)))) * ((-6.006406335866691 + (-8.942463842924804 * (-2.7393118696321914 + (0.1834262746734647 * x_6)))) * ((-5.246548866712023 + (-6.795193583057301 * (-6.139712387609727 + (1.3064991268887023 * x_5)))) + (-0.8465482643061656 + (0.033017390370865894 * (-7.068403061162645 + (0.11366866615016445 * x_1))))))) - (-80.60871055818366 + (-8.130408997017293 * (-0.5850486126764433 + (2.29430828500566 * x_8)))))))))))))) - (0.012040128983642286 + (3.2272430652511943 * arctan((68.00125156978753 + (-2.690241738504313 * (-0.4525696378552518 + (2.66217434032501 * x_2))))))))) + ((-77.53795802798203 + (0.13565994114510005 * (-3.0702386426579005 + (2.0989423382322308 * x_7)))) + (1.485042856623423 + (-36.29644511395245 * inv((-0.25445634350223656 + (-0.00014975060749299114 * (-0.7018100265975372 + (2.1266970502955673 * x_0))))))))))**2)),12.140887260437012,,200
1201_BNG_breastTumor,ok,9,BFGS,2.2451190906380702e-09,10.594094581697009,108,((-5.194912324381913 + (-1.014575540594651e-09 * (-0.6081636405595373 + (2.2524579279982864 * x_7)))) * (-0.33390169114642565 + (-0.8072790391031993 * abs(((-1.069570841370073 + (2.0955913129221343e-09 * (-5.513793854744495 + (0.10828748668207969 * x_0)))) * ((5.138993118719968 + (-2.01649653435338e-08 * tan((-6.692596346372746 * (-0.5388159060803247 + (2.3947373603569986 * x_3)))))) + (((-3.2160371692793346 * (-1.061913167103641 + (2.0036097492521527 * x_5))) * (-0.04814588733400011 + (-0.28715998923127267 * sin((((90.67665276578566 + (-2.5409661024152723e-08 * (-1.2500406497455434 + (0.8064778385455118 * x_6)))) - (0.7683472342143557 + (-4.9448907848711245 * (-1.6200683918739798 + (1.270641875979592 * x_4))))) - (((-4.658555609018214e-09 * (-1.061913167103641 + (2.0036097492521527 * x_5))) - (-0.24134723421435528 + (-3.220233688934403e-09 * (-0.933007822647968 + (1.6963778593599417 * x_1))))) + (0.1786472342143555 + (4.685612977734428 * (-0.75 + (2.0833333333333335 * x_8)))))))))) + (-0.043206881280034026 + (-4.5889619061538946e-09 * (-0.749436783737264 + (0.22607444456629383 * x_2))))))))))),12.130027294158936,,200
1203_BNG_pwLinear,ok,10,NoRef,0.3068493903590559,3.6537053055789785,164,((0.0072699999999999996 + (-0.00021999999999999998 * (((-0.0699 + (-9.74 * (0.07462778926574919 + (1.2437964877624865 * x_6)))) - ((((-0.5910000000000001 * (0.10854662075011276 + (1.1425960078959239 * x_8))) * (0.747 + (0.00665 * (0.23480352857641618 + (1.2692082625752226 * x_1))))) + ((0.666 + (0.008289999999999999 * (-0.012127673025267264 + (1.2127673025267265 * x_2)))) + (-0.0097 + (2.39 * (-0.0689883074727411 + (1.1498051245456848 * x_7)))))) + (-0.661 + (5.76 * (0.103834826330233 + (1.2979353291279123 * x_9)))))))**2)) - (((0.0046 * (-0.032157832069216574 + (1.286313282768663 * x_4))) * (-90.7 + (-0.0171 * (-0.3106848830006 + (1.2427395320024 * x_5))))) + (((-7.11 * (-0.07017213284715496 + (1.0024590406736422 * x_0))) * ((-9.040000000000001 + (-0.8510000000000001 * tan(((-0.00435 + (0.041100000000000005 * (-0.018397292771819163 + (1.2264861847879442 * x_3)))) + (0.0023699999999999997 + (-0.8500000000000001 * (0.10854662075011276 + (1.1425960078959239 * x_8)))))))) * (0.0655 + (0.0015 * inv((-0.085 + (-0.00477 * (-0.018397292771819163 + (1.2264861847879442 * x_3))))))))) + (((0.277 + sin((-0.0296 + (-0.3106848830006 + (1.2427395320024 * x_5))))) * (0.743 + (-68.2 * sin((-0.229 + (-2.65 * (-0.07017213284715496 + (1.0024590406736422 * x_0)))))))) * (-0.0637 + (-0.00631 * (0.10854662075011276 + (1.1425960078959239 * x_8)))))))),14.105845212936401,,200
192_vineyard,ok,2,BFGS,0.0004113028004973929,4.351073035226901,67,(15.508433807464595 + (0.003009458279562298 * ((((-49.62656389999594 + (-4.169458226011473 + (0.431896071220312 * x_1))) * ((0.792267637983495 + (-0.0008101585723822444 * cos((77.92981548223155 + (67.27954359683217 * (-4.169458226011473 + (0.431896071220312 * x_1))))))) - (-0.7895176451041345 + (-0.42547605577466 * sqrt((67.11167556999553 + (-0.04703556488434617 * (-1.7076703227012184 + (0.5208144092695798 * x_0))))))))) * (-0.3702794434274983 + (-0.05302367537617939 * (((-0.8807122755910392 + (8.243516836045029e-05 * (-1.7076703227012184 + (0.5208144092695798 * x_0)))) - (0.8046122753924236 + (-0.0050874541160761035 * (-4.169458226011473 + (0.431896071220312 * x_1))))))**3))))**2)),5.565485000610352,,52
210_cloud,ok,5,NoRef,0.8376543171351756,0.4320045078728192,54,((1.2 + (0.6 * (-1.0570827394885711 + (0.7017329636726495 * x_2)))) + ((-0.01 + (0.5 * (-1.3542915032506988 + (1.1265769290074164 * x_3)))) + (-0.01 + (-0.15 * tan(((0.02 + (-9.0 * (-1.4231307757262779 + (0.9371836815758414 * x_1)))) + ((0.01 + (0.01 * (-1.0 + (2.0 * x_0)))) + (0.01 + (-0.01 * (-1.349156164026494 + (0.6152466562861073 * x_4))))))))))),6.880618333816528,,108
215_2dplanes,ok,10,NoRef,0.6575412691037044,2.722786015311866,125,(((-0.799 + (-1.84 * (-0.03114373299321498 + (1.2457493197285991 * x_6)))) * (-0.445 + (0.005059999999999999 * (-0.16290204253291504 + (1.2066817965401115 * x_3))))) - ((((-0.0018 + (-0.9440000000000001 * (-0.03138824102871723 + (1.2555296411486891 * x_1)))) - ((0.05790000000000001 + (1.84 * (0.07603639459945774 + (1.1697906861455036 * x_4)))) + (((-0.00577 + (0.02000400120040014 + (1.000200060020007 * x_0))) * (-0.445 + (-0.006229999999999999 * (-0.0 + (1.2038585308576921 * x_2))))) * (((0.192 * (0.047524845652175754 + (1.1881211413043937 * x_5))) * (5.63 + (-17.900000000000002 * cos((-0.6990000000000001 + (-92.2 * (-0.030001500112509377 + (1.200060004500375 * x_7)))))))) + (-9.09 + (1.59 * ((0.55 + (0.872 * (0.07603639459945774 + (1.1697906861455036 * x_4)))))**3)))))) - ((0.00026 + (-0.35600000000000004 * (-0.03138824102871723 + (1.2555296411486891 * x_1)))) * (-0.00482 + (-0.8200000000000001 * (0.02500781616401777 + (1.2503908082008883 * x_9)))))) - (0.00404 + (-0.129 * (-0.08057455696049687 + (1.2396085686230287 * x_8)))))),8.638306856155396,,200
218_house_8L,ok,8,NoRef,0.13062419640897138,37788.67688937508,122,((((((-0.5 + (-0.5750000000000001 * (-1.5037336233963396 + (3.0832213967881748 * x_7)))) - (0.07 + (-0.379 * (-1.2420794631854704 + (7.280171385208041 * x_5))))) - ((-0.61 + (-0.507 * (((-0.025800000000000003 + (61.800000000000004 * cos(((-5.45 + (1.0 * cos((-46.4 + (5.8100000000000005 * (-0.2735558448495786 + (0.00011731984031014947 * x_0))))))) - (-0.556 + (0.894 * (-0.4354479563349125 + (54.54681096758018 * x_1)))))))) - (6.8100000000000005 + (-0.006699999999999999 * (-0.3762519483828514 + (8.305362235129161 * x_4))))))**2)) * (-7.5200000000000005 + (-0.8200000000000001 * (-0.2735558448495786 + (0.00011731984031014947 * x_0)))))) * (-8.24 + (-0.676 * (-8.051727895827435 + (16.731591247493967 * x_2))))) + (((0.029500000000000002 * (-8.745399041277315 + (1.4579020752294582 * x_6))) + (-34.800000000000004 + (9.75 * (-7.96909359589554 + (11.183243963289556 * x_3))))) + (-0.505 + (-9.71 * (-8.745399041277315 + (1.4579020752294582 * x_6)))))) + (-0.08 + (-0.053500000000000006 * (-1.5037336233963396 + (3.0832213967881748 * x_7))))),11.31693720817566,,200
225_puma8NH,ok,8,BFGS,1.171811969680192e-08,5.62429594321574,111,(((-4.881135311076677e-08 * cos((-6.966577424555511 + (-0.06585661692848528 + (0.8959411617355382 * x_2))))) * (0.1344462285127242 + (-17.034860481595782 * sin((-28.981217704992225 + (0.2976568511327314 * (-0.07710723083161697 + (0.9234518833549156 * x_1)))))))) + (1.7470277378678887 + (-3.111360065445048e-08 * sin((((6.79446608033154 * arctan(((0.9088222044656931 + (0.36117910846142837 * (-0.031097369547192274 + (0.9193982774372316 * x_5)))) * (2.5246145553433057 + (0.25819935782062636 * (-0.07572364437013104 + (0.9138359759094098 * x_3))))))) * (-0.37142600141548165 + (-0.4913922448128377 * sin((0.01575270317342761 + (-0.19351059722148814 * (-0.0263697467348816 + (2.836613933023496 * x_7)))))))) + ((-0.23512498113672556 + (0.14800503904136264 * exp((-88.39999925422092 + (76.50000074220291 * sin(((-0.002212893394842015 + (5.560005352982917 * abs((2.480012001046135 * (-0.01549372006853783 + (0.9102782276193362 * x_0)))))) + (0.0007071066051579855 + (-0.8429992585684158 * (-0.09681685113891113 + (2.9689157921727203 * x_6))))))))))) + (-0.31916498113672254 + (35.37087510308651 * (-0.022023529833178766 + (0.8877592340102415 * x_4)))))))))),7.805959224700928,,200
228_elusage,ok,2,NoRef,0.6406469904833358,14.261076826537353,72,((8.86 + (0.00796 * cos((25.0 * (-1.588178110693536 + (0.281773535768208 * x_1)))))) + ((3.5 + (-1.6 * (-3.494368107086116 + (0.06492913712491094 * x_0)))) * ((-0.9670000000000001 + (0.00147 * inv((-0.016800000000000002 + (1.37 * (-1.588178110693536 + (0.281773535768208 * x_1))))))) - ((-0.00502 + (3.92 * (-3.494368107086116 + (0.06492913712491094 * x_0)))) - ((9.88 + (0.465 * (-3.494368107086116 + (0.06492913712491094 * x_0)))) - (0.8300000000000001 + (4.3100000000000005 * sin((-0.00487 + (-9.96 * (-1.588178110693536 + (0.281773535768208 * x_1)))))))))))),5.105364799499512,,55
229_pwLinear,ok,10,NoRef,0.6501988846840263,2.639894380909283,112,((0.04 + (-0.02 * cos(((-0.030000000000000002 + (0.9 * (0.1308442961026054 + (1.2461361533581465 * x_1)))) + (0.09000000000000001 + (9.0 * (-0.029787773436724965 + (1.1915109374689985 * x_7)))))))) * (((30.0 * (-0.0708881205008336 + (1.2888749181969743 * x_4))) + ((-0.01 + (20.0 * (0.13630961003872036 + (1.1853009568584378 * x_2)))) + ((-0.01 + (20.0 * (-0.12885860791431716 + (1.227224837279211 * x_5)))) + ((-0.01 + (20.0 * (0.024625761678892605 + (1.2312880839446303 * x_6)))) + ((-0.01 + (20.0 * (0.1308442961026054 + (1.2461361533581465 * x_1)))) + (-0.01 + (-70.0 * (-0.07017213284715496 + (1.0024590406736422 * x_0))))))))) + ((-0.01 + (0.01 * (0.047863877241182545 + (1.1965969310295634 * x_8)))) + ((-0.01 + (0.6 * (0.024260699053001707 + (1.2130349526500854 * x_3)))) + (-0.001 + (0.001 * (0.07877919836271194 + (1.2119876671186451 * x_9)))))))),10.920865297317505,,200
230_machine_cpu,ok,6,NoRef,0.7692102608452027,78.4297400484697,67,(6.0 + (0.7000000000000001 * abs((((0.9 + (-1.0157486231470525 + (8.41758769093056e-05 * x_2))) + (0.6 + (0.8 * (-0.6323138508124196 + (0.02430107036173788 * x_3))))) * ((70.0 + (20.0 * (-0.7539783429454673 + (0.00025457276565311854 * x_1)))) + (0.01 + (-9.0 * tan(((0.02 + (9.0 * (-0.7047263654341995 + (0.14485639577270287 * x_4)))) + ((0.01 + (0.01 * (-0.7169976175893781 + (0.03797656872825096 * x_5)))) + (0.060000000000000005 + (0.2 * (-0.7692023071461158 + (0.003791788953692772 * x_0)))))))))))))),10.217092990875244,,200
344_mv,ok,10,NoRef,0.9710116198409215,1.6312318200687344,147,((-0.3 + (0.00921 * (0.07176828705486599 + (1.6917112741967857 * x_4)))) - ((((0.07930000000000001 * inv(((-60.300000000000004 + (-9.11 * ((-0.0009699999999999999 + (0.397 * (8.731675768609247 + (0.6975312065809712 * x_1)))))**2)) - (-9.700000000000001 + (29.5 * sqrt(((68.1 + (-2.64 * (8.731675768609247 + (0.6975312065809712 * x_1)))) - (-0.00409 + (-3.93 * (1.3389884173455886 + (0.3190495684869531 * x_3))))))))))) * (((-1.79 + (-6.57 * (-0.7257530966188903 + (2.1036321641127254 * x_6)))) * (-0.47700000000000004 + (-0.015500000000000002 * (-19.94909374672912 + (0.018109774499670123 * x_9))))) - (0.002 + (0.792 * (-0.6964409092807232 + (1.5476464650682737 * x_2)))))) + ((((16.1 + (63.300000000000004 * (0.9175113942281458 + (0.09481017314613248 * x_5)))) + (-0.86 + (0.00599 * (-0.5619514869490163 + (2.341464528954235 * x_7))))) - (87.60000000000001 + (0.008879999999999999 * (-0.5619514869490163 + (2.341464528954235 * x_7))))) * (-0.08220000000000001 + (-0.05330000000000001 * arctan((2.66 + (-3.52 * (-0.5619514869490163 + (2.341464528954235 * x_7))))))))) - ((0.052700000000000004 + (0.00415 * (-2.4616167895905274 + (0.008477159847985765 * x_8)))) + (1.5 + (2.62 * (-0.08262425328176871 + (0.3485338209019501 * x_0))))))),7.766045808792114,,200
485_analcatdata_vehicle,ok,4,NoRef,0.22661100484369479,247.43711791277116,91,(0.0056 + (0.00582 * (((0.73 + (-0.0057399999999999994 * (-1.0 + (2.0 * x_1)))) * (((0.0142 + (-1.0 + (2.0 * x_2))) - ((-5.26 + (0.00129 * (-1.0 + (2.0 * x_1)))) + (((36.4 + inv((-0.060000000000000005 * (-1.0 + (2.0 * x_2))))) + (-5.67 + (-0.155 * (-1.0 + (2.0 * x_0))))) * (-0.23900000000000002 + (0.187 * cos((-0.7190000000000001 + (14.6 * (-1.0 + (2.0 * x_0)))))))))) * ((-24.6 + (-0.0529 * ((0.00502 * (-1.4638501094227998 + (0.5855400437691199 * x_3))))**2)) + (7.22 + (0.0921 * (-1.0 + (2.0 * x_1))))))))**2)),7.8885767459869385,,48
519_vinnie,ok,2,NoRef,0.6398355787659927,1.816502783256189,54,((-3.34 + (2.67 * (-3.050344651934337 + (0.22536717044213794 * x_1)))) - (-3.38 + (-3.7 * log((-0.521 + (1.3 * sqrt(((41.4 + (-0.5690000000000001 * (-3.050344651934337 + (0.22536717044213794 * x_1)))) * (0.00139 + (-0.883 * tan((-0.78 + (0.35800000000000004 * sin((0.0042 + (3.08 * sin((-59.4 + (7.87 * (-128.04990782468957 + (1.4940774496784266 * x_0))))))))))))))))))))),4.5991926193237305,,200
522_pm10,ok,7,BFGS,0.00011962959508693416,0.8713334936955317,129,(1.373923782858647 + (0.0014982423636864712 * sqrt((-0.031228222407458026 + (0.4536939742199029 * abs(((((((-0.003768557862991852 + (9.149196048537167 * (-7.079162907839687 + (0.987710095069961 * x_0)))) + (0.0026414421372213826 + (-0.006972744988824033 * (-1.7456009505041916 + (0.5312236624740025 * x_2))))) - (-1.357111442134613 + (1.3901245843936358 * inv((-2.269776964184237e-05 + (5.452117125103383e-09 * cos((0.24846388961755295 + (-0.865111764634237 * sin((((-0.0737110552680933 + (0.06995838325348343 * (-1.6816570543158895 + (0.011591759038935135 * x_4)))) + (-0.03431105526592056 + (4.530541337530451 * (-2.0008354353416413 + (0.15444503553389743 * x_5))))) - (6.574511055263284 + (-6.810541337530989 * (-2.0008354353416413 + (0.15444503553389743 * x_5))))))))))))))) * ((0.5842091178466611 + (-1.2249056959601454 * (-1.5591481867057306 + (0.005027969450348218 * x_6)))) - (-60.45220911783358 + (-1.2267143040304518 * (-1.5591481867057306 + (0.005027969450348218 * x_6)))))) + (-78.60000530915416 + (53.490298343832485 * ((-0.020395873981621952 + (-6.164916453880234 * sin((-0.20075179108296182 + (-96.51523214190829 * (-0.19671235889801858 + (0.1523720850826871 * x_1))))))))**2))) - (-0.08879469084591707 + (-0.061547808660031116 * ((0.03325497261070147 + (9.894914927305408 * (-0.12981253370068688 + (0.9947320404949649 * x_3)))))**3))))))))),9.109190464019775,,200
523_analcatdata_neavote,ok,2,NoRef,0.9391624558387932,0.97377528121956,69,(-0.321 + (1.41 * abs(((0.792 + (0.628 * inv((5.4 + (4.48 * inv((-1.0 + (-2.2800000000000002 * cos(((-18.3 + (0.908 * (-1.1000004629242885 + (1.0091747366277877 * x_0)))) * ((-2.97 + (-0.0926 * (-32.42453434284643 + (3.268602252303068 * x_1)))) + (-0.558 + (0.0683 * inv((0.335 + (-0.24700000000000003 * sqrt((3.74 + (-0.00349 * (-1.1000004629242885 + (1.0091747366277877 * x_0))))))))))))))))))))) * (2.94 + (-4.83 * (-1.1000004629242885 + (1.0091747366277877 * x_0)))))))),3.9364678859710693,,100
529_pollen,ok,4,NoRef,0.6275358008947507,2.0630640399992637,54,((-0.11 + (-4.65 * (0.13411228300539055 + (0.09366364070564696 * x_3)))) + ((0.0009 + (-6.01 * (-0.14240534481180597 + (0.1466357845322108 * x_0)))) + ((0.09820000000000001 + (1.8 * cos(((98.60000000000001 + (4.39 * (-0.030628056605373096 + (0.1278483556294714 * x_2)))) * (0.006189999999999999 + (6.05 * (-0.030628056605373096 + (0.1278483556294714 * x_2)))))))) + (0.09250000000000001 + (0.67 * (0.008717172475124766 + (0.20153683119485272 * x_1))))))),6.8163230419158936,,200
537_houses,ok,8,NoRef,0.45160088761132255,74120.2306865972,105,((38.2 + (-55.300000000000004 * (((0.596 + (1.95 * arctan(((-0.0854 + (-1.17 * (-1.516023044552607 + (0.4819862123055841 * x_0)))) - (((-35.6 + (-1.2807665932048524 + (0.0031092227789157063 * x_5))) - (4.23 + (65.6 * inv((-8.2 + (-7.54 * (-1.2904738757872565 + (0.0029224672776394607 * x_3)))))))) * ((0.00402 + (0.00405 * (4732.105772728812 + (38.70787762899494 * x_7)))) * (-5.96 + (7.17 * (-1.616400063304611 + (0.0017131956155851734 * x_4)))))))))) - ((-0.00327 + (1.55 * sin((84.60000000000001 * (-1931.3382469098758 + (51.06894768888684 * x_6)))))) + ((-0.00426 + (0.616 * (-1.5066316366506536 + (0.0007951087204436459 * x_2)))) - (-14.5 + (0.009899999999999999 * (-4.071076517823106 + (0.09225190387090654 * x_1))))))))**3)) + (6.2700000000000005 + (-3.7600000000000002 * (-1.616400063304611 + (0.0017131956155851734 * x_4))))),11.282999992370605,,200
547_no2,ok,7,BFGS,2.355214242166781e-05,0.7378302644279412,157,((-0.22229060580365767 + (3.56789587874189 * cos(((0.0004851235679456138 + (-0.00671450463743093 * cos((-0.2954797702691216 + (6.4798774008599365 * (-6.654222247738914 + (0.9476037076783185 * x_0))))))) - (((((-0.005164612967235058 * inv(((0.23997384026001398 + (-5.459979193684016 * (-0.16485779278081106 + (0.16091536708568774 * x_1)))) + (-46.40002615974003 + (63.299983036987314 * (-1.5089883784697682 + (0.0049762181060208684 * x_6))))))) * (-0.24592589766382397 + (0.024922284303746687 * (-1.8397826257177994 + (0.14854926327959622 * x_5))))) + (3.6428725615201074 + (0.06890108189626061 * (-1.593513108814246 + (0.5093537168700765 * x_2))))) * (-0.06936498035966782 + (-0.00020126668362743132 * (-1.664176255098275 + (0.011106799904836887 * x_4))))) - (-0.25227487643205493 + (-0.4670000005791096 * ((0.0031301788263664036 + (-0.0007303383263621942 * inv((17.200000000065 + (-61.19999999997766 * (-0.1634556815138494 + (0.9729504782544822 * x_3))))))))**3))))))) + (0.3110093941963422 + (6.515553457933081e-06 * arctan((((0.031855455526274924 + (-0.01722625431793362 * (-6.654222247738914 + (0.9476037076783185 * x_0)))) + (0.935355455526275 + (-66.29922625431797 * (-6.654222247738914 + (0.9476037076783185 * x_0))))) - ((0.6379333994713509 + (-0.0878644367188953 * cos((0.6695658854287082 + (-4.511013277981985 * inv((-0.5398049683373733 + (0.013241549932135131 * (-1.8397826257177994 + (0.14854926327959622 * x_5)))))))))) * ((-28.80075553382052 + (85.90008987365329 * (-0.1634556815138494 + (0.9729504782544822 * x_3)))) - (0.00929553382051675 + (89.30020564273012 * (-0.16485779278081106 + (0.16091536708568774 * x_1))))))))))),7.857736349105835,,200
556_analcatdata_apnea2,ok,3,BFGS,7.014117053838476e-08,3064.538624536551,60,(874.9995602438064 + (92.92097970741965 * ((0.022604407360304425 + (0.021332535320309643 * inv((-0.723856399787695 + (-0.0009554422364761103 * (((-0.13218379062575938 + (-203.5747863233958 * exp((((-1.414213562373095 + (0.7071067811865475 * x_0)) * (11.161661686677055 + (-17.93352055533451 * cos((-1.6429045079668196 + (-65.11192462678144 * (-1.414213562373095 + (0.7071067811865475 * x_1)))))))) * (-0.8386741382763642 + (1.998902162236759 * (-1.414213562373095 + (0.7071067811865475 * x_1)))))))) + (-5.65618379029748 + (-0.1482510004738262 * (-1.9639610121239315 + (0.4364357804719848 * x_2))))))**3))))))**3)),8.785207033157349,,200
557_analcatdata_apnea1,ok,3,BFGS,0.3692402601626539,2455.6011239824957,59,(-0.06300815320236411 + (0.7560816605701935 * sqrt((24.8000022986459 + (0.010876107627259546 * exp(((0.012150340707635637 + (0.07330609185756742 * inv((-2.7999403339383067 + (0.07070276307550939 * (-1.9639610121239315 + (0.4364357804719848 * x_2))))))) - (-0.018980340588952108 + (24.02765188661204 * cos((0.6191360505366768 + (-36.311455647412686 * (((-0.006296611182047338 + (46.692601796900085 * (-1.414213562373095 + (0.7071067811865475 * x_0)))) + (0.0017633889219056849 + (-79.70566304226999 * sin((-0.05388944264673164 + (-0.13470375452077046 * (-1.414213562373095 + (0.7071067811865475 * x_1)))))))))**2)))))))))))),6.832183599472046,,200
561_cpu,ok,7,NoRef,0.9962148473632711,9.668290921393929,112,(0.061000000000000006 + (0.00233 * (((((-24.0 * (-0.7539783429454673 + (0.00025457276565311854 * x_2))) + (((0.598 + (-9.88 * exp((0.02 + (-0.00083 * (-2.133033539448027 + (0.13828418408090937 * x_0))))))) - (99.3 + (0.9500000000000001 * (-0.7169976175893781 + (0.03797656872825096 * x_6))))) - ((6.13 + (-0.894 * (-1.0157486231470525 + (8.41758769093056e-05 * x_3)))) + ((0.215 + (1.7 * inv(((0.04190000000000001 + (0.652 * (-0.7692023071461158 + (0.003791788953692772 * x_1)))) - (-0.542 + (0.0105 * (-0.7047263654341995 + (0.14485639577270287 * x_5)))))))) * (0.874 + (1.54 * (-0.7169976175893781 + (0.03797656872825096 * x_6)))))))) + (-0.07 + (-25.900000000000002 * (-0.6323138508124196 + (0.02430107036173788 * x_4))))) - ((0.054900000000000004 + (3.87 * (-0.7047263654341995 + (0.14485639577270287 * x_5)))) + (58.1 + (57.5 * (-1.0157486231470525 + (8.41758769093056e-05 * x_3)))))))**2)),9.230100154876709,,200
564_fried,ok,10,NoRef,0.6889395813274082,2.7476895552408847,166,((-45.5 + (-0.025 * inv((96.3 * (-1.9240942347694134 + (3.69350448997641 * x_9)))))) + ((((0.00835 + (-0.21000000000000002 * abs(((-9.72 + (16.8 * (-1.773506662490512 + (3.508247186303262 * x_0)))) - (((0.49000000000000005 + (-1.607933134680659 + (3.167467366535192 * x_8))) - (((-0.2 + (-0.041 * (-1.720003460115014 + (3.637178355927193 * x_5)))) + (-88.9 + (-0.014 * (-1.8698296358353992 + (3.6196322750179175 * x_6))))) - (-0.0086 + (3.41 * cos((-34.4 + (9.89 * (-1.796837581375697 + (3.5565800417739046 * x_7))))))))) * (-0.0007 + (0.10600000000000001 * ((0.00843 + (-0.017 * (-1.720003460115014 + (3.637178355927193 * x_5)))))**2))))))) - (-75.7 + (0.75 * (-1.6828104573254623 + (3.7222908179660887 * x_2))))) - (((-0.00756 + (-30.0 * abs((-0.00134 + (0.09910000000000001 * (-1.6828104573254623 + (3.7222908179660887 * x_2))))))) - (-0.00437 + (0.759 * (-1.7104407863161182 + (3.5565645061896443 * x_4))))) - (((98.5 * ((0.00225 * (-1.962363239855984 + (3.5856659102912434 * x_1))))**3) + (-0.117 + (-0.06820000000000001 * ((0.0639 + (-4.41 * (-1.962363239855984 + (3.5856659102912434 * x_1)))))**2))) + (-12.4 + (-0.0059499999999999996 * (-1.9240942347694134 + (3.69350448997641 * x_9))))))) + (-0.0066 + (3.3000000000000003 * (-1.7072590503875993 + (3.406682733645306 * x_3)))))),8.483386993408203,,200
579_fri_c0_250_5,ok,5,NoRef,0.5280363094365635,0.6770298160882229,59,((-1.0 + (0.3 * (0.005461379359663086 + (0.9984585108671526 * x_4)))) + ((0.1 + (0.6 * (-0.06946253611908115 + (1.0023314177985747 * x_3)))) + (0.02 + (1.5 * sin(((0.7000000000000001 + (0.8 * (-0.02274143198027288 + (1.0121437364720292 * x_1)))) + ((0.1 + (0.7000000000000001 * (-0.013457740978846304 + (0.9847731451468804 * x_0)))) + (-0.060000000000000005 + (0.006999999999999999 * ((0.01 + (-7.8 * (0.002356872848593581 + (1.0237945973760811 * x_2)))))**2))))))))),5.4515745639801025,,200
591_fri_c1_100_10,ok,10,NoRef,0.4966436682724188,0.705919799916643,112,((-0.1 + (1.2 * sin((-1.6 * (-3.2198895784854976e-09 + (1.00503782205916 * x_1)))))) + ((0.01 + (0.5 * (2.134112838164798e-09 + (1.0050378109985483 * x_3)))) + (-0.01 + (-0.6 * sin(((0.006 + (0.3 * (-6.294696838797298e-10 + (1.0050378125173551 * x_2)))) + ((0.02 + (0.02 * (5.279121260744071e-09 + (1.0050378172397734 * x_8)))) + ((0.02 + (0.02 * (-2.2838751521040537e-09 + (1.0050378162329852 * x_5)))) + ((0.002 + (0.02 * (-6.364898005776579e-10 + (1.0050378226906627 * x_9)))) + ((0.002 + (2.0 * (2.8080432239977528e-09 + (1.0050378175357129 * x_0)))) + (-0.3 + (-0.001 * inv(((0.02 + (0.02 * (-2.3025954316862416e-09 + (1.0050378109487454 * x_7)))) + ((0.060000000000000005 + (0.060000000000000005 * (1.020255702066691e-09 + (1.005037815122467 * x_4)))) + (0.02 + (-0.01 * (-9.126140610221942e-10 + (1.0050378224669032 * x_6))))))))))))))))))),7.80680775642395,,100
593_fri_c1_1000_10,ok,10,NoRef,0.3585121404129714,0.7941945134452559,149,((-0.9890000000000001 + (0.9560000000000001 * sin((-1.92 * (-0.031232891696203968 + (1.0079763143256126 * x_0)))))) + (((54.800000000000004 + (0.8420000000000001 * (0.04860705755687076 + (0.9906127943356936 * x_9)))) * (0.0158 + (0.00588 * (-0.10952305202408649 + (0.9907329152448134 * x_3))))) - (((-2.7800000000000002 + inv(((((-68.0 * (-0.16354271824973488 + (0.9842858800610822 * x_2))) * (-0.0741 + (0.778 * (0.01280861499107831 + (0.9931663952687514 * x_6))))) + (0.5900000000000001 + (0.00327 * (0.050220707802833754 + (1.0091533137436086 * x_8))))) + ((-0.47800000000000004 + (-0.0599 * (-0.031232891696203968 + (1.0079763143256126 * x_0)))) - ((((-39.5 + arctan((-0.0029 + (0.009250498393228406 + (1.0116206136929107 * x_7))))) * (-9.59 + (82.5 * (-0.1223375680664318 + (1.011933155780458 * x_4))))) * ((2.93 + (-2.94 * (0.01810045940385405 + (1.0151432151143167 * x_5)))) - (6.68 + (-1.81 * (-0.031232891696203968 + (1.0079763143256126 * x_0)))))) * (-0.91 + (-0.0040999999999999995 * (0.050220707802833754 + (1.0091533137436086 * x_8))))))))) + (2.11 + (-12.200000000000001 * sin((0.09640000000000001 + (2.0300000000000002 * (0.03184790765809063 + (1.0100220814643854 * x_1)))))))) * (-0.08310000000000001 + (-0.00639 * (0.050220707802833754 + (1.0091533137436086 * x_8))))))),8.451197385787964,,200
594_fri_c2_100_5,ok,5,NoRef,0.000834963626199503,0.9945719529151827,97,(((0.9500000000000001 * (2.3236557527311636e-09 + (1.0050378111926093 * x_4))) * ((-0.021900000000000003 + (0.0205 * (-5.056086547415916e-09 + (1.0050378116639687 * x_3)))) + (0.006849999999999999 + (-0.55 * (-2.5740396230235096e-09 + (1.0050378181358313 * x_0)))))) + ((-0.011200000000000002 + (0.2 * (-5.056086547415916e-09 + (1.0050378116639687 * x_3)))) - ((0.299 + (0.384 * (2.8870194710416236e-09 + (1.0050378286556427 * x_2)))) - (3.21 + (-2.73 * sqrt((0.0811 + (0.00993 * abs((((39.4 + (93.0 * (1.4789027717446586e-09 + (1.005037819531248 * x_1)))) - ((-0.0025299999999999997 + (-65.5 * (-2.5740396230235096e-09 + (1.0050378181358313 * x_0)))) - (0.00949 + (-0.00911 * (-5.056086547415916e-09 + (1.0050378116639687 * x_3)))))) - (-0.00347 + (-0.037000000000000005 * (-5.056086547415916e-09 + (1.0050378116639687 * x_3)))))))))))))),5.449463129043579,,100
595_fri_c0_1000_10,ok,10,NoRef,0.5269011120920959,0.7262272417226772,125,((0.605 + (0.27 * (0.023677204900816835 + (1.0365983191687715 * x_4)))) + (((0.49100000000000005 * (-0.1211406374101396 + (1.023594826503582 * x_3))) + (-0.669 + (0.8470000000000001 * cos(((((0.00014 + (-0.603 * (-0.06702131565911112 + (0.9599333061403312 * x_1)))) - ((0.00462 + (0.653 * (0.02614878476186862 + (1.0238590584883367 * x_2)))) * (0.65 + (0.0039299999999999995 * (0.011813355667839568 + (0.9979701604705712 * x_8)))))) - (2.95 + (-77.8 * arctan((0.09110000000000001 + (-0.00972 * (0.08331357934160229 + (1.0244910011465165 * x_0)))))))) + (((-0.0053 + (-4.26 * abs((0.188 * (0.02614878476186862 + (1.0238590584883367 * x_2)))))) + ((3.4 + (-0.044700000000000004 * (-0.010207914156323272 + (0.9840604732257373 * x_9)))) + (-0.188 + (0.00528 * (-0.018095961115013614 + (1.0387664339348464 * x_5)))))) - (56.5 + (-0.48400000000000004 * inv((-59.300000000000004 + (-0.728 * (0.0710289511872284 + (0.9995744991233574 * x_7))))))))))))) + (-0.0039299999999999995 + (0.00558 * (-0.04354630810283682 + (1.0225112857000962 * x_6)))))),7.382593393325806,,200
596_fri_c2_250_5,ok,5,NoRef,0.07293087405337995,0.9743681829852864,105,((((-0.731 * (-0.03982219788825426 + (0.9780391196646281 * x_4))) - ((-0.18100000000000002 + (-0.0033699999999999997 * (-0.03327251323989341 + (0.9795882248533074 * x_2)))) + (0.00502 + (-4.71 * sin(((-0.00163 + (47.6 * inv((-35.5 + (17.400000000000002 * (-0.00836934259429335 + (0.9826060373461664 * x_0))))))) - (((0.13 * (-0.03327251323989341 + (0.9795882248533074 * x_2))) - (-87.10000000000001 + (1.93 * (-0.05566958792821793 + (1.0085802753375575 * x_1))))) + (-0.00406 + (-1.08 * (-0.00836934259429335 + (0.9826060373461664 * x_0))))))))))) + ((0.48900000000000005 + (0.434 * (-0.03327251323989341 + (0.9795882248533074 * x_2)))) * ((-3.3000000000000003 + (0.08130000000000001 * (-0.03982219788825426 + (0.9780391196646281 * x_4)))) * (-0.0014 + (0.47400000000000003 * (0.030239726957857333 + (1.0089704881333104 * x_3))))))) * (-0.323 + (0.0097 * (-0.00836934259429335 + (0.9826060373461664 * x_0))))),7.229340076446533,,200
597_fri_c2_500_5,ok,5,NoRef,0.31894740158623025,0.8226111998188158,54,((-0.2 + (0.3 * (0.051318081308249455 + (1.014644489729816 * x_3)))) + ((-0.01 + (1.5 * sin(((-0.2 + (0.6 * (0.06629972590880558 + (1.0075976137302378 * x_1)))) * (-3.0 + (-2.0 * (0.05371846994181401 + (0.9861750482670715 * x_0)))))))) + ((0.030000000000000002 + (-0.05 * (0.10122870033412179 + (1.0080699070194354 * x_2)))) * (8.0 + (6.0 * (-0.002414032778585222 + (0.9938074619432425 * x_4))))))),5.738708734512329,,200
599_fri_c2_1000_5,ok,5,NoRef,0.24230667135567518,0.8729426131584742,97,((0.117 + (0.023200000000000002 * (-0.037314603346356716 + (1.0738698362097465 * x_0)))) * ((0.0005 + (2.54 * (0.10153935051992874 + (1.044491792439849 * x_4)))) - ((0.77 + (-4.3 * (-0.0758845730996851 + (1.0498897117688875 * x_3)))) - ((-0.07780000000000001 + (9.700000000000001 * cos(((6.390000000000001 + (0.00365 * (0.009574705784042063 + (1.0477984342708666 * x_1)))) + ((2.89 + (-0.873 * inv((-0.8170000000000001 + (-0.0758845730996851 + (1.0498897117688875 * x_3)))))) * ((0.0096 + (0.0019099999999999998 * (-0.0758845730996851 + (1.0498897117688875 * x_3)))) * ((-36.0 + (-46.7 * (0.009574705784042063 + (1.0477984342708666 * x_1)))) + (0.666 + (-36.4 * (-0.037314603346356716 + (1.0738698362097465 * x_0))))))))))) - (-0.008 + (3.44 * (-0.0602307402531005 + (1.0089516501853955 * x_2)))))))),5.674215078353882,,200
601_fri_c1_250_5,ok,5,NoRef,0.3901768728832995,0.7819838745199955,67,((0.138 + (-1.47 * sin((((-0.00865 + (-0.010397483526896342 + (0.9882031183917349 * x_1))) + (-0.369 + (0.79 * (-0.018291418326324048 + (0.9901403382934644 * x_0))))) * (1.6500000000000001 + (0.5820000000000001 * (-0.01749150210176107 + (1.0090791592880441 * x_2)))))))) - ((-0.00141 + (-0.524 * (0.02676101383347822 + (1.0066664369813325 * x_3)))) - (0.00308 + (-0.17800000000000002 * arctan(((8.51 + (-55.0 * (-0.005668177014427033 + (0.9847510525456011 * x_4)))) + (-7.91 + (-0.0713 * (-0.01749150210176107 + (1.0090791592880441 * x_2)))))))))),5.422427415847778,,200
602_fri_c3_250_10,ok,10,NoRef,0.020482029042254823,0.980844570781101,112,((-0.3 + (0.3 * (-0.038189884319498046 + (1.0024011477798893 * x_3)))) + (((0.02 * (-0.017542067075762977 + (1.005717915331683 * x_2))) * (-14.0 + (9.9 * (0.001312719251571377 + (1.0174709357351936 * x_4))))) + (-0.01 + (1.4000000000000001 * sin(((0.02 + (0.013000000000000001 * (0.027897516398397815 + (0.998073099323104 * x_0)))) * ((40.0 + (-70.0 * (0.027897516398397815 + (0.998073099323104 * x_0)))) - ((0.01 + (70.0 * (-0.006149085570662245 + (1.0063481202601992 * x_1)))) + ((0.01 + (0.001 * (0.0029420221446642856 + (1.008712998834323 * x_8)))) + ((0.01 + (0.001 * (-0.02871010083073984 + (1.0068245035869283 * x_5)))) + ((0.01 + (0.01 * (0.008084737233740273 + (0.9964088169567006 * x_7)))) + ((0.01 + (0.02 * (0.03500154593767501 + (1.0064758978864055 * x_6)))) + (0.001 + (0.3 * (0.008753852211365022 + (1.020618930622776 * x_9)))))))))))))))),8.335673570632935,,200
604_fri_c4_500_10,ok,10,NoRef,0.7168720910081865,0.5606481386148617,114,((-0.3 + (0.36000000000000004 * (-0.1348550604363206 + (1.0036996856535505 * x_3)))) + ((0.02 + (0.006 * (-0.0022548934118654575 + (0.9992501517389518 * x_0)))) * ((0.3 + (64.0 * sin(((0.7000000000000001 + (-2.0 * (-0.026510329997847516 + (1.0228802703832585 * x_1)))) + (0.01 + (-1.1 * (-0.0022548934118654575 + (0.9992501517389518 * x_0)))))))) + ((0.001 + (0.1 * (-0.08584083487448184 + (0.9845918227850837 * x_2)))) * ((-0.08 + (90.0 * (-0.0473754174576671 + (1.0002900627489233 * x_4)))) + ((-0.8 + (0.060000000000000005 * (0.05150804270771723 + (1.015585618193334 * x_8)))) + ((-0.8 + (0.060000000000000005 * (0.10561760327369846 + (1.007417081890443 * x_7)))) + ((-0.8 + (-0.01 * (0.05960242929231957 + (1.0280165339330751 * x_5)))) + ((-0.8 + (-0.001 * (-0.009791979417298036 + (0.9929225967655008 * x_6)))) + (-80.0 + (-0.001 * (0.043020700170883344 + (1.0416572769407797 * x_9))))))))))))),8.71130895614624,,200
606_fri_c2_1000_10,ok,10,NoRef,0.7297021638702226,0.530783473151424,112,((0.015000000000000001 + (0.004 * (-0.043264314038292014 + (1.0227224598746503 * x_0)))) * (((25.0 * (-0.03206380168427523 + (0.9877428384944221 * x_3))) + ((-9.0 + (-80.0 * sin(((-0.7000000000000001 + (1.8 * (-0.02308872793518898 + (1.0310028958909718 * x_1)))) + (0.030000000000000002 + (1.1 * (-0.043264314038292014 + (1.0227224598746503 * x_0)))))))) + (-0.01 + (-20.0 * (-0.05715499640265298 + (0.9507785937602312 * x_2)))))) + ((-0.01 + (10.0 * (0.04487244154167024 + (0.9667189833408681 * x_4)))) + ((-0.01 + (-0.2 * (-0.01060423110845112 + (1.0251295848097435 * x_8)))) + ((-0.01 + (-0.2 * (-0.04496677019937933 + (1.0191986288929233 * x_7)))) + ((-0.01 + (-3.0 * (-0.04765413568781236 + (0.9856253019329347 * x_6)))) + ((0.01 + (0.001 * (0.10809595603871229 + (1.0624136403325424 * x_5)))) * (0.060000000000000005 + (-0.02 * (-0.10240413058209644 + (0.9803959075788435 * x_9))))))))))),8.361015319824219,,200
608_fri_c3_1000_10,ok,10,NoRef,0.6135402979273965,0.6731842633701561,114,((-0.4 + (0.4 * (0.03929049529360136 + (1.0101045661619172 * x_3)))) + ((0.02 + (0.009 * (-0.11377932602934616 + (1.0194947829765149 * x_1)))) * ((0.6 + (60.0 * sin(((0.7000000000000001 + (-2.0 * (-0.11377932602934616 + (1.0194947829765149 * x_1)))) + (-0.3 + (-1.4000000000000001 * (-0.12080387897699611 + (1.046689364019702 * x_0)))))))) + ((0.001 + (-0.02 * (-0.07485137802023327 + (0.928236161918507 * x_4)))) * ((-0.02 + (-0.08 * (-0.024700608534952977 + (1.0178478008506844 * x_5)))) + ((-0.09000000000000001 + (-0.8 * (0.09997004958074049 + (0.9725437086252088 * x_8)))) + ((-0.09000000000000001 + (-0.08 * (0.025411185636871135 + (1.0085861129114744 * x_7)))) + ((0.9 + (0.6 * (-0.09009695051222572 + (0.9667130737789161 * x_2)))) * ((-0.09000000000000001 + (-0.08 * (0.0037480437197946344 + (1.0171997847210195 * x_6)))) + (-0.09000000000000001 + (-90.0 * (-0.06915440631011427 + (1.0059132552759904 * x_9))))))))))))),10.79042363166809,,200
609_fri_c0_1000_5,ok,5,NoRef,0.5541211076485189,0.6786726629309151,112,((((-0.457 + (-0.00292 * cos((0.0655 + (-0.057300000000000004 * (-0.026199140277906246 + (1.011143035371021 * x_2))))))) - ((5.59 + (7.16 * (-0.03328608761079923 + (0.9930031921598278 * x_0)))) * (-0.082 + (0.045000000000000005 * cos(((-0.009949999999999999 + (84.60000000000001 * (0.15003226178161752 + (1.0307127080102405 * x_3)))) + (0.521 + (0.767 * (0.15003226178161752 + (1.0307127080102405 * x_3)))))))))) - (((-0.47900000000000004 * (0.18580190968182023 + (0.9780250034598157 * x_4))) * (0.023700000000000002 + (0.07350000000000001 * abs((-0.301 + (11.700000000000001 * (-0.026199140277906246 + (1.011143035371021 * x_2)))))))) + ((0.00106 + (-0.42000000000000004 * (-0.056662208270947687 + (1.0093749014959992 * x_1)))) - (-0.0188 + (0.634 * (0.15003226178161752 + (1.0307127080102405 * x_3))))))) + (0.05 + (0.556 * cos((40.1 + (-1.11 * ((0.00299 + (1.08 * (-0.026199140277906246 + (1.011143035371021 * x_2)))))**2)))))),5.207995891571045,,200
611_fri_c3_100_5,ok,5,NoRef,0.818070986467966,0.4243933563875583,79,((0.030000000000000002 + (0.01 * (-5.485044449520766e-09 + (1.0050378211517923 * x_1)))) * ((-0.01 + (9.9 * (2.2651548670983395e-09 + (1.0050378215807587 * x_3)))) + ((-0.01 + (40.0 * sin(((-0.3 + (-1.8 * (-5.485044449520766e-09 + (1.0050378211517923 * x_1)))) + (0.1 + (-1.2 * (3.3696518741937506e-10 + (1.0050378176809236 * x_0)))))))) + (-9.0 + (9.0 * cos(((0.9 + (5.0 * (3.3696518741937506e-10 + (1.0050378176809236 * x_0)))) + ((0.9 + (-2.0 * (-1.4882628954172861e-09 + (1.0050378087527534 * x_4)))) + (0.01 + (0.1 * (7.488115246346441e-11 + (1.0050378153667796 * x_2)))))))))))),5.31594705581665,,100
612_fri_c1_1000_5,ok,5,NoRef,0.2978478194928009,0.8143706350542124,64,((0.001 + (0.4 * (-0.0455437593761508 + (0.9567051152908453 * x_3)))) + ((0.001 + (1.4000000000000001 * sin(((-0.2 + (-0.15 * (0.05379249346486988 + (0.9813329069621656 * x_1)))) * (-4.0 + (9.9 * (0.05379249346486988 + (0.9813329069621656 * x_1)))))))) + ((0.002 + (-0.004 * (0.02499164981509785 + (0.963922001685239 * x_2)))) * ((0.6 + (80.0 * (-0.1259509009120862 + (1.0224742268874492 * x_4)))) + (-0.01 + (-80.0 * (0.058764461739031826 + (0.9941862663105345 * x_0)))))))),6.2275636196136475,,200
613_fri_c3_250_5,ok,5,BFGS,0.017274438682500892,0.9716973298264657,133,(((0.004813995558878245 + ((-0.00868585356348407 + (0.00615154948082662 * arctan((2.0992908942509003 + (3.984441739876676 * (-0.00583196890049992 + (0.9920083120873421 * x_0))))))))**2) - (0.004886004445638746 + (-2.9220376323255776e-05 * (-0.028948889952718215 + (1.0093385016897576 * x_1))))) * ((((abs((((0.050976050063789614 + (17.72380093601967 * (-0.011035865820133607 + (1.0097221415593123 * x_2)))) - (-0.060706050109041114 + (-23.40417512230964 * inv((0.16730911951650274 + (-1.1916417039094833 * inv(((0.6220856071025039 + (0.26075429271220774 * (0.011376775246438027 + (0.9978400925361779 * x_3)))) + (-0.06511439308610528 + (1.350103714181255 * (-0.028948889952718215 + (1.0093385016897576 * x_1)))))))))))) - (0.8852939499306481 + (0.047031074015193894 * inv((-0.0014570240267552511 + (8.789956056424245 * arctan((-0.031111147435358564 + (-0.6065788007489037 * (-0.0023800517403783196 + (1.0247486200671985 * x_4)))))))))))) * (4.41938736388721 + (0.4986207997053926 * (-0.00583196890049992 + (0.9920083120873421 * x_0))))) + (-0.0772858071517939 + (70.82932999917637 * (-0.028948889952718215 + (1.0093385016897576 * x_1))))) - (0.0216858071245386 + (-45.37928597459218 * sin((7.39781440435172 + (-74.4386210730051 * (-0.00583196890049992 + (0.9920083120873421 * x_0)))))))) * (3.8502691592971527 + (0.5713579494954739 * (-0.011035865820133607 + (1.0097221415593123 * x_2)))))),9.873759269714355,,200
615_fri_c4_250_10,ok,10,NoRef,0.10178180142106219,0.9369414969003917,161,(((((0.030508266623949246 + (1.0184149844080637 * x_3)) + (-0.154 + (-0.68 * (0.030981082827633125 + (1.0037440958902806 * x_2))))) * (0.378 + (0.00581 * (0.05515174324685588 + (0.9881054953181548 * x_8))))) + (-0.06770000000000001 + (0.763 * cos((((((0.8510000000000001 * abs((1.49 + (-0.0756 * (0.05515174324685588 + (0.9881054953181548 * x_8)))))) - (-3.0300000000000002 + (-0.00618 * (0.008561553372822423 + (1.001972468388772 * x_1))))) + ((0.0069 + (0.056900000000000006 * inv(((34.2 + (6.8100000000000005 * (0.05515174324685588 + (0.9881054953181548 * x_8)))) + (0.0216 + (-9.53 * (-0.01918538936707431 + (0.9784295203960635 * x_9)))))))) - (((0.081 * (-0.027894848970115443 + (0.9944293071811292 * x_5))) + (-50.0 + (-0.23800000000000002 * (-0.01918538936707431 + (0.9784295203960635 * x_9))))) + (7.55 + (-0.00963 * (-0.004420436494283208 + (0.9982358793105901 * x_6))))))) - (0.00244 + (0.008029999999999999 * (-0.004420436494283208 + (0.9982358793105901 * x_6))))) + (((51.4 + (-2.1 * (0.008561553372822423 + (1.001972468388772 * x_1)))) + (-82.3 + (-0.07160000000000001 * (-0.04174225894742663 + (1.009234310176972 * x_7))))) - (54.0 + (0.801 * (0.018442320333777653 + (1.0043892364385394 * x_0)))))))))) + (-0.030000000000000002 + (-0.732 * cos((-0.00603 + (-3.6 * (0.016849843417703382 + (1.0050181313033926 * x_4)))))))),7.830771446228027,,200
617_fri_c3_500_5,ok,5,NoRef,0.11176946659382048,0.8990697831254971,63,((((sin((-2.5300000000000002 * (0.06884697124093933 + (1.0266038989481894 * x_1)))) + (0.0801 + (0.334 * (0.03177150349695045 + (1.0457474271073812 * x_3))))) * (0.921 + (0.00061 * (0.06189277847607138 + (1.0463141535655052 * x_0))))) - (-0.0028899999999999998 + (0.546 * (0.06583752182489036 + (1.0614816774443865 * x_2))))) + ((0.674 + (0.0427 * (0.03177150349695045 + (1.0457474271073812 * x_3)))) * (0.00769 + (-0.8580000000000001 * sin((61.4 + (-4.1 * (0.07378384716018162 + (1.066710481333945 * x_4))))))))),5.353440284729004,,200
621_fri_c0_100_10,ok,10,NoRef,0.45437568347113666,0.7349612674143639,100,(((0.5 * (2.316635645158825e-09 + (1.005037811384345 * x_3))) + (-0.1 + (0.5 * (3.369651839070239e-09 + (1.0050378086193497 * x_0))))) + ((0.1 + (0.4 * (1.4976230557380417e-10 + (1.0050378197078866 * x_1)))) + (((0.006 * (-5.503764690973492e-09 + (1.0050378132222737 * x_9))) * ((0.001 + (70.0 * (2.3868367447602294e-10 + (1.0050378172229721 * x_2)))) + (0.1 + (0.004 * (9.734549852333354e-10 + (1.0050378163751326 * x_8)))))) + (0.01 + (0.5 * sin(((0.02 + (0.9 * (3.5755750494243194e-09 + (1.0050378207899893 * x_7)))) + ((0.01 + (-0.9 * (5.607351256555068e-09 + (1.0050378092727088 * x_5)))) + ((0.006 + (0.9 * (8.330528184386568e-10 + (1.0050378147807428 * x_4)))) + (0.060000000000000005 + (0.08 * (-1.652504178821832e-09 + (1.005037812839098 * x_6))))))))))))),5.983747720718384,,100
623_fri_c4_1000_10,ok,10,NoRef,0.25231303813374095,0.7435646545124912,133,(((((65.7 + inv(((-25.5 + (-0.08800000000000001 * (0.13941561426198104 + (1.0104749796278643 * x_0)))) + ((((9.78 * (-0.11576764803778941 + (1.0044960092981252 * x_8))) - (-0.0328 + (-90.0 * (-0.05362121669788681 + (1.0618312288592786 * x_7))))) + (((0.055900000000000005 * (0.1293185428126426 + (1.1237869624512584 * x_4))) - (0.019200000000000002 + (0.0302 * (-0.05362121669788681 + (1.0618312288592786 * x_7))))) + (-0.65 + (-0.00735 * (-0.11576764803778941 + (1.0044960092981252 * x_8)))))) + ((8.27 + (-0.382 * (0.12525825913657282 + (0.980269270206672 * x_6)))) + (-0.053000000000000005 + (-2.49 * (0.02709331977686438 + (0.9998511943214848 * x_5))))))))) + ((-60.6 + (-0.0775 * (0.0736087982084613 + (0.9999677590618523 * x_9)))) * (90.8 + (-4.5600000000000005 * (0.14053229737994233 + (1.0823781329800635 * x_2)))))) * (-0.0093 + (-0.003909999999999999 * (0.13941561426198104 + (1.0104749796278643 * x_0))))) * (-0.011300000000000001 + (0.024700000000000003 * sin((0.884 + (-2.95 * (0.14278809094854045 + (1.0265951539192182 * x_1)))))))) - (-0.336 + (-0.35000000000000003 * (0.09947925414942209 + (1.0205751432371792 * x_3))))),8.828744649887085,,200
624_fri_c0_100_5,ok,5,NoRef,0.6867180670112343,0.5569103259698313,52,(((0.5 * (1.6052646991142874e-09 + (1.005037818082082 * x_3))) + (-1.0 + (0.3 * (-1.9656302458928866e-09 + (1.0050378110182856 * x_4))))) + ((1.0 + (0.5 * (4.24014525147764e-09 + (1.0050378137630331 * x_0)))) + ((0.01 + (0.5 * (-2.059231685602471e-10 + (1.0050378118806327 * x_1)))) + (0.1 + (0.7000000000000001 * cos((-9.200000000000001 + (2.2 * (-1.8252280771675934e-09 + (1.0050378081626472 * x_2)))))))))),3.666761636734009,,100
627_fri_c2_500_10,ok,10,NoRef,0.5720756496924455,0.6607627595231133,119,((-0.1 + (0.3 * (0.033341707614650384 + (0.9827162141673074 * x_3)))) + ((0.02 + (0.01 * (-0.013129577447021317 + (0.9990856847101941 * x_1)))) * ((0.1 + (70.0 * sin(((0.7000000000000001 + (-1.4000000000000001 * (-0.013129577447021317 + (0.9990856847101941 * x_1)))) + (0.01 + (-0.9 * (-0.03715904788242102 + (0.9873114643136044 * x_0)))))))) + ((0.6 + (7.0 * (0.03697216135961967 + (1.0049960573880736 * x_4)))) + ((0.6 + (-9.0 * (0.026683047888560293 + (0.9757203942515261 * x_2)))) + (6.0 + (-0.006 * inv(((0.060000000000000005 + (0.030000000000000002 * (0.089197355976 + (0.9914281091126119 * x_8)))) + ((0.060000000000000005 + (0.060000000000000005 * (-0.022952103075604885 + (0.9844216391496325 * x_5)))) + ((0.060000000000000005 + (0.060000000000000005 * (-0.05602650016378306 + (0.9823369513031974 * x_7)))) + ((0.060000000000000005 + (0.060000000000000005 * (-0.026586736692291005 + (0.9760546559365092 * x_9)))) + (0.060000000000000005 + (0.6 * (-0.036573688340500496 + (0.9921415214297146 * x_6)))))))))))))))),9.58504319190979,,200
628_fri_c3_1000_5,ok,5,NoRef,0.009760496510266115,0.9771228978899038,59,((-0.4 + (0.4 * (0.07995654940232406 + (1.0305655132338056 * x_3)))) + ((-0.01 + (-0.5 * (0.04665711240912954 + (1.1089028168055421 * x_2)))) + (-0.01 + (1.6 * sin(((0.2 + (0.2 * (-0.011951282734320523 + (1.0307417971714052 * x_1)))) * ((4.0 + (-6.0 * (-0.006538880888095933 + (1.0173482172539636 * x_0)))) + (-3.0 + (-2.0 * sin((-0.7000000000000001 + (4.4 * (0.04995802988010866 + (1.124767200659096 * x_4)))))))))))))),5.014469623565674,,200
631_fri_c1_500_5,ok,5,NoRef,0.5805775479625808,0.6694927111944667,77,(((0.666 + (0.056100000000000004 * (-0.056521872297880936 + (0.9717229773807777 * x_4)))) * (((0.645 * (0.011619934130194394 + (1.0130552558033206 * x_3))) + (0.662 + (-0.24200000000000002 * (0.011619934130194394 + (1.0130552558033206 * x_3))))) + (-0.007019999999999999 + (0.3 * (-0.056521872297880936 + (0.9717229773807777 * x_4)))))) - (0.899 + (-1.59 * cos(((-0.057600000000000005 + (-0.11900000000000001 * (0.051813494666047274 + (0.9930497282225305 * x_1)))) * ((-0.062400000000000004 + (-0.0746 * (0.06765066243771634 + (0.9954469854695703 * x_0)))) * (-2.09 + (86.60000000000001 * sqrt((2.69 + (-0.778 * (0.04936468118293561 + (1.0271014528879046 * x_2))))))))))))),6.44593071937561,,200
634_fri_c2_100_10,ok,10,NoRef,0.25354329729850633,0.8596465123348839,102,((0.02 + (0.009 * (-3.5942953176591e-09 + (1.0050378169186154 * x_1)))) * ((0.01 + (60.0 * sin((-2.0 * (-3.891699263916169e-09 + (1.005037812523656 * x_0)))))) + ((9.0 + (-0.01 * (-2.2277142980311373e-09 + (1.005037820890266 * x_8)))) + ((0.001 + (0.3 * (-2.040511411673613e-09 + (1.0050378188363487 * x_4)))) * ((0.030000000000000002 + (90.0 * (-6.053673205708496e-09 + (1.0050378214297475 * x_6)))) + ((0.003 + (0.01 * (1.3478607413557276e-09 + (1.0050378131397857 * x_5)))) + ((0.003 + (0.01 * (-4.972576454754833e-10 + (1.0050378191710638 * x_2)))) + ((0.003 + (0.001 * (2.620840332405153e-10 + (1.005037813903384 * x_7)))) + ((0.003 + (-0.001 * (8.096524631093754e-10 + (1.005037812430936 * x_3)))) + (0.02 + (0.01 * (-1.984350541638051e-09 + (1.0050378174665446 * x_9))))))))))))),5.587374210357666,,100
635_fri_c0_250_10,ok,10,NoRef,0.5498331317497234,0.6611058920333226,117,(((0.037000000000000005 + (0.3 * (0.05626701566663447 + (0.984972246146817 * x_4)))) + ((-0.00626 + (0.8550000000000001 * cos((0.9750000000000001 + (-1.31 * (0.0299533659358918 + (1.026432356260368 * x_1))))))) - (-0.5650000000000001 + (-0.008709999999999999 * (0.03710033285164021 + (0.9862754867919485 * x_2)))))) - (((-0.497 * (3.284185646600527e-05 + (1.0134618852695818 * x_3))) + (((6.99 + (0.09530000000000001 * (0.024595320138910946 + (1.0093932487757626 * x_5)))) * (-0.00069 + (-0.0698 * arctan(((0.00715 + (0.00667 * (0.044703616871696904 + (1.002732006634402 * x_7)))) + ((-0.0926 + (92.10000000000001 * (-0.0158002831059501 + (1.035825655276819 * x_0)))) - (0.736 + (-5.2700000000000005 * sqrt((9.44 + (0.030000000000000002 * inv((-9.450000000000001 + (4.07 * (0.023946984823668138 + (1.0075174426626203 * x_9)))))))))))))))) - (0.052000000000000005 + (0.015500000000000002 * (-0.029670791284983563 + (0.9968372944853446 * x_6)))))) + (0.9420000000000001 + (0.0007199999999999999 * (-0.030720025213037582 + (0.9964720662834899 * x_8)))))),6.561420917510986,,200
641_fri_c1_500_10,ok,10,BFGS,0.0011452037502432955,0.9544106620651005,127,((-0.053102512922451016 + (-0.03375242708780559 * arctan(((-0.009429805232191954 + (-0.6919856205799718 * (-0.010538602807564558 + (1.0101551525364498 * x_2)))) + ((0.6270001947678082 + (0.6039974599870797 * (0.04604423538072993 + (0.9674549471240764 * x_9)))) + ((0.09740019476780806 + (-0.07006320924323635 * abs((0.8530000152627374 + (-9.059940418777813 * (((-0.9249796615458791 + (-5.719914898378307 * (0.06278172057161527 + (0.9810267998778318 * x_8)))) - ((-0.019820338454120692 + (5.3001592051137845 * (-0.0007699340761739147 + (1.0247051180741429 * x_4)))) + ((-0.7910203384541212 + (0.3435799730912677 * (-0.005068268617956794 + (1.0102445817775312 * x_6)))) - (-63.399979661545885 + (-0.0024758145874305766 * (0.06346169844205729 + (1.024410073610703 * x_5))))))))**2))))) - (0.06799980523219196 + (45.89999883132138 * (0.06346169844205729 + (1.024410073610703 * x_5)))))))))) * ((-0.7538515401097855 + (-7.9261397862798795 * (-0.041244311805811756 + (0.9881424498527619 * x_3)))) + ((-0.6340662362891619 + (0.4633979365403017 * abs((-1.2350420409030352 + (0.00805487804850231 + (0.9968997576834833 * x_1)))))) * ((-8.14412974553775 + (-0.04535270339448748 * (0.09722717144425294 + (1.0248389370748021 * x_7)))) + (4.565870254462406 + (-54.59741790173924 * (-0.00754624478365389 + (0.9836753950133191 * x_0)))))))),7.642066478729248,,200
646_fri_c3_500_10,ok,10,NoRef,0.6187685031864285,0.6071488813878578,114,((0.01 + (0.4 * (-0.0010674995282084277 + (0.9888977016014616 * x_3)))) + ((0.02 + (0.008 * (-0.07566403615497733 + (1.0061982190189063 * x_1)))) * ((-0.3 + (60.0 * sin(((-0.006 + (-1.8 * (-0.07566403615497733 + (1.0061982190189063 * x_1)))) + (0.030000000000000002 + (-1.3 * (-0.08580614110746695 + (0.9764867799745204 * x_0)))))))) + ((0.001 + (-0.1 * (-0.07585884095525353 + (0.9394858417435231 * x_4)))) * ((-0.08 + (-90.0 * (-0.05721558898573879 + (0.9725279454163238 * x_2)))) + ((-0.02 + (-0.02 * (-0.08572351112350518 + (0.9977370817874324 * x_8)))) + ((-0.02 + (-0.02 * (-0.015303586236559374 + (0.9921594894841607 * x_5)))) + ((-0.02 + (-0.02 * (0.018198606053000926 + (0.9830177296829794 * x_7)))) + ((-0.02 + (-0.02 * (0.05178842670427133 + (1.0545913349620601 * x_9)))) + (-0.02 + (-0.02 * (0.05867666558860839 + (0.9957561638142012 * x_6))))))))))))),8.827163934707642,,200
647_fri_c1_250_10,ok,10,NoRef,0.3563073227978867,0.8098691239337736,110,((-0.2 + (0.3 * (0.012771660018394299 + (0.9916244828062031 * x_3)))) - ((0.02 + (0.008 * (-0.06563464502751039 + (0.9806987438418552 * x_1)))) * (((60.0 * sin((2.7 * (-0.06563464502751039 + (0.9806987438418552 * x_1))))) + (-0.3 + (7.0 * (-0.004478456272028574 + (1.0195182309979691 * x_6))))) + ((-0.3 + (-9.0 * (0.04259752720332055 + (1.0063005627788042 * x_4)))) + ((0.2 + (0.01 * (-0.01920572954524788 + (0.9843620950829046 * x_5)))) * ((-0.02 + (90.0 * (-0.0661680238763467 + (0.9883772642250066 * x_0)))) + ((-0.02 + (-0.01 * (-0.02629323549384153 + (0.9986094332148666 * x_2)))) + ((-0.3 + (0.001 * (0.0005549552017442876 + (1.0134782143162062 * x_7)))) + ((-0.3 + (0.001 * (-0.02713842520686745 + (0.9779645183370135 * x_8)))) + (-0.3 + (-20.0 * (0.0026619787194639703 + (0.9855581582449608 * x_9))))))))))))),10.109776496887207,,200
649_fri_c0_500_5,ok,5,NoRef,0.2896357837589376,0.8172711695369781,64,((2.0 + (0.6 * (-0.06639078434904079 + (1.0571454595405074 * x_3)))) + (-0.1 + (-0.2 * sqrt((0.01 + (0.9 * abs((((90.0 + (-70.0 * (0.05231147534006627 + (1.0066634887399533 * x_1)))) + (0.01 + (-40.0 * (0.007078065159054314 + (1.0130563010908327 * x_4))))) - ((0.9 + (0.9 * (-0.08932909934794814 + (1.0023846504648501 * x_0)))) * (-90.0 + (0.8 * abs((0.01 + (99.8 * (-0.021789259863661356 + (1.0063983944922867 * x_2)))))))))))))))),6.107235908508301,,200
654_fri_c0_500_10,ok,10,NoRef,0.6630924133428809,0.5948370802451183,117,(((0.5 * (0.0007491783139851028 + (0.9893417119088128 * x_3))) + (-0.01 + (0.3 * (0.04187135150738115 + (1.0510953173290194 * x_4))))) + ((0.01 + (1.0 * cos(((0.02 + (1.0 * (-0.06393432606302606 + (0.9998031220651009 * x_1)))) + ((-0.8 + (0.9 * (-0.027601897422796586 + (1.0061636075716038 * x_0)))) + (-0.7000000000000001 + (0.001 * (((-6.0 + (-20.0 * (-0.04407831859558271 + (1.0230621218787368 * x_2)))) + (0.030000000000000002 + (0.030000000000000002 * inv(((0.09000000000000001 + (0.02 * (-0.040554941512674664 + (0.9867431653933428 * x_5)))) + ((0.02 + (0.02 * (-0.014222167248802433 + (1.0018358309056357 * x_7)))) + (0.02 + (0.1 * (-0.10813174643488255 + (1.0302077368719882 * x_9)))))))))))**2))))))) + (0.1 + (-0.001 * inv(((-0.08 + (-0.1 * (-0.028243686434320705 + (1.024267302083891 * x_6)))) + (-0.6 + (-0.060000000000000005 * (0.012504066596160423 + (0.9932606007852361 * x_8)))))))))),7.9486823081970215,,200
656_fri_c1_100_5,ok,5,NoRef,0.2795582823959263,0.8445337842999351,95,(((((-0.0632 * (-2.334185930610602e-09 + (1.005037817059757 * x_3))) + (-0.0012 + (-0.0046 * (-7.127749685219048e-09 + (1.0050378135022553 * x_2))))) + (-0.00343 + (0.9770000000000001 * sin((((-2.5 * (-2.4523577450329915e-09 + (1.0050378152122343 * x_1))) + (0.041 + (-0.81 * (-7.127749685219048e-09 + (1.0050378135022553 * x_2))))) + (1.6 + (-0.037200000000000004 * abs((0.0984 + (0.0858 * (-2.4523577450329915e-09 + (1.0050378152122343 * x_1)))))))))))) - (-0.083 + (-0.665 * (-2.334185930610602e-09 + (1.005037817059757 * x_3))))) - ((-0.252 + (-0.31 * (-2.3774765717598145e-09 + (1.005037807353799 * x_4)))) - ((-0.864 + (-0.621 * (2.6302004833736337e-09 + (1.0050378148437342 * x_0)))) - (-0.00173 + (-0.0005899999999999999 * (-7.127749685219048e-09 + (1.0050378135022553 * x_2))))))),5.554561614990234,,100
657_fri_c2_250_10,ok,10,NoRef,0.16565851050142122,0.8924181613283997,130,((-0.256 + (0.224 * (0.018254636074701108 + (0.9942750378113397 * x_4)))) - ((-0.07 + (-0.6930000000000001 * exp(((0.00121 + (0.0913 * (0.022131640344706344 + (1.009302535480512 * x_1)))) * (((87.8 * inv((-60.800000000000004 + (-0.037582608011145234 + (0.9993401832171055 * x_6))))) * ((-0.0038499999999999997 + (0.07980000000000001 * (0.01923199185394909 + (1.0038423878099012 * x_7)))) * (-4.71 + (-0.0245 * (-0.027403051165010864 + (0.9906865960511145 * x_9)))))) + ((-0.00228 + (0.862 * (0.022131640344706344 + (1.009302535480512 * x_1)))) * (-5.29 + (0.005 * (-0.006003778824579484 + (1.0087748641396674 * x_5)))))))))) * (((-0.019000000000000003 + (-0.9510000000000001 * (0.022131640344706344 + (1.009302535480512 * x_1)))) + ((-0.41100000000000003 + (0.56 * (0.008202063620804667 + (0.9965091232089126 * x_8)))) * (-0.0674 + (0.915 * (0.021508000057596278 + (0.9976225312856856 * x_2)))))) - (0.0029 + (-0.8420000000000001 * arctan(((2.89 + (-9.24 * (0.009016765386932166 + (0.9975550945917872 * x_0)))) - (0.0075699999999999995 + (-0.864 * (0.004078747777071304 + (0.9820351885905952 * x_3))))))))))),9.934331893920898,,200
659_sleuth_ex1714,ok,7,NoRef,0.6892180743898705,1518.9833844385457,109,((65.4 + (-0.09490000000000001 * (-1.3342416419238172 + (0.1086628959150872 * x_1)))) * ((((-86.7 + (-0.0805 * inv((-0.0024 + (0.0407 * sin((0.00733 + (-4.5200000000000005 * (-2.7012166664995867 + (0.044775757746126514 * x_3)))))))))) - ((-0.044300000000000006 + (0.544 * (-2.1027705487761197 + (0.0695497648082179 * x_2)))) - (-0.432 + (0.0009699999999999999 * (-2.1195565262766687 + (0.06927618688108722 * x_0)))))) - ((0.0052 + (2.59 * (-1.085177167929372 + (0.031018261473926296 * x_4)))) - ((0.502 + (3.7 * (-2.1195565262766687 + (0.06927618688108722 * x_0)))) - (0.0635 + (-0.0018499999999999999 * (-0.9806249362272483 + (1.5947879644085274 * x_6))))))) - ((-3.08 + (-25.8 * (-1.5864294781793549 + (0.23528616482898382 * x_5)))) + ((-82.3 + (0.056 * (-1.085177167929372 + (0.031018261473926296 * x_4)))) * (2.9 + (-0.0042499999999999994 * (-0.9806249362272483 + (1.5947879644085274 * x_6)))))))),10.877076625823975,,47
663_rabe_266,ok,2,NoRef,0.9785769691268477,7.639455559664799,59,((-0.903 + (80.3 * exp(((4.5600000000000005 + (0.918 * (-1.9148542155126762 + (0.06963106238227913 * x_1)))) * (-0.523 + (-0.229 * (-1.9148542155126762 + (0.06963106238227913 * x_1)))))))) - ((26.5 + (-22.8 * (0.14484136487558028 + (0.028968272975116057 * x_0)))) * (2.27 + (-0.08420000000000001 * inv(((0.0796 + (7.63 * (-1.9148542155126762 + (0.06963106238227913 * x_1)))) - (0.07790000000000001 + (-3.5 * (0.14484136487558028 + (0.028968272975116057 * x_0)))))))))),7.0691564083099365,,120
665_sleuth_case2002,ok,6,NoRef,0.32021686507304603,7.91932123559278,90,(0.7210000000000001 + (4.53 * log((-0.025800000000000003 + (77.60000000000001 * abs(((-0.06480000000000001 + (-7.86 * inv((34.0 + (-0.7071067811865475 + (2.1213203435596424 * x_1)))))) * (((-0.87 + tan(((-0.0010199999999999999 + (0.00819 * (-0.6642111641550715 + (2.1697564695732336 * x_3)))) + ((-40.4 + (-0.0651 * (-7.778182412958265 + (0.1365408185699624 * x_4)))) - ((-0.008499999999999999 + (-0.0023899999999999998 * (-0.5694947974514993 + (2.3254370895936227 * x_0)))) + (70.10000000000001 + (-11.0 * (-0.5694947974514993 + (2.3254370895936227 * x_0))))))))) * (0.042600000000000006 + (0.025200000000000004 * (-1.9995832060131968 + (0.0717974429125403 * x_5))))) * (25.6 + (0.8360000000000001 * arctan((-0.06340000000000001 + (-0.7050000000000001 * (-0.9151502608861564 + (2.0078669903024626 * x_2))))))))))))))),9.849371433258057,,147
666_rmftsa_ladata,ok,10,NoRef,0.18528594896821016,3.102125601707547,119,((6.0 + (1.4000000000000001 * cos(((-0.9 + (0.9 * (-3.2431091529575657 + (0.9419701858187693 * x_5)))) * (9.0 + (9.0 * (-2.2523529244541303 + (0.24606332236205597 * x_4)))))))) + (0.01 + (0.030000000000000002 * abs(((0.07 + (0.6 * inv((0.060000000000000005 + (-0.15 * (-3.8354583612121833 + (0.07161043279702374 * x_7))))))) - ((0.9 + (1.0 * (-11.545971418891767 + (0.06591093670668177 * x_0)))) * ((-80.0 + (50.0 * cos(((0.09000000000000001 + (0.9 * (-1.860383418830298 + (0.22141754360553986 * x_8)))) + ((0.08 + (0.9 * (-7.906331305186756 + (0.10670741666151873 * x_2)))) + ((0.08 + (-0.9 * (-5.011682575607894 + (0.08680026844289343 * x_3)))) + ((0.9 + (-0.9 * (-2.8651998268107124 + (0.2441512028573268 * x_6)))) + (0.8 + (9.0 * (-3.3483486236896987 + (0.06797828569246922 * x_9))))))))))) + (0.01 + (0.01 * (-9.53752739277275 + (0.10189589818207269 * x_1))))))))))),10.046056747436523,,200
678_visualizing_environmental,ok,3,NoRef,0.1697865389742843,3.228377426381053,92,((9.41 + (-1.59 * (-1.2708878931061365 + (0.03018800687669188 * x_0)))) - (0.009089999999999999 + (-0.735 * tan(((2.92 + (-0.0323 * (-1.2708878931061365 + (0.03018800687669188 * x_0)))) - (-0.08660000000000001 + (-1.18 * cos(((((6.890000000000001 + arctan(((-0.007679999999999999 + (2.87 * (-8.199984227605405 + (0.1054080196021077 * x_2)))) * (-9.75 + (-0.00404 * inv((0.08720000000000001 + (0.7120000000000001 * ((-0.00802 + (0.464 * (-8.199984227605405 + (0.1054080196021077 * x_2)))))**2)))))))) + (-43.4 + (-0.8550000000000001 * (-2.0365904670492747 + (0.011020403736287696 * x_1))))) * (0.095 + (0.7000000000000001 * (-8.199984227605405 + (0.1054080196021077 * x_2))))) + (0.9610000000000001 + (20.5 * (-1.2708878931061365 + (0.03018800687669188 * x_0))))))))))))),7.21253514289856,,111
687_sleuth_ex1605,ok,5,BFGS,0.31870699855921025,12.580596893824143,84,((((((5.218854428040679 + (0.7194170234429897 * (-4.273294241464471 + (0.34678565833873976 * x_0)))) * (-1.2882695530795476 + (-0.26116094681455815 * (-8.688995392983172 + (0.07749104061636315 * x_3))))) - (-0.487037817664284 + (-7.695622303392876 * (-8.688995392983172 + (0.07749104061636315 * x_3))))) * (0.07277191961696572 + (0.2470873027811221 * (-8.4556341730914 + (0.07385873749389502 * x_4))))) + (-5.104395832541853 + (8.441119307386586 * (-8.4556341730914 + (0.07385873749389502 * x_4))))) - ((0.01799583254185251 + (39.389586396526546 * abs((0.5916557686348631 + (0.18271726421410955 * sin((8.03511830749823 + (3.6105943948689 * (-5.422613168093948 + (0.06312467450653864 * x_1)))))))))) + (0.03513583254185252 + (-45.39924047102741 * sqrt((8.573166221533647 + (-0.3578956572301381 * (-8.944849837562757 + (0.07735816570356965 * x_2))))))))),6.899879693984985,,62
690_visualizing_galaxy,ok,4,NoRef,0.8446458513828178,38.57874348823136,47,(((30.0 + (0.00041221357154477725 + (0.041221155529185684 * x_3))) + (0.1 + (-0.9 * (-0.014811247445722082 + (0.04714572537817882 * x_1))))) * (52.800000000000004 + (1.5 * sin(((0.006 + (3.0 * (0.048534005474465805 + (0.08506574559780157 * x_0)))) + (0.01 + (0.9 * cos((0.02 + (-90.0 * (-2.3138420620132027 + (0.025977793443507386 * x_2)))))))))))),9.55872368812561,,200
706_sleuth_case1202,ok,6,NoRef,0.6096063308667834,56.51869531499393,115,((((-9.31 + (-3.4018077595745577 + (0.007170790852930344 * x_4))) - (((0.07500000000000001 + (-69.4 * cos((32.3 * (-1.3806701271484079 + (2.1049560954885562 * x_2)))))) + ((-26.8 + (-2.35 * (-7.68010058678442 + (0.0014169083984426412 * x_0)))) + (-81.8 + (-0.0042699999999999995 * (-8.067036718120427 + (0.09804422566455824 * x_3)))))) - ((0.24600000000000002 + (-0.00165 * (-7.68010058678442 + (0.0014169083984426412 * x_0)))) + (0.40900000000000003 + (-0.53 * (-2.1314423186227427 + (1.011347630775077 * x_5))))))) * (((6.74 + (0.8300000000000001 * (-8.067036718120427 + (0.09804422566455824 * x_3)))) + (-0.05890000000000001 + (-0.0337 * (-1.3806701271484079 + (2.1049560954885562 * x_2))))) - (-7.01 + (-9.93 * (-3.4018077595745577 + (0.007170790852930344 * x_4)))))) * (0.07100000000000001 + (-0.007549999999999999 * inv(((9.84 + (0.007679999999999999 * (-7.68010058678442 + (0.0014169083984426412 * x_0)))) + (0.0471 + (8.9 * (-5.8387321233516065 + (0.0005617999057339651 * x_1))))))))),9.505002975463867,,93
712_chscase_geyser1,ok,2,NoRef,0.5878031643840307,8.103623656389878,96,(((-6.03 + cos((-47.300000000000004 * (-1.5024884050165992 + (0.13469192335424468 * x_0))))) + ((15.1 + (-0.0205 * (-1.5024884050165992 + (0.13469192335424468 * x_0)))) - (2.31 + (-0.9570000000000001 * arctan((5.38 + (99.7 * ((((-9.83 * sqrt((77.8 + (-1.5024884050165992 + (0.13469192335424468 * x_0))))) * (-0.677 + (0.138 * inv((-0.00196 + (8.26 * sin((-0.00981 + (65.2 * (-1.5024884050165992 + (0.13469192335424468 * x_0))))))))))) + (-0.793 + (-0.01 * (-1.5024884050165992 + (0.13469192335424468 * x_0))))))**3))))))) * (-0.0096 + (8.09 * sqrt(((0.663 + (-0.343 * (-3.3935425619618167 + (0.94461866768293 * x_1)))) - (-0.435 + (-0.65 * (-3.3935425619618167 + (0.94461866768293 * x_1))))))))),6.841095447540283,,200
feynman_III_10_19,ok,4,NoRef,0.9932592442597858,0.5907178848151488,97,(((2.7800000000000002 + (-2.673971965623433 + (0.8898553227888648 * x_0))) + ((0.061500000000000006 + (-0.109 * (-2.7632761273837882 + (0.8839173948987078 * x_3)))) * (-0.00165 + (0.8200000000000001 * (-2.6890810491196837 + (0.8961237359346407 * x_2)))))) * ((-0.231 + (-0.00573 * ((0.00763 + (-0.008539999999999999 * (-2.6890810491196837 + (0.8961237359346407 * x_2)))))**3)) - (((((0.09350000000000001 + (0.0476 * (-2.673971965623433 + (0.8898553227888648 * x_0)))) - (-0.0285 + (-0.7090000000000001 * (-2.6890810491196837 + (0.8961237359346407 * x_2))))) - (8.52 + (-0.742 * (-2.7632761273837882 + (0.8839173948987078 * x_3))))) * (-1.0 + (0.08610000000000001 * (-2.5928212263706856 + (0.8757205925655337 * x_1))))) + (-14.4 + (-0.782 * ((-0.031000000000000003 + (0.34700000000000003 * (-2.5928212263706856 + (0.8757205925655337 * x_1)))))**2))))),9.212162494659424,,200
feynman_III_12_43,ok,2,NoRef,0.9998581266443199,0.009756462445204922,19,((-0.14100000000000001 + (-0.053200000000000004 * (-2.6600860698602395 + (0.8787782072695123 * x_0)))) * (-10.1 + (-3.9 * (-2.5465486207773664 + (0.8639978684630047 * x_1))))),4.662120580673218,,200
feynman_III_13_18,ok,4,NoRef,0.9886079738907999,59.00834267782544,50,((((-0.0025299999999999997 + inv((2.41 + (-2.4699294639154807 + (0.8560964559950999 * x_3))))) * (-0.00598 + (-0.00231 * (-2.559111498086225 + (0.8438989755780321 * x_0))))) * (91.3 + (44.800000000000004 * (-2.538907955679724 + (0.8360455927136513 * x_1))))) * ((-33.9 + (-13.3 * (-2.557360784962865 + (0.8860604608557809 * x_2)))) * (52.2 + (9.75 * (-2.538907955679724 + (0.8360455927136513 * x_1)))))),11.827296495437622,,200
feynman_III_14_14,ok,5,NoRef,0.9130791072447967,2.0952440303103863,59,((0.02 + (0.0076 * (-2.668504578371374 + (0.895141141763398 * x_0)))) * (-0.09000000000000001 + (9.0 * inv(((0.02 + (0.006 * (-5.1655723252122225 + (3.434279417769823 * x_4)))) * (-1.0 + (9.0 * exp(((-1.2 + (-0.2 * (-4.857485252493451 + (3.2877290201094715 * x_1)))) + ((0.1 + (0.18000000000000002 * (-5.170473117636555 + (3.4111455044222505 * x_3)))) + (0.01 + (-0.16 * (-5.111852970749168 + (3.3644339378306247 * x_2)))))))))))))),10.496140956878662,,200
feynman_III_15_12,ok,3,BFGS,5.98532056139689e-08,4.894566060041251,62,((0.08665385998932303 + (7.103349143665923e-10 * sin(((-0.6622476009921073 + (-7.807440511398654 * (-2.7555269573611176 + (0.9149371100073108 * x_1)))) + (-0.6682476009921136 + (1.4281277463830027 * (((8.36956594961086 + (-59.21666797341982 * abs((-0.4524307677615034 * (-2.7555269573611176 + (0.9149371100073108 * x_1)))))) + ((0.8775659496108874 + (-0.6670350404461057 * (-2.433749339868416 + (0.8313595104823411 * x_2)))) + (53.87956594961085 + (0.008124959553844329 * (-2.433749339868416 + (0.8313595104823411 * x_2)))))))**2)))))) * (73.70740870829671 + (3.916486132084018e-06 * (-2.6957874627590446 + (0.884057098270909 * x_0))))),5.402101755142212,,200
feynman_III_15_14,ok,3,NoRef,0.946828819904066,0.004895275904805775,49,((0.001 + (0.0005 * (-2.34578704306449 + (0.8008218224036182 * x_0)))) * (-0.1 + (0.9 * (((0.01 + (0.002 * (-2.34578704306449 + (0.8008218224036182 * x_0)))) * (0.01 + (-9.0 * inv(((0.02 + (0.0075 * (-2.600944791990059 + (0.8402356442102845 * x_2)))) * (-2.4 + (-0.5 * (-2.7086572108381093 + (0.888939095052541 * x_1))))))))))**2))),7.127850294113159,,200
feynman_III_15_27,ok,3,NoRef,0.9974778821600672,0.13627992892728844,34,((0.02 + (0.0078 * (-2.4879626933927046 + (0.833693497064789 * x_0)))) * (-20.0 + (9.0 * inv(((0.02 + (0.0075 * (-2.4893777348254535 + (0.8762245096472185 * x_1)))) * (3.4 + (1.26 * (-2.533070086737555 + (0.8625339673768139 * x_2))))))))),6.540491104125977,,200
feynman_III_17_37,ok,3,NoRef,0.950352785306305,1.1898898631039323,42,((0.2 + (0.08 * (-2.491499110603535 + (0.8386271442685918 * x_0)))) * ((20.0 + (-0.01 * (-2.491499110603535 + (0.8386271442685918 * x_0)))) - ((0.001 + (-0.6 * cos((-0.1 + (-2.551596122504234 + (0.8474189011325017 * x_2)))))) * (-83.10000000000001 + (-28.900000000000002 * (-2.5686713329782953 + (0.862001671169859 * x_1))))))),5.773155927658081,,200
feynman_III_19_51,ok,5,NoRef,0.8668755340278328,0.6656534880587195,108,((0.0094 + (0.0031899999999999997 * (-2.7193729315376136 + (0.8742168644608117 * x_0)))) * (0.00417 + (-6.79 * exp((((((1.51 * (-2.7325304403218103 + (0.9024643506596678 * x_1))) + (0.0903 + (-0.611 * (-2.6537424167771304 + (0.8886083008934242 * x_3))))) + (-0.5670000000000001 + (-0.595 * (-2.712534670836872 + (0.9145791987347105 * x_2))))) + ((-0.056100000000000004 + (-0.058600000000000006 * (-2.7325304403218103 + (0.9024643506596678 * x_1)))) - (-0.74 + (-0.9430000000000001 * exp((-0.526 + (-0.6940000000000001 * (-2.6622629714337247 + (0.9132238574171417 * x_4))))))))) - (1.05 + (-2.83 * (((0.24000000000000002 + (0.05910000000000001 * arctan((-1.9000000000000001 * (-2.7193729315376136 + (0.8742168644608117 * x_0)))))) + ((0.0031999999999999997 + (-1.58 * inv((5.03 + (-2.712534670836872 + (0.9145791987347105 * x_2)))))) * (0.0028599999999999997 + (0.6 * (-2.6537424167771304 + (0.8886083008934242 * x_3)))))))**2))))))),7.035062551498413,,200
feynman_III_21_20,ok,4,NoRef,0.9993788200173006,0.3327114688301269,44,((6.9 + (2.57 * (-2.6240687793748685 + (0.8890183185341883 * x_1)))) * ((-0.0177 + (-0.00686 * (-2.5656360395809217 + (0.8550844648633008 * x_2)))) * ((-9.370000000000001 + (-3.68 * (-2.4948596073666858 + (0.8712831628673021 * x_0)))) * (0.00514 + (-0.379 * inv((0.052700000000000004 + (0.021300000000000003 * (-2.545412639486553 + (0.8474318891943581 * x_3)))))))))),12.240437507629395,,200
feynman_III_4_32,ok,4,NoRef,0.9935488338238389,0.6358132802632304,52,(((2.4 + (-2.6174887738802006 + (0.8670829091630897 * x_3))) * (0.02 + (0.008 * (-2.6466365775727345 + (0.8707401267392567 * x_2))))) * ((-0.02 + (-9.0 * (-2.784131327119264 + (0.9215893303699773 * x_0)))) + (0.01 + (0.9 * inv(((0.009 + (0.0034 * (-2.612511512350074 + (0.8627753949982891 * x_1)))) * (0.8300000000000001 + (0.3 * (-2.784131327119264 + (0.9215893303699773 * x_0)))))))))),9.898858308792114,,200
feynman_III_4_33,ok,4,NoRef,0.9988418278397893,0.1617711690770102,49,(((0.9740000000000001 + (-4.84 * (-2.772789939599442 + (0.8864830640187504 * x_1)))) * (0.05 + (0.0182 * (-2.5251798266511916 + (0.8626981754077024 * x_0))))) - ((-86.2 + (-35.1 * (-2.60734931142082 + (0.9073764005796643 * x_2)))) * ((0.0040999999999999995 + (0.034 * (-2.866571611099702 + (0.9433028392921154 * x_3)))) + (0.0889 + (-0.00306 * (-2.5251798266511916 + (0.8626981754077024 * x_0))))))),5.29003119468689,,200
feynman_III_7_38,ok,3,NoRef,0.9994640224698453,0.8898329829441339,32,(((2.83 + (-2.809767375781024 + (0.9075827176016882 * x_1))) * (5.55 + (2.05 * (-2.7136530652251984 + (0.8943526615139876 * x_0))))) * (-0.08270000000000001 + (-0.0245 * inv((-0.00955 + (-0.00399 * (-2.402628220576974 + (0.8031476298129983 * x_2)))))))),10.753787755966187,,200
feynman_III_8_54,ok,3,BFGS,2.9144843034512036e-06,0.3505233659698279,52,(0.4816876621138469 + (-1.3373551189663473e-05 * sin(((0.022360081807232406 + (-0.4529379394292717 * (-5.0517738838657475 + (3.3789723250614414 * x_1)))) - (((-58.905878134020185 * (-2.957250588126034 + (1.1919718312766996 * x_2))) - (0.14036008180723236 + (66.59481711831187 * (-5.232329981974955 + (3.4582056648935673 * x_0))))) + ((0.29563991819276764 + (-0.28481711831186435 * (-5.232329981974955 + (3.4582056648935673 * x_0)))) - (-5.8806399181927675 + (0.0029181340201888807 * (-2.957250588126034 + (1.1919718312766996 * x_2)))))))))),3.7506284713745117,,200
feynman_III_9_52,ok,6,NoRef,0.6959544757437176,8.173769687985786,83,(-0.0006299999999999999 + (0.0034999999999999996 * ((((0.7190000000000001 + cos(((-0.09720000000000001 + (-1.1 * (-2.734929250040047 + (0.899503571822635 * x_5)))) + (0.005549999999999999 + (0.9540000000000001 * (-2.575743190255727 + (0.8722576541805873 * x_4))))))) - (-0.06380000000000001 + (-0.225 * (-3.302270063999335 + (1.711027822918682 * x_0))))) * ((-0.395 + (-0.0766 * (-3.466680730085183 + (1.7080804821447886 * x_2)))) * (((-0.014 * arctan((-92.3 * (-3.302270063999335 + (1.711027822918682 * x_0))))) + (-47.5 + (-20.1 * (-3.3150879840966465 + (1.6834333936891284 * x_3))))) + (0.0052 + (-83.3 * inv((-0.5840000000000001 + (0.06970000000000001 * (-3.282722642559414 + (1.6493480484584218 * x_1)))))))))))**2)),8.999535322189331,,200
feynman_II_10_9,ok,3,NoRef,0.9989853749953466,0.006928980581282488,34,((0.02 + (0.0081 * (-2.4407479823350755 + (0.8808833990454653 * x_0)))) * (-1.0 + (9.0 * inv(((0.02 + (0.0073999999999999995 * (-2.595419809290695 + (0.8588576606135521 * x_1)))) * (35.5 + (9.3 * (-2.6474767240232993 + (0.8825746761428329 * x_2))))))))),5.143656015396118,,200
feynman_II_11_20,ok,5,NoRef,0.9728343218705815,1.2166078658997193,75,(((0.00666 + inv(((-4.9 + (-2.0100000000000002 * (-2.6316919296321113 + (0.8710897992152611 * x_3)))) * (-1.81 + (-0.7200000000000001 * (-2.457523520153069 + (0.8701539172876223 * x_4))))))) * (0.0081 + (0.00316 * (-2.4569814526637677 + (0.8240340107265285 * x_0))))) * ((0.0122 + (43.2 * ((2.62 + (-2.594902082535144 + (0.8534005543784765 * x_1))))**2)) * (31.1 + (-0.0874 * sqrt(((-12.0 + (0.08560000000000001 * (-2.539565017471692 + (0.8482516330389377 * x_2)))) * (-40.6 + (45.2 * ((-4.72 + (0.47200000000000003 * (-2.539565017471692 + (0.8482516330389377 * x_2)))))**3)))))))),11.062080383300781,,200
feynman_II_11_27,ok,4,NoRef,0.9879115798040018,0.0637586582308962,57,((((4.66 + (-5.046769784936528 + (3.418189540060406 * x_2))) * (-0.92 + (-0.5670000000000001 * (-1.648775206320855 + (3.466849046719344 * x_0))))) * (((-0.00832 + (0.0787 * (-1.648775206320855 + (3.466849046719344 * x_0)))) * (0.00568 + (-8.13 * (-1.7252785901711232 + (3.536305764059484 * x_1))))) - (16.5 + (3.13 * (-5.0422201628750365 + (3.42921855514138 * x_3)))))) * (0.00787 + (0.00456 * (-1.7252785901711232 + (3.536305764059484 * x_1))))),10.847702264785767,,200
feynman_II_11_28,ok,2,NoRef,0.9976458009708861,0.014886283277506246,29,(1.0 + (0.9 * inv((-0.4 + (-9.0 * inv(((0.2 + (0.12000000000000001 * (-1.6870985985358635 + (3.439169193273224 * x_0)))) * (-11.9 + (-6.2 * (-1.8075189031076848 + (3.462610195906584 * x_1))))))))))),3.9210352897644043,,200
feynman_II_11_3,ok,5,NoRef,0.9882254832518701,0.01381514447375332,52,(((3.7 + (-3.639820054101914 + (1.8353488983603912 * x_1))) * (0.02 + (0.005699999999999999 * (-3.4858296098647474 + (1.725550340478727 * x_0))))) * (0.001 + (0.9 * inv(((0.2 + (0.060000000000000005 * (-3.4159175484317243 + (1.6763635427586012 * x_2)))) * ((2.3000000000000003 + (0.73 * (-6.973914079319447 + (1.7326948094237948 * x_3)))) - (0.01 + (0.14 * (-5.529314466884249 + (3.5626460506029085 * x_4)))))))))),10.569074869155884,,200
feynman_II_13_17,ok,4,NoRef,0.8907695015987056,0.008479911287930445,52,((-0.00379 + (5.15 * inv(((((2.56 + (-2.7051143752950964 + (0.8640897171000568 * x_0))) + (-0.002 + (-0.0405 * (-2.7051143752950964 + (0.8640897171000568 * x_0))))) * (1.43 + (0.6910000000000001 * (-2.753414723144747 + (0.8791399948500996 * x_1))))) * (15.9 + (6.28 * (-2.4024694168052316 + (0.8219116109543148 * x_3)))))))) * (0.0534 + (0.019600000000000003 * (-2.652627881283846 + (0.864138855771416 * x_2))))),4.985591650009155,,200
feynman_II_13_23,ok,3,NoRef,0.9995656900749571,0.02469355550231876,34,((-0.07500000000000001 + (-0.0279 * (-2.6798415562573763 + (0.9000715575381649 * x_0)))) * (-38.5 + (-10.1 * inv(((1.3900000000000001 + (1.42 * (-3.3391022807239796 + (0.5111737659041323 * x_2)))) - (-2.86 + (0.682 * (-5.26677435569427 + (3.4475216888865052 * x_1))))))))),5.269791126251221,,200
feynman_II_13_34,ok,3,NoRef,0.9942785197940781,0.15393345004024847,34,((0.2 + (0.07600000000000001 * (-2.635228193647432 + (0.8916572161096509 * x_0)))) * ((0.4 + (0.084 * (-4.940481638693344 + (3.3437624554237626 * x_1)))) * (54.4 + (2.0 * exp((-0.9 + (-1.5 * (-2.9141559673417166 + (0.46292076127847 * x_2))))))))),9.223679542541504,,200
feynman_II_15_4,ok,3,NoRef,0.9988689769015218,0.1772770612824941,32,(((2.7 + (-2.6459797016564632 + (0.8727188941478409 * x_1))) * (0.2 + (0.08 * (-2.555131165694161 + (0.8589482126346254 * x_0))))) * (0.1 + (16.3 * cos((0.14 + (-1.2 * (-2.5228635593411757 + (0.8363867496115811 * x_2)))))))),8.665826320648193,,200
feynman_II_15_5,ok,3,NoRef,0.995282573182333,0.35220380787491296,60,((((((-2.623128343020264 + (0.8714830687709064 * x_0)) - (-3.63 + (9.999999999999999e-05 * (-2.7404864706467325 + (0.873550869340621 * x_2))))) + (-0.811 + (-0.08120000000000001 * (-2.7404864706467325 + (0.873550869340621 * x_2))))) * (0.8210000000000001 + (0.337 * (-2.516678448150414 + (0.8505212082765151 * x_1))))) * (0.006339999999999999 + (3.88 * cos((0.00754 + (1.12 * (-2.7404864706467325 + (0.873550869340621 * x_2)))))))) - (0.0033399999999999997 + (0.00162 * (-2.516678448150414 + (0.8505212082765151 * x_1))))),8.973809480667114,,200
feynman_II_21_32,ok,5,NoRef,0.8504315053588286,0.01638301486740404,59,((0.02 + (0.0076 * (-2.66672674421076 + (0.8799980575686334 * x_0)))) * (-0.2 + (0.9 * inv(((0.02 + (0.0075 * (-2.6284161408483433 + (0.8564019147978089 * x_1)))) * ((0.3 + (-0.016 * (-5.01141599607414 + (3.34417291403035 * x_3)))) * ((90.0 + (30.5 * (-2.593522633521764 + (0.8605783448462752 * x_2)))) - (-0.1 + (9.0 * exp((-0.6 + (-1.1 * (-3.2988724247793657 + (0.5058211443179642 * x_4)))))))))))))),9.536801099777222,,200
feynman_II_24_17,ok,3,NoRef,0.9851878788247955,0.10527079786436527,49,((0.060000000000000005 + (0.0075 * (-8.642683837968443 + (1.736310748726112 * x_0)))) * ((0.09000000000000001 + (0.9 * sqrt((0.09000000000000001 + (9.0 * ((0.02 + (-9.0 * inv((0.46 + (0.095 * (-5.098632543293196 + (3.429833828411375 * x_1))))))))**2))))) + (-0.2 + (-3.0 * exp((-0.9 + (-0.9 * (-5.185707443394292 + (1.7511117255798525 * x_2))))))))),8.029898166656494,,200
feynman_II_27_16,ok,3,NoRef,0.9992344378798402,2.464705894311552,67,(((((-0.00419 + (-2.596743687374026 + (0.8682775866518997 * x_0))) - (-23.400000000000002 + (-7.79 * (-2.596743687374026 + (0.8682775866518997 * x_0))))) * ((0.0268 + (-0.00843 * (-2.596743687374026 + (0.8682775866518997 * x_0)))) + (-9.65 + (-3.8200000000000003 * (-2.587341142699831 + (0.8786098444979417 * x_2)))))) * (0.10600000000000001 + (0.0345 * (-2.9070459506860526 + (0.9221130424024399 * x_1))))) * ((0.29200000000000004 + (-0.8310000000000001 * (-2.587341142699831 + (0.8786098444979417 * x_2)))) - (3.7600000000000002 + (0.458 * (-2.587341142699831 + (0.8786098444979417 * x_2)))))),10.1741943359375,,200
feynman_II_27_18,ok,2,NoRef,0.999960871069707,0.1391695277812557,39,((-5.12 + (-1.8 * (-2.854039588936294 + (0.9313688748574931 * x_0)))) * ((-9.72 + (-3.88 * (-2.778749929216607 + (0.9202757116769661 * x_1)))) * ((-60.1 + (0.00912 * (-2.854039588936294 + (0.9313688748574931 * x_0)))) * (-0.009309999999999999 + (-0.003 * (-2.778749929216607 + (0.9202757116769661 * x_1))))))),4.762862205505371,,200
feynman_II_2_42,ok,5,NoRef,0.9993698307509936,0.20096152125486655,52,(((2.5 + (-2.5324236435326513 + (0.8576874007117519 * x_0))) * ((0.02 + (0.006999999999999999 * (-2.8444438062869346 + (0.9035352009803069 * x_3)))) * ((0.1 + (0.9 * (-2.47728704926582 + (0.8237116622497856 * x_2)))) + (0.01 + (-0.8400000000000001 * (-2.4653835903384924 + (0.8610943117784253 * x_1))))))) * (0.01 + (0.8 * inv((0.009 + (0.0034 * (-2.56184837158364 + (0.8868667655691996 * x_4)))))))),13.062428951263428,,200
feynman_II_34_11,ok,4,NoRef,0.9864099579913498,0.5900081584079724,90,(((((0.004 + (-2.546466339622496 + (0.8415241486134336 * x_2))) - (7.62 + (4.21 * (-2.546466339622496 + (0.8415241486134336 * x_2))))) * ((0.08040000000000001 + (52.300000000000004 * (-2.4185743585385087 + (0.8288773353226235 * x_0)))) + (3.38 + (9.64 * sqrt((86.3 + (0.599 * ((-7.930000000000001 + (2.7600000000000002 * (-2.4185743585385087 + (0.8288773353226235 * x_0)))))**2))))))) * (0.08910000000000001 + (0.0323 * (-2.7443676432466564 + (0.9199324290158198 * x_1))))) * (0.0016899999999999999 + (0.535 * inv((((-0.0284 * (-2.546466339622496 + (0.8415241486134336 * x_2))) - (9.6 + (-0.0826 * (-2.4185743585385087 + (0.8288773353226235 * x_0))))) + (0.777 + (-3.43 * (-2.624623356535676 + (0.8656711223164797 * x_3))))))))),9.751204490661621,,200
feynman_II_34_2,ok,3,NoRef,0.9998759809801216,0.12780964955577148,47,((-0.0052899999999999996 + (-0.0026 * (-2.6504816977325447 + (0.8726425668692686 * x_0)))) - (((2.65 + (-2.6504816977325447 + (0.8726425668692686 * x_0))) * ((-0.09010000000000001 + (-0.8550000000000001 * (-2.602940375995324 + (0.8496500991704193 * x_1)))) + (-61.2 + (-23.0 * (-2.602940375995324 + (0.8496500991704193 * x_1)))))) * (0.08750000000000001 + (0.033100000000000004 * (-2.593258549923045 + (0.8476444061960484 * x_2)))))),8.120795011520386,,200
feynman_II_34_29a,ok,3,NoRef,0.9995993263243379,0.0041052085486814015,34,((-0.09530000000000001 + (-0.0359 * (-2.6340162306931827 + (0.8915777577347517 * x_0)))) * ((-1.24 + (-0.48400000000000004 * (-2.614432269470226 + (0.8616494128817651 * x_1)))) * (-0.0816 + (0.08710000000000001 * inv((0.0407 + (0.015500000000000002 * (-2.5921353812207917 + (0.8811099449187398 * x_2))))))))),9.983758687973022,,200
feynman_II_34_29b,ok,5,NoRef,0.9984798332312007,8.405803294009422,52,(((2.3000000000000003 + (-2.3522871959349114 + (0.8097388077046674 * x_4))) * ((0.2 + (0.08 * (-2.5531194930605294 + (0.8789899049582045 * x_0)))) * (2.0 + (0.8 * (-2.5155816435325256 + (0.8566223922776196 * x_3)))))) * ((2.0 + (0.75 * (-2.6979419603958954 + (0.9090787910735363 * x_2)))) * (0.001 + (0.8 * inv((0.01 + (0.004 * (-2.580173613126937 + (0.8625475822840215 * x_1))))))))),13.528342723846436,,200
feynman_II_34_2a,ok,3,NoRef,0.9984167467681715,0.01923831637495523,32,(((2.7 + (-2.5836604135273715 + (0.8398765027159596 * x_1))) * (0.28600000000000003 + (0.0989 * (-2.7480241256459648 + (0.9048374383921544 * x_0))))) * (0.005399999999999999 + (5.6000000000000005 * inv((8.73 + (3.38 * (-2.595184874485386 + (0.8744180518029964 * x_2)))))))),8.004637241363525,,200
feynman_II_35_18,ok,5,NoRef,0.9345671199941988,0.0783614931868634,59,(0.002 + (0.00019999999999999998 * (((70.0 + (9.3 * (-3.4918091935735216 + (1.6972309630916704 * x_0)))) - ((0.1 + (-0.04 * (-3.579403689568145 + (1.7747930310678999 * x_2)))) * (0.01 + (90.0 * exp(((0.5 + (0.4 * (-3.273392609849695 + (1.652817435825319 * x_3)))) + ((-0.01 + (0.34 * (-3.7134592839832528 + (1.8246293748275135 * x_4)))) + (-0.01 + (-0.5 * (-3.219763489368215 + (1.6753593121119754 * x_1))))))))))))**2)),8.580122470855713,,200
feynman_II_35_21,ok,5,NoRef,0.9666377060650286,0.8924535294702078,59,((0.2 + (0.07500000000000001 * (-2.6574893155775725 + (0.8639895682372307 * x_0)))) * (2.0 + (0.006999999999999999 * (((90.0 + (20.0 * (-2.585304710315294 + (0.8870094272288953 * x_1)))) + (-9.9 + (-0.002 * (((80.0 + (19.7 * (-2.7937445951572557 + (0.9077777236188819 * x_4)))) - ((-0.3 + (27.900000000000002 * (-2.7110096708122233 + (0.875131425217154 * x_2)))) + (-0.3 + (-22.7 * (-2.658226127563016 + (0.8861982062595278 * x_3)))))))**2))))**2))),12.515433073043823,,200
feynman_II_36_38,ok,8,NoRef,0.8093774543221592,0.4204143373593341,135,((-0.63 + (-0.19 * (-3.25539613447203 + (1.6780200106390297 * x_0)))) * ((-0.0052 + (-4.91 * inv(((0.41700000000000004 + (0.09770000000000001 * (-3.673547657995394 + (1.8008360979627651 * x_5)))) - ((-0.28500000000000003 + (-0.09490000000000001 * (-3.644144276541765 + (1.820082555589773 * x_2)))) * ((((0.8340000000000001 * (-3.6925070047132977 + (1.818762469791632 * x_6))) - (-6.58 + (0.999 * (-3.512647543149536 + (1.747231500909104 * x_1))))) + ((-0.9720000000000001 + (0.0522 * (-3.512647543149536 + (1.747231500909104 * x_1)))) - ((-0.020200000000000003 + (0.0582 * (-3.644144276541765 + (1.820082555589773 * x_2)))) - (-0.04360000000000001 + (-0.33 * (-3.49247493142665 + (1.7662338946626293 * x_4))))))) - ((0.014100000000000001 + (0.603 * (-3.471793038256991 + (1.7179484625381287 * x_3)))) * (-2.63 + (0.311 * (-3.4549198528908147 + (1.7383908466088813 * x_7))))))))))) - ((-0.008199999999999999 + (0.06520000000000001 * (-3.644144276541765 + (1.820082555589773 * x_2)))) + ((-0.0308 + (-0.00967 * ((-0.794 + (-3.6925070047132977 + (1.818762469791632 * x_6))))**3)) * (4.16 + (-1.3800000000000001 * (-3.512647543149536 + (1.747231500909104 * x_1)))))))),8.780369520187378,,200
feynman_II_37_1,ok,3,NoRef,0.9996998221045611,0.4061232034503713,27,(((2.5 + (-2.4748604028134427 + (0.8522855070971659 * x_0))) * (0.2 + (0.060000000000000005 * (-2.5838719309788227 + (0.8503387114696592 * x_2))))) * (72.7 + (27.400000000000002 * (-2.624301235128215 + (0.8456908079177562 * x_1))))),9.14849328994751,,200
feynman_II_38_14,ok,2,NoRef,0.9997474854667049,0.0036109560075405058,24,((0.02 + (0.0078 * (-2.5507774690309435 + (0.8335657750653932 * x_0)))) * (-0.1 + (0.8 * inv((0.043000000000000003 + (0.0123 * (-2.680159988684729 + (0.8643223760263921 * x_1)))))))),5.490746974945068,,200
feynman_II_38_3,ok,4,NoRef,0.9993917008016968,0.21841082316185176,40,(((2.57 + (-2.5857619137828576 + (0.8827117374437846 * x_1))) * ((0.009519999999999999 + (-0.629 * inv((2.79 + (-2.697549234125539 + (0.8870470474820004 * x_2)))))) * (-0.197 + (-0.07840000000000001 * (-2.495679074949545 + (0.8362537246328503 * x_0)))))) * (78.4 + (29.7 * (-2.616783341122097 + (0.8781832314186395 * x_3))))),12.605525732040405,,200
feynman_II_3_24,ok,2,NoRef,0.9881036014583177,0.006348919551992614,47,((-0.00699 + (-0.00258 * (-2.5176695361224137 + (0.8572007920001259 * x_0)))) * (0.652 + (-8.0 * inv(((0.00435 + (-0.0775 * ((2.61 + (-2.4932298491024527 + (0.8505516213027529 * x_1))))**2)) * (-3.72 + (0.0015999999999999999 * sqrt((-0.047900000000000005 + (0.65 * sqrt((93.10000000000001 + (3.29 * (-2.5176695361224137 + (0.8572007920001259 * x_0))))))))))))))),5.356331825256348,,200
feynman_II_4_23,ok,3,NoRef,0.9980737897069362,0.00151210923974981,44,((0.0087 + (0.0031799999999999997 * (-2.726174070301242 + (0.8855813319350537 * x_0)))) * ((-2.32 + (0.0078 * (-2.726174070301242 + (0.8855813319350537 * x_0)))) * (0.0206 + (-0.8380000000000001 * inv(((-0.00985 + (-0.0038 * (-2.6450480349990975 + (0.875105235568507 * x_1)))) * (-65.7 + (-22.5 * (-2.833389203949172 + (0.92120344499104 * x_2)))))))))),9.257810831069946,,200
feynman_II_6_11,ok,4,NoRef,0.9917476789617731,0.0017737432109606829,52,(((0.7000000000000001 + (-3.423012712168896 + (1.7317141236151294 * x_2))) * (0.030000000000000002 + (0.009 * (-3.412369198286662 + (1.7449053370848846 * x_1))))) * (0.1 + (-3.0 * inv(((0.2 + (0.08 * (-3.466501049439632 + (1.7135096701193169 * x_3)))) * ((33.0 + (1.7 * (-3.423012712168896 + (1.7317141236151294 * x_2)))) + (0.2 + (7.7 * (-3.473970884806541 + (1.7576736275678213 * x_0)))))))))),8.765156507492065,,200
feynman_II_6_15a,ok,6,NoRef,0.8981376055744801,0.1157295609161796,95,(((-0.00546 + inv(((-7.78 + (0.866 * (-3.587281008481665 + (1.8104534573853899 * x_3)))) * ((-0.00951 + (-0.00466 * (-3.5442362624045955 + (1.7290625791858034 * x_2)))) * ((-0.085 + (3.7 * (-3.6153250605869824 + (1.7887668278887368 * x_4)))) - (0.027000000000000003 + (1.2 * exp((3.2800000000000002 + (0.35300000000000004 * (-3.3402239085436296 + (1.6902763339957814 * x_0)))))))))))) * (-0.024200000000000003 + (0.0732 * exp((0.061900000000000004 + (0.302 * (-3.4212794043995127 + (1.7310890036930104 * x_1)))))))) * (((3.16 + (-3.478817506470138 + (1.722491710743543 * x_5))) * (1.09 + (0.018400000000000003 * (-3.3402239085436296 + (1.6902763339957814 * x_0))))) * (-0.00577 + (-34.2 * inv((77.8 + (35.7 * (-3.5442362624045955 + (1.7290625791858034 * x_2))))))))),8.978371858596802,,200
feynman_II_6_15b,ok,4,NoRef,0.9777922477429419,0.004590775661310253,50,(((-0.004 + cos((-0.73 + (-3.574168123804971 + (1.7856360285208566 * x_2))))) * (0.001 + (0.0003 * (-3.4219568305138166 + (1.7204774630147597 * x_1))))) * (-0.1 + (-0.9 * ((0.001 + (-0.9 * inv(((0.030000000000000002 + (0.0106 * (-3.6124386164696762 + (1.7575565979989267 * x_3)))) * (7.5 + (0.9900000000000001 * (-3.5132747487246787 + (1.7460712803704583 * x_0)))))))))**2))),10.308321475982666,,200
feynman_II_8_31,ok,2,NoRef,0.9998128918414658,0.17601741413659364,24,((0.02 + (0.0070999999999999995 * (-2.752389043981485 + (0.9048032319317431 * x_0)))) * (-0.01 + (0.09000000000000001 * ((90.8 + (34.0 * (-2.653907254924258 + (0.8509274823888617 * x_1)))))**2))),7.425059080123901,,200
feynman_II_8_7,ok,3,NoRef,0.9875544901905113,0.010301866926108334,44,((0.001 + (0.00039999999999999996 * (-2.817692762706578 + (0.922060438168705 * x_0)))) * ((0.2 + (0.07 * (-2.817692762706578 + (0.922060438168705 * x_0)))) * (0.01 + (9.0 * inv(((0.02 + (0.0075 * (-2.6690271729427253 + (0.8807282537045857 * x_1)))) * (1.9000000000000001 + (0.68 * (-2.669435878248962 + (0.9227695518217146 * x_2)))))))))),9.51050066947937,,200
feynman_I_10_7,ok,3,NoRef,0.9998247541235067,0.01566263126140139,74,((-0.055400000000000005 + (-8.43 * inv(((0.021300000000000003 + (56.5 * (-5.100574389259935 + (3.343197439644897 * x_1)))) + ((89.9 + (79.4 * inv((-69.4 + (0.307 * inv(((-0.9600000000000001 + (0.00481 * (-5.100574389259935 + (3.343197439644897 * x_1)))) - (-2.17 + (-0.23 * (-2.588106740665522 + (0.887566173182724 * x_0))))))))))) * ((0.6960000000000001 + (8.0 * (-3.468260823868103 + (0.5144108989083627 * x_2)))) + (24.900000000000002 + (-4.3100000000000005 * (-5.100574389259935 + (3.343197439644897 * x_1)))))))))) * (-50.7 + (-19.6 * (-2.588106740665522 + (0.887566173182724 * x_0))))),4.048776149749756,,200
feynman_I_11_19,ok,6,NoRef,0.957686300358504,1.89521358561287,83,((((0.622 + (-2.6471928306298094 + (0.885966881026239 * x_4))) - (-0.00417 + (-4.0 * (-2.4909796979027035 + (0.8495365704084542 * x_1))))) * (0.935 + (0.317 * (-2.6471928306298094 + (0.885966881026239 * x_4))))) + (((((-2.4827020613216004 + (0.8474431728639252 * x_0)) + (-0.058100000000000006 + (0.34400000000000003 * (-2.6471928306298094 + (0.885966881026239 * x_4))))) + (7.33 + (0.778 * (-2.7479829985177977 + (0.8948864386578299 * x_3))))) - ((0.00564 + (9.75 * (-2.676096923467062 + (0.9079286415109341 * x_2)))) * (-0.09690000000000001 + (-0.0251 * (-2.695030893403317 + (0.8307952953518407 * x_5)))))) * (3.65 + (0.515 * (-2.695030893403317 + (0.8307952953518407 * x_5)))))),11.36258316040039,,200
feynman_I_12_1,ok,2,NoRef,0.9998680719583403,0.057806856683218194,19,((0.099 + (0.038000000000000006 * (-2.566602023658053 + (0.8997949016063425 * x_0)))) * (89.5 + (30.900000000000002 * (-2.878930580317207 + (0.928002407756839 * x_1))))),4.506718397140503,,200
feynman_I_12_11,ok,5,NoRef,0.9911889420981118,2.3962309647667777,52,((0.2 + (0.07 * (-2.7336069787470243 + (0.8973963259979115 * x_0)))) * ((50.0 + (16.3 * (-2.6846738802725283 + (0.8727114307740083 * x_1)))) + ((2.0 + (0.75 * (-2.6603944928985346 + (0.9006524322203873 * x_2)))) * ((0.001 + (-0.9 * sin((-0.14 + (-2.5860302835261004 + (0.8650529647164638 * x_4)))))) * (80.8 + (33.6 * (-2.577161210079287 + (0.8594599513383012 * x_3)))))))),10.120872974395752,,200
feynman_I_12_2,ok,4,NoRef,0.9955102449929352,0.00790188122420917,47,(((2.6 + (-2.617184116087947 + (0.8521397663891764 * x_1))) * (0.02 + (0.006999999999999999 * (-2.8539742313544565 + (0.9239149687966296 * x_0))))) * (0.01 + (0.5 * ((0.01 + (-0.9 * inv(((0.2 + (0.08 * (-2.5317902960514966 + (0.853150896025948 * x_3)))) * (4.4 + (0.9700000000000001 * (-2.556480029432039 + (0.8349043469624741 * x_2)))))))))**2))),9.382438898086548,,200
feynman_I_12_4,ok,3,NoRef,0.9952144151407103,0.0016976653933224366,44,((0.0092 + (0.00358 * (-2.610281525456201 + (0.8563534632402007 * x_0)))) * (-0.00916 + (0.991 * inv((-0.00826 + (0.00077 * (((-0.53 + (-0.2 * (-2.6386330449565643 + (0.8571845166463317 * x_2)))) * (0.024800000000000003 + (31.400000000000002 * sqrt((5.0 + (1.96 * (-2.506670832800553 + (0.8357722543545856 * x_1)))))))))**2)))))),9.234695672988892,,200
feynman_I_12_5,ok,2,NoRef,0.9999532793084591,0.033325373494470935,57,((0.07890000000000001 + (0.030000000000000002 * (-2.643473215745853 + (0.8815481695584527 * x_0)))) * ((((49.6 * (-2.7429584544718253 + (0.9245535089554948 * x_1))) - (0.08220000000000001 + (8.5 * (-2.7429584544718253 + (0.9245535089554948 * x_1))))) + ((26.3 + (0.06870000000000001 * (-2.7429584544718253 + (0.9245535089554948 * x_1)))) - (0.066 + (0.00095 * (-2.7429584544718253 + (0.9245535089554948 * x_1)))))) - (-86.2 + (0.003 * (-2.643473215745853 + (0.8815481695584527 * x_0)))))),4.017697095870972,,200
feynman_I_13_12,ok,5,NoRef,0.9393958781401257,2.3917070948355508,89,(((2.7800000000000002 + (-2.668801708030412 + (0.8819198439156285 * x_0))) * (((((-2.7093703865142946 + (0.8748960358981902 * x_2)) + (-0.007039999999999999 + (49.300000000000004 * (-2.5612832345666563 + (0.8379805705041466 * x_3))))) + (-0.0238 + (-49.4 * (-2.7093703865142946 + (0.8748960358981902 * x_2))))) * (0.00849 + (-0.00248 * (-2.7093703865142946 + (0.8748960358981902 * x_2))))) * (((-0.00987 + inv((99.9 * (-2.6701260084176734 + (0.8768008800903796 * x_1))))) + (83.0 + (38.0 * (-2.384599847508499 + (0.8257596665344117 * x_4))))) * (0.0073999999999999995 + (0.00274 * (-2.6701260084176734 + (0.8768008800903796 * x_1))))))) * (0.0034 + (-0.12200000000000001 * inv((0.0257 + (0.00967 * (-2.5612832345666563 + (0.8379805705041466 * x_3)))))))),13.635234594345093,,200
feynman_I_13_4,ok,4,NoRef,0.9973883536963818,1.3060683951721312,79,((0.2 + (0.07200000000000001 * (-2.7370812263130415 + (0.902756266590703 * x_0)))) * ((0.09000000000000001 + (80.0 * exp((0.9 + (0.26 * (-2.6220737557332443 + (0.8728146501207767 * x_1))))))) - ((0.001 + (-37.0 * (-2.5379950056480767 + (0.8946994347622791 * x_3)))) + ((0.01 + (-8.0 * (-2.5379950056480767 + (0.8946994347622791 * x_3)))) + ((0.6 + (0.13 * (-2.548140169947589 + (0.8525284766606351 * x_2)))) * ((-0.1 + (-85.0 * (-2.548140169947589 + (0.8525284766606351 * x_2)))) + (-0.1 + (-0.006 * ((0.001 + (49.1 * (-2.5379950056480767 + (0.8946994347622791 * x_3)))))**2)))))))),10.576951742172241,,200
feynman_I_14_3,ok,3,NoRef,0.9997548180526,0.288134125730371,39,(((2.37 + (0.88 * (-2.6760694322662943 + (0.8805989180487918 * x_1)))) * ((0.8500000000000001 + (0.34500000000000003 * (-2.428453058567591 + (0.8889549158624802 * x_0)))) * (12.6 + (4.63 * (-2.722875886256813 + (0.8863816221636266 * x_2)))))) - (0.0422 + (-0.05380000000000001 * (-2.6760694322662943 + (0.8805989180487918 * x_1))))),9.534463167190552,,200
feynman_I_14_4,ok,2,NoRef,0.9999212261023406,0.1175483682723139,30,(((-0.0021 + ((2.65 + (-2.630906588185309 + (0.8633123577016952 * x_1))))**2) * (15.200000000000001 + (5.84 * (-2.626437502441532 + (0.8816095514609437 * x_0))))) * (0.131 + (-0.00112 * (-2.626437502441532 + (0.8816095514609437 * x_0))))),7.092682123184204,,200
feynman_I_15_10,ok,3,NoRef,0.9972289663882548,0.10618185176442142,42,(((4.96 + (-5.457180456861609 + (3.6446002602554834 * x_1))) * (-0.0164 + (-0.00633 * (-2.644856021421248 + (0.8646173589431646 * x_0))))) * (-57.4 + (-0.674 * exp(((0.391 + (-1.27 * (-2.999068701425839 + (0.46665137782532334 * x_2)))) + (-0.0308 + (0.0025 * (-2.999068701425839 + (0.46665137782532334 * x_2))))))))),9.85230541229248,,200
feynman_I_15_3t,ok,4,NoRef,0.9988853801168889,0.040250921316258466,69,((2.8000000000000003 + (1.19 * (-2.419137422785296 + (0.862311797425404 * x_3)))) - ((0.01 + (-0.005 * (-3.34115030979141 + (0.5107587437264599 * x_1)))) * ((2.0 + (4.3 * (-2.717105569629776 + (0.8849901747612658 * x_0)))) + ((0.001 + (0.006 * (-3.34115030979141 + (0.5107587437264599 * x_1)))) * ((9.0 + (7.0 * (-5.192961335421972 + (3.487532856832522 * x_2)))) * ((-0.01 + (60.0 * (-2.419137422785296 + (0.862311797425404 * x_3)))) + (-0.001 + (-44.0 * (-2.717105569629776 + (0.8849901747612658 * x_0)))))))))),5.1434149742126465,,200
feynman_I_15_3x,ok,4,NoRef,0.9959730237703699,0.10446294337431462,77,((-0.00273 + (-0.399 * (-5.406940417278592 + (3.651746841581515 * x_3)))) + ((((5.13 + (-5.406940417278592 + (3.651746841581515 * x_3))) + ((-0.0097 + (-0.00294 * (-5.31046149851653 + (0.7020053706524357 * x_0)))) * (0.0752 + (48.6 * (-5.31046149851653 + (0.7020053706524357 * x_0)))))) * (-0.0378 + (-0.0826 * (-5.10499948290293 + (3.3738543444755535 * x_1))))) - ((-0.619 + (-0.0921 * ((-0.281 + (0.050100000000000006 * inv((-0.312 + (-0.16 * (-2.178268316616358 + (0.18522376390576137 * x_2))))))))**2)) * (8.75 + (2.2 * (-5.31046149851653 + (0.7020053706524357 * x_0))))))),8.108359575271606,,200
feynman_I_16_6,ok,3,NoRef,0.9861803142180888,0.14132607847484724,77,((((((0.00847 + (-2.7471278243839246 + (0.9079909650983548 * x_2))) + (0.009729999999999999 + (-0.997 * (-2.338683200901609 + (0.839476836958178 * x_0))))) * ((0.931 + (-0.24000000000000002 * (-2.550087265129937 + (0.8894335703382671 * x_1)))) + (-76.4 + (24.0 * (-2.7471278243839246 + (0.9079909650983548 * x_2)))))) * ((0.0030399999999999997 + (-0.062000000000000006 * (-2.338683200901609 + (0.839476836958178 * x_0)))) + (0.0005499999999999999 + (0.055600000000000004 * (-2.550087265129937 + (0.8894335703382671 * x_1)))))) - (-92.3 + (2.43 * (-2.550087265129937 + (0.8894335703382671 * x_1))))) * (0.030100000000000002 + (0.0142 * (-2.338683200901609 + (0.839476836958178 * x_0))))),3.9164812564849854,,200
feynman_I_18_12,ok,3,NoRef,0.9957278723199027,0.4540322975911918,32,(((2.5 + (-2.421696017227875 + (0.8519542273871007 * x_0))) * (0.1 + (0.04 * (-2.548286892362978 + (0.86026417115375 * x_1))))) * (0.1 + (34.7 * sin((0.62 + (-1.4000000000000001 * (-1.725396682298155 + (0.6944642421502414 * x_2)))))))),13.089693069458008,,200
feynman_I_18_14,ok,4,NoRef,0.9966377405880514,1.4794566065853887,42,((-0.13 + (-0.04870000000000001 * (-2.613124523709804 + (0.8658355855259678 * x_2)))) * ((0.0018 + (-0.661 * sin((-0.0396 + (-2.7962163559154027 + (0.9041044335611569 * x_3)))))) * ((55.800000000000004 + (20.7 * (-2.6000499735222258 + (0.8575648261012243 * x_0)))) * (-6.11 + (-2.13 * (-2.6321438473229772 + (0.8768714116868315 * x_1))))))),14.109812498092651,,200
feynman_I_18_4,ok,4,NoRef,0.9593939503421355,0.1787458292680436,85,((((0.304 + (-2.8149539998910376 + (0.9007791820199235 * x_3))) + ((0.00537 + (0.0034999999999999996 * (-2.6157150245109952 + (0.8800441601899178 * x_1)))) * (0.9400000000000001 + (-92.0 * (-2.604761631720367 + (0.8569951062057086 * x_2)))))) * ((0.5800000000000001 + (0.0066 * (-2.6157150245109952 + (0.8800441601899178 * x_1)))) + (-0.00414 + (-0.0597 * (-2.664498595282067 + (0.8920120394009231 * x_0)))))) - (((0.24000000000000002 * (-2.664498595282067 + (0.8920120394009231 * x_0))) * ((0.007809999999999999 + (0.49400000000000005 * (-2.8149539998910376 + (0.9007791820199235 * x_3)))) + (-0.057800000000000004 + (-0.31 * (-2.604761631720367 + (0.8569951062057086 * x_2)))))) + (-2.89 + (-0.994 * (-2.604761631720367 + (0.8569951062057086 * x_2)))))),5.318997383117676,,200
feynman_I_24_6,ok,4,NoRef,0.9902652207046548,1.4546975196693328,82,((0.12000000000000001 + (-0.08660000000000001 * (-3.6425304974630017 + (1.7917824686289467 * x_2)))) - (((0.0033799999999999998 + (-3.528758604253555 + (1.7555246602223264 * x_1))) + (0.00242 + (4.79 * exp(((0.021800000000000003 + (-0.021500000000000002 * (-3.6425304974630017 + (1.7917824686289467 * x_2)))) * (0.801 + (-9.83 * arctan((6.0200000000000005 + (0.00365 * (-3.528758604253555 + (1.7555246602223264 * x_1)))))))))))) * ((28.2 + (7.91 * (-3.4568449343419667 + (1.721945283087779 * x_0)))) * (0.0059 + (-0.008709999999999999 * (((-4.7 + (-0.442 * (-3.567613329038069 + (1.7349021460027578 * x_3)))) + (0.00743 + (-0.75 * (-3.567613329038069 + (1.7349021460027578 * x_3))))))**2))))),11.960132598876953,,200
feynman_I_25_13,ok,2,NoRef,0.9996506204262923,0.015460251917512961,24,((0.183 + (0.0724 * (-2.5512487222767346 + (0.8665706977286725 * x_0)))) * (-0.0036899999999999997 + (-94.5 * inv((-17.7 + (-7.33 * (-2.400742498290202 + (0.8003923054356457 * x_1)))))))),5.158416986465454,,200
feynman_I_26_2,ok,2,NoRef,0.9897365017418694,0.04893251637736605,42,(((-0.00845 + cos(((36.4 + (-0.00462 * (-1.564164953504747 + (3.41799237175793 * x_0)))) - (-0.00515 + (1.29 * (-2.401625007900688 + (0.840568848454874 * x_1))))))) * (-64.2 + (-6.1000000000000005 * (-1.564164953504747 + (3.41799237175793 * x_0))))) * (-0.0072 + (-0.00445 * (-1.564164953504747 + (3.41799237175793 * x_0))))),8.637185335159302,,200
feynman_I_27_6,ok,3,NoRef,0.9639724088518137,0.07593505129396742,64,((0.02 + (0.008 * (-2.3985862823410833 + (0.8064518581298143 * x_1)))) * (0.02 + (9.0 * sqrt(((0.2 + (0.08 * (-2.5212812957632926 + (0.8269424556449783 * x_0)))) * ((80.0 + (-14.0 * (-2.5212812957632926 + (0.8269424556449783 * x_0)))) + ((-0.030000000000000002 + (-9.9 * (-2.3985862823410833 + (0.8064518581298143 * x_1)))) + (-0.009 + (-90.0 * inv((0.9 + (-0.9 * inv((-0.01 + (-0.4 * (-2.7198734845172403 + (0.8655823842985322 * x_2))))))))))))))))),6.4043262004852295,,200
feynman_I_29_16,ok,4,NoRef,0.7608236418301655,0.981581850485788,83,(0.016700000000000003 + (0.497 * sqrt((((-0.0193 + abs((((-2.6705100830629784 + (0.8888164274402005 * x_1)) + (0.009519999999999999 + (-8.8 * (-2.585674534025608 + (0.8767406575303234 * x_3))))) + ((-0.281 + (8.08 * (-2.4962836392515335 + (0.8671704050930179 * x_2)))) - (-0.008289999999999999 + (-0.9800000000000001 * (-2.719956086378315 + (0.8786412216232687 * x_0)))))))) * (1.7 + (-4.3 * arctan((-0.006719999999999999 + (0.00784 * sqrt((40.7 + (0.008499999999999999 * (-2.4962836392515335 + (0.8671704050930179 * x_2))))))))))) * ((6.890000000000001 + (0.534 * (-2.6705100830629784 + (0.8888164274402005 * x_1)))) - (3.4 + (-0.92 * (-2.719956086378315 + (0.8786412216232687 * x_0))))))))),9.200136184692383,,200
feynman_I_29_4,ok,2,NoRef,0.9997632438067334,0.01986741519398602,24,((-0.7160000000000001 + (-0.331 * (-2.1650620520807715 + (0.38592391333961634 * x_0)))) * (-0.00477 + (-0.14100000000000001 * inv((0.09400000000000001 + (0.0471 * (-1.9951431992266675 + (0.3861777173669346 * x_1)))))))),4.320263385772705,,200
feynman_I_30_3,ok,3,NoRef,0.055426490289967156,2.2322965269273687,57,(3e-05 + (0.8400000000000001 * abs((((9.22 + sqrt((0.051000000000000004 + (-0.00518 * (-2.461202600763884 + (0.8634250264942191 * x_2)))))) - (-9.57 + (-7.68 * (-2.7051468847223092 + (0.8846863425384316 * x_0))))) * ((-0.07700000000000001 + (0.167 * cos((52.1 + (9.64 * (-2.713917252913514 + (0.9120507374530804 * x_1))))))) - (-0.0514 + (-0.28 * ((0.00694 + (0.653 * (-2.713917252913514 + (0.9120507374530804 * x_1)))))**3))))))),7.880168437957764,,200
feynman_I_30_5,ok,3,NoRef,0.9983432840518445,0.005688747660709849,35,(((-0.0005099999999999999 + inv((2.4 + (-2.503496805650597 + (0.8524201121194467 * x_2))))) * (-0.298 + (-0.060500000000000005 * (-5.1465134878527214 + (3.4065737547807147 * x_0))))) * (0.005569999999999999 + (71.5 * inv((-59.2 + (-14.700000000000001 * (-4.072826686636155 + (1.186008527663161 * x_1)))))))),9.928500175476074,,200
feynman_I_32_17,ok,6,NoRef,0.9732186968965767,0.8393475244911693,110,(((0.0478 + exp(((0.00911 + (-0.768 * (-7.094423785619939 + (1.79517298980545 * x_5)))) + ((-0.0297 + (0.10500000000000001 * (-5.22090641103695 + (3.5546784205957644 * x_2)))) + ((-0.0422 + (0.368 * (-5.422314254425465 + (3.6430504379238773 * x_3)))) - (-0.00519 + (-0.9760000000000001 * (-5.377145912979087 + (3.5490731972883967 * x_4))))))))) * (((-0.546 * (-5.764932660258052 + (3.78687650449493 * x_1))) - (((-5.32 + (-5.19 * (-5.167560062937342 + (3.539922280882652 * x_0)))) + (-23.5 + (0.0010999999999999998 * (-5.167560062937342 + (3.539922280882652 * x_0))))) - (2.09 + (0.8330000000000001 * (-5.764932660258052 + (3.78687650449493 * x_1)))))) + (-2.81 + (-0.00428 * (-7.094423785619939 + (1.79517298980545 * x_5)))))) * ((0.05790000000000001 + (0.00813 * (-5.764932660258052 + (3.78687650449493 * x_1)))) * (0.8490000000000001 + (0.24500000000000002 * (-5.22090641103695 + (3.5546784205957644 * x_2)))))),10.5443696975708,,200
feynman_I_32_5,ok,4,NoRef,0.9540417627453981,0.13794657490477014,95,((0.00399 + (0.041 * exp((((3.7600000000000002 + (-2.7279182964428794 + (0.9289890799688245 * x_3))) - (24.5 + (-0.28200000000000003 * (-2.7279182964428794 + (0.9289890799688245 * x_3))))) * ((-0.007719999999999999 + (-0.07400000000000001 * exp((-0.599 * (-2.7279182964428794 + (0.9289890799688245 * x_3)))))) + ((0.0548 + (-0.00709 * (-2.6293091772736408 + (0.8973551875146073 * x_1)))) + ((0.0070999999999999995 + (0.00791 * (-2.5204631409860694 + (0.8420799699938597 * x_2)))) * ((-0.526 + (-0.00413 * (-2.7279182964428794 + (0.9289890799688245 * x_3)))) - (-3.11 + (0.615 * (-2.5204631409860694 + (0.8420799699938597 * x_2)))))))))))) * ((-0.0395 + (-0.019000000000000003 * (-2.5999126994662913 + (0.8603722624673278 * x_0)))) * (-36.300000000000004 + (-15.5 * (-2.6293091772736408 + (0.8973551875146073 * x_1)))))),9.517683744430542,,200
feynman_I_34_1,ok,3,NoRef,0.9959809208935682,0.11802800685285961,67,(((-0.793 + inv(((-0.304 + (0.278 * (-5.224059625126184 + (3.4221881154884906 * x_1)))) + (-2.75 + (-1.18 * (-3.213191526129124 + (0.49872911299177847 * x_0))))))) * ((0.0073999999999999995 + (28.1 * ((0.14 + (0.00547 * (-3.213191526129124 + (0.49872911299177847 * x_0)))))**3)) - (-0.7070000000000001 + (-0.00665 * (-5.224059625126184 + (3.4221881154884906 * x_1)))))) * ((-4.48 + (-0.00374 * (-3.213191526129124 + (0.49872911299177847 * x_0)))) - (0.07550000000000001 + (1.77 * (-2.588994719877589 + (0.8403804552900841 * x_2)))))),7.160966396331787,,200
feynman_I_34_14,ok,3,NoRef,0.9955336039992652,0.0976268422532473,85,(((7.17 + inv((((0.06760000000000001 + (0.00062 * (-3.4548575752247537 + (0.523026255492135 * x_0)))) + (0.006549999999999999 + (0.025500000000000002 * (-3.4548575752247537 + (0.523026255492135 * x_0))))) - (-0.006679999999999999 + (0.008709999999999999 * (-5.154977009990223 + (3.4616776248047603 * x_1))))))) + (((0.00464 * inv(((-0.8220000000000001 + (7.03 * (-3.4548575752247537 + (0.523026255492135 * x_0)))) * (-8.83 + (-56.1 * (-2.704855709187059 + (0.914044649674877 * x_2))))))) + (0.0884 + (1.32 * (-5.154977009990223 + (3.4616776248047603 * x_1))))) + (50.1 + (-0.8230000000000001 * (-2.704855709187059 + (0.914044649674877 * x_2)))))) * (0.05330000000000001 + (0.020200000000000003 * (-2.704855709187059 + (0.914044649674877 * x_2))))),9.520021677017212,,200
feynman_I_34_27,ok,2,NoRef,0.9998588739595589,0.009800951763065205,19,((0.02 + (0.0078 * (-2.534319111975044 + (0.8625028469077035 * x_1)))) * (75.2 + (25.8 * (-2.89141769643402 + (0.898356770850574 * x_0))))),4.174845933914185,,200
feynman_I_34_8,ok,4,NoRef,0.999252463366887,0.31238620279944773,42,(((2.4 + (-2.5134922366209222 + (0.8456834090766008 * x_2))) * (0.2 + (0.08 * (-2.466227921875975 + (0.8316291782707262 * x_1))))) * ((0.2 + (0.08 * (-2.5127584990667504 + (0.8365681778083426 * x_0)))) * (0.3 + (0.8 * inv((0.0087 + (0.0031999999999999997 * (-2.7058039597000527 + (0.8963922028654532 * x_3))))))))),13.04583477973938,,200
feynman_I_37_4,ok,3,NoRef,0.9761209301840247,0.45635045704324256,74,(0.0025 + (0.008 * abs(((0.01 + (30.0 * (-2.6571366887356653 + (0.8822946483881516 * x_0)))) + ((-0.1 + (0.6 * (((-0.7000000000000001 + (-0.07 * (-2.6571366887356653 + (0.8822946483881516 * x_0)))) * ((0.8 + (0.09000000000000001 * (-2.383406815788065 + (0.839276951330772 * x_1)))) * (3.0 + (-91.5 * arctan((-0.001 + (0.56 * (-2.764987122967051 + (0.900490337034228 * x_2))))))))))**2)) + ((0.2 + (-0.3 * (-2.383406815788065 + (0.839276951330772 * x_1)))) * (-20.0 + (-55.0 * (-2.383406815788065 + (0.839276951330772 * x_1)))))))))),9.355579614639282,,200
feynman_I_38_12,ok,4,NoRef,0.9776095467983107,0.18982726837033767,50,(((0.00262 + inv(((0.0005099999999999999 + (-36.6 * exp((-0.00022999999999999998 + (-2.669105088819141 + (0.8929834841209456 * x_1)))))) * (-1.9000000000000001 + (-0.777 * (-2.5586279912186 + (0.8454003566144559 * x_0))))))) * (34.1 + (13.9 * (-2.6009675945637225 + (0.8457372940431475 * x_3))))) * (0.020200000000000003 + (24.5 * ((-0.163 + (-0.06620000000000001 * (-2.698955835159459 + (0.8870284288875848 * x_2)))))**2))),10.760551691055298,,200
feynman_I_39_1,ok,2,NoRef,0.99989213043026,0.07623379578118214,39,((-0.159 + (-0.059800000000000006 * (-2.7062751395259212 + (0.8763906451326979 * x_0)))) * ((-27.3 + (-34.5 * (-2.5210522670128928 + (0.8376322027194677 * x_1)))) + ((0.747 + (-0.004399999999999999 * (-2.5210522670128928 + (0.8376322027194677 * x_1)))) + (-61.0 + (0.383 * (-2.7062751395259212 + (0.8763906451326979 * x_0))))))),2.6231534481048584,,200
feynman_I_39_11,ok,3,NoRef,0.9996202801739816,0.059948191450195205,34,((0.02 + (0.007699999999999999 * (-2.6135216143256805 + (0.855921153581978 * x_1)))) * ((0.2 + (0.07500000000000001 * (-2.625098388323601 + (0.8546158887138439 * x_2)))) * (0.01 + (9.0 * inv((0.0097 + (0.0031999999999999997 * (-4.32559571055069 + (1.2368194563105266 * x_0))))))))),10.942831993103027,,200
feynman_I_39_22,ok,4,NoRef,0.9992038373765985,0.25549070264370227,62,((((2.56 + (-2.515464031129917 + (0.8571865699921215 * x_3))) * (-0.8390000000000001 + (-0.315 * (-2.673320419181644 + (0.862997113312146 * x_1))))) * ((0.441 + (-0.0036999999999999997 * (-2.8938465905050474 + (0.9115319998776715 * x_2)))) * ((-2.6 + (-0.928 * (-2.7095154921239692 + (0.8898156980890322 * x_0)))) * (-0.055600000000000004 + (3.62 * inv((1.02 + (0.34900000000000003 * (-2.8938465905050474 + (0.9115319998776715 * x_2)))))))))) + (-0.00694 + (0.00295 * (-2.673320419181644 + (0.862997113312146 * x_1))))),11.194774627685547,,200
feynman_I_40_1,ok,6,NoRef,0.4971990672916844,0.47608629356201976,92,((0.00878 + (0.00312 * (-2.750630136878482 + (0.8784863640556843 * x_0)))) * (1e-05 + (0.00217 * ((-0.0495 + (0.01 * (((-52.7 + (0.0267 * (-2.505577383670409 + (0.8487705948021765 * x_5)))) + ((-5.22 + (-0.00148 * (-2.750630136878482 + (0.8784863640556843 * x_0)))) - (0.8260000000000001 + (0.0023699999999999997 * (((-0.875 + (2.19 * (-2.7566779457259827 + (0.9431878324167259 * x_3)))) + (((-6.09 + (-2.505577383670409 + (0.8487705948021765 * x_5))) - (-0.00564 + (0.515 * (-2.685752135038517 + (0.8737632076877316 * x_1))))) * ((2.6 + (0.517 * (-2.604274673300914 + (0.8774717798506494 * x_2)))) - (-0.007019999999999999 + (-0.5760000000000001 * (-2.632057227943042 + (0.8533082368996687 * x_4))))))))**3)))))**2)))**3))),13.657936096191406,,200
feynman_I_41_16,ok,5,NoRef,0.9727913110600704,0.4554487050073761,75,(((-0.012 + inv((0.00811 + (-0.9580000000000001 * ((((0.93 * (-2.5141252122709137 + (0.8254257004395766 * x_4))) + (2.4 + (0.0403 * (-2.699004118830948 + (0.8588094739086412 * x_2))))) + (0.0689 + (-0.020100000000000003 * (-2.5141252122709137 + (0.8254257004395766 * x_4))))))**2)))) * ((-0.0604 + (-0.0204 * (-2.7023065522833383 + (0.9018351501921328 * x_1)))) * (-0.375 + (0.331 * sin((-0.0038599999999999997 + (-0.526 * (-2.4195199750154344 + (0.8276034912250019 * x_3))))))))) * (-7.2700000000000005 + (-3.2 * ((8.23 + (3.25 * (-2.7591720371449497 + (0.8901706115839029 * x_0)))))**2))),12.414715766906738,,200
feynman_I_43_16,ok,4,NoRef,0.9991703344305435,0.28309912266839937,42,(((2.5 + (-2.5394232640311034 + (0.8623533219956532 * x_0))) * (0.2 + (0.08 * (-2.5325929527992206 + (0.8680939467859502 * x_2))))) * ((0.2 + (0.07700000000000001 * (-2.569119086945987 + (0.8611156813888292 * x_1)))) * (0.02 + (0.8 * inv((0.009 + (0.0036 * (-2.5275619323503817 + (0.8733293130547708 * x_3))))))))),11.86389946937561,,200
feynman_I_43_31,ok,3,NoRef,0.9999068090997737,0.17452515519270045,39,((-73.9 + (-27.900000000000002 * (-2.620848157697589 + (0.877041434042821 * x_0)))) * ((-0.865 + (-0.334 * (-2.5655275384794733 + (0.8491796334579955 * x_2)))) * ((0.445 + (-0.00531 * (-2.766978367774217 + (0.8922886932012777 * x_1)))) - (0.0052499999999999995 + (-0.163 * (-2.766978367774217 + (0.8922886932012777 * x_1))))))),8.147011041641235,,200
feynman_I_43_43,ok,4,NoRef,0.9992937231979981,0.04904936496806426,57,(((0.632 + inv(((0.9 + (0.336 * (-2.5887400075603013 + (0.8587029602822143 * x_2)))) * (-0.00171 + (-0.0005899999999999999 * (-3.9875563203078572 + (1.133381419000807 * x_0))))))) * (-0.0042 + (-0.00179 * (-2.3535395914566313 + (0.8333798952873859 * x_1))))) * ((0.09540000000000001 + (0.034300000000000004 * (-2.721103044426544 + (0.8903757010329937 * x_3)))) * (4.44 + (-8.72 * arctan((0.012600000000000002 + (0.0199 * (-2.5887400075603013 + (0.8587029602822143 * x_2))))))))),8.726250410079956,,200
feynman_I_44_4,ok,5,NoRef,0.9844500955069191,2.7902093443919966,80,((-2.27 + (0.308 * (-2.672702249888496 + (0.8826010950824924 * x_3)))) * ((((-5.65 + (-2.74648864990375 + (0.8845625750500153 * x_4))) * (((2.32 + (-2.499546494011863 + (0.8393835285754679 * x_2))) - (0.0038699999999999997 + (0.0056099999999999995 * inv((-0.00257 + (-4.82 * (-2.499546494011863 + (0.8393835285754679 * x_2)))))))) * (-0.009949999999999999 + (-0.00378 * (-2.735022369041267 + (0.8893477651640194 * x_1)))))) * (-7.07 + (-2.52 * (-2.772098215480759 + (0.9125155363496182 * x_0))))) * ((0.405 + (5.22 * (-2.74648864990375 + (0.8845625750500153 * x_4)))) + (0.04700000000000001 + (-4.86 * (-2.672702249888496 + (0.8826010950824924 * x_3))))))),13.353041410446167,,200
feynman_I_47_23,ok,3,NoRef,0.996913032127264,0.037267088607138066,35,(-0.00936 + (0.09240000000000001 * sqrt((((0.0117 + inv((2.48 + (-2.5724828174692225 + (0.8432476442733219 * x_2))))) * (10.700000000000001 + (4.2 * (-2.592997202582427 + (0.837398763532969 * x_0))))) * (76.0 + (28.6 * (-2.6165659297933477 + (0.8878935966391123 * x_1)))))))),8.121387958526611,,200
feynman_I_48_2,ok,3,NoRef,0.999120028462551,2.7403307158638963,39,((2.3000000000000003 + (0.9 * (-2.552294993039161 + (0.8647831399427154 * x_0)))) * ((56.0 + (0.7000000000000001 * (-4.937743544426889 + (3.2843729845807 * x_1)))) - ((0.4 + (0.07 * (-3.391832487704957 + (0.5210116748906156 * x_2)))) * (0.1 + (-79.2 * (-3.391832487704957 + (0.5210116748906156 * x_2))))))),6.512951135635376,,200
feynman_I_50_26,ok,4,NoRef,0.14062746807206283,1.8400632568202586,107,((-0.0211 + (-0.00629 * (-3.6514817749949793 + (1.80323135783928 * x_0)))) * ((19.0 + (-1.28 * (((((-5.8 + (0.056900000000000006 * sqrt((-0.872 + (5.21 * abs((8.1 + (-0.06530000000000001 * (-3.3181470678994196 + (1.6324912473197704 * x_1)))))))))) + (-0.551 + (-2.74 * (-3.536023516680619 + (1.75533069780533 * x_2))))) - (((-0.872 + (3.88 * sin((-5.22 * (-3.3181470678994196 + (1.6324912473197704 * x_1)))))) + (0.068 + (0.07680000000000001 * (-3.3328522910623977 + (1.7072811432647408 * x_3))))) - (0.0631 + (-5.34 * (-3.3328522910623977 + (1.7072811432647408 * x_3)))))) + ((0.7100000000000001 + (3.2600000000000002 * (-3.3328522910623977 + (1.7072811432647408 * x_3)))) - (-0.0855 + (3.2800000000000002 * (-3.3181470678994196 + (1.6324912473197704 * x_1)))))))**2)) + (-0.315 + (0.00845 * (-3.6514817749949793 + (1.80323135783928 * x_0)))))),13.62246584892273,,200
feynman_I_6_2,ok,2,NoRef,0.867000360777876,0.015650344827539114,54,((0.030000000000000002 + (-0.006 * (-3.514115234431094 + (1.739810398745664 * x_0)))) * (4.1 + (-3.0 * sin(((0.01 + (-0.003 * (-3.514115234431094 + (1.739810398745664 * x_0)))) * ((3.0 + (37.9 * (-3.405357073342636 + (1.6986630633987225 * x_1)))) + ((0.3 + (-0.09000000000000001 * (-3.405357073342636 + (1.6986630633987225 * x_1)))) * (0.01 + (-83.4 * (-3.514115234431094 + (1.739810398745664 * x_0))))))))))),6.021235227584839,,200
feynman_I_6_2a,ok,1,NoRef,0.9995137581978907,0.0015878780796774088,34,((0.0073 + (-0.00323 * (-3.3043792546673862 + (1.6591429555496728 * x_0)))) * ((-7.3 + (-0.016200000000000003 * (-3.3043792546673862 + (1.6591429555496728 * x_0)))) - (-8.0 + (-0.00896 * ((-27.7 + (11.200000000000001 * (-3.3043792546673862 + (1.6591429555496728 * x_0)))))**2)))),3.7735791206359863,,200
feynman_I_6_2b,ok,3,NoRef,0.9633328217107743,0.010442244477034388,39,(0.030000000000000002 + (-9.0 * inv(((-52.6 + (-15.9 * (-3.648690234065757 + (1.810834389535367 * x_0)))) + (0.01 + (-0.0006 * (((0.9 + (73.10000000000001 * (-3.5208095926375687 + (1.7955920545817259 * x_1)))) + (-9.0 + (-73.10000000000001 * (-3.504008249416157 + (1.7339598113329304 * x_2))))))**2)))))),5.232260704040527,,200
feynman_I_8_14,ok,4,BFGS,1.6823062880533257e-06,0.9495576833380343,72,(2.0659408914579136 + (2.093485503271707e-08 * abs(((((((0.260940889319557 + (-2.8502199266344257 + (0.9130456171320038 * x_0))) + (0.22139088931955692 + (-0.1945730423679571 * (-2.599248084478257 + (0.8845884196557181 * x_2))))) * (-42.80150156400921 + (0.0884691451228377 * (-2.7225380020541645 + (0.925073228466846 * x_1))))) + (-0.0230112183601567 + (45.79920698036512 * (-2.7225380020541645 + (0.925073228466846 * x_1))))) - ((3.906111218360157 + (47.69497768369371 * (-2.6197762566691063 + (0.8822041138208964 * x_3)))) + (0.0864112183601567 + (3.3268059494447164 * (-2.599248084478257 + (0.8845884196557181 * x_2)))))) + (-0.0017812183601566955 + (47.10319405055528 * (-2.599248084478257 + (0.8845884196557181 * x_2)))))))),5.0833752155303955,,200
feynman_I_9_18,ok,9,NoRef,0.9821094667374685,0.015924527279270653,92,((0.04 + (0.008 * (-5.454952378167819 + (3.5597416854716295 * x_2)))) * ((0.04 + (0.008 * (-5.280887282031235 + (3.517700762370517 * x_1)))) * ((0.4 + (0.08 * (-5.0619378650438245 + (3.429332041613027 * x_0)))) * ((0.7000000000000001 + (-0.060000000000000005 * (-12.07450811257965 + (3.447755129551146 * x_3)))) * ((9.0 + (-0.9 * (-12.220849580979717 + (3.5095633051568256 * x_5)))) * (40.0 + (0.008 * (((60.0 + (8.2 * (-5.425315389628147 + (3.544367204983429 * x_4)))) - (((-8.6 * (-5.3254948363333385 + (3.5109234238146523 * x_8))) + (-0.1 + (-8.3 * (-5.392816095681697 + (3.542785928524673 * x_6))))) + (-0.1 + (8.8 * (-11.8704355229784 + (3.388706955506491 * x_7)))))))**2))))))),11.22905421257019,,200
feynman_test_1,ok,7,NoRef,0.8454035982600836,3.4140825331849682,75,(0.02 + (0.001 * exp(((6.0 + (0.4 * (-5.301254421293182 + (3.571895589168692 * x_2)))) + (((0.4 * (-5.46455807631665 + (3.5498345168665297 * x_4))) + (0.1 + (0.4 * (-5.138990131434707 + (3.418222117248415 * x_3))))) + (((0.43 * (-5.207970175488111 + (3.4354126422346773 * x_1))) + (0.1 + (0.4 * (-5.227781264550111 + (3.4955479802810143 * x_0))))) + (-0.1 + (0.9 * (((1.1 + (-0.5 * (-3.366539535406591 + (1.6550803839109154 * x_6)))) + (-0.2 + (-0.3 * (-3.537848367214543 + (1.7762555305867092 * x_5))))))**2)))))))),8.923373699188232,,200
feynman_test_10,ok,3,NoRef,0.9793974535485901,0.07258240070317465,47,((-0.0724 + (0.62 * sqrt((13.5 + (5.65 * (-3.3460345348848217 + (1.6375695874502416 * x_2))))))) - (((2.0 + (-3.3845826183045533 + (1.6813002149621212 * x_1))) * (0.004229999999999999 + (-0.0018599999999999999 * (-3.3460345348848217 + (1.6375695874502416 * x_2))))) * (0.515 + (-0.29600000000000004 * inv((0.012600000000000002 + (0.00249 * (-8.116061002775346 + (1.6342484134069302 * x_0))))))))),5.0116283893585205,,200
feynman_test_11,ok,4,NoRef,0.9531375708974825,0.2485772927045283,80,((-55.1 + (0.248 * (-3.346469913588077 + (1.6850115584239587 * x_2)))) * ((-0.5640000000000001 + (-0.17300000000000001 * (-3.3954474918985897 + (1.6980452382715512 * x_0)))) * (((0.615 + (-3.665844595981015 + (1.777098795308299 * x_1))) - (5.5600000000000005 + (0.5840000000000001 * (-3.346469913588077 + (1.6850115584239587 * x_2))))) * (((0.301 * (-3.346469913588077 + (1.6850115584239587 * x_2))) * (0.0223 + (0.00844 * (-5.236612109883896 + (3.481438590813907 * x_3))))) + (-0.00984 + (-0.00438 * cos(((4.75 + (0.298 * (-3.346469913588077 + (1.6850115584239587 * x_2)))) + (0.8130000000000001 + (0.5920000000000001 * (-5.236612109883896 + (3.481438590813907 * x_3)))))))))))),11.963696002960205,,200
feynman_test_12,ok,5,NoRef,0.9978298556103501,0.6755106096525337,57,(((2.4 + (-2.5428592207713114 + (0.8562284556356499 * x_2))) * (0.02 + (0.0073999999999999995 * (-2.6977268572244775 + (0.8745901392683244 * x_0))))) * ((0.02 + (0.2 * (-2.853922264819424 + (0.932495105440568 * x_4)))) + (0.02 + (0.9 * ((0.1 + (-9.0 * inv(((0.07 + (-0.0036 * (-8.932695855907657 + (1.8116048195913816 * x_3)))) * (7.8 + (2.1 * (-3.5635370620943165 + (1.7939317028206654 * x_1)))))))))**2)))),11.382699966430664,,200
feynman_test_13,ok,5,NoRef,0.9413227043237037,0.003700688875475111,59,((0.02 + (0.007699999999999999 * (-2.6250159024465325 + (0.8809471830218581 * x_0)))) * (-0.1 + (0.7000000000000001 * inv(((0.02 + (0.0075 * (-2.6325494804343417 + (0.8669522048421392 * x_4)))) * ((50.0 + (3.6 * (-8.806647690247798 + (1.7455943517050234 * x_2)))) + ((0.3 + (0.09000000000000001 * (-3.5940895997809497 + (1.8135393947013234 * x_1)))) * (30.0 + (-0.006999999999999999 * ((8.8 + (-75.4 * (-1.746642865264792 + (0.5896839391773017 * x_3)))))**2))))))))),11.583277702331543,,200
feynman_test_14,ok,5,BFGS,0.0030294463704122476,13.31007100737188,103,(((3.1597272541832147 + (-2.82933830080293 + (0.9019774465276317 * x_2))) * ((-0.007251544124111914 + (-0.11372862461801984 * (-1.8362504524212548 + (0.5886238536748217 * x_1)))) * (((3.48149230810067 + (-2.4971016599479787 + (0.8755177320464741 * x_0))) - (-1.644092308100646 + (0.6385406504997656 * arctan(((-0.3086162502071897 + (21.353645251351736 * (-2.4971016599479787 + (0.8755177320464741 * x_0)))) - (((0.4102016326999699 + (-2.7717036158853623 + (0.8910307375402117 * x_4))) - (4.174798367300054 + (-0.024868852210504847 * (-2.7343051092784583 + (0.8676802164640326 * x_3))))) * (-0.39690861283990475 + (49.30871554294627 * (-2.82933830080293 + (0.9019774465276317 * x_2)))))))))) * (-0.4710134501669523 + (-2.9440857077030605e-06 * exp(((0.28970137276475344 + (2.1470914255164826 * (-2.7343051092784583 + (0.8676802164640326 * x_3)))) - (-3.774701372764399 + (3.9586738701278326 * (-2.82933830080293 + (0.9019774465276317 * x_2))))))))))) * (-0.009824798319992186 + (-0.29593360146050635 * (-1.8362504524212548 + (0.5886238536748217 * x_1))))),13.240756750106812,,200
feynman_test_15,ok,4,NoRef,0.945754235915541,0.3081124661623051,70,((9.65 + (3.88 * (-2.6083629970816253 + (0.8614753242282561 * x_2)))) * (0.25 + (-0.56 * inv((((-0.224 * sqrt((77.5 + (-3.44398841134359 + (1.7062541540257399 * x_1))))) * ((0.5800000000000001 + (0.037000000000000005 * ((-0.905 + (7.3 * (-1.6328865507846893 + (0.5623491845950379 * x_3)))))**2)) - (-1.8 + (0.259 * (-3.44398841134359 + (1.7062541540257399 * x_1)))))) + ((-0.0256 + (0.273 * (-2.775585808642215 + (0.2230513956628074 * x_0)))) * (-3.54 + (-2.39 * (-1.6328865507846893 + (0.5623491845950379 * x_3)))))))))),6.190737247467041,,200
feynman_test_16,ok,6,NoRef,0.9437885056457914,6.220195322914726,112,(((4.08 * (-2.497958180791681 + (0.846442877452173 * x_5))) + (0.00773 + (0.75 * (-2.8339070085508693 + (0.8963785096562519 * x_3))))) + (((0.5660000000000001 + (-90.8 * exp(((-0.00959 + (0.451 * (-2.5646829966487252 + (0.8976314789223115 * x_1)))) + (0.0006299999999999999 + (-0.0087 * (-2.497958180791681 + (0.846442877452173 * x_5)))))))) * (-0.464 + (-0.08650000000000001 * (-2.4906875140014773 + (0.8274788980025466 * x_0))))) - ((0.00033999999999999997 + (-0.00991 * (-2.4906875140014773 + (0.8274788980025466 * x_0)))) + ((-0.48700000000000004 + (-0.263 * (-2.754039946388614 + (0.9247900733006543 * x_4)))) * ((0.09200000000000001 + (-4.21 * (-2.635665760890794 + (0.8730170310102188 * x_2)))) - ((-2.22 + (-7.890000000000001 * (-2.754039946388614 + (0.9247900733006543 * x_4)))) - ((0.0644 + (15.9 * (-2.8339070085508693 + (0.8963785096562519 * x_3)))) + (-1.1 + (1.2 * (-2.5646829966487252 + (0.8976314789223115 * x_1))))))))))),12.515800952911377,,200
feynman_test_17,ok,6,NoRef,0.9774202638936595,164.87867575517765,67,((0.2 + (0.07 * (-2.609026883475403 + (0.9049875073710979 * x_0)))) * (0.2 + (0.006 * (((0.3 + (0.1 * (-2.7108630841762187 + (0.8830372164530217 * x_4)))) * (((4.0 + (-2.765478966339881 + (0.9329498472453334 * x_1))) + (-0.1 + (0.04 * (-2.4807409694030844 + (0.8117468840952684 * x_2))))) * ((60.0 + (6.2 * (-2.58308061810788 + (0.8667775591446114 * x_5)))) + (-3.0 + (9.0 * exp((-0.4 + (-0.8 * (-2.781416348213264 + (0.8769741774113623 * x_3)))))))))))**3))),11.451571702957153,,200
feynman_test_18,ok,5,NoRef,0.8075741978279303,0.34147809784163513,109,(-0.216 + (0.08650000000000001 * abs(((0.0063999999999999994 + (17.900000000000002 * exp(((0.64 + (0.0036 * (((2.48 + (0.7110000000000001 * (-2.689919738378074 + (0.9109270103670807 * x_1)))) - (-0.062200000000000005 + (2.43 * (-2.391519112253692 + (0.8163618698332834 * x_2))))))**3)) - (-7.390000000000001 + (0.753 * sqrt((-0.007699999999999999 + (98.2 * sqrt(((2.29 + (-0.00122 * (-2.689919738378074 + (0.9109270103670807 * x_1)))) - ((0.0036599999999999996 + (-0.636 * (-2.8325456789844874 + (0.8985308040340149 * x_0)))) * (0.8210000000000001 + (-0.00469 * (-2.649399129385902 + (0.8900528640090624 * x_3)))))))))))))))) - (-0.0052699999999999995 + (-2.79 * (((-0.859 + (-0.49300000000000005 * (-2.649399129385902 + (0.8900528640090624 * x_3)))) + (0.00469 + (-0.609 * ((-0.0034 + (-0.06180000000000001 * abs((-9.83 + (-3.4 * (-2.6338575830760558 + (0.8934994887606297 * x_4))))))))**2))))**2)))))),9.093068838119507,,200
feynman_test_19,ok,6,NoRef,0.879048803454981,5.434416391903212,85,(((2.1 + (-2.563942402759304 + (0.8359465135192651 * x_4))) * (0.01 + (0.0046 * (-2.586608786405093 + (0.8513854795762903 * x_5))))) * ((0.1 + (0.05 * (-2.5340806714331805 + (0.8433488361089256 * x_3)))) * ((-0.01 + (9.0 * inv(((0.02 + (0.008 * (-2.470148202109449 + (0.8643710414180056 * x_0)))) * (0.2 + (-0.060000000000000005 * (-2.586608786405093 + (0.8513854795762903 * x_5)))))))) + ((0.9 + (-9.0 * inv((2.0 + (-2.510605559071305 + (0.8605237995995644 * x_2)))))) * ((90.0 + (30.0 * (-2.469934740574904 + (0.8197279678209497 * x_1)))) + (0.02 + (-99.0 * (-2.5340806714331805 + (0.8433488361089256 * x_3))))))))),16.140870809555054,,200
feynman_test_2,ok,6,BFGS,0.11535057245829017,1.777156023543097,87,((-0.036539860530795935 + (-0.11933636810118217 * (-1.6813708131974574 + (0.5715451023570847 * x_5)))) - (0.754639860530796 + (-0.822073791486517 * ((((((-0.9066762741019382 * cos((0.7400786118459661 + (-47.49850688906095 * (-3.374365183451518 + (1.6756185087337063 * x_3)))))) - ((-51.79951020828703 + (-0.886092599542058 * (-3.374365183451518 + (1.6756185087337063 * x_3)))) * (-0.02414276705412742 + (0.0009096241242467287 * ((-7.633382665978467 + (-0.0018566383506959758 * (-1.5805657668478423 + (0.5708335569588892 * x_4)))))**2)))) + (1.7499838847080567 + (0.7388854175115316 * (-3.484219578395549 + (1.7515960242856556 * x_1))))) * (-0.16265124000072495 + (8.228562737281576 * ((0.0628341618756244 + (0.11803600614795468 * (-3.442291868563275 + (1.728032016896608 * x_2)))))**3))) - (0.945810009129532 + (0.20583009179004622 * (-3.694453183714725 + (1.849845799738913 * x_0))))))**2))),10.984064102172852,,200
feynman_test_20,ok,7,NoRef,0.38397862591301424,3.2003578660427383,82,(0.001 + (0.1 * exp((((0.9 * (-2.5052288861366203 + (0.8487810534637035 * x_1))) + ((0.01 + (0.9 * (-2.5572280095030715 + (0.8621049992891755 * x_3)))) + ((0.1 + (-0.9 * (-2.6907610883925144 + (0.890707011566884 * x_4)))) + (-0.01 + (0.8 * (-2.7376235059154497 + (0.8673671831208826 * x_2))))))) + ((0.1 + (-0.8 * (-2.783570439639793 + (0.9233358890323494 * x_5)))) + (-0.1 + (0.006999999999999999 * (((5.0 + (-9.9 * (-2.4913618241411206 + (0.870112794150215 * x_0)))) - (0.001 + (3.0 * sin((0.08 + (-9.0 * (-1.6532529969200138 + (0.5406303341028174 * x_6)))))))))**2))))))),7.837774276733398,,200
feynman_test_3,ok,4,NoRef,0.9982511949537022,0.08139967187636228,44,((0.3 + (0.09300000000000001 * (-4.859006065813082 + (1.6427931891012966 * x_1)))) * ((0.2 + (0.057 * (-3.471159570853373 + (1.6737506595930596 * x_0)))) * (-66.9 + (-0.0006 * (((0.1 + (-69.9 * (-15.032047874287718 + (3.353815118292767 * x_3)))) + (0.3 + (61.1 * (-16.172015121786515 + (3.5941604003366345 * x_2))))))**2)))),10.703520774841309,,200
feynman_test_4,ok,5,NoRef,0.964352316579175,0.09533161384192655,120,(-0.544 + (0.07 * sqrt(((-0.0796 + (-89.8 * inv((3.77 + (-3.434758293955252 + (1.7338496667716403 * x_0)))))) * ((((-84.2 + (-5.12 * (-3.631622653697142 + (1.8179962395743536 * x_4)))) - ((0.00066 + (-5.21 * (-3.4980833203229977 + (1.8537679695560751 * x_2)))) - ((0.011800000000000001 + (-10.9 * abs((0.645 + (-0.20500000000000002 * (-3.3956721904323857 + (1.6818367301853963 * x_3))))))) - (0.796 + (-2.45 * (((9.11 + (0.557 * (-3.631622653697142 + (1.8179962395743536 * x_4)))) * ((0.232 + (-0.0374 * (-8.409856081703799 + (0.8421415637065467 * x_1)))) * (0.00511 + (0.262 * (-3.631622653697142 + (1.8179962395743536 * x_4)))))))**2))))) - ((0.0007999999999999999 + (-0.00467 * ((-8.08 * (-3.3956721904323857 + (1.6818367301853963 * x_3))))**2)) + (0.00919 + (12.700000000000001 * (-8.409856081703799 + (0.8421415637065467 * x_1)))))) + (0.0010999999999999998 + (3.5700000000000003 * (-3.631622653697142 + (1.8179962395743536 * x_4))))))))),9.49594497680664,,200
feynman_test_5,ok,4,NoRef,0.9539092250942216,0.6623861267893691,64,((-0.9510000000000001 + (-0.35000000000000003 * (-3.23468266994482 + (1.6591241874943665 * x_0)))) * (0.36200000000000004 + (-19.6 * inv((0.042 + (8.64 * sqrt((((-0.006829999999999999 + (0.00924 * (-3.5715645968617267 + (1.7740534831014714 * x_3)))) - (-0.009049999999999999 + (-0.023000000000000003 * (-3.463507310340305 + (1.7558292590522568 * x_1))))) - ((-0.9670000000000001 + (-0.12000000000000001 * (-3.5243486716001864 + (1.7355707966666627 * x_2)))) * (0.0937 + (0.00121 * abs((-8.13 + (12.700000000000001 * (-3.23468266994482 + (1.6591241874943665 * x_0)))))))))))))))),10.879421710968018,,200
feynman_test_6,ok,7,NoRef,0.8683372498599418,0.1859034869754408,95,((-3.16 + (-0.058800000000000005 * arctan((5.68 + (0.924 * (-3.51997998884813 + (1.7280743807208145 * x_2))))))) - (-4.33 + (-8.45 * exp(((-0.034800000000000005 + (-0.321 * (-3.51997998884813 + (1.7280743807208145 * x_2)))) + (-0.376 + (-0.20700000000000002 * abs((((-2.4 * (-3.564003084010684 + (1.7270366227340548 * x_0))) - (0.0036899999999999997 + (-6.93 * (-3.464097052656947 + (1.740799776652784 * x_5))))) + (-0.00923 + (12.8 * sqrt((((0.668 * (-3.449152718312042 + (1.6976979855860372 * x_4))) + (0.060000000000000005 + (-0.433 * (-3.495416236538771 + (1.7382917673746647 * x_1))))) + ((-0.00946 + (0.521 * (-3.4017177863831747 + (1.6461681118362466 * x_3)))) + (3.37 + (-0.232 * (-3.4949213836164295 + (1.7467222493641044 * x_6)))))))))))))))))),9.38478422164917,,200
feynman_test_7,ok,5,NoRef,0.9972482214373999,0.0614152226152073,57,(-0.1 + (0.9 * sqrt((((3.6 + (-3.5817515635104775 + (1.71294374453043 * x_1))) + (0.01 + (-0.02 * (-5.4674033515100415 + (3.6309111090818504 * x_2))))) * ((12.8 + (3.2 * (-4.01008885957154 + (1.9368236560367404 * x_0)))) - (0.1 + (0.09000000000000001 * exp(((1.0 + (-0.9 * (-3.6016316191425464 + (1.7889994255916244 * x_4)))) + (-0.1 + (0.5 * (-5.4800875475190685 + (3.679942846274682 * x_3))))))))))))),8.778743982315063,,200
feynman_test_8,ok,4,NoRef,0.9167152003432119,0.13717203184467394,74,((0.030000000000000002 + (0.008 * (-3.3653065153557096 + (1.6809530999057976 * x_0)))) * ((60.0 + (-2.0 * (-3.3653065153557096 + (1.6809530999057976 * x_0)))) + (0.02 + (-0.002 * (((70.0 + (-30.0 * (-3.3575040445859767 + (1.7014291673085824 * x_2)))) - ((0.1 + (14.5 * (-3.4363172184011948 + (1.7384611621281187 * x_1)))) + ((0.1 + (9.0 * (-3.3653065153557096 + (1.6809530999057976 * x_0)))) + ((-0.2 + (0.05 * (-3.4646197585343543 + (1.7925414576254786 * x_3)))) * (-0.001 + (87.4 * (-3.4646197585343543 + (1.7925414576254786 * x_3)))))))))**2)))),12.594685316085815,,200
feynman_test_9,ok,5,NoRef,0.6092157647395842,6731.381569255164,120,(((-3.52 + exp(((((((2.91 * inv(((-53.5 + (0.0917 * (-5.657145228365777 + (3.711512297913349 * x_0)))) - (90.60000000000001 + (65.2 * (-5.229820704398722 + (3.505187093079862 * x_1))))))) - (0.00938 + (1.94 * (-5.185088551029865 + (3.40858213908487 * x_4))))) + (0.902 + (49.6 * inv((4.83 + (0.883 * (-5.229820704398722 + (3.505187093079862 * x_1)))))))) - (-0.07790000000000001 + (-0.0166 * (-5.657145228365777 + (3.711512297913349 * x_0))))) + (0.07740000000000001 + (0.09140000000000001 * (-5.657145228365777 + (3.711512297913349 * x_0))))) * (0.389 + (0.0335 * (-5.657145228365777 + (3.711512297913349 * x_0))))))) * (-0.00172 + (0.934 * cos((2.23 + (0.014300000000000002 * (-2.5627625663383364 + (0.8211078402482829 * x_3)))))))) * (-0.0017 + (-0.061700000000000005 * (((-0.788 + (-0.299 * (-2.4930593469502407 + (0.8452017443213172 * x_2)))) * (5.11 + (1.82 * (-2.5627625663383364 + (0.8211078402482829 * x_3))))))**3))),10.863272428512573,,200
first_principles_absorption,ok,1,NoRef,0.9907111042651774,0.1071156635763307,19,(0.792 + (2.22 * tan((0.0776 + (0.537 * arctan((0.9700000000000001 + (2.41 * (-0.748484636380034 + (0.08019887424858779 * x_0)))))))))),3.7344086170196533,,14
first_principles_bode,ok,1,BFGS,0.03863401865100424,5.962679696763234,74,((-0.8052390744664426 + (-6.498807510678238 * log((0.44692079872539925 + (0.022974421870830437 * cos((((-0.08941497020041038 + (-0.8292052721491802 * (0.3659119885901363 + (0.0030116213052686115 * x_0)))) - (0.01597497020041036 + (-0.010594727850819927 * (0.3659119885901363 + (0.0030116213052686115 * x_0))))) - ((-0.04418502979958965 + (-5.098794727850819 * (0.3659119885901363 + (0.0030116213052686115 * x_0)))) - ((0.3836850297995896 + (47.80879472785083 * (0.3659119885901363 + (0.0030116213052686115 * x_0)))) + (0.04908502979958965 + (43.07417420160655 * cos((3.856157255593732 + (0.23241001460418625 * (0.3659119885901363 + (0.0030116213052686115 * x_0)))))))))))))))) + (0.026250925533557443 + (0.2908987783247959 * (0.3659119885901363 + (0.0030116213052686115 * x_0))))),3.7437527179718018,,8
first_principles_hubble,ok,1,NoRef,0.5452264653052611,226.823425873757,90,(0.00792 + (-44.800000000000004 * inv((-0.00904 + (0.031100000000000003 * inv((((0.004399999999999999 + cos((16.6 + (0.38 * sqrt((-0.771 + (4.12 * (((-0.0072699999999999996 + (0.00639 * arctan((-64.6 + (0.00324 * (-1.4730662843564242 + (1.6521438540845628 * x_0))))))) - (0.772 + (-52.800000000000004 * arctan((((64.2 + (-1.4730662843564242 + (1.6521438540845628 * x_0))) * (-0.00449 + (0.7200000000000001 * (-1.4730662843564242 + (1.6521438540845628 * x_0))))) * (-2.58 + (0.318 * (-1.4730662843564242 + (1.6521438540845628 * x_0))))))))))**2))))))) - (1.68 + (1.17 * (-1.4730662843564242 + (1.6521438540845628 * x_0))))) * (0.225 + (0.0047599999999999995 * (-1.4730662843564242 + (1.6521438540845628 * x_0))))))))))),8.310592412948608,,32
first_principles_ideal_gas,ok,3,NoRef,0.8481080410782733,0.5233275897806778,105,(-0.00146 + (3.41 * sqrt(((-0.007809999999999999 + (-7.17 * abs((0.033800000000000004 * (-1.6525414953354425 + (0.03695931216347938 * x_0)))))) + ((-0.0093 + (-0.9740000000000001 * (-1.7269481113159797 + (0.03158325643002412 * x_2)))) - ((0.32 + (-0.87 * (-1.6525414953354425 + (0.03695931216347938 * x_0)))) + (-23.0 + (6.23 * (((0.927 + (-0.0055 * cos(((-1.31 + (-45.9 * (-14.525050446141405 + (0.04080730581327434 * x_1)))) * (((0.006549999999999999 * (-1.7269481113159797 + (0.03158325643002412 * x_2))) + (0.5700000000000001 + (64.3 * (-14.525050446141405 + (0.04080730581327434 * x_1))))) + (0.00566 + (-41.4 * (-1.6525414953354425 + (0.03695931216347938 * x_0))))))))) + (0.48100000000000004 + (-6.29 * exp((-6.07 + (98.9 * ((-0.00123 + (-0.111 * (-1.7269481113159797 + (0.03158325643002412 * x_2)))))**3)))))))**3)))))))),7.467603445053101,,30
first_principles_kepler,ok,1,NoRef,0.9998125382652291,53.045114132124084,47,((5.3100000000000005 + (-0.0918 * (-0.9263602581597056 + (0.3029466151936684 * x_0)))) * ((-5.95 + (-2.24 * (-0.9263602581597056 + (0.3029466151936684 * x_0)))) * (((0.36300000000000004 * (-0.9263602581597056 + (0.3029466151936684 * x_0))) + (-61.4 + (6.99 * (-0.9263602581597056 + (0.3029466151936684 * x_0))))) + (-0.00094 + (-79.9 * (-0.9263602581597056 + (0.3029466151936684 * x_0))))))),7.49850869178772,,6
first_principles_leavitt,ok,1,NoRef,0.8591244244976428,0.3705908415603553,24,((14.0 + (-1.0 * (-1.7400037114235716 + (2.09864284243919 * x_0)))) + (-0.3 + (0.3 * sin((0.3 + (30.0 * (-1.7400037114235716 + (2.09864284243919 * x_0)))))))),4.807979345321655,,26
first_principles_newton,ok,3,BFGS,6.995143177146446e-06,10.873880275657832,115,(((-1.9419127215199974 + inv(((-0.21881965178938417 + (-1.0363592368464745 * sqrt((54.39949127776323 + (-0.27162048092758545 + (5.186968952067431e-30 * x_1)))))) * ((23.56733979898838 + (-3.9284530275577048 * (-0.2899960593046727 + (2.629351402398742e-30 * x_2)))) * (28.196578462380845 + (-0.03521234502700371 * (-0.2899960593046727 + (2.629351402398742e-30 * x_2)))))))) - (-2.9440872784796883 + (-6.841859207009363e-05 * (-0.2899960593046727 + (2.629351402398742e-30 * x_2))))) * ((-4.285384496259508 + (75.43529912750462 * inv((((10.468988016574807 + (-4.049808989048506 * inv((4.171209917596448 + (-32.002001012348835 * ((-13.28855880191369 + (9.458834300798625 * (-0.613759874811038 + (7.12682274600027e-13 * x_0)))))**2))))) + (10.47880801657478 + (23.95849686885688 * sqrt((27.614385523164405 + (0.014703334681017562 * (-0.27162048092758545 + (5.186968952067431e-30 * x_1)))))))) - (-9.675408016574782 + (-0.0005446936924480294 * sin((-16.04233182278042 + (78.64945392113619 * (-0.613759874811038 + (7.12682274600027e-13 * x_0))))))))))) * (-9.273257775760433 + (75.21497872577469 * inv((-27.840776161328733 + (4.936232925831576e-05 * (-0.613759874811038 + (7.12682274600027e-13 * x_0))))))))),6.6069512367248535,,30
first_principles_planck,ok,2,NoRef,0.7091431023547108,107.19874744585653,62,((-14.200000000000001 + (8.1 * cos(((-0.548 + (16.1 * (-0.34842883289438253 + (6.020477322376928e-16 * x_0)))) - (-0.7030000000000001 + (-9.6 * (-0.34842883289438253 + (6.020477322376928e-16 * x_0)))))))) - (12.0 + (5.61 * abs((((-14.9 + (-0.34842883289438253 + (6.020477322376928e-16 * x_0))) * (-0.08720000000000001 + (-0.42900000000000005 * (-0.34842883289438253 + (6.020477322376928e-16 * x_0))))) * (-0.234 + (-0.008199999999999999 * inv((-0.0086 + (-0.0094 * (-0.9222249154556069 + (0.0006349597364519323 * x_1)))))))))))),7.856385946273804,,100
first_principles_rydberg,ok,2,NoRef,0.9779125052725076,0.24269062119462764,34,(-3.0 + (-9.0 * inv(((0.9 + (0.16 * (-1.95961510923864 + (0.5974436308654391 * x_0)))) + ((0.001 + (0.0007 * (-1.95961510923864 + (0.5974436308654391 * x_0)))) * (0.01 + (-46.7 * (-3.60108467081408 + (0.6407623969420071 * x_1))))))))),5.279313087463379,,50
first_principles_schechter,ok,1,NoRef,0.8938289817667583,1.6221395613644587,52,((-9.0 + (-0.00775 * inv((0.039900000000000005 + (0.08620000000000001 * (-0.5152265363826667 + (1.6261733659552068e-09 * x_0))))))) - (2.13 + (21.1 * arctan((((-0.0694 + log((8.93 + (-0.06760000000000001 * (-0.5152265363826667 + (1.6261733659552068e-09 * x_0)))))) - (0.00615 + (-0.508 * (-0.5152265363826667 + (1.6261733659552068e-09 * x_0))))) * (0.466 + (0.222 * (-0.5152265363826667 + (1.6261733659552068e-09 * x_0))))))))),6.266825914382935,,27
first_principles_supernovae_zg,ok,1,NoRef,0.8421659653604738,0.11545372159516247,54,(-0.007489999999999999 + (0.647 * inv((0.682 + (6.54 * (((0.773 + (0.87 * (-1.0690083287768268 + (0.03814143456527167 * x_0)))) - (-0.00229 + (-0.00677 * inv((-0.0616 + (0.22 * abs((0.012 + (0.73 * cos((6.79 + (-0.08320000000000001 * tan((0.0086 + (74.10000000000001 * inv((-0.0189 + (-0.5940000000000001 * (-1.0690083287768268 + (0.03814143456527167 * x_0)))))))))))))))))))))**2))))),5.923935890197754,,200
first_principles_supernovae_zr,ok,1,BFGS,0.0006287372057679486,0.21929549168379545,99,(0.2613495344464823 + (-9.45589356044689 * inv((((-9.030389525653394 + (0.03318551525404829 * (-1.6026515238622114 + (0.046431321645507846 * x_0)))) - ((1.16672277895901 + (0.9515498966685323 * arctan(((0.031192866870177402 + (-0.369002304471211 * (-1.6026515238622114 + (0.046431321645507846 * x_0)))) - (-46.19999286687018 + (0.025502304471211004 * (-1.6026515238622114 + (0.046431321645507846 * x_0)))))))) * ((0.42345658770691635 + (-1.298062966469637 * (-1.6026515238622114 + (0.046431321645507846 * x_0)))) * (-25.89997385983735 + (0.6715141658316294 * ((19.532319873794233 + (1.1480865200430472 * ((-4.10377036143964 + (-0.4666500109743342 * (-1.6026515238622114 + (0.046431321645507846 * x_0)))))**2)))**3))))) - (0.04108952565339297 + (0.9464040638039424 * cos((60.30002448695105 + (-0.10875309539500655 * abs((3.6000990709871075 + (1.007139042499117 * ((71.40694006944246 + (-39.0996974608439 * abs((0.2722100789847257 + (0.05413945053891506 * (-1.6026515238622114 + (0.046431321645507846 * x_0))))))))**2)))))))))))),5.904153347015381,,200
first_principles_tully_fisher,ok,1,NoRef,0.8639986377365695,0.5237527143767023,49,(-2.48 + (-5.5200000000000005 * log(((-0.00215 + (4.62 * (-2.139304033980945 + (0.006687978646939128 * x_0)))) - (-0.00203 + (18.2 * inv((-0.902 + (-0.08 * cos((0.7100000000000001 + (-2.5500000000000003 * sin((-0.0036 + (0.00643 * ((0.222 + (-4.41 * inv((0.060700000000000004 + (-0.0942 * (-2.139304033980945 + (0.006687978646939128 * x_0))))))))**2))))))))))))))),7.2648093700408936,,18
nikuradse_1,ok,2,NoRef,0.6361503736940568,0.05576181526737743,44,((0.3 + (0.060000000000000005 * abs(((0.02 + (-0.01 * (-8.043667186640068 + (1.6172840179308134 * x_1)))) * ((-0.01 + (-90.0 * (-1.3445265834704199 + (0.005918071145166688 * x_0)))) + (0.01 + (58.6 * (-8.043667186640068 + (1.6172840179308134 * x_1))))))))) + (-0.001 + (-0.13 * (-1.3445265834704199 + (0.005918071145166688 * x_0))))),5.6568708419799805,,200
nikuradse_2,ok,1,NoRef,0.840321814789938,0.1259838155911345,47,(2.17 + (-0.01 * abs(((9.0 + (-7.0 * sin((-95.7 * (-1.9879774008876716 + (1.6574136973190292 * x_0)))))) + ((0.1 + (-0.04 * (-1.9879774008876716 + (1.6574136973190292 * x_0)))) * ((6.0 + (0.05 * (-1.9879774008876716 + (1.6574136973190292 * x_0)))) * (-0.001 + (80.0 * (-1.9879774008876716 + (1.6574136973190292 * x_0)))))))))),9.207088232040405,,200
solar_flare,ok,10,BFGS,nan,nan,165,(0.5789909426719689 + (-63.26927537739731 * inv((((0.03263844763793851 * (-1.3712047854703497 + (1.257986041715917 * x_2))) * (0.0281076233615941 + (-0.7035718089934434 * ((-0.9354117056640834 + (-0.039920434033097155 * (-1.4326457214253776 + (0.7744030926623663 * x_1)))))**2))) + ((-0.9397583998554094 + (-0.7562444721844579 * (((((((-95.8999561342851 * cos(((0.4426961191842598 + (56.557078839914425 * (-0.5233405681948146 + (2.4341421776503003 * x_3)))) * (-0.08674763821191864 + (5.086905753064331 * (-1.1997483391631258 + (0.4751478570943073 * x_0))))))) * ((-0.4474853881859658 + (0.24081663687604513 * inv((-0.17698601984123719 + (6.876743197885873 * (-2.207994968177486 + (1.5549260339278073 * x_4))))))) - ((-0.2916169250256443 + (6.5600000000000005 * (nan + (inf * x_9)))) * (-0.029607019684703563 + (0.7568111063951528 * inv((9.190344814324607 + (-0.08088498869405945 * (-1.3712047854703497 + (1.257986041715917 * x_2)))))))))) + ((0.6988921949753859 + (-0.26368562361474696 * (-1.4326457214253776 + (0.7744030926623663 * x_1)))) - (0.21210780502459622 + (-0.8914907245019779 * (-0.20412414523193148 + (5.103103630798286 * x_8)))))) + (8.345892194975407 + (-0.0994239682695871 * (-0.7418811204628575 + (2.0898059731348098 * x_6))))) - (0.16590780502461944 + (17.850723968269577 * (-0.7418811204628575 + (2.0898059731348098 * x_6))))) - ((-9.78589219497542 + (87.44803518978595 * (-3.0 + (3.3333333333333335 * x_7)))) + (0.1157078050246024 + (-0.24007975663120412 * (-0.17223278830124386 + (3.1315052418407974 * x_5)))))))**2)) * (-71.32725396737631 + (-0.06641114714551899 * (-0.20412414523193148 + (5.103103630798286 * x_8))))))))),11.120661497116089,,200
strogatz_bacres1,ok,2,NoRef,0.9475164575337225,0.5617396236358722,37,(((-0.05550000000000001 * (-3.1009340740058042 + (0.07848210426397985 * x_1))) * (40.6 + (-8.56 * (-6.2652814930864 + (0.45765203318264863 * x_0))))) + ((0.0352 + (-0.9400000000000001 * (-6.2652814930864 + (0.45765203318264863 * x_0)))) + (0.859 + (0.789 * (-3.1009340740058042 + (0.07848210426397985 * x_1)))))),5.959680557250977,,200
strogatz_bacres2,ok,2,NoRef,0.9831900573054454,0.2764149875735775,67,((((0.00891 + (-3.1009340740058042 + (0.07848210426397985 * x_1))) + ((0.9840000000000001 + (-0.635 * (-6.2652814930864 + (0.45765203318264863 * x_0)))) - (0.047400000000000005 + (0.09000000000000001 * (-3.1009340740058042 + (0.07848210426397985 * x_1)))))) * ((-0.508 + (0.061900000000000004 * (-6.2652814930864 + (0.45765203318264863 * x_0)))) - (0.24700000000000003 + (-0.343 * (-6.2652814930864 + (0.45765203318264863 * x_0)))))) - ((0.061900000000000004 + (-0.013600000000000001 * (-3.1009340740058042 + (0.07848210426397985 * x_1)))) * (-82.5 + (-0.937 * (-6.2652814930864 + (0.45765203318264863 * x_0)))))),4.665559530258179,,200
strogatz_barmag1,ok,2,NoRef,0.6641953554177665,0.14320837644990259,49,((-0.29500000000000004 + (0.34500000000000003 * inv(((-2.43 + (9.32 * (-1.2538429920116652 + (0.3484404828044345 * x_1)))) - ((0.00214 + (0.0117 * (-1.2538429920116652 + (0.3484404828044345 * x_1)))) - (5.6000000000000005 + (0.322 * inv((-0.048100000000000004 + (-0.0308 * (-15.844310416841397 + (2.7805581875467364 * x_0)))))))))))) * (-0.619 + (0.899 * (-15.844310416841397 + (2.7805581875467364 * x_0))))),6.783701658248901,,200
strogatz_barmag2,ok,2,NoRef,0.7097553141654034,0.20371439740587505,34,((0.003 + (-0.003 * (-15.844310416841397 + (2.7805581875467364 * x_0)))) * ((-60.0 + (70.0 * (-1.2538429920116652 + (0.3484404828044345 * x_1)))) + (0.001 + (-63.7 * sin((0.030000000000000002 + (-3.0 * (-1.2538429920116652 + (0.3484404828044345 * x_1))))))))),8.930555820465088,,200
strogatz_glider1,ok,2,NoRef,0.9844270833506377,0.09829724935506289,94,((0.47900000000000004 + (-1.32 * (((4.0600000000000005 + (1.8900000000000001 * (-1.8084175385794719 + (0.8984434651839722 * x_0)))) * (-0.09820000000000001 + (0.0094 * inv((-0.5770000000000001 + (0.0887 * (((0.09910000000000001 + (0.06670000000000001 * (-1.8084175385794719 + (0.8984434651839722 * x_0)))) + (0.005 + (0.00996 * ((0.0955 + (-0.0942 * (-1.836876920436821 + (0.13306474919016115 * x_1)))))**2))))**3)))))))**2)) - ((0.53 + (-0.0058 * (-1.8084175385794719 + (0.8984434651839722 * x_0)))) + ((-0.0786 + (-0.0039499999999999995 * (-1.8084175385794719 + (0.8984434651839722 * x_0)))) + (-0.049300000000000004 + (1.01 * cos(((0.014900000000000002 + (-7.58 * (-1.836876920436821 + (0.13306474919016115 * x_1)))) + (0.45 + (-0.004739999999999999 * (-1.8084175385794719 + (0.8984434651839722 * x_0))))))))))),4.790060043334961,,200
strogatz_glider2,ok,2,NoRef,0.4819342479937766,0.7623646322355598,34,((2.0 + (0.9 * (-1.8084175385794719 + (0.8984434651839722 * x_0)))) + (0.1 + (-0.8 * sin(((0.7000000000000001 + (-2.0 * (-1.8084175385794719 + (0.8984434651839722 * x_0)))) + (0.030000000000000002 + (-2.0 * (-1.836876920436821 + (0.13306474919016115 * x_1))))))))),7.140979528427124,,200
strogatz_lv1,ok,2,NoRef,0.21893475660221207,0.8506050773472926,77,((0.027700000000000002 + (-0.0323 * ((-8.290000000000001 + (1.0 * (((((-0.00224 * (-1.0185100736451067 + (0.7243342361165919 * x_0))) * (-0.48000000000000004 + (-0.014600000000000002 * inv((0.00178 + (-0.00615 * (-1.1210540200500059 + (1.0527256234139701 * x_1)))))))) + (-0.8520000000000001 + (-7.79 * arctan(((0.07310000000000001 + (3.34 * (-1.0185100736451067 + (0.7243342361165919 * x_0)))) + (-0.006529999999999999 + (2.9 * (-1.1210540200500059 + (1.0527256234139701 * x_1))))))))) + (-0.797 + (0.0012599999999999998 * (-1.0185100736451067 + (0.7243342361165919 * x_0))))))**2)))**2)) * (0.00615 + (0.00514 * (-1.1210540200500059 + (1.0527256234139701 * x_1))))),11.256073474884033,,200
strogatz_lv2,ok,2,NoRef,0.6845772464514475,0.3078573680200708,47,((0.009349999999999999 + (0.008459999999999999 * (-1.0185100736451067 + (0.7243342361165919 * x_0)))) * (-0.0052899999999999996 + (54.2 * ((((5.99 + (-1.0185100736451067 + (0.7243342361165919 * x_0))) * (0.0864 + (0.111 * cos((-0.0699 + (6.16 * (-1.1210540200500059 + (1.0527256234139701 * x_1)))))))) * (-0.903 + (-0.5820000000000001 * (-1.1210540200500059 + (1.0527256234139701 * x_1))))))**3))),11.28264307975769,,200
strogatz_predprey1,ok,2,NoRef,0.8704824999647166,0.907282753873121,72,((0.052500000000000005 + (0.439 * (-1.8083916054835167 + (0.37798488323581947 * x_1)))) * (-0.004569999999999999 + (-0.5730000000000001 * abs(((-0.0558 + (-0.0707 * (-0.7749611889583518 + (0.8276419259871193 * x_0)))) * ((((-0.639 * (-0.7749611889583518 + (0.8276419259871193 * x_0))) + (69.60000000000001 + (-0.0315 * (-1.8083916054835167 + (0.37798488323581947 * x_1))))) + ((0.00724 + (0.642 * (-1.8083916054835167 + (0.37798488323581947 * x_1)))) * (-98.2 + (-0.0645 * (-0.7749611889583518 + (0.8276419259871193 * x_0)))))) - (0.0105 + (-0.8 * (-1.8083916054835167 + (0.37798488323581947 * x_1)))))))))),10.896435737609863,,200
strogatz_predprey2,ok,2,NoRef,0.5448989845073267,1.0965044296051671,77,((0.00907 + (1.08 * (-0.7749611889583518 + (0.8276419259871193 * x_0)))) + ((-0.00198 + (-0.0362 * (-1.8083916054835167 + (0.37798488323581947 * x_1)))) + ((((-0.0034 + (((6.24 + (-0.29200000000000004 * abs((0.0845 + (90.60000000000001 * (-0.7749611889583518 + (0.8276419259871193 * x_0))))))) - (-60.9 + (0.0096 * (-1.8083916054835167 + (0.37798488323581947 * x_1))))))**2) * (-0.003909999999999999 + (0.00266 * (-0.7749611889583518 + (0.8276419259871193 * x_0))))) * (0.028900000000000002 + (0.079 * (-1.8083916054835167 + (0.37798488323581947 * x_1))))) - (0.0023899999999999998 + (-0.00487 * (-1.8083916054835167 + (0.37798488323581947 * x_1))))))),5.579589366912842,,200
strogatz_shearflow1,ok,2,NoRef,0.22070460987440654,0.43220417403093275,39,(-0.3 + (0.9 * inv((1.3 + (-2.0 * inv(((0.01 + (-0.02 * (0.1425865318514197 + (0.5727827728700499 * x_1)))) * ((-0.6 + (50.0 * (0.1425865318514197 + (0.5727827728700499 * x_1)))) + (-0.001 + (0.001 * (1.0787725150702083 + (0.4912165308203284 * x_0)))))))))))),7.035800933837891,,200
strogatz_shearflow2,ok,2,BFGS,0.08401831100833201,0.2102059285643053,64,((0.060953075870540996 + (-0.046977714197475096 * (1.0787725150702083 + (0.4912165308203284 * x_0)))) * ((-0.03123256776620431 + (0.0033346980912211817 * tan((1.1717479074223038 + (-2.205850189213214 * cos(((0.031246238391875795 + (6.701068623119408 * (1.0787725150702083 + (0.4912165308203284 * x_0)))) * ((9.74072772970269 + (-0.09385785246411227 * (1.0787725150702083 + (0.4912165308203284 * x_0)))) * (0.0073959150133759005 + (-3.361781240207806 * abs((-0.007979525740168197 + (0.008275006824597112 * (1.0787725150702083 + (0.4912165308203284 * x_0))))))))))))))) * (-4.04056216863769 + (-9.879908410525298 * (0.1425865318514197 + (0.5727827728700499 * x_1)))))),8.848940372467041,,200
strogatz_vdp1,ok,2,NoRef,0.012268422028908432,1.026046142994404,79,((0.004739999999999999 + (-0.225 * sin((((-0.298 + (0.00359 * inv((-0.00132 + (0.011000000000000001 * exp((0.00551 + (-0.047700000000000006 * (-0.44260024914922197 + (1.069046206513926 * x_0)))))))))) * (2.5300000000000002 + (6.48 * (((0.005889999999999999 + (-0.774 * (-0.3313309365474487 + (4.278311300708479 * x_1)))) + (-0.006869999999999999 + (1.12 * (-0.44260024914922197 + (1.069046206513926 * x_0))))))**3))) - (0.055600000000000004 + (-0.00919 * inv((0.0551 + (-81.3 * ((-0.41800000000000004 + (0.928 * (-0.44260024914922197 + (1.069046206513926 * x_0)))))**2))))))))) * (1.9000000000000001 + (1.44 * (-0.44260024914922197 + (1.069046206513926 * x_0))))),9.294992923736572,,200
strogatz_vdp2,ok,2,NoRef,0.9999872014325574,0.00033464489473100927,40,(((0.0024 * (-0.44260024914922197 + (1.069046206513926 * x_0))) * ((-0.011300000000000001 + (0.28700000000000003 * ((0.00951 + (-0.3313309365474487 + (4.278311300708479 * x_1))))**3)) * (-0.0524 + (-0.00039 * (-0.3313309365474487 + (4.278311300708479 * x_1)))))) + (-0.041400000000000006 + (-0.0932 * (-0.44260024914922197 + (1.069046206513926 * x_0))))),2.933020830154419,,200
