loaded checkpoints/m3/best.pth: step 20000 val_l2 0.0053 | denoiser 115.7M | G32 B8 K10 eta0.7 tau0.001 temp1.0
resume from checkpoints/m3_rl/last.pth: step 500 r_ema 0.458
step  501 | r_mean 0.499 r>0.5 133/256 | ratio_f 1.000 kl_f 4.45e-08 masked_f 0.000 loss_f +0.0000 | ratio_t 0.999 loss_t -0.0002 | r_ema 0.462 | 37.4s
/home/xyh/Symbolic_Regression/E2E/E2E/symbolicregression/envs/generators.py:242: RuntimeWarning: overflow encountered in exp
  return fn(self.children[0].val(x))
step  502 | r_mean 0.256 r>0.5 60/256 | ratio_f 1.000 kl_f 6.86e-08 masked_f 0.000 loss_f +0.0000 | ratio_t 1.000 loss_t -0.0006 | r_ema 0.442 | 24.7s
step  503 | r_mean 0.454 r>0.5 129/256 | ratio_f 1.000 kl_f 4.71e-08 masked_f 0.000 loss_f -0.0000 | ratio_t 1.000 loss_t -0.0002 | r_ema 0.443 | 27.4s
step  504 | r_mean 0.626 r>0.5 166/256 | ratio_f 1.000 kl_f 5.68e-08 masked_f 0.000 loss_f -0.0000 | ratio_t 0.999 loss_t +0.0003 | r_ema 0.461 | 27.0s
step  505 | r_mean 0.332 r>0.5 85/256 | ratio_f 1.000 kl_f 1.09e-07 masked_f 0.000 loss_f -0.0000 | ratio_t 1.000 loss_t -0.0000 | r_ema 0.448 | 24.4s
step  506 | r_mean 0.504 r>0.5 128/256 | ratio_f 1.000 kl_f 3.93e-08 masked_f 0.000 loss_f +0.0000 | ratio_t 0.999 loss_t -0.0004 | r_ema 0.454 | 26.7s
step  507 | r_mean 0.322 r>0.5 94/256 | ratio_f 1.000 kl_f 3.92e-08 masked_f 0.000 loss_f -0.0000 | ratio_t 0.999 loss_t +0.0002 | r_ema 0.441 | 23.2s
step  508 | r_mean 0.374 r>0.5 103/256 | ratio_f 1.000 kl_f 4.06e-08 masked_f 0.000 loss_f +0.0000 | ratio_t 1.000 loss_t -0.0004 | r_ema 0.434 | 23.0s
step  509 | r_mean 0.617 r>0.5 163/256 | ratio_f 1.000 kl_f 4.25e-08 masked_f 0.000 loss_f -0.0000 | ratio_t 1.000 loss_t +0.0002 | r_ema 0.452 | 21.9s
step  510 | r_mean 0.596 r>0.5 154/256 | ratio_f 1.000 kl_f 4.74e-08 masked_f 0.000 loss_f -0.0000 | ratio_t 1.000 loss_t -0.0004 | r_ema 0.467 | 23.5s
step  511 | r_mean 0.335 r>0.5 75/256 | ratio_f 1.000 kl_f 4.40e-08 masked_f 0.000 loss_f -0.0000 | ratio_t 0.999 loss_t +0.0000 | r_ema 0.453 | 23.7s
step  512 | r_mean 0.449 r>0.5 106/256 | ratio_f 1.000 kl_f 4.05e-08 masked_f 0.000 loss_f -0.0000 | ratio_t 1.001 loss_t +0.0003 | r_ema 0.453 | 22.2s
step  513 | r_mean 0.421 r>0.5 109/256 | ratio_f 1.000 kl_f 4.15e-08 masked_f 0.000 loss_f -0.0000 | ratio_t 1.000 loss_t -0.0001 | r_ema 0.450 | 24.7s
step  514 | r_mean 0.297 r>0.5 62/256 | ratio_f 1.000 kl_f 3.81e-08 masked_f 0.000 loss_f -0.0000 | ratio_t 0.999 loss_t -0.0004 | r_ema 0.435 | 25.3s
step  515 | r_mean 0.361 r>0.5 82/256 | ratio_f 1.000 kl_f 4.15e-08 masked_f 0.000 loss_f +0.0000 | ratio_t 0.999 loss_t +0.0003 | r_ema 0.427 | 27.1s
step  516 | r_mean 0.450 r>0.5 130/256 | ratio_f 1.000 kl_f 3.80e-08 masked_f 0.000 loss_f -0.0000 | ratio_t 1.000 loss_t -0.0000 | r_ema 0.430 | 27.2s
step  517 | r_mean 0.355 r>0.5 88/256 | ratio_f 1.000 kl_f 1.57e-07 masked_f 0.000 loss_f +0.0000 | ratio_t 1.000 loss_t +0.0001 | r_ema 0.422 | 28.0s
step  518 | r_mean 0.441 r>0.5 111/256 | ratio_f 1.000 kl_f 9.02e-08 masked_f 0.000 loss_f -0.0000 | ratio_t 1.000 loss_t +0.0001 | r_ema 0.424 | 27.5s
step  519 | r_mean 0.534 r>0.5 147/256 | ratio_f 1.000 kl_f 4.05e-08 masked_f 0.000 loss_f -0.0000 | ratio_t 1.000 loss_t +0.0002 | r_ema 0.435 | 25.3s
step  520 | r_mean 0.401 r>0.5 94/256 | ratio_f 1.000 kl_f 3.74e-08 masked_f 0.000 loss_f +0.0000 | ratio_t 0.999 loss_t -0.0019 | r_ema 0.432 | 28.8s
step  521 | r_mean 0.355 r>0.5 84/256 | ratio_f 1.000 kl_f 4.39e-08 masked_f 0.000 loss_f -0.0000 | ratio_t 0.999 loss_t +0.0001 | r_ema 0.424 | 26.4s
step  522 | r_mean 0.515 r>0.5 130/256 | ratio_f 1.000 kl_f 2.61e-07 masked_f 0.000 loss_f -0.0000 | ratio_t 1.000 loss_t +0.0003 | r_ema 0.433 | 27.2s
step  523 | r_mean 0.428 r>0.5 108/256 | ratio_f 1.000 kl_f 3.61e-08 masked_f 0.000 loss_f -0.0000 | ratio_t 1.000 loss_t +0.0001 | r_ema 0.432 | 26.2s
step  524 | r_mean 0.338 r>0.5 94/256 | ratio_f 1.000 kl_f 4.05e-08 masked_f 0.000 loss_f +0.0000 | ratio_t 0.999 loss_t -0.0000 | r_ema 0.423 | 28.4s
step  525 | r_mean 0.389 r>0.5 104/256 | ratio_f 1.000 kl_f 4.20e-08 masked_f 0.000 loss_f -0.0000 | ratio_t 1.000 loss_t +0.0002 | r_ema 0.420 | 27.8s
/home/xyh/Symbolic_Regression/E2E/E2E/symbolicregression/envs/generators.py:242: RuntimeWarning: overflow encountered in exp
  return fn(self.children[0].val(x))
/home/xyh/Symbolic_Regression/E2E/E2E/train_flow_m3_rl.py:84: RuntimeWarning: overflow encountered in square
  return float(((y - yh_c) ** 2).mean())
/home/xyh/Symbolic_Regression/E2E/E2E/symbolicregression/envs/generators.py:242: RuntimeWarning: overflow encountered in exp
  return fn(self.children[0].val(x))
step  526 | r_mean 0.367 r>0.5 88/256 | ratio_f 1.000 kl_f 3.43e-08 masked_f 0.000 loss_f -0.0000 | ratio_t 0.998 loss_t -0.0003 | r_ema 0.414 | 28.7s
step  527 | r_mean 0.385 r>0.5 93/256 | ratio_f 1.000 kl_f 3.74e-08 masked_f 0.000 loss_f -0.0000 | ratio_t 1.001 loss_t +0.0003 | r_ema 0.411 | 28.7s
step  528 | r_mean 0.396 r>0.5 103/256 | ratio_f 1.000 kl_f 1.59e-07 masked_f 0.000 loss_f +0.0000 | ratio_t 1.000 loss_t -0.0006 | r_ema 0.410 | 26.5s
step  529 | r_mean 0.415 r>0.5 100/256 | ratio_f 1.000 kl_f 3.43e-08 masked_f 0.000 loss_f +0.0000 | ratio_t 1.000 loss_t +0.0001 | r_ema 0.410 | 25.3s
step  530 | r_mean 0.483 r>0.5 135/256 | ratio_f 1.000 kl_f 4.71e-08 masked_f 0.000 loss_f +0.0000 | ratio_t 1.000 loss_t -0.0002 | r_ema 0.418 | 26.5s
step  531 | r_mean 0.484 r>0.5 135/256 | ratio_f 1.000 kl_f 9.87e-08 masked_f 0.000 loss_f +0.0000 | ratio_t 1.001 loss_t +0.0001 | r_ema 0.424 | 29.0s
step  532 | r_mean 0.434 r>0.5 113/256 | ratio_f 1.000 kl_f 8.15e-08 masked_f 0.000 loss_f -0.0000 | ratio_t 1.000 loss_t -0.0002 | r_ema 0.425 | 25.4s
step  533 | r_mean 0.294 r>0.5 68/256 | ratio_f 1.000 kl_f 3.79e-08 masked_f 0.000 loss_f -0.0000 | ratio_t 1.001 loss_t +0.0004 | r_ema 0.412 | 28.2s
step  534 | r_mean 0.587 r>0.5 156/256 | ratio_f 1.000 kl_f 1.50e-07 masked_f 0.000 loss_f +0.0000 | ratio_t 0.999 loss_t +0.0008 | r_ema 0.430 | 27.4s
step  535 | r_mean 0.527 r>0.5 142/256 | ratio_f 1.000 kl_f 3.71e-08 masked_f 0.000 loss_f +0.0000 | ratio_t 1.000 loss_t +0.0004 | r_ema 0.439 | 27.6s
/home/xyh/Symbolic_Regression/E2E/E2E/symbolicregression/envs/generators.py:242: RuntimeWarning: overflow encountered in exp
  return fn(self.children[0].val(x))
/home/xyh/Symbolic_Regression/E2E/E2E/symbolicregression/envs/generators.py:137: RuntimeWarning: invalid value encountered in multiply
  return m1 * m2
/home/xyh/Symbolic_Regression/E2E/E2E/symbolicregression/envs/generators.py:137: RuntimeWarning: overflow encountered in multiply
  return m1 * m2
step  536 | r_mean 0.511 r>0.5 128/256 | ratio_f 1.000 kl_f 1.43e-07 masked_f 0.000 loss_f -0.0000 | ratio_t 1.001 loss_t -0.0002 | r_ema 0.446 | 28.9s
step  537 | r_mean 0.270 r>0.5 64/256 | ratio_f 1.000 kl_f 3.82e-08 masked_f 0.000 loss_f -0.0000 | ratio_t 1.001 loss_t -0.0006 | r_ema 0.429 | 25.3s
step  538 | r_mean 0.501 r>0.5 123/256 | ratio_f 1.000 kl_f 3.53e-08 masked_f 0.000 loss_f -0.0000 | ratio_t 1.001 loss_t +0.0005 | r_ema 0.436 | 24.3s
step  539 | r_mean 0.363 r>0.5 90/256 | ratio_f 1.000 kl_f 3.55e-08 masked_f 0.000 loss_f +0.0000 | ratio_t 0.998 loss_t -0.0002 | r_ema 0.429 | 26.8s
step  540 | r_mean 0.457 r>0.5 121/256 | ratio_f 1.000 kl_f 5.50e-08 masked_f 0.000 loss_f +0.0000 | ratio_t 0.999 loss_t +0.0004 | r_ema 0.432 | 25.8s
step  541 | r_mean 0.398 r>0.5 94/256 | ratio_f 1.000 kl_f 3.96e-08 masked_f 0.000 loss_f +0.0000 | ratio_t 0.999 loss_t +0.0005 | r_ema 0.428 | 27.7s
step  542 | r_mean 0.500 r>0.5 120/256 | ratio_f 1.000 kl_f 3.79e-08 masked_f 0.000 loss_f +0.0000 | ratio_t 1.002 loss_t -0.0001 | r_ema 0.435 | 28.3s
step  543 | r_mean 0.477 r>0.5 132/256 | ratio_f 1.000 kl_f 3.55e-08 masked_f 0.000 loss_f +0.0000 | ratio_t 1.000 loss_t +0.0005 | r_ema 0.440 | 26.6s
step  544 | r_mean 0.440 r>0.5 113/256 | ratio_f 1.000 kl_f 3.73e-08 masked_f 0.000 loss_f +0.0000 | ratio_t 1.000 loss_t -0.0002 | r_ema 0.440 | 28.0s
step  545 | r_mean 0.296 r>0.5 63/256 | ratio_f 1.000 kl_f 3.58e-08 masked_f 0.000 loss_f -0.0000 | ratio_t 1.000 loss_t -0.0007 | r_ema 0.425 | 27.5s
step  546 | r_mean 0.567 r>0.5 164/256 | ratio_f 1.000 kl_f 3.94e-08 masked_f 0.000 loss_f -0.0000 | ratio_t 1.001 loss_t +0.0003 | r_ema 0.439 | 26.6s
step  547 | r_mean 0.368 r>0.5 93/256 | ratio_f 1.000 kl_f 1.39e-07 masked_f 0.000 loss_f -0.0000 | ratio_t 1.001 loss_t -0.0005 | r_ema 0.432 | 28.9s
step  548 | r_mean 0.382 r>0.5 93/256 | ratio_f 1.000 kl_f 1.05e-07 masked_f 0.000 loss_f -0.0000 | ratio_t 1.000 loss_t +0.0012 | r_ema 0.427 | 26.0s
step  549 | r_mean 0.462 r>0.5 117/256 | ratio_f 1.000 kl_f 3.38e-08 masked_f 0.000 loss_f -0.0000 | ratio_t 1.000 loss_t +0.0006 | r_ema 0.431 | 25.9s
step  550 | r_mean 0.600 r>0.5 153/256 | ratio_f 1.000 kl_f 4.26e-08 masked_f 0.000 loss_f +0.0000 | ratio_t 1.000 loss_t +0.0000 | r_ema 0.448 | 27.3s
  [ckpt] step 550 r_ema 0.448 best 0.458 -> checkpoints/m3_rl/{best,last}.pth
step  551 | r_mean 0.495 r>0.5 128/256 | ratio_f 1.000 kl_f 8.29e-08 masked_f 0.000 loss_f -0.0000 | ratio_t 0.999 loss_t -0.0001 | r_ema 0.452 | 27.4s
step  552 | r_mean 0.475 r>0.5 138/256 | ratio_f 1.000 kl_f 3.43e-08 masked_f 0.000 loss_f -0.0000 | ratio_t 1.000 loss_t -0.0007 | r_ema 0.455 | 25.5s
step  553 | r_mean 0.446 r>0.5 105/256 | ratio_f 1.000 kl_f 3.80e-08 masked_f 0.000 loss_f +0.0000 | ratio_t 1.001 loss_t +0.0001 | r_ema 0.454 | 23.9s
step  554 | r_mean 0.541 r>0.5 135/256 | ratio_f 1.000 kl_f 1.41e-07 masked_f 0.000 loss_f +0.0000 | ratio_t 1.000 loss_t -0.0004 | r_ema 0.463 | 25.0s
step  555 | r_mean 0.370 r>0.5 79/256 | ratio_f 1.000 kl_f 4.42e-08 masked_f 0.000 loss_f -0.0000 | ratio_t 1.000 loss_t -0.0004 | r_ema 0.453 | 24.6s
step  556 | r_mean 0.439 r>0.5 115/256 | ratio_f 1.000 kl_f 1.19e-07 masked_f 0.000 loss_f +0.0000 | ratio_t 0.999 loss_t -0.0005 | r_ema 0.452 | 26.8s
step  557 | r_mean 0.469 r>0.5 134/256 | ratio_f 1.000 kl_f 3.49e-08 masked_f 0.000 loss_f +0.0000 | ratio_t 0.999 loss_t -0.0001 | r_ema 0.454 | 21.9s
step  558 | r_mean 0.438 r>0.5 109/256 | ratio_f 1.000 kl_f 3.81e-08 masked_f 0.000 loss_f -0.0000 | ratio_t 1.000 loss_t -0.0006 | r_ema 0.452 | 26.2s
step  559 | r_mean 0.464 r>0.5 118/256 | ratio_f 1.000 kl_f 1.02e-07 masked_f 0.000 loss_f -0.0000 | ratio_t 1.001 loss_t -0.0005 | r_ema 0.453 | 24.9s
step  560 | r_mean 0.468 r>0.5 134/256 | ratio_f 1.000 kl_f 4.22e-08 masked_f 0.000 loss_f +0.0000 | ratio_t 1.001 loss_t -0.0000 | r_ema 0.455 | 26.9s
step  561 | r_mean 0.421 r>0.5 110/256 | ratio_f 1.000 kl_f 1.43e-07 masked_f 0.000 loss_f -0.0000 | ratio_t 0.999 loss_t -0.0004 | r_ema 0.451 | 24.8s
step  562 | r_mean 0.519 r>0.5 142/256 | ratio_f 1.000 kl_f 3.96e-08 masked_f 0.000 loss_f -0.0000 | ratio_t 0.999 loss_t -0.0001 | r_ema 0.458 | 22.7s
step  563 | r_mean 0.471 r>0.5 117/256 | ratio_f 1.000 kl_f 1.65e-07 masked_f 0.000 loss_f -0.0000 | ratio_t 1.000 loss_t +0.0005 | r_ema 0.459 | 25.6s
step  564 | r_mean 0.437 r>0.5 111/256 | ratio_f 1.000 kl_f 3.35e-08 masked_f 0.000 loss_f +0.0000 | ratio_t 0.999 loss_t +0.0002 | r_ema 0.457 | 28.3s
step  565 | r_mean 0.407 r>0.5 105/256 | ratio_f 1.000 kl_f 1.35e-07 masked_f 0.000 loss_f +0.0000 | ratio_t 1.000 loss_t +0.0005 | r_ema 0.452 | 28.5s
step  566 | r_mean 0.191 r>0.5 47/256 | ratio_f 1.000 kl_f 4.42e-08 masked_f 0.000 loss_f -0.0000 | ratio_t 1.001 loss_t +0.0001 | r_ema 0.426 | 24.4s
step  567 | r_mean 0.394 r>0.5 102/256 | ratio_f 1.000 kl_f 3.05e-08 masked_f 0.000 loss_f -0.0000 | ratio_t 0.998 loss_t -0.0003 | r_ema 0.423 | 28.4s
step  568 | r_mean 0.412 r>0.5 89/256 | ratio_f 1.000 kl_f 3.78e-08 masked_f 0.000 loss_f -0.0000 | ratio_t 0.999 loss_t +0.0008 | r_ema 0.422 | 25.6s
step  569 | r_mean 0.386 r>0.5 97/256 | ratio_f 1.000 kl_f 1.59e-07 masked_f 0.000 loss_f +0.0000 | ratio_t 0.998 loss_t +0.0004 | r_ema 0.418 | 27.6s
/home/xyh/Symbolic_Regression/E2E/E2E/train_flow_m3_rl.py:84: RuntimeWarning: overflow encountered in square
  return float(((y - yh_c) ** 2).mean())
/home/xyh/Symbolic_Regression/E2E/E2E/train_flow_m3_rl.py:84: RuntimeWarning: overflow encountered in square
  return float(((y - yh_c) ** 2).mean())
/home/xyh/Symbolic_Regression/E2E/E2E/.venv/lib/python3.10/site-packages/scipy/optimize/_optimize.py:851: RuntimeWarning: invalid value encountered in subtract
  np.max(np.abs(fsim[0] - fsim[1:])) <= fatol):
/home/xyh/Symbolic_Regression/E2E/E2E/symbolicregression/envs/generators.py:242: RuntimeWarning: overflow encountered in exp
  return fn(self.children[0].val(x))
/home/xyh/Symbolic_Regression/E2E/E2E/.venv/lib/python3.10/site-packages/scipy/optimize/_optimize.py:851: RuntimeWarning: invalid value encountered in subtract
  np.max(np.abs(fsim[0] - fsim[1:])) <= fatol):
/home/xyh/Symbolic_Regression/E2E/E2E/train_flow_m3_rl.py:84: RuntimeWarning: overflow encountered in square
  return float(((y - yh_c) ** 2).mean())
/home/xyh/Symbolic_Regression/E2E/E2E/train_flow_m3_rl.py:91: RuntimeWarning: overflow encountered in square
  return float(1.0 - ((y - yh) ** 2).sum() / ss_tot) if ss_tot > 0 else float("nan")
/home/xyh/Symbolic_Regression/E2E/E2E/train_flow_m3_rl.py:91: RuntimeWarning: overflow encountered in square
  return float(1.0 - ((y - yh) ** 2).sum() / ss_tot) if ss_tot > 0 else float("nan")
step  570 | r_mean 0.308 r>0.5 87/256 | ratio_f 1.000 kl_f 4.84e-08 masked_f 0.000 loss_f -0.0000 | ratio_t 1.000 loss_t -0.0003 | r_ema 0.407 | 42.6s
step  571 | r_mean 0.399 r>0.5 108/256 | ratio_f 1.000 kl_f 3.40e-08 masked_f 0.000 loss_f +0.0000 | ratio_t 0.998 loss_t -0.0010 | r_ema 0.406 | 29.1s
step  572 | r_mean 0.498 r>0.5 131/256 | ratio_f 1.000 kl_f 4.11e-08 masked_f 0.000 loss_f -0.0000 | ratio_t 1.000 loss_t -0.0006 | r_ema 0.415 | 25.1s
step  573 | r_mean 0.500 r>0.5 136/256 | ratio_f 1.000 kl_f 3.85e-08 masked_f 0.000 loss_f +0.0000 | ratio_t 1.000 loss_t +0.0001 | r_ema 0.424 | 27.1s
step  574 | r_mean 0.361 r>0.5 97/256 | ratio_f 1.000 kl_f 3.30e-08 masked_f 0.000 loss_f -0.0000 | ratio_t 1.000 loss_t -0.0002 | r_ema 0.418 | 27.6s
step  575 | r_mean 0.489 r>0.5 124/256 | ratio_f 1.000 kl_f 3.32e-08 masked_f 0.000 loss_f -0.0000 | ratio_t 1.000 loss_t -0.0012 | r_ema 0.425 | 26.1s
step  576 | r_mean 0.384 r>0.5 96/256 | ratio_f 1.000 kl_f 7.31e-08 masked_f 0.000 loss_f +0.0000 | ratio_t 0.999 loss_t +0.0008 | r_ema 0.421 | 26.8s
step  577 | r_mean 0.551 r>0.5 142/256 | ratio_f 1.000 kl_f 4.31e-08 masked_f 0.000 loss_f +0.0000 | ratio_t 1.000 loss_t -0.0002 | r_ema 0.434 | 24.6s
step  578 | r_mean 0.298 r>0.5 79/256 | ratio_f 1.000 kl_f 3.97e-08 masked_f 0.000 loss_f +0.0000 | ratio_t 1.000 loss_t +0.0004 | r_ema 0.420 | 25.4s
step  579 | r_mean 0.219 r>0.5 60/256 | ratio_f 1.000 kl_f 3.54e-08 masked_f 0.000 loss_f +0.0000 | ratio_t 1.000 loss_t +0.0008 | r_ema 0.400 | 25.8s
step  580 | r_mean 0.428 r>0.5 111/256 | ratio_f 1.000 kl_f 4.84e-08 masked_f 0.000 loss_f +0.0000 | ratio_t 1.000 loss_t -0.0004 | r_ema 0.403 | 26.3s
step  581 | r_mean 0.487 r>0.5 122/256 | ratio_f 1.000 kl_f 1.55e-07 masked_f 0.000 loss_f -0.0000 | ratio_t 1.000 loss_t +0.0001 | r_ema 0.411 | 27.1s
step  582 | r_mean 0.398 r>0.5 104/256 | ratio_f 1.000 kl_f 9.38e-08 masked_f 0.000 loss_f -0.0000 | ratio_t 1.000 loss_t +0.0001 | r_ema 0.410 | 25.9s
step  583 | r_mean 0.417 r>0.5 113/256 | ratio_f 1.000 kl_f 5.03e-08 masked_f 0.000 loss_f +0.0000 | ratio_t 1.000 loss_t -0.0001 | r_ema 0.411 | 28.7s
step  584 | r_mean 0.355 r>0.5 95/256 | ratio_f 1.000 kl_f 4.23e-08 masked_f 0.000 loss_f -0.0000 | ratio_t 1.001 loss_t -0.0004 | r_ema 0.405 | 26.6s
step  585 | r_mean 0.281 r>0.5 62/256 | ratio_f 1.000 kl_f 4.59e-08 masked_f 0.000 loss_f -0.0000 | ratio_t 1.000 loss_t +0.0009 | r_ema 0.393 | 26.4s
step  586 | r_mean 0.476 r>0.5 125/256 | ratio_f 1.000 kl_f 4.39e-08 masked_f 0.000 loss_f -0.0000 | ratio_t 1.000 loss_t +0.0004 | r_ema 0.401 | 28.6s
step  587 | r_mean 0.561 r>0.5 150/256 | ratio_f 1.000 kl_f 7.96e-08 masked_f 0.000 loss_f +0.0000 | ratio_t 1.000 loss_t +0.0002 | r_ema 0.417 | 26.0s
step  588 | r_mean 0.647 r>0.5 177/256 | ratio_f 1.000 kl_f 4.06e-08 masked_f 0.000 loss_f -0.0000 | ratio_t 1.000 loss_t -0.0002 | r_ema 0.440 | 26.3s
step  589 | r_mean 0.528 r>0.5 133/256 | ratio_f 1.000 kl_f 4.27e-08 masked_f 0.000 loss_f +0.0000 | ratio_t 1.000 loss_t +0.0000 | r_ema 0.449 | 27.4s
step  590 | r_mean 0.509 r>0.5 147/256 | ratio_f 1.000 kl_f 3.98e-08 masked_f 0.000 loss_f +0.0000 | ratio_t 1.000 loss_t +0.0000 | r_ema 0.455 | 26.9s
step  591 | r_mean 0.411 r>0.5 99/256 | ratio_f 1.000 kl_f 1.44e-07 masked_f 0.000 loss_f -0.0000 | ratio_t 1.001 loss_t +0.0005 | r_ema 0.450 | 30.2s
step  592 | r_mean 0.552 r>0.5 148/256 | ratio_f 1.000 kl_f 3.56e-08 masked_f 0.000 loss_f +0.0000 | ratio_t 1.001 loss_t -0.0004 | r_ema 0.460 | 26.6s
/home/xyh/Symbolic_Regression/E2E/E2E/train_flow_m3_rl.py:84: RuntimeWarning: overflow encountered in square
  return float(((y - yh_c) ** 2).mean())
/home/xyh/Symbolic_Regression/E2E/E2E/.venv/lib/python3.10/site-packages/scipy/optimize/_optimize.py:851: RuntimeWarning: invalid value encountered in subtract
  np.max(np.abs(fsim[0] - fsim[1:])) <= fatol):
/home/xyh/Symbolic_Regression/E2E/E2E/train_flow_m3_rl.py:91: RuntimeWarning: overflow encountered in square
  return float(1.0 - ((y - yh) ** 2).sum() / ss_tot) if ss_tot > 0 else float("nan")
step  593 | r_mean 0.495 r>0.5 131/256 | ratio_f 1.000 kl_f 3.25e-08 masked_f 0.000 loss_f -0.0000 | ratio_t 0.999 loss_t -0.0001 | r_ema 0.464 | 47.7s
step  594 | r_mean 0.386 r>0.5 94/256 | ratio_f 1.000 kl_f 3.41e-08 masked_f 0.000 loss_f +0.0000 | ratio_t 1.001 loss_t -0.0008 | r_ema 0.456 | 29.3s
step  595 | r_mean 0.450 r>0.5 116/256 | ratio_f 1.000 kl_f 4.52e-08 masked_f 0.000 loss_f +0.0000 | ratio_t 0.999 loss_t -0.0000 | r_ema 0.455 | 26.9s
step  596 | r_mean 0.556 r>0.5 145/256 | ratio_f 1.000 kl_f 5.91e-08 masked_f 0.000 loss_f -0.0000 | ratio_t 1.000 loss_t -0.0004 | r_ema 0.465 | 25.9s
step  597 | r_mean 0.658 r>0.5 198/256 | ratio_f 1.000 kl_f 3.31e-08 masked_f 0.000 loss_f -0.0000 | ratio_t 0.999 loss_t -0.0008 | r_ema 0.485 | 25.4s
step  598 | r_mean 0.489 r>0.5 128/256 | ratio_f 1.000 kl_f 3.57e-08 masked_f 0.000 loss_f +0.0000 | ratio_t 0.999 loss_t -0.0007 | r_ema 0.485 | 26.5s
step  599 | r_mean 0.506 r>0.5 118/256 | ratio_f 1.000 kl_f 4.23e-08 masked_f 0.000 loss_f +0.0000 | ratio_t 0.999 loss_t -0.0004 | r_ema 0.487 | 25.6s
step  600 | r_mean 0.402 r>0.5 114/256 | ratio_f 1.000 kl_f 5.01e-08 masked_f 0.000 loss_f -0.0000 | ratio_t 0.999 loss_t -0.0005 | r_ema 0.479 | 24.3s
  [ckpt] step 600 r_ema 0.479 best 0.479 -> checkpoints/m3_rl/{best,last}.pth
step  601 | r_mean 0.621 r>0.5 165/256 | ratio_f 1.000 kl_f 4.23e-08 masked_f 0.000 loss_f -0.0000 | ratio_t 1.001 loss_t +0.0010 | r_ema 0.493 | 25.3s
step  602 | r_mean 0.543 r>0.5 150/256 | ratio_f 1.000 kl_f 3.48e-08 masked_f 0.000 loss_f -0.0000 | ratio_t 1.000 loss_t -0.0002 | r_ema 0.498 | 25.1s
step  603 | r_mean 0.396 r>0.5 98/256 | ratio_f 1.000 kl_f 5.40e-08 masked_f 0.000 loss_f -0.0000 | ratio_t 1.000 loss_t -0.0002 | r_ema 0.488 | 25.0s
step  604 | r_mean 0.372 r>0.5 88/256 | ratio_f 1.000 kl_f 3.84e-08 masked_f 0.000 loss_f -0.0000 | ratio_t 1.001 loss_t -0.0009 | r_ema 0.476 | 26.2s
step  605 | r_mean 0.503 r>0.5 123/256 | ratio_f 1.000 kl_f 4.76e-08 masked_f 0.000 loss_f +0.0000 | ratio_t 0.999 loss_t -0.0009 | r_ema 0.479 | 23.9s
step  606 | r_mean 0.552 r>0.5 150/256 | ratio_f 1.000 kl_f 5.46e-08 masked_f 0.000 loss_f +0.0000 | ratio_t 1.001 loss_t -0.0005 | r_ema 0.486 | 25.3s
step  607 | r_mean 0.425 r>0.5 106/256 | ratio_f 1.000 kl_f 1.12e-07 masked_f 0.000 loss_f -0.0000 | ratio_t 0.999 loss_t +0.0005 | r_ema 0.480 | 23.9s
/home/xyh/Symbolic_Regression/E2E/E2E/train_flow_m3_rl.py:84: RuntimeWarning: overflow encountered in square
  return float(((y - yh_c) ** 2).mean())
/home/xyh/Symbolic_Regression/E2E/E2E/symbolicregression/envs/generators.py:242: RuntimeWarning: overflow encountered in exp
  return fn(self.children[0].val(x))
/home/xyh/Symbolic_Regression/E2E/E2E/.venv/lib/python3.10/site-packages/scipy/optimize/_optimize.py:851: RuntimeWarning: invalid value encountered in subtract
  np.max(np.abs(fsim[0] - fsim[1:])) <= fatol):
/home/xyh/Symbolic_Regression/E2E/E2E/train_flow_m3_rl.py:91: RuntimeWarning: overflow encountered in square
  return float(1.0 - ((y - yh) ** 2).sum() / ss_tot) if ss_tot > 0 else float("nan")
step  608 | r_mean 0.516 r>0.5 134/256 | ratio_f 1.000 kl_f 5.48e-08 masked_f 0.000 loss_f -0.0000 | ratio_t 0.999 loss_t -0.0002 | r_ema 0.484 | 24.8s
/home/xyh/Symbolic_Regression/E2E/E2E/symbolicregression/envs/generators.py:242: RuntimeWarning: overflow encountered in exp
  return fn(self.children[0].val(x))
/home/xyh/Symbolic_Regression/E2E/E2E/train_flow_m3_rl.py:84: RuntimeWarning: overflow encountered in square
  return float(((y - yh_c) ** 2).mean())
/home/xyh/Symbolic_Regression/E2E/E2E/symbolicregression/envs/generators.py:242: RuntimeWarning: overflow encountered in exp
  return fn(self.children[0].val(x))
/home/xyh/Symbolic_Regression/E2E/E2E/symbolicregression/envs/generators.py:242: RuntimeWarning: overflow encountered in exp
  return fn(self.children[0].val(x))
/home/xyh/Symbolic_Regression/E2E/E2E/symbolicregression/envs/generators.py:242: RuntimeWarning: overflow encountered in exp
  return fn(self.children[0].val(x))
/home/xyh/Symbolic_Regression/E2E/E2E/symbolicregression/envs/generators.py:137: RuntimeWarning: overflow encountered in multiply
  return m1 * m2
/home/xyh/Symbolic_Regression/E2E/E2E/symbolicregression/envs/generators.py:242: RuntimeWarning: overflow encountered in exp
  return fn(self.children[0].val(x))
/home/xyh/Symbolic_Regression/E2E/E2E/symbolicregression/envs/generators.py:137: RuntimeWarning: overflow encountered in multiply
  return m1 * m2
/home/xyh/Symbolic_Regression/E2E/E2E/.venv/lib/python3.10/site-packages/scipy/optimize/_optimize.py:851: RuntimeWarning: invalid value encountered in subtract
  np.max(np.abs(fsim[0] - fsim[1:])) <= fatol):
/home/xyh/Symbolic_Regression/E2E/E2E/symbolicregression/envs/generators.py:242: RuntimeWarning: overflow encountered in exp
  return fn(self.children[0].val(x))
/home/xyh/Symbolic_Regression/E2E/E2E/symbolicregression/envs/generators.py:137: RuntimeWarning: overflow encountered in multiply
  return m1 * m2
/home/xyh/Symbolic_Regression/E2E/E2E/symbolicregression/envs/generators.py:242: RuntimeWarning: overflow encountered in exp
  return fn(self.children[0].val(x))
/home/xyh/Symbolic_Regression/E2E/E2E/train_flow_m3_rl.py:91: RuntimeWarning: overflow encountered in square
  return float(1.0 - ((y - yh) ** 2).sum() / ss_tot) if ss_tot > 0 else float("nan")
step  609 | r_mean 0.339 r>0.5 81/256 | ratio_f 1.000 kl_f 1.39e-07 masked_f 0.000 loss_f -0.0000 | ratio_t 1.001 loss_t +0.0005 | r_ema 0.469 | 39.1s
/home/xyh/Symbolic_Regression/E2E/E2E/symbolicregression/envs/generators.py:137: RuntimeWarning: overflow encountered in multiply
  return m1 * m2
step  610 | r_mean 0.602 r>0.5 168/256 | ratio_f 1.000 kl_f 3.89e-08 masked_f 0.000 loss_f +0.0000 | ratio_t 1.000 loss_t +0.0002 | r_ema 0.482 | 22.7s
step  611 | r_mean 0.668 r>0.5 176/256 | ratio_f 1.000 kl_f 4.86e-08 masked_f 0.000 loss_f -0.0000 | ratio_t 0.999 loss_t +0.0005 | r_ema 0.501 | 23.1s
/home/xyh/Symbolic_Regression/E2E/E2E/symbolicregression/envs/generators.py:242: RuntimeWarning: overflow encountered in exp
  return fn(self.children[0].val(x))
/home/xyh/Symbolic_Regression/E2E/E2E/symbolicregression/envs/generators.py:242: RuntimeWarning: overflow encountered in exp
  return fn(self.children[0].val(x))
/home/xyh/Symbolic_Regression/E2E/E2E/symbolicregression/envs/generators.py:137: RuntimeWarning: overflow encountered in multiply
  return m1 * m2
step  612 | r_mean 0.389 r>0.5 94/256 | ratio_f 1.000 kl_f 3.77e-08 masked_f 0.000 loss_f +0.0000 | ratio_t 1.002 loss_t +0.0002 | r_ema 0.490 | 21.9s
step  613 | r_mean 0.358 r>0.5 73/256 | ratio_f 1.000 kl_f 3.98e-08 masked_f 0.000 loss_f -0.0000 | ratio_t 1.000 loss_t -0.0008 | r_ema 0.477 | 22.9s
step  614 | r_mean 0.457 r>0.5 113/256 | ratio_f 1.000 kl_f 3.96e-08 masked_f 0.000 loss_f -0.0000 | ratio_t 0.997 loss_t +0.0018 | r_ema 0.475 | 23.2s
step  615 | r_mean 0.519 r>0.5 130/256 | ratio_f 1.000 kl_f 1.21e-07 masked_f 0.000 loss_f -0.0000 | ratio_t 0.999 loss_t -0.0001 | r_ema 0.479 | 22.2s
step  616 | r_mean 0.567 r>0.5 164/256 | ratio_f 1.000 kl_f 4.44e-08 masked_f 0.000 loss_f -0.0000 | ratio_t 0.999 loss_t -0.0002 | r_ema 0.488 | 22.8s
step  617 | r_mean 0.480 r>0.5 120/256 | ratio_f 1.000 kl_f 4.18e-08 masked_f 0.000 loss_f -0.0000 | ratio_t 0.999 loss_t +0.0004 | r_ema 0.487 | 20.7s
step  618 | r_mean 0.372 r>0.5 108/256 | ratio_f 1.000 kl_f 5.73e-08 masked_f 0.000 loss_f -0.0000 | ratio_t 1.001 loss_t +0.0011 | r_ema 0.476 | 23.2s
step  619 | r_mean 0.380 r>0.5 102/256 | ratio_f 1.000 kl_f 5.41e-08 masked_f 0.000 loss_f -0.0000 | ratio_t 1.001 loss_t -0.0007 | r_ema 0.466 | 23.2s
step  620 | r_mean 0.346 r>0.5 81/256 | ratio_f 1.000 kl_f 3.94e-08 masked_f 0.000 loss_f -0.0000 | ratio_t 0.999 loss_t +0.0006 | r_ema 0.454 | 19.7s
step  621 | r_mean 0.396 r>0.5 111/256 | ratio_f 1.000 kl_f 1.55e-07 masked_f 0.000 loss_f -0.0000 | ratio_t 1.002 loss_t -0.0005 | r_ema 0.448 | 20.0s
step  622 | r_mean 0.371 r>0.5 103/256 | ratio_f 1.000 kl_f 4.01e-08 masked_f 0.000 loss_f -0.0000 | ratio_t 0.999 loss_t -0.0002 | r_ema 0.441 | 24.8s
/home/xyh/Symbolic_Regression/E2E/E2E/train_flow_m3_rl.py:84: RuntimeWarning: overflow encountered in square
  return float(((y - yh_c) ** 2).mean())
/home/xyh/Symbolic_Regression/E2E/E2E/symbolicregression/envs/generators.py:242: RuntimeWarning: overflow encountered in exp
  return fn(self.children[0].val(x))
step  623 | r_mean 0.547 r>0.5 141/256 | ratio_f 1.000 kl_f 8.62e-08 masked_f 0.000 loss_f +0.0000 | ratio_t 1.000 loss_t +0.0002 | r_ema 0.451 | 21.6s
step  624 | r_mean 0.494 r>0.5 128/256 | ratio_f 1.000 kl_f 4.16e-08 masked_f 0.000 loss_f +0.0000 | ratio_t 0.997 loss_t +0.0002 | r_ema 0.455 | 29.8s
/home/xyh/Symbolic_Regression/E2E/E2E/symbolicregression/envs/generators.py:242: RuntimeWarning: overflow encountered in exp
  return fn(self.children[0].val(x))
/home/xyh/Symbolic_Regression/E2E/E2E/train_flow_m3_rl.py:84: RuntimeWarning: overflow encountered in square
  return float(((y - yh_c) ** 2).mean())
/home/xyh/Symbolic_Regression/E2E/E2E/symbolicregression/envs/generators.py:242: RuntimeWarning: overflow encountered in exp
  return fn(self.children[0].val(x))
/home/xyh/Symbolic_Regression/E2E/E2E/train_flow_m3_rl.py:84: RuntimeWarning: overflow encountered in square
  return float(((y - yh_c) ** 2).mean())
/home/xyh/Symbolic_Regression/E2E/E2E/symbolicregression/envs/generators.py:242: RuntimeWarning: overflow encountered in exp
  return fn(self.children[0].val(x))
/home/xyh/Symbolic_Regression/E2E/E2E/symbolicregression/envs/generators.py:137: RuntimeWarning: overflow encountered in multiply
  return m1 * m2
step  625 | r_mean 0.274 r>0.5 61/256 | ratio_f 1.000 kl_f 4.38e-08 masked_f 0.000 loss_f -0.0000 | ratio_t 0.998 loss_t -0.0001 | r_ema 0.437 | 21.0s
step  626 | r_mean 0.548 r>0.5 139/256 | ratio_f 1.000 kl_f 3.70e-08 masked_f 0.000 loss_f +0.0000 | ratio_t 1.002 loss_t +0.0025 | r_ema 0.448 | 23.6s
step  627 | r_mean 0.371 r>0.5 95/256 | ratio_f 1.000 kl_f 3.90e-08 masked_f 0.000 loss_f +0.0000 | ratio_t 0.999 loss_t +0.0003 | r_ema 0.441 | 25.3s
/home/xyh/Symbolic_Regression/E2E/E2E/symbolicregression/envs/generators.py:242: RuntimeWarning: invalid value encountered in sin
  return fn(self.children[0].val(x))
step  628 | r_mean 0.543 r>0.5 131/256 | ratio_f 1.000 kl_f 4.12e-08 masked_f 0.000 loss_f +0.0000 | ratio_t 1.001 loss_t +0.0008 | r_ema 0.451 | 53.8s
step  629 | r_mean 0.414 r>0.5 95/256 | ratio_f 1.000 kl_f 4.36e-08 masked_f 0.000 loss_f -0.0000 | ratio_t 0.998 loss_t -0.0015 | r_ema 0.447 | 47.8s
step  630 | r_mean 0.473 r>0.5 128/256 | ratio_f 1.000 kl_f 4.54e-08 masked_f 0.000 loss_f +0.0000 | ratio_t 0.999 loss_t -0.0004 | r_ema 0.450 | 44.8s
step  631 | r_mean 0.321 r>0.5 79/256 | ratio_f 1.000 kl_f 4.40e-08 masked_f 0.000 loss_f -0.0000 | ratio_t 0.998 loss_t -0.0010 | r_ema 0.437 | 91.6s
step  632 | r_mean 0.293 r>0.5 55/256 | ratio_f 1.000 kl_f 4.31e-08 masked_f 0.000 loss_f -0.0000 | ratio_t 1.000 loss_t -0.0002 | r_ema 0.423 | 46.8s
step  633 | r_mean 0.477 r>0.5 129/256 | ratio_f 1.000 kl_f 2.11e-07 masked_f 0.000 loss_f -0.0000 | ratio_t 0.997 loss_t -0.0006 | r_ema 0.428 | 44.8s
/home/xyh/Symbolic_Regression/E2E/E2E/train_flow_m3_rl.py:84: RuntimeWarning: overflow encountered in square
  return float(((y - yh_c) ** 2).mean())
step  634 | r_mean 0.538 r>0.5 152/256 | ratio_f 1.000 kl_f 4.36e-08 masked_f 0.000 loss_f +0.0000 | ratio_t 1.001 loss_t +0.0000 | r_ema 0.439 | 25.8s
step  635 | r_mean 0.307 r>0.5 68/256 | ratio_f 1.000 kl_f 3.64e-08 masked_f 0.000 loss_f -0.0000 | ratio_t 1.002 loss_t +0.0004 | r_ema 0.426 | 26.3s
/home/xyh/Symbolic_Regression/E2E/E2E/symbolicregression/envs/generators.py:242: RuntimeWarning: overflow encountered in exp
  return fn(self.children[0].val(x))
/home/xyh/Symbolic_Regression/E2E/E2E/symbolicregression/envs/generators.py:242: RuntimeWarning: invalid value encountered in sin
  return fn(self.children[0].val(x))
step  636 | r_mean 0.524 r>0.5 137/256 | ratio_f 1.000 kl_f 4.46e-08 masked_f 0.000 loss_f +0.0000 | ratio_t 1.000 loss_t +0.0005 | r_ema 0.436 | 23.9s
/home/xyh/Symbolic_Regression/E2E/E2E/symbolicregression/envs/generators.py:242: RuntimeWarning: overflow encountered in exp
  return fn(self.children[0].val(x))
step  637 | r_mean 0.289 r>0.5 65/256 | ratio_f 1.000 kl_f 2.92e-08 masked_f 0.000 loss_f -0.0000 | ratio_t 0.998 loss_t +0.0008 | r_ema 0.421 | 66.9s
step  638 | r_mean 0.446 r>0.5 121/256 | ratio_f 1.000 kl_f 1.54e-07 masked_f 0.000 loss_f -0.0000 | ratio_t 1.002 loss_t -0.0002 | r_ema 0.423 | 44.5s
step  639 | r_mean 0.567 r>0.5 158/256 | ratio_f 1.000 kl_f 3.98e-08 masked_f 0.000 loss_f -0.0000 | ratio_t 0.999 loss_t -0.0001 | r_ema 0.438 | 26.2s
step  640 | r_mean 0.475 r>0.5 131/256 | ratio_f 1.000 kl_f 1.32e-07 masked_f 0.000 loss_f -0.0000 | ratio_t 0.999 loss_t -0.0003 | r_ema 0.442 | 25.2s
/home/xyh/Symbolic_Regression/E2E/E2E/symbolicregression/envs/generators.py:242: RuntimeWarning: overflow encountered in exp
  return fn(self.children[0].val(x))
/home/xyh/Symbolic_Regression/E2E/E2E/symbolicregression/envs/generators.py:137: RuntimeWarning: overflow encountered in multiply
  return m1 * m2
/home/xyh/Symbolic_Regression/E2E/E2E/symbolicregression/envs/generators.py:137: RuntimeWarning: invalid value encountered in multiply
  return m1 * m2
step  641 | r_mean 0.377 r>0.5 103/256 | ratio_f 1.000 kl_f 3.57e-08 masked_f 0.000 loss_f +0.0000 | ratio_t 1.000 loss_t -0.0010 | r_ema 0.435 | 56.4s
/home/xyh/Symbolic_Regression/E2E/E2E/train_flow_m3_rl.py:84: RuntimeWarning: overflow encountered in square
  return float(((y - yh_c) ** 2).mean())
/home/xyh/Symbolic_Regression/E2E/E2E/symbolicregression/envs/generators.py:242: RuntimeWarning: overflow encountered in exp
  return fn(self.children[0].val(x))
/home/xyh/Symbolic_Regression/E2E/E2E/symbolicregression/envs/generators.py:137: RuntimeWarning: overflow encountered in multiply
  return m1 * m2
step  642 | r_mean 0.347 r>0.5 72/256 | ratio_f 1.000 kl_f 3.07e-08 masked_f 0.000 loss_f +0.0000 | ratio_t 1.000 loss_t +0.0009 | r_ema 0.426 | 27.1s
step  643 | r_mean 0.501 r>0.5 118/256 | ratio_f 1.000 kl_f 1.28e-07 masked_f 0.000 loss_f -0.0000 | ratio_t 0.999 loss_t -0.0008 | r_ema 0.434 | 26.0s
step  644 | r_mean 0.689 r>0.5 186/256 | ratio_f 1.000 kl_f 1.11e-07 masked_f 0.000 loss_f +0.0000 | ratio_t 1.000 loss_t -0.0004 | r_ema 0.459 | 22.7s
step  645 | r_mean 0.607 r>0.5 167/256 | ratio_f 1.000 kl_f 3.76e-08 masked_f 0.000 loss_f -0.0000 | ratio_t 1.001 loss_t -0.0003 | r_ema 0.474 | 25.6s
step  646 | r_mean 0.592 r>0.5 153/256 | ratio_f 1.000 kl_f 7.89e-08 masked_f 0.000 loss_f +0.0000 | ratio_t 1.000 loss_t -0.0004 | r_ema 0.486 | 25.1s
step  647 | r_mean 0.618 r>0.5 153/256 | ratio_f 1.000 kl_f 1.45e-07 masked_f 0.000 loss_f +0.0000 | ratio_t 1.000 loss_t -0.0001 | r_ema 0.499 | 26.0s
step  648 | r_mean 0.472 r>0.5 124/256 | ratio_f 1.000 kl_f 1.38e-07 masked_f 0.000 loss_f +0.0000 | ratio_t 0.999 loss_t +0.0003 | r_ema 0.496 | 26.3s
/home/xyh/Symbolic_Regression/E2E/E2E/train_flow_m3_rl.py:84: RuntimeWarning: overflow encountered in square
  return float(((y - yh_c) ** 2).mean())
/home/xyh/Symbolic_Regression/E2E/E2E/train_flow_m3_rl.py:84: RuntimeWarning: overflow encountered in square
  return float(((y - yh_c) ** 2).mean())
/home/xyh/Symbolic_Regression/E2E/E2E/symbolicregression/envs/generators.py:137: RuntimeWarning: overflow encountered in multiply
  return m1 * m2
/home/xyh/Symbolic_Regression/E2E/E2E/train_flow_m3_rl.py:84: RuntimeWarning: overflow encountered in square
  return float(((y - yh_c) ** 2).mean())
/home/xyh/Symbolic_Regression/E2E/E2E/.venv/lib/python3.10/site-packages/scipy/optimize/_optimize.py:851: RuntimeWarning: invalid value encountered in subtract
  np.max(np.abs(fsim[0] - fsim[1:])) <= fatol):
/home/xyh/Symbolic_Regression/E2E/E2E/.venv/lib/python3.10/site-packages/scipy/optimize/_optimize.py:851: RuntimeWarning: invalid value encountered in subtract
  np.max(np.abs(fsim[0] - fsim[1:])) <= fatol):
/home/xyh/Symbolic_Regression/E2E/E2E/train_flow_m3_rl.py:91: RuntimeWarning: overflow encountered in square
  return float(1.0 - ((y - yh) ** 2).sum() / ss_tot) if ss_tot > 0 else float("nan")
/home/xyh/Symbolic_Regression/E2E/E2E/train_flow_m3_rl.py:91: RuntimeWarning: overflow encountered in square
  return float(1.0 - ((y - yh) ** 2).sum() / ss_tot) if ss_tot > 0 else float("nan")
step  649 | r_mean 0.582 r>0.5 151/256 | ratio_f 1.000 kl_f 4.06e-08 masked_f 0.000 loss_f -0.0000 | ratio_t 1.001 loss_t -0.0004 | r_ema 0.505 | 46.2s
/home/xyh/Symbolic_Regression/E2E/E2E/train_flow_m3_rl.py:84: RuntimeWarning: overflow encountered in square
  return float(((y - yh_c) ** 2).mean())
/home/xyh/Symbolic_Regression/E2E/E2E/train_flow_m3_rl.py:84: RuntimeWarning: overflow encountered in square
  return float(((y - yh_c) ** 2).mean())
/home/xyh/Symbolic_Regression/E2E/E2E/.venv/lib/python3.10/site-packages/scipy/optimize/_optimize.py:851: RuntimeWarning: invalid value encountered in subtract
  np.max(np.abs(fsim[0] - fsim[1:])) <= fatol):
/home/xyh/Symbolic_Regression/E2E/E2E/.venv/lib/python3.10/site-packages/scipy/optimize/_optimize.py:851: RuntimeWarning: invalid value encountered in subtract
  np.max(np.abs(fsim[0] - fsim[1:])) <= fatol):
/home/xyh/Symbolic_Regression/E2E/E2E/train_flow_m3_rl.py:91: RuntimeWarning: overflow encountered in square
  return float(1.0 - ((y - yh) ** 2).sum() / ss_tot) if ss_tot > 0 else float("nan")
/home/xyh/Symbolic_Regression/E2E/E2E/train_flow_m3_rl.py:91: RuntimeWarning: overflow encountered in square
  return float(1.0 - ((y - yh) ** 2).sum() / ss_tot) if ss_tot > 0 else float("nan")
step  650 | r_mean 0.442 r>0.5 114/256 | ratio_f 1.000 kl_f 8.07e-08 masked_f 0.000 loss_f +0.0000 | ratio_t 0.999 loss_t -0.0004 | r_ema 0.499 | 51.2s
  [ckpt] step 650 r_ema 0.499 best 0.499 -> checkpoints/m3_rl/{best,last}.pth
/home/xyh/Symbolic_Regression/E2E/E2E/symbolicregression/envs/generators.py:242: RuntimeWarning: overflow encountered in exp
  return fn(self.children[0].val(x))
step  651 | r_mean 0.492 r>0.5 119/256 | ratio_f 1.000 kl_f 4.01e-08 masked_f 0.000 loss_f +0.0000 | ratio_t 1.000 loss_t -0.0006 | r_ema 0.498 | 26.1s
step  652 | r_mean 0.450 r>0.5 119/256 | ratio_f 1.000 kl_f 3.41e-08 masked_f 0.000 loss_f +0.0000 | ratio_t 1.000 loss_t +0.0008 | r_ema 0.493 | 24.9s
step  653 | r_mean 0.493 r>0.5 114/256 | ratio_f 1.000 kl_f 3.34e-08 masked_f 0.000 loss_f -0.0000 | ratio_t 1.001 loss_t +0.0007 | r_ema 0.493 | 26.0s
step  654 | r_mean 0.399 r>0.5 96/256 | ratio_f 1.000 kl_f 8.34e-08 masked_f 0.000 loss_f +0.0000 | ratio_t 1.001 loss_t +0.0004 | r_ema 0.484 | 26.7s
/home/xyh/Symbolic_Regression/E2E/E2E/symbolicregression/envs/generators.py:242: RuntimeWarning: overflow encountered in exp
  return fn(self.children[0].val(x))
step  655 | r_mean 0.432 r>0.5 98/256 | ratio_f 1.000 kl_f 3.61e-08 masked_f 0.000 loss_f -0.0000 | ratio_t 1.001 loss_t -0.0003 | r_ema 0.479 | 24.8s
/home/xyh/Symbolic_Regression/E2E/E2E/symbolicregression/envs/generators.py:242: RuntimeWarning: overflow encountered in exp
  return fn(self.children[0].val(x))
step  656 | r_mean 0.483 r>0.5 124/256 | ratio_f 1.000 kl_f 1.10e-07 masked_f 0.000 loss_f -0.0000 | ratio_t 1.000 loss_t -0.0001 | r_ema 0.479 | 25.3s
step  657 | r_mean 0.304 r>0.5 68/256 | ratio_f 1.000 kl_f 4.68e-08 masked_f 0.000 loss_f -0.0000 | ratio_t 0.999 loss_t -0.0003 | r_ema 0.462 | 26.6s
step  658 | r_mean 0.559 r>0.5 147/256 | ratio_f 1.000 kl_f 1.61e-07 masked_f 0.000 loss_f -0.0000 | ratio_t 1.000 loss_t +0.0001 | r_ema 0.471 | 22.7s
step  659 | r_mean 0.347 r>0.5 75/256 | ratio_f 1.000 kl_f 3.81e-08 masked_f 0.000 loss_f +0.0000 | ratio_t 1.001 loss_t -0.0002 | r_ema 0.459 | 25.2s
/home/xyh/Symbolic_Regression/E2E/E2E/symbolicregression/envs/generators.py:216: RuntimeWarning: overflow encountered in power
  return numerator ** 3
/home/xyh/Symbolic_Regression/E2E/E2E/.venv/lib/python3.10/site-packages/scipy/optimize/_optimize.py:851: RuntimeWarning: invalid value encountered in subtract
  np.max(np.abs(fsim[0] - fsim[1:])) <= fatol):
/home/xyh/Symbolic_Regression/E2E/E2E/train_flow_m3_rl.py:91: RuntimeWarning: overflow encountered in square
  return float(1.0 - ((y - yh) ** 2).sum() / ss_tot) if ss_tot > 0 else float("nan")
step  660 | r_mean 0.404 r>0.5 96/256 | ratio_f 1.000 kl_f 3.54e-08 masked_f 0.000 loss_f +0.0000 | ratio_t 0.999 loss_t +0.0008 | r_ema 0.453 | 35.3s
step  661 | r_mean 0.566 r>0.5 153/256 | ratio_f 1.000 kl_f 3.55e-08 masked_f 0.000 loss_f -0.0000 | ratio_t 0.999 loss_t -0.0000 | r_ema 0.465 | 25.6s
step  662 | r_mean 0.524 r>0.5 143/256 | ratio_f 1.000 kl_f 3.81e-08 masked_f 0.000 loss_f -0.0000 | ratio_t 1.002 loss_t -0.0006 | r_ema 0.471 | 22.8s
step  663 | r_mean 0.390 r>0.5 87/256 | ratio_f 1.000 kl_f 3.82e-08 masked_f 0.000 loss_f -0.0000 | ratio_t 0.998 loss_t +0.0006 | r_ema 0.463 | 23.7s
step  664 | r_mean 0.552 r>0.5 153/256 | ratio_f 1.000 kl_f 3.95e-08 masked_f 0.000 loss_f -0.0000 | ratio_t 0.999 loss_t -0.0005 | r_ema 0.471 | 25.1s
step  665 | r_mean 0.567 r>0.5 150/256 | ratio_f 1.000 kl_f 4.73e-08 masked_f 0.000 loss_f +0.0000 | ratio_t 0.999 loss_t +0.0002 | r_ema 0.481 | 25.9s
step  666 | r_mean 0.379 r>0.5 95/256 | ratio_f 1.000 kl_f 3.51e-08 masked_f 0.000 loss_f -0.0000 | ratio_t 0.999 loss_t -0.0011 | r_ema 0.471 | 23.6s
step  667 | r_mean 0.583 r>0.5 150/256 | ratio_f 1.000 kl_f 3.96e-08 masked_f 0.000 loss_f +0.0000 | ratio_t 1.001 loss_t +0.0002 | r_ema 0.482 | 25.4s
/home/xyh/Symbolic_Regression/E2E/E2E/.venv/lib/python3.10/site-packages/scipy/optimize/_optimize.py:851: RuntimeWarning: invalid value encountered in subtract
  np.max(np.abs(fsim[0] - fsim[1:])) <= fatol):
step  668 | r_mean 0.495 r>0.5 117/256 | ratio_f 1.000 kl_f 4.06e-08 masked_f 0.000 loss_f +0.0000 | ratio_t 1.000 loss_t +0.0000 | r_ema 0.483 | 24.6s
/home/xyh/Symbolic_Regression/E2E/E2E/train_flow_m3_rl.py:84: RuntimeWarning: overflow encountered in square
  return float(((y - yh_c) ** 2).mean())
/home/xyh/Symbolic_Regression/E2E/E2E/.venv/lib/python3.10/site-packages/scipy/optimize/_optimize.py:851: RuntimeWarning: invalid value encountered in subtract
  np.max(np.abs(fsim[0] - fsim[1:])) <= fatol):
/home/xyh/Symbolic_Regression/E2E/E2E/train_flow_m3_rl.py:91: RuntimeWarning: overflow encountered in square
  return float(1.0 - ((y - yh) ** 2).sum() / ss_tot) if ss_tot > 0 else float("nan")
step  669 | r_mean 0.374 r>0.5 80/256 | ratio_f 1.000 kl_f 4.35e-08 masked_f 0.000 loss_f -0.0000 | ratio_t 1.000 loss_t +0.0000 | r_ema 0.472 | 39.4s
/home/xyh/Symbolic_Regression/E2E/E2E/symbolicregression/envs/generators.py:242: RuntimeWarning: overflow encountered in exp
  return fn(self.children[0].val(x))
step  670 | r_mean 0.558 r>0.5 152/256 | ratio_f 1.000 kl_f 4.10e-08 masked_f 0.000 loss_f +0.0000 | ratio_t 1.001 loss_t -0.0008 | r_ema 0.481 | 23.9s
step  671 | r_mean 0.644 r>0.5 165/256 | ratio_f 1.000 kl_f 4.69e-08 masked_f 0.000 loss_f -0.0000 | ratio_t 1.000 loss_t -0.0002 | r_ema 0.497 | 26.4s
step  672 | r_mean 0.559 r>0.5 149/256 | ratio_f 1.000 kl_f 4.20e-08 masked_f 0.000 loss_f +0.0000 | ratio_t 0.999 loss_t -0.0008 | r_ema 0.504 | 23.5s
step  673 | r_mean 0.517 r>0.5 138/256 | ratio_f 1.000 kl_f 3.95e-08 masked_f 0.000 loss_f +0.0000 | ratio_t 1.000 loss_t +0.0005 | r_ema 0.505 | 24.1s
step  674 | r_mean 0.558 r>0.5 162/256 | ratio_f 1.000 kl_f 9.00e-08 masked_f 0.000 loss_f +0.0000 | ratio_t 1.000 loss_t -0.0004 | r_ema 0.510 | 26.7s
step  675 | r_mean 0.496 r>0.5 134/256 | ratio_f 1.000 kl_f 3.76e-08 masked_f 0.000 loss_f +0.0000 | ratio_t 0.999 loss_t -0.0010 | r_ema 0.509 | 27.4s
step  676 | r_mean 0.719 r>0.5 193/256 | ratio_f 1.000 kl_f 4.06e-08 masked_f 0.000 loss_f -0.0000 | ratio_t 1.000 loss_t -0.0003 | r_ema 0.530 | 26.0s
/home/xyh/Symbolic_Regression/E2E/E2E/symbolicregression/envs/generators.py:137: RuntimeWarning: overflow encountered in multiply
  return m1 * m2
step  677 | r_mean 0.625 r>0.5 160/256 | ratio_f 1.000 kl_f 3.63e-08 masked_f 0.000 loss_f -0.0000 | ratio_t 1.000 loss_t -0.0006 | r_ema 0.539 | 25.4s
step  678 | r_mean 0.496 r>0.5 131/256 | ratio_f 1.000 kl_f 3.94e-08 masked_f 0.000 loss_f +0.0000 | ratio_t 1.001 loss_t +0.0012 | r_ema 0.535 | 26.8s
step  679 | r_mean 0.587 r>0.5 155/256 | ratio_f 1.000 kl_f 3.83e-08 masked_f 0.000 loss_f +0.0000 | ratio_t 1.000 loss_t +0.0001 | r_ema 0.540 | 25.7s
/home/xyh/Symbolic_Regression/E2E/E2E/symbolicregression/envs/generators.py:242: RuntimeWarning: overflow encountered in exp
  return fn(self.children[0].val(x))
/home/xyh/Symbolic_Regression/E2E/E2E/symbolicregression/envs/generators.py:131: RuntimeWarning: invalid value encountered in add
  return self.children[0].val(x) + self.children[1].val(x)
/home/xyh/Symbolic_Regression/E2E/E2E/train_flow_m3_rl.py:84: RuntimeWarning: overflow encountered in square
  return float(((y - yh_c) ** 2).mean())
/home/xyh/Symbolic_Regression/E2E/E2E/.venv/lib/python3.10/site-packages/scipy/optimize/_optimize.py:851: RuntimeWarning: invalid value encountered in subtract
  np.max(np.abs(fsim[0] - fsim[1:])) <= fatol):
/home/xyh/Symbolic_Regression/E2E/E2E/train_flow_m3_rl.py:91: RuntimeWarning: overflow encountered in square
  return float(1.0 - ((y - yh) ** 2).sum() / ss_tot) if ss_tot > 0 else float("nan")
step  680 | r_mean 0.446 r>0.5 117/256 | ratio_f 1.000 kl_f 3.84e-08 masked_f 0.000 loss_f +0.0000 | ratio_t 1.000 loss_t -0.0004 | r_ema 0.531 | 38.6s
step  681 | r_mean 0.586 r>0.5 146/256 | ratio_f 1.000 kl_f 4.12e-08 masked_f 0.000 loss_f +0.0000 | ratio_t 1.001 loss_t +0.0001 | r_ema 0.536 | 26.5s
/home/xyh/Symbolic_Regression/E2E/E2E/symbolicregression/envs/generators.py:242: RuntimeWarning: overflow encountered in exp
  return fn(self.children[0].val(x))
/home/xyh/Symbolic_Regression/E2E/E2E/symbolicregression/envs/generators.py:137: RuntimeWarning: overflow encountered in multiply
  return m1 * m2
step  682 | r_mean 0.436 r>0.5 106/256 | ratio_f 1.000 kl_f 3.03e-08 masked_f 0.000 loss_f -0.0000 | ratio_t 0.999 loss_t -0.0001 | r_ema 0.526 | 26.5s
step  683 | r_mean 0.605 r>0.5 163/256 | ratio_f 1.000 kl_f 3.80e-08 masked_f 0.000 loss_f +0.0000 | ratio_t 1.000 loss_t -0.0001 | r_ema 0.534 | 27.3s
/home/xyh/Symbolic_Regression/E2E/E2E/train_flow_m3_rl.py:84: RuntimeWarning: overflow encountered in square
  return float(((y - yh_c) ** 2).mean())
/home/xyh/Symbolic_Regression/E2E/E2E/.venv/lib/python3.10/site-packages/scipy/optimize/_optimize.py:851: RuntimeWarning: invalid value encountered in subtract
  np.max(np.abs(fsim[0] - fsim[1:])) <= fatol):
/home/xyh/Symbolic_Regression/E2E/E2E/symbolicregression/envs/generators.py:137: RuntimeWarning: overflow encountered in multiply
  return m1 * m2
/home/xyh/Symbolic_Regression/E2E/E2E/train_flow_m3_rl.py:91: RuntimeWarning: overflow encountered in square
  return float(1.0 - ((y - yh) ** 2).sum() / ss_tot) if ss_tot > 0 else float("nan")
step  684 | r_mean 0.349 r>0.5 80/256 | ratio_f 1.000 kl_f 3.48e-08 masked_f 0.000 loss_f +0.0000 | ratio_t 1.000 loss_t +0.0006 | r_ema 0.516 | 48.3s
step  685 | r_mean 0.601 r>0.5 172/256 | ratio_f 1.000 kl_f 3.48e-08 masked_f 0.000 loss_f -0.0000 | ratio_t 1.000 loss_t +0.0001 | r_ema 0.524 | 27.5s
step  686 | r_mean 0.478 r>0.5 139/256 | ratio_f 1.000 kl_f 4.15e-08 masked_f 0.000 loss_f -0.0000 | ratio_t 1.000 loss_t -0.0005 | r_ema 0.520 | 28.3s
/home/xyh/Symbolic_Regression/E2E/E2E/symbolicregression/envs/generators.py:137: RuntimeWarning: overflow encountered in multiply
  return m1 * m2
/home/xyh/Symbolic_Regression/E2E/E2E/symbolicregression/envs/generators.py:242: RuntimeWarning: overflow encountered in exp
  return fn(self.children[0].val(x))
/home/xyh/Symbolic_Regression/E2E/E2E/symbolicregression/envs/generators.py:216: RuntimeWarning: overflow encountered in power
  return numerator ** 3
step  687 | r_mean 0.474 r>0.5 107/256 | ratio_f 1.000 kl_f 3.42e-08 masked_f 0.000 loss_f -0.0000 | ratio_t 1.001 loss_t +0.0002 | r_ema 0.515 | 23.6s
step  688 | r_mean 0.634 r>0.5 188/256 | ratio_f 1.000 kl_f 4.24e-08 masked_f 0.000 loss_f -0.0000 | ratio_t 1.000 loss_t -0.0011 | r_ema 0.527 | 27.4s
step  689 | r_mean 0.604 r>0.5 154/256 | ratio_f 1.000 kl_f 3.63e-08 masked_f 0.000 loss_f +0.0000 | ratio_t 0.999 loss_t -0.0002 | r_ema 0.535 | 25.1s
step  690 | r_mean 0.610 r>0.5 164/256 | ratio_f 1.000 kl_f 1.24e-07 masked_f 0.000 loss_f +0.0000 | ratio_t 1.000 loss_t +0.0001 | r_ema 0.542 | 25.4s
step  691 | r_mean 0.510 r>0.5 124/256 | ratio_f 1.000 kl_f 7.76e-08 masked_f 0.000 loss_f +0.0000 | ratio_t 1.000 loss_t -0.0003 | r_ema 0.539 | 24.6s
step  692 | r_mean 0.380 r>0.5 93/256 | ratio_f 1.000 kl_f 7.82e-08 masked_f 0.000 loss_f -0.0000 | ratio_t 1.000 loss_t +0.0008 | r_ema 0.523 | 25.9s
step  693 | r_mean 0.516 r>0.5 130/256 | ratio_f 1.000 kl_f 4.33e-08 masked_f 0.000 loss_f -0.0000 | ratio_t 1.001 loss_t -0.0006 | r_ema 0.522 | 27.7s
/home/xyh/Symbolic_Regression/E2E/E2E/symbolicregression/envs/generators.py:242: RuntimeWarning: overflow encountered in exp
  return fn(self.children[0].val(x))
/home/xyh/Symbolic_Regression/E2E/E2E/symbolicregression/envs/generators.py:137: RuntimeWarning: overflow encountered in multiply
  return m1 * m2
step  694 | r_mean 0.367 r>0.5 103/256 | ratio_f 1.000 kl_f 3.11e-08 masked_f 0.000 loss_f +0.0000 | ratio_t 1.000 loss_t +0.0014 | r_ema 0.507 | 24.2s
step  695 | r_mean 0.405 r>0.5 122/256 | ratio_f 1.000 kl_f 1.17e-07 masked_f 0.000 loss_f +0.0000 | ratio_t 0.999 loss_t +0.0007 | r_ema 0.497 | 24.7s
step  696 | r_mean 0.519 r>0.5 141/256 | ratio_f 1.000 kl_f 3.77e-08 masked_f 0.000 loss_f -0.0000 | ratio_t 1.003 loss_t +0.0004 | r_ema 0.499 | 27.0s
step  697 | r_mean 0.615 r>0.5 156/256 | ratio_f 1.000 kl_f 4.15e-08 masked_f 0.000 loss_f -0.0000 | ratio_t 0.999 loss_t +0.0004 | r_ema 0.511 | 24.4s
step  698 | r_mean 0.723 r>0.5 197/256 | ratio_f 1.000 kl_f 4.08e-08 masked_f 0.000 loss_f -0.0000 | ratio_t 1.002 loss_t -0.0005 | r_ema 0.532 | 24.1s
step  699 | r_mean 0.521 r>0.5 134/256 | ratio_f 1.000 kl_f 3.57e-08 masked_f 0.000 loss_f -0.0000 | ratio_t 0.999 loss_t +0.0013 | r_ema 0.531 | 47.9s
step  700 | r_mean 0.294 r>0.5 69/256 | ratio_f 1.000 kl_f 9.37e-08 masked_f 0.000 loss_f +0.0000 | ratio_t 1.000 loss_t -0.0005 | r_ema 0.507 | 24.9s
  [ckpt] step 700 r_ema 0.507 best 0.507 -> checkpoints/m3_rl/{best,last}.pth
step  701 | r_mean 0.311 r>0.5 79/256 | ratio_f 1.000 kl_f 8.93e-08 masked_f 0.000 loss_f +0.0000 | ratio_t 0.999 loss_t +0.0005 | r_ema 0.487 | 24.2s
step  702 | r_mean 0.549 r>0.5 147/256 | ratio_f 1.000 kl_f 6.96e-08 masked_f 0.000 loss_f -0.0000 | ratio_t 1.001 loss_t -0.0020 | r_ema 0.494 | 25.0s
/home/xyh/Symbolic_Regression/E2E/E2E/symbolicregression/envs/generators.py:216: RuntimeWarning: overflow encountered in power
  return numerator ** 3
/home/xyh/Symbolic_Regression/E2E/E2E/train_flow_m3_rl.py:84: RuntimeWarning: overflow encountered in square
  return float(((y - yh_c) ** 2).mean())
/home/xyh/Symbolic_Regression/E2E/E2E/.venv/lib/python3.10/site-packages/scipy/optimize/_optimize.py:851: RuntimeWarning: invalid value encountered in subtract
  np.max(np.abs(fsim[0] - fsim[1:])) <= fatol):
/home/xyh/Symbolic_Regression/E2E/E2E/train_flow_m3_rl.py:91: RuntimeWarning: overflow encountered in square
  return float(1.0 - ((y - yh) ** 2).sum() / ss_tot) if ss_tot > 0 else float("nan")
step  703 | r_mean 0.532 r>0.5 146/256 | ratio_f 1.000 kl_f 3.72e-08 masked_f 0.000 loss_f -0.0000 | ratio_t 0.999 loss_t -0.0005 | r_ema 0.497 | 58.5s
step  704 | r_mean 0.639 r>0.5 162/256 | ratio_f 1.000 kl_f 3.76e-08 masked_f 0.000 loss_f +0.0000 | ratio_t 1.000 loss_t -0.0006 | r_ema 0.512 | 25.3s
step  705 | r_mean 0.511 r>0.5 134/256 | ratio_f 1.000 kl_f 3.12e-08 masked_f 0.000 loss_f -0.0000 | ratio_t 0.999 loss_t +0.0008 | r_ema 0.512 | 23.8s
/home/xyh/Symbolic_Regression/E2E/E2E/symbolicregression/envs/generators.py:216: RuntimeWarning: overflow encountered in power
  return numerator ** 3
/home/xyh/Symbolic_Regression/E2E/E2E/train_flow_m3_rl.py:84: RuntimeWarning: overflow encountered in square
  return float(((y - yh_c) ** 2).mean())
/home/xyh/Symbolic_Regression/E2E/E2E/train_flow_m3_rl.py:84: RuntimeWarning: overflow encountered in square
  return float(((y - yh_c) ** 2).mean())
/home/xyh/Symbolic_Regression/E2E/E2E/.venv/lib/python3.10/site-packages/scipy/optimize/_optimize.py:851: RuntimeWarning: invalid value encountered in subtract
  np.max(np.abs(fsim[0] - fsim[1:])) <= fatol):
/home/xyh/Symbolic_Regression/E2E/E2E/.venv/lib/python3.10/site-packages/scipy/optimize/_optimize.py:851: RuntimeWarning: invalid value encountered in subtract
  np.max(np.abs(fsim[0] - fsim[1:])) <= fatol):
/home/xyh/Symbolic_Regression/E2E/E2E/train_flow_m3_rl.py:91: RuntimeWarning: overflow encountered in square
  return float(1.0 - ((y - yh) ** 2).sum() / ss_tot) if ss_tot > 0 else float("nan")
/home/xyh/Symbolic_Regression/E2E/E2E/train_flow_m3_rl.py:91: RuntimeWarning: overflow encountered in square
  return float(1.0 - ((y - yh) ** 2).sum() / ss_tot) if ss_tot > 0 else float("nan")
step  706 | r_mean 0.191 r>0.5 36/256 | ratio_f 1.000 kl_f 4.33e-08 masked_f 0.000 loss_f -0.0000 | ratio_t 1.001 loss_t +0.0003 | r_ema 0.480 | 40.5s
/home/xyh/Symbolic_Regression/E2E/E2E/symbolicregression/envs/generators.py:137: RuntimeWarning: overflow encountered in multiply
  return m1 * m2
step  707 | r_mean 0.544 r>0.5 152/256 | ratio_f 1.000 kl_f 1.35e-07 masked_f 0.000 loss_f +0.0000 | ratio_t 1.001 loss_t -0.0001 | r_ema 0.486 | 24.4s
/home/xyh/Symbolic_Regression/E2E/E2E/train_flow_m3_rl.py:84: RuntimeWarning: overflow encountered in square
  return float(((y - yh_c) ** 2).mean())
/home/xyh/Symbolic_Regression/E2E/E2E/train_flow_m3_rl.py:84: RuntimeWarning: overflow encountered in square
  return float(((y - yh_c) ** 2).mean())
/home/xyh/Symbolic_Regression/E2E/E2E/symbolicregression/envs/generators.py:216: RuntimeWarning: overflow encountered in power
  return numerator ** 3
/home/xyh/Symbolic_Regression/E2E/E2E/.venv/lib/python3.10/site-packages/scipy/optimize/_optimize.py:851: RuntimeWarning: invalid value encountered in subtract
  np.max(np.abs(fsim[0] - fsim[1:])) <= fatol):
/home/xyh/Symbolic_Regression/E2E/E2E/train_flow_m3_rl.py:91: RuntimeWarning: overflow encountered in square
  return float(1.0 - ((y - yh) ** 2).sum() / ss_tot) if ss_tot > 0 else float("nan")
step  708 | r_mean 0.463 r>0.5 118/256 | ratio_f 1.000 kl_f 3.54e-08 masked_f 0.000 loss_f +0.0000 | ratio_t 0.999 loss_t +0.0001 | r_ema 0.484 | 55.1s
/home/xyh/Symbolic_Regression/E2E/E2E/.venv/lib/python3.10/site-packages/scipy/optimize/_optimize.py:851: RuntimeWarning: invalid value encountered in subtract
  np.max(np.abs(fsim[0] - fsim[1:])) <= fatol):
/home/xyh/Symbolic_Regression/E2E/E2E/train_flow_m3_rl.py:91: RuntimeWarning: overflow encountered in square
  return float(1.0 - ((y - yh) ** 2).sum() / ss_tot) if ss_tot > 0 else float("nan")
step  709 | r_mean 0.644 r>0.5 167/256 | ratio_f 1.000 kl_f 3.86e-08 masked_f 0.000 loss_f +0.0000 | ratio_t 1.000 loss_t +0.0001 | r_ema 0.500 | 44.8s
step  710 | r_mean 0.533 r>0.5 142/256 | ratio_f 1.000 kl_f 4.28e-08 masked_f 0.000 loss_f +0.0000 | ratio_t 0.999 loss_t +0.0014 | r_ema 0.503 | 26.0s
/home/xyh/Symbolic_Regression/E2E/E2E/symbolicregression/envs/generators.py:242: RuntimeWarning: overflow encountered in exp
  return fn(self.children[0].val(x))
/home/xyh/Symbolic_Regression/E2E/E2E/train_flow_m3_rl.py:84: RuntimeWarning: overflow encountered in square
  return float(((y - yh_c) ** 2).mean())
/home/xyh/Symbolic_Regression/E2E/E2E/.venv/lib/python3.10/site-packages/scipy/optimize/_optimize.py:851: RuntimeWarning: invalid value encountered in subtract
  np.max(np.abs(fsim[0] - fsim[1:])) <= fatol):
/home/xyh/Symbolic_Regression/E2E/E2E/train_flow_m3_rl.py:91: RuntimeWarning: overflow encountered in square
  return float(1.0 - ((y - yh) ** 2).sum() / ss_tot) if ss_tot > 0 else float("nan")
step  711 | r_mean 0.548 r>0.5 142/256 | ratio_f 1.000 kl_f 4.02e-08 masked_f 0.000 loss_f +0.0000 | ratio_t 1.002 loss_t +0.0008 | r_ema 0.507 | 31.8s
step  712 | r_mean 0.458 r>0.5 111/256 | ratio_f 1.000 kl_f 3.72e-08 masked_f 0.000 loss_f +0.0000 | ratio_t 1.001 loss_t +0.0000 | r_ema 0.503 | 25.0s
step  713 | r_mean 0.383 r>0.5 99/256 | ratio_f 1.000 kl_f 3.61e-08 masked_f 0.000 loss_f +0.0000 | ratio_t 1.001 loss_t -0.0015 | r_ema 0.491 | 25.1s
step  714 | r_mean 0.475 r>0.5 134/256 | ratio_f 1.000 kl_f 3.33e-08 masked_f 0.000 loss_f +0.0000 | ratio_t 0.999 loss_t +0.0003 | r_ema 0.489 | 24.6s
/home/xyh/Symbolic_Regression/E2E/E2E/symbolicregression/envs/generators.py:216: RuntimeWarning: overflow encountered in power
  return numerator ** 3
step  715 | r_mean 0.512 r>0.5 135/256 | ratio_f 1.000 kl_f 3.81e-08 masked_f 0.000 loss_f -0.0000 | ratio_t 1.001 loss_t -0.0005 | r_ema 0.491 | 24.6s
step  716 | r_mean 0.449 r>0.5 118/256 | ratio_f 1.000 kl_f 2.96e-08 masked_f 0.000 loss_f -0.0000 | ratio_t 1.000 loss_t -0.0000 | r_ema 0.487 | 25.0s
step  717 | r_mean 0.393 r>0.5 103/256 | ratio_f 1.000 kl_f 3.97e-08 masked_f 0.000 loss_f -0.0000 | ratio_t 1.000 loss_t +0.0008 | r_ema 0.478 | 59.8s
step  718 | r_mean 0.401 r>0.5 105/256 | ratio_f 1.000 kl_f 8.15e-08 masked_f 0.000 loss_f -0.0000 | ratio_t 0.999 loss_t -0.0003 | r_ema 0.470 | 48.6s
step  719 | r_mean 0.609 r>0.5 167/256 | ratio_f 1.000 kl_f 7.96e-08 masked_f 0.000 loss_f +0.0000 | ratio_t 1.000 loss_t -0.0002 | r_ema 0.484 | 25.4s
step  720 | r_mean 0.648 r>0.5 162/256 | ratio_f 1.000 kl_f 9.70e-08 masked_f 0.000 loss_f +0.0000 | ratio_t 1.000 loss_t -0.0010 | r_ema 0.500 | 27.1s
step  721 | r_mean 0.475 r>0.5 119/256 | ratio_f 1.000 kl_f 3.95e-08 masked_f 0.000 loss_f -0.0000 | ratio_t 1.000 loss_t -0.0000 | r_ema 0.498 | 29.3s
step  722 | r_mean 0.642 r>0.5 165/256 | ratio_f 1.000 kl_f 1.16e-07 masked_f 0.000 loss_f -0.0000 | ratio_t 1.001 loss_t +0.0010 | r_ema 0.512 | 26.7s
step  723 | r_mean 0.529 r>0.5 144/256 | ratio_f 1.000 kl_f 9.79e-08 masked_f 0.000 loss_f +0.0000 | ratio_t 1.000 loss_t -0.0005 | r_ema 0.514 | 27.3s
/home/xyh/Symbolic_Regression/E2E/E2E/symbolicregression/envs/generators.py:216: RuntimeWarning: overflow encountered in power
  return numerator ** 3
/home/xyh/Symbolic_Regression/E2E/E2E/symbolicregression/envs/generators.py:137: RuntimeWarning: invalid value encountered in multiply
  return m1 * m2
/home/xyh/Symbolic_Regression/E2E/E2E/symbolicregression/envs/generators.py:137: RuntimeWarning: overflow encountered in multiply
  return m1 * m2
step  724 | r_mean 0.594 r>0.5 166/256 | ratio_f 1.000 kl_f 3.94e-08 masked_f 0.000 loss_f -0.0000 | ratio_t 0.998 loss_t +0.0012 | r_ema 0.522 | 60.4s
step  725 | r_mean 0.680 r>0.5 190/256 | ratio_f 1.000 kl_f 3.94e-08 masked_f 0.000 loss_f -0.0000 | ratio_t 1.001 loss_t -0.0020 | r_ema 0.538 | 26.6s
step  726 | r_mean 0.439 r>0.5 114/256 | ratio_f 1.000 kl_f 1.03e-07 masked_f 0.000 loss_f -0.0000 | ratio_t 0.998 loss_t -0.0002 | r_ema 0.528 | 27.1s
/home/xyh/Symbolic_Regression/E2E/E2E/symbolicregression/envs/generators.py:137: RuntimeWarning: overflow encountered in multiply
  return m1 * m2
/home/xyh/Symbolic_Regression/E2E/E2E/symbolicregression/envs/generators.py:137: RuntimeWarning: invalid value encountered in multiply
  return m1 * m2
step  727 | r_mean 0.515 r>0.5 127/256 | ratio_f 1.000 kl_f 4.69e-08 masked_f 0.000 loss_f -0.0000 | ratio_t 1.000 loss_t -0.0005 | r_ema 0.527 | 26.8s
step  728 | r_mean 0.630 r>0.5 165/256 | ratio_f 1.000 kl_f 3.94e-08 masked_f 0.000 loss_f -0.0000 | ratio_t 1.001 loss_t +0.0026 | r_ema 0.537 | 26.7s
step  729 | r_mean 0.588 r>0.5 160/256 | ratio_f 1.000 kl_f 4.34e-08 masked_f 0.000 loss_f -0.0000 | ratio_t 1.000 loss_t -0.0036 | r_ema 0.542 | 27.6s
step  730 | r_mean 0.605 r>0.5 164/256 | ratio_f 1.000 kl_f 3.89e-08 masked_f 0.000 loss_f +0.0000 | ratio_t 1.002 loss_t -0.0009 | r_ema 0.548 | 27.0s
step  731 | r_mean 0.562 r>0.5 137/256 | ratio_f 1.000 kl_f 1.22e-07 masked_f 0.000 loss_f +0.0000 | ratio_t 1.000 loss_t -0.0001 | r_ema 0.550 | 26.7s
step  732 | r_mean 0.482 r>0.5 134/256 | ratio_f 1.000 kl_f 3.98e-08 masked_f 0.000 loss_f -0.0000 | ratio_t 0.999 loss_t +0.0000 | r_ema 0.543 | 27.2s
step  733 | r_mean 0.582 r>0.5 159/256 | ratio_f 1.000 kl_f 3.09e-08 masked_f 0.000 loss_f -0.0000 | ratio_t 1.001 loss_t +0.0002 | r_ema 0.547 | 24.6s
step  734 | r_mean 0.590 r>0.5 153/256 | ratio_f 1.000 kl_f 3.92e-08 masked_f 0.000 loss_f -0.0000 | ratio_t 1.002 loss_t +0.0001 | r_ema 0.551 | 28.6s
step  735 | r_mean 0.465 r>0.5 116/256 | ratio_f 1.000 kl_f 4.25e-08 masked_f 0.000 loss_f -0.0000 | ratio_t 1.001 loss_t +0.0002 | r_ema 0.542 | 26.9s
step  736 | r_mean 0.517 r>0.5 137/256 | ratio_f 1.000 kl_f 3.59e-08 masked_f 0.000 loss_f -0.0000 | ratio_t 1.000 loss_t -0.0019 | r_ema 0.540 | 27.0s
step  737 | r_mean 0.710 r>0.5 192/256 | ratio_f 1.000 kl_f 9.36e-08 masked_f 0.000 loss_f +0.0000 | ratio_t 0.998 loss_t +0.0001 | r_ema 0.557 | 27.3s
/home/xyh/Symbolic_Regression/E2E/E2E/symbolicregression/envs/generators.py:242: RuntimeWarning: overflow encountered in exp
  return fn(self.children[0].val(x))
step  738 | r_mean 0.510 r>0.5 125/256 | ratio_f 1.000 kl_f 4.56e-08 masked_f 0.000 loss_f +0.0000 | ratio_t 1.000 loss_t +0.0007 | r_ema 0.552 | 25.7s
step  739 | r_mean 0.528 r>0.5 136/256 | ratio_f 1.000 kl_f 3.55e-08 masked_f 0.000 loss_f -0.0000 | ratio_t 1.002 loss_t -0.0006 | r_ema 0.550 | 27.5s
step  740 | r_mean 0.528 r>0.5 147/256 | ratio_f 1.000 kl_f 4.82e-08 masked_f 0.000 loss_f -0.0000 | ratio_t 0.999 loss_t -0.0005 | r_ema 0.548 | 26.2s
step  741 | r_mean 0.507 r>0.5 129/256 | ratio_f 1.000 kl_f 4.32e-08 masked_f 0.000 loss_f -0.0000 | ratio_t 1.000 loss_t +0.0003 | r_ema 0.544 | 26.8s
step  742 | r_mean 0.512 r>0.5 151/256 | ratio_f 1.000 kl_f 3.50e-08 masked_f 0.000 loss_f -0.0000 | ratio_t 1.001 loss_t -0.0000 | r_ema 0.540 | 26.1s
step  743 | r_mean 0.499 r>0.5 151/256 | ratio_f 1.000 kl_f 3.25e-08 masked_f 0.000 loss_f +0.0000 | ratio_t 1.001 loss_t +0.0001 | r_ema 0.536 | 26.5s
step  744 | r_mean 0.652 r>0.5 165/256 | ratio_f 1.000 kl_f 4.30e-08 masked_f 0.000 loss_f +0.0000 | ratio_t 1.001 loss_t -0.0012 | r_ema 0.548 | 26.0s
step  745 | r_mean 0.488 r>0.5 132/256 | ratio_f 1.000 kl_f 5.26e-08 masked_f 0.000 loss_f -0.0000 | ratio_t 1.000 loss_t +0.0009 | r_ema 0.542 | 25.7s
step  746 | r_mean 0.442 r>0.5 113/256 | ratio_f 1.000 kl_f 1.95e-07 masked_f 0.000 loss_f +0.0000 | ratio_t 1.000 loss_t +0.0009 | r_ema 0.532 | 23.6s
step  747 | r_mean 0.423 r>0.5 120/256 | ratio_f 1.000 kl_f 3.75e-08 masked_f 0.000 loss_f -0.0000 | ratio_t 0.999 loss_t -0.0020 | r_ema 0.521 | 23.9s
step  748 | r_mean 0.450 r>0.5 113/256 | ratio_f 1.000 kl_f 1.05e-07 masked_f 0.000 loss_f +0.0000 | ratio_t 1.001 loss_t +0.0001 | r_ema 0.514 | 23.8s
step  749 | r_mean 0.622 r>0.5 163/256 | ratio_f 1.000 kl_f 4.06e-08 masked_f 0.000 loss_f +0.0000 | ratio_t 1.001 loss_t +0.0001 | r_ema 0.525 | 27.1s
step  750 | r_mean 0.619 r>0.5 173/256 | ratio_f 1.000 kl_f 3.60e-08 masked_f 0.000 loss_f -0.0000 | ratio_t 1.000 loss_t -0.0009 | r_ema 0.534 | 25.1s
  [ckpt] step 750 r_ema 0.534 best 0.534 -> checkpoints/m3_rl/{best,last}.pth
step  751 | r_mean 0.521 r>0.5 125/256 | ratio_f 1.000 kl_f 1.21e-07 masked_f 0.000 loss_f -0.0000 | ratio_t 0.999 loss_t -0.0000 | r_ema 0.533 | 26.8s
step  752 | r_mean 0.615 r>0.5 160/256 | ratio_f 1.000 kl_f 3.58e-08 masked_f 0.000 loss_f -0.0000 | ratio_t 0.999 loss_t +0.0010 | r_ema 0.541 | 26.0s
/home/xyh/Symbolic_Regression/E2E/E2E/symbolicregression/envs/generators.py:216: RuntimeWarning: overflow encountered in power
  return numerator ** 3
step  753 | r_mean 0.494 r>0.5 126/256 | ratio_f 1.000 kl_f 3.77e-08 masked_f 0.000 loss_f -0.0000 | ratio_t 1.000 loss_t -0.0005 | r_ema 0.536 | 54.8s
step  754 | r_mean 0.421 r>0.5 99/256 | ratio_f 1.000 kl_f 3.35e-08 masked_f 0.000 loss_f -0.0000 | ratio_t 1.001 loss_t -0.0005 | r_ema 0.525 | 26.7s
/home/xyh/Symbolic_Regression/E2E/E2E/symbolicregression/envs/generators.py:216: RuntimeWarning: overflow encountered in power
  return numerator ** 3
step  755 | r_mean 0.330 r>0.5 69/256 | ratio_f 1.000 kl_f 1.29e-07 masked_f 0.000 loss_f -0.0000 | ratio_t 1.001 loss_t -0.0000 | r_ema 0.505 | 25.4s
step  756 | r_mean 0.548 r>0.5 157/256 | ratio_f 1.000 kl_f 9.03e-08 masked_f 0.000 loss_f +0.0000 | ratio_t 0.999 loss_t -0.0012 | r_ema 0.510 | 27.9s
step  757 | r_mean 0.362 r>0.5 103/256 | ratio_f 1.000 kl_f 4.25e-08 masked_f 0.000 loss_f -0.0000 | ratio_t 1.001 loss_t -0.0003 | r_ema 0.495 | 25.2s
/home/xyh/Symbolic_Regression/E2E/E2E/symbolicregression/envs/generators.py:137: RuntimeWarning: invalid value encountered in multiply
  return m1 * m2
step  758 | r_mean 0.567 r>0.5 165/256 | ratio_f 1.000 kl_f 3.58e-08 masked_f 0.000 loss_f -0.0000 | ratio_t 1.000 loss_t +0.0003 | r_ema 0.502 | 50.3s
step  759 | r_mean 0.436 r>0.5 119/256 | ratio_f 1.000 kl_f 4.11e-08 masked_f 0.000 loss_f -0.0000 | ratio_t 1.001 loss_t -0.0003 | r_ema 0.495 | 26.6s
step  760 | r_mean 0.516 r>0.5 146/256 | ratio_f 1.000 kl_f 3.23e-08 masked_f 0.000 loss_f -0.0000 | ratio_t 1.000 loss_t -0.0008 | r_ema 0.497 | 24.6s
step  761 | r_mean 0.503 r>0.5 141/256 | ratio_f 1.000 kl_f 3.79e-08 masked_f 0.000 loss_f -0.0000 | ratio_t 0.999 loss_t +0.0002 | r_ema 0.498 | 26.0s
step  762 | r_mean 0.502 r>0.5 124/256 | ratio_f 1.000 kl_f 4.37e-08 masked_f 0.000 loss_f +0.0000 | ratio_t 1.000 loss_t +0.0006 | r_ema 0.498 | 28.2s
step  763 | r_mean 0.485 r>0.5 134/256 | ratio_f 1.000 kl_f 3.12e-08 masked_f 0.000 loss_f +0.0000 | ratio_t 1.001 loss_t -0.0003 | r_ema 0.497 | 27.2s
step  764 | r_mean 0.556 r>0.5 149/256 | ratio_f 1.000 kl_f 3.95e-08 masked_f 0.000 loss_f -0.0000 | ratio_t 1.001 loss_t +0.0004 | r_ema 0.503 | 28.3s
step  765 | r_mean 0.662 r>0.5 169/256 | ratio_f 1.000 kl_f 3.92e-08 masked_f 0.000 loss_f -0.0000 | ratio_t 1.002 loss_t -0.0014 | r_ema 0.519 | 25.9s
step  766 | r_mean 0.405 r>0.5 102/256 | ratio_f 1.000 kl_f 3.97e-08 masked_f 0.000 loss_f -0.0000 | ratio_t 1.000 loss_t -0.0002 | r_ema 0.508 | 27.3s
step  767 | r_mean 0.583 r>0.5 156/256 | ratio_f 1.000 kl_f 1.04e-07 masked_f 0.000 loss_f +0.0000 | ratio_t 1.000 loss_t +0.0003 | r_ema 0.515 | 26.9s
/home/xyh/Symbolic_Regression/E2E/E2E/symbolicregression/envs/generators.py:137: RuntimeWarning: overflow encountered in multiply
  return m1 * m2
step  768 | r_mean 0.346 r>0.5 76/256 | ratio_f 1.000 kl_f 9.04e-08 masked_f 0.000 loss_f +0.0000 | ratio_t 1.001 loss_t +0.0008 | r_ema 0.498 | 37.1s
step  769 | r_mean 0.516 r>0.5 135/256 | ratio_f 1.000 kl_f 3.97e-08 masked_f 0.000 loss_f -0.0000 | ratio_t 0.998 loss_t +0.0003 | r_ema 0.500 | 26.5s
step  770 | r_mean 0.495 r>0.5 123/256 | ratio_f 1.000 kl_f 1.20e-07 masked_f 0.000 loss_f +0.0000 | ratio_t 0.999 loss_t +0.0002 | r_ema 0.499 | 25.6s
/home/xyh/Symbolic_Regression/E2E/E2E/train_flow_m3_rl.py:91: RuntimeWarning: overflow encountered in square
  return float(1.0 - ((y - yh) ** 2).sum() / ss_tot) if ss_tot > 0 else float("nan")
step  771 | r_mean 0.510 r>0.5 130/256 | ratio_f 1.000 kl_f 3.89e-08 masked_f 0.000 loss_f -0.0000 | ratio_t 0.999 loss_t +0.0004 | r_ema 0.500 | 51.2s
step  772 | r_mean 0.503 r>0.5 125/256 | ratio_f 1.000 kl_f 3.40e-08 masked_f 0.000 loss_f -0.0000 | ratio_t 0.999 loss_t -0.0009 | r_ema 0.501 | 25.2s
step  773 | r_mean 0.476 r>0.5 133/256 | ratio_f 1.000 kl_f 4.60e-08 masked_f 0.000 loss_f +0.0000 | ratio_t 1.001 loss_t +0.0013 | r_ema 0.498 | 24.1s
step  774 | r_mean 0.456 r>0.5 112/256 | ratio_f 1.000 kl_f 3.83e-08 masked_f 0.000 loss_f +0.0000 | ratio_t 0.999 loss_t -0.0000 | r_ema 0.494 | 23.2s
step  775 | r_mean 0.252 r>0.5 54/256 | ratio_f 1.000 kl_f 8.85e-08 masked_f 0.000 loss_f -0.0000 | ratio_t 1.001 loss_t +0.0005 | r_ema 0.470 | 22.6s
step  776 | r_mean 0.604 r>0.5 158/256 | ratio_f 1.000 kl_f 4.30e-08 masked_f 0.000 loss_f +0.0000 | ratio_t 0.999 loss_t +0.0001 | r_ema 0.483 | 22.2s
/home/xyh/Symbolic_Regression/E2E/E2E/.venv/lib/python3.10/site-packages/scipy/optimize/_optimize.py:851: RuntimeWarning: invalid value encountered in subtract
  np.max(np.abs(fsim[0] - fsim[1:])) <= fatol):
/home/xyh/Symbolic_Regression/E2E/E2E/.venv/lib/python3.10/site-packages/scipy/optimize/_optimize.py:851: RuntimeWarning: invalid value encountered in subtract
  np.max(np.abs(fsim[0] - fsim[1:])) <= fatol):
/home/xyh/Symbolic_Regression/E2E/E2E/train_flow_m3_rl.py:91: RuntimeWarning: overflow encountered in square
  return float(1.0 - ((y - yh) ** 2).sum() / ss_tot) if ss_tot > 0 else float("nan")
/home/xyh/Symbolic_Regression/E2E/E2E/train_flow_m3_rl.py:91: RuntimeWarning: overflow encountered in square
  return float(1.0 - ((y - yh) ** 2).sum() / ss_tot) if ss_tot > 0 else float("nan")
step  777 | r_mean 0.625 r>0.5 165/256 | ratio_f 1.000 kl_f 4.05e-08 masked_f 0.000 loss_f -0.0000 | ratio_t 1.000 loss_t +0.0005 | r_ema 0.497 | 40.3s
/home/xyh/Symbolic_Regression/E2E/E2E/symbolicregression/envs/generators.py:137: RuntimeWarning: overflow encountered in multiply
  return m1 * m2
step  778 | r_mean 0.599 r>0.5 149/256 | ratio_f 1.000 kl_f 3.55e-08 masked_f 0.000 loss_f -0.0000 | ratio_t 0.999 loss_t -0.0001 | r_ema 0.508 | 21.4s
step  779 | r_mean 0.532 r>0.5 139/256 | ratio_f 1.000 kl_f 3.61e-08 masked_f 0.000 loss_f -0.0000 | ratio_t 1.000 loss_t +0.0002 | r_ema 0.510 | 21.9s
step  780 | r_mean 0.466 r>0.5 109/256 | ratio_f 1.000 kl_f 1.12e-07 masked_f 0.000 loss_f +0.0000 | ratio_t 1.001 loss_t +0.0000 | r_ema 0.506 | 21.1s
step  781 | r_mean 0.492 r>0.5 106/256 | ratio_f 1.000 kl_f 3.56e-08 masked_f 0.000 loss_f +0.0000 | ratio_t 0.999 loss_t +0.0003 | r_ema 0.504 | 19.9s
step  782 | r_mean 0.394 r>0.5 97/256 | ratio_f 1.000 kl_f 3.16e-08 masked_f 0.000 loss_f -0.0000 | ratio_t 1.000 loss_t -0.0004 | r_ema 0.493 | 18.9s
step  783 | r_mean 0.618 r>0.5 159/256 | ratio_f 1.000 kl_f 3.06e-08 masked_f 0.000 loss_f +0.0000 | ratio_t 0.999 loss_t +0.0003 | r_ema 0.506 | 19.4s
step  784 | r_mean 0.427 r>0.5 105/256 | ratio_f 1.000 kl_f 3.69e-08 masked_f 0.000 loss_f +0.0000 | ratio_t 1.001 loss_t +0.0006 | r_ema 0.498 | 18.5s
/home/xyh/Symbolic_Regression/E2E/E2E/train_flow_m3_rl.py:84: RuntimeWarning: overflow encountered in square
  return float(((y - yh_c) ** 2).mean())
/home/xyh/Symbolic_Regression/E2E/E2E/.venv/lib/python3.10/site-packages/scipy/optimize/_optimize.py:851: RuntimeWarning: invalid value encountered in subtract
  np.max(np.abs(fsim[0] - fsim[1:])) <= fatol):
/home/xyh/Symbolic_Regression/E2E/E2E/train_flow_m3_rl.py:91: RuntimeWarning: overflow encountered in square
  return float(1.0 - ((y - yh) ** 2).sum() / ss_tot) if ss_tot > 0 else float("nan")
step  785 | r_mean 0.584 r>0.5 157/256 | ratio_f 1.000 kl_f 3.40e-08 masked_f 0.000 loss_f -0.0000 | ratio_t 1.001 loss_t +0.0001 | r_ema 0.507 | 27.4s
step  786 | r_mean 0.444 r>0.5 95/256 | ratio_f 1.000 kl_f 7.22e-08 masked_f 0.000 loss_f -0.0000 | ratio_t 1.001 loss_t +0.0001 | r_ema 0.500 | 19.4s
step  787 | r_mean 0.450 r>0.5 108/256 | ratio_f 1.000 kl_f 3.62e-08 masked_f 0.000 loss_f +0.0000 | ratio_t 0.999 loss_t +0.0007 | r_ema 0.495 | 21.1s
step  788 | r_mean 0.574 r>0.5 146/256 | ratio_f 1.000 kl_f 7.80e-08 masked_f 0.000 loss_f +0.0000 | ratio_t 1.000 loss_t +0.0003 | r_ema 0.503 | 20.6s
step  789 | r_mean 0.488 r>0.5 124/256 | ratio_f 1.000 kl_f 7.46e-08 masked_f 0.000 loss_f +0.0000 | ratio_t 1.001 loss_t +0.0004 | r_ema 0.502 | 21.6s
step  790 | r_mean 0.433 r>0.5 114/256 | ratio_f 1.000 kl_f 4.36e-08 masked_f 0.000 loss_f +0.0000 | ratio_t 1.001 loss_t -0.0007 | r_ema 0.495 | 23.2s
step  791 | r_mean 0.614 r>0.5 156/256 | ratio_f 1.000 kl_f 7.68e-08 masked_f 0.000 loss_f -0.0000 | ratio_t 1.001 loss_t +0.0003 | r_ema 0.507 | 20.5s
step  792 | r_mean 0.424 r>0.5 113/256 | ratio_f 1.000 kl_f 3.50e-08 masked_f 0.000 loss_f +0.0000 | ratio_t 1.000 loss_t +0.0000 | r_ema 0.498 | 20.7s
step  793 | r_mean 0.491 r>0.5 121/256 | ratio_f 1.000 kl_f 3.48e-08 masked_f 0.000 loss_f -0.0000 | ratio_t 1.002 loss_t -0.0030 | r_ema 0.498 | 23.2s
step  794 | r_mean 0.487 r>0.5 126/256 | ratio_f 1.000 kl_f 4.70e-08 masked_f 0.000 loss_f -0.0000 | ratio_t 1.001 loss_t -0.0001 | r_ema 0.497 | 23.7s
step  795 | r_mean 0.554 r>0.5 141/256 | ratio_f 1.000 kl_f 4.53e-08 masked_f 0.000 loss_f -0.0000 | ratio_t 1.000 loss_t +0.0017 | r_ema 0.502 | 23.5s
step  796 | r_mean 0.712 r>0.5 187/256 | ratio_f 1.000 kl_f 8.45e-08 masked_f 0.000 loss_f -0.0000 | ratio_t 1.001 loss_t -0.0013 | r_ema 0.523 | 22.1s
step  797 | r_mean 0.501 r>0.5 125/256 | ratio_f 1.000 kl_f 3.71e-08 masked_f 0.000 loss_f +0.0000 | ratio_t 0.999 loss_t +0.0006 | r_ema 0.521 | 23.0s
step  798 | r_mean 0.622 r>0.5 167/256 | ratio_f 1.000 kl_f 7.98e-08 masked_f 0.000 loss_f -0.0000 | ratio_t 0.999 loss_t +0.0011 | r_ema 0.531 | 23.0s
step  799 | r_mean 0.551 r>0.5 146/256 | ratio_f 1.000 kl_f 3.39e-08 masked_f 0.000 loss_f -0.0000 | ratio_t 1.000 loss_t +0.0007 | r_ema 0.533 | 35.9s
step  800 | r_mean 0.615 r>0.5 159/256 | ratio_f 1.000 kl_f 3.93e-08 masked_f 0.000 loss_f +0.0000 | ratio_t 1.000 loss_t -0.0012 | r_ema 0.541 | 22.8s
  [ckpt] step 800 r_ema 0.541 best 0.541 -> checkpoints/m3_rl/{best,last}.pth
step  801 | r_mean 0.628 r>0.5 167/256 | ratio_f 1.000 kl_f 3.23e-08 masked_f 0.000 loss_f +0.0000 | ratio_t 1.000 loss_t +0.0004 | r_ema 0.550 | 23.5s
step  802 | r_mean 0.423 r>0.5 90/256 | ratio_f 1.000 kl_f 3.71e-08 masked_f 0.000 loss_f -0.0000 | ratio_t 1.000 loss_t +0.0007 | r_ema 0.537 | 24.3s
step  803 | r_mean 0.504 r>0.5 122/256 | ratio_f 1.000 kl_f 3.40e-08 masked_f 0.000 loss_f +0.0000 | ratio_t 1.000 loss_t -0.0008 | r_ema 0.534 | 25.0s
step  804 | r_mean 0.443 r>0.5 115/256 | ratio_f 1.000 kl_f 3.43e-08 masked_f 0.000 loss_f -0.0000 | ratio_t 1.001 loss_t +0.0003 | r_ema 0.525 | 24.4s
step  805 | r_mean 0.570 r>0.5 158/256 | ratio_f 1.000 kl_f 3.81e-08 masked_f 0.000 loss_f -0.0000 | ratio_t 1.000 loss_t +0.0003 | r_ema 0.529 | 26.3s
step  806 | r_mean 0.609 r>0.5 164/256 | ratio_f 1.000 kl_f 3.74e-08 masked_f 0.000 loss_f +0.0000 | ratio_t 0.998 loss_t -0.0034 | r_ema 0.537 | 25.8s
step  807 | r_mean 0.728 r>0.5 191/256 | ratio_f 1.000 kl_f 3.43e-08 masked_f 0.000 loss_f +0.0000 | ratio_t 1.000 loss_t -0.0012 | r_ema 0.556 | 53.5s
/home/xyh/Symbolic_Regression/E2E/E2E/train_flow_m3_rl.py:84: RuntimeWarning: overflow encountered in square
  return float(((y - yh_c) ** 2).mean())
/home/xyh/Symbolic_Regression/E2E/E2E/train_flow_m3_rl.py:84: RuntimeWarning: overflow encountered in square
  return float(((y - yh_c) ** 2).mean())
/home/xyh/Symbolic_Regression/E2E/E2E/.venv/lib/python3.10/site-packages/scipy/optimize/_optimize.py:851: RuntimeWarning: invalid value encountered in subtract
  np.max(np.abs(fsim[0] - fsim[1:])) <= fatol):
/home/xyh/Symbolic_Regression/E2E/E2E/.venv/lib/python3.10/site-packages/scipy/optimize/_optimize.py:851: RuntimeWarning: invalid value encountered in subtract
  np.max(np.abs(fsim[0] - fsim[1:])) <= fatol):
/home/xyh/Symbolic_Regression/E2E/E2E/.venv/lib/python3.10/site-packages/scipy/optimize/_optimize.py:851: RuntimeWarning: invalid value encountered in subtract
  np.max(np.abs(fsim[0] - fsim[1:])) <= fatol):
/home/xyh/Symbolic_Regression/E2E/E2E/train_flow_m3_rl.py:91: RuntimeWarning: overflow encountered in square
  return float(1.0 - ((y - yh) ** 2).sum() / ss_tot) if ss_tot > 0 else float("nan")
/home/xyh/Symbolic_Regression/E2E/E2E/train_flow_m3_rl.py:91: RuntimeWarning: overflow encountered in square
  return float(1.0 - ((y - yh) ** 2).sum() / ss_tot) if ss_tot > 0 else float("nan")
/home/xyh/Symbolic_Regression/E2E/E2E/train_flow_m3_rl.py:91: RuntimeWarning: overflow encountered in square
  return float(1.0 - ((y - yh) ** 2).sum() / ss_tot) if ss_tot > 0 else float("nan")
step  808 | r_mean 0.435 r>0.5 110/256 | ratio_f 1.000 kl_f 3.35e-08 masked_f 0.000 loss_f -0.0000 | ratio_t 1.000 loss_t +0.0000 | r_ema 0.544 | 49.1s
step  809 | r_mean 0.644 r>0.5 172/256 | ratio_f 1.000 kl_f 3.30e-08 masked_f 0.000 loss_f -0.0000 | ratio_t 1.002 loss_t +0.0003 | r_ema 0.554 | 25.1s
step  810 | r_mean 0.668 r>0.5 183/256 | ratio_f 1.000 kl_f 4.83e-08 masked_f 0.000 loss_f +0.0000 | ratio_t 0.999 loss_t -0.0012 | r_ema 0.566 | 26.2s
step  811 | r_mean 0.627 r>0.5 169/256 | ratio_f 1.000 kl_f 3.85e-08 masked_f 0.000 loss_f +0.0000 | ratio_t 1.000 loss_t -0.0007 | r_ema 0.572 | 24.1s
step  812 | r_mean 0.319 r>0.5 75/256 | ratio_f 1.000 kl_f 4.08e-08 masked_f 0.000 loss_f -0.0000 | ratio_t 0.999 loss_t -0.0001 | r_ema 0.546 | 23.2s
step  813 | r_mean 0.509 r>0.5 134/256 | ratio_f 1.000 kl_f 3.99e-08 masked_f 0.000 loss_f -0.0000 | ratio_t 1.000 loss_t -0.0004 | r_ema 0.543 | 24.3s
step  814 | r_mean 0.594 r>0.5 155/256 | ratio_f 1.000 kl_f 3.14e-08 masked_f 0.000 loss_f -0.0000 | ratio_t 0.999 loss_t +0.0001 | r_ema 0.548 | 25.2s
step  815 | r_mean 0.654 r>0.5 168/256 | ratio_f 1.000 kl_f 4.90e-08 masked_f 0.000 loss_f -0.0000 | ratio_t 1.000 loss_t +0.0002 | r_ema 0.558 | 22.3s
/home/xyh/Symbolic_Regression/E2E/E2E/train_flow_m3_rl.py:84: RuntimeWarning: overflow encountered in square
  return float(((y - yh_c) ** 2).mean())
/home/xyh/Symbolic_Regression/E2E/E2E/symbolicregression/envs/generators.py:216: RuntimeWarning: overflow encountered in power
  return numerator ** 3
/home/xyh/Symbolic_Regression/E2E/E2E/symbolicregression/envs/generators.py:137: RuntimeWarning: overflow encountered in multiply
  return m1 * m2
/home/xyh/Symbolic_Regression/E2E/E2E/train_flow_m3_rl.py:84: RuntimeWarning: overflow encountered in square
  return float(((y - yh_c) ** 2).mean())
/home/xyh/Symbolic_Regression/E2E/E2E/.venv/lib/python3.10/site-packages/scipy/optimize/_optimize.py:851: RuntimeWarning: invalid value encountered in subtract
  np.max(np.abs(fsim[0] - fsim[1:])) <= fatol):
/home/xyh/Symbolic_Regression/E2E/E2E/train_flow_m3_rl.py:91: RuntimeWarning: overflow encountered in square
  return float(1.0 - ((y - yh) ** 2).sum() / ss_tot) if ss_tot > 0 else float("nan")
step  816 | r_mean 0.478 r>0.5 122/256 | ratio_f 1.000 kl_f 3.79e-08 masked_f 0.000 loss_f -0.0000 | ratio_t 1.002 loss_t +0.0007 | r_ema 0.550 | 34.6s
step  817 | r_mean 0.663 r>0.5 167/256 | ratio_f 1.000 kl_f 3.64e-08 masked_f 0.000 loss_f +0.0000 | ratio_t 1.001 loss_t +0.0011 | r_ema 0.562 | 22.4s
/home/xyh/Symbolic_Regression/E2E/E2E/.venv/lib/python3.10/site-packages/scipy/optimize/_optimize.py:851: RuntimeWarning: invalid value encountered in subtract
  np.max(np.abs(fsim[0] - fsim[1:])) <= fatol):
/home/xyh/Symbolic_Regression/E2E/E2E/train_flow_m3_rl.py:91: RuntimeWarning: overflow encountered in square
  return float(1.0 - ((y - yh) ** 2).sum() / ss_tot) if ss_tot > 0 else float("nan")
step  818 | r_mean 0.618 r>0.5 171/256 | ratio_f 1.000 kl_f 3.85e-08 masked_f 0.000 loss_f -0.0000 | ratio_t 0.999 loss_t -0.0007 | r_ema 0.567 | 39.1s
step  819 | r_mean 0.671 r>0.5 176/256 | ratio_f 1.000 kl_f 3.30e-08 masked_f 0.000 loss_f +0.0000 | ratio_t 1.001 loss_t +0.0001 | r_ema 0.578 | 21.3s
step  820 | r_mean 0.593 r>0.5 146/256 | ratio_f 1.000 kl_f 3.50e-08 masked_f 0.000 loss_f +0.0000 | ratio_t 0.999 loss_t +0.0004 | r_ema 0.579 | 19.7s
step  821 | r_mean 0.738 r>0.5 193/256 | ratio_f 1.000 kl_f 9.89e-08 masked_f 0.000 loss_f -0.0000 | ratio_t 1.001 loss_t -0.0017 | r_ema 0.595 | 20.4s
step  822 | r_mean 0.543 r>0.5 140/256 | ratio_f 1.000 kl_f 3.66e-08 masked_f 0.000 loss_f -0.0000 | ratio_t 0.999 loss_t -0.0001 | r_ema 0.590 | 20.3s
/home/xyh/Symbolic_Regression/E2E/E2E/.venv/lib/python3.10/site-packages/scipy/optimize/_optimize.py:851: RuntimeWarning: invalid value encountered in subtract
  np.max(np.abs(fsim[0] - fsim[1:])) <= fatol):
/home/xyh/Symbolic_Regression/E2E/E2E/train_flow_m3_rl.py:91: RuntimeWarning: overflow encountered in square
  return float(1.0 - ((y - yh) ** 2).sum() / ss_tot) if ss_tot > 0 else float("nan")
step  823 | r_mean 0.423 r>0.5 104/256 | ratio_f 1.000 kl_f 3.49e-08 masked_f 0.000 loss_f -0.0000 | ratio_t 1.000 loss_t +0.0005 | r_ema 0.573 | 47.0s
step  824 | r_mean 0.492 r>0.5 130/256 | ratio_f 1.000 kl_f 3.29e-08 masked_f 0.000 loss_f -0.0000 | ratio_t 1.000 loss_t +0.0002 | r_ema 0.565 | 21.2s
step  825 | r_mean 0.676 r>0.5 176/256 | ratio_f 1.000 kl_f 1.04e-07 masked_f 0.000 loss_f +0.0000 | ratio_t 0.999 loss_t +0.0000 | r_ema 0.576 | 18.9s
step  826 | r_mean 0.626 r>0.5 168/256 | ratio_f 1.000 kl_f 1.09e-07 masked_f 0.000 loss_f +0.0000 | ratio_t 1.000 loss_t +0.0010 | r_ema 0.581 | 27.2s
step  827 | r_mean 0.559 r>0.5 155/256 | ratio_f 1.000 kl_f 3.61e-08 masked_f 0.000 loss_f -0.0000 | ratio_t 1.002 loss_t -0.0018 | r_ema 0.579 | 22.7s
step  828 | r_mean 0.595 r>0.5 152/256 | ratio_f 1.000 kl_f 3.48e-08 masked_f 0.000 loss_f +0.0000 | ratio_t 1.001 loss_t -0.0010 | r_ema 0.580 | 19.1s
step  829 | r_mean 0.334 r>0.5 71/256 | ratio_f 1.000 kl_f 1.11e-07 masked_f 0.000 loss_f -0.0000 | ratio_t 1.000 loss_t +0.0002 | r_ema 0.556 | 20.5s
step  830 | r_mean 0.599 r>0.5 176/256 | ratio_f 1.000 kl_f 4.84e-08 masked_f 0.000 loss_f -0.0000 | ratio_t 0.999 loss_t -0.0015 | r_ema 0.560 | 22.0s
step  831 | r_mean 0.536 r>0.5 149/256 | ratio_f 1.000 kl_f 3.63e-08 masked_f 0.000 loss_f -0.0000 | ratio_t 1.001 loss_t +0.0004 | r_ema 0.558 | 20.6s
step  832 | r_mean 0.689 r>0.5 182/256 | ratio_f 1.000 kl_f 1.12e-07 masked_f 0.000 loss_f -0.0000 | ratio_t 0.998 loss_t +0.0009 | r_ema 0.571 | 23.1s
step  833 | r_mean 0.522 r>0.5 135/256 | ratio_f 1.000 kl_f 3.46e-08 masked_f 0.000 loss_f -0.0000 | ratio_t 0.999 loss_t -0.0002 | r_ema 0.566 | 22.7s
step  834 | r_mean 0.536 r>0.5 148/256 | ratio_f 1.000 kl_f 9.98e-08 masked_f 0.000 loss_f -0.0000 | ratio_t 0.999 loss_t -0.0007 | r_ema 0.563 | 22.1s
step  835 | r_mean 0.448 r>0.5 128/256 | ratio_f 1.000 kl_f 2.61e-08 masked_f 0.000 loss_f +0.0000 | ratio_t 0.998 loss_t +0.0012 | r_ema 0.551 | 22.2s
step  836 | r_mean 0.526 r>0.5 131/256 | ratio_f 1.000 kl_f 3.85e-08 masked_f 0.000 loss_f -0.0000 | ratio_t 1.000 loss_t -0.0001 | r_ema 0.549 | 23.3s
step  837 | r_mean 0.403 r>0.5 100/256 | ratio_f 1.000 kl_f 3.39e-08 masked_f 0.000 loss_f +0.0000 | ratio_t 0.999 loss_t +0.0002 | r_ema 0.534 | 22.2s
step  838 | r_mean 0.590 r>0.5 167/256 | ratio_f 1.000 kl_f 3.67e-08 masked_f 0.000 loss_f -0.0000 | ratio_t 1.000 loss_t -0.0001 | r_ema 0.540 | 22.1s
step  839 | r_mean 0.223 r>0.5 42/256 | ratio_f 1.000 kl_f 3.86e-08 masked_f 0.000 loss_f +0.0000 | ratio_t 1.000 loss_t +0.0005 | r_ema 0.508 | 20.3s
step  840 | r_mean 0.640 r>0.5 180/256 | ratio_f 1.000 kl_f 3.30e-08 masked_f 0.000 loss_f +0.0000 | ratio_t 1.002 loss_t +0.0009 | r_ema 0.521 | 23.9s
step  841 | r_mean 0.634 r>0.5 184/256 | ratio_f 1.000 kl_f 3.30e-08 masked_f 0.000 loss_f -0.0000 | ratio_t 1.003 loss_t -0.0017 | r_ema 0.533 | 24.8s
step  842 | r_mean 0.646 r>0.5 186/256 | ratio_f 1.000 kl_f 3.46e-08 masked_f 0.000 loss_f -0.0000 | ratio_t 1.000 loss_t -0.0001 | r_ema 0.544 | 24.3s
step  843 | r_mean 0.369 r>0.5 96/256 | ratio_f 1.000 kl_f 3.75e-08 masked_f 0.000 loss_f -0.0000 | ratio_t 1.001 loss_t -0.0003 | r_ema 0.526 | 29.8s
step  844 | r_mean 0.601 r>0.5 152/256 | ratio_f 1.000 kl_f 4.14e-08 masked_f 0.000 loss_f -0.0000 | ratio_t 1.000 loss_t +0.0006 | r_ema 0.534 | 19.7s
step  845 | r_mean 0.496 r>0.5 136/256 | ratio_f 1.000 kl_f 8.22e-08 masked_f 0.000 loss_f -0.0000 | ratio_t 1.001 loss_t +0.0004 | r_ema 0.530 | 23.7s
step  846 | r_mean 0.454 r>0.5 108/256 | ratio_f 1.000 kl_f 1.10e-07 masked_f 0.000 loss_f +0.0000 | ratio_t 0.999 loss_t +0.0005 | r_ema 0.523 | 22.1s
step  847 | r_mean 0.610 r>0.5 165/256 | ratio_f 1.000 kl_f 3.60e-08 masked_f 0.000 loss_f +0.0000 | ratio_t 0.999 loss_t -0.0000 | r_ema 0.531 | 21.2s
step  848 | r_mean 0.458 r>0.5 120/256 | ratio_f 1.000 kl_f 9.49e-08 masked_f 0.000 loss_f -0.0000 | ratio_t 0.998 loss_t +0.0002 | r_ema 0.524 | 20.1s
step  849 | r_mean 0.484 r>0.5 125/256 | ratio_f 1.000 kl_f 7.38e-08 masked_f 0.000 loss_f -0.0000 | ratio_t 1.000 loss_t -0.0032 | r_ema 0.520 | 21.6s
step  850 | r_mean 0.487 r>0.5 121/256 | ratio_f 1.000 kl_f 3.52e-08 masked_f 0.000 loss_f +0.0000 | ratio_t 1.002 loss_t +0.0003 | r_ema 0.517 | 21.6s
  [ckpt] step 850 r_ema 0.517 best 0.541 -> checkpoints/m3_rl/{best,last}.pth
step  851 | r_mean 0.467 r>0.5 113/256 | ratio_f 1.000 kl_f 4.13e-08 masked_f 0.000 loss_f -0.0000 | ratio_t 0.999 loss_t -0.0002 | r_ema 0.512 | 18.8s
step  852 | r_mean 0.431 r>0.5 110/256 | ratio_f 1.000 kl_f 8.69e-08 masked_f 0.000 loss_f -0.0000 | ratio_t 1.002 loss_t +0.0014 | r_ema 0.504 | 23.3s
step  853 | r_mean 0.476 r>0.5 139/256 | ratio_f 1.000 kl_f 3.30e-08 masked_f 0.000 loss_f -0.0000 | ratio_t 0.998 loss_t -0.0001 | r_ema 0.501 | 22.0s
step  854 | r_mean 0.526 r>0.5 144/256 | ratio_f 1.000 kl_f 4.31e-08 masked_f 0.000 loss_f +0.0000 | ratio_t 0.999 loss_t +0.0005 | r_ema 0.503 | 31.1s
step  855 | r_mean 0.661 r>0.5 179/256 | ratio_f 1.000 kl_f 3.77e-08 masked_f 0.000 loss_f +0.0000 | ratio_t 1.000 loss_t +0.0010 | r_ema 0.519 | 20.6s
step  856 | r_mean 0.468 r>0.5 118/256 | ratio_f 1.000 kl_f 8.44e-08 masked_f 0.000 loss_f -0.0000 | ratio_t 0.999 loss_t +0.0004 | r_ema 0.514 | 28.9s
/home/xyh/Symbolic_Regression/E2E/E2E/symbolicregression/envs/generators.py:137: RuntimeWarning: overflow encountered in multiply
  return m1 * m2
/home/xyh/Symbolic_Regression/E2E/E2E/symbolicregression/envs/generators.py:137: RuntimeWarning: invalid value encountered in multiply
  return m1 * m2
step  857 | r_mean 0.642 r>0.5 171/256 | ratio_f 1.000 kl_f 3.85e-08 masked_f 0.000 loss_f -0.0000 | ratio_t 1.000 loss_t -0.0002 | r_ema 0.527 | 21.6s
step  858 | r_mean 0.498 r>0.5 148/256 | ratio_f 1.000 kl_f 3.28e-08 masked_f 0.000 loss_f +0.0000 | ratio_t 0.999 loss_t -0.0010 | r_ema 0.524 | 22.1s
step  859 | r_mean 0.450 r>0.5 118/256 | ratio_f 1.000 kl_f 3.10e-08 masked_f 0.000 loss_f +0.0000 | ratio_t 1.000 loss_t -0.0003 | r_ema 0.517 | 42.2s
step  860 | r_mean 0.494 r>0.5 127/256 | ratio_f 1.000 kl_f 3.29e-08 masked_f 0.000 loss_f +0.0000 | ratio_t 1.001 loss_t -0.0003 | r_ema 0.514 | 21.7s
/home/xyh/Symbolic_Regression/E2E/E2E/symbolicregression/envs/generators.py:137: RuntimeWarning: overflow encountered in multiply
  return m1 * m2
step  861 | r_mean 0.610 r>0.5 169/256 | ratio_f 1.000 kl_f 1.23e-07 masked_f 0.000 loss_f -0.0000 | ratio_t 1.000 loss_t +0.0004 | r_ema 0.524 | 38.9s
step  862 | r_mean 0.557 r>0.5 146/256 | ratio_f 1.000 kl_f 4.10e-08 masked_f 0.000 loss_f +0.0000 | ratio_t 0.999 loss_t +0.0004 | r_ema 0.527 | 22.5s
/home/xyh/Symbolic_Regression/E2E/E2E/.venv/lib/python3.10/site-packages/scipy/optimize/_optimize.py:851: RuntimeWarning: invalid value encountered in subtract
  np.max(np.abs(fsim[0] - fsim[1:])) <= fatol):
/home/xyh/Symbolic_Regression/E2E/E2E/train_flow_m3_rl.py:91: RuntimeWarning: overflow encountered in square
  return float(1.0 - ((y - yh) ** 2).sum() / ss_tot) if ss_tot > 0 else float("nan")
step  863 | r_mean 0.474 r>0.5 120/256 | ratio_f 1.000 kl_f 4.35e-08 masked_f 0.000 loss_f -0.0000 | ratio_t 0.999 loss_t +0.0005 | r_ema 0.522 | 44.1s
step  864 | r_mean 0.498 r>0.5 116/256 | ratio_f 1.000 kl_f 3.74e-08 masked_f 0.000 loss_f -0.0000 | ratio_t 1.001 loss_t +0.0002 | r_ema 0.520 | 23.9s
step  865 | r_mean 0.728 r>0.5 194/256 | ratio_f 1.000 kl_f 3.79e-08 masked_f 0.000 loss_f -0.0000 | ratio_t 1.000 loss_t -0.0003 | r_ema 0.540 | 24.5s
step  866 | r_mean 0.629 r>0.5 174/256 | ratio_f 1.000 kl_f 3.54e-08 masked_f 0.000 loss_f +0.0000 | ratio_t 1.000 loss_t +0.0008 | r_ema 0.549 | 26.3s
step  867 | r_mean 0.754 r>0.5 201/256 | ratio_f 1.000 kl_f 3.48e-08 masked_f 0.000 loss_f +0.0000 | ratio_t 1.002 loss_t +0.0004 | r_ema 0.570 | 22.9s
step  868 | r_mean 0.621 r>0.5 167/256 | ratio_f 1.000 kl_f 4.24e-08 masked_f 0.000 loss_f +0.0000 | ratio_t 1.000 loss_t -0.0005 | r_ema 0.575 | 23.1s
step  869 | r_mean 0.619 r>0.5 160/256 | ratio_f 1.000 kl_f 4.40e-08 masked_f 0.000 loss_f +0.0000 | ratio_t 1.001 loss_t -0.0003 | r_ema 0.579 | 53.7s
/home/xyh/Symbolic_Regression/E2E/E2E/symbolicregression/envs/generators.py:137: RuntimeWarning: overflow encountered in multiply
  return m1 * m2
/home/xyh/Symbolic_Regression/E2E/E2E/symbolicregression/envs/generators.py:137: RuntimeWarning: overflow encountered in multiply
  return m1 * m2
/home/xyh/Symbolic_Regression/E2E/E2E/symbolicregression/envs/generators.py:137: RuntimeWarning: overflow encountered in multiply
  return m1 * m2
step  870 | r_mean 0.548 r>0.5 147/256 | ratio_f 1.000 kl_f 3.22e-08 masked_f 0.000 loss_f -0.0000 | ratio_t 1.000 loss_t -0.0046 | r_ema 0.576 | 23.9s
step  871 | r_mean 0.762 r>0.5 199/256 | ratio_f 1.000 kl_f 1.05e-07 masked_f 0.000 loss_f +0.0000 | ratio_t 0.998 loss_t +0.0008 | r_ema 0.595 | 23.0s
/home/xyh/Symbolic_Regression/E2E/E2E/symbolicregression/envs/generators.py:216: RuntimeWarning: overflow encountered in power
  return numerator ** 3
step  872 | r_mean 0.541 r>0.5 147/256 | ratio_f 1.000 kl_f 3.77e-08 masked_f 0.000 loss_f -0.0000 | ratio_t 1.000 loss_t -0.0004 | r_ema 0.589 | 25.8s
step  873 | r_mean 0.546 r>0.5 143/256 | ratio_f 1.000 kl_f 2.11e-07 masked_f 0.000 loss_f +0.0000 | ratio_t 1.000 loss_t -0.0001 | r_ema 0.585 | 25.5s
step  874 | r_mean 0.716 r>0.5 193/256 | ratio_f 1.000 kl_f 4.16e-08 masked_f 0.000 loss_f -0.0000 | ratio_t 0.998 loss_t -0.0003 | r_ema 0.598 | 44.8s
step  875 | r_mean 0.380 r>0.5 84/256 | ratio_f 1.000 kl_f 8.78e-08 masked_f 0.000 loss_f -0.0000 | ratio_t 1.001 loss_t +0.0002 | r_ema 0.576 | 24.4s
step  876 | r_mean 0.649 r>0.5 193/256 | ratio_f 1.000 kl_f 8.51e-08 masked_f 0.000 loss_f -0.0000 | ratio_t 0.999 loss_t -0.0006 | r_ema 0.584 | 41.5s
step  877 | r_mean 0.389 r>0.5 95/256 | ratio_f 1.000 kl_f 8.82e-08 masked_f 0.000 loss_f -0.0000 | ratio_t 1.001 loss_t -0.0003 | r_ema 0.564 | 47.8s
step  878 | r_mean 0.807 r>0.5 217/256 | ratio_f 1.000 kl_f 1.20e-07 masked_f 0.000 loss_f -0.0000 | ratio_t 1.000 loss_t +0.0006 | r_ema 0.588 | 23.5s
step  879 | r_mean 0.588 r>0.5 171/256 | ratio_f 1.000 kl_f 3.49e-08 masked_f 0.000 loss_f -0.0000 | ratio_t 1.001 loss_t +0.0001 | r_ema 0.588 | 26.4s
step  880 | r_mean 0.492 r>0.5 147/256 | ratio_f 1.000 kl_f 3.93e-08 masked_f 0.000 loss_f -0.0000 | ratio_t 1.000 loss_t +0.0010 | r_ema 0.579 | 24.2s
step  881 | r_mean 0.538 r>0.5 146/256 | ratio_f 1.000 kl_f 9.02e-08 masked_f 0.000 loss_f -0.0000 | ratio_t 1.000 loss_t -0.0003 | r_ema 0.575 | 25.0s
step  882 | r_mean 0.593 r>0.5 150/256 | ratio_f 1.000 kl_f 3.63e-08 masked_f 0.000 loss_f -0.0000 | ratio_t 1.000 loss_t -0.0004 | r_ema 0.577 | 26.3s
step  883 | r_mean 0.515 r>0.5 136/256 | ratio_f 1.000 kl_f 1.29e-07 masked_f 0.000 loss_f -0.0000 | ratio_t 1.000 loss_t -0.0000 | r_ema 0.570 | 24.5s
step  884 | r_mean 0.702 r>0.5 204/256 | ratio_f 1.000 kl_f 1.12e-07 masked_f 0.000 loss_f +0.0000 | ratio_t 0.998 loss_t +0.0004 | r_ema 0.583 | 27.1s
step  885 | r_mean 0.431 r>0.5 99/256 | ratio_f 1.000 kl_f 3.67e-08 masked_f 0.000 loss_f +0.0000 | ratio_t 0.998 loss_t -0.0002 | r_ema 0.568 | 29.4s
step  886 | r_mean 0.587 r>0.5 152/256 | ratio_f 1.000 kl_f 3.91e-08 masked_f 0.000 loss_f +0.0000 | ratio_t 1.001 loss_t +0.0005 | r_ema 0.570 | 26.5s
step  887 | r_mean 0.425 r>0.5 115/256 | ratio_f 1.000 kl_f 9.49e-08 masked_f 0.000 loss_f -0.0000 | ratio_t 1.001 loss_t -0.0000 | r_ema 0.556 | 51.7s
step  888 | r_mean 0.684 r>0.5 184/256 | ratio_f 1.000 kl_f 3.96e-08 masked_f 0.000 loss_f +0.0000 | ratio_t 0.998 loss_t +0.0017 | r_ema 0.568 | 25.4s
step  889 | r_mean 0.638 r>0.5 171/256 | ratio_f 1.000 kl_f 4.60e-08 masked_f 0.000 loss_f +0.0000 | ratio_t 1.000 loss_t -0.0005 | r_ema 0.575 | 26.4s
step  890 | r_mean 0.454 r>0.5 123/256 | ratio_f 1.000 kl_f 4.07e-08 masked_f 0.000 loss_f +0.0000 | ratio_t 1.001 loss_t -0.0003 | r_ema 0.563 | 24.3s
step  891 | r_mean 0.723 r>0.5 203/256 | ratio_f 1.000 kl_f 3.99e-08 masked_f 0.000 loss_f +0.0000 | ratio_t 0.998 loss_t -0.0017 | r_ema 0.579 | 24.6s
step  892 | r_mean 0.487 r>0.5 135/256 | ratio_f 1.000 kl_f 5.67e-08 masked_f 0.000 loss_f -0.0000 | ratio_t 1.000 loss_t +0.0004 | r_ema 0.570 | 23.8s
step  893 | r_mean 0.507 r>0.5 136/256 | ratio_f 1.000 kl_f 3.31e-08 masked_f 0.000 loss_f +0.0000 | ratio_t 0.999 loss_t -0.0002 | r_ema 0.564 | 27.1s
step  894 | r_mean 0.738 r>0.5 194/256 | ratio_f 1.000 kl_f 1.16e-07 masked_f 0.000 loss_f -0.0000 | ratio_t 1.001 loss_t -0.0001 | r_ema 0.581 | 21.9s
step  895 | r_mean 0.317 r>0.5 78/256 | ratio_f 1.000 kl_f 9.18e-08 masked_f 0.000 loss_f -0.0000 | ratio_t 0.999 loss_t +0.0002 | r_ema 0.555 | 26.8s
step  896 | r_mean 0.512 r>0.5 142/256 | ratio_f 1.000 kl_f 1.20e-07 masked_f 0.000 loss_f +0.0000 | ratio_t 0.998 loss_t -0.0009 | r_ema 0.551 | 45.7s
step  897 | r_mean 0.634 r>0.5 156/256 | ratio_f 1.000 kl_f 3.97e-08 masked_f 0.000 loss_f +0.0000 | ratio_t 1.001 loss_t +0.0013 | r_ema 0.559 | 24.9s
step  898 | r_mean 0.599 r>0.5 165/256 | ratio_f 1.000 kl_f 1.33e-07 masked_f 0.000 loss_f +0.0000 | ratio_t 0.998 loss_t -0.0003 | r_ema 0.563 | 23.7s
step  899 | r_mean 0.787 r>0.5 212/256 | ratio_f 1.000 kl_f 4.02e-08 masked_f 0.000 loss_f +0.0000 | ratio_t 0.999 loss_t +0.0003 | r_ema 0.585 | 25.4s
step  900 | r_mean 0.657 r>0.5 179/256 | ratio_f 1.000 kl_f 3.70e-08 masked_f 0.000 loss_f -0.0000 | ratio_t 1.001 loss_t -0.0005 | r_ema 0.593 | 23.7s
  [ckpt] step 900 r_ema 0.593 best 0.593 -> checkpoints/m3_rl/{best,last}.pth
step  901 | r_mean 0.608 r>0.5 160/256 | ratio_f 1.000 kl_f 3.84e-08 masked_f 0.000 loss_f -0.0000 | ratio_t 1.001 loss_t +0.0012 | r_ema 0.594 | 40.4s
step  902 | r_mean 0.606 r>0.5 143/256 | ratio_f 1.000 kl_f 3.11e-08 masked_f 0.000 loss_f +0.0000 | ratio_t 0.997 loss_t +0.0028 | r_ema 0.595 | 25.5s
/home/xyh/Symbolic_Regression/E2E/E2E/.venv/lib/python3.10/site-packages/scipy/optimize/_optimize.py:851: RuntimeWarning: invalid value encountered in subtract
  np.max(np.abs(fsim[0] - fsim[1:])) <= fatol):
/home/xyh/Symbolic_Regression/E2E/E2E/symbolicregression/envs/generators.py:137: RuntimeWarning: overflow encountered in multiply
  return m1 * m2
/home/xyh/Symbolic_Regression/E2E/E2E/train_flow_m3_rl.py:91: RuntimeWarning: overflow encountered in square
  return float(1.0 - ((y - yh) ** 2).sum() / ss_tot) if ss_tot > 0 else float("nan")
step  903 | r_mean 0.508 r>0.5 131/256 | ratio_f 1.000 kl_f 1.07e-07 masked_f 0.000 loss_f -0.0000 | ratio_t 0.999 loss_t +0.0006 | r_ema 0.587 | 77.0s
step  904 | r_mean 0.687 r>0.5 194/256 | ratio_f 1.000 kl_f 4.14e-08 masked_f 0.000 loss_f +0.0000 | ratio_t 0.998 loss_t -0.0009 | r_ema 0.597 | 27.5s
step  905 | r_mean 0.560 r>0.5 139/256 | ratio_f 1.000 kl_f 3.46e-08 masked_f 0.000 loss_f +0.0000 | ratio_t 1.001 loss_t -0.0002 | r_ema 0.593 | 25.4s
step  906 | r_mean 0.444 r>0.5 124/256 | ratio_f 1.000 kl_f 3.76e-08 masked_f 0.000 loss_f +0.0000 | ratio_t 1.000 loss_t +0.0017 | r_ema 0.578 | 27.9s
step  907 | r_mean 0.773 r>0.5 216/256 | ratio_f 1.000 kl_f 3.92e-08 masked_f 0.000 loss_f -0.0000 | ratio_t 1.000 loss_t +0.0018 | r_ema 0.598 | 24.8s
step  908 | r_mean 0.662 r>0.5 170/256 | ratio_f 1.000 kl_f 3.67e-08 masked_f 0.000 loss_f -0.0000 | ratio_t 0.998 loss_t +0.0013 | r_ema 0.604 | 26.0s
step  909 | r_mean 0.615 r>0.5 168/256 | ratio_f 1.000 kl_f 1.09e-07 masked_f 0.000 loss_f -0.0000 | ratio_t 0.999 loss_t -0.0007 | r_ema 0.605 | 28.1s
step  910 | r_mean 0.550 r>0.5 143/256 | ratio_f 1.000 kl_f 3.82e-08 masked_f 0.000 loss_f -0.0000 | ratio_t 1.000 loss_t -0.0005 | r_ema 0.600 | 24.3s
/home/xyh/Symbolic_Regression/E2E/E2E/train_flow_m3_rl.py:84: RuntimeWarning: overflow encountered in square
  return float(((y - yh_c) ** 2).mean())
/home/xyh/Symbolic_Regression/E2E/E2E/.venv/lib/python3.10/site-packages/scipy/optimize/_optimize.py:851: RuntimeWarning: invalid value encountered in subtract
  np.max(np.abs(fsim[0] - fsim[1:])) <= fatol):
/home/xyh/Symbolic_Regression/E2E/E2E/train_flow_m3_rl.py:91: RuntimeWarning: overflow encountered in square
  return float(1.0 - ((y - yh) ** 2).sum() / ss_tot) if ss_tot > 0 else float("nan")
step  911 | r_mean 0.518 r>0.5 131/256 | ratio_f 1.000 kl_f 4.00e-08 masked_f 0.000 loss_f +0.0000 | ratio_t 0.999 loss_t -0.0012 | r_ema 0.592 | 37.4s
step  912 | r_mean 0.556 r>0.5 159/256 | ratio_f 1.000 kl_f 1.03e-07 masked_f 0.000 loss_f +0.0000 | ratio_t 1.000 loss_t -0.0002 | r_ema 0.588 | 25.5s
step  913 | r_mean 0.601 r>0.5 158/256 | ratio_f 1.000 kl_f 9.15e-08 masked_f 0.000 loss_f +0.0000 | ratio_t 1.001 loss_t -0.0016 | r_ema 0.589 | 25.8s
step  914 | r_mean 0.562 r>0.5 165/256 | ratio_f 1.000 kl_f 4.45e-08 masked_f 0.000 loss_f -0.0000 | ratio_t 1.000 loss_t +0.0004 | r_ema 0.587 | 25.6s
step  915 | r_mean 0.560 r>0.5 159/256 | ratio_f 1.000 kl_f 3.45e-08 masked_f 0.000 loss_f -0.0000 | ratio_t 1.001 loss_t +0.0016 | r_ema 0.584 | 25.4s
step  916 | r_mean 0.771 r>0.5 205/256 | ratio_f 1.000 kl_f 4.45e-08 masked_f 0.000 loss_f -0.0000 | ratio_t 1.000 loss_t -0.0003 | r_ema 0.603 | 21.2s
step  917 | r_mean 0.606 r>0.5 154/256 | ratio_f 1.000 kl_f 4.32e-08 masked_f 0.000 loss_f +0.0000 | ratio_t 1.000 loss_t -0.0008 | r_ema 0.603 | 24.0s
step  918 | r_mean 0.655 r>0.5 187/256 | ratio_f 1.000 kl_f 9.19e-08 masked_f 0.000 loss_f -0.0000 | ratio_t 0.998 loss_t +0.0012 | r_ema 0.608 | 23.0s
/home/xyh/Symbolic_Regression/E2E/E2E/symbolicregression/envs/generators.py:216: RuntimeWarning: overflow encountered in power
  return numerator ** 3
step  919 | r_mean 0.617 r>0.5 151/256 | ratio_f 1.000 kl_f 3.12e-08 masked_f 0.000 loss_f +0.0000 | ratio_t 1.000 loss_t +0.0005 | r_ema 0.609 | 58.5s
step  920 | r_mean 0.354 r>0.5 82/256 | ratio_f 1.000 kl_f 5.44e-08 masked_f 0.000 loss_f -0.0000 | ratio_t 0.998 loss_t +0.0005 | r_ema 0.584 | 32.5s
step  921 | r_mean 0.666 r>0.5 178/256 | ratio_f 1.000 kl_f 3.57e-08 masked_f 0.000 loss_f +0.0000 | ratio_t 1.001 loss_t +0.0004 | r_ema 0.592 | 49.4s
step  922 | r_mean 0.666 r>0.5 185/256 | ratio_f 1.000 kl_f 3.75e-08 masked_f 0.000 loss_f -0.0000 | ratio_t 1.002 loss_t +0.0012 | r_ema 0.599 | 22.0s
step  923 | r_mean 0.519 r>0.5 148/256 | ratio_f 1.000 kl_f 1.28e-07 masked_f 0.000 loss_f -0.0000 | ratio_t 0.998 loss_t -0.0009 | r_ema 0.591 | 44.9s
step  924 | r_mean 0.413 r>0.5 99/256 | ratio_f 1.000 kl_f 4.91e-08 masked_f 0.000 loss_f +0.0000 | ratio_t 0.999 loss_t +0.0002 | r_ema 0.573 | 18.2s
step  925 | r_mean 0.556 r>0.5 133/256 | ratio_f 1.000 kl_f 4.45e-08 masked_f 0.000 loss_f +0.0000 | ratio_t 1.001 loss_t -0.0014 | r_ema 0.572 | 18.2s
step  926 | r_mean 0.571 r>0.5 142/256 | ratio_f 1.000 kl_f 3.63e-08 masked_f 0.000 loss_f +0.0000 | ratio_t 1.001 loss_t +0.0010 | r_ema 0.572 | 20.3s
step  927 | r_mean 0.650 r>0.5 179/256 | ratio_f 1.000 kl_f 4.39e-08 masked_f 0.000 loss_f -0.0000 | ratio_t 1.001 loss_t -0.0009 | r_ema 0.579 | 19.9s
step  928 | r_mean 0.630 r>0.5 165/256 | ratio_f 1.000 kl_f 5.98e-08 masked_f 0.000 loss_f +0.0000 | ratio_t 1.000 loss_t +0.0003 | r_ema 0.584 | 25.2s
step  929 | r_mean 0.564 r>0.5 143/256 | ratio_f 1.000 kl_f 4.14e-08 masked_f 0.000 loss_f +0.0000 | ratio_t 1.001 loss_t -0.0001 | r_ema 0.582 | 18.0s
step  930 | r_mean 0.598 r>0.5 165/256 | ratio_f 1.000 kl_f 5.59e-08 masked_f 0.000 loss_f -0.0000 | ratio_t 1.000 loss_t -0.0000 | r_ema 0.584 | 18.6s
step  931 | r_mean 0.666 r>0.5 175/256 | ratio_f 1.000 kl_f 8.43e-08 masked_f 0.000 loss_f +0.0000 | ratio_t 1.002 loss_t +0.0004 | r_ema 0.592 | 18.8s
step  932 | r_mean 0.489 r>0.5 126/256 | ratio_f 1.000 kl_f 4.00e-08 masked_f 0.000 loss_f +0.0000 | ratio_t 0.999 loss_t +0.0004 | r_ema 0.582 | 32.3s
/home/xyh/Symbolic_Regression/E2E/E2E/symbolicregression/envs/generators.py:216: RuntimeWarning: overflow encountered in power
  return numerator ** 3
step  933 | r_mean 0.453 r>0.5 116/256 | ratio_f 1.000 kl_f 3.92e-08 masked_f 0.000 loss_f -0.0000 | ratio_t 1.000 loss_t -0.0023 | r_ema 0.569 | 24.3s
step  934 | r_mean 0.583 r>0.5 154/256 | ratio_f 1.000 kl_f 1.17e-07 masked_f 0.000 loss_f +0.0000 | ratio_t 1.000 loss_t +0.0005 | r_ema 0.570 | 17.0s
step  935 | r_mean 0.557 r>0.5 140/256 | ratio_f 1.000 kl_f 4.46e-08 masked_f 0.000 loss_f -0.0000 | ratio_t 0.999 loss_t -0.0049 | r_ema 0.569 | 28.9s
step  936 | r_mean 0.230 r>0.5 51/256 | ratio_f 1.000 kl_f 3.42e-08 masked_f 0.000 loss_f +0.0000 | ratio_t 1.000 loss_t +0.0011 | r_ema 0.535 | 17.9s
step  937 | r_mean 0.512 r>0.5 135/256 | ratio_f 1.000 kl_f 4.45e-08 masked_f 0.000 loss_f -0.0000 | ratio_t 1.001 loss_t -0.0003 | r_ema 0.533 | 20.9s
step  938 | r_mean 0.432 r>0.5 112/256 | ratio_f 1.000 kl_f 3.78e-08 masked_f 0.000 loss_f -0.0000 | ratio_t 1.001 loss_t -0.0003 | r_ema 0.523 | 61.1s
step  939 | r_mean 0.604 r>0.5 163/256 | ratio_f 1.000 kl_f 4.85e-08 masked_f 0.000 loss_f +0.0000 | ratio_t 0.999 loss_t -0.0026 | r_ema 0.531 | 15.6s
step  940 | r_mean 0.599 r>0.5 147/256 | ratio_f 1.000 kl_f 9.31e-08 masked_f 0.000 loss_f +0.0000 | ratio_t 1.002 loss_t +0.0001 | r_ema 0.538 | 15.2s
/home/xyh/Symbolic_Regression/E2E/E2E/symbolicregression/envs/generators.py:216: RuntimeWarning: overflow encountered in power
  return numerator ** 3
step  941 | r_mean 0.542 r>0.5 121/256 | ratio_f 1.000 kl_f 3.34e-08 masked_f 0.000 loss_f -0.0000 | ratio_t 1.001 loss_t -0.0006 | r_ema 0.538 | 25.4s
step  942 | r_mean 0.661 r>0.5 180/256 | ratio_f 1.000 kl_f 3.82e-08 masked_f 0.000 loss_f +0.0000 | ratio_t 1.000 loss_t -0.0007 | r_ema 0.550 | 29.7s
step  943 | r_mean 0.713 r>0.5 187/256 | ratio_f 1.000 kl_f 4.30e-08 masked_f 0.000 loss_f +0.0000 | ratio_t 0.999 loss_t +0.0000 | r_ema 0.567 | 17.5s
step  944 | r_mean 0.400 r>0.5 105/256 | ratio_f 1.000 kl_f 1.18e-07 masked_f 0.000 loss_f -0.0000 | ratio_t 0.999 loss_t +0.0010 | r_ema 0.550 | 16.0s
step  945 | r_mean 0.449 r>0.5 114/256 | ratio_f 1.000 kl_f 4.18e-08 masked_f 0.000 loss_f -0.0000 | ratio_t 1.001 loss_t +0.0004 | r_ema 0.540 | 19.2s
step  946 | r_mean 0.556 r>0.5 161/256 | ratio_f 1.000 kl_f 1.08e-07 masked_f 0.000 loss_f -0.0000 | ratio_t 0.999 loss_t -0.0006 | r_ema 0.541 | 16.1s
step  947 | r_mean 0.729 r>0.5 208/256 | ratio_f 1.000 kl_f 4.14e-08 masked_f 0.000 loss_f -0.0000 | ratio_t 0.999 loss_t +0.0003 | r_ema 0.560 | 15.7s
step  948 | r_mean 0.595 r>0.5 163/256 | ratio_f 1.000 kl_f 9.03e-08 masked_f 0.000 loss_f -0.0000 | ratio_t 1.001 loss_t -0.0004 | r_ema 0.564 | 14.7s
step  949 | r_mean 0.484 r>0.5 123/256 | ratio_f 1.000 kl_f 4.77e-08 masked_f 0.000 loss_f +0.0000 | ratio_t 0.999 loss_t -0.0010 | r_ema 0.556 | 24.8s
step  950 | r_mean 0.492 r>0.5 119/256 | ratio_f 1.000 kl_f 4.13e-08 masked_f 0.000 loss_f +0.0000 | ratio_t 1.001 loss_t -0.0007 | r_ema 0.549 | 31.7s
  [ckpt] step 950 r_ema 0.549 best 0.593 -> checkpoints/m3_rl/{best,last}.pth
step  951 | r_mean 0.537 r>0.5 143/256 | ratio_f 1.000 kl_f 4.05e-08 masked_f 0.000 loss_f +0.0000 | ratio_t 1.000 loss_t -0.0007 | r_ema 0.548 | 15.3s
step  952 | r_mean 0.620 r>0.5 149/256 | ratio_f 1.000 kl_f 4.22e-08 masked_f 0.000 loss_f -0.0000 | ratio_t 0.998 loss_t -0.0016 | r_ema 0.555 | 22.1s
step  953 | r_mean 0.551 r>0.5 157/256 | ratio_f 1.000 kl_f 4.18e-08 masked_f 0.000 loss_f +0.0000 | ratio_t 1.001 loss_t -0.0000 | r_ema 0.555 | 24.7s
step  954 | r_mean 0.617 r>0.5 159/256 | ratio_f 1.000 kl_f 3.89e-08 masked_f 0.000 loss_f +0.0000 | ratio_t 0.992 loss_t +0.0034 | r_ema 0.561 | 22.2s
step  955 | r_mean 0.511 r>0.5 126/256 | ratio_f 1.000 kl_f 3.66e-08 masked_f 0.000 loss_f -0.0000 | ratio_t 0.998 loss_t +0.0005 | r_ema 0.556 | 20.1s
step  956 | r_mean 0.647 r>0.5 153/256 | ratio_f 1.000 kl_f 3.88e-08 masked_f 0.000 loss_f -0.0000 | ratio_t 0.999 loss_t +0.0006 | r_ema 0.565 | 17.3s
step  957 | r_mean 0.499 r>0.5 130/256 | ratio_f 1.000 kl_f 8.44e-08 masked_f 0.000 loss_f -0.0000 | ratio_t 1.000 loss_t +0.0004 | r_ema 0.559 | 15.9s
step  958 | r_mean 0.524 r>0.5 133/256 | ratio_f 1.000 kl_f 3.99e-08 masked_f 0.000 loss_f -0.0000 | ratio_t 1.000 loss_t -0.0004 | r_ema 0.555 | 17.0s
step  959 | r_mean 0.564 r>0.5 159/256 | ratio_f 1.000 kl_f 3.81e-08 masked_f 0.000 loss_f +0.0000 | ratio_t 1.001 loss_t +0.0015 | r_ema 0.556 | 16.4s
step  960 | r_mean 0.484 r>0.5 115/256 | ratio_f 1.000 kl_f 5.52e-08 masked_f 0.000 loss_f +0.0000 | ratio_t 1.001 loss_t -0.0005 | r_ema 0.549 | 14.6s
step  961 | r_mean 0.618 r>0.5 155/256 | ratio_f 1.000 kl_f 3.52e-08 masked_f 0.000 loss_f +0.0000 | ratio_t 0.996 loss_t +0.0008 | r_ema 0.556 | 15.6s
/home/xyh/Symbolic_Regression/E2E/E2E/symbolicregression/envs/generators.py:137: RuntimeWarning: invalid value encountered in multiply
  return m1 * m2
step  962 | r_mean 0.564 r>0.5 160/256 | ratio_f 1.000 kl_f 4.54e-08 masked_f 0.000 loss_f +0.0000 | ratio_t 1.000 loss_t +0.0000 | r_ema 0.556 | 15.3s
step  963 | r_mean 0.502 r>0.5 126/256 | ratio_f 1.000 kl_f 4.27e-08 masked_f 0.000 loss_f +0.0000 | ratio_t 0.999 loss_t +0.0000 | r_ema 0.551 | 22.8s
step  964 | r_mean 0.324 r>0.5 82/256 | ratio_f 1.000 kl_f 4.19e-08 masked_f 0.000 loss_f +0.0000 | ratio_t 1.001 loss_t -0.0001 | r_ema 0.528 | 15.7s
/home/xyh/Symbolic_Regression/E2E/E2E/symbolicregression/envs/generators.py:137: RuntimeWarning: invalid value encountered in multiply
  return m1 * m2
/home/xyh/Symbolic_Regression/E2E/E2E/symbolicregression/envs/generators.py:133: RuntimeWarning: invalid value encountered in subtract
  return self.children[0].val(x) - self.children[1].val(x)
step  965 | r_mean 0.413 r>0.5 85/256 | ratio_f 1.000 kl_f 3.96e-08 masked_f 0.000 loss_f -0.0000 | ratio_t 1.000 loss_t -0.0004 | r_ema 0.517 | 16.5s
step  966 | r_mean 0.615 r>0.5 155/256 | ratio_f 1.000 kl_f 3.74e-08 masked_f 0.000 loss_f -0.0000 | ratio_t 0.998 loss_t -0.0013 | r_ema 0.527 | 13.8s
step  967 | r_mean 0.443 r>0.5 116/256 | ratio_f 1.000 kl_f 4.02e-08 masked_f 0.000 loss_f -0.0000 | ratio_t 0.998 loss_t +0.0007 | r_ema 0.518 | 13.8s
step  968 | r_mean 0.533 r>0.5 138/256 | ratio_f 1.000 kl_f 3.90e-08 masked_f 0.000 loss_f -0.0000 | ratio_t 1.000 loss_t +0.0002 | r_ema 0.520 | 13.5s
step  969 | r_mean 0.633 r>0.5 163/256 | ratio_f 1.000 kl_f 4.17e-08 masked_f 0.000 loss_f +0.0000 | ratio_t 1.001 loss_t +0.0000 | r_ema 0.531 | 15.6s
step  970 | r_mean 0.526 r>0.5 144/256 | ratio_f 1.000 kl_f 4.04e-08 masked_f 0.000 loss_f -0.0000 | ratio_t 1.000 loss_t +0.0007 | r_ema 0.531 | 14.3s
step  971 | r_mean 0.500 r>0.5 124/256 | ratio_f 1.000 kl_f 3.71e-08 masked_f 0.000 loss_f -0.0000 | ratio_t 1.000 loss_t +0.0007 | r_ema 0.527 | 17.9s
step  972 | r_mean 0.708 r>0.5 205/256 | ratio_f 1.000 kl_f 3.94e-08 masked_f 0.000 loss_f +0.0000 | ratio_t 1.001 loss_t +0.0002 | r_ema 0.545 | 13.7s
step  973 | r_mean 0.643 r>0.5 153/256 | ratio_f 1.000 kl_f 3.37e-08 masked_f 0.000 loss_f +0.0000 | ratio_t 1.000 loss_t +0.0005 | r_ema 0.555 | 13.6s
step  974 | r_mean 0.524 r>0.5 148/256 | ratio_f 1.000 kl_f 5.60e-08 masked_f 0.000 loss_f +0.0000 | ratio_t 1.000 loss_t -0.0000 | r_ema 0.552 | 14.3s
step  975 | r_mean 0.610 r>0.5 161/256 | ratio_f 1.000 kl_f 3.82e-08 masked_f 0.000 loss_f -0.0000 | ratio_t 1.000 loss_t +0.0013 | r_ema 0.558 | 14.3s
step  976 | r_mean 0.699 r>0.5 196/256 | ratio_f 1.000 kl_f 7.89e-08 masked_f 0.000 loss_f -0.0000 | ratio_t 0.999 loss_t -0.0010 | r_ema 0.572 | 13.8s
step  977 | r_mean 0.475 r>0.5 133/256 | ratio_f 1.000 kl_f 3.21e-08 masked_f 0.000 loss_f +0.0000 | ratio_t 1.000 loss_t -0.0002 | r_ema 0.562 | 14.2s
step  978 | r_mean 0.363 r>0.5 84/256 | ratio_f 1.000 kl_f 3.54e-08 masked_f 0.000 loss_f -0.0000 | ratio_t 1.000 loss_t +0.0003 | r_ema 0.542 | 15.3s
step  979 | r_mean 0.661 r>0.5 167/256 | ratio_f 1.000 kl_f 3.77e-08 masked_f 0.000 loss_f +0.0000 | ratio_t 1.001 loss_t -0.0007 | r_ema 0.554 | 15.4s
step  980 | r_mean 0.372 r>0.5 93/256 | ratio_f 1.000 kl_f 4.59e-08 masked_f 0.000 loss_f +0.0000 | ratio_t 1.002 loss_t -0.0003 | r_ema 0.536 | 25.2s
step  981 | r_mean 0.588 r>0.5 150/256 | ratio_f 1.000 kl_f 1.06e-07 masked_f 0.000 loss_f -0.0000 | ratio_t 1.002 loss_t -0.0006 | r_ema 0.541 | 12.6s
step  982 | r_mean 0.371 r>0.5 91/256 | ratio_f 1.000 kl_f 1.15e-07 masked_f 0.000 loss_f +0.0000 | ratio_t 0.999 loss_t +0.0005 | r_ema 0.524 | 12.9s
step  983 | r_mean 0.194 r>0.5 31/256 | ratio_f 1.000 kl_f 3.75e-08 masked_f 0.000 loss_f +0.0000 | ratio_t 1.001 loss_t +0.0006 | r_ema 0.491 | 13.5s
step  984 | r_mean 0.420 r>0.5 106/256 | ratio_f 1.000 kl_f 3.83e-08 masked_f 0.000 loss_f +0.0000 | ratio_t 1.000 loss_t -0.0004 | r_ema 0.484 | 13.4s
step  985 | r_mean 0.505 r>0.5 126/256 | ratio_f 1.000 kl_f 1.23e-07 masked_f 0.000 loss_f -0.0000 | ratio_t 0.999 loss_t +0.0021 | r_ema 0.486 | 14.3s
step  986 | r_mean 0.704 r>0.5 171/256 | ratio_f 1.000 kl_f 4.34e-08 masked_f 0.000 loss_f +0.0000 | ratio_t 1.000 loss_t +0.0011 | r_ema 0.508 | 12.2s
step  987 | r_mean 0.506 r>0.5 135/256 | ratio_f 1.000 kl_f 9.25e-08 masked_f 0.000 loss_f -0.0000 | ratio_t 0.998 loss_t +0.0001 | r_ema 0.508 | 13.4s
step  988 | r_mean 0.570 r>0.5 140/256 | ratio_f 1.000 kl_f 3.80e-08 masked_f 0.000 loss_f +0.0000 | ratio_t 0.999 loss_t +0.0001 | r_ema 0.514 | 13.1s
step  989 | r_mean 0.501 r>0.5 139/256 | ratio_f 1.000 kl_f 1.17e-07 masked_f 0.000 loss_f +0.0000 | ratio_t 1.001 loss_t -0.0005 | r_ema 0.513 | 13.4s
step  990 | r_mean 0.501 r>0.5 126/256 | ratio_f 1.000 kl_f 4.03e-08 masked_f 0.000 loss_f +0.0000 | ratio_t 1.000 loss_t +0.0002 | r_ema 0.511 | 13.8s
step  991 | r_mean 0.301 r>0.5 66/256 | ratio_f 1.000 kl_f 1.37e-07 masked_f 0.000 loss_f -0.0000 | ratio_t 1.000 loss_t +0.0003 | r_ema 0.490 | 13.0s
step  992 | r_mean 0.400 r>0.5 113/256 | ratio_f 1.000 kl_f 4.25e-08 masked_f 0.000 loss_f -0.0000 | ratio_t 1.000 loss_t +0.0002 | r_ema 0.481 | 13.4s
step  993 | r_mean 0.676 r>0.5 186/256 | ratio_f 1.000 kl_f 9.29e-08 masked_f 0.000 loss_f +0.0000 | ratio_t 1.001 loss_t -0.0001 | r_ema 0.501 | 12.9s
step  994 | r_mean 0.542 r>0.5 148/256 | ratio_f 1.000 kl_f 3.68e-08 masked_f 0.000 loss_f -0.0000 | ratio_t 1.000 loss_t +0.0010 | r_ema 0.505 | 12.5s
step  995 | r_mean 0.533 r>0.5 126/256 | ratio_f 1.000 kl_f 4.25e-08 masked_f 0.000 loss_f +0.0000 | ratio_t 1.000 loss_t +0.0012 | r_ema 0.508 | 12.4s
step  996 | r_mean 0.402 r>0.5 82/256 | ratio_f 1.000 kl_f 1.54e-07 masked_f 0.000 loss_f +0.0000 | ratio_t 1.000 loss_t +0.0005 | r_ema 0.497 | 12.3s
step  997 | r_mean 0.259 r>0.5 36/256 | ratio_f 1.000 kl_f 1.14e-07 masked_f 0.000 loss_f -0.0000 | ratio_t 1.001 loss_t +0.0007 | r_ema 0.473 | 12.8s
step  998 | r_mean 0.701 r>0.5 182/256 | ratio_f 1.000 kl_f 4.21e-08 masked_f 0.000 loss_f +0.0000 | ratio_t 0.999 loss_t -0.0004 | r_ema 0.496 | 12.0s
step  999 | r_mean 0.422 r>0.5 106/256 | ratio_f 1.000 kl_f 4.14e-08 masked_f 0.000 loss_f +0.0000 | ratio_t 0.999 loss_t +0.0005 | r_ema 0.489 | 11.7s
step 1000 | r_mean 0.554 r>0.5 149/256 | ratio_f 1.000 kl_f 3.74e-08 masked_f 0.000 loss_f -0.0000 | ratio_t 1.000 loss_t -0.0002 | r_ema 0.495 | 12.7s
  [ckpt] step 1000 r_ema 0.495 best 0.593 -> checkpoints/m3_rl/{best,last}.pth
step 1001 | r_mean 0.382 r>0.5 99/256 | ratio_f 1.000 kl_f 5.84e-08 masked_f 0.000 loss_f -0.0000 | ratio_t 1.001 loss_t +0.0004 | r_ema 0.484 | 11.7s
step 1002 | r_mean 0.647 r>0.5 159/256 | ratio_f 1.000 kl_f 3.28e-08 masked_f 0.000 loss_f -0.0000 | ratio_t 0.999 loss_t +0.0008 | r_ema 0.500 | 11.8s
step 1003 | r_mean 0.735 r>0.5 200/256 | ratio_f 1.000 kl_f 4.82e-08 masked_f 0.000 loss_f -0.0000 | ratio_t 1.000 loss_t -0.0002 | r_ema 0.524 | 12.5s
step 1004 | r_mean 0.493 r>0.5 123/256 | ratio_f 1.000 kl_f 7.55e-08 masked_f 0.000 loss_f +0.0000 | ratio_t 0.999 loss_t -0.0001 | r_ema 0.521 | 11.6s
step 1005 | r_mean 0.350 r>0.5 84/256 | ratio_f 1.000 kl_f 1.05e-07 masked_f 0.000 loss_f -0.0000 | ratio_t 1.000 loss_t +0.0001 | r_ema 0.504 | 12.2s
step 1006 | r_mean 0.424 r>0.5 94/256 | ratio_f 1.000 kl_f 3.64e-08 masked_f 0.000 loss_f +0.0000 | ratio_t 1.000 loss_t -0.0014 | r_ema 0.496 | 12.4s
step 1007 | r_mean 0.433 r>0.5 101/256 | ratio_f 1.000 kl_f 4.36e-08 masked_f 0.000 loss_f +0.0000 | ratio_t 1.000 loss_t -0.0000 | r_ema 0.489 | 13.1s
step 1008 | r_mean 0.556 r>0.5 136/256 | ratio_f 1.000 kl_f 3.64e-08 masked_f 0.000 loss_f +0.0000 | ratio_t 1.003 loss_t +0.0000 | r_ema 0.496 | 11.8s
step 1009 | r_mean 0.397 r>0.5 81/256 | ratio_f 1.000 kl_f 3.35e-08 masked_f 0.000 loss_f -0.0000 | ratio_t 1.000 loss_t -0.0001 | r_ema 0.486 | 12.8s
step 1010 | r_mean 0.350 r>0.5 80/256 | ratio_f 1.000 kl_f 4.07e-08 masked_f 0.000 loss_f +0.0000 | ratio_t 1.000 loss_t -0.0003 | r_ema 0.472 | 13.7s
step 1011 | r_mean 0.374 r>0.5 90/256 | ratio_f 1.000 kl_f 4.39e-08 masked_f 0.000 loss_f +0.0000 | ratio_t 1.000 loss_t +0.0002 | r_ema 0.463 | 13.3s
step 1012 | r_mean 0.559 r>0.5 142/256 | ratio_f 1.000 kl_f 1.24e-07 masked_f 0.000 loss_f +0.0000 | ratio_t 0.999 loss_t -0.0004 | r_ema 0.472 | 11.8s
step 1013 | r_mean 0.417 r>0.5 109/256 | ratio_f 1.000 kl_f 3.90e-08 masked_f 0.000 loss_f -0.0000 | ratio_t 1.000 loss_t -0.0001 | r_ema 0.467 | 11.9s
step 1014 | r_mean 0.322 r>0.5 75/256 | ratio_f 1.000 kl_f 4.44e-08 masked_f 0.000 loss_f +0.0000 | ratio_t 1.000 loss_t +0.0000 | r_ema 0.452 | 12.5s
step 1015 | r_mean 0.490 r>0.5 121/256 | ratio_f 1.000 kl_f 3.33e-08 masked_f 0.000 loss_f -0.0000 | ratio_t 1.001 loss_t -0.0004 | r_ema 0.456 | 12.7s
step 1016 | r_mean 0.551 r>0.5 150/256 | ratio_f 1.000 kl_f 4.12e-08 masked_f 0.000 loss_f -0.0000 | ratio_t 1.000 loss_t -0.0005 | r_ema 0.466 | 11.8s
step 1017 | r_mean 0.269 r>0.5 45/256 | ratio_f 1.000 kl_f 3.47e-08 masked_f 0.000 loss_f -0.0000 | ratio_t 1.000 loss_t +0.0014 | r_ema 0.446 | 13.0s
step 1018 | r_mean 0.420 r>0.5 116/256 | ratio_f 1.000 kl_f 3.12e-08 masked_f 0.000 loss_f +0.0000 | ratio_t 1.000 loss_t +0.0003 | r_ema 0.443 | 13.2s
step 1019 | r_mean 0.503 r>0.5 122/256 | ratio_f 1.000 kl_f 1.16e-07 masked_f 0.000 loss_f -0.0000 | ratio_t 1.000 loss_t +0.0002 | r_ema 0.449 | 12.3s
step 1020 | r_mean 0.372 r>0.5 93/256 | ratio_f 1.000 kl_f 9.13e-08 masked_f 0.000 loss_f +0.0000 | ratio_t 1.000 loss_t -0.0003 | r_ema 0.441 | 13.6s
step 1021 | r_mean 0.477 r>0.5 124/256 | ratio_f 1.000 kl_f 3.75e-08 masked_f 0.000 loss_f +0.0000 | ratio_t 1.000 loss_t -0.0000 | r_ema 0.445 | 13.2s
step 1022 | r_mean 0.221 r>0.5 45/256 | ratio_f 1.000 kl_f 9.82e-08 masked_f 0.000 loss_f -0.0000 | ratio_t 0.999 loss_t +0.0005 | r_ema 0.423 | 12.7s
step 1023 | r_mean 0.411 r>0.5 94/256 | ratio_f 1.000 kl_f 4.46e-08 masked_f 0.000 loss_f -0.0000 | ratio_t 0.999 loss_t +0.0007 | r_ema 0.421 | 12.6s
step 1024 | r_mean 0.298 r>0.5 64/256 | ratio_f 1.000 kl_f 3.37e-08 masked_f 0.000 loss_f +0.0000 | ratio_t 1.000 loss_t -0.0001 | r_ema 0.409 | 12.6s
step 1025 | r_mean 0.232 r>0.5 51/256 | ratio_f 1.000 kl_f 3.48e-08 masked_f 0.000 loss_f -0.0000 | ratio_t 1.000 loss_t -0.0004 | r_ema 0.391 | 12.7s
step 1026 | r_mean 0.420 r>0.5 107/256 | ratio_f 1.000 kl_f 1.08e-07 masked_f 0.000 loss_f +0.0000 | ratio_t 1.000 loss_t -0.0009 | r_ema 0.394 | 13.4s
step 1027 | r_mean 0.554 r>0.5 131/256 | ratio_f 1.000 kl_f 4.19e-08 masked_f 0.000 loss_f -0.0000 | ratio_t 1.000 loss_t -0.0006 | r_ema 0.410 | 11.8s
step 1028 | r_mean 0.296 r>0.5 54/256 | ratio_f 1.000 kl_f 2.94e-08 masked_f 0.000 loss_f +0.0000 | ratio_t 1.000 loss_t -0.0002 | r_ema 0.399 | 13.4s
step 1029 | r_mean 0.537 r>0.5 132/256 | ratio_f 1.000 kl_f 3.50e-08 masked_f 0.000 loss_f -0.0000 | ratio_t 0.999 loss_t +0.0009 | r_ema 0.413 | 12.5s
step 1030 | r_mean 0.429 r>0.5 104/256 | ratio_f 1.000 kl_f 1.13e-07 masked_f 0.000 loss_f +0.0000 | ratio_t 0.999 loss_t -0.0000 | r_ema 0.414 | 12.3s
step 1031 | r_mean 0.127 r>0.5 35/256 | ratio_f 1.000 kl_f 4.11e-08 masked_f 0.000 loss_f +0.0000 | ratio_t 1.001 loss_t +0.0002 | r_ema 0.386 | 12.3s
step 1032 | r_mean 0.593 r>0.5 156/256 | ratio_f 1.000 kl_f 1.02e-07 masked_f 0.000 loss_f -0.0000 | ratio_t 1.001 loss_t -0.0007 | r_ema 0.406 | 12.7s
step 1033 | r_mean 0.680 r>0.5 179/256 | ratio_f 1.000 kl_f 3.71e-08 masked_f 0.000 loss_f +0.0000 | ratio_t 1.001 loss_t +0.0004 | r_ema 0.434 | 12.9s
step 1034 | r_mean 0.420 r>0.5 107/256 | ratio_f 1.000 kl_f 1.03e-07 masked_f 0.000 loss_f -0.0000 | ratio_t 1.000 loss_t -0.0000 | r_ema 0.432 | 12.9s
step 1035 | r_mean 0.424 r>0.5 102/256 | ratio_f 1.000 kl_f 1.08e-07 masked_f 0.000 loss_f -0.0000 | ratio_t 1.000 loss_t +0.0005 | r_ema 0.431 | 12.6s
step 1036 | r_mean 0.350 r>0.5 90/256 | ratio_f 1.000 kl_f 3.23e-08 masked_f 0.000 loss_f -0.0000 | ratio_t 1.000 loss_t +0.0014 | r_ema 0.423 | 13.6s
step 1037 | r_mean 0.591 r>0.5 165/256 | ratio_f 1.000 kl_f 3.77e-08 masked_f 0.000 loss_f +0.0000 | ratio_t 1.000 loss_t +0.0004 | r_ema 0.440 | 12.8s
step 1038 | r_mean 0.347 r>0.5 84/256 | ratio_f 1.000 kl_f 3.39e-08 masked_f 0.000 loss_f +0.0000 | ratio_t 0.999 loss_t +0.0013 | r_ema 0.431 | 13.1s
step 1039 | r_mean 0.529 r>0.5 115/256 | ratio_f 1.000 kl_f 3.58e-08 masked_f 0.000 loss_f -0.0000 | ratio_t 1.000 loss_t -0.0000 | r_ema 0.441 | 13.9s
step 1040 | r_mean 0.393 r>0.5 84/256 | ratio_f 1.000 kl_f 3.90e-08 masked_f 0.000 loss_f -0.0000 | ratio_t 1.001 loss_t +0.0002 | r_ema 0.436 | 12.6s
step 1041 | r_mean 0.370 r>0.5 90/256 | ratio_f 1.000 kl_f 4.73e-08 masked_f 0.000 loss_f -0.0000 | ratio_t 0.999 loss_t +0.0003 | r_ema 0.429 | 12.5s
step 1042 | r_mean 0.360 r>0.5 90/256 | ratio_f 1.000 kl_f 2.83e-08 masked_f 0.000 loss_f -0.0000 | ratio_t 0.999 loss_t -0.0002 | r_ema 0.422 | 13.1s
step 1043 | r_mean 0.492 r>0.5 115/256 | ratio_f 1.000 kl_f 3.46e-08 masked_f 0.000 loss_f +0.0000 | ratio_t 0.999 loss_t -0.0004 | r_ema 0.429 | 13.1s
step 1044 | r_mean 0.463 r>0.5 107/256 | ratio_f 1.000 kl_f 3.73e-08 masked_f 0.000 loss_f -0.0000 | ratio_t 0.999 loss_t +0.0010 | r_ema 0.433 | 12.7s
step 1045 | r_mean 0.318 r>0.5 66/256 | ratio_f 1.000 kl_f 3.26e-08 masked_f 0.000 loss_f -0.0000 | ratio_t 1.000 loss_t -0.0010 | r_ema 0.421 | 13.9s
step 1046 | r_mean 0.444 r>0.5 115/256 | ratio_f 1.000 kl_f 3.15e-08 masked_f 0.000 loss_f -0.0000 | ratio_t 1.000 loss_t +0.0005 | r_ema 0.423 | 13.8s
step 1047 | r_mean 0.422 r>0.5 120/256 | ratio_f 1.000 kl_f 2.61e-08 masked_f 0.000 loss_f +0.0000 | ratio_t 1.002 loss_t -0.0000 | r_ema 0.423 | 12.8s
step 1048 | r_mean 0.408 r>0.5 95/256 | ratio_f 1.000 kl_f 3.17e-08 masked_f 0.000 loss_f +0.0000 | ratio_t 1.000 loss_t -0.0002 | r_ema 0.422 | 13.7s
step 1049 | r_mean 0.530 r>0.5 130/256 | ratio_f 1.000 kl_f 3.33e-08 masked_f 0.000 loss_f +0.0000 | ratio_t 0.999 loss_t +0.0004 | r_ema 0.433 | 13.4s
step 1050 | r_mean 0.509 r>0.5 123/256 | ratio_f 1.000 kl_f 3.09e-08 masked_f 0.000 loss_f -0.0000 | ratio_t 1.000 loss_t -0.0003 | r_ema 0.440 | 12.9s
  [ckpt] step 1050 r_ema 0.440 best 0.593 -> checkpoints/m3_rl/{best,last}.pth
step 1051 | r_mean 0.503 r>0.5 123/256 | ratio_f 1.000 kl_f 1.10e-07 masked_f 0.000 loss_f +0.0000 | ratio_t 1.000 loss_t +0.0000 | r_ema 0.446 | 13.1s
step 1052 | r_mean 0.527 r>0.5 148/256 | ratio_f 1.000 kl_f 7.69e-08 masked_f 0.000 loss_f +0.0000 | ratio_t 0.999 loss_t +0.0041 | r_ema 0.455 | 15.7s
step 1053 | r_mean 0.377 r>0.5 95/256 | ratio_f 1.000 kl_f 3.45e-08 masked_f 0.000 loss_f -0.0000 | ratio_t 1.000 loss_t -0.0005 | r_ema 0.447 | 19.8s
step 1054 | r_mean 0.341 r>0.5 101/256 | ratio_f 1.000 kl_f 3.04e-08 masked_f 0.000 loss_f -0.0000 | ratio_t 1.001 loss_t +0.0001 | r_ema 0.436 | 13.6s
step 1055 | r_mean 0.362 r>0.5 81/256 | ratio_f 1.000 kl_f 4.15e-08 masked_f 0.000 loss_f +0.0000 | ratio_t 1.000 loss_t +0.0012 | r_ema 0.429 | 13.7s
step 1056 | r_mean 0.378 r>0.5 92/256 | ratio_f 1.000 kl_f 3.40e-08 masked_f 0.000 loss_f +0.0000 | ratio_t 0.999 loss_t +0.0010 | r_ema 0.424 | 12.3s
step 1057 | r_mean 0.566 r>0.5 129/256 | ratio_f 1.000 kl_f 5.36e-08 masked_f 0.000 loss_f +0.0000 | ratio_t 1.000 loss_t +0.0005 | r_ema 0.438 | 11.8s
step 1058 | r_mean 0.509 r>0.5 136/256 | ratio_f 1.000 kl_f 3.87e-08 masked_f 0.000 loss_f -0.0000 | ratio_t 0.999 loss_t +0.0001 | r_ema 0.445 | 13.1s
step 1059 | r_mean 0.514 r>0.5 126/256 | ratio_f 1.000 kl_f 1.21e-07 masked_f 0.000 loss_f -0.0000 | ratio_t 1.001 loss_t +0.0006 | r_ema 0.452 | 14.5s
step 1060 | r_mean 0.460 r>0.5 115/256 | ratio_f 1.000 kl_f 3.72e-08 masked_f 0.000 loss_f -0.0000 | ratio_t 1.000 loss_t -0.0001 | r_ema 0.453 | 13.7s
/home/xyh/Symbolic_Regression/E2E/E2E/symbolicregression/envs/generators.py:137: RuntimeWarning: invalid value encountered in multiply
  return m1 * m2
step 1061 | r_mean 0.427 r>0.5 104/256 | ratio_f 1.000 kl_f 1.75e-07 masked_f 0.000 loss_f -0.0000 | ratio_t 0.999 loss_t +0.0001 | r_ema 0.450 | 14.4s
step 1062 | r_mean 0.518 r>0.5 133/256 | ratio_f 1.000 kl_f 4.29e-08 masked_f 0.000 loss_f +0.0000 | ratio_t 1.000 loss_t -0.0005 | r_ema 0.457 | 13.3s
step 1063 | r_mean 0.594 r>0.5 158/256 | ratio_f 1.000 kl_f 3.60e-08 masked_f 0.000 loss_f -0.0000 | ratio_t 1.002 loss_t -0.0001 | r_ema 0.471 | 13.7s
step 1064 | r_mean 0.477 r>0.5 125/256 | ratio_f 1.000 kl_f 3.63e-08 masked_f 0.000 loss_f +0.0000 | ratio_t 1.001 loss_t +0.0035 | r_ema 0.471 | 12.7s
step 1065 | r_mean 0.488 r>0.5 121/256 | ratio_f 1.000 kl_f 3.32e-08 masked_f 0.000 loss_f -0.0000 | ratio_t 1.000 loss_t +0.0008 | r_ema 0.473 | 14.6s
step 1066 | r_mean 0.506 r>0.5 128/256 | ratio_f 1.000 kl_f 3.40e-08 masked_f 0.000 loss_f -0.0000 | ratio_t 1.000 loss_t -0.0013 | r_ema 0.476 | 14.2s
step 1067 | r_mean 0.535 r>0.5 116/256 | ratio_f 1.000 kl_f 3.62e-08 masked_f 0.000 loss_f +0.0000 | ratio_t 0.999 loss_t +0.0019 | r_ema 0.482 | 14.0s
step 1068 | r_mean 0.624 r>0.5 168/256 | ratio_f 1.000 kl_f 3.31e-08 masked_f 0.000 loss_f +0.0000 | ratio_t 0.999 loss_t +0.0009 | r_ema 0.496 | 13.6s
step 1069 | r_mean 0.687 r>0.5 189/256 | ratio_f 1.000 kl_f 3.97e-08 masked_f 0.000 loss_f +0.0000 | ratio_t 0.999 loss_t +0.0010 | r_ema 0.515 | 14.0s
step 1070 | r_mean 0.412 r>0.5 86/256 | ratio_f 1.000 kl_f 3.04e-08 masked_f 0.000 loss_f -0.0000 | ratio_t 0.999 loss_t -0.0012 | r_ema 0.505 | 13.7s
step 1071 | r_mean 0.624 r>0.5 165/256 | ratio_f 1.000 kl_f 3.77e-08 masked_f 0.000 loss_f +0.0000 | ratio_t 0.996 loss_t -0.0000 | r_ema 0.517 | 12.7s
step 1072 | r_mean 0.523 r>0.5 135/256 | ratio_f 1.000 kl_f 9.05e-08 masked_f 0.000 loss_f +0.0000 | ratio_t 0.999 loss_t +0.0014 | r_ema 0.518 | 13.4s
step 1073 | r_mean 0.499 r>0.5 134/256 | ratio_f 1.000 kl_f 3.53e-08 masked_f 0.000 loss_f +0.0000 | ratio_t 1.002 loss_t -0.0002 | r_ema 0.516 | 12.7s
step 1074 | r_mean 0.500 r>0.5 130/256 | ratio_f 1.000 kl_f 1.76e-07 masked_f 0.000 loss_f +0.0000 | ratio_t 0.999 loss_t +0.0009 | r_ema 0.514 | 14.0s
step 1075 | r_mean 0.555 r>0.5 144/256 | ratio_f 1.000 kl_f 2.96e-08 masked_f 0.000 loss_f -0.0000 | ratio_t 1.000 loss_t +0.0007 | r_ema 0.518 | 13.7s
step 1076 | r_mean 0.456 r>0.5 117/256 | ratio_f 1.000 kl_f 3.75e-08 masked_f 0.000 loss_f +0.0000 | ratio_t 1.001 loss_t -0.0012 | r_ema 0.512 | 14.0s
step 1077 | r_mean 0.627 r>0.5 184/256 | ratio_f 1.000 kl_f 3.40e-08 masked_f 0.000 loss_f +0.0000 | ratio_t 1.000 loss_t -0.0005 | r_ema 0.524 | 14.7s
step 1078 | r_mean 0.549 r>0.5 136/256 | ratio_f 1.000 kl_f 3.60e-08 masked_f 0.000 loss_f +0.0000 | ratio_t 1.001 loss_t +0.0003 | r_ema 0.526 | 14.1s
step 1079 | r_mean 0.596 r>0.5 163/256 | ratio_f 1.000 kl_f 3.71e-08 masked_f 0.000 loss_f -0.0000 | ratio_t 1.002 loss_t -0.0006 | r_ema 0.533 | 14.8s
step 1080 | r_mean 0.260 r>0.5 53/256 | ratio_f 1.000 kl_f 3.63e-08 masked_f 0.000 loss_f +0.0000 | ratio_t 1.000 loss_t -0.0008 | r_ema 0.506 | 13.8s
step 1081 | r_mean 0.522 r>0.5 129/256 | ratio_f 1.000 kl_f 1.08e-07 masked_f 0.000 loss_f +0.0000 | ratio_t 1.000 loss_t -0.0001 | r_ema 0.507 | 14.1s
step 1082 | r_mean 0.571 r>0.5 139/256 | ratio_f 1.000 kl_f 3.45e-08 masked_f 0.000 loss_f +0.0000 | ratio_t 1.001 loss_t +0.0003 | r_ema 0.514 | 14.1s
step 1083 | r_mean 0.574 r>0.5 145/256 | ratio_f 1.000 kl_f 5.99e-08 masked_f 0.000 loss_f +0.0000 | ratio_t 1.001 loss_t +0.0002 | r_ema 0.520 | 13.7s
step 1084 | r_mean 0.290 r>0.5 69/256 | ratio_f 1.000 kl_f 3.26e-08 masked_f 0.000 loss_f +0.0000 | ratio_t 1.000 loss_t -0.0002 | r_ema 0.497 | 14.7s
step 1085 | r_mean 0.421 r>0.5 106/256 | ratio_f 1.000 kl_f 9.47e-08 masked_f 0.000 loss_f +0.0000 | ratio_t 1.001 loss_t -0.0003 | r_ema 0.489 | 15.1s
step 1086 | r_mean 0.512 r>0.5 148/256 | ratio_f 1.000 kl_f 1.00e-07 masked_f 0.000 loss_f -0.0000 | ratio_t 1.000 loss_t +0.0003 | r_ema 0.492 | 13.5s
step 1087 | r_mean 0.579 r>0.5 137/256 | ratio_f 1.000 kl_f 3.74e-08 masked_f 0.000 loss_f +0.0000 | ratio_t 1.001 loss_t -0.0003 | r_ema 0.500 | 12.4s
step 1088 | r_mean 0.530 r>0.5 138/256 | ratio_f 1.000 kl_f 3.49e-08 masked_f 0.000 loss_f +0.0000 | ratio_t 1.000 loss_t +0.0006 | r_ema 0.503 | 13.2s
step 1089 | r_mean 0.445 r>0.5 125/256 | ratio_f 1.000 kl_f 3.56e-08 masked_f 0.000 loss_f +0.0000 | ratio_t 1.000 loss_t +0.0011 | r_ema 0.497 | 13.7s
step 1090 | r_mean 0.619 r>0.5 159/256 | ratio_f 1.000 kl_f 9.82e-08 masked_f 0.000 loss_f +0.0000 | ratio_t 1.000 loss_t +0.0010 | r_ema 0.510 | 14.9s
step 1091 | r_mean 0.691 r>0.5 187/256 | ratio_f 1.000 kl_f 1.06e-07 masked_f 0.000 loss_f +0.0000 | ratio_t 1.000 loss_t +0.0006 | r_ema 0.528 | 12.8s
step 1092 | r_mean 0.600 r>0.5 159/256 | ratio_f 1.000 kl_f 1.37e-07 masked_f 0.000 loss_f +0.0000 | ratio_t 1.002 loss_t -0.0006 | r_ema 0.535 | 13.3s
step 1093 | r_mean 0.444 r>0.5 116/256 | ratio_f 1.000 kl_f 1.12e-07 masked_f 0.000 loss_f +0.0000 | ratio_t 0.998 loss_t +0.0001 | r_ema 0.526 | 13.9s
step 1094 | r_mean 0.631 r>0.5 154/256 | ratio_f 1.000 kl_f 3.92e-08 masked_f 0.000 loss_f -0.0000 | ratio_t 1.000 loss_t -0.0000 | r_ema 0.536 | 14.5s
step 1095 | r_mean 0.420 r>0.5 103/256 | ratio_f 1.000 kl_f 4.59e-08 masked_f 0.000 loss_f +0.0000 | ratio_t 1.000 loss_t -0.0006 | r_ema 0.525 | 14.0s
step 1096 | r_mean 0.797 r>0.5 219/256 | ratio_f 1.000 kl_f 1.13e-07 masked_f 0.000 loss_f +0.0000 | ratio_t 1.000 loss_t +0.0003 | r_ema 0.552 | 14.1s
step 1097 | r_mean 0.522 r>0.5 134/256 | ratio_f 1.000 kl_f 3.49e-08 masked_f 0.000 loss_f +0.0000 | ratio_t 1.001 loss_t -0.0004 | r_ema 0.549 | 14.1s
step 1098 | r_mean 0.472 r>0.5 110/256 | ratio_f 1.000 kl_f 1.01e-07 masked_f 0.000 loss_f +0.0000 | ratio_t 0.999 loss_t +0.0002 | r_ema 0.541 | 14.2s
step 1099 | r_mean 0.429 r>0.5 115/256 | ratio_f 1.000 kl_f 3.09e-08 masked_f 0.000 loss_f +0.0000 | ratio_t 0.999 loss_t -0.0021 | r_ema 0.530 | 22.3s
step 1100 | r_mean 0.459 r>0.5 101/256 | ratio_f 1.000 kl_f 3.96e-08 masked_f 0.000 loss_f +0.0000 | ratio_t 1.000 loss_t -0.0010 | r_ema 0.523 | 12.2s
  [ckpt] step 1100 r_ema 0.523 best 0.593 -> checkpoints/m3_rl/{best,last}.pth
step 1101 | r_mean 0.565 r>0.5 154/256 | ratio_f 1.000 kl_f 3.98e-08 masked_f 0.000 loss_f -0.0000 | ratio_t 1.000 loss_t -0.0010 | r_ema 0.527 | 14.9s
step 1102 | r_mean 0.349 r>0.5 66/256 | ratio_f 1.000 kl_f 4.03e-08 masked_f 0.000 loss_f -0.0000 | ratio_t 1.001 loss_t +0.0006 | r_ema 0.509 | 14.7s
step 1103 | r_mean 0.478 r>0.5 129/256 | ratio_f 1.000 kl_f 3.96e-08 masked_f 0.000 loss_f +0.0000 | ratio_t 0.999 loss_t -0.0002 | r_ema 0.506 | 15.6s
step 1104 | r_mean 0.638 r>0.5 145/256 | ratio_f 1.000 kl_f 3.46e-08 masked_f 0.000 loss_f +0.0000 | ratio_t 0.999 loss_t +0.0005 | r_ema 0.519 | 14.1s
step 1105 | r_mean 0.541 r>0.5 144/256 | ratio_f 1.000 kl_f 3.08e-08 masked_f 0.000 loss_f +0.0000 | ratio_t 1.000 loss_t +0.0005 | r_ema 0.522 | 15.3s
step 1106 | r_mean 0.586 r>0.5 152/256 | ratio_f 1.000 kl_f 3.70e-08 masked_f 0.000 loss_f +0.0000 | ratio_t 0.999 loss_t -0.0007 | r_ema 0.528 | 15.0s
step 1107 | r_mean 0.348 r>0.5 82/256 | ratio_f 1.000 kl_f 3.17e-08 masked_f 0.000 loss_f -0.0000 | ratio_t 1.001 loss_t +0.0011 | r_ema 0.510 | 14.6s
step 1108 | r_mean 0.466 r>0.5 115/256 | ratio_f 1.000 kl_f 4.09e-08 masked_f 0.000 loss_f +0.0000 | ratio_t 1.000 loss_t -0.0001 | r_ema 0.506 | 21.6s
step 1109 | r_mean 0.571 r>0.5 162/256 | ratio_f 1.000 kl_f 7.21e-08 masked_f 0.000 loss_f +0.0000 | ratio_t 0.999 loss_t -0.0011 | r_ema 0.512 | 15.2s
step 1110 | r_mean 0.690 r>0.5 186/256 | ratio_f 1.000 kl_f 6.23e-08 masked_f 0.000 loss_f -0.0000 | ratio_t 0.999 loss_t -0.0002 | r_ema 0.530 | 15.6s
step 1111 | r_mean 0.600 r>0.5 150/256 | ratio_f 1.000 kl_f 3.38e-08 masked_f 0.000 loss_f +0.0000 | ratio_t 0.999 loss_t +0.0001 | r_ema 0.537 | 16.2s
step 1112 | r_mean 0.396 r>0.5 91/256 | ratio_f 1.000 kl_f 3.22e-08 masked_f 0.000 loss_f -0.0000 | ratio_t 1.000 loss_t -0.0015 | r_ema 0.523 | 14.6s
step 1113 | r_mean 0.650 r>0.5 172/256 | ratio_f 1.000 kl_f 4.50e-08 masked_f 0.000 loss_f -0.0000 | ratio_t 0.998 loss_t -0.0000 | r_ema 0.536 | 17.2s
step 1114 | r_mean 0.559 r>0.5 147/256 | ratio_f 1.000 kl_f 4.09e-08 masked_f 0.000 loss_f -0.0000 | ratio_t 1.001 loss_t +0.0006 | r_ema 0.538 | 15.7s
step 1115 | r_mean 0.461 r>0.5 120/256 | ratio_f 1.000 kl_f 3.67e-08 masked_f 0.000 loss_f +0.0000 | ratio_t 1.001 loss_t +0.0003 | r_ema 0.530 | 15.1s
step 1116 | r_mean 0.539 r>0.5 137/256 | ratio_f 1.000 kl_f 3.83e-08 masked_f 0.000 loss_f -0.0000 | ratio_t 1.000 loss_t +0.0001 | r_ema 0.531 | 27.6s
step 1117 | r_mean 0.629 r>0.5 156/256 | ratio_f 1.000 kl_f 3.82e-08 masked_f 0.000 loss_f +0.0000 | ratio_t 1.001 loss_t -0.0002 | r_ema 0.541 | 16.4s
step 1118 | r_mean 0.568 r>0.5 136/256 | ratio_f 1.000 kl_f 3.52e-08 masked_f 0.000 loss_f -0.0000 | ratio_t 1.000 loss_t +0.0008 | r_ema 0.544 | 15.7s
step 1119 | r_mean 0.466 r>0.5 126/256 | ratio_f 1.000 kl_f 3.39e-08 masked_f 0.000 loss_f -0.0000 | ratio_t 1.000 loss_t +0.0004 | r_ema 0.536 | 19.9s
step 1120 | r_mean 0.698 r>0.5 181/256 | ratio_f 1.000 kl_f 3.98e-08 masked_f 0.000 loss_f +0.0000 | ratio_t 1.000 loss_t -0.0002 | r_ema 0.552 | 15.0s
step 1121 | r_mean 0.775 r>0.5 213/256 | ratio_f 1.000 kl_f 3.63e-08 masked_f 0.000 loss_f +0.0000 | ratio_t 1.003 loss_t +0.0034 | r_ema 0.574 | 33.0s
step 1122 | r_mean 0.495 r>0.5 122/256 | ratio_f 1.000 kl_f 4.22e-08 masked_f 0.000 loss_f -0.0000 | ratio_t 1.000 loss_t +0.0001 | r_ema 0.567 | 44.8s
step 1123 | r_mean 0.783 r>0.5 212/256 | ratio_f 1.000 kl_f 2.97e-08 masked_f 0.000 loss_f +0.0000 | ratio_t 0.999 loss_t +0.0007 | r_ema 0.588 | 17.5s
step 1124 | r_mean 0.491 r>0.5 132/256 | ratio_f 1.000 kl_f 4.48e-08 masked_f 0.000 loss_f -0.0000 | ratio_t 1.000 loss_t -0.0001 | r_ema 0.578 | 27.9s
step 1125 | r_mean 0.609 r>0.5 152/256 | ratio_f 1.000 kl_f 4.15e-08 masked_f 0.000 loss_f +0.0000 | ratio_t 0.999 loss_t +0.0005 | r_ema 0.581 | 16.3s
step 1126 | r_mean 0.780 r>0.5 205/256 | ratio_f 1.000 kl_f 6.94e-08 masked_f 0.000 loss_f -0.0000 | ratio_t 1.000 loss_t -0.0003 | r_ema 0.601 | 17.2s
step 1127 | r_mean 0.661 r>0.5 189/256 | ratio_f 1.000 kl_f 4.26e-08 masked_f 0.000 loss_f +0.0000 | ratio_t 1.002 loss_t -0.0018 | r_ema 0.607 | 18.2s
step 1128 | r_mean 0.722 r>0.5 180/256 | ratio_f 1.000 kl_f 4.42e-08 masked_f 0.000 loss_f -0.0000 | ratio_t 1.001 loss_t -0.0004 | r_ema 0.619 | 16.1s
/home/xyh/Symbolic_Regression/E2E/E2E/symbolicregression/envs/generators.py:137: RuntimeWarning: overflow encountered in multiply
  return m1 * m2
step 1129 | r_mean 0.570 r>0.5 148/256 | ratio_f 1.000 kl_f 1.11e-07 masked_f 0.000 loss_f +0.0000 | ratio_t 1.000 loss_t -0.0003 | r_ema 0.614 | 30.9s
step 1130 | r_mean 0.736 r>0.5 194/256 | ratio_f 1.000 kl_f 3.08e-08 masked_f 0.000 loss_f -0.0000 | ratio_t 1.001 loss_t +0.0006 | r_ema 0.626 | 19.3s
step 1131 | r_mean 0.622 r>0.5 155/256 | ratio_f 1.000 kl_f 1.00e-07 masked_f 0.000 loss_f -0.0000 | ratio_t 0.999 loss_t -0.0001 | r_ema 0.626 | 18.4s
step 1132 | r_mean 0.455 r>0.5 125/256 | ratio_f 1.000 kl_f 4.00e-08 masked_f 0.000 loss_f -0.0000 | ratio_t 1.000 loss_t +0.0006 | r_ema 0.609 | 18.8s
step 1133 | r_mean 0.383 r>0.5 93/256 | ratio_f 1.000 kl_f 3.23e-08 masked_f 0.000 loss_f -0.0000 | ratio_t 1.002 loss_t -0.0035 | r_ema 0.586 | 19.6s
step 1134 | r_mean 0.514 r>0.5 129/256 | ratio_f 1.000 kl_f 3.73e-08 masked_f 0.000 loss_f +0.0000 | ratio_t 0.999 loss_t -0.0004 | r_ema 0.579 | 20.0s
step 1135 | r_mean 0.506 r>0.5 127/256 | ratio_f 1.000 kl_f 3.74e-08 masked_f 0.000 loss_f +0.0000 | ratio_t 1.000 loss_t +0.0007 | r_ema 0.572 | 20.4s
step 1136 | r_mean 0.687 r>0.5 184/256 | ratio_f 1.000 kl_f 3.47e-08 masked_f 0.000 loss_f -0.0000 | ratio_t 1.002 loss_t +0.0004 | r_ema 0.583 | 21.0s
step 1137 | r_mean 0.775 r>0.5 213/256 | ratio_f 1.000 kl_f 3.50e-08 masked_f 0.000 loss_f -0.0000 | ratio_t 1.000 loss_t +0.0021 | r_ema 0.602 | 38.2s
step 1138 | r_mean 0.532 r>0.5 132/256 | ratio_f 1.000 kl_f 3.30e-08 masked_f 0.000 loss_f +0.0000 | ratio_t 0.999 loss_t +0.0001 | r_ema 0.595 | 21.9s
step 1139 | r_mean 0.761 r>0.5 202/256 | ratio_f 1.000 kl_f 4.26e-08 masked_f 0.000 loss_f -0.0000 | ratio_t 1.002 loss_t +0.0004 | r_ema 0.612 | 17.7s
step 1140 | r_mean 0.429 r>0.5 81/256 | ratio_f 1.000 kl_f 7.54e-08 masked_f 0.000 loss_f -0.0000 | ratio_t 1.001 loss_t -0.0002 | r_ema 0.594 | 21.7s
step 1141 | r_mean 0.499 r>0.5 119/256 | ratio_f 1.000 kl_f 1.19e-07 masked_f 0.000 loss_f +0.0000 | ratio_t 1.001 loss_t +0.0003 | r_ema 0.584 | 23.4s
step 1142 | r_mean 0.744 r>0.5 194/256 | ratio_f 1.000 kl_f 7.63e-08 masked_f 0.000 loss_f +0.0000 | ratio_t 1.000 loss_t +0.0003 | r_ema 0.600 | 21.0s
step 1143 | r_mean 0.743 r>0.5 211/256 | ratio_f 1.000 kl_f 3.11e-08 masked_f 0.000 loss_f +0.0000 | ratio_t 1.001 loss_t -0.0010 | r_ema 0.614 | 22.9s
step 1144 | r_mean 0.393 r>0.5 92/256 | ratio_f 1.000 kl_f 3.21e-08 masked_f 0.000 loss_f -0.0000 | ratio_t 1.001 loss_t -0.0001 | r_ema 0.592 | 22.1s
step 1145 | r_mean 0.728 r>0.5 199/256 | ratio_f 1.000 kl_f 9.19e-08 masked_f 0.000 loss_f -0.0000 | ratio_t 1.000 loss_t -0.0001 | r_ema 0.606 | 20.8s
step 1146 | r_mean 0.672 r>0.5 182/256 | ratio_f 1.000 kl_f 3.48e-08 masked_f 0.000 loss_f +0.0000 | ratio_t 0.999 loss_t +0.0012 | r_ema 0.612 | 21.6s
step 1147 | r_mean 0.549 r>0.5 148/256 | ratio_f 1.000 kl_f 2.95e-08 masked_f 0.000 loss_f +0.0000 | ratio_t 1.000 loss_t +0.0009 | r_ema 0.606 | 20.3s
step 1148 | r_mean 0.632 r>0.5 169/256 | ratio_f 1.000 kl_f 3.98e-08 masked_f 0.000 loss_f -0.0000 | ratio_t 1.000 loss_t -0.0002 | r_ema 0.609 | 21.4s
/home/xyh/Symbolic_Regression/E2E/E2E/symbolicregression/envs/generators.py:137: RuntimeWarning: invalid value encountered in multiply
  return m1 * m2
step 1149 | r_mean 0.688 r>0.5 179/256 | ratio_f 1.000 kl_f 3.35e-08 masked_f 0.000 loss_f -0.0000 | ratio_t 1.000 loss_t +0.0013 | r_ema 0.617 | 19.7s
/home/xyh/Symbolic_Regression/E2E/E2E/symbolicregression/envs/generators.py:137: RuntimeWarning: invalid value encountered in multiply
  return m1 * m2
/home/xyh/Symbolic_Regression/E2E/E2E/symbolicregression/envs/generators.py:137: RuntimeWarning: invalid value encountered in multiply
  return m1 * m2
step 1150 | r_mean 0.532 r>0.5 126/256 | ratio_f 1.000 kl_f 3.68e-08 masked_f 0.000 loss_f -0.0000 | ratio_t 0.999 loss_t +0.0007 | r_ema 0.608 | 22.0s
  [ckpt] step 1150 r_ema 0.608 best 0.608 -> checkpoints/m3_rl/{best,last}.pth
step 1151 | r_mean 0.545 r>0.5 141/256 | ratio_f 1.000 kl_f 4.19e-08 masked_f 0.000 loss_f -0.0000 | ratio_t 0.998 loss_t -0.0010 | r_ema 0.602 | 32.2s
step 1152 | r_mean 0.454 r>0.5 105/256 | ratio_f 1.000 kl_f 7.81e-08 masked_f 0.000 loss_f -0.0000 | ratio_t 1.002 loss_t +0.0008 | r_ema 0.587 | 23.8s
step 1153 | r_mean 0.441 r>0.5 111/256 | ratio_f 1.000 kl_f 3.27e-08 masked_f 0.000 loss_f -0.0000 | ratio_t 1.000 loss_t -0.0000 | r_ema 0.572 | 21.2s
step 1154 | r_mean 0.613 r>0.5 151/256 | ratio_f 1.000 kl_f 4.07e-08 masked_f 0.000 loss_f +0.0000 | ratio_t 1.004 loss_t +0.0016 | r_ema 0.577 | 38.4s
step 1155 | r_mean 0.686 r>0.5 189/256 | ratio_f 1.000 kl_f 9.51e-08 masked_f 0.000 loss_f -0.0000 | ratio_t 1.001 loss_t +0.0003 | r_ema 0.587 | 16.2s
step 1156 | r_mean 0.662 r>0.5 188/256 | ratio_f 1.000 kl_f 3.47e-08 masked_f 0.000 loss_f +0.0000 | ratio_t 1.000 loss_t +0.0001 | r_ema 0.595 | 22.9s
step 1157 | r_mean 0.699 r>0.5 203/256 | ratio_f 1.000 kl_f 4.25e-08 masked_f 0.000 loss_f +0.0000 | ratio_t 1.000 loss_t -0.0002 | r_ema 0.605 | 18.8s
step 1158 | r_mean 0.505 r>0.5 136/256 | ratio_f 1.000 kl_f 8.03e-08 masked_f 0.000 loss_f +0.0000 | ratio_t 1.000 loss_t -0.0006 | r_ema 0.595 | 21.4s
step 1159 | r_mean 0.659 r>0.5 175/256 | ratio_f 1.000 kl_f 3.43e-08 masked_f 0.000 loss_f -0.0000 | ratio_t 1.001 loss_t -0.0004 | r_ema 0.602 | 20.2s
step 1160 | r_mean 0.709 r>0.5 195/256 | ratio_f 1.000 kl_f 3.25e-08 masked_f 0.000 loss_f +0.0000 | ratio_t 1.001 loss_t +0.0010 | r_ema 0.612 | 18.7s
step 1161 | r_mean 0.517 r>0.5 136/256 | ratio_f 1.000 kl_f 8.09e-08 masked_f 0.000 loss_f -0.0000 | ratio_t 1.000 loss_t +0.0013 | r_ema 0.603 | 44.2s
step 1162 | r_mean 0.611 r>0.5 164/256 | ratio_f 1.000 kl_f 3.21e-08 masked_f 0.000 loss_f -0.0000 | ratio_t 1.000 loss_t +0.0007 | r_ema 0.604 | 47.4s
step 1163 | r_mean 0.730 r>0.5 198/256 | ratio_f 1.000 kl_f 3.66e-08 masked_f 0.000 loss_f +0.0000 | ratio_t 0.999 loss_t +0.0009 | r_ema 0.616 | 20.6s
step 1164 | r_mean 0.587 r>0.5 177/256 | ratio_f 1.000 kl_f 3.48e-08 masked_f 0.000 loss_f +0.0000 | ratio_t 0.999 loss_t +0.0012 | r_ema 0.613 | 21.7s
step 1165 | r_mean 0.765 r>0.5 206/256 | ratio_f 1.000 kl_f 9.13e-08 masked_f 0.000 loss_f +0.0000 | ratio_t 0.999 loss_t -0.0008 | r_ema 0.629 | 21.7s
step 1166 | r_mean 0.709 r>0.5 193/256 | ratio_f 1.000 kl_f 1.06e-07 masked_f 0.000 loss_f +0.0000 | ratio_t 1.000 loss_t +0.0000 | r_ema 0.637 | 21.0s
/home/xyh/Symbolic_Regression/E2E/E2E/symbolicregression/envs/generators.py:216: RuntimeWarning: overflow encountered in power
  return numerator ** 3
step 1167 | r_mean 0.653 r>0.5 176/256 | ratio_f 1.000 kl_f 3.42e-08 masked_f 0.000 loss_f -0.0000 | ratio_t 0.999 loss_t -0.0002 | r_ema 0.638 | 61.8s
/home/xyh/Symbolic_Regression/E2E/E2E/symbolicregression/envs/generators.py:137: RuntimeWarning: invalid value encountered in multiply
  return m1 * m2
step 1168 | r_mean 0.408 r>0.5 89/256 | ratio_f 1.000 kl_f 3.62e-08 masked_f 0.000 loss_f -0.0000 | ratio_t 1.000 loss_t -0.0013 | r_ema 0.615 | 23.6s
step 1169 | r_mean 0.411 r>0.5 87/256 | ratio_f 1.000 kl_f 3.68e-08 masked_f 0.000 loss_f +0.0000 | ratio_t 1.001 loss_t -0.0006 | r_ema 0.595 | 48.4s
step 1170 | r_mean 0.674 r>0.5 192/256 | ratio_f 1.000 kl_f 1.08e-07 masked_f 0.000 loss_f +0.0000 | ratio_t 1.001 loss_t -0.0016 | r_ema 0.603 | 22.2s
step 1171 | r_mean 0.598 r>0.5 166/256 | ratio_f 1.000 kl_f 3.89e-08 masked_f 0.000 loss_f -0.0000 | ratio_t 1.000 loss_t +0.0000 | r_ema 0.602 | 23.8s
step 1172 | r_mean 0.573 r>0.5 151/256 | ratio_f 1.000 kl_f 4.57e-08 masked_f 0.000 loss_f +0.0000 | ratio_t 1.001 loss_t +0.0000 | r_ema 0.599 | 23.9s
step 1173 | r_mean 0.567 r>0.5 154/256 | ratio_f 1.000 kl_f 3.38e-08 masked_f 0.000 loss_f -0.0000 | ratio_t 0.999 loss_t +0.0005 | r_ema 0.596 | 22.0s
step 1174 | r_mean 0.679 r>0.5 180/256 | ratio_f 1.000 kl_f 3.59e-08 masked_f 0.000 loss_f -0.0000 | ratio_t 1.000 loss_t -0.0003 | r_ema 0.604 | 20.4s
step 1175 | r_mean 0.480 r>0.5 114/256 | ratio_f 1.000 kl_f 2.94e-08 masked_f 0.000 loss_f -0.0000 | ratio_t 0.998 loss_t -0.0004 | r_ema 0.592 | 21.9s
step 1176 | r_mean 0.696 r>0.5 191/256 | ratio_f 1.000 kl_f 2.97e-08 masked_f 0.000 loss_f +0.0000 | ratio_t 1.001 loss_t +0.0015 | r_ema 0.602 | 23.0s
/home/xyh/Symbolic_Regression/E2E/E2E/symbolicregression/envs/generators.py:137: RuntimeWarning: invalid value encountered in multiply
  return m1 * m2
step 1177 | r_mean 0.542 r>0.5 146/256 | ratio_f 1.000 kl_f 3.70e-08 masked_f 0.000 loss_f -0.0000 | ratio_t 1.000 loss_t +0.0011 | r_ema 0.596 | 19.4s
step 1178 | r_mean 0.739 r>0.5 211/256 | ratio_f 1.000 kl_f 4.84e-08 masked_f 0.000 loss_f -0.0000 | ratio_t 1.000 loss_t +0.0004 | r_ema 0.611 | 26.2s
step 1179 | r_mean 0.733 r>0.5 191/256 | ratio_f 1.000 kl_f 9.74e-08 masked_f 0.000 loss_f +0.0000 | ratio_t 1.000 loss_t +0.0004 | r_ema 0.623 | 19.6s
step 1180 | r_mean 0.694 r>0.5 184/256 | ratio_f 1.000 kl_f 3.64e-08 masked_f 0.000 loss_f +0.0000 | ratio_t 1.000 loss_t -0.0004 | r_ema 0.630 | 24.0s
step 1181 | r_mean 0.658 r>0.5 177/256 | ratio_f 1.000 kl_f 8.89e-08 masked_f 0.000 loss_f -0.0000 | ratio_t 1.001 loss_t -0.0005 | r_ema 0.633 | 24.9s
step 1182 | r_mean 0.660 r>0.5 187/256 | ratio_f 1.000 kl_f 3.98e-08 masked_f 0.000 loss_f +0.0000 | ratio_t 0.997 loss_t -0.0003 | r_ema 0.636 | 50.0s
step 1183 | r_mean 0.653 r>0.5 180/256 | ratio_f 1.000 kl_f 1.33e-07 masked_f 0.000 loss_f -0.0000 | ratio_t 1.000 loss_t -0.0008 | r_ema 0.637 | 21.4s
step 1184 | r_mean 0.579 r>0.5 159/256 | ratio_f 1.000 kl_f 3.74e-08 masked_f 0.000 loss_f -0.0000 | ratio_t 0.999 loss_t +0.0001 | r_ema 0.632 | 22.3s
step 1185 | r_mean 0.575 r>0.5 162/256 | ratio_f 1.000 kl_f 3.78e-08 masked_f 0.000 loss_f +0.0000 | ratio_t 1.000 loss_t -0.0014 | r_ema 0.626 | 24.9s
step 1186 | r_mean 0.553 r>0.5 156/256 | ratio_f 1.000 kl_f 7.39e-08 masked_f 0.000 loss_f +0.0000 | ratio_t 1.000 loss_t -0.0006 | r_ema 0.619 | 25.3s
step 1187 | r_mean 0.622 r>0.5 173/256 | ratio_f 1.000 kl_f 7.66e-08 masked_f 0.000 loss_f -0.0000 | ratio_t 1.000 loss_t -0.0007 | r_ema 0.619 | 24.1s
step 1188 | r_mean 0.680 r>0.5 185/256 | ratio_f 1.000 kl_f 1.10e-07 masked_f 0.000 loss_f -0.0000 | ratio_t 1.000 loss_t +0.0003 | r_ema 0.625 | 23.4s
step 1189 | r_mean 0.436 r>0.5 122/256 | ratio_f 1.000 kl_f 3.22e-08 masked_f 0.000 loss_f -0.0000 | ratio_t 1.001 loss_t -0.0024 | r_ema 0.606 | 26.9s
step 1190 | r_mean 0.498 r>0.5 125/256 | ratio_f 1.000 kl_f 3.81e-08 masked_f 0.000 loss_f -0.0000 | ratio_t 0.999 loss_t -0.0006 | r_ema 0.595 | 22.5s
step 1191 | r_mean 0.368 r>0.5 83/256 | ratio_f 1.000 kl_f 3.33e-08 masked_f 0.000 loss_f +0.0000 | ratio_t 0.999 loss_t -0.0001 | r_ema 0.573 | 24.1s
step 1192 | r_mean 0.555 r>0.5 155/256 | ratio_f 1.000 kl_f 3.59e-08 masked_f 0.000 loss_f -0.0000 | ratio_t 1.000 loss_t +0.0020 | r_ema 0.571 | 24.2s
step 1193 | r_mean 0.563 r>0.5 154/256 | ratio_f 1.000 kl_f 1.30e-07 masked_f 0.000 loss_f -0.0000 | ratio_t 1.001 loss_t +0.0003 | r_ema 0.570 | 23.7s
step 1194 | r_mean 0.563 r>0.5 157/256 | ratio_f 1.000 kl_f 3.74e-08 masked_f 0.000 loss_f +0.0000 | ratio_t 1.001 loss_t -0.0012 | r_ema 0.569 | 25.8s
step 1195 | r_mean 0.495 r>0.5 122/256 | ratio_f 1.000 kl_f 3.70e-08 masked_f 0.000 loss_f -0.0000 | ratio_t 1.000 loss_t +0.0009 | r_ema 0.562 | 24.1s
step 1196 | r_mean 0.546 r>0.5 155/256 | ratio_f 1.000 kl_f 2.31e-07 masked_f 0.000 loss_f -0.0000 | ratio_t 1.000 loss_t -0.0004 | r_ema 0.560 | 26.3s
step 1197 | r_mean 0.549 r>0.5 153/256 | ratio_f 1.000 kl_f 3.71e-08 masked_f 0.000 loss_f -0.0000 | ratio_t 0.998 loss_t +0.0018 | r_ema 0.559 | 24.2s
step 1198 | r_mean 0.598 r>0.5 166/256 | ratio_f 1.000 kl_f 6.04e-08 masked_f 0.000 loss_f -0.0000 | ratio_t 0.998 loss_t -0.0000 | r_ema 0.563 | 28.4s
step 1199 | r_mean 0.851 r>0.5 233/256 | ratio_f 1.000 kl_f 3.57e-08 masked_f 0.000 loss_f +0.0000 | ratio_t 1.001 loss_t +0.0008 | r_ema 0.592 | 19.6s
step 1200 | r_mean 0.501 r>0.5 123/256 | ratio_f 1.000 kl_f 8.03e-08 masked_f 0.000 loss_f +0.0000 | ratio_t 0.999 loss_t +0.0012 | r_ema 0.583 | 52.4s
  [ckpt] step 1200 r_ema 0.583 best 0.608 -> checkpoints/m3_rl/{best,last}.pth
step 1201 | r_mean 0.507 r>0.5 130/256 | ratio_f 1.000 kl_f 3.83e-08 masked_f 0.000 loss_f -0.0000 | ratio_t 1.001 loss_t -0.0001 | r_ema 0.575 | 23.8s
step 1202 | r_mean 0.649 r>0.5 169/256 | ratio_f 1.000 kl_f 4.02e-08 masked_f 0.000 loss_f -0.0000 | ratio_t 1.001 loss_t -0.0010 | r_ema 0.583 | 25.9s
step 1203 | r_mean 0.678 r>0.5 181/256 | ratio_f 1.000 kl_f 3.28e-08 masked_f 0.000 loss_f +0.0000 | ratio_t 1.001 loss_t +0.0002 | r_ema 0.592 | 21.7s
step 1204 | r_mean 0.497 r>0.5 142/256 | ratio_f 1.000 kl_f 3.41e-08 masked_f 0.000 loss_f -0.0000 | ratio_t 1.000 loss_t -0.0001 | r_ema 0.583 | 21.9s
step 1205 | r_mean 0.509 r>0.5 130/256 | ratio_f 1.000 kl_f 3.15e-08 masked_f 0.000 loss_f -0.0000 | ratio_t 1.000 loss_t -0.0016 | r_ema 0.575 | 25.1s
step 1206 | r_mean 0.458 r>0.5 120/256 | ratio_f 1.000 kl_f 3.32e-08 masked_f 0.000 loss_f +0.0000 | ratio_t 1.000 loss_t +0.0002 | r_ema 0.564 | 24.2s
step 1207 | r_mean 0.578 r>0.5 142/256 | ratio_f 1.000 kl_f 2.70e-08 masked_f 0.000 loss_f -0.0000 | ratio_t 1.000 loss_t -0.0022 | r_ema 0.565 | 43.8s
step 1208 | r_mean 0.695 r>0.5 183/256 | ratio_f 1.000 kl_f 4.21e-08 masked_f 0.000 loss_f -0.0000 | ratio_t 1.001 loss_t -0.0001 | r_ema 0.578 | 19.2s
step 1209 | r_mean 0.672 r>0.5 176/256 | ratio_f 1.000 kl_f 7.68e-08 masked_f 0.000 loss_f -0.0000 | ratio_t 0.998 loss_t +0.0001 | r_ema 0.587 | 19.4s
step 1210 | r_mean 0.780 r>0.5 203/256 | ratio_f 1.000 kl_f 3.14e-08 masked_f 0.000 loss_f -0.0000 | ratio_t 1.001 loss_t -0.0003 | r_ema 0.607 | 19.6s
step 1211 | r_mean 0.498 r>0.5 129/256 | ratio_f 1.000 kl_f 3.12e-08 masked_f 0.000 loss_f +0.0000 | ratio_t 0.999 loss_t -0.0004 | r_ema 0.596 | 21.3s
step 1212 | r_mean 0.557 r>0.5 142/256 | ratio_f 1.000 kl_f 3.23e-08 masked_f 0.000 loss_f +0.0000 | ratio_t 0.998 loss_t -0.0001 | r_ema 0.592 | 18.7s
step 1213 | r_mean 0.755 r>0.5 213/256 | ratio_f 1.000 kl_f 3.61e-08 masked_f 0.000 loss_f +0.0000 | ratio_t 0.999 loss_t -0.0003 | r_ema 0.608 | 22.5s
step 1214 | r_mean 0.586 r>0.5 169/256 | ratio_f 1.000 kl_f 3.48e-08 masked_f 0.000 loss_f -0.0000 | ratio_t 1.000 loss_t +0.0010 | r_ema 0.606 | 20.1s
step 1215 | r_mean 0.775 r>0.5 205/256 | ratio_f 1.000 kl_f 3.47e-08 masked_f 0.000 loss_f +0.0000 | ratio_t 1.001 loss_t +0.0010 | r_ema 0.623 | 20.5s
step 1216 | r_mean 0.564 r>0.5 153/256 | ratio_f 1.000 kl_f 3.43e-08 masked_f 0.000 loss_f +0.0000 | ratio_t 1.000 loss_t +0.0004 | r_ema 0.617 | 23.7s
step 1217 | r_mean 0.552 r>0.5 138/256 | ratio_f 1.000 kl_f 3.68e-08 masked_f 0.000 loss_f -0.0000 | ratio_t 0.995 loss_t +0.0034 | r_ema 0.611 | 20.9s
step 1218 | r_mean 0.776 r>0.5 204/256 | ratio_f 1.000 kl_f 3.74e-08 masked_f 0.000 loss_f +0.0000 | ratio_t 1.001 loss_t -0.0002 | r_ema 0.627 | 19.6s
step 1219 | r_mean 0.357 r>0.5 87/256 | ratio_f 1.000 kl_f 7.66e-08 masked_f 0.000 loss_f -0.0000 | ratio_t 1.001 loss_t -0.0000 | r_ema 0.600 | 21.5s
step 1220 | r_mean 0.439 r>0.5 129/256 | ratio_f 1.000 kl_f 7.82e-08 masked_f 0.000 loss_f -0.0000 | ratio_t 1.001 loss_t -0.0005 | r_ema 0.584 | 46.8s
step 1221 | r_mean 0.706 r>0.5 198/256 | ratio_f 1.000 kl_f 1.30e-07 masked_f 0.000 loss_f +0.0000 | ratio_t 1.000 loss_t -0.0000 | r_ema 0.596 | 18.2s
step 1222 | r_mean 0.572 r>0.5 137/256 | ratio_f 1.000 kl_f 8.06e-08 masked_f 0.000 loss_f -0.0000 | ratio_t 1.000 loss_t +0.0002 | r_ema 0.594 | 19.6s
step 1223 | r_mean 0.468 r>0.5 128/256 | ratio_f 1.000 kl_f 2.66e-08 masked_f 0.000 loss_f +0.0000 | ratio_t 1.000 loss_t +0.0004 | r_ema 0.581 | 19.0s
step 1224 | r_mean 0.650 r>0.5 167/256 | ratio_f 1.000 kl_f 3.56e-08 masked_f 0.000 loss_f +0.0000 | ratio_t 1.001 loss_t +0.0001 | r_ema 0.588 | 16.4s
step 1225 | r_mean 0.605 r>0.5 144/256 | ratio_f 1.000 kl_f 3.81e-08 masked_f 0.000 loss_f +0.0000 | ratio_t 1.000 loss_t +0.0008 | r_ema 0.590 | 17.8s
step 1226 | r_mean 0.560 r>0.5 152/256 | ratio_f 1.000 kl_f 2.99e-08 masked_f 0.000 loss_f +0.0000 | ratio_t 1.002 loss_t +0.0008 | r_ema 0.587 | 20.6s
/home/xyh/Symbolic_Regression/E2E/E2E/symbolicregression/envs/generators.py:137: RuntimeWarning: overflow encountered in multiply
  return m1 * m2
step 1227 | r_mean 0.540 r>0.5 139/256 | ratio_f 1.000 kl_f 3.14e-08 masked_f 0.000 loss_f +0.0000 | ratio_t 1.000 loss_t -0.0001 | r_ema 0.582 | 35.1s
step 1228 | r_mean 0.524 r>0.5 136/256 | ratio_f 1.000 kl_f 1.06e-07 masked_f 0.000 loss_f +0.0000 | ratio_t 1.001 loss_t +0.0011 | r_ema 0.576 | 20.2s
step 1229 | r_mean 0.751 r>0.5 185/256 | ratio_f 1.000 kl_f 3.40e-08 masked_f 0.000 loss_f -0.0000 | ratio_t 0.999 loss_t +0.0002 | r_ema 0.594 | 20.1s
step 1230 | r_mean 0.698 r>0.5 194/256 | ratio_f 1.000 kl_f 3.83e-08 masked_f 0.000 loss_f +0.0000 | ratio_t 1.003 loss_t +0.0006 | r_ema 0.604 | 19.7s
step 1231 | r_mean 0.702 r>0.5 181/256 | ratio_f 1.000 kl_f 3.89e-08 masked_f 0.000 loss_f -0.0000 | ratio_t 0.999 loss_t +0.0006 | r_ema 0.614 | 17.0s
step 1232 | r_mean 0.584 r>0.5 168/256 | ratio_f 1.000 kl_f 4.76e-08 masked_f 0.000 loss_f +0.0000 | ratio_t 1.001 loss_t +0.0002 | r_ema 0.611 | 19.8s
step 1233 | r_mean 0.515 r>0.5 130/256 | ratio_f 1.000 kl_f 3.24e-08 masked_f 0.000 loss_f +0.0000 | ratio_t 0.999 loss_t +0.0002 | r_ema 0.601 | 20.8s
step 1234 | r_mean 0.609 r>0.5 157/256 | ratio_f 1.000 kl_f 1.06e-07 masked_f 0.000 loss_f +0.0000 | ratio_t 1.001 loss_t -0.0001 | r_ema 0.602 | 18.2s
step 1235 | r_mean 0.732 r>0.5 198/256 | ratio_f 1.000 kl_f 3.41e-08 masked_f 0.000 loss_f +0.0000 | ratio_t 0.999 loss_t +0.0007 | r_ema 0.615 | 19.2s
step 1236 | r_mean 0.709 r>0.5 185/256 | ratio_f 1.000 kl_f 3.30e-08 masked_f 0.000 loss_f +0.0000 | ratio_t 0.996 loss_t +0.0015 | r_ema 0.624 | 19.4s
step 1237 | r_mean 0.796 r>0.5 215/256 | ratio_f 1.000 kl_f 3.19e-08 masked_f 0.000 loss_f +0.0000 | ratio_t 1.000 loss_t +0.0001 | r_ema 0.642 | 29.2s
step 1238 | r_mean 0.486 r>0.5 131/256 | ratio_f 1.000 kl_f 3.40e-08 masked_f 0.000 loss_f -0.0000 | ratio_t 1.001 loss_t +0.0002 | r_ema 0.626 | 43.0s
step 1239 | r_mean 0.682 r>0.5 205/256 | ratio_f 1.000 kl_f 3.07e-08 masked_f 0.000 loss_f +0.0000 | ratio_t 0.999 loss_t +0.0010 | r_ema 0.632 | 21.8s
/home/xyh/Symbolic_Regression/E2E/E2E/symbolicregression/envs/generators.py:137: RuntimeWarning: invalid value encountered in multiply
  return m1 * m2
/home/xyh/Symbolic_Regression/E2E/E2E/symbolicregression/envs/generators.py:137: RuntimeWarning: overflow encountered in multiply
  return m1 * m2
step 1240 | r_mean 0.730 r>0.5 193/256 | ratio_f 1.000 kl_f 3.26e-08 masked_f 0.000 loss_f +0.0000 | ratio_t 1.000 loss_t +0.0005 | r_ema 0.641 | 23.3s
step 1241 | r_mean 0.609 r>0.5 156/256 | ratio_f 1.000 kl_f 2.72e-08 masked_f 0.000 loss_f +0.0000 | ratio_t 1.000 loss_t -0.0000 | r_ema 0.638 | 22.2s
step 1242 | r_mean 0.588 r>0.5 158/256 | ratio_f 1.000 kl_f 1.69e-07 masked_f 0.000 loss_f -0.0000 | ratio_t 1.000 loss_t -0.0010 | r_ema 0.633 | 60.5s
step 1243 | r_mean 0.591 r>0.5 152/256 | ratio_f 1.000 kl_f 3.25e-08 masked_f 0.000 loss_f +0.0000 | ratio_t 1.000 loss_t +0.0012 | r_ema 0.629 | 19.8s
step 1244 | r_mean 0.370 r>0.5 93/256 | ratio_f 1.000 kl_f 3.79e-08 masked_f 0.000 loss_f +0.0000 | ratio_t 0.999 loss_t +0.0003 | r_ema 0.603 | 30.9s
step 1245 | r_mean 0.785 r>0.5 214/256 | ratio_f 1.000 kl_f 3.48e-08 masked_f 0.000 loss_f +0.0000 | ratio_t 0.999 loss_t +0.0002 | r_ema 0.621 | 20.5s
step 1246 | r_mean 0.660 r>0.5 165/256 | ratio_f 1.000 kl_f 3.09e-08 masked_f 0.000 loss_f +0.0000 | ratio_t 1.000 loss_t +0.0012 | r_ema 0.625 | 21.2s
step 1247 | r_mean 0.471 r>0.5 111/256 | ratio_f 1.000 kl_f 5.00e-08 masked_f 0.000 loss_f +0.0000 | ratio_t 0.999 loss_t +0.0000 | r_ema 0.610 | 21.7s
step 1248 | r_mean 0.700 r>0.5 198/256 | ratio_f 1.000 kl_f 2.77e-08 masked_f 0.000 loss_f +0.0000 | ratio_t 1.000 loss_t -0.0003 | r_ema 0.619 | 21.3s
step 1249 | r_mean 0.447 r>0.5 98/256 | ratio_f 1.000 kl_f 3.20e-08 masked_f 0.000 loss_f +0.0000 | ratio_t 1.000 loss_t +0.0001 | r_ema 0.602 | 21.7s
step 1250 | r_mean 0.683 r>0.5 171/256 | ratio_f 1.000 kl_f 3.79e-08 masked_f 0.000 loss_f -0.0000 | ratio_t 1.000 loss_t +0.0010 | r_ema 0.610 | 18.6s
  [ckpt] step 1250 r_ema 0.610 best 0.610 -> checkpoints/m3_rl/{best,last}.pth
step 1251 | r_mean 0.642 r>0.5 177/256 | ratio_f 1.000 kl_f 3.80e-08 masked_f 0.000 loss_f +0.0000 | ratio_t 0.999 loss_t +0.0001 | r_ema 0.613 | 35.4s
step 1252 | r_mean 0.695 r>0.5 181/256 | ratio_f 1.000 kl_f 3.22e-08 masked_f 0.000 loss_f +0.0000 | ratio_t 0.999 loss_t +0.0004 | r_ema 0.621 | 21.7s
step 1253 | r_mean 0.574 r>0.5 140/256 | ratio_f 1.000 kl_f 3.56e-08 masked_f 0.000 loss_f -0.0000 | ratio_t 1.000 loss_t +0.0005 | r_ema 0.617 | 19.6s
step 1254 | r_mean 0.760 r>0.5 212/256 | ratio_f 1.000 kl_f 3.91e-08 masked_f 0.000 loss_f -0.0000 | ratio_t 1.000 loss_t +0.0008 | r_ema 0.631 | 22.2s
step 1255 | r_mean 0.648 r>0.5 180/256 | ratio_f 1.000 kl_f 4.10e-08 masked_f 0.000 loss_f +0.0000 | ratio_t 1.000 loss_t -0.0007 | r_ema 0.633 | 23.8s
step 1256 | r_mean 0.596 r>0.5 164/256 | ratio_f 1.000 kl_f 7.27e-08 masked_f 0.000 loss_f +0.0000 | ratio_t 0.999 loss_t +0.0009 | r_ema 0.629 | 21.5s
step 1257 | r_mean 0.743 r>0.5 206/256 | ratio_f 1.000 kl_f 7.06e-08 masked_f 0.000 loss_f -0.0000 | ratio_t 1.000 loss_t -0.0024 | r_ema 0.640 | 22.2s
step 1258 | r_mean 0.554 r>0.5 130/256 | ratio_f 1.000 kl_f 3.17e-08 masked_f 0.000 loss_f +0.0000 | ratio_t 1.001 loss_t +0.0005 | r_ema 0.632 | 21.8s
/home/xyh/Symbolic_Regression/E2E/E2E/symbolicregression/envs/generators.py:216: RuntimeWarning: overflow encountered in power
  return numerator ** 3
step 1259 | r_mean 0.582 r>0.5 151/256 | ratio_f 1.000 kl_f 4.22e-08 masked_f 0.000 loss_f +0.0000 | ratio_t 0.999 loss_t +0.0001 | r_ema 0.627 | 53.3s
step 1260 | r_mean 0.524 r>0.5 122/256 | ratio_f 1.000 kl_f 3.76e-08 masked_f 0.000 loss_f +0.0000 | ratio_t 1.001 loss_t -0.0001 | r_ema 0.617 | 21.0s
step 1261 | r_mean 0.691 r>0.5 191/256 | ratio_f 1.000 kl_f 3.50e-08 masked_f 0.000 loss_f -0.0000 | ratio_t 1.000 loss_t +0.0006 | r_ema 0.624 | 22.2s
step 1262 | r_mean 0.611 r>0.5 165/256 | ratio_f 1.000 kl_f 3.41e-08 masked_f 0.000 loss_f +0.0000 | ratio_t 0.999 loss_t +0.0002 | r_ema 0.623 | 21.8s
step 1263 | r_mean 0.529 r>0.5 126/256 | ratio_f 1.000 kl_f 3.02e-08 masked_f 0.000 loss_f +0.0000 | ratio_t 0.999 loss_t +0.0006 | r_ema 0.613 | 21.5s
step 1264 | r_mean 0.485 r>0.5 129/256 | ratio_f 1.000 kl_f 3.54e-08 masked_f 0.000 loss_f +0.0000 | ratio_t 1.001 loss_t -0.0008 | r_ema 0.600 | 18.7s
step 1265 | r_mean 0.583 r>0.5 151/256 | ratio_f 1.000 kl_f 3.21e-08 masked_f 0.000 loss_f +0.0000 | ratio_t 0.998 loss_t -0.0012 | r_ema 0.599 | 53.5s
/home/xyh/Symbolic_Regression/E2E/E2E/symbolicregression/envs/generators.py:137: RuntimeWarning: overflow encountered in multiply
  return m1 * m2
step 1266 | r_mean 0.643 r>0.5 166/256 | ratio_f 1.000 kl_f 3.46e-08 masked_f 0.000 loss_f -0.0000 | ratio_t 1.000 loss_t +0.0003 | r_ema 0.603 | 40.9s
step 1267 | r_mean 0.769 r>0.5 219/256 | ratio_f 1.000 kl_f 3.66e-08 masked_f 0.000 loss_f +0.0000 | ratio_t 0.999 loss_t +0.0000 | r_ema 0.620 | 22.4s
step 1268 | r_mean 0.368 r>0.5 91/256 | ratio_f 1.000 kl_f 1.77e-07 masked_f 0.000 loss_f +0.0000 | ratio_t 0.999 loss_t +0.0016 | r_ema 0.595 | 39.2s
step 1269 | r_mean 0.654 r>0.5 185/256 | ratio_f 1.000 kl_f 3.56e-08 masked_f 0.000 loss_f +0.0000 | ratio_t 1.000 loss_t -0.0002 | r_ema 0.601 | 21.7s
step 1270 | r_mean 0.580 r>0.5 161/256 | ratio_f 1.000 kl_f 3.44e-08 masked_f 0.000 loss_f -0.0000 | ratio_t 1.000 loss_t +0.0012 | r_ema 0.599 | 49.5s
step 1271 | r_mean 0.443 r>0.5 115/256 | ratio_f 1.000 kl_f 3.51e-08 masked_f 0.000 loss_f +0.0000 | ratio_t 0.999 loss_t +0.0003 | r_ema 0.583 | 27.5s
step 1272 | r_mean 0.645 r>0.5 168/256 | ratio_f 1.000 kl_f 3.42e-08 masked_f 0.000 loss_f -0.0000 | ratio_t 1.000 loss_t -0.0011 | r_ema 0.589 | 21.9s
step 1273 | r_mean 0.751 r>0.5 196/256 | ratio_f 1.000 kl_f 3.50e-08 masked_f 0.000 loss_f +0.0000 | ratio_t 1.000 loss_t -0.0007 | r_ema 0.605 | 22.6s
step 1274 | r_mean 0.544 r>0.5 131/256 | ratio_f 1.000 kl_f 3.10e-08 masked_f 0.000 loss_f +0.0000 | ratio_t 1.000 loss_t -0.0003 | r_ema 0.599 | 24.5s
step 1275 | r_mean 0.710 r>0.5 202/256 | ratio_f 1.000 kl_f 3.28e-08 masked_f 0.000 loss_f +0.0000 | ratio_t 0.999 loss_t -0.0004 | r_ema 0.610 | 24.9s
step 1276 | r_mean 0.583 r>0.5 147/256 | ratio_f 1.000 kl_f 1.04e-07 masked_f 0.000 loss_f +0.0000 | ratio_t 1.001 loss_t -0.0006 | r_ema 0.608 | 26.1s
step 1277 | r_mean 0.699 r>0.5 190/256 | ratio_f 1.000 kl_f 3.60e-08 masked_f 0.000 loss_f -0.0000 | ratio_t 1.000 loss_t +0.0002 | r_ema 0.617 | 24.3s
step 1278 | r_mean 0.640 r>0.5 155/256 | ratio_f 1.000 kl_f 1.15e-07 masked_f 0.000 loss_f -0.0000 | ratio_t 1.002 loss_t -0.0003 | r_ema 0.619 | 22.9s
step 1279 | r_mean 0.571 r>0.5 158/256 | ratio_f 1.000 kl_f 1.06e-07 masked_f 0.000 loss_f -0.0000 | ratio_t 1.000 loss_t -0.0003 | r_ema 0.614 | 23.4s
step 1280 | r_mean 0.761 r>0.5 196/256 | ratio_f 1.000 kl_f 3.21e-08 masked_f 0.000 loss_f +0.0000 | ratio_t 1.002 loss_t -0.0002 | r_ema 0.629 | 22.1s
step 1281 | r_mean 0.384 r>0.5 97/256 | ratio_f 1.000 kl_f 3.31e-08 masked_f 0.000 loss_f -0.0000 | ratio_t 1.000 loss_t -0.0004 | r_ema 0.604 | 50.6s
step 1282 | r_mean 0.709 r>0.5 186/256 | ratio_f 1.000 kl_f 3.80e-08 masked_f 0.000 loss_f +0.0000 | ratio_t 1.000 loss_t -0.0009 | r_ema 0.615 | 24.1s
step 1283 | r_mean 0.535 r>0.5 139/256 | ratio_f 1.000 kl_f 8.10e-08 masked_f 0.000 loss_f +0.0000 | ratio_t 1.000 loss_t -0.0008 | r_ema 0.607 | 26.4s
step 1284 | r_mean 0.715 r>0.5 192/256 | ratio_f 1.000 kl_f 3.18e-08 masked_f 0.000 loss_f -0.0000 | ratio_t 1.000 loss_t -0.0004 | r_ema 0.618 | 21.0s
step 1285 | r_mean 0.657 r>0.5 184/256 | ratio_f 1.000 kl_f 1.05e-07 masked_f 0.000 loss_f +0.0000 | ratio_t 1.001 loss_t -0.0016 | r_ema 0.622 | 24.0s
step 1286 | r_mean 0.395 r>0.5 80/256 | ratio_f 1.000 kl_f 2.77e-08 masked_f 0.000 loss_f -0.0000 | ratio_t 1.001 loss_t -0.0013 | r_ema 0.599 | 23.0s
step 1287 | r_mean 0.718 r>0.5 200/256 | ratio_f 1.000 kl_f 3.05e-08 masked_f 0.000 loss_f -0.0000 | ratio_t 0.999 loss_t -0.0008 | r_ema 0.611 | 24.0s
step 1288 | r_mean 0.639 r>0.5 164/256 | ratio_f 1.000 kl_f 2.87e-08 masked_f 0.000 loss_f -0.0000 | ratio_t 0.999 loss_t +0.0001 | r_ema 0.614 | 44.7s
step 1289 | r_mean 0.732 r>0.5 209/256 | ratio_f 1.000 kl_f 1.20e-07 masked_f 0.000 loss_f +0.0000 | ratio_t 0.999 loss_t +0.0006 | r_ema 0.625 | 20.4s
step 1290 | r_mean 0.482 r>0.5 125/256 | ratio_f 1.000 kl_f 6.82e-08 masked_f 0.000 loss_f +0.0000 | ratio_t 0.999 loss_t -0.0001 | r_ema 0.611 | 21.0s
step 1291 | r_mean 0.587 r>0.5 149/256 | ratio_f 1.000 kl_f 4.26e-08 masked_f 0.000 loss_f -0.0000 | ratio_t 1.002 loss_t +0.0000 | r_ema 0.609 | 19.0s
step 1292 | r_mean 0.580 r>0.5 151/256 | ratio_f 1.000 kl_f 3.44e-08 masked_f 0.000 loss_f +0.0000 | ratio_t 1.000 loss_t -0.0007 | r_ema 0.606 | 22.1s
step 1293 | r_mean 0.608 r>0.5 146/256 | ratio_f 1.000 kl_f 3.24e-08 masked_f 0.000 loss_f +0.0000 | ratio_t 1.000 loss_t -0.0000 | r_ema 0.606 | 23.7s
step 1294 | r_mean 0.645 r>0.5 176/256 | ratio_f 1.000 kl_f 3.71e-08 masked_f 0.000 loss_f -0.0000 | ratio_t 1.002 loss_t -0.0007 | r_ema 0.610 | 36.7s
step 1295 | r_mean 0.578 r>0.5 145/256 | ratio_f 1.000 kl_f 3.74e-08 masked_f 0.000 loss_f +0.0000 | ratio_t 1.000 loss_t +0.0000 | r_ema 0.607 | 53.6s
step 1296 | r_mean 0.727 r>0.5 193/256 | ratio_f 1.000 kl_f 3.15e-08 masked_f 0.000 loss_f -0.0000 | ratio_t 1.000 loss_t -0.0005 | r_ema 0.619 | 21.8s
/home/xyh/Symbolic_Regression/E2E/E2E/symbolicregression/envs/generators.py:137: RuntimeWarning: overflow encountered in multiply
  return m1 * m2
step 1297 | r_mean 0.529 r>0.5 127/256 | ratio_f 1.000 kl_f 7.75e-08 masked_f 0.000 loss_f +0.0000 | ratio_t 1.000 loss_t +0.0002 | r_ema 0.610 | 50.7s
step 1298 | r_mean 0.651 r>0.5 167/256 | ratio_f 1.000 kl_f 2.69e-08 masked_f 0.000 loss_f -0.0000 | ratio_t 0.999 loss_t +0.0001 | r_ema 0.614 | 24.1s
step 1299 | r_mean 0.524 r>0.5 136/256 | ratio_f 1.000 kl_f 3.32e-08 masked_f 0.000 loss_f -0.0000 | ratio_t 1.000 loss_t +0.0008 | r_ema 0.605 | 63.5s
step 1300 | r_mean 0.579 r>0.5 155/256 | ratio_f 1.000 kl_f 1.15e-07 masked_f 0.000 loss_f +0.0000 | ratio_t 1.000 loss_t -0.0008 | r_ema 0.602 | 19.3s
  [ckpt] step 1300 r_ema 0.602 best 0.610 -> checkpoints/m3_rl/{best,last}.pth
/home/xyh/Symbolic_Regression/E2E/E2E/symbolicregression/envs/generators.py:137: RuntimeWarning: invalid value encountered in multiply
  return m1 * m2
/home/xyh/Symbolic_Regression/E2E/E2E/symbolicregression/envs/generators.py:137: RuntimeWarning: invalid value encountered in multiply
  return m1 * m2
step 1301 | r_mean 0.668 r>0.5 172/256 | ratio_f 1.000 kl_f 3.51e-08 masked_f 0.000 loss_f +0.0000 | ratio_t 0.999 loss_t -0.0001 | r_ema 0.609 | 19.9s
step 1302 | r_mean 0.572 r>0.5 154/256 | ratio_f 1.000 kl_f 6.79e-08 masked_f 0.000 loss_f +0.0000 | ratio_t 0.999 loss_t +0.0004 | r_ema 0.605 | 23.2s
step 1303 | r_mean 0.501 r>0.5 123/256 | ratio_f 1.000 kl_f 9.24e-08 masked_f 0.000 loss_f +0.0000 | ratio_t 1.000 loss_t +0.0002 | r_ema 0.595 | 23.0s
step 1304 | r_mean 0.541 r>0.5 141/256 | ratio_f 1.000 kl_f 3.74e-08 masked_f 0.000 loss_f -0.0000 | ratio_t 1.001 loss_t -0.0007 | r_ema 0.590 | 22.6s
step 1305 | r_mean 0.561 r>0.5 145/256 | ratio_f 1.000 kl_f 3.76e-08 masked_f 0.000 loss_f +0.0000 | ratio_t 1.005 loss_t +0.0022 | r_ema 0.587 | 23.2s
step 1306 | r_mean 0.748 r>0.5 201/256 | ratio_f 1.000 kl_f 4.11e-08 masked_f 0.000 loss_f +0.0000 | ratio_t 1.000 loss_t +0.0002 | r_ema 0.603 | 20.7s
step 1307 | r_mean 0.782 r>0.5 210/256 | ratio_f 1.000 kl_f 4.04e-08 masked_f 0.000 loss_f +0.0000 | ratio_t 1.001 loss_t -0.0010 | r_ema 0.621 | 34.7s
step 1308 | r_mean 0.524 r>0.5 128/256 | ratio_f 1.000 kl_f 5.06e-08 masked_f 0.000 loss_f +0.0000 | ratio_t 0.995 loss_t -0.0002 | r_ema 0.611 | 19.3s
step 1309 | r_mean 0.659 r>0.5 177/256 | ratio_f 1.000 kl_f 4.72e-08 masked_f 0.000 loss_f -0.0000 | ratio_t 1.001 loss_t +0.0010 | r_ema 0.616 | 45.3s
step 1310 | r_mean 0.800 r>0.5 209/256 | ratio_f 1.000 kl_f 3.29e-08 masked_f 0.000 loss_f -0.0000 | ratio_t 1.000 loss_t -0.0008 | r_ema 0.634 | 17.2s
step 1311 | r_mean 0.700 r>0.5 171/256 | ratio_f 1.000 kl_f 3.14e-08 masked_f 0.000 loss_f -0.0000 | ratio_t 1.000 loss_t +0.0006 | r_ema 0.641 | 20.0s
step 1312 | r_mean 0.621 r>0.5 179/256 | ratio_f 1.000 kl_f 8.64e-08 masked_f 0.000 loss_f -0.0000 | ratio_t 1.002 loss_t -0.0002 | r_ema 0.639 | 19.5s
step 1313 | r_mean 0.765 r>0.5 215/256 | ratio_f 1.000 kl_f 7.86e-08 masked_f 0.000 loss_f +0.0000 | ratio_t 0.999 loss_t -0.0000 | r_ema 0.651 | 19.8s
step 1314 | r_mean 0.593 r>0.5 169/256 | ratio_f 1.000 kl_f 3.19e-08 masked_f 0.000 loss_f -0.0000 | ratio_t 1.000 loss_t -0.0012 | r_ema 0.646 | 18.8s
step 1315 | r_mean 0.636 r>0.5 174/256 | ratio_f 1.000 kl_f 3.12e-08 masked_f 0.000 loss_f -0.0000 | ratio_t 1.001 loss_t +0.0002 | r_ema 0.645 | 20.3s
step 1316 | r_mean 0.484 r>0.5 130/256 | ratio_f 1.000 kl_f 3.39e-08 masked_f 0.000 loss_f +0.0000 | ratio_t 1.000 loss_t +0.0004 | r_ema 0.629 | 21.3s
step 1317 | r_mean 0.488 r>0.5 121/256 | ratio_f 1.000 kl_f 3.92e-08 masked_f 0.000 loss_f +0.0000 | ratio_t 0.999 loss_t +0.0039 | r_ema 0.614 | 20.5s
step 1318 | r_mean 0.557 r>0.5 139/256 | ratio_f 1.000 kl_f 3.09e-08 masked_f 0.000 loss_f -0.0000 | ratio_t 1.000 loss_t -0.0006 | r_ema 0.609 | 22.2s
step 1319 | r_mean 0.844 r>0.5 233/256 | ratio_f 1.000 kl_f 6.21e-08 masked_f 0.000 loss_f +0.0000 | ratio_t 1.001 loss_t -0.0003 | r_ema 0.632 | 18.3s
step 1320 | r_mean 0.696 r>0.5 182/256 | ratio_f 1.000 kl_f 3.19e-08 masked_f 0.000 loss_f +0.0000 | ratio_t 1.001 loss_t -0.0016 | r_ema 0.639 | 22.1s
step 1321 | r_mean 0.689 r>0.5 180/256 | ratio_f 1.000 kl_f 1.18e-07 masked_f 0.000 loss_f -0.0000 | ratio_t 1.000 loss_t +0.0001 | r_ema 0.644 | 17.2s
step 1322 | r_mean 0.595 r>0.5 157/256 | ratio_f 1.000 kl_f 3.72e-08 masked_f 0.000 loss_f -0.0000 | ratio_t 1.000 loss_t -0.0002 | r_ema 0.639 | 17.5s
step 1323 | r_mean 0.787 r>0.5 212/256 | ratio_f 1.000 kl_f 3.27e-08 masked_f 0.000 loss_f -0.0000 | ratio_t 1.000 loss_t +0.0002 | r_ema 0.654 | 18.0s
/home/xyh/Symbolic_Regression/E2E/E2E/symbolicregression/envs/generators.py:133: RuntimeWarning: invalid value encountered in subtract
  return self.children[0].val(x) - self.children[1].val(x)
step 1324 | r_mean 0.652 r>0.5 186/256 | ratio_f 1.000 kl_f 3.57e-08 masked_f 0.000 loss_f -0.0000 | ratio_t 1.003 loss_t -0.0026 | r_ema 0.653 | 44.0s
step 1325 | r_mean 0.636 r>0.5 168/256 | ratio_f 1.000 kl_f 3.99e-08 masked_f 0.000 loss_f +0.0000 | ratio_t 1.001 loss_t +0.0000 | r_ema 0.652 | 16.9s
step 1326 | r_mean 0.700 r>0.5 180/256 | ratio_f 1.000 kl_f 3.84e-08 masked_f 0.000 loss_f +0.0000 | ratio_t 0.999 loss_t -0.0015 | r_ema 0.657 | 19.3s
step 1327 | r_mean 0.661 r>0.5 157/256 | ratio_f 1.000 kl_f 3.23e-08 masked_f 0.000 loss_f +0.0000 | ratio_t 1.001 loss_t -0.0001 | r_ema 0.657 | 19.1s
step 1328 | r_mean 0.586 r>0.5 155/256 | ratio_f 1.000 kl_f 1.13e-07 masked_f 0.000 loss_f -0.0000 | ratio_t 1.000 loss_t +0.0004 | r_ema 0.650 | 45.7s
step 1329 | r_mean 0.694 r>0.5 191/256 | ratio_f 1.000 kl_f 3.44e-08 masked_f 0.000 loss_f -0.0000 | ratio_t 1.001 loss_t +0.0010 | r_ema 0.654 | 31.8s
step 1330 | r_mean 0.588 r>0.5 147/256 | ratio_f 1.000 kl_f 1.19e-07 masked_f 0.000 loss_f +0.0000 | ratio_t 0.998 loss_t +0.0000 | r_ema 0.648 | 20.5s
step 1331 | r_mean 0.605 r>0.5 152/256 | ratio_f 1.000 kl_f 3.55e-08 masked_f 0.000 loss_f -0.0000 | ratio_t 1.000 loss_t +0.0008 | r_ema 0.643 | 18.1s
step 1332 | r_mean 0.700 r>0.5 183/256 | ratio_f 1.000 kl_f 3.92e-08 masked_f 0.000 loss_f +0.0000 | ratio_t 0.999 loss_t +0.0004 | r_ema 0.649 | 22.1s
step 1333 | r_mean 0.601 r>0.5 162/256 | ratio_f 1.000 kl_f 3.52e-08 masked_f 0.000 loss_f +0.0000 | ratio_t 0.999 loss_t +0.0021 | r_ema 0.644 | 20.3s
step 1334 | r_mean 0.502 r>0.5 136/256 | ratio_f 1.000 kl_f 3.22e-08 masked_f 0.000 loss_f -0.0000 | ratio_t 0.999 loss_t -0.0008 | r_ema 0.630 | 20.7s
step 1335 | r_mean 0.690 r>0.5 186/256 | ratio_f 1.000 kl_f 3.36e-08 masked_f 0.000 loss_f +0.0000 | ratio_t 0.999 loss_t +0.0005 | r_ema 0.636 | 18.4s
step 1336 | r_mean 0.492 r>0.5 140/256 | ratio_f 1.000 kl_f 3.05e-08 masked_f 0.000 loss_f +0.0000 | ratio_t 0.998 loss_t +0.0003 | r_ema 0.622 | 68.4s
step 1337 | r_mean 0.619 r>0.5 175/256 | ratio_f 1.000 kl_f 6.85e-08 masked_f 0.000 loss_f +0.0000 | ratio_t 0.999 loss_t +0.0004 | r_ema 0.621 | 17.7s
step 1338 | r_mean 0.616 r>0.5 180/256 | ratio_f 1.000 kl_f 1.19e-07 masked_f 0.000 loss_f +0.0000 | ratio_t 0.999 loss_t +0.0001 | r_ema 0.621 | 19.8s
step 1339 | r_mean 0.668 r>0.5 174/256 | ratio_f 1.000 kl_f 3.17e-08 masked_f 0.000 loss_f +0.0000 | ratio_t 1.000 loss_t +0.0001 | r_ema 0.626 | 19.7s
step 1340 | r_mean 0.586 r>0.5 147/256 | ratio_f 1.000 kl_f 6.09e-08 masked_f 0.000 loss_f +0.0000 | ratio_t 0.999 loss_t -0.0001 | r_ema 0.622 | 20.0s
step 1341 | r_mean 0.718 r>0.5 193/256 | ratio_f 1.000 kl_f 3.26e-08 masked_f 0.000 loss_f +0.0000 | ratio_t 1.002 loss_t +0.0018 | r_ema 0.631 | 19.9s
step 1342 | r_mean 0.514 r>0.5 132/256 | ratio_f 1.000 kl_f 3.39e-08 masked_f 0.000 loss_f +0.0000 | ratio_t 0.999 loss_t +0.0002 | r_ema 0.620 | 48.4s
step 1343 | r_mean 0.588 r>0.5 143/256 | ratio_f 1.000 kl_f 1.75e-07 masked_f 0.000 loss_f -0.0000 | ratio_t 0.999 loss_t -0.0008 | r_ema 0.616 | 35.6s
step 1344 | r_mean 0.668 r>0.5 195/256 | ratio_f 1.000 kl_f 3.56e-08 masked_f 0.000 loss_f -0.0000 | ratio_t 1.002 loss_t +0.0030 | r_ema 0.622 | 49.7s
step 1345 | r_mean 0.480 r>0.5 123/256 | ratio_f 1.000 kl_f 3.59e-08 masked_f 0.000 loss_f +0.0000 | ratio_t 0.999 loss_t -0.0001 | r_ema 0.607 | 20.0s
step 1346 | r_mean 0.548 r>0.5 131/256 | ratio_f 1.000 kl_f 9.45e-08 masked_f 0.000 loss_f +0.0000 | ratio_t 1.001 loss_t -0.0001 | r_ema 0.601 | 15.9s
step 1347 | r_mean 0.366 r>0.5 93/256 | ratio_f 1.000 kl_f 3.24e-08 masked_f 0.000 loss_f +0.0000 | ratio_t 0.999 loss_t +0.0005 | r_ema 0.578 | 21.4s
step 1348 | r_mean 0.787 r>0.5 199/256 | ratio_f 1.000 kl_f 3.45e-08 masked_f 0.000 loss_f +0.0000 | ratio_t 0.998 loss_t +0.0004 | r_ema 0.599 | 32.4s
step 1349 | r_mean 0.479 r>0.5 118/256 | ratio_f 1.000 kl_f 3.44e-08 masked_f 0.000 loss_f +0.0000 | ratio_t 0.999 loss_t -0.0001 | r_ema 0.587 | 16.9s
step 1350 | r_mean 0.668 r>0.5 172/256 | ratio_f 1.000 kl_f 3.38e-08 masked_f 0.000 loss_f -0.0000 | ratio_t 0.999 loss_t -0.0002 | r_ema 0.595 | 18.2s
  [ckpt] step 1350 r_ema 0.595 best 0.610 -> checkpoints/m3_rl/{best,last}.pth
step 1351 | r_mean 0.477 r>0.5 126/256 | ratio_f 1.000 kl_f 8.57e-08 masked_f 0.000 loss_f +0.0000 | ratio_t 1.001 loss_t +0.0007 | r_ema 0.583 | 18.3s
step 1352 | r_mean 0.494 r>0.5 141/256 | ratio_f 1.000 kl_f 3.46e-08 masked_f 0.000 loss_f -0.0000 | ratio_t 1.001 loss_t +0.0001 | r_ema 0.574 | 18.2s
step 1353 | r_mean 0.487 r>0.5 111/256 | ratio_f 1.000 kl_f 3.18e-08 masked_f 0.000 loss_f -0.0000 | ratio_t 1.001 loss_t -0.0002 | r_ema 0.566 | 19.9s
step 1354 | r_mean 0.518 r>0.5 124/256 | ratio_f 1.000 kl_f 3.26e-08 masked_f 0.000 loss_f +0.0000 | ratio_t 1.002 loss_t -0.0009 | r_ema 0.561 | 19.6s
step 1355 | r_mean 0.581 r>0.5 163/256 | ratio_f 1.000 kl_f 3.54e-08 masked_f 0.000 loss_f +0.0000 | ratio_t 1.000 loss_t +0.0004 | r_ema 0.563 | 17.9s
step 1356 | r_mean 0.582 r>0.5 149/256 | ratio_f 1.000 kl_f 3.73e-08 masked_f 0.000 loss_f -0.0000 | ratio_t 1.000 loss_t +0.0002 | r_ema 0.565 | 17.7s
step 1357 | r_mean 0.715 r>0.5 187/256 | ratio_f 1.000 kl_f 3.69e-08 masked_f 0.000 loss_f +0.0000 | ratio_t 1.000 loss_t +0.0002 | r_ema 0.580 | 18.4s
step 1358 | r_mean 0.771 r>0.5 208/256 | ratio_f 1.000 kl_f 3.70e-08 masked_f 0.000 loss_f -0.0000 | ratio_t 1.001 loss_t +0.0002 | r_ema 0.599 | 21.6s
step 1359 | r_mean 0.886 r>0.5 230/256 | ratio_f 1.000 kl_f 1.08e-07 masked_f 0.000 loss_f -0.0000 | ratio_t 0.999 loss_t +0.0001 | r_ema 0.628 | 16.4s
step 1360 | r_mean 0.740 r>0.5 200/256 | ratio_f 1.000 kl_f 3.52e-08 masked_f 0.000 loss_f +0.0000 | ratio_t 1.000 loss_t +0.0005 | r_ema 0.639 | 18.8s
step 1361 | r_mean 0.770 r>0.5 199/256 | ratio_f 1.000 kl_f 1.00e-07 masked_f 0.000 loss_f -0.0000 | ratio_t 1.000 loss_t +0.0008 | r_ema 0.652 | 18.7s
step 1362 | r_mean 0.691 r>0.5 181/256 | ratio_f 1.000 kl_f 3.22e-08 masked_f 0.000 loss_f -0.0000 | ratio_t 0.999 loss_t +0.0005 | r_ema 0.656 | 19.3s
step 1363 | r_mean 0.585 r>0.5 154/256 | ratio_f 1.000 kl_f 3.07e-08 masked_f 0.000 loss_f +0.0000 | ratio_t 1.000 loss_t -0.0000 | r_ema 0.649 | 19.4s
step 1364 | r_mean 0.571 r>0.5 160/256 | ratio_f 1.000 kl_f 4.14e-08 masked_f 0.000 loss_f -0.0000 | ratio_t 1.000 loss_t +0.0002 | r_ema 0.641 | 17.7s
step 1365 | r_mean 0.770 r>0.5 196/256 | ratio_f 1.000 kl_f 4.24e-08 masked_f 0.000 loss_f -0.0000 | ratio_t 1.000 loss_t -0.0002 | r_ema 0.654 | 18.3s
step 1366 | r_mean 0.651 r>0.5 166/256 | ratio_f 1.000 kl_f 9.04e-08 masked_f 0.000 loss_f +0.0000 | ratio_t 1.001 loss_t -0.0002 | r_ema 0.654 | 16.9s
step 1367 | r_mean 0.674 r>0.5 193/256 | ratio_f 1.000 kl_f 3.70e-08 masked_f 0.000 loss_f +0.0000 | ratio_t 0.999 loss_t +0.0003 | r_ema 0.656 | 18.4s
step 1368 | r_mean 0.567 r>0.5 147/256 | ratio_f 1.000 kl_f 4.97e-08 masked_f 0.000 loss_f +0.0000 | ratio_t 1.000 loss_t +0.0001 | r_ema 0.647 | 18.6s
step 1369 | r_mean 0.609 r>0.5 183/256 | ratio_f 1.000 kl_f 3.14e-08 masked_f 0.000 loss_f -0.0000 | ratio_t 1.000 loss_t +0.0005 | r_ema 0.643 | 21.2s
step 1370 | r_mean 0.633 r>0.5 165/256 | ratio_f 1.000 kl_f 4.02e-08 masked_f 0.000 loss_f -0.0000 | ratio_t 1.000 loss_t -0.0006 | r_ema 0.642 | 17.9s
step 1371 | r_mean 0.771 r>0.5 217/256 | ratio_f 1.000 kl_f 8.25e-08 masked_f 0.000 loss_f -0.0000 | ratio_t 0.999 loss_t +0.0014 | r_ema 0.655 | 27.9s
step 1372 | r_mean 0.757 r>0.5 208/256 | ratio_f 1.000 kl_f 1.08e-07 masked_f 0.000 loss_f -0.0000 | ratio_t 0.998 loss_t -0.0001 | r_ema 0.665 | 20.6s
step 1373 | r_mean 0.685 r>0.5 183/256 | ratio_f 1.000 kl_f 8.29e-08 masked_f 0.000 loss_f -0.0000 | ratio_t 1.000 loss_t +0.0010 | r_ema 0.667 | 19.2s
step 1374 | r_mean 0.603 r>0.5 153/256 | ratio_f 1.000 kl_f 4.30e-08 masked_f 0.000 loss_f +0.0000 | ratio_t 1.001 loss_t -0.0007 | r_ema 0.661 | 63.5s
step 1375 | r_mean 0.631 r>0.5 173/256 | ratio_f 1.000 kl_f 4.33e-08 masked_f 0.000 loss_f +0.0000 | ratio_t 1.000 loss_t +0.0003 | r_ema 0.658 | 20.3s
step 1376 | r_mean 0.546 r>0.5 140/256 | ratio_f 1.000 kl_f 8.60e-08 masked_f 0.000 loss_f -0.0000 | ratio_t 1.003 loss_t +0.0002 | r_ema 0.646 | 21.6s
step 1377 | r_mean 0.700 r>0.5 191/256 | ratio_f 1.000 kl_f 3.64e-08 masked_f 0.000 loss_f +0.0000 | ratio_t 0.998 loss_t -0.0002 | r_ema 0.652 | 21.7s
step 1378 | r_mean 0.549 r>0.5 135/256 | ratio_f 1.000 kl_f 1.46e-07 masked_f 0.000 loss_f +0.0000 | ratio_t 1.000 loss_t -0.0004 | r_ema 0.641 | 24.6s
step 1379 | r_mean 0.692 r>0.5 186/256 | ratio_f 1.000 kl_f 2.96e-08 masked_f 0.000 loss_f -0.0000 | ratio_t 0.999 loss_t -0.0003 | r_ema 0.647 | 19.7s
step 1380 | r_mean 0.661 r>0.5 178/256 | ratio_f 1.000 kl_f 3.09e-08 masked_f 0.000 loss_f +0.0000 | ratio_t 0.999 loss_t +0.0013 | r_ema 0.648 | 21.1s
step 1381 | r_mean 0.670 r>0.5 167/256 | ratio_f 1.000 kl_f 2.61e-08 masked_f 0.000 loss_f +0.0000 | ratio_t 1.002 loss_t +0.0003 | r_ema 0.650 | 22.9s
step 1382 | r_mean 0.459 r>0.5 126/256 | ratio_f 1.000 kl_f 3.01e-08 masked_f 0.000 loss_f +0.0000 | ratio_t 0.999 loss_t +0.0007 | r_ema 0.631 | 22.0s
step 1383 | r_mean 0.610 r>0.5 165/256 | ratio_f 1.000 kl_f 3.10e-08 masked_f 0.000 loss_f +0.0000 | ratio_t 1.000 loss_t +0.0004 | r_ema 0.629 | 24.2s
step 1384 | r_mean 0.670 r>0.5 182/256 | ratio_f 1.000 kl_f 8.71e-08 masked_f 0.000 loss_f -0.0000 | ratio_t 1.001 loss_t -0.0005 | r_ema 0.633 | 18.9s
step 1385 | r_mean 0.491 r>0.5 124/256 | ratio_f 1.000 kl_f 3.23e-08 masked_f 0.000 loss_f +0.0000 | ratio_t 1.000 loss_t -0.0005 | r_ema 0.619 | 44.1s
step 1386 | r_mean 0.616 r>0.5 165/256 | ratio_f 1.000 kl_f 3.32e-08 masked_f 0.000 loss_f +0.0000 | ratio_t 0.999 loss_t +0.0003 | r_ema 0.619 | 20.4s
step 1387 | r_mean 0.635 r>0.5 183/256 | ratio_f 1.000 kl_f 3.49e-08 masked_f 0.000 loss_f -0.0000 | ratio_t 0.999 loss_t +0.0009 | r_ema 0.620 | 21.4s
step 1388 | r_mean 0.524 r>0.5 141/256 | ratio_f 1.000 kl_f 3.03e-08 masked_f 0.000 loss_f -0.0000 | ratio_t 1.001 loss_t +0.0006 | r_ema 0.611 | 31.3s
step 1389 | r_mean 0.723 r>0.5 202/256 | ratio_f 1.000 kl_f 8.93e-08 masked_f 0.000 loss_f +0.0000 | ratio_t 1.000 loss_t -0.0003 | r_ema 0.622 | 43.3s
step 1390 | r_mean 0.728 r>0.5 192/256 | ratio_f 1.000 kl_f 7.82e-08 masked_f 0.000 loss_f -0.0000 | ratio_t 0.999 loss_t -0.0002 | r_ema 0.632 | 42.2s
/home/xyh/Symbolic_Regression/E2E/E2E/symbolicregression/envs/generators.py:216: RuntimeWarning: overflow encountered in power
  return numerator ** 3
step 1391 | r_mean 0.530 r>0.5 129/256 | ratio_f 1.000 kl_f 6.27e-08 masked_f 0.000 loss_f -0.0000 | ratio_t 1.000 loss_t -0.0007 | r_ema 0.622 | 74.9s
step 1392 | r_mean 0.786 r>0.5 206/256 | ratio_f 1.000 kl_f 8.69e-08 masked_f 0.000 loss_f +0.0000 | ratio_t 1.001 loss_t -0.0000 | r_ema 0.639 | 21.8s
step 1393 | r_mean 0.513 r>0.5 125/256 | ratio_f 1.000 kl_f 3.39e-08 masked_f 0.000 loss_f +0.0000 | ratio_t 1.000 loss_t -0.0014 | r_ema 0.626 | 22.5s
step 1394 | r_mean 0.442 r>0.5 99/256 | ratio_f 1.000 kl_f 9.08e-08 masked_f 0.000 loss_f -0.0000 | ratio_t 1.000 loss_t -0.0004 | r_ema 0.608 | 25.3s
step 1395 | r_mean 0.827 r>0.5 213/256 | ratio_f 1.000 kl_f 1.05e-07 masked_f 0.000 loss_f +0.0000 | ratio_t 1.000 loss_t -0.0002 | r_ema 0.630 | 20.0s
step 1396 | r_mean 0.649 r>0.5 157/256 | ratio_f 1.000 kl_f 3.02e-08 masked_f 0.000 loss_f -0.0000 | ratio_t 1.000 loss_t +0.0002 | r_ema 0.632 | 54.6s
step 1397 | r_mean 0.683 r>0.5 196/256 | ratio_f 1.000 kl_f 1.04e-07 masked_f 0.000 loss_f +0.0000 | ratio_t 1.001 loss_t -0.0009 | r_ema 0.637 | 24.4s
step 1398 | r_mean 0.731 r>0.5 203/256 | ratio_f 1.000 kl_f 3.15e-08 masked_f 0.000 loss_f +0.0000 | ratio_t 0.999 loss_t -0.0010 | r_ema 0.646 | 23.1s
step 1399 | r_mean 0.671 r>0.5 197/256 | ratio_f 1.000 kl_f 2.95e-08 masked_f 0.000 loss_f +0.0000 | ratio_t 1.000 loss_t -0.0003 | r_ema 0.649 | 23.1s
step 1400 | r_mean 0.629 r>0.5 162/256 | ratio_f 1.000 kl_f 1.04e-07 masked_f 0.000 loss_f -0.0000 | ratio_t 1.001 loss_t +0.0011 | r_ema 0.647 | 45.8s
  [ckpt] step 1400 r_ema 0.647 best 0.647 -> checkpoints/m3_rl/{best,last}.pth
step 1401 | r_mean 0.508 r>0.5 130/256 | ratio_f 1.000 kl_f 3.59e-08 masked_f 0.000 loss_f +0.0000 | ratio_t 1.001 loss_t +0.0008 | r_ema 0.633 | 48.6s
step 1402 | r_mean 0.492 r>0.5 130/256 | ratio_f 1.000 kl_f 1.14e-07 masked_f 0.000 loss_f +0.0000 | ratio_t 0.997 loss_t +0.0007 | r_ema 0.619 | 82.1s
step 1403 | r_mean 0.648 r>0.5 167/256 | ratio_f 1.000 kl_f 1.17e-07 masked_f 0.000 loss_f -0.0000 | ratio_t 0.999 loss_t +0.0006 | r_ema 0.622 | 23.4s
/home/xyh/Symbolic_Regression/E2E/E2E/symbolicregression/envs/generators.py:216: RuntimeWarning: overflow encountered in power
  return numerator ** 3
/home/xyh/Symbolic_Regression/E2E/E2E/symbolicregression/envs/generators.py:216: RuntimeWarning: overflow encountered in power
  return numerator ** 3
/home/xyh/Symbolic_Regression/E2E/E2E/symbolicregression/envs/generators.py:131: RuntimeWarning: invalid value encountered in add
  return self.children[0].val(x) + self.children[1].val(x)
/home/xyh/Symbolic_Regression/E2E/E2E/symbolicregression/envs/generators.py:133: RuntimeWarning: invalid value encountered in subtract
  return self.children[0].val(x) - self.children[1].val(x)
step 1404 | r_mean 0.481 r>0.5 126/256 | ratio_f 1.000 kl_f 3.40e-08 masked_f 0.000 loss_f +0.0000 | ratio_t 1.001 loss_t -0.0005 | r_ema 0.607 | 57.2s
step 1405 | r_mean 0.447 r>0.5 108/256 | ratio_f 1.000 kl_f 3.15e-08 masked_f 0.000 loss_f -0.0000 | ratio_t 0.998 loss_t -0.0003 | r_ema 0.591 | 25.7s
step 1406 | r_mean 0.559 r>0.5 158/256 | ratio_f 1.000 kl_f 6.88e-08 masked_f 0.000 loss_f +0.0000 | ratio_t 1.001 loss_t -0.0005 | r_ema 0.588 | 24.8s
step 1407 | r_mean 0.697 r>0.5 187/256 | ratio_f 1.000 kl_f 3.31e-08 masked_f 0.000 loss_f -0.0000 | ratio_t 1.001 loss_t +0.0002 | r_ema 0.599 | 25.7s
step 1408 | r_mean 0.694 r>0.5 191/256 | ratio_f 1.000 kl_f 1.00e-07 masked_f 0.000 loss_f +0.0000 | ratio_t 0.999 loss_t +0.0007 | r_ema 0.609 | 48.8s
step 1409 | r_mean 0.453 r>0.5 122/256 | ratio_f 1.000 kl_f 3.13e-08 masked_f 0.000 loss_f +0.0000 | ratio_t 1.000 loss_t -0.0000 | r_ema 0.593 | 24.7s
step 1410 | r_mean 0.631 r>0.5 159/256 | ratio_f 1.000 kl_f 3.15e-08 masked_f 0.000 loss_f -0.0000 | ratio_t 1.000 loss_t -0.0004 | r_ema 0.597 | 26.5s
step 1411 | r_mean 0.648 r>0.5 172/256 | ratio_f 1.000 kl_f 3.10e-08 masked_f 0.000 loss_f +0.0000 | ratio_t 1.001 loss_t -0.0001 | r_ema 0.602 | 70.2s
step 1412 | r_mean 0.439 r>0.5 107/256 | ratio_f 1.000 kl_f 3.61e-08 masked_f 0.000 loss_f -0.0000 | ratio_t 1.000 loss_t +0.0002 | r_ema 0.586 | 58.3s
step 1413 | r_mean 0.446 r>0.5 111/256 | ratio_f 1.000 kl_f 3.10e-08 masked_f 0.000 loss_f +0.0000 | ratio_t 1.001 loss_t +0.0007 | r_ema 0.572 | 26.3s
step 1414 | r_mean 0.649 r>0.5 173/256 | ratio_f 1.000 kl_f 3.21e-08 masked_f 0.000 loss_f +0.0000 | ratio_t 1.001 loss_t -0.0006 | r_ema 0.579 | 22.3s
step 1415 | r_mean 0.735 r>0.5 198/256 | ratio_f 1.000 kl_f 3.12e-08 masked_f 0.000 loss_f +0.0000 | ratio_t 0.999 loss_t +0.0007 | r_ema 0.595 | 22.7s
step 1416 | r_mean 0.492 r>0.5 136/256 | ratio_f 1.000 kl_f 3.37e-08 masked_f 0.000 loss_f +0.0000 | ratio_t 1.001 loss_t +0.0003 | r_ema 0.585 | 87.1s
step 1417 | r_mean 0.598 r>0.5 165/256 | ratio_f 1.000 kl_f 3.38e-08 masked_f 0.000 loss_f +0.0000 | ratio_t 1.001 loss_t +0.0000 | r_ema 0.586 | 24.8s
step 1418 | r_mean 0.629 r>0.5 179/256 | ratio_f 1.000 kl_f 4.02e-08 masked_f 0.000 loss_f -0.0000 | ratio_t 1.002 loss_t +0.0005 | r_ema 0.590 | 23.0s
step 1419 | r_mean 0.582 r>0.5 166/256 | ratio_f 1.000 kl_f 9.44e-08 masked_f 0.000 loss_f +0.0000 | ratio_t 0.998 loss_t -0.0002 | r_ema 0.589 | 50.9s
step 1420 | r_mean 0.523 r>0.5 136/256 | ratio_f 1.000 kl_f 2.88e-08 masked_f 0.000 loss_f +0.0000 | ratio_t 1.001 loss_t +0.0006 | r_ema 0.583 | 26.0s
step 1421 | r_mean 0.551 r>0.5 142/256 | ratio_f 1.000 kl_f 3.62e-08 masked_f 0.000 loss_f -0.0000 | ratio_t 0.999 loss_t +0.0005 | r_ema 0.580 | 46.8s
step 1422 | r_mean 0.659 r>0.5 167/256 | ratio_f 1.000 kl_f 3.87e-08 masked_f 0.000 loss_f -0.0000 | ratio_t 1.001 loss_t +0.0001 | r_ema 0.588 | 22.5s
step 1423 | r_mean 0.657 r>0.5 174/256 | ratio_f 1.000 kl_f 7.66e-08 masked_f 0.000 loss_f +0.0000 | ratio_t 1.001 loss_t -0.0003 | r_ema 0.594 | 26.3s
step 1424 | r_mean 0.657 r>0.5 167/256 | ratio_f 1.000 kl_f 3.60e-08 masked_f 0.000 loss_f +0.0000 | ratio_t 1.000 loss_t +0.0004 | r_ema 0.601 | 25.3s
step 1425 | r_mean 0.531 r>0.5 143/256 | ratio_f 1.000 kl_f 1.04e-07 masked_f 0.000 loss_f -0.0000 | ratio_t 1.000 loss_t -0.0010 | r_ema 0.594 | 45.3s
step 1426 | r_mean 0.609 r>0.5 159/256 | ratio_f 1.000 kl_f 3.73e-08 masked_f 0.000 loss_f +0.0000 | ratio_t 1.000 loss_t +0.0005 | r_ema 0.595 | 23.8s
step 1427 | r_mean 0.465 r>0.5 132/256 | ratio_f 1.000 kl_f 2.93e-08 masked_f 0.000 loss_f +0.0000 | ratio_t 1.001 loss_t -0.0025 | r_ema 0.582 | 23.0s
step 1428 | r_mean 0.643 r>0.5 170/256 | ratio_f 1.000 kl_f 1.46e-07 masked_f 0.000 loss_f +0.0000 | ratio_t 1.000 loss_t -0.0007 | r_ema 0.588 | 26.3s
step 1429 | r_mean 0.566 r>0.5 150/256 | ratio_f 1.000 kl_f 1.57e-07 masked_f 0.000 loss_f +0.0000 | ratio_t 1.000 loss_t +0.0001 | r_ema 0.586 | 23.1s
step 1430 | r_mean 0.538 r>0.5 133/256 | ratio_f 1.000 kl_f 3.04e-08 masked_f 0.000 loss_f -0.0000 | ratio_t 1.001 loss_t -0.0000 | r_ema 0.581 | 25.7s
step 1431 | r_mean 0.505 r>0.5 128/256 | ratio_f 1.000 kl_f 2.66e-08 masked_f 0.000 loss_f +0.0000 | ratio_t 1.000 loss_t -0.0003 | r_ema 0.574 | 24.8s
step 1432 | r_mean 0.387 r>0.5 94/256 | ratio_f 1.000 kl_f 2.94e-08 masked_f 0.000 loss_f -0.0000 | ratio_t 0.999 loss_t +0.0004 | r_ema 0.555 | 77.7s
step 1433 | r_mean 0.525 r>0.5 145/256 | ratio_f 1.000 kl_f 3.02e-08 masked_f 0.000 loss_f -0.0000 | ratio_t 1.000 loss_t +0.0002 | r_ema 0.552 | 62.2s
/home/xyh/Symbolic_Regression/E2E/E2E/symbolicregression/envs/generators.py:216: RuntimeWarning: overflow encountered in power
  return numerator ** 3
step 1434 | r_mean 0.521 r>0.5 149/256 | ratio_f 1.000 kl_f 3.41e-08 masked_f 0.000 loss_f -0.0000 | ratio_t 1.001 loss_t -0.0014 | r_ema 0.549 | 74.3s
step 1435 | r_mean 0.657 r>0.5 174/256 | ratio_f 1.000 kl_f 3.21e-08 masked_f 0.000 loss_f +0.0000 | ratio_t 0.999 loss_t -0.0006 | r_ema 0.560 | 21.9s
step 1436 | r_mean 0.782 r>0.5 218/256 | ratio_f 1.000 kl_f 3.25e-08 masked_f 0.000 loss_f -0.0000 | ratio_t 1.000 loss_t +0.0006 | r_ema 0.582 | 21.5s
step 1437 | r_mean 0.404 r>0.5 89/256 | ratio_f 1.000 kl_f 3.71e-08 masked_f 0.000 loss_f +0.0000 | ratio_t 1.000 loss_t +0.0004 | r_ema 0.564 | 46.0s
step 1438 | r_mean 0.694 r>0.5 183/256 | ratio_f 1.000 kl_f 3.77e-08 masked_f 0.000 loss_f +0.0000 | ratio_t 0.999 loss_t -0.0002 | r_ema 0.577 | 25.9s
step 1439 | r_mean 0.514 r>0.5 139/256 | ratio_f 1.000 kl_f 3.77e-08 masked_f 0.000 loss_f +0.0000 | ratio_t 1.001 loss_t +0.0002 | r_ema 0.571 | 20.0s
step 1440 | r_mean 0.556 r>0.5 147/256 | ratio_f 1.000 kl_f 2.99e-08 masked_f 0.000 loss_f -0.0000 | ratio_t 0.999 loss_t +0.0007 | r_ema 0.569 | 22.8s
step 1441 | r_mean 0.547 r>0.5 142/256 | ratio_f 1.000 kl_f 8.99e-08 masked_f 0.000 loss_f +0.0000 | ratio_t 1.001 loss_t +0.0004 | r_ema 0.567 | 32.3s
step 1442 | r_mean 0.701 r>0.5 176/256 | ratio_f 1.000 kl_f 3.18e-08 masked_f 0.000 loss_f -0.0000 | ratio_t 0.999 loss_t -0.0002 | r_ema 0.580 | 22.1s
step 1443 | r_mean 0.552 r>0.5 153/256 | ratio_f 1.000 kl_f 3.11e-08 masked_f 0.000 loss_f +0.0000 | ratio_t 0.999 loss_t +0.0007 | r_ema 0.578 | 22.8s
step 1444 | r_mean 0.662 r>0.5 168/256 | ratio_f 1.000 kl_f 3.16e-08 masked_f 0.000 loss_f +0.0000 | ratio_t 1.000 loss_t +0.0006 | r_ema 0.586 | 29.6s
step 1445 | r_mean 0.780 r>0.5 218/256 | ratio_f 1.000 kl_f 4.35e-08 masked_f 0.000 loss_f +0.0000 | ratio_t 1.000 loss_t -0.0006 | r_ema 0.605 | 24.8s
step 1446 | r_mean 0.797 r>0.5 213/256 | ratio_f 1.000 kl_f 3.57e-08 masked_f 0.000 loss_f -0.0000 | ratio_t 0.999 loss_t -0.0001 | r_ema 0.625 | 20.7s
step 1447 | r_mean 0.565 r>0.5 154/256 | ratio_f 1.000 kl_f 2.97e-08 masked_f 0.000 loss_f -0.0000 | ratio_t 1.001 loss_t +0.0005 | r_ema 0.619 | 48.3s
step 1448 | r_mean 0.567 r>0.5 143/256 | ratio_f 1.000 kl_f 3.39e-08 masked_f 0.000 loss_f +0.0000 | ratio_t 1.001 loss_t +0.0014 | r_ema 0.614 | 23.1s
step 1449 | r_mean 0.690 r>0.5 183/256 | ratio_f 1.000 kl_f 2.90e-08 masked_f 0.000 loss_f -0.0000 | ratio_t 1.001 loss_t -0.0003 | r_ema 0.621 | 21.3s
step 1450 | r_mean 0.865 r>0.5 232/256 | ratio_f 1.000 kl_f 3.39e-08 masked_f 0.000 loss_f -0.0000 | ratio_t 1.001 loss_t -0.0009 | r_ema 0.646 | 19.8s
  [ckpt] step 1450 r_ema 0.646 best 0.647 -> checkpoints/m3_rl/{best,last}.pth
step 1451 | r_mean 0.855 r>0.5 235/256 | ratio_f 1.000 kl_f 2.88e-08 masked_f 0.000 loss_f -0.0000 | ratio_t 1.001 loss_t -0.0009 | r_ema 0.667 | 21.9s
step 1452 | r_mean 0.588 r>0.5 151/256 | ratio_f 1.000 kl_f 3.41e-08 masked_f 0.000 loss_f +0.0000 | ratio_t 0.998 loss_t +0.0010 | r_ema 0.659 | 23.8s
step 1453 | r_mean 0.679 r>0.5 175/256 | ratio_f 1.000 kl_f 3.18e-08 masked_f 0.000 loss_f +0.0000 | ratio_t 1.000 loss_t -0.0001 | r_ema 0.661 | 20.4s
step 1454 | r_mean 0.713 r>0.5 184/256 | ratio_f 1.000 kl_f 3.27e-08 masked_f 0.000 loss_f +0.0000 | ratio_t 0.999 loss_t -0.0001 | r_ema 0.666 | 23.9s
step 1455 | r_mean 0.648 r>0.5 167/256 | ratio_f 1.000 kl_f 1.05e-07 masked_f 0.000 loss_f -0.0000 | ratio_t 1.000 loss_t +0.0010 | r_ema 0.664 | 21.5s
step 1456 | r_mean 0.503 r>0.5 120/256 | ratio_f 1.000 kl_f 7.84e-08 masked_f 0.000 loss_f -0.0000 | ratio_t 1.000 loss_t +0.0010 | r_ema 0.648 | 22.4s
step 1457 | r_mean 0.633 r>0.5 164/256 | ratio_f 1.000 kl_f 2.96e-08 masked_f 0.000 loss_f +0.0000 | ratio_t 1.000 loss_t +0.0001 | r_ema 0.647 | 20.3s
step 1458 | r_mean 0.588 r>0.5 151/256 | ratio_f 1.000 kl_f 6.17e-08 masked_f 0.000 loss_f +0.0000 | ratio_t 0.999 loss_t -0.0004 | r_ema 0.641 | 21.4s
step 1459 | r_mean 0.876 r>0.5 232/256 | ratio_f 1.000 kl_f 2.97e-08 masked_f 0.000 loss_f +0.0000 | ratio_t 1.000 loss_t +0.0060 | r_ema 0.664 | 16.0s
step 1460 | r_mean 0.488 r>0.5 126/256 | ratio_f 1.000 kl_f 7.05e-08 masked_f 0.000 loss_f +0.0000 | ratio_t 1.000 loss_t +0.0007 | r_ema 0.647 | 48.5s
step 1461 | r_mean 0.736 r>0.5 182/256 | ratio_f 1.000 kl_f 2.95e-08 masked_f 0.000 loss_f -0.0000 | ratio_t 0.996 loss_t -0.0007 | r_ema 0.655 | 19.5s
step 1462 | r_mean 0.539 r>0.5 137/256 | ratio_f 1.000 kl_f 7.61e-08 masked_f 0.000 loss_f +0.0000 | ratio_t 0.999 loss_t -0.0016 | r_ema 0.644 | 48.2s
step 1463 | r_mean 0.665 r>0.5 176/256 | ratio_f 1.000 kl_f 3.58e-08 masked_f 0.000 loss_f -0.0000 | ratio_t 0.999 loss_t -0.0010 | r_ema 0.646 | 27.1s
step 1464 | r_mean 0.666 r>0.5 171/256 | ratio_f 1.000 kl_f 3.92e-08 masked_f 0.000 loss_f -0.0000 | ratio_t 1.005 loss_t +0.0040 | r_ema 0.648 | 19.3s
step 1465 | r_mean 0.697 r>0.5 189/256 | ratio_f 1.000 kl_f 3.84e-08 masked_f 0.000 loss_f -0.0000 | ratio_t 1.000 loss_t +0.0001 | r_ema 0.653 | 19.7s
step 1466 | r_mean 0.449 r>0.5 109/256 | ratio_f 1.000 kl_f 3.39e-08 masked_f 0.000 loss_f +0.0000 | ratio_t 0.999 loss_t +0.0010 | r_ema 0.632 | 49.2s
step 1467 | r_mean 0.531 r>0.5 138/256 | ratio_f 1.000 kl_f 2.68e-08 masked_f 0.000 loss_f +0.0000 | ratio_t 1.001 loss_t -0.0003 | r_ema 0.622 | 21.2s
step 1468 | r_mean 0.713 r>0.5 186/256 | ratio_f 1.000 kl_f 3.26e-08 masked_f 0.000 loss_f -0.0000 | ratio_t 1.000 loss_t +0.0005 | r_ema 0.631 | 19.8s
step 1469 | r_mean 0.529 r>0.5 150/256 | ratio_f 1.000 kl_f 7.19e-08 masked_f 0.000 loss_f +0.0000 | ratio_t 1.001 loss_t +0.0005 | r_ema 0.621 | 20.5s
step 1470 | r_mean 0.527 r>0.5 134/256 | ratio_f 1.000 kl_f 2.93e-08 masked_f 0.000 loss_f -0.0000 | ratio_t 1.001 loss_t -0.0000 | r_ema 0.612 | 23.2s
step 1471 | r_mean 0.674 r>0.5 178/256 | ratio_f 1.000 kl_f 3.97e-08 masked_f 0.000 loss_f -0.0000 | ratio_t 0.999 loss_t +0.0009 | r_ema 0.618 | 18.7s
step 1472 | r_mean 0.607 r>0.5 161/256 | ratio_f 1.000 kl_f 3.59e-08 masked_f 0.000 loss_f -0.0000 | ratio_t 1.001 loss_t -0.0006 | r_ema 0.617 | 17.6s
step 1473 | r_mean 0.715 r>0.5 191/256 | ratio_f 1.000 kl_f 3.32e-08 masked_f 0.000 loss_f +0.0000 | ratio_t 1.000 loss_t +0.0004 | r_ema 0.627 | 23.1s
step 1474 | r_mean 0.510 r>0.5 138/256 | ratio_f 1.000 kl_f 3.50e-08 masked_f 0.000 loss_f +0.0000 | ratio_t 0.998 loss_t -0.0006 | r_ema 0.615 | 23.1s
step 1475 | r_mean 0.590 r>0.5 165/256 | ratio_f 1.000 kl_f 3.27e-08 masked_f 0.000 loss_f -0.0000 | ratio_t 0.999 loss_t -0.0000 | r_ema 0.613 | 49.5s
step 1476 | r_mean 0.646 r>0.5 169/256 | ratio_f 1.000 kl_f 3.60e-08 masked_f 0.000 loss_f -0.0000 | ratio_t 1.002 loss_t -0.0004 | r_ema 0.616 | 20.2s
step 1477 | r_mean 0.614 r>0.5 151/256 | ratio_f 1.000 kl_f 3.83e-08 masked_f 0.000 loss_f +0.0000 | ratio_t 0.999 loss_t +0.0012 | r_ema 0.616 | 22.4s
step 1478 | r_mean 0.683 r>0.5 179/256 | ratio_f 1.000 kl_f 3.55e-08 masked_f 0.000 loss_f -0.0000 | ratio_t 1.000 loss_t +0.0003 | r_ema 0.622 | 19.7s
step 1479 | r_mean 0.691 r>0.5 176/256 | ratio_f 1.000 kl_f 3.52e-08 masked_f 0.000 loss_f -0.0000 | ratio_t 1.000 loss_t -0.0010 | r_ema 0.629 | 20.1s
step 1480 | r_mean 0.573 r>0.5 147/256 | ratio_f 1.000 kl_f 1.41e-07 masked_f 0.000 loss_f +0.0000 | ratio_t 1.000 loss_t +0.0001 | r_ema 0.624 | 43.7s
step 1481 | r_mean 0.630 r>0.5 161/256 | ratio_f 1.000 kl_f 1.12e-07 masked_f 0.000 loss_f -0.0000 | ratio_t 0.999 loss_t +0.0000 | r_ema 0.624 | 54.1s
step 1482 | r_mean 0.444 r>0.5 122/256 | ratio_f 1.000 kl_f 3.24e-08 masked_f 0.000 loss_f +0.0000 | ratio_t 1.001 loss_t -0.0017 | r_ema 0.606 | 20.7s
step 1483 | r_mean 0.730 r>0.5 196/256 | ratio_f 1.000 kl_f 3.71e-08 masked_f 0.000 loss_f +0.0000 | ratio_t 0.999 loss_t +0.0012 | r_ema 0.619 | 29.6s
step 1484 | r_mean 0.703 r>0.5 177/256 | ratio_f 1.000 kl_f 4.40e-08 masked_f 0.000 loss_f -0.0000 | ratio_t 1.000 loss_t -0.0004 | r_ema 0.627 | 17.3s
step 1485 | r_mean 0.598 r>0.5 150/256 | ratio_f 1.000 kl_f 3.93e-08 masked_f 0.000 loss_f +0.0000 | ratio_t 1.002 loss_t +0.0013 | r_ema 0.624 | 18.7s
/home/xyh/Symbolic_Regression/E2E/E2E/.venv/lib/python3.10/site-packages/numpy/_core/_methods.py:135: RuntimeWarning: overflow encountered in reduce
  ret = umr_sum(arr, axis, dtype, out, keepdims, where=where)
step 1486 | r_mean 0.532 r>0.5 144/256 | ratio_f 1.000 kl_f 2.98e-08 masked_f 0.000 loss_f +0.0000 | ratio_t 0.999 loss_t -0.0004 | r_ema 0.615 | 32.7s
step 1487 | r_mean 0.592 r>0.5 162/256 | ratio_f 1.000 kl_f 2.71e-08 masked_f 0.000 loss_f +0.0000 | ratio_t 1.001 loss_t +0.0007 | r_ema 0.613 | 20.2s
step 1488 | r_mean 0.493 r>0.5 124/256 | ratio_f 1.000 kl_f 3.69e-08 masked_f 0.000 loss_f -0.0000 | ratio_t 1.000 loss_t -0.0060 | r_ema 0.601 | 50.0s
step 1489 | r_mean 0.544 r>0.5 149/256 | ratio_f 1.000 kl_f 3.50e-08 masked_f 0.000 loss_f +0.0000 | ratio_t 1.001 loss_t -0.0009 | r_ema 0.595 | 35.3s
step 1490 | r_mean 0.525 r>0.5 148/256 | ratio_f 1.000 kl_f 3.91e-08 masked_f 0.000 loss_f +0.0000 | ratio_t 0.999 loss_t +0.0013 | r_ema 0.588 | 52.8s
step 1491 | r_mean 0.620 r>0.5 159/256 | ratio_f 1.000 kl_f 3.08e-08 masked_f 0.000 loss_f +0.0000 | ratio_t 1.000 loss_t +0.0001 | r_ema 0.591 | 21.3s
step 1492 | r_mean 0.626 r>0.5 165/256 | ratio_f 1.000 kl_f 8.94e-08 masked_f 0.000 loss_f -0.0000 | ratio_t 1.000 loss_t +0.0009 | r_ema 0.595 | 47.5s
step 1493 | r_mean 0.722 r>0.5 203/256 | ratio_f 1.000 kl_f 4.01e-08 masked_f 0.000 loss_f -0.0000 | ratio_t 1.000 loss_t +0.0008 | r_ema 0.607 | 18.1s
step 1494 | r_mean 0.547 r>0.5 156/256 | ratio_f 1.000 kl_f 3.42e-08 masked_f 0.000 loss_f +0.0000 | ratio_t 1.001 loss_t -0.0014 | r_ema 0.601 | 38.9s
step 1495 | r_mean 0.727 r>0.5 198/256 | ratio_f 1.000 kl_f 1.10e-07 masked_f 0.000 loss_f -0.0000 | ratio_t 1.002 loss_t +0.0006 | r_ema 0.614 | 17.6s
step 1496 | r_mean 0.550 r>0.5 134/256 | ratio_f 1.000 kl_f 6.08e-08 masked_f 0.000 loss_f +0.0000 | ratio_t 1.001 loss_t -0.0017 | r_ema 0.608 | 25.3s
step 1497 | r_mean 0.686 r>0.5 171/256 | ratio_f 1.000 kl_f 3.74e-08 masked_f 0.000 loss_f +0.0000 | ratio_t 1.000 loss_t +0.0009 | r_ema 0.615 | 14.2s
step 1498 | r_mean 0.688 r>0.5 184/256 | ratio_f 1.000 kl_f 3.28e-08 masked_f 0.000 loss_f -0.0000 | ratio_t 0.998 loss_t +0.0003 | r_ema 0.623 | 18.5s
step 1499 | r_mean 0.685 r>0.5 189/256 | ratio_f 1.000 kl_f 3.31e-08 masked_f 0.000 loss_f -0.0000 | ratio_t 0.998 loss_t -0.0009 | r_ema 0.629 | 45.4s
step 1500 | r_mean 0.666 r>0.5 179/256 | ratio_f 1.000 kl_f 3.79e-08 masked_f 0.000 loss_f -0.0000 | ratio_t 1.000 loss_t -0.0006 | r_ema 0.633 | 23.9s
  [ckpt] step 1500 r_ema 0.633 best 0.647 -> checkpoints/m3_rl/{best,last}.pth

[diag] 1500步 | init R² 0.124 (>0:114/256) | trained R² 0.554 (>0:245/256)
[diag] trained R² > init R² = 双头 GRPO 有效(decode 脱节修复); < = 仍失败
done 1500 steps in 426.3min
