dataset,status,n_features,refinement_type,r2,rmse,complexity,seconds,error,noise_strength,expr
1027_ESL,ok,4,BFGS,0.8724237531977661,0.519417998659263,61,105.49,,0.1,(2.2462341661115497 + (((((0.4613601056792811 * (-6.146798559422659 + (1.0976425998969035 * x_3))) + (0.4512520294947431 * (-3.1650294675520123 + (0.6187740894529837 * x_1)))) + (1.3948576265747983 * inv((0.12008715591914065 + (0.36869843058504204 * inv((0.9320820930385159 + (0.17214161177414838 * (-4.543727322540949 + (0.8485018342746871 * x_2)))))))))) + (0.31645440325110397 * (-3.689442089095961 + (0.6641659926365366 * x_0)))) + inv((2.8885251074701834 + (0.9009357383881937 * (0.9894254425628 * inv((6.0614707785742326 + (0.5170153502071808 * (-4.543727322540949 + (0.8485018342746871 * x_2)))))))))))
1028_SWD,ok,10,BFGS,0.31923796413752026,0.6664301555277056,110,93.77,,0.1,(3.849340621030607 + (((0.0606131934741513 * sin((0.7634271025219621 + (0.12112401714092552 * (-2.8621521711176414 + (1.2806049982629268 * x_1)))))) + (-0.008919745080684605 * (-2.3736872687394746 + (1.012233376861183 * x_4)))) * (((((2.4967223594628476 * (-2.7885115085974532 + (1.4154880754301793 * x_0))) + (4.085984358539639 * (inv((6.24977717021202 + (0.22095208794603924 * inv(((0.47261511270611434 * (-2.9293890917537175 + (2.0064308847628203 * x_5))) + (3.5284766798955847 * (-2.1689364464787513 + (0.972617240573431 * x_2)))))))) * (-2.566230515260939 + (1.2704111461687815 * x_8))))) + ((8.03575792568206 * inv((47.70480391961913 + (0.12398929627000625 * (-2.4841136395988146 + (1.2451697441598069 * x_3)))))) + (2.906184806170094e-06 * inv((49.67832815893252 + (39.798769155257716 * (-2.5904290116544066 + (1.3421911977483971 * x_6)))))))) + ((7.125197839076349 * (-2.1689364464787513 + (0.972617240573431 * x_2))) + (0.4486370865258914 * (-2.8621521711176414 + (1.2806049982629268 * x_1))))) + (0.5493092646499044 * (-2.5904290116544066 + (1.3421911977483971 * x_6))))))
1029_LEV,ok,4,BFGS,0.5719043251596698,0.63516719371322,44,104.29,,0.1,(1.8268524931497134 + (((0.2725695039922018 * (-1.3777422408758337 + (0.721331016165358 * x_3))) + (0.5734333328120722 * (-1.490881128154221 + (0.7665198602335326 * x_1)))) - ((-4.213949305701689 * (-1.3537592065395143 + (0.7317617332646023 * x_0))) - ((-3.814231217815501 * (-1.3537592065395143 + (0.7317617332646023 * x_0))) - inv((11.904697232401858 + (0.8998656325936656 * (-1.490881128154221 + (0.7665198602335326 * x_1)))))))))
1030_ERA,ok,4,BFGS,0.45654359289788726,1.4797937898123088,76,107.58,,0.1,(5.656479930702027 + ((6.620484898230842 * inv((14.091760314207207 + (2.1177654738597393 * (-1.4098777764544617 + (0.21377979931075994 * x_3)))))) - (((0.09261800340929782 * (-1.4098777764544617 + (0.21377979931075994 * x_3))) + (((((-1.0658986574797096 * (-1.8026202153614108 + (0.2599308169230585 * x_1))) + (-0.6864508581747342 * (-1.6821592654348876 + (0.2229502008528678 * x_0)))) + (-1.3403103002720034 * (-1.775251610451698 + (0.26918144207000727 * x_2)))) + inv((2.163450545463645 + (1.1610287202075265 * (-1.4098777764544617 + (0.21377979931075994 * x_3)))))) + (-1.775251610451698 + (0.26918144207000727 * x_2)))) + (117.22882736126269 * inv((103.21181353768623 + (-0.030473091465269234 * (-1.6821592654348876 + (0.2229502008528678 * x_0)))))))))
1096_FacultySalaries,ok,4,BFGS,0.7594380872840685,2.242110413369638,86,163.24,,0.1,(55.400057486571804 + ((7.646737564426761 * (-8.427043203926056 + (0.14480699704232594 * x_1))) + (((0.6182858943851774 * inv(((38.72855846026119 * (-9.112288776127002 + (0.17718880655098507 * x_3))) + (-0.1959785369791785 * (-9.112288776127002 + (0.17718880655098507 * x_3)))))) - (18.988708307066368 * (-0.5619514869490163 + (2.341464528954235 * x_0)))) - (((-18.324115803816078 * (-0.5619514869490163 + (2.341464528954235 * x_0))) + (52.0590736202405 * inv((4.4995284079058075 + (0.3339842505844214 * (-0.5619514869490163 + (2.341464528954235 * x_0))))))) + (((4.777513115302219 * (-7.346234106637792 + (0.09939270487749849 * x_2))) + (-1.1011575698067362 * inv((0.3301208081615956 + (9.147014943409747 * (-9.112288776127002 + (0.17718880655098507 * x_3))))))) + (0.3757139714726795 * (-7.346234106637792 + (0.09939270487749849 * x_2))))))))
1193_BNG_lowbwt,ok,9,BFGS,0.5827392817528103,468.03737820126725,121,199.93,,0.1,(-7.468926763038729 + ((83.6579567098745 * ((5.888291365255441 + (-0.4786139400639281 * (1.0597987687956694 * (-0.7018100265975371 + (2.126697050295567 * x_0))))))**2) + ((1.681180395847679 * (-4.7670358854990456 + (0.20452064575820186 * x_1))) + ((2.696304488136043 * (-0.2412489548185819 + (4.386344633065126 * x_6))) - ((77.36742905157593 * (-0.7018100265975371 + (2.126697050295567 * x_0))) - (0.3106099701874082 * (((0.058023043969560664 * (-0.8422598823413764 + (2.029541885159943 * x_4))) + (0.05193016606340446 * (-0.9231403599700084 + (0.7474820728502092 * x_8)))) * ((0.44382464721127424 * ((5.917510258823394 + (0.12913250934409867 * (-2.1712405933672376 + (2.631806779839076 * x_7)))))**2) - (((((0.5302373528683626 * (-1.7565107319733801 + (1.3459852352286439 * x_3))) + (4.5510107635887485 * (-0.7018100265975371 + (2.126697050295567 * x_0)))) + (5.694685030897917 * cos((5.165991389832369 + (0.7228902919681093 * (-4.341145088689214 + (0.03261568031203464 * x_2))))))) + (-2.1712405933672376 + (2.631806779839076 * x_7))) * (0.12557028841833487 * ((-24.397426761069777 + (17.397687452468627 * (-3.460627849625094 * (-0.4860799579773197 + (1.7055437122011219 * x_5))))))**2))))))))))
1196_BNG_pharynx,ok,10,BFGS,0.48762352768649875,274.2000915048005,164,117.10,,0.1,(643.7194784325341 + (((-3.419048497230577 * (-1.3076038098835963 + (1.5659925866869417 * x_3))) + (-40.41589794557807 * (-5.275654998591812 + (0.08600904883651646 * x_4)))) - (((-12.189838986900359 * (-1.3184242770282357 + (1.2437964877624863 * x_6))) + ((-5.435832551214354 * (-1.3184242770282357 + (1.2437964877624863 * x_6))) + (((-25.241988098064624 * (-5.275654998591812 + (0.08600904883651646 * x_4))) + (((6.511149629799936 * ((-3.2822428635254397 + (0.6649131329293194 * (-1.4913495697629222 + (1.021472308056796 * x_8)))))**2) - ((-3.889166011318812 * inv(((27.170983338352663 * (-1.3076038098835963 + (1.5659925866869417 * x_3))) + ((-125.01985511145716 * ((-13.030266150863017 + (-14.005696949637894 * (-0.4676211227230167 + (1.585156348213616 * x_5)))))**2) + ((-1.020204061220407 + (2.000400120040014 * x_2)) * (-1.020204061220407 + (2.000400120040014 * x_2))))))) - (230.89868313349382 * (-0.9685432901733048 + (1.0249135345749258 * x_7))))) + (7.2708809786156205 * (-1.020204061220407 + (2.000400120040014 * x_2))))) + (((-228.12782336157568 * (-0.5927489783638191 + (2.279803762937766 * x_9))) + ((-14.744256908542923 * (-1.6870547845739468 + (2.279803762937766 * x_1))) + ((55.56548394583369 * (-1.3184242770282357 + (1.2437964877624863 * x_6))) - (162.56376647759146 * (-0.9685432901733048 + (1.0249135345749258 * x_7)))))) + (71.02107151587776 * (-0.4676211227230167 + (1.585156348213616 * x_5))))))) + ((-0.5927489783638191 + (2.279803762937766 * x_9)) * ((-1.6870547845739468 + (2.279803762937766 * x_1)) * (-0.4676211227230167 + (1.585156348213616 * x_5)))))))
1199_BNG_echoMonths,ok,9,BFGS,0.5376392181197172,10.544743767629546,130,134.82,,0.1,(0.143264502573332 + (((124.68586662824686 * sin((2.9620200932086593 + (0.06072281643942129 * (-0.7018100265975372 + (2.1266970502955673 * x_0)))))) + ((-2.196352574414089 * (-1.7077351386697883 + (0.1433472945228545 * x_4))) - ((-0.09697493972448468 * (((-0.09518199263722504 * inv((0.4251964473505696 + (11.75874765382843 * (-0.7018100265975372 + (2.1266970502955673 * x_0)))))) + (-0.1595148363332587 * (-3.0702386426579005 + (2.0989423382322308 * x_7)))) * ((((-0.06679683801316122 * inv((209.35370168014276 + (0.8924831379389842 * (-3.0702386426579005 + (2.0989423382322308 * x_7)))))) + (-0.6494856722438733 * (-2.7393118696321914 + (0.1834262746734647 * x_6)))) + ((-158.07194549463065 * (-2.7393118696321914 + (0.1834262746734647 * x_6))) + ((-0.4118712392736661 * (-7.068403061162645 + (0.11366866615016445 * x_1))) - (115.66058564598535 * (sin((-0.6971551755271372 + (-0.023059455495022016 * (-2.050416905868444 + (9.294535034379726 * x_3))))) * (0.6653135918659641 * (-2.7393118696321914 + (0.1834262746734647 * x_6)))))))) + sin((2.7886121059227875 + (1.3842519567624896 * (-0.4525696378552518 + (2.66217434032501 * x_2)))))))) + (4.17260344560578 * (-0.5850486126764433 + (2.29430828500566 * x_8)))))) + (0.7395721408506253 * (-6.139712387609727 + (1.3064991268887023 * x_5)))))
1201_BNG_breastTumor,ok,9,BFGS,0.11421932086636788,9.970729814116783,123,118.54,,0.1,(48.178097710733795 + (((-0.047654084388776 * cos((10.797190096544625 + (-0.08072298441327619 * (-0.5388159060803247 + (2.3947373603569986 * x_3)))))) + ((3.632119805347953 * sin(((36.01776502610758 * (-0.749436783737264 + (0.22607444456629383 * x_2))) + (0.7799375855558321 * inv((1.3509179812643382 + (-0.6949420172551735 * (-0.75 + (2.0833333333333335 * x_8))))))))) - (((0.25381030924849335 * (-1.2500406497455434 + (0.8064778385455118 * x_6))) + ((41.60948516647832 * cos((0.8887275316349794 + (0.5644673845787789 * (-0.933007822647968 + (1.6963778593599417 * x_1)))))) + sin((0.36767730279233746 + (5.779444114235115 * (-0.5388159060803247 + (2.3947373603569986 * x_3))))))) + (((-2.2221043879550457 * (-5.513793854744495 + (0.10828748668207969 * x_0))) + ((1.5884988329047136 * (-1.6200683918739798 + (1.270641875979592 * x_4))) - ((1.553504716640112 * (-0.6081636405595373 + (2.2524579279982864 * x_7))) + (-0.009241694455872862 * sin((23.510068254087003 + (13.896455371558854 * (-0.749436783737264 + (0.22607444456629383 * x_2))))))))) + (19.32357128453212 * (-0.933007822647968 + (1.6963778593599417 * x_1))))))) - (-0.44619778241571384 * (-0.5388159060803247 + (2.3947373603569986 * x_3)))))
1203_BNG_pwLinear,ok,10,BFGS,0.4724330029533781,3.1875611196354954,127,104.16,,0.1,(-0.5876457489062819 + ((0.052744109143023465 * (((0.25101725245510453 * ((0.07462778926574919 + (1.2437964877624865 * x_6)) * (0.103834826330233 + (1.2979353291279123 * x_9)))) + ((0.7872377327981503 * ((inv((5.905301744953345 + (-0.8362450519956619 * (-0.032157832069216574 + (1.286313282768663 * x_4))))) * inv((0.4537703391759891 + (0.3723320092146034 * (-0.012127673025267264 + (1.2127673025267265 * x_2)))))) * (-0.25953965595476425 * (-0.032157832069216574 + (1.286313282768663 * x_4))))) + (-10.980336506936332 * (-0.07017213284715496 + (1.0024590406736422 * x_0))))) * ((0.3289322530527581 * inv((32.604930760125654 + (0.3198009416386667 * (0.23480352857641618 + (1.2692082625752226 * x_1)))))) + ((2.600516812908978 * (-0.012127673025267264 + (1.2127673025267265 * x_2))) + ((0.6984209347628147 * inv(((0.5431882945596631 * inv((5.4556757671356415 + (59.489379233330595 * (-0.07017213284715496 + (1.0024590406736422 * x_0)))))) + inv((6.127508742297742 + (0.47072490688926405 * (0.10854662075011276 + (1.1425960078959239 * x_8)))))))) + (0.2689676650515983 * (-0.3106848830006 + (1.2427395320024 * x_5)))))))) + (0.39526270922967277 * ((-0.018397292771819163 + (1.2264861847879442 * x_3)) * (-0.07017213284715496 + (1.0024590406736422 * x_0))))))
192_vineyard,ok,2,BFGS,0.7084641334922158,2.349804335891303,99,104.90,,0.1,(18.836578043221493 + ((0.011355484157662556 * inv((2.7405839543376516 + (41.36486692289665 * (-4.169458226011473 + (0.431896071220312 * x_1)))))) - ((-2.9131087806397886 * (-1.7076703227012184 + (0.5208144092695798 * x_0))) - (-0.0888569704300361 * ((cos(((8.128227171466868 * (-4.169458226011473 + (0.431896071220312 * x_1))) - (22.476741548914987 * (-1.7076703227012184 + (0.5208144092695798 * x_0))))) + (-0.5797943327601525 * (-1.7076703227012184 + (0.5208144092695798 * x_0)))) * ((0.9640723353202549 * (-1.7076703227012184 + (0.5208144092695798 * x_0))) - ((-0.8677994446723774 * (-1.7076703227012184 + (0.5208144092695798 * x_0))) - (((0.1973971238079425 * inv((-342.20280277702 + (1.7477846229646383 * (-1.7076703227012184 + (0.5208144092695798 * x_0)))))) - (-615.6918359630404 * inv((-2.0030749937438355 + (52.444743596388236 * (-1.7076703227012184 + (0.5208144092695798 * x_0))))))) - (27.059249000280417 * (-1.7076703227012184 + (0.5208144092695798 * x_0)))))))))))
210_cloud,ok,5,BFGS,0.878393732002338,0.3738917536831059,126,109.07,,0.1,(0.29841668375125097 + ((((0.3873764972926806 * inv((4.743907142201069 + (0.2908609293654536 * ((-1.0 + (2.0 * x_0)) * ((-1.349156164026494 + (0.6152466562861073 * x_4)) * (-1.349156164026494 + (0.6152466562861073 * x_4)))))))) + (0.626440028921446 * (-1.3542915032506988 + (1.1265769290074164 * x_3)))) + (0.3383269439603048 * (((((0.54853959920371 * inv((0.3985836198603253 + (3.4132931529243797 * (-1.0 + (2.0 * x_0)))))) + (5.811750944928452 * inv(((7.171351379582553 * inv((0.5805584127087724 + (0.1463540688800022 * (-1.0570827394885711 + (0.7017329636726495 * x_2)))))) - (3.911477581181183 * inv((1.1744431572170628 + (0.6926271735445582 * (-1.3542915032506988 + (1.1265769290074164 * x_3)))))))))) + inv((1.0358050783693736e-07 + (7.764571578427947e-12 * (-1.4231307757262779 + (0.9371836815758414 * x_1)))))) + (0.12382962451229512 * (-1.0570827394885711 + (0.7017329636726495 * x_2)))) * (1.5682230346360687e-07 * (-1.0570827394885711 + (0.7017329636726495 * x_2)))))) + ((3.6342085933593165 * inv((4.258748921446411 + (0.44379372992176347 * (-1.349156164026494 + (0.6152466562861073 * x_4)))))) - (-0.006713873586472142 * (-1.0 + (2.0 * x_0))))))
215_2dplanes,ok,10,BFGS,0.6504624694663703,2.7507827781839094,59,106.98,,0.1,(-0.20602997815366336 + ((((0.022791250966136073 * inv((0.37562686913933296 + (3.7809056132685326 * (-0.08057455696049687 + (1.2396085686230287 * x_8)))))) + ((1.5671061165939708 * (0.02000400120040014 + (1.000200060020007 * x_0))) + (1.1435520633334653 * (-0.03138824102871723 + (1.2555296411486891 * x_1))))) + (0.11040284953727503 * inv((0.3297964194186159 + (11.951674031676895 * (0.047524845652175754 + (1.1881211413043937 * x_5))))))) + ((1.818692159979686 * (0.02000400120040014 + (1.000200060020007 * x_0))) + (1.322736719985989 * (0.07603639459945774 + (1.1697906861455036 * x_4))))))
218_house_8L,ok,8,BFGS,0.3263024009626905,33265.22087761739,124,132.82,,0.1,(131.41965911175015 + ((11.044609712470816 * ((53.50907315506976 + (-0.08263603214761667 * (-0.2735558448495786 + (0.00011731984031014947 * x_0)))))**2) + ((((10.724599449533613 * (((7.217209496765305 + (1.026932868084816 * (-0.4354479563349125 + (54.54681096758018 * x_1)))))**2 * (((0.06069620152770043 * ((14.74457732136451 + (13.528206434430686 * (-8.051727895827435 + (16.731591247493967 * x_2)))))**2) + (10.226581652831506 * (-8.745399041277315 + (1.4579020752294582 * x_6)))) + ((0.0013960303591381892 * (-0.2735558448495786 + (0.00011731984031014947 * x_0))) - (7.32854798057496 * (((0.2592602408429724 + (-0.42661349032440343 * (-1.5037336233963396 + (3.0832213967881748 * x_7)))))**2 * (-0.2735558448495786 + (0.00011731984031014947 * x_0)))))))) + (-25.899691698720318 * (((0.9505140107253627 + (-0.8198229842428475 * (-0.3762519483828514 + (8.305362235129161 * x_4)))))**2 * (-0.3762519483828514 + (8.305362235129161 * x_4))))) + (-8.745399041277315 + (1.4579020752294582 * x_6))) + (((91.33222862836345 * (-0.2735558448495786 + (0.00011731984031014947 * x_0))) + (6.706856247889682 * (-8.051727895827435 + (16.731591247493967 * x_2)))) - (-2.7326973446906235 * (-1.2420794631854704 + (7.280171385208041 * x_5)))))))
225_puma8NH,ok,8,BFGS,0.30380844691834075,4.692805363590265,130,97.50,,0.1,(-0.2842500401473983 + (((-0.06803402376253087 * (-0.09681685113891113 + (2.9689157921727203 * x_6))) + ((0.5439152943933174 * (-0.022023529833178766 + (0.8877592340102415 * x_4))) + ((((0.36731529938122476 * (-0.031097369547192274 + (0.9193982774372316 * x_5))) + (-0.01595504097458568 * (((-42.87042191420949 * inv((-0.23910908676746512 + (52.03666596675073 * (-0.01549372006853783 + (0.9102782276193362 * x_0)))))) + (((-7.757770215859637 * (-0.06585661692848528 + (0.8959411617355382 * x_2))) + (13.536790588961523 * (-0.06585661692848528 + (0.8959411617355382 * x_2)))) + (0.7859081457098642 * inv((0.3198299363223427 + 0.41559042063817286))))) * (-0.09681685113891113 + (2.9689157921727203 * x_6))))) + (((0.07633694399543195 * (-0.07572364437013104 + (0.9138359759094098 * x_3))) + (0.908737558298099 * inv(((0.12984370529558897 * (-0.07710723083161697 + (0.9234518833549156 * x_1))) + (1.1344963673356032 * inv((6.154309011830573 + (8.10822158384093 * (-0.07710723083161697 + (0.9234518833549156 * x_1)))))))))) + (-0.11511834421909684 * (-0.01549372006853783 + (0.9102782276193362 * x_0))))) + (0.5915262162820225 * (-0.01549372006853783 + (0.9102782276193362 * x_0)))))) - (0.043336694970732614 * inv((1.2440958743637154 + (0.7197991354521278 * (-0.0263697467348816 + (2.836613933023496 * x_7))))))))
228_elusage,ok,2,BFGS,0.8541126271687477,9.086581538233125,116,107.13,,0.1,(2.1854213954531736 + (((3.376655259495851 * (-3.494368107086116 + (0.06492913712491094 * x_0))) + (1.3051579735545866 * ((5.234216403672928 + (-2.4901831099436187 * (-3.494368107086116 + (0.06492913712491094 * x_0)))))**2)) - (((222.05511555434194 * inv((79.1590047460805 + (1.5125785865043109 * inv((70.46739232349714 + (10.1673392439042 * (-3.494368107086116 + (0.06492913712491094 * x_0))))))))) + ((0.6537887040240788 * inv((22.788222266894245 + (16.63066691346139 * (-1.588178110693536 + (0.281773535768208 * x_1)))))) + ((-10.276497990719793 * (-3.494368107086116 + (0.06492913712491094 * x_0))) + (-0.6805628748359043 * ((((-7.925043018807898 * inv((3.425355519149432 + (3.5450155450964864 * (-1.588178110693536 + (0.281773535768208 * x_1)))))) + (-5.2146690004133385 * (-1.588178110693536 + (0.281773535768208 * x_1)))) * inv((1.9549208629908272 + (10.683671889062659 * (-3.494368107086116 + (0.06492913712491094 * x_0)))))) * (-7.289866747501962e-09 * (-1.588178110693536 + (0.281773535768208 * x_1)))))))) + (0.2061009170882513 * ((0.4274386611733684 + (0.07996139497737417 * (-3.494368107086116 + (0.06492913712491094 * x_0)))))**2))))
229_pwLinear,ok,10,BFGS,0.6559367287847655,2.6181535510815803,140,101.39,,0.1,(0.1410229023461368 + (((((0.1460329504517384 * inv((-0.4490966000723917 + (8.663493877712447 * (0.024625761678892605 + (1.2312880839446303 * x_6)))))) + (((6.659970981538741 * (inv((11.414166855028753 + (-1.7722579504324294 * inv((0.7754471040744773 + (0.28451419579031295 * (-0.029787773436724965 + (1.1915109374689985 * x_7)))))))) * (0.13630961003872036 + (1.1853009568584378 * x_2)))) + (((1.7389149010628757 * (-0.0708881205008336 + (1.2888749181969743 * x_4))) + (-0.07017213284715496 + (1.0024590406736422 * x_0))) + ((19.44799451364606 * inv((124.92252987764793 + (-7.380222854834269 * (-0.12885860791431716 + (1.227224837279211 * x_5)))))) - (0.1424677142931092 * ((0.024625761678892605 + (1.2312880839446303 * x_6)) * (0.1308442961026054 + (1.2461361533581465 * x_1))))))) + (0.8793383662867329 * (0.07877919836271194 + (1.2119876671186451 * x_9))))) + ((-3.3435420004939997 * (-0.07017213284715496 + (1.0024590406736422 * x_0))) - (-1.6477921815502363 * (-0.12885860791431716 + (1.227224837279211 * x_5))))) + (-0.3201342924607836 * inv((0.6314172384648767 + (304.54309148481946 * (0.024625761678892605 + (1.2312880839446303 * x_6))))))) + (-0.0022172398283138352 * ((0.047863877241182545 + (1.1965969310295634 * x_8)) * ((6.091465817899523 * (0.024260699053001707 + (1.2130349526500854 * x_3))) - (-34.17970288890521 * (0.1308442961026054 + (1.2461361533581465 * x_1))))))))
230_machine_cpu,ok,6,BFGS,0.8786647169581581,56.86775467101344,38,125.08,,0.1,(93.52877762986728 + ((78.14632848807855 * (-0.7539783429454673 + (0.00025457276565311854 * x_1))) + ((-51.02913290807554 * (-1.0157486231470525 + (8.41758769093056e-05 * x_2))) + ((188.79816309017536 * ((-0.024800254408753795 + (0.2780090253124779 * (-0.7169976175893781 + (0.03797656872825096 * x_5)))))**2) - (-106.60588231743651 * (-1.0157486231470525 + (8.41758769093056e-05 * x_2)))))))
344_mv,ok,10,BFGS,0.6099682923142145,5.983477575307047,81,135.55,,0.1,(-7.550667168129342 + (((4.301442944381094 * (0.07176828705486599 + (1.6917112741967857 * x_4))) + ((6.839204837448447 * (0.9175113942281458 + (0.09481017314613248 * x_5))) + (-5.1006821172659445e-05 * ((((((-169.2300730583777 * (8.731675768609247 + (0.6975312065809712 * x_1))) + (8282.655617145367 * (-2.4616167895905274 + (0.008477159847985765 * x_8)))) + (6.960390252968947 * (1.3389884173455886 + (0.3190495684869531 * x_3)))) + ((121.16810791272292 * inv((-931.3766774925311 + (-77.00295005161064 * (-0.5619514869490163 + (2.341464528954235 * x_7)))))) + (363.82719080018956 * inv((-18648.154769238456 + -89.01373682142592))))) + (-19.94909374672912 + (0.018109774499670123 * x_9))) * (-0.6964409092807232 + (1.5476464650682737 * x_2)))))) - (0.07176828705486599 + (1.6917112741967857 * x_4))))
485_analcatdata_vehicle,ok,4,BFGS,0.7176392402433946,149.50923707401554,78,50.87,,0.1,(76.2325097198644 + (((-8.924481359450912 * (-1.0 + (2.0 * x_1))) + (-11.049485797994635 * (inv((1.696170266248548 + (1.9851417524357604 * ((5.873868836728715 * (-1.0 + (2.0 * x_0))) * (-13.328690924071132 * inv((-91.52314506396911 + (0.7856391853465687 * (-1.4638501094227998 + (0.5855400437691199 * x_3)))))))))) * (0.6742866522347204 * inv((1.7425361284624783 + (9.085667895108536 * (-1.0 + (2.0 * x_2))))))))) + ((4.556209861208016 * ((1.8638319191032564 + (3.3124117493694367 * (-1.0 + (2.0 * x_1)))))**2) - (-15.18368744829127 * (-0.5493287069187591 * inv((-1.5325553357754402 + (-1.5111013533323279 * (-1.0 + (2.0 * x_0))))))))))
519_vinnie,ok,2,BFGS,0.7419679254573621,1.5375261474621598,77,80.62,,0.1,(0.010688328762070137 + ((0.2579396993731169 * cos((7.593337856124974 + (1.0671773253358912 * (-128.04990782468957 + (1.4940774496784266 * x_0)))))) - ((5.466843290930617 * sin((0.10227557142093185 + (1.9150641637254364 * (cos((35.16058748706625 + (2.1045758698635053 * (-128.04990782468957 + (1.4940774496784266 * x_0))))) * (sin((0.22575986429863365 + (2.1392602540043093 * (-128.04990782468957 + (1.4940774496784266 * x_0))))) * (7.8025889748981125 * (-3.050344651934337 + (0.22536717044213794 * x_1))))))))) - ((6.796421253121494 * sin((-0.05791791567427146 + (4.2257459978957215 * (-128.04990782468957 + (1.4940774496784266 * x_0)))))) - (0.31226757842357444 * cos((34.87721719754728 + (9.923912509961372 * (-3.050344651934337 + (0.22536717044213794 * x_1))))))))))
522_pm10,ok,7,BFGS,0.13632605573188938,0.809814029076054,65,89.41,,0.1,(3.1485088731714237 + (((-0.1445413945940482 * cos(((0.024947935600959474 * inv((-0.20523455186373715 + (27.836753966505547 * (-0.19671235889801858 + (0.1523720850826871 * x_1)))))) + (3.965482656892166 * (-1.5591481867057306 + (0.005027969450348218 * x_6)))))) + inv((8.07324203361066 + (1.7752428985365265 * (-2.0008354353416413 + (0.15444503553389743 * x_5)))))) + (((0.2586650560466329 * (-7.079162907839687 + (0.987710095069961 * x_0))) + (0.3064973748821853 * inv((3.4882568239001297 + (8.55780056847805 * (-2.0008354353416413 + (0.15444503553389743 * x_5))))))) + (-0.11761851297180856 * (-1.7456009505041916 + (0.5312236624740025 * x_2))))))
523_analcatdata_neavote,ok,2,BFGS,0.9539206194867154,0.8474736907021122,101,72.51,,0.1,(22.508304416659758 + ((-4.6440460897042835 * (-1.1000004629242885 + (1.0091747366277877 * x_0))) + ((-40.60493343958551 * inv((5.91105946416098 + (0.1697828754745785 * (-32.42453434284643 + (3.268602252303068 * x_1)))))) - (((53.55154736541317 * inv((5.474372982111634 + (0.8053563590278556 * (-1.1000004629242885 + (1.0091747366277877 * x_0)))))) + (-1.1916103945266345 * inv((((42.40138957008526 * (-1.1000004629242885 + (1.0091747366277877 * x_0))) + (5.8997909543421 * (-32.42453434284643 + (3.268602252303068 * x_1)))) + (0.01349412392971053 * inv((69.21609730024308 + (4.743937243543865 * (-1.1000004629242885 + (1.0091747366277877 * x_0)))))))))) + ((0.411336075376468 * inv((6.202491583589176 + (67.32872330760485 * (-1.1000004629242885 + (1.0091747366277877 * x_0)))))) + (7.516631223548752 * (inv((-0.05702864896286952 + (57.841738778468184 * (-32.42453434284643 + (3.268602252303068 * x_1))))) * (1.6129151640397055 * (-1.1000004629242885 + (1.0091747366277877 * x_0))))))))))
529_pollen,ok,4,BFGS,0.7997995525256558,1.5125263996401228,33,117.23,,0.1,(-0.2151078879913763 + (((-6.4004330297050345 * (-0.14240534481180597 + (0.1466357845322108 * x_0))) + ((-4.675811039219876 * (0.13411228300539055 + (0.09366364070564696 * x_3))) + (5.745212461292782 * (0.008717172475124766 + (0.20153683119485272 * x_1))))) + (-4.730405294006024 * (0.008717172475124766 + (0.20153683119485272 * x_1)))))
537_houses,ok,8,BFGS,0.7112695614910007,53781.718588877324,128,99.57,,0.1,(62.47331863971125 + ((((-27.83126228048218 * (-1931.3382469098758 + (51.06894768888684 * x_6))) + ((17.921440681247525 * (-1.5066316366506536 + (0.0007951087204436459 * x_2))) + (((0.49554545337070266 * ((22.42273623104449 + (0.7711613006997564 * (-4.071076517823106 + (0.09225190387090654 * x_1)))))**2) - (17.929496230924414 * (4732.105772728812 + (38.70787762899494 * x_7)))) - ((-4.941754293756242 * (-1.5066316366506536 + (0.0007951087204436459 * x_2))) - (-4.928257874814218 * (4732.105772728812 + (38.70787762899494 * x_7))))))) + ((89.22238477832161 * (4732.105772728812 + (38.70787762899494 * x_7))) - (55.39862770631619 * (-1.616400063304611 + (0.0017131956155851734 * x_4))))) * (((169.82474339636047 * ((-2.069414505484671 + (-0.4288732892692261 * (-1.2807665932048524 + (0.0031092227789157063 * x_5)))))**2) + (((1.4974009400057842 * (-1.2904738757872565 + (0.0029224672776394607 * x_3))) + (-122.25951643208094 * (-1.5066316366506536 + (0.0007951087204436459 * x_2)))) + ((164.57075582147195 * (-1931.3382469098758 + (51.06894768888684 * x_6))) + (5.414811295191269 * ((2.5405062562631446 + (2.3402271531905905 * (-1.516023044552607 + (0.4819862123055841 * x_0)))))**2)))) + (-6.918965915397447 * (-1.616400063304611 + (0.0017131956155851734 * x_4))))))
547_no2,ok,7,BFGS,0.32333620061058943,0.606943201302415,124,99.68,,0.1,(4.195329900904364 + ((((-0.013812785461260003 * inv((0.18008892739908977 + (7.283018419244076 * (-1.593513108814246 + (0.5093537168700765 * x_2)))))) + (1.2290733610184432 * ((-6.654222247738914 + (0.9476037076783185 * x_0)) * (((-1.593513108814246 + (0.5093537168700765 * x_2)) + inv(((101.68262581515654 * (-1.8397826257177994 + (0.14854926327959622 * x_5))) + (0.18556950443850773 * inv((-59.79091315940775 + (1.543489121847835 * (-1.593513108814246 + (0.5093537168700765 * x_2))))))))) * (0.5024499361690877 * inv((6.883205411835636 + (0.9165920877126608 * (-0.16485779278081106 + (0.16091536708568774 * x_1)))))))))) + (-0.33047693057952254 * (-1.593513108814246 + (0.5093537168700765 * x_2)))) + (((-0.08124178503633506 * (inv((-30.836612862614047 + (10.12427945130949 * (-1.664176255098275 + (0.011106799904836887 * x_4))))) * (1.3662526453233266 * inv((42.14274276796726 + (0.06809770752778574 * (-0.1634556815138494 + (0.9729504782544822 * x_3)))))))) + (-1.5089883784697682 + (0.0049762181060208684 * x_6))) - ((1.0074024729604623 * (-1.5089883784697682 + (0.0049762181060208684 * x_6))) - (-0.09279692666626954 * inv((0.2226995738313583 + (0.09413514582327875 * (-1.8397826257177994 + (0.14854926327959622 * x_5))))))))))
556_analcatdata_apnea2,ok,3,BFGS,0.030976679427079712,3016.700735229381,122,46.12,,0.1,(40.23702168157362 + ((51.59521889571772 * exp((2.670507773571135 + (0.07616326032609708 * (4.559443982894326 * (((((-9.857694280115972 * (-1.414213562373095 + (0.7071067811865475 * x_1))) - (0.31037941843216243 * ((-1.414213562373095 + (0.7071067811865475 * x_0)))**2)) * (-1.414213562373095 + (0.7071067811865475 * x_0))) * (((0.6722019369901773 * ((0.12410217462845646 + (0.747431606816332 * (-1.414213562373095 + (0.7071067811865475 * x_0)))))**2) - (-0.0023199355374331878 * exp(((10.099707601430005 * (-1.9639610121239315 + (0.4364357804719848 * x_2))) - (8.255929148300162 * exp((0.37629509345854917 + (0.15127177123808305 * (-1.414213562373095 + (0.7071067811865475 * x_1)))))))))) - exp((0.22713855480883705 + (0.06832589738882083 * (-1.9639610121239315 + (0.4364357804719848 * x_2))))))) * (0.2400881988254261 * exp((0.06667380862111322 + (0.13564099907499683 * (exp(((0.2780607926300027 * (-1.414213562373095 + (0.7071067811865475 * x_0))) - (0.8420278841349265 * exp((0.04958499276075801 + (0.23514713013378163 * (-1.414213562373095 + (0.7071067811865475 * x_1)))))))) * (-1.414213562373095 + (0.7071067811865475 * x_1))))))))))))) + (-1.9639610121239315 + (0.4364357804719848 * x_2))))
557_analcatdata_apnea1,ok,3,BFGS,0.014663474922077424,3069.1501220900313,30,42.15,,0.1,(767.2232791246137 + (((-2.1120404217891866 * exp((-296.11386433875646 + (1.1792855616918092 * (-1.414213562373095 + (0.7071067811865475 * x_1)))))) + (1181.9777633070912 * (-1.414213562373095 + (0.7071067811865475 * x_1)))) * (0.3206701738574583 * (-1.414213562373095 + (0.7071067811865475 * x_0)))))
561_cpu,ok,7,BFGS,0.9820039465480411,21.0812640803861,130,109.52,,0.1,(22.282426539629498 + (((0.2338787668011928 * sin((9.66956559662379 + (-1.4987025248164088 * (-0.7692023071461158 + (0.003791788953692772 * x_1)))))) - ((-13.638358347207031 * ((0.6640083096451468 + (0.16982348147663384 * (-0.7047263654341995 + (0.14485639577270287 * x_5)))))**2) - (42.62868317192044 * (-0.6323138508124196 + (0.02430107036173788 * x_4))))) + (((-30.44687703739764 * (-0.7169976175893781 + (0.03797656872825096 * x_6))) + (38.22353004723372 * (-0.7539783429454673 + (0.00025457276565311854 * x_2)))) + (((-12.116952401496778 * (-0.6323138508124196 + (0.02430107036173788 * x_4))) + (0.5256983366665 * (-1.0157486231470525 + (8.41758769093056e-05 * x_3)))) + ((((((-21.899938943270584 * inv((7.710438691822267 + (0.6325906003452282 * (-0.7169976175893781 + (0.03797656872825096 * x_6)))))) + (0.01774821417791271 * ((-24.480918765472467 + (-16.13936359311066 * (-0.7169976175893781 + (0.03797656872825096 * x_6)))))**2)) + (-15.750863849757863 * (-1.0157486231470525 + (8.41758769093056e-05 * x_3)))) + (12.239937623519879 * (-0.7169976175893781 + (0.03797656872825096 * x_6)))) + (1.3440615746121227 * ((5.473792788089817 + (3.925073243411715 * (-1.0157486231470525 + (8.41758769093056e-05 * x_3)))))**2)) - (6.2729614385918495 * (-2.133033539448027 + (0.13828418408090937 * x_0))))))))
564_fried,ok,10,BFGS,0.5500066011831081,3.3048241701044283,151,91.75,,0.1,(14.80670564026731 + ((((2.9519191536366733 * (-1.7072590503875993 + (3.406682733645306 * x_3))) + (0.7151596864197121 * ((-1.962363239855984 + (3.5856659102912434 * x_1)) * (-1.720003460115014 + (3.637178355927193 * x_5))))) + ((0.03791913992973478 * (-1.607933134680659 + (3.167467366535192 * x_8))) - (((-2.2979143899774943 * (-1.7104407863161182 + (3.5565645061896443 * x_4))) + (((-1.2429616583579248 * (-1.962363239855984 + (3.5856659102912434 * x_1))) + (-0.005351785744556383 * ((-1.7104407863161182 + (3.5565645061896443 * x_4)) * ((6.719932477548912 * (-1.9240942347694134 + (3.69350448997641 * x_9))) + (0.004215448983138184 * (-1.8698296358353992 + (3.6196322750179175 * x_6))))))) + (0.42809908579510125 * (-1.7104407863161182 + (3.5565645061896443 * x_4))))) + (1.4733155935882047 * (-1.6828104573254623 + (3.7222908179660887 * x_2)))))) + (inv((9.538394968816746 + (9.192639915399706 * (-1.7072590503875993 + (3.406682733645306 * x_3))))) * (((-13.31185570835543 * ((-1.607933134680659 + (3.167467366535192 * x_8)) * (0.03834127213870146 * (-1.9240942347694134 + (3.69350448997641 * x_9))))) + (0.2917444322673912 * (-1.9240942347694134 + (3.69350448997641 * x_9)))) + (((0.4584938181088225 * (-1.773506662490512 + (3.508247186303262 * x_0))) + (0.46494758344437814 * (-1.796837581375697 + (3.5565800417739046 * x_7)))) + (-0.04520110385190887 * inv((1.2651980270870453 + (0.7048138448023118 * (-1.962363239855984 + (3.5856659102912434 * x_1)))))))))))
579_fri_c0_250_5,ok,5,BFGS,0.5933475731359898,0.6284419756263052,111,96.84,,0.1,(-0.0027395802800150564 + ((((-1.0594657444569067 * (0.005461379359663086 + (0.9984585108671526 * x_4))) + (0.381740730870084 * (-0.013457740978846304 + (0.9847731451468804 * x_0)))) + ((((0.030889961281690817 * inv((7.375781207382854 + (0.41060210815817033 * ((-0.02274143198027288 + (1.0121437364720292 * x_1)) * inv((0.10114576569891592 + (0.4228301244624322 * (-0.06946253611908115 + (1.0023314177985747 * x_3)))))))))) + (0.9595935824816046 * inv((35.44018526209361 + (0.06843262006935963 * inv((19.38111711193963 + (0.27455926777567585 * (-0.06946253611908115 + (1.0023314177985747 * x_3)))))))))) + ((0.6237590066500642 * (-0.06946253611908115 + (1.0023314177985747 * x_3))) - (-0.09891946522455564 * (0.002356872848593581 + (1.0237945973760811 * x_2))))) + (-0.08122170879323937 * inv((55.04896984454243 + (5.520581198470282 * ((32.30880022687046 * inv((0.19556755673548942 + (1.951706844115889 * (0.002356872848593581 + (1.0237945973760811 * x_2)))))) * (1.759511200633817 * (0.005461379359663086 + (0.9984585108671526 * x_4)))))))))) + (1.4214911566601645 * (0.005461379359663086 + (0.9984585108671526 * x_4)))))
591_fri_c1_100_10,ok,10,BFGS,0.3608980574627274,0.7954312776120104,103,122.67,,0.1,(-0.020482580902897916 + (((0.05719935149246943 * (-2.3025954316862416e-09 + (1.0050378109487454 * x_7))) + ((-0.41616794413794533 * (2.8080432239977528e-09 + (1.0050378175357129 * x_0))) + ((0.2405229441288611 * (1.020255702066691e-09 + (1.005037815122467 * x_4))) + (0.301424708198916 * (2.134112838164798e-09 + (1.0050378109985483 * x_3)))))) + (0.00045422961763903573 * ((-9.126140610221942e-10 + (1.0050378224669032 * x_6)) * (((2.030800436208507 * (inv((0.033464093789786445 + (63.550259915584704 * (-3.2198895784854976e-09 + (1.00503782205916 * x_1))))) * (0.14799362858233614 * (5.279121260744071e-09 + (1.0050378172397734 * x_8))))) + (inv((45.05140372774506 + (3.2969902878406936 * (-6.294696838797298e-10 + (1.0050378125173551 * x_2))))) * (inv((120.87286508017345 + (68.87491885657658 * (-6.294696838797298e-10 + (1.0050378125173551 * x_2))))) * inv((8.550295694151682 + (0.4351273644281388 * (-3.2198895784854976e-09 + (1.00503782205916 * x_1)))))))) - (33.93769064082109 * (-2.3025954316862416e-09 + (1.0050378109487454 * x_7))))))))
593_fri_c1_1000_10,ok,10,BFGS,0.36659650496239726,0.7891742194845148,92,82.32,,0.1,(0.23932897011041154 + (((-0.9992310835143429 * (0.01280861499107831 + (0.9931663952687514 * x_6))) + (((0.49155254838351725 * (-0.10952305202408649 + (0.9907329152448134 * x_3))) + (-7.205121469865175 * inv((31.606462399228015 + (-4.141806189993195 * (0.050220707802833754 + (1.0091533137436086 * x_8))))))) + inv((13.722148875301244 + (14.213857041163253 * (inv((1.7803636491870627 + (0.3053617534358751 * (-0.031232891696203968 + (1.0079763143256126 * x_0))))) * ((0.050220707802833754 + (1.0091533137436086 * x_8)) * ((-0.16354271824973488 + (0.9842858800610822 * x_2)) * (0.01280861499107831 + (0.9931663952687514 * x_6)))))))))) + ((-0.39196426762003517 * (0.03184790765809063 + (1.0100220814643854 * x_1))) + ((0.12371210447552974 * ((0.04860705755687076 + (0.9906127943356936 * x_9)) * (-0.031232891696203968 + (1.0079763143256126 * x_0)))) + (0.01280861499107831 + (0.9931663952687514 * x_6))))))
594_fri_c2_100_5,ok,5,BFGS,0.2602358712249846,0.8557841289030791,131,147.43,,0.1,(-0.46578166401545684 + (((25.423629125861325 * ((-5.056086547415916e-09 + (1.0050378116639687 * x_3)) * ((0.00604228560327423 * inv((-0.12134589500094775 + (0.565003470458638 * (inv((5.297254604386138 + (-0.1719374934346018 * inv((48.894453304190506 + (5.641822052537335 * (2.8870194710416236e-09 + (1.0050378286556427 * x_2)))))))) * (8.170986961055295 * inv((3.725810993216114 + (0.44393900112929185 * (-5.056086547415916e-09 + (1.0050378116639687 * x_3))))))))))) + inv((2.0939254112434176 + (57.2364986798252 * ((99.67793806277686 * (2.8870194710416236e-09 + (1.0050378286556427 * x_2))) + (6.956657142399233 * (1.4789027717446586e-09 + (1.005037819531248 * x_1)))))))))) + ((-0.3488979506245533 * (1.4789027717446586e-09 + (1.005037819531248 * x_1))) + (0.0029503963477978583 * inv(((0.40141691259277795 * (-5.056086547415916e-09 + (1.0050378116639687 * x_3))) + (0.4472892060770347 * (1.4789027717446586e-09 + (1.005037819531248 * x_1)))))))) + ((-1.2713588826350273 * (-5.056086547415916e-09 + (1.0050378116639687 * x_3))) + (48.15110465048297 * (((-0.00282537177552684 * (2.3236557527311636e-09 + (1.0050378111926093 * x_4))) + (-0.0033929244529662984 * (-2.5740396230235096e-09 + (1.0050378181358313 * x_0)))) * ((2.3236557527311636e-09 + (1.0050378111926093 * x_4)) * (1.4789027717446586e-09 + (1.005037819531248 * x_1))))))))
595_fri_c0_1000_10,ok,10,BFGS,0.4939363694924004,0.7511023757167669,17,88.73,,0.1,(0.06986455266499664 + ((0.5672147075497287 * (-0.1211406374101396 + (1.023594826503582 * x_3))) + (0.44904709574161594 * (0.08331357934160229 + (1.0244910011465165 * x_0)))))
596_fri_c2_250_5,ok,5,BFGS,0.2566650370581579,0.8724877042090046,122,75.42,,0.1,(-0.3329637466367181 + ((0.9048570626531447 * inv((-0.41209574533881815 + (138.77112000713709 * (-0.05566958792821793 + (1.0085802753375575 * x_1)))))) + ((((-0.008924414150581674 * (-0.00836934259429335 + (0.9826060373461664 * x_0))) + (-6.69146317273679e-10 * inv((-0.022152314432249985 + (11.147981240223128 * (-0.03327251323989341 + (0.9795882248533074 * x_2))))))) + ((-0.17452007174633366 * (0.030239726957857333 + (1.0089704881333104 * x_3))) - ((-0.27042155350645847 * (0.030239726957857333 + (1.0089704881333104 * x_3))) - ((-0.23605505377806657 * (0.030239726957857333 + (1.0089704881333104 * x_3))) + ((((1.848861374322388 * inv((1.466436631768075 + (0.06623746605221209 * (-0.03327251323989341 + (0.9795882248533074 * x_2)))))) + (0.7787601352433151 * (0.030239726957857333 + (1.0089704881333104 * x_3)))) + (-0.40722511270809403 * (-0.03327251323989341 + (0.9795882248533074 * x_2)))) + (0.3284814926267383 * (-0.03982219788825426 + (0.9780391196646281 * x_4)))))))) + ((0.31142877504957067 * inv((12.432729303821437 + (1.7109124507784896 * (-0.05566958792821793 + (1.0085802753375575 * x_1)))))) - (1.0364744159847836 * sin((1.1122034443192383 + (0.20842017363682003 * (0.030239726957857333 + (1.0089704881333104 * x_3))))))))))
597_fri_c2_500_5,ok,5,BFGS,0.3072807071674567,0.8296271051171195,120,140.64,,0.1,(-1.3628805399687351 + (((1.0006531486199397 * (-0.002414032778585222 + (0.9938074619432425 * x_4))) + (0.06201332060658149 * (-0.002414032778585222 + (0.9938074619432425 * x_4)))) + ((0.33079195266258754 * (0.051318081308249455 + (1.014644489729816 * x_3))) - ((0.3333598653076433 * (0.06629972590880558 + (1.0075976137302378 * x_1))) + (((0.7697391194558154 * (-0.002414032778585222 + (0.9938074619432425 * x_4))) + (-148.66732882634437 * inv((100.69340239455556 + (7.221857365916517 * (0.10122870033412179 + (1.0080699070194354 * x_2))))))) + ((1.2915985653644961 * inv((13.657990974939416 + (-0.6508329847258287 * (0.05371846994181401 + (0.9861750482670715 * x_0)))))) - (5.820468702310528 * inv((0.3014296295312817 + (18.79692961923473 * (((-0.002414032778585222 + (0.9938074619432425 * x_4)) * (inv((-0.18755929729158116 + (0.7610068771887839 * (-0.002414032778585222 + (0.9938074619432425 * x_4))))) * ((115.95811980022006 * inv((0.19741812339258952 + (-1.1711143238858321 * (0.06629972590880558 + (1.0075976137302378 * x_1)))))) - (13.850234974798397 * (0.05371846994181401 + (0.9861750482670715 * x_0)))))) * (0.5365134347605056 * (0.06629972590880558 + (1.0075976137302378 * x_1))))))))))))))
599_fri_c2_1000_5,ok,5,BFGS,0.671988595060219,0.5743590054570855,127,115.37,,0.1,(0.029793803027021698 + ((0.07233776102465472 * ((-0.0602307402531005 + (1.0089516501853955 * x_2)) * (0.10153935051992874 + (1.044491792439849 * x_4)))) + ((0.17346436778819485 * (0.009574705784042063 + (1.0477984342708666 * x_1))) + ((1.2980444939519402 * (0.10153935051992874 + (1.044491792439849 * x_4))) - ((((1.4190998405259068 * (-0.0758845730996851 + (1.0498897117688875 * x_3))) + (0.3052416373122382 * (0.10153935051992874 + (1.044491792439849 * x_4)))) - ((4.409649322265231 * (-0.0758845730996851 + (1.0498897117688875 * x_3))) + (sin((3.452378403569739 + (0.09541065908005181 * inv(((24.349741367058954 * inv((0.31010581490490785 + (21.834850297005275 * (-0.037314603346356716 + (1.0738698362097465 * x_0)))))) + (8.881038092592462 * (-0.037314603346356716 + (1.0738698362097465 * x_0)))))))) * ((8.929684942437255 * (-0.0758845730996851 + (1.0498897117688875 * x_3))) + (4.059270432310676 * sin((37.692444115547715 + (1.8184729056830937 * (0.009574705784042063 + (1.0477984342708666 * x_1)))))))))) + (((0.14211219229027272 * (0.10153935051992874 + (1.044491792439849 * x_4))) + (4.371789761800786 * (0.10153935051992874 + (1.044491792439849 * x_4)))) - (3.7807253562538676 * (0.10153935051992874 + (1.044491792439849 * x_4)))))))))
601_fri_c1_250_5,ok,5,BFGS,0.5794129885394821,0.6494171904718014,22,101.60,,0.1,(-0.05731154314085174 + ((1.2475388469082218 * cos((36.346911518915995 + (-2.0537367685209875 * (-0.010397483526896342 + (0.9882031183917349 * x_1)))))) + (0.14599723549269797 * (-0.018291418326324048 + (0.9901403382934644 * x_0)))))
602_fri_c3_250_10,ok,10,BFGS,0.19898424873072051,0.8869814075023758,82,80.85,,0.1,(-0.06337403726758495 + ((((-0.16280467594627104 * (0.027897516398397815 + (0.998073099323104 * x_0))) + ((0.6484091277105912 * (-0.017542067075762977 + (1.005717915331683 * x_2))) + (((0.3257808235407049 * inv((80.95792514335906 + (0.10641154133853416 * (0.008753852211365022 + (1.020618930622776 * x_9)))))) - (-0.3113657702580328 * (0.027897516398397815 + (0.998073099323104 * x_0)))) - ((0.2994511646631214 * (-0.038189884319498046 + (1.0024011477798893 * x_3))) + ((0.07265260230681894 * ((-0.038189884319498046 + (1.0024011477798893 * x_3)) * (0.03500154593767501 + (1.0064758978864055 * x_6)))) + (0.4062619379442582 * (-0.006149085570662245 + (1.0063481202601992 * x_1)))))))) + (-3.543004355993305e-05 * (0.008753852211365022 + (1.020618930622776 * x_9)))) * (-0.006149085570662245 + (1.0063481202601992 * x_1))))
604_fri_c4_500_10,ok,10,BFGS,0.3014788664992699,0.8806205561215283,127,89.01,,0.1,(-0.11073460024281945 + ((((0.35145964294194054 * (((((0.1298621795612217 * (-0.0022548934118654575 + (0.9992501517389518 * x_0))) + (2.3596816903441455 * (-0.0473754174576671 + (1.0002900627489233 * x_4)))) + ((((0.7151100115427713 * (-0.0022548934118654575 + (0.9992501517389518 * x_0))) + (0.8123553875919161 * (0.10561760327369846 + (1.007417081890443 * x_7)))) + (0.7128174004053758 * inv((71.60805078351567 + (-0.2768053862808113 * (-0.009791979417298036 + (0.9929225967655008 * x_6))))))) + ((11.408810427429877 * inv((18.74051617893091 + (4.588912233862203 * (-0.009791979417298036 + (0.9929225967655008 * x_6)))))) + ((-0.5834406440654369 * (-0.009791979417298036 + (0.9929225967655008 * x_6))) + (94.69287309432167 * inv((12.839688204833685 + (0.22152058152784782 * (0.10561760327369846 + (1.007417081890443 * x_7)))))))))) + (0.009820459064488585 * (0.05960242929231957 + (1.0280165339330751 * x_5)))) * (0.2522391176265695 * (-0.1348550604363206 + (1.0036996856535505 * x_3))))) + (-0.394197453932394 * (-0.08584083487448184 + (0.9845918227850837 * x_2)))) + (0.0016011205267163191 * (0.05150804270771723 + (1.015585618193334 * x_8)))) + (0.11354922772778886 * inv((5.549629178790646 + (5.537809166994457 * (-0.0022548934118654575 + (0.9992501517389518 * x_0))))))))
606_fri_c2_1000_10,ok,10,BFGS,0.301465184629936,0.8532771890714856,49,71.45,,0.1,(-0.6570756906260762 + (((-0.7687770699226917 * (-0.02308872793518898 + (1.0310028958909718 * x_1))) + (((0.1213246894170944 * (-0.05715499640265298 + (0.9507785937602312 * x_2))) + (0.2597834436077058 * (0.04487244154167024 + (0.9667189833408681 * x_4)))) + (-0.16931292226065786 * inv((37.92744518480444 + (0.8705162648049005 * (-0.02308872793518898 + (1.0310028958909718 * x_1)))))))) + inv((1.7977616255968734 + (-0.6254603115843995 * (-0.043264314038292014 + (1.0227224598746503 * x_0)))))))
608_fri_c3_1000_10,ok,10,BFGS,0.3505872513127479,0.8726543398355132,122,97.99,,0.1,(-0.16690627520270146 + ((0.6128579612855749 * ((((((1.547786680082405 * (-0.12080387897699611 + (1.046689364019702 * x_0))) + ((0.2597549163048585 * inv((2.5769387454851227 + (1.1488150946557605 * (-0.12080387897699611 + (1.046689364019702 * x_0)))))) + (0.5647592408927069 * inv((0.43911216138174236 + (38.207756322136206 * (-0.11377932602934616 + (1.0194947829765149 * x_1)))))))) + ((0.5469020438263845 * (0.0037480437197946344 + (1.0171997847210195 * x_6))) - (1.0215634202053354 * (0.0037480437197946344 + (1.0171997847210195 * x_6))))) + (0.616180775236769 * (((-0.7617102730212573 * inv((51.46020356598126 + (1.0797513692817406 * (-0.12080387897699611 + (1.046689364019702 * x_0)))))) + (0.709315073666404 * (-0.07485137802023327 + (0.928236161918507 * x_4)))) * (0.03929049529360136 + (1.0101045661619172 * x_3))))) + (0.23449444587085944 * inv(((39.70440882313028 * (-0.024700608534952977 + (1.0178478008506844 * x_5))) + (1.28628975077351 * inv((3.167374951757062 + (0.03674773048326485 * (-0.11377932602934616 + (1.0194947829765149 * x_1)))))))))) * (0.38640649871835153 * (-0.09009695051222572 + (0.9667130737789161 * x_2))))) + (0.12885175921439074 * (-0.06915440631011427 + (1.0059132552759904 * x_9)))))
609_fri_c0_1000_5,ok,5,BFGS,0.712227741852864,0.5452257538548834,116,81.57,,0.1,(-0.038564732587240746 + ((0.3438345419010078 * (-0.056662208270947687 + (1.0093749014959992 * x_1))) + (2.3178392089504154 * (inv((5.142786472318839 + (0.18614362918489447 * (-0.056662208270947687 + (1.0093749014959992 * x_1))))) * (((0.712079810762317 * (0.18580190968182023 + (0.9780250034598157 * x_4))) + ((0.6210693448683542 * inv(((-60.99553850461163 * inv((0.35827947482050004 + (0.4237916593381774 * (0.18580190968182023 + (0.9780250034598157 * x_4)))))) + (inv((77.53014583106096 + (0.23533139371973855 * (0.15003226178161752 + (1.0307127080102405 * x_3))))) + (31.55946964267696 * inv((0.2054093797177391 + (0.013310166734178133 * (0.18580190968182023 + (0.9780250034598157 * x_4)))))))))) - ((-1.2670010476045768 * (0.15003226178161752 + (1.0307127080102405 * x_3))) - (0.2168707911161616 * (inv((1.4551319869625212 + (0.7015279020959944 * (-0.03328608761079923 + (0.9930031921598278 * x_0))))) * (-0.03328608761079923 + (0.9930031921598278 * x_0))))))) + (1.8002192418369694 * (inv((3.9539382148905347 + (0.5886795707697341 * (-0.026199140277906246 + (1.011143035371021 * x_2))))) * (-0.03328608761079923 + (0.9930031921598278 * x_0)))))))))
611_fri_c3_100_5,ok,5,BFGS,0.3674841672509106,0.7913220999699182,113,121.70,,0.1,(-0.18952107229970694 + ((0.018025105669253284 * (-1.4882628954172861e-09 + (1.0050378087527534 * x_4))) + (((((-0.6980301925614683 * (3.3696518741937506e-10 + (1.0050378176809236 * x_0))) + ((0.14522893728128394 * inv((1.3605276116186973 + (-0.2821741608395203 * (2.2651548670983395e-09 + (1.0050378215807587 * x_3)))))) - (((1.1278250424247274 * inv(((1.9966298791892614 * ((-0.08107315218850947 + (0.32248930983098534 * (7.488115246346441e-11 + (1.0050378153667796 * x_2)))))**2) + (3.538558689100478 * inv(((1.5234713928289256 * (2.2651548670983395e-09 + (1.0050378215807587 * x_3))) - (0.10011611435945994 * inv((2.5443562786468306 + (2.531699354312331 * (-5.485044449520766e-09 + (1.0050378211517923 * x_1)))))))))))) + (-0.01499813801070004 * inv((8.359407659978064 + (0.5666322404862092 * (7.488115246346441e-11 + (1.0050378153667796 * x_2))))))) + (0.3803362603469387 * (-5.485044449520766e-09 + (1.0050378211517923 * x_1)))))) + (3.3696518741937506e-10 + (1.0050378176809236 * x_0))) + (0.2598336011920047 * (2.2651548670983395e-09 + (1.0050378215807587 * x_3)))) + (0.7128841166988571 * (2.2651548670983395e-09 + (1.0050378215807587 * x_3))))))
612_fri_c1_1000_5,ok,5,BFGS,0.23918159546400808,0.8477093742763113,126,105.83,,0.1,(-0.007486593236420631 + (((0.209357281052987 * (-0.1259509009120862 + (1.0224742268874492 * x_4))) + ((0.14335590216759525 * (inv((0.38683289849737623 + (3.944648033440348 * (0.058764461739031826 + (0.9941862663105345 * x_0))))) * (0.058764461739031826 + (0.9941862663105345 * x_0)))) - (((0.05379249346486988 + (0.9813329069621656 * x_1)) * ((2.1486447649590037 * inv((0.37893370324699926 + (6.180323741902832 * (-0.1259509009120862 + (1.0224742268874492 * x_4)))))) - (0.23702967777519424 * inv((0.06796168594200441 + (2.995497497852944 * (0.05379249346486988 + (0.9813329069621656 * x_1)))))))) * ((0.010101386334957281 * (-0.0455437593761508 + (0.9567051152908453 * x_3))) - (1.9508187450251175 * inv((((3.83174052794962 * inv((2.0145913702431617 + (5.320152469795735 * (-0.0455437593761508 + (0.9567051152908453 * x_3)))))) + (60.63246710919138 * inv((0.24293311552874602 + (0.2990453227750898 * (0.02499164981509785 + (0.963922001685239 * x_2))))))) + ((5.059926652551422 * (-0.0455437593761508 + (0.9567051152908453 * x_3))) - (0.6127915814750255 * inv((0.24064094437273875 + (3.6394410800084085 * (0.02499164981509785 + (0.963922001685239 * x_2)))))))))))))) + (0.35385601377637455 * (-0.0455437593761508 + (0.9567051152908453 * x_3)))))
613_fri_c3_250_5,ok,5,BFGS,0.3264653479237629,0.8044422188085575,53,120.88,,0.1,(-0.965084436538358 + (((0.5418602367943721 * (0.011376775246438027 + (0.9978400925361779 * x_3))) + (4.323507700300741 * inv((6.830561758579776 + (-0.5737200501066153 * (-0.00583196890049992 + (0.9920083120873421 * x_0))))))) + (8.511319888544651 * inv((1.5323315459270708 + (15.826964499039079 * (inv((-13.453347538424076 + (11.420375580677444 * (-0.00583196890049992 + (0.9920083120873421 * x_0))))) * (-1.122156860018206 * inv((0.025150919367627617 + (-0.050393564001620345 * (-0.011035865820133607 + (1.0097221415593123 * x_2)))))))))))))
615_fri_c4_250_10,ok,10,BFGS,0.3392042976491366,0.8036281740471356,154,115.93,,0.1,(-0.32745405538120265 + ((0.33557130234647015 * (0.030508266623949246 + (1.0184149844080637 * x_3))) + (((0.006160112210074203 * ((((((4.862352094052287 * (-0.004420436494283208 + (0.9982358793105901 * x_6))) + (4.018326666561407 * (-0.01918538936707431 + (0.9784295203960635 * x_9)))) + (89.73606403206628 * (0.008561553372822423 + (1.001972468388772 * x_1)))) + ((6.290578347612129 * (-0.027894848970115443 + (0.9944293071811292 * x_5))) + ((4.15084822695173 * (0.018442320333777653 + (1.0043892364385394 * x_0))) + (((0.3843310237908 * (inv((44.45725533700647 + (-25.00826666363041 * (-0.004420436494283208 + (0.9982358793105901 * x_6))))) * (0.008561553372822423 + (1.001972468388772 * x_1)))) + (0.1629339474838427 * (-0.01918538936707431 + (0.9784295203960635 * x_9)))) + (12.266047005129892 * (0.030508266623949246 + (1.0184149844080637 * x_3))))))) + (0.15638748107788603 * inv((0.8304851097401058 + (20.200418281264014 * (0.008561553372822423 + (1.001972468388772 * x_1))))))) * (0.2769001935050044 * (((0.018442320333777653 + (1.0043892364385394 * x_0)) * (0.008561553372822423 + (1.001972468388772 * x_1))) * (0.016849843417703382 + (1.0050181313033926 * x_4)))))) + ((-0.14473213323540685 * (-0.004420436494283208 + (0.9982358793105901 * x_6))) + ((0.23535971321708005 * (-0.027894848970115443 + (0.9944293071811292 * x_5))) + (0.028466826596337355 * (-0.04174225894742663 + (1.009234310176972 * x_7)))))) + inv((4.493180838444147 + (66.66604041263483 * (0.05515174324685588 + (0.9881054953181548 * x_8))))))))
617_fri_c3_500_5,ok,5,BFGS,0.5605383548331152,0.6323988058517848,23,111.69,,0.1,(-0.17740647444596724 + (sin((1.5234704531163878 + (0.8491609512862791 * (0.07378384716018162 + (1.066710481333945 * x_4))))) * sin((2.433169373579699 + (1.7062465918266192 * (0.06884697124093933 + (1.0266038989481894 * x_1)))))))
621_fri_c0_100_10,ok,10,BFGS,0.580827931840316,0.6441896776144553,107,74.77,,0.1,(0.10854662751561793 + (((0.4704217935570818 * (1.4976230557380417e-10 + (1.0050378197078866 * x_1))) + ((0.643320177117785 * (2.316635645158825e-09 + (1.005037811384345 * x_3))) + (-2.5561588879499695 * ((((9.732181629451517e-09 * inv((1.3265484203156728 + (29.222797991424713 * (3.5755750494243194e-09 + (1.0050378207899893 * x_7)))))) + (0.1852433238505292 * (8.330528184386568e-10 + (1.0050378147807428 * x_4)))) + (0.03576597230085224 * (inv((6.577456865045763 + (0.1800982062383383 * (2.3868367447602294e-10 + (1.0050378172229721 * x_2))))) * (3.369651839070239e-09 + (1.0050378086193497 * x_0))))) * ((0.06312143305953027 * ((9.734549852333354e-10 + (1.0050378163751326 * x_8)) * (2.316635645158825e-09 + (1.005037811384345 * x_3)))) + (-2.5337761898136444 * inv((3.840106584478655 + (0.7617052952327046 * (8.330528184386568e-10 + (1.0050378147807428 * x_4))))))))))) + ((0.005337591212588916 * inv((0.6515840711403951 + (0.643384972026346 * (5.607351256555068e-09 + (1.0050378092727088 * x_5)))))) + (0.013944368469982087 * (2.3868367447602294e-10 + (1.0050378172229721 * x_2))))))
623_fri_c4_1000_10,ok,10,BFGS,0.23700486961738754,0.751137970963082,100,61.36,,0.1,(-0.046922850656029164 + ((0.0010660409122100582 * (((0.21893685923576006 * ((0.1293185428126426 + (1.1237869624512584 * x_4)) * (((0.036729359138668635 * (0.14278809094854045 + (1.0265951539192182 * x_1))) + (4.388500616812973 * (0.13941561426198104 + (1.0104749796278643 * x_0)))) + (0.42485587916523465 * (inv((-0.0059762910342821135 + (0.02591508993903523 * ((0.12525825913657282 + (0.980269270206672 * x_6)) * (-0.11576764803778941 + (1.0044960092981252 * x_8)))))) * inv((108.27017030497919 + (6.0907592927462355 * (-0.05362121669788681 + (1.0618312288592786 * x_7)))))))))) + (0.01590099481150898 * inv(((4.992463903888947 * (-0.05362121669788681 + (1.0618312288592786 * x_7))) + (0.5428803716986512 * (0.14278809094854045 + (1.0265951539192182 * x_1))))))) * (70.79118363599267 * (0.1293185428126426 + (1.1237869624512584 * x_4))))) + ((-0.35351491198155266 * (0.14053229737994233 + (1.0823781329800635 * x_2))) + (0.3881305113438486 * (0.09947925414942209 + (1.0205751432371792 * x_3))))))
624_fri_c0_100_5,ok,5,BFGS,0.711144486989868,0.5347587826178178,45,87.29,,0.1,(0.8953493510307224 + ((0.46262772915729977 * (1.6052646991142874e-09 + (1.005037818082082 * x_3))) + ((0.19915412195125595 * inv((4.770953720023325 + (-0.3105918860299814 * (-1.9656302458928866e-09 + (1.0050378110182856 * x_4)))))) - ((0.6808070104945494 * inv((0.9299665216463162 + (2.308692425543197 * (0.17133381833931732 * (-2.059231685602471e-10 + (1.0050378118806327 * x_1))))))) - (0.4201993293311771 * (4.24014525147764e-09 + (1.0050378137630331 * x_0)))))))
627_fri_c2_500_10,ok,10,BFGS,0.23254341174206916,0.8848893486877011,73,100.66,,0.1,(0.1457157776636352 + (((0.10828128784012708 * (-0.05602650016378306 + (0.9823369513031974 * x_7))) + ((-0.0067533024675188735 * (0.033341707614650384 + (0.9827162141673074 * x_3))) + (((-0.45072496266504936 * (-0.013129577447021317 + (0.9990856847101941 * x_1))) + (0.012227078806092233 * (-0.036573688340500496 + (0.9921415214297146 * x_6)))) + (4.665881759245369 * inv(((46.26703467121854 * inv((0.11534923699436989 + (1.284621889621579 * (0.03697216135961967 + (1.0049960573880736 * x_4)))))) + inv((0.6998279992872032 + (0.6086738541534489 * (-0.05602650016378306 + (0.9823369513031974 * x_7))))))))))) - (1.0149704112495734 * inv((5.855544235673841 + (1.1604706656102413 * (-0.026586736692291005 + (0.9760546559365092 * x_9))))))))
628_fri_c3_1000_5,ok,5,BFGS,0.2909167184349096,0.8268518259795693,118,132.06,,0.1,(0.015765498356647707 + ((0.17548237264952576 * (0.04665711240912954 + (1.1089028168055421 * x_2))) + (50.45199329843095 * (((105.52969731647877 * inv((8.390509121812322 + (1.0533460730821858 * (0.04995802988010866 + (1.124767200659096 * x_4)))))) + (((-4.317901910086056 * (0.04995802988010866 + (1.124767200659096 * x_4))) + ((((((-148.06513927431803 * inv((21.803376787938983 + (8.027424438149 * ((-0.006538880888095933 + (1.0173482172539636 * x_0)) * inv((1.3167755540400932 + (13.52727717683317 * inv((251.1040125049795 + (-0.5103868594486811 * (0.04665711240912954 + (1.1089028168055421 * x_2))))))))))))) + (-0.8270708753486011 * (-0.006538880888095933 + (1.0173482172539636 * x_0)))) + (1.1761922004077907 * (-0.006538880888095933 + (1.0173482172539636 * x_0)))) + (-0.7657567370782186 * inv((48.83246940565183 + (2.708880411150374 * (0.07995654940232406 + (1.0305655132338056 * x_3))))))) + (0.07995654940232406 + (1.0305655132338056 * x_3))) + (0.9841334779630038 * (-0.011951282734320523 + (1.0307417971714052 * x_1))))) + (-0.011951282734320523 + (1.0307417971714052 * x_1)))) * (-0.001621587344041438 * (-0.011951282734320523 + (1.0307417971714052 * x_1)))))))
631_fri_c1_500_5,ok,5,BFGS,0.2547231300701829,0.892439608819275,30,93.97,,0.1,(-0.6404662450817837 + ((0.07133409632320092 * (0.04936468118293561 + (1.0271014528879046 * x_2))) + ((4253091.872368591 * inv((7485840.38987305 + (2368453.524678476 * (0.051813494666047274 + (0.9930497282225305 * x_1)))))) + (0.4394336590032264 * (0.011619934130194394 + (1.0130552558033206 * x_3))))))
634_fri_c2_100_10,ok,10,BFGS,0.2733057063582799,0.8481906280147152,134,84.57,,0.1,(-0.00832191855890915 + ((-1.5310258735718665 * (-3.5942953176591e-09 + (1.0050378169186154 * x_1))) + ((2.4838948902606213e-09 * (((-5.87482953901131 * (-2.040511411673613e-09 + (1.0050378188363487 * x_4))) + (((-15.938030899242815 * (-4.972576454754833e-10 + (1.0050378191710638 * x_2))) + (((-0.3802959112413863 * inv((0.828234200307783 + (0.18445638664933134 * ((8.096524631093754e-10 + (1.005037812430936 * x_3)) * (161.98716956989415 * (((0.9939279359344207 * inv((11.493466910775986 + (-3.0070961886223273 * (-6.053673205708496e-09 + (1.0050378214297475 * x_6)))))) + (0.5645894832842945 * (2.620840332405153e-10 + (1.005037813903384 * x_7)))) * inv((95.62512043731213 + (1.797278151282941 * (-2.2277142980311373e-09 + (1.005037820890266 * x_8)))))))))))) + inv((2.569396420121932 + (2.9439833410181957 * (2.620840332405153e-10 + (1.005037813903384 * x_7)))))) + (0.9835056586602805 * (-3.891699263916169e-09 + (1.005037812523656 * x_0))))) + (5.790556184523686 * inv((5.093148450438743 + (-12.676606257257923 * ((-1.984350541638051e-09 + (1.0050378174665446 * x_9)) * ((1.2522868703414325 * (1.3478607413557276e-09 + (1.0050378131397857 * x_5))) + (-19.162257314749773 * (-1.984350541638051e-09 + (1.0050378174665446 * x_9))))))))))) * (-6.053673205708496e-09 + (1.0050378214297475 * x_6)))) + (-3.5942953176591e-09 + (1.0050378169186154 * x_1)))))
635_fri_c0_250_10,ok,10,BFGS,0.6452613502167579,0.5868654169393377,127,70.01,,0.1,(-0.026940947775913868 + (((0.3185918268379191 * (-0.0158002831059501 + (1.035825655276819 * x_0))) + (0.5892148119060288 * (3.284185646600527e-05 + (1.0134618852695818 * x_3)))) + (3.0050732542369367 * (((0.7292764900221305 * (0.0299533659358918 + (1.026432356260368 * x_1))) + ((0.017805663990330366 * (((4.505684808951022 * ((inv((0.2489452274515096 + (2.8636665693119614 * (0.05626701566663447 + (0.984972246146817 * x_4))))) * ((0.34709791339622154 * (0.024595320138910946 + (1.0093932487757626 * x_5))) + (((2.5963468318007337 * (0.023946984823668138 + (1.0075174426626203 * x_9))) + (0.4376671864791122 * (0.023946984823668138 + (1.0075174426626203 * x_9)))) + (1.5955794193019779 * (-0.029670791284983563 + (0.9968372944853446 * x_6)))))) * inv((59.18774389747571 + (59.12638610930412 * (3.284185646600527e-05 + (1.0134618852695818 * x_3))))))) + (0.3290481889979694 * (0.044703616871696904 + (1.002732006634402 * x_7)))) * (0.4958137576628523 * inv((4.061408730454762 + (4.0097620098943345 * (0.044703616871696904 + (1.002732006634402 * x_7)))))))) - (0.22010277146700974 * (0.0299533659358918 + (1.026432356260368 * x_1))))) * (0.5631513978285385 * inv((2.3692527474450245 + (0.1980586154209394 * (-0.0158002831059501 + (1.035825655276819 * x_0))))))))))
641_fri_c1_500_10,ok,10,BFGS,0.259781370685533,0.8216069572482927,119,87.92,,0.1,(-0.01143412408221113 + ((0.10092731236736868 * (-0.005068268617956794 + (1.0102445817775312 * x_6))) + ((0.09168861434598852 * ((((((0.19339762525960863 * (0.06346169844205729 + (1.024410073610703 * x_5))) + ((2.4947544517267053 * inv((0.8050124554335982 + (-0.20843744299896866 * (0.09722717144425294 + (1.0248389370748021 * x_7)))))) + (-0.42913728533528994 * (0.04604423538072993 + (0.9674549471240764 * x_9))))) + (50.706295876593074 * inv((0.3384365066661712 + (6.091124176729954 * (0.00805487804850231 + (0.9968997576834833 * x_1))))))) + (4.0417815357072335 * ((-0.0007699340761739147 + (1.0247051180741429 * x_4)) * (-0.005068268617956794 + (1.0102445817775312 * x_6))))) * (-0.06205675173864934 * ((0.06346169844205729 + (1.024410073610703 * x_5)) * inv((20.24467423618963 + (0.04942454308142125 * (0.00805487804850231 + (0.9968997576834833 * x_1)))))))) * inv((16.010055977549627 + (0.6359936899514016 * (0.00805487804850231 + (0.9968997576834833 * x_1))))))) + (((-0.587587612215722 * (-0.041244311805811756 + (0.9881424498527619 * x_3))) + (-0.2517686880473014 * (0.00805487804850231 + (0.9968997576834833 * x_1)))) + (-0.041244311805811756 + (0.9881424498527619 * x_3))))))
646_fri_c3_500_10,ok,10,BFGS,0.2994108685570369,0.8230619217547336,140,88.75,,0.1,(-1.5704192225513511 + (((5.36988701781919 * inv((3.254702637725848 + (-0.7068174584306506 * (-0.08580614110746695 + (0.9764867799745204 * x_0)))))) + ((0.058280404036972266 * (0.05178842670427133 + (1.0545913349620601 * x_9))) - ((((((0.7810429331692927 * inv((95.44099504594618 + (-0.14399119635353158 * (-0.08572351112350518 + (0.9977370817874324 * x_8)))))) + (-0.12145200561027017 * (((0.05867666558860839 + (0.9957561638142012 * x_6)) * (0.7729220938803367 * (-0.07566403615497733 + (1.0061982190189063 * x_1)))) * (-0.015303586236559374 + (0.9921594894841607 * x_5))))) + (-4.116942383162694 * (-0.07585884095525353 + (0.9394858417435231 * x_4)))) + (-0.005280295399194902 * ((0.018198606053000926 + (0.9830177296829794 * x_7)) * (-0.07585884095525353 + (0.9394858417435231 * x_4))))) + (0.7781959691927816 * (-0.07566403615497733 + (1.0061982190189063 * x_1)))) + (3.5725400366004303 * (-0.07585884095525353 + (0.9394858417435231 * x_4)))))) + ((-14.145019097515835 * inv((((46.32447512199634 * exp((0.9005236553155701 + (0.3678147451761002 * (-0.08572351112350518 + (0.9977370817874324 * x_8)))))) + (-0.25330717327174584 * inv((210.62723377835033 + (1.1956541562676697 * (0.05867666558860839 + (0.9957561638142012 * x_6))))))) + (1.1574651452060594 * (-0.0010674995282084277 + (0.9888977016014616 * x_3)))))) - (-0.08796978332377808 * (0.05867666558860839 + (0.9957561638142012 * x_6))))))
647_fri_c1_250_10,ok,10,BFGS,0.3132499161871656,0.8365172829865976,126,114.89,,0.1,(-0.011843745128230207 + ((-0.36012739640307845 * inv((6.226383513995394 + (0.21908827089819427 * (-0.0661680238763467 + (0.9883772642250066 * x_0)))))) + ((((-0.23475414625992974 * (-0.06563464502751039 + (0.9806987438418552 * x_1))) + ((0.4219750989530895 * (0.012771660018394299 + (0.9916244828062031 * x_3))) - (0.4984556725344125 * inv(((7.10715583801538 * (inv((0.8976761953991645 + (0.80403149463219 * (0.0005549552017442876 + (1.0134782143162062 * x_7))))) * ((0.6582776117983111 * (0.04259752720332055 + (1.0063005627788042 * x_4))) - (42.39030336891 * (-0.02629323549384153 + (0.9986094332148666 * x_2)))))) + inv((13.902167487741167 + (1.1038908435391113 * (-0.02713842520686745 + (0.9779645183370135 * x_8)))))))))) + ((0.41695527792813425 * inv((0.2958922049363717 + (36.290695550476045 * (-0.01920572954524788 + (0.9843620950829046 * x_5)))))) - (0.020685235867066165 * inv(((2.7884012554761117 * (0.04259752720332055 + (1.0063005627788042 * x_4))) + ((2.6008085060125037 * (-0.004478456272028574 + (1.0195182309979691 * x_6))) - (0.4928656595952934 * inv((41.64405684155463 + (0.22332917974036937 * (-0.004478456272028574 + (1.0195182309979691 * x_6)))))))))))) + (0.046780958834178155 * (0.0026619787194639703 + (0.9855581582449608 * x_9))))))
649_fri_c0_500_5,ok,5,BFGS,0.6015735818868679,0.6120680420199043,112,88.30,,0.1,(0.5807058498329205 + ((-73.18392484898723 * inv((139.81577543210287 + (0.6873497413831043 * (0.05231147534006627 + (1.0066634887399533 * x_1)))))) + ((((0.8143243827971607 * (-0.08932909934794814 + (1.0023846504648501 * x_0))) + (0.06255486242874339 * inv((0.833450494490112 + (8.166719220668138 * (-0.021789259863661356 + (1.0063983944922867 * x_2))))))) + ((((0.4842808383256164 * (-0.06639078434904079 + (1.0571454595405074 * x_3))) + (0.18231206003557426 * (0.007078065159054314 + (1.0130563010908327 * x_4)))) - ((0.3993005315097015 * (-0.08932909934794814 + (1.0023846504648501 * x_0))) - ((0.08412415452073163 * (0.007078065159054314 + (1.0130563010908327 * x_4))) - (0.009183553886582402 * inv((0.331835388259269 + (5.736956532413262 * (-0.08932909934794814 + (1.0023846504648501 * x_0))))))))) - (0.579336608533705 * inv(((0.5170460659300207 * (0.007078065159054314 + (1.0130563010908327 * x_4))) + (14.118326405200119 * inv((-0.07389794611930542 + (0.11496155188731288 * (-0.021789259863661356 + (1.0063983944922867 * x_2))))))))))) + (0.05160079118760669 * (-0.06639078434904079 + (1.0571454595405074 * x_3))))))
654_fri_c0_500_10,ok,10,BFGS,0.6724403727098296,0.5865267473193869,114,96.41,,0.1,(-0.12436878845264854 + (((0.0027609105396384157 * (-0.028243686434320705 + (1.024267302083891 * x_6))) + ((-0.021195242193663713 * ((-0.10813174643488255 + (1.0302077368719882 * x_9)) * (0.0007491783139851028 + (0.9893417119088128 * x_3)))) - (((-0.3850457582219651 * (-0.027601897422796586 + (1.0061636075716038 * x_0))) + (-0.2721941141443156 * ((((26.342717739615722 * (-0.06393432606302606 + (0.9998031220651009 * x_1))) + ((83.23432570864196 * inv((10.140107329449759 + (-1.2060114401791537 * (-0.04407831859558271 + (1.0230621218787368 * x_2)))))) + (0.5588233432211971 * (-0.040554941512674664 + (0.9867431653933428 * x_5))))) + inv(((108.6094835542475 * (-0.014222167248802433 + (1.0018358309056357 * x_7))) + (-0.5785823297803661 * (0.04187135150738115 + (1.0510953173290194 * x_4)))))) * inv((18.023997970093802 + (3.1534224841668355 * (0.012504066596160423 + (0.9932606007852361 * x_8)))))))) + ((-0.23700153835331605 * (0.04187135150738115 + (1.0510953173290194 * x_4))) + (-0.5728861700524601 * (0.0007491783139851028 + (0.9893417119088128 * x_3))))))) + (0.03145100709970031 * (-0.014222167248802433 + (1.0018358309056357 * x_7)))))
656_fri_c1_100_5,ok,5,BFGS,0.7225956117364893,0.5240518573136649,116,123.28,,0.1,(-0.6768176647022235 + (((0.26882185877322673 * (-2.3774765717598145e-09 + (1.005037807353799 * x_4))) + (0.6041384885502865 * inv((8.019118719142051 + (2.912041348290649 * (-2.3774765717598145e-09 + (1.005037807353799 * x_4))))))) - (((-1.9341134459918323 * inv((2.220600577441564 + (2.487654510046867 + (-0.9479227924411009 * ((((1.1596618495329754 * (2.6302004833736337e-09 + (1.0050378148437342 * x_0))) + (-2.7034818090122714 * (-7.127749685219048e-09 + (1.0050378135022553 * x_2)))) + (-1.5434846680220455 * (-7.127749685219048e-09 + (1.0050378135022553 * x_2)))) * (0.33404550917039944 * inv(((17.109761925850606 * inv((1.228666209001843 + (0.7601755843240814 * (2.6302004833736337e-09 + (1.0050378148437342 * x_0)))))) - (inv((8.721039817042115 + (0.9898573394708932 * (-2.334185930610602e-09 + (1.005037817059757 * x_3))))) + (-1.790200165057708 * inv((31.37444853852263 + (-0.36511302657347056 * (-2.3774765717598145e-09 + (1.005037807353799 * x_4)))))))))))))))) + (-0.4029077001636454 * (-2.334185930610602e-09 + (1.005037817059757 * x_3)))) - (0.9764336999448735 * sin((33.84379689135086 + (1.8820336519384169 * (2.6302004833736337e-09 + (1.0050378148437342 * x_0)))))))))
657_fri_c2_250_10,ok,10,BFGS,0.24045473318803934,0.851477763110025,30,107.67,,0.1,(0.03677920297480799 + ((-0.14971311298766585 * inv((84.29018964232623 + (82.54753303549901 * (0.008202063620804667 + (0.9965091232089126 * x_8)))))) + ((0.2135157714094454 * (0.018254636074701108 + (0.9942750378113397 * x_4))) + (-0.3934482172594306 * (0.022131640344706344 + (1.009302535480512 * x_1))))))
659_sleuth_ex1714,ok,7,BFGS,0.8071219349822624,1196.6484067766805,95,95.01,,0.1,(7.286354829867504 + (((5.073860173020087 * (((-15.423649237842717 + (7.6146267581850005 * (-2.1027705487761197 + (0.0695497648082179 * x_2)))))**2 * (0.2404563711571897 * (-1.3342416419238172 + (0.1086628959150872 * x_1))))) - (4.44691681725941 * (-1.085177167929372 + (0.031018261473926296 * x_4)))) + ((-0.6291229274927252 * (-2.7012166664995867 + (0.044775757746126514 * x_3))) + ((((-1.085177167929372 + (0.031018261473926296 * x_4)) + (((0.06906204365858415 * ((38.37352594688343 + (2.3244245646330075 * (-1.5864294781793549 + (0.23528616482898382 * x_5)))))**2) + (-0.02648536744047346 * (-1.085177167929372 + (0.031018261473926296 * x_4)))))**2) + ((160.32222235132912 * ((0.38280498869817736 + (1.1807335319437406 * (-2.1027705487761197 + (0.0695497648082179 * x_2)))))**2) + (2.053073298299795 * (-2.1195565262766687 + (0.06927618688108722 * x_0))))) + (-0.20101779302806988 * (-2.7012166664995867 + (0.044775757746126514 * x_3)))))))
663_rabe_266,ok,2,BFGS,0.9833917131572777,6.726426027675349,56,72.68,,0.1,(-24.60621687852386 + (((-16.80082400476012 * (-1.9148542155126762 + (0.06963106238227913 * x_1))) - ((210.07990811680583 * inv((329.5415565685754 + (1427.0303269826218 * (0.14484136487558028 + (0.028968272975116057 * x_0)))))) - (-27.947116087049324 * sin((1.5149176694347894 + (35.44412005528271 * (-1.9148542155126762 + (0.06963106238227913 * x_1)))))))) - ((-49.72998462543839 * (0.14484136487558028 + (0.028968272975116057 * x_0))) - (-12.180391601626312 * inv((-91.73786802312407 + (675.3748307439371 * (0.14484136487558028 + (0.028968272975116057 * x_0)))))))))
665_sleuth_case2002,ok,6,BFGS,0.4064398632630596,7.400058109318706,123,142.63,,0.1,(0.7571219934723656 + ((((4.747730963269401 * (-1.9995832060131968 + (0.0717974429125403 * x_5))) + (((((0.5382131270521877 * inv((0.5706855440381333 + (0.23997078812581685 * (-0.9151502608861564 + (2.0078669903024626 * x_2)))))) - (-0.9151502608861564 + (2.0078669903024626 * x_2))) - ((25.871283899962826 * (-7.778182412958265 + (0.1365408185699624 * x_4))) + inv((3.50764619255828 + (0.5806211219558162 * (-0.6642111641550715 + (2.1697564695732336 * x_3))))))) + (5.435590113046285 * cos((38.65013507168899 + (0.3429675193956777 * (-0.9151502608861564 + (2.0078669903024626 * x_2))))))) * (0.009633290567018206 * (-1.9995832060131968 + (0.0717974429125403 * x_5))))) - (-17.43552880471023 * cos(((4.199513749438982 * inv((55.495599886333 + (0.403672534284776 * (-0.9151502608861564 + (2.0078669903024626 * x_2)))))) + (0.5373357913460968 * (-1.9995832060131968 + (0.0717974429125403 * x_5))))))) - (4.939944774477809 * (((43.95932434072023 * (-7.778182412958265 + (0.1365408185699624 * x_4))) - (-0.031475765033272624 * inv((0.13072859296086853 + (-0.07432945158549292 * (-0.5694947974514993 + (2.3254370895936227 * x_0))))))) * (-0.0005916324494143377 * (-7.778182412958265 + (0.1365408185699624 * x_4)))))))
666_rmftsa_ladata,ok,10,BFGS,0.6891183865405072,1.9162593782653856,70,82.88,,0.1,(0.5521065032589307 + ((-0.82747041338517 * (-2.8651998268107124 + (0.2441512028573268 * x_6))) + ((0.7950010379799957 * (-2.8651998268107124 + (0.2441512028573268 * x_6))) + (((1.7883566703502947 * (((-1.860383418830298 + (0.22141754360553986 * x_8)) * inv((0.40770954327047537 + (5.5332404333517715 * (-3.2431091529575657 + (0.9419701858187693 * x_5)))))) * (-0.6434608304654093 * inv((14.620650204064503 + (1.0832439229121444 * (-11.545971418891767 + (0.06591093670668177 * x_0)))))))) + (0.8368632244366689 * inv((0.10378085594632369 + (0.006020398425434503 * (-3.8354583612121833 + (0.07161043279702374 * x_7))))))) + (3.019492002652239 * (-11.545971418891767 + (0.06591093670668177 * x_0)))))))
678_visualizing_environmental,ok,3,BFGS,0.4108230447893444,2.7196454629654117,94,111.51,,0.1,(9.837593572966888 + (((-0.008496643653355614 * ((0.4493052129459303 * (-8.199984227605405 + (0.1054080196021077 * x_2))) * (1.5465582939079825 * inv((0.21179704601241545 + (4.550730128400113 * (inv((-0.2494475710515115 + (3.6410260762004043 * cos(((-0.05346996415570837 * (-8.199984227605405 + (0.1054080196021077 * x_2))) + (0.40025045560723327 * (-1.2708878931061365 + (0.03018800687669188 * x_0)))))))) * inv(((124.54463728930273 * inv((38.313740974790335 + (71.92124242221175 * (-2.0365904670492747 + (0.011020403736287696 * x_1)))))) + (3.4672158329149134 * (-2.0365904670492747 + (0.011020403736287696 * x_1)))))))))))) + (-2.0498811031170066 * (-1.2708878931061365 + (0.03018800687669188 * x_0)))) + ((0.35283328793561486 * inv((3.297934868484562 + (-0.02893766394886771 * (-1.2708878931061365 + (0.03018800687669188 * x_0)))))) - cos((0.5307895373397837 + (6.485437450951441 * (-8.199984227605405 + (0.1054080196021077 * x_2))))))))
687_sleuth_ex1605,ok,5,BFGS,0.6352929653896546,9.204630369710403,113,101.25,,0.1,(0.05238543500377976 + ((((0.9843800457570699 * ((0.3564468412953017 + (0.8745805271401603 * (-4.273294241464471 + (0.34678565833873976 * x_0)))))**2) + (17.278440280185322 * (-8.4556341730914 + (0.07385873749389502 * x_4)))) + ((-6.920134267716296 * (-8.4556341730914 + (0.07385873749389502 * x_4))) - ((0.49481748902598777 * (-8.688995392983172 + (0.07749104061636315 * x_3))) - ((10.245411742149926 * inv((0.084536147496652 + (-0.006061047817198708 * ((-4.273294241464471 + (0.34678565833873976 * x_0)) * inv((17.07296514293386 + (-0.22954372739125506 * (-8.4556341730914 + (0.07385873749389502 * x_4)))))))))) - (((13.497391728266038 * ((1.047162947973022 + (-0.16464602210688106 * (-8.688995392983172 + (0.07749104061636315 * x_3)))))**2) + (1.5749402341012617 * (-8.944849837562757 + (0.07735816570356965 * x_2)))) + (-8.688995392983172 + (0.07749104061636315 * x_3))))))) + (-0.0641367425596795 * ((-0.5674392311815244 + (-1.0720497457446614 * (inv((2.6636180189501673 + (1.1708858511506142 * (-5.422613168093948 + (0.06312467450653864 * x_1))))) * (-8.944849837562757 + (0.07735816570356965 * x_2))))))**2)))
690_visualizing_galaxy,ok,4,BFGS,0.8401515208553509,39.132798368623,104,67.89,,0.1,(109.05299095401455 + ((50.83615498150945 * (-2.3138420620132027 + (0.025977793443507386 * x_2))) + (((27.507312115324552 * (0.00041221357154477725 + (0.041221155529185684 * x_3))) + ((0.4640458991150489 * (0.00041221357154477725 + (0.041221155529185684 * x_3))) - (20.052491071471024 * ((0.007208812825209403 + (-0.06108607471423311 * (-2.3138420620132027 + (0.025977793443507386 * x_2)))))**2))) + (((0.008539655308914165 * ((27.323692743855787 + (-62.26505789098417 * (-2.3138420620132027 + (0.025977793443507386 * x_2)))))**2) + (-0.0017558105777957748 * (((0.1014925550727086 * inv(((56.065633578356795 * (0.00041221357154477725 + (0.041221155529185684 * x_3))) + (0.7560675860295372 * ((10.408868130124326 + (0.7937429076719567 * (-2.3138420620132027 + (0.025977793443507386 * x_2)))))**2)))) - (48.139144383802346 * (0.048534005474465805 + (0.08506574559780157 * x_0)))))**2)) + (0.6236615566659842 * ((46.32164254810604 + (0.22022283146224908 * ((-2.8876093580940942 + (0.8139831825349297 * (-0.014811247445722082 + (0.04714572537817882 * x_1)))))**2)))**2)))))
706_sleuth_case1202,ok,6,BFGS,0.6976255654402059,49.74085881914059,84,114.46,,0.1,(-29.874398189036054 + ((-1.0819500390882737 * (-7.68010058678442 + (0.0014169083984426412 * x_0))) + (((inv((1.1380546643961083 + (28.068894633975503 * (-5.8387321233516065 + (0.0005617999057339651 * x_1))))) + (((8.094621799680707 * (-7.68010058678442 + (0.0014169083984426412 * x_0))) + (6.7097658199183636e-09 * inv((2.308641176353755e-10 + (8.923466258692567e-11 * (-1.3806701271484079 + (2.1049560954885562 * x_2))))))) + (-0.03771548965670228 * (((-1.9836744281516634 * ((0.38862335656281444 + (0.1528210103609166 * (-7.68010058678442 + (0.0014169083984426412 * x_0)))))**2) + (10.409210717214727 * (-2.1314423186227427 + (1.011347630775077 * x_5)))))**2))) + (70.84853140825882 * ((1.0963001023456487 + (0.47402890708905515 * (-3.4018077595745577 + (0.007170790852930344 * x_4)))))**2)) + (-1.3806701271484079 + (2.1049560954885562 * x_2)))))
712_chscase_geyser1,ok,2,BFGS,0.7522386302991468,6.2826625453296066,72,82.39,,0.1,(71.74040462489342 + (((4.220739485696392 * cos(((-1.0886194005453662 * cos((1.797316506932905 + (26.0961872220155 * (-3.3935425619618167 + (0.94461866768293 * x_1)))))) + (34.70286751767907 * cos((2.977029338649645 + (0.2937975459864498 * (-1.5024884050165992 + (0.13469192335424468 * x_0))))))))) + ((0.0546831981877445 * cos((6.307606123717312 + (4.387964734190042 * (-1.5024884050165992 + (0.13469192335424468 * x_0)))))) + ((0.4149116210909768 * cos((0.6817797800453613 + (0.04126670597428797 * (-1.5024884050165992 + (0.13469192335424468 * x_0)))))) - (-11.373017181779673 * (-3.3935425619618167 + (0.94461866768293 * x_1)))))) + (0.5047203264130886 * (-1.5024884050165992 + (0.13469192335424468 * x_0)))))
feynman_III_10_19,ok,4,BFGS,0.9176013827315745,2.0653125627986224,101,86.70,,0.1,(0.49801182637809455 + (((3.718445140158936 * sin((0.526445449146745 + (0.6132313456937837 * ((-2.6890810491196837 + (0.8961237359346407 * x_2)) * inv((0.9374989070794153 + (0.3569329536508219 * (-2.5928212263706856 + (0.8757205925655337 * x_1)))))))))) + ((-0.4058856940844457 * inv((49.83542557377503 + (1.10889566327897 * (-2.7632761273837882 + (0.8839173948987078 * x_3)))))) + (((0.23253558970499222 * inv((103.66237041976876 + (3.2045447182876807 * (-2.6890810491196837 + (0.8961237359346407 * x_2)))))) + (0.5325661039785499 * (-2.7632761273837882 + (0.8839173948987078 * x_3)))) + (6.075850319769175 * (-2.673971965623433 + (0.8898553227888648 * x_0)))))) - (((-39.16864668756901 * inv((2.6570039411971162 + (0.09036856143982354 * (-2.7632761273837882 + (0.8839173948987078 * x_3)))))) + (-2.305212950792895 * (-2.7632761273837882 + (0.8839173948987078 * x_3)))) - (0.040936693409079565 * inv((0.579098066840764 + (4.962987433837466 * (-2.673971965623433 + (0.8898553227888648 * x_0)))))))))
feynman_III_12_43,ok,2,BFGS,0.960754573031866,0.16226934600301243,38,80.55,,0.1,(1.4273414358481016 + ((-35194485.60330038 * (-2.6600860698602395 + (0.8787782072695123 * x_0))) + ((26.170165212012826 * (inv((1406499216.8903875 + (-111559759.89394787 * (-2.6600860698602395 + (0.8787782072695123 * x_0))))) * (31258944.629930764 * (-2.5465486207773664 + (0.8639978684630047 * x_1))))) - (-35194486.11993085 * (-2.6600860698602395 + (0.8787782072695123 * x_0))))))
feynman_III_13_18,ok,4,BFGS,0.9065940683778018,168.96632545836763,116,101.67,,0.1,(12.542715694827919 + ((0.12189150659034964 * (((0.5821604953420159 * ((-1.7475341041555978 + (-0.6642876920696796 * inv((14.008510786649978 + (11.417715436216874 * (-2.557360784962865 + (0.8860604608557809 * x_2))))))))**2) + (((0.3797997716531122 * (-2.559111498086225 + (0.8438989755780321 * x_0))) + (1.2382204940151214 * ((5.7854624633169465 + (-4.612373241733669 * (-2.4699294639154807 + (0.8560964559950999 * x_3)))))**2)) + (((inv((32.93121921563878 + (5.238029072777527 * (-2.4699294639154807 + (0.8560964559950999 * x_3))))) + (1.1181981382709902 * ((8.831602805172473 + (3.1490795350651215 * (-2.557360784962865 + (0.8860604608557809 * x_2)))))**2)) - (-61.41737791492976 * (-2.559111498086225 + (0.8438989755780321 * x_0)))) - (10.875315219555024 * (-2.557360784962865 + (0.8860604608557809 * x_2)))))) * ((20.146405209231432 * ((1.011717139220301 + (0.401162404664934 * (-2.538907955679724 + (0.8360455927136513 * x_1)))))**2) - (-0.16088294713057538 * (-2.559111498086225 + (0.8438989755780321 * x_0)))))) + (0.11793208697868024 * ((-2.498931369779327 + (3.9414457981349784 * (-2.538907955679724 + (0.8360455927136513 * x_1)))))**2)))
feynman_III_14_14,ok,5,BFGS,0.5035352475875333,5.007451284956933,126,107.71,,0.1,(0.17360747836026824 + (((15.804802711506724 * inv((2.497255385903207 + (0.6012549387031076 * (-5.170473117636555 + (3.4111455044222505 * x_3)))))) + ((3.677948180491031 * (-2.668504578371374 + (0.895141141763398 * x_0))) + (0.2603695449333596 * (inv((2.4710130071150447 + (41.121471310707165 * (-2.668504578371374 + (0.895141141763398 * x_0))))) * ((inv((0.37896480700611024 + (18.409629800422678 * (-2.668504578371374 + (0.895141141763398 * x_0))))) * ((0.1400497488185949 * (-4.857485252493451 + (3.2877290201094715 * x_1))) - ((0.2031069914080259 * (inv((-0.004615399785801619 + (0.1924417422634067 * (-5.111852970749168 + (3.3644339378306247 * x_2))))) * inv((0.4188977561750109 + (12.364224497222018 * (-5.111852970749168 + (3.3644339378306247 * x_2))))))) - ((4.094450813625533 * inv((4.921320138730309 + (-3.919798727558927 * (-5.111852970749168 + (3.3644339378306247 * x_2)))))) - ((0.325899748200849 * inv((3.634807256859313 + (0.2252198367568603 * (-5.1655723252122225 + (3.434279417769823 * x_4)))))) - (0.9065260030081257 * (-4.857485252493451 + (3.2877290201094715 * x_1)))))))) * (-2.668504578371374 + (0.895141141763398 * x_0))))))) + (-2.4750747187852316 * (-5.1655723252122225 + (3.434279417769823 * x_4)))))
feynman_III_15_12,ok,3,BFGS,0.20931729338213723,4.352264967533619,112,88.43,,0.1,(0.5355600860731868 + (((1.2014334167932292 * inv((41.86718451504291 + (37.648620963742715 * (-2.7555269573611176 + (0.9149371100073108 * x_1)))))) + ((2.2924275240817726 * (-2.6957874627590446 + (0.884057098270909 * x_0))) + ((0.01961210982018763 * inv((0.0037160364415438395 + (0.0008926598969815718 * (-2.433749339868416 + (0.8313595104823411 * x_2)))))) - (-1.7975542863620575 * inv((6.484179273720066 + (0.083236086474727 * cos(((-0.20412259956433823 * ((5.44317223972541 + (0.09220144296900856 * (-2.7555269573611176 + (0.9149371100073108 * x_1)))))**2) - (-0.2299148998289289 * ((((0.6701576460762496 + (0.638675782967042 * (-2.6957874627590446 + (0.884057098270909 * x_0)))))**2 * inv((0.8375370758603355 + (3.003674013770802 * (-2.7555269573611176 + (0.9149371100073108 * x_1)))))) * (0.15678651883865707 * inv(((0.4153656900751581 * (-2.433749339868416 + (0.8313595104823411 * x_2))) - (0.2177660306951349 * inv((50.1465718609317 + (3.2115724484096493 * (-2.433749339868416 + (0.8313595104823411 * x_2)))))))))))))))))))) - (-0.9239758809832532 * (-2.433749339868416 + (0.8313595104823411 * x_2)))))
feynman_III_15_14,ok,3,BFGS,0.15376490660388287,0.01952920392835494,92,118.44,,0.1,(0.009028971482251479 + ((0.20401672639443635 + (0.40743915213131143 * (((0.22895472016143903 * inv((5.223302149400261 + (0.4176268023684975 * (inv((0.27685497684191274 + (3.8582344216625 * (-2.7086572108381093 + (0.888939095052541 * x_1))))) * ((0.4408171534458625 * (-2.600944791990059 + (0.8402356442102845 * x_2))) + ((-0.010025707683459818 * (-2.34578704306449 + (0.8008218224036182 * x_0))) + (0.5949339868364834 * inv(((0.03966122119690613 * (-2.34578704306449 + (0.8008218224036182 * x_0))) + (9.809410365942945 * (-2.7086572108381093 + (0.888939095052541 * x_1))))))))))))) + (-0.5868357439381429 * inv((0.4726029516522805 + (0.4096594326563978 * (-2.600944791990059 + (0.8402356442102845 * x_2))))))) * (0.2741635315074855 * inv((47.59846171527366 + (50.28469025161314 * (-2.7086572108381093 + (0.888939095052541 * x_1))))))))) * (0.04074466731641191 * (-2.34578704306449 + (0.8008218224036182 * x_0)))))
feynman_III_15_27,ok,3,BFGS,0.5349604531726062,1.8505215830245327,77,122.40,,0.1,(-3.989896866081356 + ((0.8571447850740306 * exp((-0.7506124049827925 + (-0.05433741041866531 * (-2.4879626933927046 + (0.833693497064789 * x_0)))))) + ((1.1898057865747473 * (-2.533070086737555 + (0.8625339673768139 * x_2))) - ((1.9652511577935732 * (-2.533070086737555 + (0.8625339673768139 * x_2))) - (((-1.0563093246286446 * inv((0.09425938582311884 + (-0.03500241823797277 * (-2.4879626933927046 + (0.833693497064789 * x_0)))))) + ((-2.533070086737555 + (0.8625339673768139 * x_2)) * (-2.533070086737555 + (0.8625339673768139 * x_2)))) - inv(((0.019077623021606996 * (-2.4879626933927046 + (0.833693497064789 * x_0))) - (1.646512706326042 * exp((-3.327092221283891 + (0.029236229899595373 * (-2.533070086737555 + (0.8625339673768139 * x_2)))))))))))))
feynman_III_17_37,ok,3,BFGS,0.7686861329839085,2.5683851773322357,102,127.78,,0.1,(0.6706929601646316 + ((((7.936271367477929 * cos((2.97199310654333 + (1.3354585796720402 * (-2.551596122504234 + (0.8474189011325017 * x_2)))))) + (0.35986352609139716 * inv((0.41621581012514053 + (0.0940535720846179 * cos(((4.165948530250647 * ((0.08365063916691895 + (11.357495760241157 * (-2.5686713329782953 + (0.862001671169859 * x_1)))))**2) + (8.340715470586282 * (-2.5686713329782953 + (0.862001671169859 * x_1)))))))))) + (0.07158208659997006 * (cos((0.5398849928610141 + (0.5116752673619085 * (-2.5686713329782953 + (0.862001671169859 * x_1))))) * cos(((2.3063206071247926 * inv(((-25.847116732093497 * (-2.551596122504234 + (0.8474189011325017 * x_2))) - (0.6269241395371712 * (-2.491499110603535 + (0.8386271442685918 * x_0)))))) + (2.1559576227163184 * inv((1.015216676663134 + (-2.053174779143985 * cos((2.727088637423213 + (11.747414907666396 * (-2.491499110603535 + (0.8386271442685918 * x_0)))))))))))))) + (-1.822880824171361 * (-2.5686713329782953 + (0.862001671169859 * x_1)))))
feynman_III_19_51,ok,5,BFGS,0.41996573836068285,1.3894601525809922,27,80.63,,0.1,(1.212156247117529 + ((5.247373398560464 * inv((-3.4116650854345614 + (0.878799341838976 * (-2.7325304403218103 + (0.9024643506596678 * x_1)))))) + (-0.002169782049623899 * inv((0.2950673193031259 + (0.5600212299533288 * (-2.7193729315376136 + (0.8742168644608117 * x_0))))))))
feynman_III_21_20,ok,4,BFGS,0.6835357481626106,7.509679021835997,80,104.29,,0.1,(-12.48883569140247 + ((((1.7983294570338981 * (2.4220126293295205 * (-2.545412639486553 + (0.8474318891943581 * x_3)))) + ((-5.855560065969877 * (-2.5656360395809217 + (0.8550844648633008 * x_2))) + ((-2.939504220610996 * (-2.4948596073666858 + (0.8712831628673021 * x_0))) + (1.6189126090028352 * (-2.545412639486553 + (0.8474318891943581 * x_3)))))) + ((-5.760952339112968 * (-2.6240687793748685 + (0.8890183185341883 * x_1))) + (-0.19091530796793615 * cos(((2.0907098525404484 * sin((-5.69981169073177 + (-14.46076369353839 * (-2.6240687793748685 + (0.8890183185341883 * x_1)))))) + (-3.020285807012238 * (-2.545412639486553 + (0.8474318891943581 * x_3)))))))) + (0.03420537041832379 * ((3.0627484135439023 + (1.3829690280718168 * (-2.5656360395809217 + (0.8550844648633008 * x_2)))))**2)))
feynman_III_4_32,ok,4,BFGS,0.5720740534110513,5.1783904165464945,103,87.03,,0.1,(7.819425368382269 + ((((6.13966072477664 * inv((0.5332653496663879 + (3.133328664672323 * inv((0.32611030924782436 + (1.3805300135699694 * (-2.6466365775727345 + (0.8707401267392567 * x_2))))))))) + (2.8774793449843337 * (-2.6174887738802006 + (0.8670829091630897 * x_3)))) + ((0.4158008979655001 * inv((4.216069594363535 + (0.44756389597402135 * (-2.6466365775727345 + (0.8707401267392567 * x_2)))))) - ((((-0.0027449014773478515 * inv((0.7716157029543025 + (0.7786706392791789 * (-2.6466365775727345 + (0.8707401267392567 * x_2)))))) + (-2.612511512350074 + (0.8627753949982891 * x_1))) + (-0.3163439664828587 * inv((0.6230150899607585 + (1.110338605418388 * ((-2.6174887738802006 + (0.8670829091630897 * x_3)) * ((-2.6174887738802006 + (0.8670829091630897 * x_3)) * inv((3.235495035661536 + (0.44783893770758754 * (-2.6174887738802006 + (0.8670829091630897 * x_3)))))))))))) + (-2.784131327119264 + (0.9215893303699773 * x_0))))) + (-2.2994602652841314 * (-2.784131327119264 + (0.9215893303699773 * x_0)))))
feynman_III_4_33,ok,4,BFGS,0.9386504745979718,1.1773895234401714,116,79.34,,0.1,(0.26482873745890734 + (((3.4169158005074127 * (-2.60734931142082 + (0.9073764005796643 * x_2))) + ((4.391790986037473 * cos((37.423551815848754 + (-0.20125026123088074 * (-2.772789939599442 + (0.8864830640187504 * x_1)))))) - ((0.4058259017442726 * (((0.17478269987489697 * cos(((3.174854626026229 * (-2.60734931142082 + (0.9073764005796643 * x_2))) + ((4.875403830182785 * inv((3.6781526911453386 + (0.1350284457901549 * (-2.866571611099702 + (0.9433028392921154 * x_3)))))) - (0.49688195659801626 * sin((6.302190677808603 + (50.96255448978986 * (-2.5251798266511916 + (0.8626981754077024 * x_0)))))))))) + (0.4571007516415013 * (-2.5251798266511916 + (0.8626981754077024 * x_0)))) * ((0.261590697237092 * cos((0.5408177675976236 + (4.0802853514520265 * (-2.866571611099702 + (0.9433028392921154 * x_3)))))) - (3.747250971461569 * cos((4.326180055099962 + (0.5432917039670238 * (-2.866571611099702 + (0.9433028392921154 * x_3))))))))) - (2.92561419083646 * (-2.866571611099702 + (0.9433028392921154 * x_3)))))) + (4.532870637679082 * cos((5.680680033430644 + (0.06673652542989478 * (-2.866571611099702 + (0.9433028392921154 * x_3))))))))
feynman_III_7_38,ok,3,BFGS,0.8058307497327303,16.93656896008017,107,142.53,,0.1,(-0.8872671927002904 + ((11.027830066871994 * (-2.809767375781024 + (0.9075827176016882 * x_1))) + ((-0.5229216963692285 * (-2.7136530652251984 + (0.8943526615139876 * x_0))) - ((28.751622211128556 * (-2.402628220576974 + (0.8031476298129983 * x_2))) - (2.7716259898243936e-11 * (((0.9230078536268393 * exp((0.05356951237071213 + (0.3062460929301204 * (-2.7136530652251984 + (0.8943526615139876 * x_0)))))) - (9.148844908478221 * ((-2.7136530652251984 + (0.8943526615139876 * x_0)) * (((0.19809616087032716 * (-2.402628220576974 + (0.8031476298129983 * x_2))) + (-0.0986281915590242 * (-2.402628220576974 + (0.8031476298129983 * x_2)))) * inv((6.9057805121505265 + (-0.750308489715102 * (-2.402628220576974 + (0.8031476298129983 * x_2))))))))) * ((60.887826262798534 * inv((3.440964557240339e-11 + (-5.0919769084054274e-12 * ((-2.809767375781024 + (0.9075827176016882 * x_1)) * (-2.7136530652251984 + (0.8943526615139876 * x_0))))))) - (2.0058868103186454 * inv((0.10869410885600717 + (1.8632233208035132 * (-2.7136530652251984 + (0.8943526615139876 * x_0)))))))))))))
feynman_III_8_54,ok,3,BFGS,0.03809641258066476,0.3437821937074365,51,106.43,,0.1,(0.5204549487726642 + (((-0.1336849561458362 * inv((2.4322825638024463 + (0.9572604663769633 * (-2.957250588126034 + (1.1919718312766996 * x_2)))))) + (0.28915987320832626 * inv((9.366775418133017 + (0.46528452532777864 * (-2.957250588126034 + (1.1919718312766996 * x_2))))))) - (0.012323510871582496 * inv(((2.0568492198162605 * inv((-0.7310613891053823 + (13.114347995412803 * (-5.232329981974955 + (3.4582056648935673 * x_0)))))) - (8.782982698697765 * (-2.957250588126034 + (1.1919718312766996 * x_2))))))))
feynman_III_9_52,ok,6,BFGS,0.2096336481000146,13.178540346502524,51,142.91,,0.1,(5.65690875437532 + ((0.8045726650140677 * (-2.575743190255727 + (0.8722576541805873 * x_4))) + ((5.178012734438698 * inv((0.809765660291587 + (-0.1428421108512807 * (-3.466680730085183 + (1.7080804821447886 * x_2)))))) + (-0.9486566754753727 * inv((0.23345464297715599 + (0.3513118262880686 * inv(((-0.002459114511370415 * inv((2.6611775568612077 + (2.4256194913390696 * (-3.302270063999335 + (1.711027822918682 * x_0)))))) + (0.8476902540422697 * (-3.3150879840966465 + (1.6834333936891284 * x_3))))))))))))
feynman_II_10_9,ok,3,BFGS,0.5982182694598803,0.13788329596093632,94,111.32,,0.1,(0.32453371536973985 + ((-0.114101803324018 * inv((5.688318052776345 + (0.3623968610370791 * (-2.4407479823350755 + (0.8808833990454653 * x_0)))))) + ((0.11365318183658116 * (-2.4407479823350755 + (0.8808833990454653 * x_0))) - (((inv(((3.3497152588334744 * (-2.6474767240232993 + (0.8825746761428329 * x_2))) + (43.89325411380864 * inv((4.629949804117299 + (0.8575369437985483 * (-2.595419809290695 + (0.8588576606135521 * x_1)))))))) + (inv((0.2574253474920886 + (0.4912506350125655 * (-2.6474767240232993 + (0.8825746761428329 * x_2))))) * (-1.8191750117032054e-09 * inv((0.09028593005009607 + (9.593919435478785 * inv((0.3531194579415403 + (-0.33864682215892394 * (-2.4407479823350755 + (0.8808833990454653 * x_0))))))))))) + (0.1542600145826019 * (-2.6474767240232993 + (0.8825746761428329 * x_2)))) - (0.8249786208240424 * inv((6.543454434232583 + (-0.18465680574184193 * (-2.4407479823350755 + (0.8808833990454653 * x_0))))))))))
feynman_II_11_20,ok,5,BFGS,0.5392327637372945,5.010500845873156,103,106.02,,0.1,(0.4030559190464651 + (((1.4040697023116255 * (-2.6316919296321113 + (0.8710897992152611 * x_3))) + ((42.39940968313263 * (inv((3.339081299748698 + (8.768876641405079 * ((-2.457523520153069 + (0.8701539172876223 * x_4)) * (inv((8.371133603355393 + (0.9480772948328431 * (-2.6316919296321113 + (0.8710897992152611 * x_3))))) * (0.7291237487009168 * inv((0.587552112122868 + (0.4999063718564396 * (-2.594902082535144 + (0.8534005543784765 * x_1))))))))))) * (inv((8.088408744253456 + (3.043296946900485 * (-2.6316919296321113 + (0.8710897992152611 * x_3))))) * exp(((0.3762428879412767 * ((0.4211217713697821 + (0.169921255892182 * (-2.6316919296321113 + (0.8710897992152611 * x_3)))))**2) + ((1.2097678000589802 * (-2.594902082535144 + (0.8534005543784765 * x_1))) + (-0.0040729130564190405 * (-2.457523520153069 + (0.8701539172876223 * x_4))))))))) + (2.0400825938321745 * (-2.539565017471692 + (0.8482516330389377 * x_2))))) + (0.028996035700222134 * (-2.457523520153069 + (0.8701539172876223 * x_4)))))
feynman_II_11_27,ok,4,BFGS,0.44221832467208755,0.43309833714766,123,106.68,,0.1,(0.5718568132524776 + (((0.1654898417812003 * (inv((0.9293530725643262 + (0.041767774124764054 * (-5.046769784936528 + (3.418189540060406 * x_2))))) * (1.812519738563054 * (-1.648775206320855 + (3.466849046719344 * x_0))))) + (-0.13544820059603646 * inv((9.594143264393374 + (0.15336941781256552 * (-1.7252785901711232 + (3.536305764059484 * x_1))))))) + ((-0.017860419735442126 * (-5.0422201628750365 + (3.42921855514138 * x_3))) + (((((-0.3332536015911761 * (-5.046769784936528 + (3.418189540060406 * x_2))) + (0.012057124311484192 * inv((13.824119368561554 + (0.21392651191545767 * (-1.7252785901711232 + (3.536305764059484 * x_1))))))) + (2.794311070324818e-08 * inv((0.5006865628930028 + (71.81107211164627 * (-5.046769784936528 + (3.418189540060406 * x_2))))))) + (0.4461763792117265 * (-5.046769784936528 + (3.418189540060406 * x_2)))) - ((0.12202530228328001 * (sin(((3.3311433063343983 * (-1.7252785901711232 + (3.536305764059484 * x_1))) + (1.605044286110448 * (-5.0422201628750365 + (3.42921855514138 * x_3))))) * inv((0.594779475008203 + (29.51353854932728 * (-5.0422201628750365 + (3.42921855514138 * x_3))))))) + (-0.14292685290709484 * (-5.0422201628750365 + (3.42921855514138 * x_3))))))))
feynman_II_11_28,ok,2,BFGS,0.8363003599923127,0.12413337208263667,53,136.44,,0.1,(0.2388373160875437 + ((((0.9316951737168536 * inv((0.3450891374835179 + (0.5421559876214532 + (0.12167384657968532 * (-1.8075189031076848 + (3.462610195906584 * x_1))))))) + ((2.933487218471452 * (-1.8075189031076848 + (3.462610195906584 * x_1))) + (0.18107042358594247 * (-1.6870985985358635 + (3.439169193273224 * x_0))))) + (-0.0013936227368543332 * inv((0.4303860372971322 + (0.9674469918945775 * (-1.6870985985358635 + (3.439169193273224 * x_0))))))) + (-2.586412503419562 * (-1.8075189031076848 + (3.462610195906584 * x_1)))))
feynman_II_11_3,ok,5,BFGS,0.6134558352875348,0.07915592819105893,51,179.96,,0.1,(0.17670840058775364 + ((((0.04886709020088837 * (-3.639820054101914 + (1.8353488983603912 * x_1))) + (-0.07072641185489636 * (-6.973914079319447 + (1.7326948094237948 * x_3)))) + (-0.017471672615806122 * (inv((1.4639264223258175 + (1.4379482010276405 * (-3.4159175484317243 + (1.6763635427586012 * x_2))))) * (0.2178492704688696 * inv((2.7784723208723876 + (-0.3603864006524358 * (-3.639820054101914 + (1.8353488983603912 * x_1))))))))) + (0.054446377437530384 * (-3.4858296098647474 + (1.725550340478727 * x_0)))))
feynman_II_13_17,ok,4,BFGS,0.4870298818015527,0.018376609419908714,88,104.46,,0.1,(-0.027379218635892016 + (((-0.011739913740488932 * (-2.652627881283846 + (0.864138855771416 * x_2))) + (0.849465576498321 * inv((0.044237855793569036 + (6.340380471871512 * ((0.3156448753203003 * inv(((0.07856631901405514 * (-2.652627881283846 + (0.864138855771416 * x_2))) + (-0.008500374317241838 * inv((0.8005380040038501 + (10.560993652219643 * (-2.4024694168052316 + (0.8219116109543148 * x_3))))))))) * (0.7901598984519693 * inv((0.41534641681902285 + (-0.23192507383495797 * ((inv((0.2964544276134595 + (0.1340392109697952 * (-2.753414723144747 + (0.8791399948500996 * x_1))))) * (-2.7051143752950964 + (0.8640897171000568 * x_0))) * (0.10394123449328002 * (-2.652627881283846 + (0.864138855771416 * x_2)))))))))))))) + inv((0.4771965943895662 + (1.3899834999399374 * inv((0.05921846693264163 + (-0.01795411804314387 * (-2.753414723144747 + (0.8791399948500996 * x_1))))))))))
feynman_II_13_23,ok,3,BFGS,0.9925387851165367,0.10235015935892039,22,101.34,,0.1,(2.908807626419467 + ((1.1713370076114922 * (-2.6798415562573763 + (0.9000715575381649 * x_0))) + (-0.0010167614185670462 * inv((-0.0063304791958888745 + (-0.002923154092133687 * (-3.3391022807239796 + (0.5111737659041323 * x_2))))))))
feynman_II_13_34,ok,3,BFGS,0.9560832804383884,0.4264751683978142,97,119.59,,0.1,(0.6737427622948857 + ((1.6405096296389017 * inv((0.3181060383980464 + (-0.05238416307245583 * (-4.940481638693344 + (3.3437624554237626 * x_1)))))) + ((0.31045884795552636 * (-2.635228193647432 + (0.8916572161096509 * x_0))) + ((1.5020151861596922 * (-2.635228193647432 + (0.8916572161096509 * x_0))) - (((0.34734615569523664 * inv((0.22541030541558083 + (1.0199546312911054 * (((1.3177929925469556 * ((3.28546814508581 * inv((104.88589967257616 + (3.0235442091803364 * (-2.9141559673417166 + (0.46292076127847 * x_2)))))) * (-9.956584492430828 * (-4.940481638693344 + (3.3437624554237626 * x_1))))) - (0.261204197357797 * (-2.635228193647432 + (0.8916572161096509 * x_0)))) * (-0.08769435068483494 * (-4.940481638693344 + (3.3437624554237626 * x_1)))))))) + (0.11943586389285932 * (-2.9141559673417166 + (0.46292076127847 * x_2)))) - (-0.0006370473213716879 * inv((0.26573288969269493 + (0.3205249201139675 * (-2.9141559673417166 + (0.46292076127847 * x_2)))))))))))
feynman_II_15_4,ok,3,BFGS,0.8238101488278947,2.2126221258427288,69,104.35,,0.1,(0.4019614380558347 + (((2.481940323346162 * cos((0.11140145133288767 + (-1.2278431890171673 * (-2.5228635593411757 + (0.8363867496115811 * x_2)))))) + (-0.18257700469958252 * cos((2.3723637988202615 + (4.513154689346814 * (-2.6459797016564632 + (0.8727188941478409 * x_1))))))) * (((5.651963300985598 * (-2.6459797016564632 + (0.8727188941478409 * x_1))) + ((0.17777409850114634 * sin((0.05579479545469736 + (39.390389215860935 * (-2.5228635593411757 + (0.8363867496115811 * x_2)))))) - (4.225297643314368 * (-2.6459797016564632 + (0.8727188941478409 * x_1))))) + (3.9029231820112504 * sin((1.0604028436222155 + (-0.0012380845525801578 * (-2.5228635593411757 + (0.8363867496115811 * x_2)))))))))
feynman_II_15_5,ok,3,BFGS,0.8711213618097765,1.8409073448336084,112,81.02,,0.1,(10.795820755279479 + (((0.4568310795946672 * sin((5.8214638955636495 + (-1.5761533991830865 * (-2.7404864706467325 + (0.873550869340621 * x_2)))))) + (1.1202679712728218 * (-2.623128343020264 + (0.8714830687709064 * x_0)))) - ((7.90249315967942 * sin((4.289000655192991 + (1.9641166353670676 * (cos((33.6291099896702 + (0.13274747629924613 * (-2.516678448150414 + (0.8505212082765151 * x_1))))) * (-2.7404864706467325 + (0.873550869340621 * x_2))))))) - ((0.18170288236049692 * sin((37.68519725270426 + (20.90972346559441 * (-2.623128343020264 + (0.8714830687709064 * x_0)))))) - (16.314034036530206 * cos(((0.06888092180829489 * ((3.089288750056041 + (0.639844909527377 * (-2.623128343020264 + (0.8714830687709064 * x_0)))))**2) + ((0.3667424829480759 * sin((0.491960563542879 + (1.0369398319854244 * (-2.7404864706467325 + (0.873550869340621 * x_2)))))) - (-0.6050809694451998 * sin(((0.8171196218703721 * sin((0.26470858664100083 + (-0.5696564096255828 * (-2.623128343020264 + (0.8714830687709064 * x_0)))))) + (0.39402214422355875 * (-2.516678448150414 + (0.8505212082765151 * x_1))))))))))))))
feynman_II_21_32,ok,5,BFGS,0.4486503902075254,0.031454826919983046,69,83.20,,0.1,(-0.020905743546221107 + ((0.166806261345524 * inv((2.2951015524220866 + (0.6006000409760588 * (-2.6284161408483433 + (0.8564019147978089 * x_1)))))) + ((0.017455577621501586 * (-2.66672674421076 + (0.8799980575686334 * x_0))) + (0.005716577461152246 * (inv((0.1469692385878399 + (0.4320106479748088 * inv((0.6723453152578216 + (0.5623595901219496 * (-3.2988724247793657 + (0.5058211443179642 * x_4)))))))) * ((0.4091968180652884 * (-5.01141599607414 + (3.34417291403035 * x_3))) - ((5.836239153093278 * inv((3.9764104981986463 + (0.4509862625192531 * (-3.2988724247793657 + (0.5058211443179642 * x_4)))))) - (0.39693698477385386 * (-3.2988724247793657 + (0.5058211443179642 * x_4))))))))))
feynman_II_24_17,ok,3,BFGS,0.9690725923968212,0.1521146510306984,96,117.88,,0.1,(3.332919904824852 + ((((-0.04179462992370975 * (-8.642683837968443 + (1.736310748726112 * x_0))) + (-0.029572078805409983 * cos(((0.9856686695696224 * inv((16.61286802015922 + (-0.025546805595325253 * (-5.098632543293196 + (3.429833828411375 * x_1)))))) - (0.46730280689124304 * inv((((1.0019232415056232 * (-8.642683837968443 + (1.736310748726112 * x_0))) + (-0.2579620167243153 * (-8.642683837968443 + (1.736310748726112 * x_0)))) + (0.3674763014866942 * inv((-1.8285095042763428 + (-112.63044657285201 * (-5.185707443394292 + (1.7511117255798525 * x_2))))))))))))) + ((-0.5225845703492942 * inv((26.315648978892412 + (15.03585118848617 * (-5.185707443394292 + (1.7511117255798525 * x_2)))))) - (2.182524999746784 * ((0.3427981343609685 * (-5.098632543293196 + (3.429833828411375 * x_1))) + (-0.19781642762233353 * (-8.642683837968443 + (1.736310748726112 * x_0))))))) + (0.08357976948192286 * (-5.185707443394292 + (1.7511117255798525 * x_2)))))
feynman_II_27_16,ok,3,BFGS,0.8899338903804932,29.553008150191847,72,105.56,,0.1,(0.5717572161761058 + (((1.60953333550263 * ((45.25962993295448 * sin((0.13493335772298737 + (0.13619439032196445 * (-2.587341142699831 + (0.8786098444979417 * x_2)))))) * ((7.283680242392755 * cos(((0.7012956674314159 * cos((11.254490422201798 + (7.069945268406755 * (-2.587341142699831 + (0.8786098444979417 * x_2)))))) + ((-0.1779142238595548 + (0.03627515176147503 * (-2.596743687374026 + (0.8682775866518997 * x_0)))))**2))) - (-2.764301816393532 * (-2.596743687374026 + (0.8682775866518997 * x_0)))))) + (77.64946624369333 * sin((0.4153558832219977 + (0.4655577703561582 * (-2.9070459506860526 + (0.9221130424024399 * x_1))))))) - (-8.829548547059773 * (-2.596743687374026 + (0.8682775866518997 * x_0)))))
feynman_II_27_18,ok,2,BFGS,0.9295699298395752,5.904378994055842,51,84.99,,0.1,(33.61120436734943 + ((22.707828491925753 * cos((-4.97898205833533 + (-0.6163402124474442 * (-2.854039588936294 + (0.9313688748574931 * x_0)))))) + ((-33.57180932488052 * inv((5.8450009173694255 + (-1.3798401922468724 * (-2.854039588936294 + (0.9313688748574931 * x_0)))))) - (cos((34.1185492126028 + (0.15991997996271945 * (-2.854039588936294 + (0.9313688748574931 * x_0))))) * (31.635184890731253 * cos((36.037588120716634 + (0.7455213876999349 * (-2.778749929216607 + (0.9202757116769661 * x_1))))))))))
feynman_II_2_42,ok,5,BFGS,0.4179728456424965,6.107393883690727,121,98.84,,0.1,(0.48915216660201155 + ((0.19118833813875635 * (((((-1.0704230742556247 * (-2.56184837158364 + (0.8868667655691996 * x_4))) + (0.28076992078261753 * inv((0.3677284842040507 + (38.10307873990533 * (-2.5324236435326513 + (0.8576874007117519 * x_0))))))) * (0.8464508791998058 * inv((4.259093348126697 + (0.666608100707027 * (inv((3.4782010461632034 + (0.5147736528022642 * (-2.56184837158364 + (0.8868667655691996 * x_4))))) * (-2.4653835903384924 + (0.8610943117784253 * x_1)))))))) * inv((0.05951991361760672 + (0.30340550079106254 * (-2.56184837158364 + (0.8868667655691996 * x_4)))))) * ((3.756124979148508 * inv((31.053523224693805 + (0.49842451276242694 * (-2.8444438062869346 + (0.9035352009803069 * x_3)))))) - (((0.4048612550308841 * inv((2.2934752236881204 + (1.4369357699210488 * (-2.56184837158364 + (0.8868667655691996 * x_4)))))) + (-2.5324236435326513 + (0.8576874007117519 * x_0))) + (inv((0.23704943815428392 + (2.592689614072934 * (-2.8444438062869346 + (0.9035352009803069 * x_3))))) * inv((2.9469832529531743 + (2.959004993126893 * (-2.8444438062869346 + (0.9035352009803069 * x_3)))))))))) + (5.1506891557877506 * (-2.47728704926582 + (0.8237116622497856 * x_2)))))
feynman_II_34_11,ok,4,BFGS,0.5569812159547889,3.3686716971217345,98,84.98,,0.1,(-0.5393935410571831 + ((2.1064328954633424 * (((0.14880940710003554 * (-2.7443676432466564 + (0.9199324290158198 * x_1))) + (0.24660339813003307 * (-2.4185743585385087 + (0.8288773353226235 * x_0)))) * (184.37468521856192 * inv((39.45657334449203 + (-0.9652242427166553 * (-2.546466339622496 + (0.8415241486134336 * x_2)))))))) + ((0.03794188559723086 * (cos(((-0.4054795918326408 * inv((4.5297207224079195 + (-20.44892106579786 * (-2.7443676432466564 + (0.9199324290158198 * x_1)))))) + (-0.03877958860882452 * cos(((-1.0268454653648806 * inv((-2.8682235628770467 + (-0.4174747986744063 * (-2.624623356535676 + (0.8656711223164797 * x_3)))))) + (372.0201451554442 * (-2.624623356535676 + (0.8656711223164797 * x_3)))))))) * (-0.16561627081536023 * inv((1.5110851443501643 + (-0.9427736785305751 * (-2.624623356535676 + (0.8656711223164797 * x_3)))))))) + (7.763223634265103 * inv((1.5131576952425325 + (-0.4839628513319638 * (-2.546466339622496 + (0.8415241486134336 * x_2)))))))))
feynman_II_34_2,ok,3,BFGS,0.9210425518462706,3.2248984873063025,108,96.32,,0.1,(3.370736534596486 + ((5.485228040472286 * (-2.602940375995324 + (0.8496500991704193 * x_1))) + (9.869839939207296 * (((0.3083573861104374 * (-2.6504816977325447 + (0.8726425668692686 * x_0))) + (((1.235164658595295 * (-2.593258549923045 + (0.8476444061960484 * x_2))) + (11.65743788848473 * cos((37.547140629229276 + (0.41022633269221476 * (-2.6504816977325447 + (0.8726425668692686 * x_0))))))) + ((((0.4107652514761073 * (-2.593258549923045 + (0.8476444061960484 * x_2))) + (0.24107132711208934 * inv(((0.23741740971476555 * (-2.593258549923045 + (0.8476444061960484 * x_2))) + (-0.22613022580296438 * (-2.593258549923045 + (0.8476444061960484 * x_2))))))) + (2.656443558906707 * sin((0.13909106064751453 + (36.320498527849736 * (-2.593258549923045 + (0.8476444061960484 * x_2))))))) + sin((0.7213633903605321 + (1.050791785980544 * (-2.602940375995324 + (0.8496500991704193 * x_1)))))))) * ((-2.593258549923045 + (0.8476444061960484 * x_2)) * sin((0.05096158706073203 + (0.025769484795997145 * (-2.6504816977325447 + (0.8726425668692686 * x_0))))))))))
feynman_II_34_29a,ok,3,BFGS,0.83514946539506,0.08326931642900874,38,122.36,,0.1,(0.1755043479771668 + (((0.09753720561864246 * (-2.6340162306931827 + (0.8915777577347517 * x_0))) + (0.30498913418016005 * inv((3.8969015030402323 + (1.8834197972248137 * (-2.5921353812207917 + (0.8811099449187398 * x_2))))))) - ((-0.10861283603419654 * (-2.614432269470226 + (0.8616494128817651 * x_1))) - (-0.04891777800036489 * (-2.5921353812207917 + (0.8811099449187398 * x_2))))))
feynman_II_34_29b,ok,5,BFGS,0.7760179515331354,102.03289558255877,79,98.74,,0.1,(27.713668160841216 + (exp(((1.2014857052035732 * (-2.3522871959349114 + (0.8097388077046674 * x_4))) + (0.7124277617574528 * (-2.5531194930605294 + (0.8789899049582045 * x_0))))) * ((14.263795955804646 * (-2.3522871959349114 + (0.8097388077046674 * x_4))) - (((-0.9478050407731347 + (1.5417733853626365 * (-2.580173613126937 + (0.8625475822840215 * x_1)))))**2 * ((-4.269675269222953 * abs((-58.37732615981672 + (3.3807337927969643 * (-2.3522871959349114 + (0.8097388077046674 * x_4)))))) - (((-18.383465322030872 * ((-3.4847241040731793 + (-0.013558128735203286 * (-2.5531194930605294 + (0.8789899049582045 * x_0)))))**2) + (5.033166708429762 * (-2.6979419603958954 + (0.9090787910735363 * x_2)))) + (5.2001861126513 * (-2.5155816435325256 + (0.8566223922776196 * x_3)))))))))
feynman_II_34_2a,ok,3,BFGS,0.7339897633406963,0.24936818574402944,30,112.27,,0.1,(0.5066255021327564 + (((-0.7922727663594169 * (-2.595184874485386 + (0.8744180518029964 * x_2))) + (0.7446526386366809 * (-2.5836604135273715 + (0.8398765027159596 * x_1)))) * (0.8004861930518408 * inv((2.882697975485077 + (1.0307371010308786 * (-2.595184874485386 + (0.8744180518029964 * x_2))))))))
feynman_II_35_18,ok,5,BFGS,0.3892392330996456,0.23940887770837677,115,112.04,,0.1,(0.151851211212237 + ((0.14680114729424276 * (-3.4918091935735216 + (1.6972309630916704 * x_0))) + ((19.29164059345269 * inv((43.24554259751572 + (0.4078461412025789 * ((inv((39.89135642953339 + (0.07756758920019582 * (-3.579403689568145 + (1.7747930310678999 * x_2))))) * (((0.3583948119217637 * (-3.7134592839832528 + (1.8246293748275135 * x_4))) + ((0.326791146986112 * (-3.4918091935735216 + (1.6972309630916704 * x_0))) - (((3.9369870068056922 * inv((34.94801557925035 + (0.4057286759751668 * (-3.273392609849695 + (1.652817435825319 * x_3)))))) + (0.1456550414963541 * (-3.273392609849695 + (1.652817435825319 * x_3)))) + (0.4000205364257645 * inv((1.3761040993106368 + (4.964202937514697 * inv(((28.04345758766857 * (-3.7134592839832528 + (1.8246293748275135 * x_4))) + (3.2590683150855604 * inv((2.5604771401801267 + (0.43472700535843645 * (-3.579403689568145 + (1.7747930310678999 * x_2))))))))))))))) + (0.3268171520235379 * (-3.7134592839832528 + (1.8246293748275135 * x_4))))) * (-3.579403689568145 + (1.7747930310678999 * x_2))))))) + (0.10713762928179035 * (-3.219763489368215 + (1.6753593121119754 * x_1))))))
feynman_II_35_21,ok,5,BFGS,0.8031726506056486,2.1677060078440493,41,107.01,,0.1,(-27.51996585281303 + ((((-0.9668580042733348 * (-2.7937445951572557 + (0.9077777236188819 * x_4))) + inv((8.771440524739393 + (285.27338248107105 * (-2.7110096708122233 + (0.875131425217154 * x_2)))))) + (3.2961483747750524 * (-2.585304710315294 + (0.8870094272288953 * x_1)))) - (-303.0384581137546 * inv((8.845006118793522 + (-0.5807997022272782 * (-2.6574893155775725 + (0.8639895682372307 * x_0))))))))
feynman_II_36_38,ok,8,BFGS,0.018214030081760257,0.9541107664683443,132,100.24,,0.1,(1.50967089372132 + (((-3.673547657995394 + (1.8008360979627651 * x_5)) * ((-3.49247493142665 + (1.7662338946626293 * x_4)) * ((((0.621827329678422 * (-3.512647543149536 + (1.747231500909104 * x_1))) + (-0.2475470814491747 * (-3.471793038256991 + (1.7179484625381287 * x_3)))) + ((-3.49247493142665 + (1.7662338946626293 * x_4)) * (-3.673547657995394 + (1.8008360979627651 * x_5)))) * ((-0.02361385642920044 * ((-3.4549198528908147 + (1.7383908466088813 * x_7)) * (((9.38716232557664 * inv(((1.7057438741428754 * exp((0.751022764016072 + (0.4937989031338512 * (-3.471793038256991 + (1.7179484625381287 * x_3)))))) + ((21.519154729460197 * (-3.644144276541765 + (1.820082555589773 * x_2))) + (0.1459775984652794 * inv((2.376047892400681 + (1.1569359787438822 * (-3.512647543149536 + (1.747231500909104 * x_1)))))))))) + (6.6545179570392605 * inv((5.0432391160591195 + (0.13285663947845683 * (-3.644144276541765 + (1.820082555589773 * x_2))))))) + ((-1.6617250969118649 * inv((0.8323710326912592 + (-0.21803984174769575 * (-3.471793038256991 + (1.7179484625381287 * x_3)))))) + (-3.4549198528908147 + (1.7383908466088813 * x_7)))))) + (-0.01117100218858548 * (-3.6925070047132977 + (1.818762469791632 * x_6))))))) * (-3.6925070047132977 + (1.818762469791632 * x_6))))
feynman_II_37_1,ok,3,BFGS,0.9175274728583581,6.731674377256804,46,80.04,,0.1,(1.8509985400814943 + (((14.611935854819485 * (-2.4748604028134427 + (0.8522855070971659 * x_0))) + (0.4328949457272246 * (((1.8544355397046361 + (0.23359328916286895 * (-2.5838719309788227 + (0.8503387114696592 * x_2)))))**2 * ((4.68650839615891 + (1.0119252247238628 * (-2.624301235128215 + (0.8456908079177562 * x_1)))))**2))) + (-4.155652761028095 * cos((71.2423907986737 + (2.006712818753221 * (-2.5838719309788227 + (0.8503387114696592 * x_2))))))))
feynman_II_38_14,ok,2,BFGS,0.9431398775467161,0.05418547731831143,67,74.07,,0.1,(0.11022536194876809 + ((((((-0.6243152685165132 * (-2.680159988684729 + (0.8643223760263921 * x_1))) + (3.9164993082927104 * (-2.5507774690309435 + (0.8335657750653932 * x_0)))) + (0.6097338376972217 * (-2.680159988684729 + (0.8643223760263921 * x_1)))) + (5.889903843409321 * inv((22.541595113815518 + (7.814102353019596 * (-2.680159988684729 + (0.8643223760263921 * x_1))))))) + (-1.6450037035065206 * (-2.5507774690309435 + (0.8335657750653932 * x_0)))) + ((-2.1091169353553223 * (-2.5507774690309435 + (0.8335657750653932 * x_0))) + (-2.474857850082804e-05 * inv((1.550936928288059 + (15.892181200151043 * (-2.680159988684729 + (0.8643223760263921 * x_1)))))))))
feynman_II_38_3,ok,4,BFGS,0.7560461632588786,4.373905140586515,126,86.21,,0.1,(0.3629968764166046 + ((((0.5337096494262399 * (-2.616783341122097 + (0.8781832314186395 * x_3))) + (0.07452903385129143 * cos(((0.755715012582493 * inv((1.0492158550156052 + (1.2483060242062374 * (-2.616783341122097 + (0.8781832314186395 * x_3)))))) + ((0.24149004509785277 * (-2.5857619137828576 + (0.8827117374437846 * x_1))) + (36.14420289884399 * inv((18.69545803176385 + (30.96284203758004 * (-2.495679074949545 + (0.8362537246328503 * x_0))))))))))) + (3.294261681587683 * (-2.616783341122097 + (0.8781832314186395 * x_3)))) - ((0.2920582642056089 * ((-2.697549234125539 + (0.8870470474820004 * x_2)) * (((43.45639595958909 * (-2.495679074949545 + (0.8362537246328503 * x_0))) + ((0.015589252670032899 * (-2.697549234125539 + (0.8870470474820004 * x_2))) + (0.09120288155731573 * (-2.616783341122097 + (0.8781832314186395 * x_3))))) * (5.539470140032943 * inv((42.39615350555458 + (0.2610334100928017 * (-2.616783341122097 + (0.8781832314186395 * x_3))))))))) - (((3.61039209840627 * (-2.5857619137828576 + (0.8827117374437846 * x_1))) + (8.17850609305078 * inv((1.0160267151619027 + (0.3919457974529139 * (-2.697549234125539 + (0.8870470474820004 * x_2))))))) + (-2.495679074949545 + (0.8362537246328503 * x_0))))))
feynman_II_3_24,ok,2,BFGS,0.7383482199404083,0.029775147282933824,87,93.35,,0.1,(0.13566083534509465 + ((-0.2335285077138256 * (-2.4932298491024527 + (0.8505516213027529 * x_1))) + (1.071375158054189 * (((-0.17965101457539012 * (-2.4932298491024527 + (0.8505516213027529 * x_1))) + (0.690376826109802 * inv((8.77018706793664 + (1.0786006635669318 * (-2.5176695361224137 + (0.8572007920001259 * x_0))))))) * ((0.07972283416311987 * ((0.3489297610242328 * (-2.5176695361224137 + (0.8572007920001259 * x_0))) * (25.46906800311423 * inv((((0.49580525269547104 * inv((0.18637018450813536 + (0.12340077986162978 * (-2.5176695361224137 + (0.8572007920001259 * x_0)))))) + (0.4084376765125861 * (-2.4932298491024527 + (0.8505516213027529 * x_1)))) + (118.21368550980611 * (-2.5176695361224137 + (0.8572007920001259 * x_0)))))))) + (-6.193902696347209 * inv((6.141230243769769 + (0.5322968203040213 * (-2.5176695361224137 + (0.8572007920001259 * x_0)))))))))))
feynman_II_4_23,ok,3,BFGS,0.6015752937739378,0.021747255060172797,88,98.41,,0.1,(0.8228230856647674 + ((-1.0505214072605753 * inv((1.3087907847534845 + (-0.2601584923711643 * (inv((2.443998648218752 + (0.25619785103128356 * (-2.6450480349990975 + (0.875105235568507 * x_1))))) * (inv((2.492118292038443 + (0.07077579566144349 * (-2.726174070301242 + (0.8855813319350537 * x_0))))) * (0.34489369925258906 * inv((80.8946790665754 + (0.07179300395604576 * (-2.726174070301242 + (0.8855813319350537 * x_0)))))))))))) + (-0.0007155709161363248 * inv(((1.2110629007541163 * (exp((-1.1257272097235806 + (0.7009294221524871 * (-2.833389203949172 + (0.92120344499104 * x_2))))) * ((-0.07425025019237547 * (-2.6450480349990975 + (0.875105235568507 * x_1))) + (2.079976409835364 * inv((-10.150076151170481 + (0.23599095382844226 * (-2.726174070301242 + (0.8855813319350537 * x_0))))))))) + (-0.004288729576947304 * (-2.833389203949172 + (0.92120344499104 * x_2))))))))
feynman_II_6_11,ok,4,BFGS,0.45910113877426084,0.01436020772977482,35,70.23,,0.1,(-0.009756903382378841 + ((-0.013213298696983969 * (-3.423012712168896 + (1.7317141236151294 * x_2))) + (-0.006233475195992037 * (inv((0.5753891327448195 + (7.775490819010415 * (-3.466501049439632 + (1.7135096701193169 * x_3))))) * (0.088201508483225 * inv((0.6492366643931455 + (7.89312074453796 * (-3.412369198286662 + (1.7449053370848846 * x_1))))))))))
feynman_II_6_15a,ok,6,BFGS,0.18157402962944658,0.32804019851799854,127,77.28,,0.1,(0.16515700214392853 + (inv((1.8064047658888143 + (8.558272653762057 * (-3.3402239085436296 + (1.6902763339957814 * x_0))))) * inv((8.17879886935047 + (2.3907206700177275 * (((0.07258221627796996 * inv(((2.0531082797047224 * inv((0.0827812684272828 + (0.23511582573201417 * (-3.6153250605869824 + (1.7887668278887368 * x_4)))))) + ((0.2878580389895773 * (((-3.587281008481665 + (1.8104534573853899 * x_3)) * inv((2.810097209893541 + (0.49210784984165357 * (-3.3402239085436296 + (1.6902763339957814 * x_0)))))) * ((((3.078919689917261 * (-3.478817506470138 + (1.722491710743543 * x_5))) + inv((0.122517437780544 + (0.16373737699606233 * (-3.4212794043995127 + (1.7310890036930104 * x_1)))))) + (1.706233606242228 * (-3.4212794043995127 + (1.7310890036930104 * x_1)))) * (4.985591417391084 * inv((0.33982376792073477 + (0.17766615973834105 * (-3.5442362624045955 + (1.7290625791858034 * x_2))))))))) + ((0.04085701792761971 * (-3.478817506470138 + (1.722491710743543 * x_5))) + (0.0006574003457916258 * inv((2.221689278427794 + (0.2125755986712891 * (-3.4212794043995127 + (1.7310890036930104 * x_1))))))))))) + (11.674942675147104 * (-3.5442362624045955 + (1.7290625791858034 * x_2)))) * (-3.587281008481665 + (1.8104534573853899 * x_3))))))))
feynman_II_6_15b,ok,4,BFGS,0.27657863262922566,0.02620169787598227,78,76.02,,0.1,(-0.1847522600248705 + ((0.05120604252108546 * inv((1.8143657345272852 + (0.6916187160718367 * (-3.574168123804971 + (1.7856360285208566 * x_2)))))) + (((-2.0543921872849287e-06 * inv((0.07853383559132354 + (0.18224172053233578 * (-3.6124386164696762 + (1.7575565979989267 * x_3)))))) + inv((58.60764540727156 + (0.5661853993256659 * ((inv((0.07191012545154704 + (-0.010331068675538067 * (-3.574168123804971 + (1.7856360285208566 * x_2))))) * inv((2.8485066689914524 + (0.35814184855242004 * (-3.6124386164696762 + (1.7575565979989267 * x_3)))))) * (0.4983711028656323 * inv((45.143677107727925 + (0.4141590370501651 * (-3.574168123804971 + (1.7856360285208566 * x_2))))))))))) + inv((7.999826107857447 + (0.2677372759945341 * (-3.4219568305138166 + (1.7204774630147597 * x_1))))))))
feynman_II_8_31,ok,2,BFGS,0.9001614247232904,4.065916557848917,57,94.83,,0.1,(-10.450549873056126 + (((11.93170902347827 * (-2.653907254924258 + (0.8509274823888617 * x_1))) + cos((-6.440640838178778 + (-0.6740915875700815 * (-2.752389043981485 + (0.9048032319317431 * x_0)))))) + ((6.22411411582026 * (-2.653907254924258 + (0.8509274823888617 * x_1))) - (((-1.0375039735936444 * (-2.752389043981485 + (0.9048032319317431 * x_0))) - (5.332214069133048 * (-2.752389043981485 + (0.9048032319317431 * x_0)))) - (34.63561119082949 * inv((1.4147185783985163 + (0.3733132894066429 * (-2.653907254924258 + (0.8509274823888617 * x_1))))))))))
feynman_II_8_7,ok,3,BFGS,0.4702633047469851,0.06721088574244638,90,93.99,,0.1,(0.06878457791926026 + ((3.9417006755380486 * (inv((41.448774363957185 + (0.3187050532041731 * (-2.6690271729427253 + (0.8807282537045857 * x_1))))) * (((0.42977526620739914 * (-2.817692762706578 + (0.922060438168705 * x_0))) + (0.160884952017333 * (-2.669435878248962 + (0.9227695518217146 * x_2)))) + (-0.0011581357953813344 * inv((0.11608493430649061 + (0.7781615868341081 * (-2.669435878248962 + (0.9227695518217146 * x_2))))))))) + (0.3425462936043189 * (inv((2.7999071545776806 + (0.4433461493954761 * (-2.669435878248962 + (0.9227695518217146 * x_2))))) * (((0.36149343559502 * inv((2.9881611972563062 + (0.48080659400193326 * (-2.817692762706578 + (0.922060438168705 * x_0)))))) + (51.189099658320075 * (-2.669435878248962 + (0.9227695518217146 * x_2)))) * (-0.00419759389413858 * inv((0.5700487230918432 + (0.05634607469084485 * (-2.669435878248962 + (0.9227695518217146 * x_2)))))))))))
feynman_I_10_7,ok,3,BFGS,0.9930584752157324,0.0985753343985225,95,93.05,,0.1,(2.971036743425268 + (cos(((0.41721739033620997 * inv((3.633334809655775 + (0.57234247877004 * (-2.588106740665522 + (0.887566173182724 * x_0)))))) + ((-0.03295666372788625 * inv((3.1740174114226107 + (39.991231552732245 * (-3.468260823868103 + (0.5144108989083627 * x_2)))))) - (0.4844044820425022 * inv(((0.8272077861135299 * inv((66.24801327629206 + (3.9203651113015425 * (-3.468260823868103 + (0.5144108989083627 * x_2)))))) - (56.63038395216424 * (-3.468260823868103 + (0.5144108989083627 * x_2))))))))) * ((((0.2867994609259297 * (-2.588106740665522 + (0.887566173182724 * x_0))) + (-3.0488484162950584 * (inv((3.0782723088108064 + (0.1760492464646577 * (-3.468260823868103 + (0.5144108989083627 * x_2))))) * (-3.468260823868103 + (0.5144108989083627 * x_2))))) + (0.9188569813407321 * (-3.468260823868103 + (0.5144108989083627 * x_2)))) + (0.8901246542573125 * (-2.588106740665522 + (0.887566173182724 * x_0))))))
feynman_I_11_19,ok,6,BFGS,0.7892039370657893,4.230083196289788,75,109.98,,0.1,(5.475917302955697 + ((((1.9268181942589226 * (-2.6471928306298094 + (0.885966881026239 * x_4))) + ((-2.627890341285913 * (-2.676096923467062 + (0.9079286415109341 * x_2))) - ((-3.8567244750285994 * (-2.7479829985177977 + (0.8948864386578299 * x_3))) - (((1.383868454903605 * (-2.6471928306298094 + (0.885966881026239 * x_4))) + (3.5512672904344385 * (-2.695030893403317 + (0.8307952953518407 * x_5)))) + (32.05829879598704 * inv((0.7292719984159128 + (0.0017941143342626717 * (-2.4827020613216004 + (0.8474431728639252 * x_0)))))))))) + (3.9071230186444 * (-2.4827020613216004 + (0.8474431728639252 * x_0)))) + (-0.46349733548613026 * ((-6.828871452953262 + (1.0538051224258282 * (-2.676096923467062 + (0.9079286415109341 * x_2)))))**2)))
feynman_I_12_1,ok,2,BFGS,0.9765645800266757,0.7704548034899367,120,132.22,,0.1,(8.345257139137534 + ((3.9186627930511158 * (-2.566602023658053 + (0.8997949016063425 * x_0))) - (0.0006183884944468033 * ((((3.182373820206122 * (-2.566602023658053 + (0.8997949016063425 * x_0))) + ((28.499931150751294 * (-2.878930580317207 + (0.928002407756839 * x_1))) - (53.668231555825486 * (-2.878930580317207 + (0.928002407756839 * x_1))))) + (0.5324170870453901 * (-2.566602023658053 + (0.8997949016063425 * x_0)))) * (((((0.3885911166091931 * inv((0.17044381082635474 + (0.08043182599061957 * (-2.566602023658053 + (0.8997949016063425 * x_0)))))) + (74.58210634130126 * inv(inv((2.7135045450499806 + (0.7792555490114266 * (-2.566602023658053 + (0.8997949016063425 * x_0)))))))) + (0.15254326054366907 * inv((0.3463330441367185 + (0.3429831935097112 * (-2.566602023658053 + (0.8997949016063425 * x_0))))))) + (3.090261958531581 * (-2.566602023658053 + (0.8997949016063425 * x_0)))) + ((3.5387589378191446 * inv((2.391339749488953 + (2.3389080907799977 * (-2.878930580317207 + (0.928002407756839 * x_1)))))) + ((40.052662641690915 * (-2.878930580317207 + (0.928002407756839 * x_1))) + (3.7581488288588165 * (-2.566602023658053 + (0.8997949016063425 * x_0))))))))))
feynman_I_12_11,ok,5,BFGS,0.5944534272319073,16.256798251207478,100,107.66,,0.1,(8.194920861302407 + (((-19.599594439941704 * (-2.5860302835261004 + (0.8650529647164638 * x_4))) + (-0.1575401937252494 * inv(((0.4477523543807156 * (-2.6846738802725283 + (0.8727114307740083 * x_1))) + (3.5951088232003467 * (-2.7336069787470243 + (0.8973963259979115 * x_0))))))) + ((3.573188583173315 * ((inv((43.82996078145834 + (0.2513616141028121 * ((-2.6846738802725283 + (0.8727114307740083 * x_1)) * (-2.6846738802725283 + (0.8727114307740083 * x_1)))))) * (0.5458858827770463 * ((-2.577161210079287 + (0.8594599513383012 * x_3)) * ((2.131790287278509 * inv((26.88944072654111 + (3.3032084600992597 * (-2.577161210079287 + (0.8594599513383012 * x_3)))))) - (0.3852810078214075 * (-2.6603944928985346 + (0.9006524322203873 * x_2))))))) * (0.5365453124992825 * inv((-0.3064933889082002 + (40.587898636460295 * (-2.6603944928985346 + (0.9006524322203873 * x_2)))))))) + inv((4.8034679699129725 + (0.30301186809911285 * (-2.6603944928985346 + (0.9006524322203873 * x_2))))))))
feynman_I_12_2,ok,4,BFGS,0.3774981558347562,0.09304424085209795,116,100.67,,0.1,(0.0636082434316097 + ((((0.37081891870566785 * ((((((-0.12094413982482938 * inv((71.02865334630201 + (78.60473880467893 * (-2.556480029432039 + (0.8349043469624741 * x_2)))))) + (0.26074869541640644 * inv((0.338784106581574 + (67.99224141246549 * (-2.5317902960514966 + (0.853150896025948 * x_3))))))) + inv((0.3320434895707769 + (3.5502579674513246 * (-2.617184116087947 + (0.8521397663891764 * x_1)))))) + (11.395325745896344 * (-2.617184116087947 + (0.8521397663891764 * x_1)))) + (0.28229684304839386 * (-2.8539742313544565 + (0.9239149687966296 * x_0)))) * ((0.08122119507474873 * inv((1.4498859135676248 + (3.860045489570018 * inv((0.2547151599740892 + (1.0951749580349825 * (-2.617184116087947 + (0.8521397663891764 * x_1))))))))) + (0.5137593238874905 * (-2.8539742313544565 + (0.9239149687966296 * x_0)))))) + (-0.0855388961697433 * inv((0.24831110292940883 + (0.2581821466375952 * (-2.556480029432039 + (0.8349043469624741 * x_2))))))) + (0.3471866640669856 * inv((1.6900588828258996 + (1.007566814300017 * (-2.5317902960514966 + (0.853150896025948 * x_3))))))) * (-0.008967699694724912 * (-2.556480029432039 + (0.8349043469624741 * x_2)))))
feynman_I_12_4,ok,3,BFGS,0.682065425058012,0.013837367158160665,89,76.20,,0.1,(0.057162351890903206 + ((-0.6722410304096238 * (-2.610281525456201 + (0.8563534632402007 * x_0))) + ((0.6806640383172525 * (-2.610281525456201 + (0.8563534632402007 * x_0))) + ((1.2440469113475399e-05 * inv((0.8486266689704866 + (201.82668088162802 * (-2.506670832800553 + (0.8357722543545856 * x_1)))))) - (0.10988311680400807 * inv((((0.016057973430376085 * (inv((0.09696420243391485 + (0.016145496056157123 * (-2.506670832800553 + (0.8357722543545856 * x_1))))) * (3.7527330322352226 * inv(((0.4723882209341137 * inv((0.32076069821891007 + (1.382389786375514 * exp((-0.039026481956632476 + (-0.05002163316981994 * (-2.610281525456201 + (0.8563534632402007 * x_0))))))))) + (0.16786508260208544 * (-2.6386330449565643 + (0.8571845166463317 * x_2)))))))) + (-2.6386330449565643 + (0.8571845166463317 * x_2))) + (-0.14099530686092043 * (-2.6386330449565643 + (0.8571845166463317 * x_2))))))))))
feynman_I_12_5,ok,2,BFGS,0.9400141983182759,1.1941108045835984,99,68.13,,0.1,(8.933787676962517 + ((-21.139805763471486 * (-2.643473215745853 + (0.8815481695584527 * x_0))) + (((6.604108624730249 * (-2.7429584544718253 + (0.9245535089554948 * x_1))) + (24.360981298145113 * (-2.643473215745853 + (0.8815481695584527 * x_0)))) - ((-0.9606844205936387 * inv((83.30162193696209 + (-3.1313041968988733 * (inv((-37.72915430436224 + (-28.564318259149545 * (-2.643473215745853 + (0.8815481695584527 * x_0))))) * (15.592275074012825 * inv(((24.06460478985731 * (-2.643473215745853 + (0.8815481695584527 * x_0))) - (5.197943829830652 * inv((-63.89042396238891 + (11.221977132940482 * inv((-3.750081909218391 + (10.927819840368185 * (((-2.7429584544718253 + (0.9245535089554948 * x_1)) * inv((1.0594724534892213 + (-8.427328915915584 * (-2.643473215745853 + (0.8815481695584527 * x_0)))))) * (245.411098255858 * (-2.643473215745853 + (0.8815481695584527 * x_0))))))))))))))))))) - (-3.2243787323178177 * (-2.7429584544718253 + (0.9245535089554948 * x_1)))))))
feynman_I_13_12,ok,5,BFGS,0.394911870969358,7.557292416630747,126,115.36,,0.1,(-1.4896227132157494 + (((-23.063837457621986 * (((2.011557184800207 * (-2.6701260084176734 + (0.8768008800903796 * x_1))) + ((((1.0254253333824472 * (-2.384599847508499 + (0.8257596665344117 * x_4))) + (-4.499664915812392 * (-2.384599847508499 + (0.8257596665344117 * x_4)))) + ((1.1243349940363725 * (-2.5612832345666563 + (0.8379805705041466 * x_3))) - (3.327178214688158 * inv((69.50927364709915 + (-1.0807760526670598 * inv((0.7750596844653421 + (20.427105817652333 * inv((-22.45464595728228 + (3.2903558208728185 * (-2.7093703865142946 + (0.8748960358981902 * x_2)))))))))))))) + (-0.6056079835101418 * (-2.5612832345666563 + (0.8379805705041466 * x_3))))) * inv((117.17087380743297 + (0.3603779632504538 * ((-2.384599847508499 + (0.8257596665344117 * x_4)) * (-2.384599847508499 + (0.8257596665344117 * x_4)))))))) + exp(((1.0643290826136038 * (-2.668801708030412 + (0.8819198439156285 * x_0))) + (1.2198583187862013 * inv((16.91126813652187 + (-1.9371937525024912 * (-2.7093703865142946 + (0.8748960358981902 * x_2))))))))) + ((-2.8099828211326505 * inv((0.6162255536889529 + (162.75274552455608 * (-2.5612832345666563 + (0.8379805705041466 * x_3)))))) - (5.438053003859988 * (-2.5612832345666563 + (0.8379805705041466 * x_3))))))
feynman_I_13_4,ok,4,BFGS,0.8330034504266388,10.443894819166163,103,100.08,,0.1,(75.99720740894236 + ((-532.0439455544415 * (((8.477041389092719 * inv((0.3002120378084556 + (-0.06679222633250015 * (-2.7370812263130415 + (0.902756266590703 * x_0)))))) + ((2.0776681033651547 * sin((1.5036135319908914 + (15.551667624869765 * (-2.7370812263130415 + (0.902756266590703 * x_0)))))) - ((-0.908509868285404 * (-2.548140169947589 + (0.8525284766606351 * x_2))) - ((4.839095624901606 * (-2.6220737557332443 + (0.8728146501207767 * x_1))) - (-48.87120649408183 * cos((65.63462192370702 + (-0.23323192278151694 * (-2.5379950056480767 + (0.8946994347622791 * x_3)))))))))) * (-0.05042032204097846 * (inv((355.19177411486316 + (2.010993332184557 * (-2.7370812263130415 + (0.902756266590703 * x_0))))) * ((166.9622444723616 * inv((38.25493730651448 + (-0.39566330459493937 * (-2.5379950056480767 + (0.8946994347622791 * x_3)))))) - (-47.160632221624326 * inv((2.13753152886774 + (0.4452701765051683 * (-2.548140169947589 + (0.8525284766606351 * x_2))))))))))) + (-2.6220737557332443 + (0.8728146501207767 * x_1))))
feynman_I_14_3,ok,3,BFGS,0.9619881074144017,3.5876510856323796,113,109.79,,0.1,(0.8715901148407724 + (((-0.15701589049927664 * (-2.6760694322662943 + (0.8805989180487918 * x_1))) + (-3.7522805720754464 * sin((0.14443238976576944 + (0.06358618699433635 * (-2.428453058567591 + (0.8889549158624802 * x_0))))))) * ((0.12498271834751926 * sin((((0.9872260367823227 * (-2.428453058567591 + (0.8889549158624802 * x_0))) + (13.031195486134191 * (-2.428453058567591 + (0.8889549158624802 * x_0)))) - (-2.722875886256813 + (0.8863816221636266 * x_2))))) - (((48.21493064978135 * cos((-2.899571677392887 + (-0.2734982591100904 * (-2.722875886256813 + (0.8863816221636266 * x_2)))))) + ((170.31544380589278 * sin((0.5651718347852088 + (0.16036154746527054 * (-2.722875886256813 + (0.8863816221636266 * x_2)))))) - ((-2.741337372850428 * (-2.6760694322662943 + (0.8805989180487918 * x_1))) - (0.4987976020505857 * sin(((0.0945372744289879 * ((-0.3362426530747179 + (0.43463440629630257 * (-2.428453058567591 + (0.8889549158624802 * x_0)))))**2) - (-0.48249063362845745 * (-2.6760694322662943 + (0.8805989180487918 * x_1))))))))) - (1.7549054765850594 * (-2.722875886256813 + (0.8863816221636266 * x_2)))))))
feynman_I_14_4,ok,2,BFGS,0.9096914983813431,3.980061253687231,67,78.18,,0.1,(0.01755259464683901 + ((9.895619332520134 * sin((-0.2197769892624658 + (0.6182411023940197 * (-2.626437502441532 + (0.8816095514609437 * x_0)))))) + (((1.0184589193759641 * (-2.626437502441532 + (0.8816095514609437 * x_0))) - (-5.498690251503627 * (-2.626437502441532 + (0.8816095514609437 * x_0)))) - ((-237.71817224151937 * sin(((-0.02529607533092243 * (-2.626437502441532 + (0.8816095514609437 * x_0))) + (0.04331580654669137 * ((1.2523037792468301 + (0.4740151394138057 * (-2.630906588185309 + (0.8633123577016952 * x_1)))))**2)))) + (1.9258519598663115 * sin((0.4332658811430793 + (1.5572634152161515 * (-2.630906588185309 + (0.8633123577016952 * x_1))))))))))
feynman_I_15_10,ok,3,BFGS,0.9506835877409263,0.4479454559108226,59,85.43,,0.1,(4.470050150089058 + (((0.5125707397206438 * (-5.457180456861609 + (3.6446002602554834 * x_1))) + (2.4161791204080485 * inv((0.4647697709984082 + (0.2674143978614133 * (inv((0.15666325278218163 + (0.7390095713523053 * (-2.644856021421248 + (0.8646173589431646 * x_0))))) * ((39.78786324312594 * inv((6.275926966590845 + (0.2821585612654166 * (-2.999068701425839 + (0.46665137782532334 * x_2)))))) - (-2.644856021421248 + (0.8646173589431646 * x_0))))))))) * (0.6542295778122176 * inv((0.3686018472416559 + (0.03464218913653347 * (-2.999068701425839 + (0.46665137782532334 * x_2))))))))
feynman_I_15_3t,ok,4,BFGS,0.9952485672181276,0.08310453569035244,115,101.49,,0.1,(2.2066075136188577 + (((0.05852169043234962 * (-3.34115030979141 + (0.5107587437264599 * x_1))) + (-0.5113503015883265 * (-2.717105569629776 + (0.8849901747612658 * x_0)))) + (((0.471093382748747 * (-2.717105569629776 + (0.8849901747612658 * x_0))) + (0.03764798115605587 * (-5.192961335421972 + (3.487532856832522 * x_2)))) + ((1.121581963631903 * (-2.419137422785296 + (0.862311797425404 * x_3))) - (-1.3373035773863364 * (((0.8925891578746442 * inv((5.562608905046989 + (0.31247755468640626 * (-3.34115030979141 + (0.5107587437264599 * x_1)))))) + inv((0.1124453098723618 + (8.567525012979837 * inv((13.153244284229707 + (-0.07134923679752661 * ((-5.192961335421972 + (3.487532856832522 * x_2)) * (((1.2843142756653092 * (-2.419137422785296 + (0.862311797425404 * x_3))) + (0.17875322988339756 * (-2.419137422785296 + (0.862311797425404 * x_3)))) - ((-0.17294551409552733 * (-5.192961335421972 + (3.487532856832522 * x_2))) + (-13.756653231485037 * (-3.34115030979141 + (0.5107587437264599 * x_1))))))))))))) * inv((3.5754377771508574 + (-0.5123202897690107 * (-2.419137422785296 + (0.862311797425404 * x_3)))))))))))
feynman_I_15_3x,ok,4,BFGS,0.9815802610801035,0.22341609698997725,82,111.98,,0.1,(-7.906681846873846 + (((0.7043073229614993 * (((0.10380815227535342 * (-5.31046149851653 + (0.7020053706524357 * x_0))) + ((0.012506198621656429 * (-5.406940417278592 + (3.651746841581515 * x_3))) + ((0.1514788256600482 * inv((52.98285037055008 + (1.1664179104424988 * (-5.31046149851653 + (0.7020053706524357 * x_0)))))) + (6.509730135975598 * inv((0.677565776460638 + 0.3443193782462093)))))) * (-5.31046149851653 + (0.7020053706524357 * x_0)))) + (6.795615510388943 * inv((0.5116414644835712 + (0.017750757682688835 * (-5.406940417278592 + (3.651746841581515 * x_3))))))) - ((0.4324907635755247 * (-5.10499948290293 + (3.3738543444755535 * x_1))) - ((-0.17769059120730374 * (-2.178268316616358 + (0.18522376390576137 * x_2))) - (3.0120637325573467 * (-5.31046149851653 + (0.7020053706524357 * x_0)))))))
feynman_I_16_6,ok,3,BFGS,0.9499276757074355,0.26901227646069575,72,103.20,,0.1,(0.5450964540532477 + ((1.9652524616345057 * (-2.338683200901609 + (0.839476836958178 * x_0))) + ((-4.505155204943305 * sin((38.57204448393071 + (1.223325894856084 * (inv((0.4534433568847427 + (0.3778573488381549 * (((0.147935133202319 * inv((56.857061039513326 + (0.5360634775398461 * (-2.338683200901609 + (0.839476836958178 * x_0)))))) + (1.3690892174278417 * (-2.550087265129937 + (0.8894335703382671 * x_1)))) * inv((16.254861685494113 + (3.295040970035352 * (-2.7471278243839246 + (0.9079909650983548 * x_2))))))))) * (-4.111867209373749 * inv((3.1906460373625736 + (-0.19670435050801172 * (-2.338683200901609 + (0.839476836958178 * x_0))))))))))) - (-2.550087265129937 + (0.8894335703382671 * x_1)))))
feynman_I_18_12,ok,3,BFGS,0.7338682658720329,3.583545866746101,23,179.88,,0.1,(-0.15124715164888441 + (cos((0.8672648006393282 + (1.4051241946555388 * (-1.725396682298155 + (0.6944642421502414 * x_2))))) * inv((0.11688983614970597 + (-0.00453884206048428 * (-1.725396682298155 + (0.6944642421502414 * x_2)))))))
feynman_I_18_14,ok,4,BFGS,0.6577373187010338,14.926789099302432,25,104.15,,0.1,(-0.32509862341784657 + ((27.54769616988692 * sin((3.1445444085394127 + (1.0994673121966203 * (-2.7962163559154027 + (0.9041044335611569 * x_3)))))) + cos((28.389154013382733 + (1.697624145258641 * (-2.6000499735222258 + (0.8575648261012243 * x_0)))))))
feynman_I_18_4,ok,4,BFGS,0.9296368239510528,0.23529530611488966,94,118.57,,0.1,(2.8459569101850093 + ((6.491247512022406 * (-2.8149539998910376 + (0.9007791820199235 * x_3))) + (((4.259503603470231 * (-2.8149539998910376 + (0.9007791820199235 * x_3))) + ((-0.29852530795527044 * (-2.604761631720367 + (0.8569951062057086 * x_2))) + (((((0.8461968741805964 * (sin((1.0386993754746952 + (-0.0006124602739433657 * (-2.6157150245109952 + (0.8800441601899178 * x_1))))) * inv((3.3332768672912714 + (-0.010670825642405613 * (-2.664498595282067 + (0.8920120394009231 * x_0))))))) + (0.022986867313490228 * (-2.6157150245109952 + (0.8800441601899178 * x_1)))) + (0.8917469838107013 * (-2.604761631720367 + (0.8569951062057086 * x_2)))) + (-10.203342340332064 * (-2.8149539998910376 + (0.9007791820199235 * x_3)))) - (-0.007613320504929033 * (-2.664498595282067 + (0.8920120394009231 * x_0)))))) + (0.1835803348756036 * inv((6.640361145606316 + (0.5282386287230894 * (-2.8149539998910376 + (0.9007791820199235 * x_3)))))))))
feynman_I_24_6,ok,4,BFGS,0.7558142706522892,7.285674813414138,101,80.43,,0.1,(8.791589893290073 + ((-0.8667304820956911 * (-3.6425304974630017 + (1.7917824686289467 * x_2))) + (((10.241937166003918 * exp((-0.09181496641108244 + (0.4762967851995512 * (-3.6425304974630017 + (1.7917824686289467 * x_2)))))) + ((0.010201085251582778 * inv((61.42471266645288 + (3.0340137487220185 * (-3.567613329038069 + (1.7349021460027578 * x_3)))))) - ((-5.676439862518123 * (-3.4568449343419667 + (1.721945283087779 * x_0))) - ((-1.6403921118156122 * cos(((1.984409653695061 * ((0.25071124596916017 + (2.2387842616141116 * (-3.567613329038069 + (1.7349021460027578 * x_3)))))**2) + (1.1078309192627138 * (-3.528758604253555 + (1.7555246602223264 * x_1)))))) - (6.49198071664606 * exp((-22.45407632515164 + (0.17969557292573024 * (-3.4568449343419667 + (1.721945283087779 * x_0)))))))))) + ((0.7102848287705079 * inv((0.8605870451168127 + (0.12314134161585086 * (-3.6425304974630017 + (1.7917824686289467 * x_2)))))) - (-10.12641177782541 * (-3.567613329038069 + (1.7349021460027578 * x_3)))))))
feynman_I_25_13,ok,2,BFGS,0.9173732280465494,0.23775420351742282,108,84.51,,0.1,(-2.1563396485785535 + (((132.84441606538996 * inv((1.886767387673582 + (-0.29747210402534496 * (-2.5512487222767346 + (0.8665706977286725 * x_0)))))) - (-2.5512487222767346 + (0.8665706977286725 * x_0))) * ((0.21093073611908109 * inv((4.671006822393668 + (0.8709719111163459 * (-2.400742498290202 + (0.8003923054356457 * x_1)))))) - ((5.504772648972045e-06 * inv(((1.031426784106801 * (-2.400742498290202 + (0.8003923054356457 * x_1))) + (0.007185822195719553 * cos(((52.70418257800719 * (-2.5512487222767346 + (0.8665706977286725 * x_0))) + (0.4718769792514872 * (((0.041418049303495894 + (0.2630249883691306 * (-2.5512487222767346 + (0.8665706977286725 * x_0)))))**2 * ((50.81427377987711 * (-2.400742498290202 + (0.8003923054356457 * x_1))) - (0.3663453449850915 * (inv((-0.804028247908132 + (0.45494529510337234 * (-2.400742498290202 + (0.8003923054356457 * x_1))))) * inv((3.100090941607421 + (1.7954684983796252 * (-2.5512487222767346 + (0.8665706977286725 * x_0)))))))))))))))) - (-0.00024619913444851363 * (-2.5512487222767346 + (0.8665706977286725 * x_0)))))))
feynman_I_26_2,ok,2,BFGS,0.8999017777664915,0.15281395849797486,49,70.03,,0.1,(0.04715726268882489 + (((-0.020982363784955042 * (-2.401625007900688 + (0.840568848454874 * x_1))) + (-9.465235159353039e-05 * inv((-0.001732159832734178 + (0.14133238915466034 * (inv((8.747406591190025 + (5.1576932422457205 * inv((-8.479877825614352 + (0.6839928751818143 * (-2.401625007900688 + (0.840568848454874 * x_1)))))))) * inv((8.631992758838788 + (0.46309129675583416 * (-1.564164953504747 + (3.41799237175793 * x_0))))))))))) * (-2.401625007900688 + (0.840568848454874 * x_1))))
feynman_I_27_6,ok,3,BFGS,0.842705037206057,0.15866534681715375,35,114.49,,0.1,(8.232973363956699 + ((0.19606500347371777 * inv((1.1666727523289997 + (-0.3942007864824192 * (-2.5212812957632926 + (0.8269424556449783 * x_0)))))) + ((0.23351042247718912 * (-2.3985862823410833 + (0.8064518581298143 * x_1))) - (6.56257978316511 * inv((0.8565123509682213 + (-0.02844648718372743 * (-2.7198734845172403 + (0.8655823842985322 * x_2)))))))))
feynman_I_29_16,ok,4,BFGS,0.6090274652138448,1.2549907367316095,126,98.09,,0.1,(-2.5560536499763 + ((((((0.06480792161392951 * ((-2.585674534025608 + (0.8767406575303234 * x_3)) * sin((-0.03896691241311859 + (27.55051196693607 * (-2.4962836392515335 + (0.8671704050930179 * x_2))))))) + (17.948930606140543 * sin((0.42530201320226846 + (-0.01961083819947408 * (sin((0.17057460850845868 + (1.6504845162543043 * (-2.6705100830629784 + (0.8888164274402005 * x_1))))) * sin((0.01763161665537341 + (8.021547291033293 * (-2.6705100830629784 + (0.8888164274402005 * x_1))))))))))) + (-2.6705100830629784 + (0.8888164274402005 * x_1))) + (0.45491678025241633 * (-2.719956086378315 + (0.8786412216232687 * x_0)))) + (-0.6309038716927402 * sin((0.30308156002072917 + (0.14498505759518177 * (sin((-0.8825227521486105 + (-0.6839232788901684 * (-2.6705100830629784 + (0.8888164274402005 * x_1))))) * (-2.585674534025608 + (0.8767406575303234 * x_3)))))))) + ((1.3620495196957214 * sin((4.891874662260637 + (0.7246039599749416 * (-2.585674534025608 + (0.8767406575303234 * x_3)))))) - (0.018575364129973307 * (((36.51776532523229 * (-2.4962836392515335 + (0.8671704050930179 * x_2))) + (1.3749488766489777 * (-2.719956086378315 + (0.8786412216232687 * x_0)))) * (1.6641418851027518 * (-2.585674534025608 + (0.8767406575303234 * x_3))))))))
feynman_I_29_4,ok,2,BFGS,0.8590020252656884,0.48483853571441216,22,86.82,,0.1,(-0.004038497218814571 + ((1.8445672388198957 * inv((1.6936376420270172 + (0.8361413302974956 * (-1.9951431992266675 + (0.3861777173669346 * x_1)))))) + (0.6746859506465244 * (-2.1650620520807715 + (0.38592391333961634 * x_0)))))
feynman_I_30_3,ok,3,BFGS,0.19256181403782446,2.0638999710896835,55,80.58,,0.1,(0.4284438117301743 + (cos(((0.3363262136365669 * (-2.7051468847223092 + (0.8846863425384316 * x_0))) + (-0.18293103575874517 * inv((0.32923080111013425 + (10.615436101197261 * (-2.461202600763884 + (0.8634250264942191 * x_2)))))))) * ((-2.3567584284761915 * inv((3.094862985150696 + (1.3415739325100968 * (-2.7051468847223092 + (0.8846863425384316 * x_0)))))) - ((0.043212324627389 * (-2.461202600763884 + (0.8634250264942191 * x_2))) - inv((0.37551815565822527 + (0.11913280182916883 * (-2.713917252913514 + (0.9120507374530804 * x_1)))))))))
feynman_I_30_5,ok,3,BFGS,0.785517124998783,0.06472751807725774,54,91.06,,0.1,(0.6459466858345113 + (((-11.37926311293522 * inv((21.64925272353325 + (-0.28954847408108986 * (-4.072826686636155 + (1.186008527663161 * x_1)))))) + ((-0.08318124169867336 * (-2.503496805650597 + (0.8524201121194467 * x_2))) + (0.3526840028940157 * inv((4.56891189017656 + (0.30741814197963513 * (-2.503496805650597 + (0.8524201121194467 * x_2)))))))) - (0.025851734793754216 * (inv((0.7390519774855728 + (0.3937366221607068 * (-2.503496805650597 + (0.8524201121194467 * x_2))))) * (-4.072826686636155 + (1.186008527663161 * x_1))))))
feynman_I_32_17,ok,6,BFGS,0.5629090797506129,3.3908755745142445,110,87.89,,0.1,(-0.05830876786489747 + (((-0.1853082832350521 * exp(((-0.08090751649934669 * exp((0.9338171843733241 + (-2.8063764054568594 * (-5.167560062937342 + (3.539922280882652 * x_0)))))) + (((1.1365732987519341 * inv((7.308250152381174 + (7.392758036811088 * (-5.377145912979087 + (3.5490731972883967 * x_4)))))) + (-0.6403361603689737 * (-5.22090641103695 + (3.5546784205957644 * x_2)))) + (0.8006587049960712 * (-5.22090641103695 + (3.5546784205957644 * x_2))))))) + (-7.094423785619939 + (1.79517298980545 * x_5))) * ((0.013807818590866522 * (((-0.008255849028781272 * (-5.422314254425465 + (3.6430504379238773 * x_3))) + (((1.5727140092471306 * (-5.422314254425465 + (3.6430504379238773 * x_3))) + (42.99257496874452 * (-7.094423785619939 + (1.79517298980545 * x_5)))) + (10.789877616294248 * inv((0.09891425161795381 + (-0.039348726506472684 * (-5.377145912979087 + (3.5490731972883967 * x_4)))))))) * (-7.094423785619939 + (1.79517298980545 * x_5)))) - (1.6371295487324868 * inv((0.4901267963763052 + (-0.1496976624426909 * (-5.377145912979087 + (3.5490731972883967 * x_4)))))))))
feynman_I_32_5,ok,4,BFGS,0.15305696574293381,0.592183552014338,30,76.99,,0.1,(0.252748249756396 + (((-0.12231550200072447 * (-2.5204631409860694 + (0.8420799699938597 * x_2))) + (-0.03394374394726572 * inv((5.687927590166099 + (5.316673800435098 * (-2.7279182964428794 + (0.9289890799688245 * x_3))))))) + (0.23101238468881258 * (-2.5999126994662913 + (0.8603722624673278 * x_0)))))
feynman_I_34_1,ok,3,BFGS,0.9338256734619761,0.4789239559005763,100,90.60,,0.1,(4.858628353998597 + ((-24.951130007243734 * (((1.1870505945942127 * inv((3.5528042144908785 + (0.5846740743971441 * (-3.213191526129124 + (0.49872911299177847 * x_0)))))) + (0.22777923240714903 * inv((0.6445520955134652 + (0.06949184721998969 * (-3.213191526129124 + (0.49872911299177847 * x_0))))))) * (1.9296789721210414 * (((72.91261721597658 * inv(((2.5162137229621173 * inv((0.17179612240152975 + (1.2628182663529843 * (-3.213191526129124 + (0.49872911299177847 * x_0)))))) + ((56.66228741060718 * inv((0.25586079448186383 + (0.2737780989781293 * (-3.213191526129124 + (0.49872911299177847 * x_0)))))) - (-0.30108572078617213 * (-2.588994719877589 + (0.8403804552900841 * x_2))))))) - (0.8006210742335855 * (-2.588994719877589 + (0.8403804552900841 * x_2)))) * inv((16.60904069277668 + (0.2634492336806844 * (-3.213191526129124 + (0.49872911299177847 * x_0))))))))) + (0.147325321322899 * inv((29.06052013536427 + (0.6485777708457405 * (-2.588994719877589 + (0.8403804552900841 * x_2))))))))
feynman_I_34_14,ok,3,BFGS,0.9706483430557553,0.25026893222046176,117,110.31,,0.1,(4.10272525126252 + ((((1.3637982943639066 * (-2.704855709187059 + (0.914044649674877 * x_2))) + (2.1884584771567432 * inv((2.0559120123088874 + (0.5543282697685732 * (-3.4548575752247537 + (0.523026255492135 * x_0))))))) + ((-3.6307324933605223 * inv((2.5488495615706395 + (0.2744198173151218 * inv((0.48482775840719294 + (45.096019948340256 * (-3.4548575752247537 + (0.523026255492135 * x_0))))))))) - (cos((((0.21991185092762988 * (-5.154977009990223 + (3.4616776248047603 * x_1))) + (0.39756495233294076 * inv((3.3731420300535735 + (43.621695358598515 * (-5.154977009990223 + (3.4616776248047603 * x_1))))))) + (0.24914314298303697 * (((3.5977115295046254 * inv((0.28146755265889967 + (0.42846438124492336 * (-5.154977009990223 + (3.4616776248047603 * x_1)))))) - (3.679195338510139 * (-2.704855709187059 + (0.914044649674877 * x_2)))) * (-3.4548575752247537 + (0.523026255492135 * x_0)))))) * inv((5.61759743459611 + (4.187852689753992 * (4.4693333591584015 * inv((48.164598724254176 + (0.06915033789141561 * (-5.154977009990223 + (3.4616776248047603 * x_1)))))))))))) + (0.1633026921520827 * (-5.154977009990223 + (3.4616776248047603 * x_1)))))
feynman_I_34_27,ok,2,BFGS,0.9274439178988053,0.2222294365595245,30,98.81,,0.1,(1.5507794347161377 + (((0.5277427352140015 * (-2.89141769643402 + (0.898356770850574 * x_0))) + (0.5734573917256498 * (-2.534319111975044 + (0.8625028469077035 * x_1)))) - (0.42873584941900766 * inv((9.614359056897205 + (0.2877558545639257 * (-2.89141769643402 + (0.898356770850574 * x_0))))))))
feynman_I_34_8,ok,4,BFGS,0.6696592055811361,6.566844136076635,69,105.41,,0.1,(0.43450833454580085 + ((1.061593310747313 * ((((1.2502956328741148 * inv((2.6344792513404585 + (-1.1652377673336591 * (-2.5134922366209222 + (0.8456834090766008 * x_2)))))) + ((0.8528044987140434 * (-2.5134922366209222 + (0.8456834090766008 * x_2))) + (1.3000884479597494 * (-2.5127584990667504 + (0.8365681778083426 * x_0))))) + (0.00016692241348288282 * inv((9.716944327446897e-05 + (4.265114841031295e-05 * (-2.7058039597000527 + (0.8963922028654532 * x_3))))))) * (32.30379795746285 * inv((9.389276828643492 + (-0.09125365791171025 * (-2.5134922366209222 + (0.8456834090766008 * x_2)))))))) + inv((1.2565791105810575 + (47.381451402064634 * (-2.7058039597000527 + (0.8963922028654532 * x_3)))))))
feynman_I_37_4,ok,3,BFGS,0.9056047767620148,0.9073290085933461,121,81.84,,0.1,(0.3025310272106654 + (((0.3051092192128565 * sin((10.049032425746326 + (41.78417839990908 * (-2.383406815788065 + (0.839276951330772 * x_1)))))) + (((0.23468028074988623 * (sin((6.844175944960458 + (3.1075522749694855 * (sin((0.08819940516082375 + (0.37067484142801677 * (-2.764987122967051 + (0.900490337034228 * x_2))))) * ((-2.764987122967051 + (0.900490337034228 * x_2)) * sin((-1.2820555763097952 + (21.816999489690318 * (-2.383406815788065 + (0.839276951330772 * x_1)))))))))) * (1.658075998468414 * (-2.764987122967051 + (0.900490337034228 * x_2))))) + sin((-0.794237097700226 + (34.908828114089886 * (-2.6571366887356653 + (0.8822946483881516 * x_0)))))) + ((0.6059813774756182 * (-2.383406815788065 + (0.839276951330772 * x_1))) - ((0.06546507911593064 * sin((-1.8473499181838022 + (41.363018778588284 * (-2.764987122967051 + (0.900490337034228 * x_2)))))) - (0.44750992773107146 * (-2.6571366887356653 + (0.8822946483881516 * x_0))))))) + (10.475176337078096 * sin(((0.49372524358994907 * ((0.0611795701299962 + (0.7666461587036819 * (-2.764987122967051 + (0.900490337034228 * x_2)))))**2) - (0.10959637743440748 * (-2.764987122967051 + (0.900490337034228 * x_2))))))))
feynman_I_38_12,ok,4,BFGS,0.38773911676223527,0.9926483225150968,77,95.75,,0.1,(0.4795488685850713 + (((-0.29905026011264324 * (-2.5586279912186 + (0.8454003566144559 * x_0))) + (0.21507938242832303 * inv((11.071550925447212 + (0.05915311710898222 * (-2.6009675945637225 + (0.8457372940431475 * x_3))))))) + (0.03718016177190725 * ((-0.07679737105047146 * inv((0.2563472992025956 + (0.2585738488536866 * (-2.698955835159459 + (0.8870284288875848 * x_2)))))) + (((2.7255855750375666 * (-2.6009675945637225 + (0.8457372940431475 * x_3))) + (5.029664385448152 * inv((0.7129643960004519 + (0.4055346499934753 * (-2.669105088819141 + (0.8929834841209456 * x_1))))))) + (42.94931894195403 * inv((92.09849110646815 + (0.5539064207672237 * ((-2.5586279912186 + (0.8454003566144559 * x_0)) * (-2.698955835159459 + (0.8870284288875848 * x_2))))))))))))
feynman_I_39_1,ok,2,BFGS,0.9991813361124199,0.21001527720895882,33,102.06,,0.1,(2.130911296149277 + (cos((5.329194382706429 + (0.24776076901825195 * (-2.7062751395259212 + (0.8763906451326979 * x_0))))) * ((9.961631544166345 * (-2.5210522670128928 + (0.8376322027194677 * x_1))) - (25.11840025715054 * cos((2.5291540561355 + (0.15324805584683843 * (-2.7062751395259212 + (0.8763906451326979 * x_0)))))))))
feynman_I_39_11,ok,3,BFGS,0.6321721807707246,1.865807073272111,49,113.18,,0.1,(-3.4193072387227215 + (((0.25377186111031147 * (-4.32559571055069 + (1.2368194563105266 * x_0))) + (7.217257723045993 * inv((-0.3660549277128935 + (0.00541776809408916 * (exp((1.0006567029161655 + (-0.1337150316452213 * (-2.625098388323601 + (0.8546158887138439 * x_2))))) * ((9.232795045979067 + (0.7577479425645901 * (-4.32559571055069 + (1.2368194563105266 * x_0)))))**2)))))) - exp((-0.02367935811093362 + (-0.2517955062531818 * (-4.32559571055069 + (1.2368194563105266 * x_0)))))))
feynman_I_39_22,ok,4,BFGS,0.6208237538489219,5.575640568693931,109,94.95,,0.1,(7.448628574849394 + (((-0.173249777465171 * inv((0.2175798968517303 + (1.7492447655668624 * (-2.673320419181644 + (0.862997113312146 * x_1)))))) + ((0.4623662655433649 * (inv((0.029661852596021457 + (0.006818093560132049 * ((-0.9578813542395588 + (1.643857420338637 * (-2.7095154921239692 + (0.8898156980890322 * x_0)))))**2))) * ((0.3144731998343675 * cos(((9.960756316733502 * inv(((0.6107664350065574 * ((1.6377246543992148 + (66.17006176865829 * (-2.515464031129917 + (0.8571865699921215 * x_3)))))**2) + (3.5846730258342827 * (-2.8938465905050474 + (0.9115319998776715 * x_2)))))) + (0.0016340256825605778 * inv((-7.948770950473275 + (-4.1290951841656724 * (-2.8938465905050474 + (0.9115319998776715 * x_2))))))))) - ((0.3848690362249094 * (-2.8938465905050474 + (0.9115319998776715 * x_2))) - (0.32467922060578136 * (-2.515464031129917 + (0.8571865699921215 * x_3))))))) - (0.36332666974263284 * (-2.8938465905050474 + (0.9115319998776715 * x_2))))) + (2.643805769187356 * sin((3.1799156658695082 + (-1.2441753800154616 * (-2.673320419181644 + (0.862997113312146 * x_1))))))))
feynman_I_40_1,ok,6,BFGS,0.6646783976471167,0.38879297347820396,114,63.31,,0.1,(-0.011077333165342984 + ((exp((-7.474153120070461 + (0.3154017532026935 * (-2.750630136878482 + (0.8784863640556843 * x_0))))) * (((0.6177981553333738 * (-2.505577383670409 + (0.8487705948021765 * x_5))) + inv((0.08232454438207348 + (-3.884195168160062 * inv((49.026290406400534 + (0.35265249148291034 * (-2.604274673300914 + (0.8774717798506494 * x_2))))))))) + (0.9631020638601169 * ((exp(((0.6102046948479138 * (-2.505577383670409 + (0.8487705948021765 * x_5))) + (1.1107117895473393 * (-2.632057227943042 + (0.8533082368996687 * x_4))))) * exp((0.9658232611459909 + (3.171928298455928 + (0.36325715766665856 * (-2.685752135038517 + (0.8737632076877316 * x_1))))))) * ((0.4075447519049731 * (-2.632057227943042 + (0.8533082368996687 * x_4))) - (0.6812347674970645 * (-2.632057227943042 + (0.8533082368996687 * x_4)))))))) * ((0.6880478330546818 * exp(((0.7757677960619511 * exp((0.09451179803886534 + (0.47265083960204546 * (-2.505577383670409 + (0.8487705948021765 * x_5)))))) + (0.5810493250753901 * (-2.7566779457259827 + (0.9431878324167259 * x_3)))))) - (-2.604274673300914 + (0.8774717798506494 * x_2)))))
feynman_I_41_16,ok,5,BFGS,0.5096382439174313,1.9334990346503131,23,90.69,,0.1,(0.12121978093914594 + (inv((22.628804989938686 + (-6.529400640633694 * (-2.4195199750154344 + (0.8276034912250019 * x_3))))) * exp((2.6803157577259418 + (-1.4000117177928297 * (-2.5141252122709137 + (0.8254257004395766 * x_4)))))))
feynman_I_43_16,ok,4,BFGS,0.5997652058685968,6.217909693340331,112,100.30,,0.1,(-0.5564419322321598 + ((((3.5394612268172434 * (-2.5394232640311034 + (0.8623533219956532 * x_0))) + (12.344375447051554 * inv((1.1286687049441197 + (-0.29899866741850745 * (-2.569119086945987 + (0.8611156813888292 * x_1))))))) + ((-4.050675447425335 * sin((0.43004584796604706 + (1.2914408770038661 * ((-2.5275619323503817 + (0.8733293130547708 * x_3)) * (-2.5325929527992206 + (0.8680939467859502 * x_2))))))) - (((-0.2652976080318412 * ((-2.5275619323503817 + (0.8733293130547708 * x_3)) * cos(((11.33532521812483 * (-2.5394232640311034 + (0.8623533219956532 * x_0))) + (6.078349880898612 * ((1.886169021073078 + (0.123506316206306 * (-2.569119086945987 + (0.8611156813888292 * x_1)))))**2))))) + (5.371616076879727 * (-2.5275619323503817 + (0.8733293130547708 * x_3)))) + sin((0.8783612417043438 + (4.079151072832934 * (-2.569119086945987 + (0.8611156813888292 * x_1)))))))) - (0.4051566296066127 * cos(((1.143803662127171 * ((7.503254677093867 + (0.39137141934983966 * (-2.5275619323503817 + (0.8733293130547708 * x_3)))))**2) + (-2.5275619323503817 + (0.8733293130547708 * x_3)))))))
feynman_I_43_31,ok,3,BFGS,0.6238757413610285,11.087584730705377,43,95.66,,0.1,(34.15889133526517 + ((10.130522201974852 * (-2.5655275384794733 + (0.8491796334579955 * x_2))) + (-73.94292249847734 * ((0.9652681234002376 * inv((14.955286502756877 + (9.662996067584817 * cos(((1.4821386106625822 * (-2.766978367774217 + (0.8922886932012777 * x_1))) + (-0.6695759458826749 * (-2.5655275384794733 + (0.8491796334579955 * x_2))))))))) - (0.1282216805794689 * (-2.620848157697589 + (0.877041434042821 * x_0)))))))
feynman_I_43_43,ok,4,BFGS,0.5316130515832653,1.263130757935008,117,100.69,,0.1,(2.7785250923449096 + ((0.15921759382578576 * inv((3.6200972646309935 + (0.09717057844244077 * (-2.3535395914566313 + (0.8333798952873859 * x_1)))))) + ((0.23740828827974397 * (-2.721103044426544 + (0.8903757010329937 * x_3))) - (((0.2682302636688756 * (((((0.33532885682416524 * inv((17.090964445543243 + (-6.033009739703031 * (-2.5887400075603013 + (0.8587029602822143 * x_2)))))) + inv((1.8742933513338194 + (0.27610273167758087 * (-2.721103044426544 + (0.8903757010329937 * x_3)))))) + (0.7008898533190652 * inv((0.4301115512032732 + (0.04353670619898854 * inv((0.5714797493301351 + (0.3787121323839437 * (-3.9875563203078572 + (1.133381419000807 * x_0)))))))))) * (5.869177430077444 * inv((0.6586189439187443 + (0.18565643333447773 * (-2.721103044426544 + (0.8903757010329937 * x_3))))))) * (0.44958376379013754 * inv((2.0406938314038854 + (0.5820920553235018 * (-2.3535395914566313 + (0.8333798952873859 * x_1)))))))) + (0.8562741480214366 * (-2.5887400075603013 + (0.8587029602822143 * x_2)))) - (inv((107.71897912692123 + (10.477328568608547 * (-2.5887400075603013 + (0.8587029602822143 * x_2))))) * (-3.9875563203078572 + (1.133381419000807 * x_0)))))))
feynman_I_44_4,ok,5,BFGS,0.4100064516775024,17.186860705284992,70,118.35,,0.1,(-12.111508852485592 + (((((2.662678578458065 * (-2.74648864990375 + (0.8845625750500153 * x_4))) + (1.4072922385172077 * (-2.499546494011863 + (0.8393835285754679 * x_2)))) + (((0.15059542770153944 * inv((0.8586401216079649 + (17.815209968263026 * (-2.499546494011863 + (0.8393835285754679 * x_2)))))) + (-1.0554532801025114 * (-2.735022369041267 + (0.8893477651640194 * x_1)))) + (0.2748958200510806 * (-2.672702249888496 + (0.8826010950824924 * x_3))))) + inv((0.1379302698809769 + (-0.005137039507330739 * (-2.772098215480759 + (0.9125155363496182 * x_0)))))) * (1.388813890108981 * inv((0.9361695412053916 + (0.3720516845480142 * (-2.672702249888496 + (0.8826010950824924 * x_3))))))))
feynman_I_47_23,ok,3,BFGS,0.674872418160998,0.3824602619301713,86,110.77,,0.1,(0.29065415585252696 + (((4.867978182336794 * inv((3.3723613457095007 + (0.8034380110561719 * (-2.5724828174692225 + (0.8432476442733219 * x_2)))))) + ((-0.7494183755990269 * (inv((-52.215313752513104 + (-0.09519714474021038 * inv((33.65216788013049 + (0.2564367467748875 * (-2.592997202582427 + (0.837398763532969 * x_0)))))))) * (0.32827771398191263 * (1.3102887143108743 * (inv((92.54684322256927 + (1.2973157088514669 * inv((0.4091408806359712 + (8.538180893587054 * (-2.6165659297933477 + (0.8878935966391123 * x_1)))))))) * (0.0388496232451649 * inv((0.5019354847069717 + (16.697853600393792 * (-2.592997202582427 + (0.837398763532969 * x_0))))))))))) - (0.009059288526341927 * inv((0.47839606455965267 + (0.2702114588632315 * (-2.6165659297933477 + (0.8878935966391123 * x_1)))))))) + (0.30966636966106637 * (-2.6165659297933477 + (0.8878935966391123 * x_1)))))
feynman_I_48_2,ok,3,BFGS,0.9900726394360906,9.204189763835778,114,83.22,,0.1,(0.33644648715379666 + (((0.6581644373951461 * (-3.391832487704957 + (0.5210116748906156 * x_2))) + (44.31268971163243 * (cos((4.982740215463785 + (0.12203345901504636 * (-3.391832487704957 + (0.5210116748906156 * x_2))))) * (((1.3011077703167881 * (-3.391832487704957 + (0.5210116748906156 * x_2))) + (4.302161020125629 * (-2.552294993039161 + (0.8647831399427154 * x_0)))) + (((0.1247544607681722 * cos((3.1410052482117266 * ((-4.937743544426889 + (3.2843729845807 * x_1)) * (-2.552294993039161 + (0.8647831399427154 * x_0)))))) + (2.7103570418310685 * ((1.4729319034947048 + (0.34963390545925455 * (cos((37.59245054754766 + (0.3275293868442448 * (-4.937743544426889 + (3.2843729845807 * x_1))))) * cos(((0.6606260980829965 * cos((32.039726024234184 + (3.690909715064251 * (-3.391832487704957 + (0.5210116748906156 * x_2)))))) - (0.1483018752704514 * (-3.391832487704957 + (0.5210116748906156 * x_2)))))))))**2)) + (3.153042819018932 * cos((37.33572327175648 + (0.42993694278791494 * (-2.552294993039161 + (0.8647831399427154 * x_0))))))))))) + (-3.391832487704957 + (0.5210116748906156 * x_2))))
feynman_I_50_26,ok,4,BFGS,0.2495185148377328,1.719538920932682,22,97.30,,0.1,(-0.5959610233416602 + ((0.7226496685599874 * (-3.3328522910623977 + (1.7072811432647408 * x_3))) + (-0.036427201979726945 * inv((-0.01894856227978395 + (0.005313615138513866 * (-3.3181470678994196 + (1.6324912473197704 * x_1))))))))
feynman_I_6_2,ok,2,BFGS,0.7922610638247262,0.019559494702597886,68,98.53,,0.1,(0.020485846343550006 + ((0.9888142006523377 * inv(((0.4247656845223994 * inv((4.301189128482909 + (4.090426822091249 * (-3.514115234431094 + (1.739810398745664 * x_0)))))) + (88.89935579446446 * ((0.1729329528332461 * inv((0.3331678310569779 + (-0.504487531136773 * (-3.405357073342636 + (1.6986630633987225 * x_1)))))) + (0.4528277148616522 * ((0.10313071066874609 * inv((0.42890385090791394 + (0.1875381053857505 * (-3.514115234431094 + (1.739810398745664 * x_0)))))) * (0.1335125066938534 * (-3.514115234431094 + (1.739810398745664 * x_0)))))))))) + (0.8102046185494477 * inv((11.932357779712401 + (0.13667338398468618 * (-3.405357073342636 + (1.6986630633987225 * x_1))))))))
feynman_I_6_2a,ok,1,BFGS,0.9987548263166037,0.0025410076580328848,96,96.04,,0.1,(0.543567582025605 + (((0.18760241024685254 * (-3.3043792546673862 + (1.6591429555496728 * x_0))) - (0.47406555774624315 * inv((0.32327796678544096 + (0.23136335326569857 * (inv(((0.4744632740104491 * inv((3.513111321918437 + (0.26086005607609963 * (-3.3043792546673862 + (1.6591429555496728 * x_0)))))) + (0.5171929948562766 * inv((17.974700082380885 + (4.451123530458933 * (-3.3043792546673862 + (1.6591429555496728 * x_0)))))))) * (0.35030160540230315 * inv((5.627771723460079 + (-0.015342967083016724 * inv((1.4640034417712897 + (4.465960691931766 * (-3.3043792546673862 + (1.6591429555496728 * x_0))))))))))))))) * ((0.3155258387583828 * (-3.3043792546673862 + (1.6591429555496728 * x_0))) + (inv((2.363240081138521 + (0.18608920565074616 * (-3.3043792546673862 + (1.6591429555496728 * x_0))))) + ((0.24160582827046584 * (-3.3043792546673862 + (1.6591429555496728 * x_0))) - (0.38230218848385666 * (-3.3043792546673862 + (1.6591429555496728 * x_0))))))))
feynman_I_6_2b,ok,3,BFGS,0.7535380527690845,0.027072605163418643,22,107.84,,0.1,(0.07143873152075642 + ((0.3104768331787257 * inv((2.8672240458975686 + (0.8822200899678174 * (-3.648690234065757 + (1.810834389535367 * x_0)))))) + (-0.00791169308812116 * (-3.648690234065757 + (1.810834389535367 * x_0)))))
feynman_I_8_14,ok,4,BFGS,0.2355123454076139,0.8302463133152727,120,96.79,,0.1,(1.2582868792303366 + ((-0.16462611287650492 * (-2.6197762566691063 + (0.8822041138208964 * x_3))) + (((-0.12056482176186259 * sin((0.3514061022582122 + (2.4197899016592608 * (-2.599248084478257 + (0.8845884196557181 * x_2)))))) + (((-0.6153356134442738 * ((-2.599248084478257 + (0.8845884196557181 * x_2)) * (-2.6197762566691063 + (0.8822041138208964 * x_3)))) + (0.5354085599721861 * cos(((0.011642560172114395 * (-2.8502199266344257 + (0.9130456171320038 * x_0))) + (-2.824654479497074 * inv((0.6801089394456943 + (1.8242579103117906 * ((-2.7225380020541645 + (0.925073228466846 * x_1)) * inv((sin((-9.509706753774722 + (0.4283874685629767 * (-2.6197762566691063 + (0.8822041138208964 * x_3))))) + (14.357161094054955 * sin((-0.24513702338502524 + (-0.30722040069068657 * (-2.7225380020541645 + (0.925073228466846 * x_1))))))))))))))))) + (0.43151045447412995 * cos(((-0.33174646245266093 * sin((8.725070122050607 + (-1.7029524610843692 * (-2.8502199266344257 + (0.9130456171320038 * x_0)))))) + (0.4734841597335484 * (-2.7225380020541645 + (0.925073228466846 * x_1)))))))) + sin((0.14264956165117576 + (0.16253598380713474 * (-2.6197762566691063 + (0.8822041138208964 * x_3))))))))
feynman_I_9_18,ok,9,BFGS,0.2631599126527566,0.10219779577473094,93,89.68,,0.1,(0.29591885816041497 + ((((93.31628333949011 * (-5.454952378167819 + (3.5597416854716295 * x_2))) + ((6.066628852211107 * (inv(((-0.02692017031919205 * inv((20.197219096598456 + (0.07280388285399839 * (-5.392816095681697 + (3.542785928524673 * x_6)))))) + (1.6446995357113119 * (-12.220849580979717 + (3.5095633051568256 * x_5))))) * (-3.7882351673642836 * inv((93.73683918726539 + (75.30701955478857 * (-5.3254948363333385 + (3.5109234238146523 * x_8)))))))) + (3.6783461600823676e-05 * inv((7.194777045035997e-05 + (6.52421343734377e-05 * (-5.0619378650438245 + (3.429332041613027 * x_0)))))))) + ((0.767124445723949 * (-11.8704355229784 + (3.388706955506491 * x_7))) - (0.3408167383134169 * inv((7.941275108630595 + (0.32794070658191976 * (-5.392816095681697 + (3.542785928524673 * x_6)))))))) * (0.08274976590286093 * inv((130.03523342642762 + (0.189571997763401 * (-11.8704355229784 + (3.388706955506491 * x_7))))))))
feynman_test_1,ok,7,BFGS,0.6954519666746519,4.79183907479001,61,98.46,,0.1,(0.0774470397512844 + (exp((0.028450330732305122 + (-1.2791663741745862 * (-3.366539535406591 + (1.6550803839109154 * x_6))))) * (((((0.8055581469586859 * (-5.227781264550111 + (3.4955479802810143 * x_0))) + exp((-0.3914326810874238 + (1.0549152704473959 * (-5.138990131434707 + (3.418222117248415 * x_3)))))) + (0.10662629205043134 * (-3.366539535406591 + (1.6550803839109154 * x_6)))) + (0.025097826211439925 * exp((3.1944246450240072 + (-1.1713342101508615 * (-3.537848367214543 + (1.7762555305867092 * x_5))))))) + exp((-0.24882244137606402 + (-3.366539535406591 + (1.6550803839109154 * x_6)))))))
feynman_test_10,ok,3,BFGS,0.9792550186815673,0.0728328662906203,98,103.46,,0.1,(-3.348790360273348 + (((0.44984842839960826 * sin((0.21178395378997705 + (46.04590154585017 + (0.7537149954771616 * (-3.3460345348848217 + (1.6375695874502416 * x_2))))))) + (9.710888804485585 * inv((1.7352400091579163 + (-0.15155451554095445 * (-3.3460345348848217 + (1.6375695874502416 * x_2))))))) - ((0.014261369085025039 * inv((0.17254621095674316 + (3.1922081640089868 * (-8.116061002775346 + (1.6342484134069302 * x_0)))))) - ((((0.1751579437497116 * (-3.3460345348848217 + (1.6375695874502416 * x_2))) + (-0.03663934562647994 * inv((0.7976849940348405 + (54.95395218809759 * (-8.116061002775346 + (1.6342484134069302 * x_0))))))) + (0.06884758988133383 * (-3.3845826183045533 + (1.6813002149621212 * x_1)))) - inv((5.041165680972988 + (-0.009509116875761114 * cos(((2.6473305183401887 * (-3.3460345348848217 + (1.6375695874502416 * x_2))) - (4.01515572942694 * inv((0.5078248984511857 + (0.7700020748739145 * (-3.3845826183045533 + (1.6813002149621212 * x_1)))))))))))))))
feynman_test_11,ok,4,BFGS,0.5084128081300491,0.8050990886378341,48,89.52,,0.1,(0.4161468797631084 + ((((3.3669460291643603 * inv((2.900009204298425 + (1.0709784095324357 * (-3.346469913588077 + (1.6850115584239587 * x_2)))))) + (1.0029276755894312 * inv((21.95226351638293 + (4.146139793779273 * (-3.3954474918985897 + (1.6980452382715512 * x_0))))))) + (0.5295023661815805 * (-3.3954474918985897 + (1.6980452382715512 * x_0)))) - (-0.001399644200693639 * inv((0.13172750927825594 + (0.5940980968871441 * (-3.346469913588077 + (1.6850115584239587 * x_2))))))))
feynman_test_12,ok,5,BFGS,0.2693891242618902,12.394554620281637,52,93.72,,0.1,(9.462135184337097 + (((3.2932018755368873 * inv((0.5621304614671923 + (0.26619531585296197 * (-3.5635370620943165 + (1.7939317028206654 * x_1)))))) + (-0.01022827737886554 * ((inv((-0.10961712230236853 + (-0.6640360549857715 * (-2.5428592207713114 + (0.8562284556356499 * x_2))))) * (-2.6977268572244775 + (0.8745901392683244 * x_0))) * (5.684971101262592 * (-8.932695855907657 + (1.8116048195913816 * x_3)))))) + inv((0.5934277694405117 + (5.616611681051333 * (-8.932695855907657 + (1.8116048195913816 * x_3)))))))
feynman_test_13,ok,5,BFGS,0.07096562113924587,0.014725275278090037,72,105.89,,0.1,(0.018561091745521504 + ((0.00012400645259688826 * (inv((0.32313951977264244 + (0.294144215161983 * (-1.746642865264792 + (0.5896839391773017 * x_3))))) * ((-1.385745233780824 * inv((3.1778508066530047 + (85.29534170905521 * (-8.806647690247798 + (1.7455943517050234 * x_2)))))) + ((0.6068818715072987 * (-2.6325494804343417 + (0.8669522048421392 * x_4))) - (0.7129560767138088 * (-2.6325494804343417 + (0.8669522048421392 * x_4))))))) + (4.2244448195611034e-05 * (((0.4869613600867141 * inv((1.8456131776245 + (1.9178951006273968 * (-2.6325494804343417 + (0.8669522048421392 * x_4)))))) + (0.2651368988237759 * (-1.746642865264792 + (0.5896839391773017 * x_3)))) * (-1.746642865264792 + (0.5896839391773017 * x_3))))))
feynman_test_14,ok,5,BFGS,0.17700489704498246,12.093105238758351,23,121.80,,0.1,(-0.2563555143442596 + (inv((0.8468721728240298 + (14.24034870915673 * (-1.8362504524212548 + (0.5886238536748217 * x_1))))) * inv((0.34191797197810136 + (0.6396960508261047 * (-1.8362504524212548 + (0.5886238536748217 * x_1)))))))
feynman_test_15,ok,4,BFGS,0.9448869619595776,0.3105657296985202,126,211.57,,0.1,(3.1351556289894758 + ((0.2031479740049611 * (((-2.6083629970816253 + (0.8614753242282561 * x_2)) * (((0.13622832726094902 * ((-2.6083629970816253 + (0.8614753242282561 * x_2)) * cos((2.6420762959088906 + (-0.7932206547064242 * (-3.44398841134359 + (1.7062541540257399 * x_1))))))) + (((71.0534317321591 * sin((0.5203045275429621 + (0.005560771474113255 * (-2.6083629970816253 + (0.8614753242282561 * x_2)))))) + (0.549969676974378 * cos((2.522710156037859 + (3.696439569002578 * (-1.6328865507846893 + (0.5623491845950379 * x_3))))))) + (0.6361031122733313 * (-3.44398841134359 + (1.7062541540257399 * x_1))))) + (0.1482478320946562 * (-2.775585808642215 + (0.2230513956628074 * x_0))))) * (0.9656250382966276 * cos((39.10480031223674 + (0.3411336141086922 * (((cos((39.38883850182382 + (0.24451776178369244 * (-1.6328865507846893 + (0.5623491845950379 * x_3))))) * (-2.6083629970816253 + (0.8614753242282561 * x_2))) * sin((0.13348604597953814 + (0.015453282128475385 * (-1.6328865507846893 + (0.5623491845950379 * x_3)))))) * (0.15722837684961738 * (-1.6328865507846893 + (0.5623491845950379 * x_3)))))))))) + (0.6317664399124643 * sin((1.3904446211481583 + (2.204744571010325 * (-1.6328865507846893 + (0.5623491845950379 * x_3))))))))
feynman_test_16,ok,6,BFGS,0.8258488519171673,10.9485001290725,116,120.37,,0.1,(0.8522261085159641 + ((4.227509804253057 * exp((0.06381880777033999 + (0.9395174134793582 * (-2.4906875140014773 + (0.8274788980025466 * x_0)))))) + ((15.037766046284844 * (-2.754039946388614 + (0.9247900733006543 * x_4))) - ((0.0019109252989574117 * (((1.0033305556636782 * inv((0.5936317491846905 + (0.5118107058850079 * (-2.5646829966487252 + (0.8976314789223115 * x_1)))))) + (-4.672034986945793 * (-2.4906875140014773 + (0.8274788980025466 * x_0)))) * (-2.4906875140014773 + (0.8274788980025466 * x_0)))) - (((4.0111589625864195 * (-2.4906875140014773 + (0.8274788980025466 * x_0))) + ((75.27656395134105 * inv(((0.6738358328444312 * inv((8.01686105744881 + (4.104168967096808 * (-2.8339070085508693 + (0.8963785096562519 * x_3)))))) + inv(((10.083769275423784 * inv((18.90728493746839 + (3.810163627607686 * (-2.754039946388614 + (0.9247900733006543 * x_4)))))) - (-0.3316005936307316 * (-2.5646829966487252 + (0.8976314789223115 * x_1)))))))) - (-2.754039946388614 + (0.9247900733006543 * x_4)))) + (-0.34172050295640355 * ((-0.14966896250317696 + (0.1838845706981928 * (-2.497958180791681 + (0.846442877452173 * x_5)))))**2))))))
feynman_test_17,ok,6,BFGS,0.6713218217873933,629.0577182013805,108,86.85,,0.1,(0.17032858939432183 + (((0.15610463847104805 * ((7.86368825808702 + (0.5437720636967398 * (-2.609026883475403 + (0.9049875073710979 * x_0)))))**2) + (2.3346178778845754 * (-2.7108630841762187 + (0.8830372164530217 * x_4)))) * ((((7.614907678665277 * ((((0.8441396274799329 * ((16.593854808558866 + (8.327569369834123 * (-2.7108630841762187 + (0.8830372164530217 * x_4)))))**2) + (0.4336034898422566 * (-2.781416348213264 + (0.8769741774113623 * x_3)))) + ((38.57149643279837 * (-2.58308061810788 + (0.8667775591446114 * x_5))) + (1.518450036649929 * ((-0.19238319118966501 + (-5.177287054678164 * (-2.609026883475403 + (0.9049875073710979 * x_0)))))**2))) * (10.39070335412627 * ((0.04877259628943871 + (0.01604820159089354 * (-2.765478966339881 + (0.9329498472453334 * x_1)))))**2))) + (-0.1817245103636419 * (-2.58308061810788 + (0.8667775591446114 * x_5)))) + (0.9452952211181835 * (-2.7108630841762187 + (0.8830372164530217 * x_4)))) + (-0.14182883251790568 * ((-0.019186611391522064 + (0.4740914241086783 * (-2.58308061810788 + (0.8667775591446114 * x_5)))))**2))))
feynman_test_18,ok,5,BFGS,0.49409883864816706,0.5536866329215311,20,111.43,,0.1,(0.3499506889462094 + ((0.2970982551257067 * (-2.649399129385902 + (0.8900528640090624 * x_3))) + exp((-1.380171495881537 + (-1.0496566520686765 * (-2.8325456789844874 + (0.8985308040340149 * x_0)))))))
feynman_test_19,ok,6,BFGS,0.48252511832514433,11.240676880440187,106,134.28,,0.1,(1.3888102366611603 + (((4.477200487213983 * (-2.563942402759304 + (0.8359465135192651 * x_4))) + ((0.2662101426809321 * ((3.5502692444950092 + (0.32768730864953755 * (-2.5340806714331805 + (0.8433488361089256 * x_3)))))**2) + ((3.109945972022571e-05 * (inv((7.727130829830827 + (0.23084367408995765 * (-2.470148202109449 + (0.8643710414180056 * x_0))))) * ((inv((0.00012084456396220804 + (7.155778220558696e-05 * (-2.470148202109449 + (0.8643710414180056 * x_0))))) * (41.31373298402677 * (-2.586608786405093 + (0.8513854795762903 * x_5)))) * (-2.586608786405093 + (0.8513854795762903 * x_5))))) + inv((20.877673589087316 + (0.14481797066831348 * (-2.563942402759304 + (0.8359465135192651 * x_4)))))))) * (((0.41220915299713834 * inv((7.784659615606287 + (13.194905594089875 * (-2.563942402759304 + (0.8359465135192651 * x_4)))))) + ((1.039307677533507 + (0.3457620413839848 * (-2.5340806714331805 + (0.8433488361089256 * x_3)))))**2) - inv((6.180012610393817 + (0.44253168781412855 * (-2.563942402759304 + (0.8359465135192651 * x_4))))))))
feynman_test_2,ok,6,BFGS,0.16611304395621063,1.7254149144483915,116,91.68,,0.1,(1.9210447013576513 + (((0.038528960920760844 * (-1.6813708131974574 + (0.5715451023570847 * x_5))) + ((-0.07257138935278673 * (-3.442291868563275 + (1.728032016896608 * x_2))) + (((-0.702738078894843 * (-3.442291868563275 + (1.728032016896608 * x_2))) + ((0.1120716872849466 * (-3.374365183451518 + (1.6756185087337063 * x_3))) - ((-0.0013123745604892443 * inv(((0.17911086679324184 * (-3.484219578395549 + (1.7515960242856556 * x_1))) + (4.23868692685957 * inv((10.499597785822331 + (7.5893379744623175 * (-3.374365183451518 + (1.6756185087337063 * x_3))))))))) + (1.3501096890223163 * inv((116.26182405713143 + (11.764106519342349 * (-3.442291868563275 + (1.728032016896608 * x_2))))))))) + (0.04510953591731165 * (-1.5805657668478423 + (0.5708335569588892 * x_4)))))) - ((4.36398954266939 * inv((6.040514771122806 + (-0.5386274004458314 * ((-1.6813708131974574 + (0.5715451023570847 * x_5)) * ((-1.6813708131974574 + (0.5715451023570847 * x_5)) * (-1.5805657668478423 + (0.5708335569588892 * x_4)))))))) - (0.004688247324634763 * inv((0.219735271521749 + (1.2525585810026438 * (-3.694453183714725 + (1.849845799738913 * x_0)))))))))
feynman_test_20,ok,7,BFGS,0.34871860511333674,3.290674982674068,136,177.94,,0.1,(0.08307535170195038 + ((-2.5572280095030715 + (0.8621049992891755 * x_3)) * (((((-1.2237179408772594 * inv((0.8572275085136503 + (0.9114571958491204 * ((-2.4913618241411206 + (0.870112794150215 * x_0)) * (-2.4913618241411206 + (0.870112794150215 * x_0))))))) + (0.3089109148633642 * inv((0.8921005092165681 + (8.18717440621792 * (-1.6532529969200138 + (0.5406303341028174 * x_6))))))) + (((0.4396758920101538 * inv((0.13284474083985653 + (0.0654970852459679 * (-2.4913618241411206 + (0.870112794150215 * x_0)))))) + ((0.4964390849001965 * (-1.6532529969200138 + (0.5406303341028174 * x_6))) + ((2.02335103354644 * (-2.5572280095030715 + (0.8621049992891755 * x_3))) + ((0.4760770836742938 * (-2.783570439639793 + (0.9233358890323494 * x_5))) + (inv((31.658313479868113 + (22.04584682665893 * (-1.6532529969200138 + (0.5406303341028174 * x_6))))) * (3.3603547141553793 * (-2.5052288861366203 + (0.8487810534637035 * x_1)))))))) * inv((4.266748755914264 + (0.946198883610168 * (-2.6907610883925144 + (0.890707011566884 * x_4))))))) + exp((-0.5531507162993481 + (0.1534774002947744 * (-2.7376235059154497 + (0.8673671831208826 * x_2)))))) - (0.033318105920339625 * exp(((0.4019266530664751 * (-2.783570439639793 + (0.9233358890323494 * x_5))) - (-0.009759451112894557 * (-1.6532529969200138 + (0.5406303341028174 * x_6)))))))))
feynman_test_3,ok,4,BFGS,0.5174533536588988,1.352139830554349,52,100.46,,0.1,(-3.366513934978123 + ((-1.3365891098884326 * (-4.859006065813082 + (1.6427931891012966 * x_1))) + ((-0.30867090521495866 * inv(((-0.9040350578345495 * (-15.032047874287718 + (3.353815118292767 * x_3))) + (-16.232132833693612 * inv((-7.256076280382327 + (-1.0854367588174547 * (-15.032047874287718 + (3.353815118292767 * x_3))))))))) + (-80.24465661770938 * inv((100.44042932372224 + (1.628025541442736 * ((-16.172015121786515 + (3.5941604003366345 * x_2)) * (-16.172015121786515 + (3.5941604003366345 * x_2))))))))))
feynman_test_4,ok,5,BFGS,0.9569370438274951,0.10477874899657537,53,98.91,,0.1,(1.0312761081948132 + (((((-0.2528117191263838 * (-3.434758293955252 + (1.7338496667716403 * x_0))) + (-0.5036599001538726 * (-3.4980833203229977 + (1.8537679695560751 * x_2)))) + (0.40855311507785375 * (-3.4980833203229977 + (1.8537679695560751 * x_2)))) + (6.049465919135655 * inv((1.6836178628792107 + (14.509799407744467 * (0.14346697047668305 * inv((1.3452280940377186 + (0.3214943109570686 * (-8.409856081703799 + (0.8421415637065467 * x_1))))))))))) + (-0.1659996925351641 * (-3.434758293955252 + (1.7338496667716403 * x_0)))))
feynman_test_5,ok,4,BFGS,0.9268581004697518,0.8344250635335679,46,115.68,,0.1,(0.5126213610714976 + (((-0.9684211273237502 * (-3.463507310340305 + (1.7558292590522568 * x_1))) + (18.87282118489172 * (-3.23468266994482 + (1.6591241874943665 * x_0)))) + (-6.776752673168664 * inv((0.01110381001939386 + (-0.5157530164022897 * inv(((14.620045851423619 * inv((36.08798724899444 + (2.1606987622665166 * (-3.5715645968617267 + (1.7740534831014714 * x_3)))))) + (-1.209979234075366 * (-3.23468266994482 + (1.6591241874943665 * x_0)))))))))))
feynman_test_6,ok,7,BFGS,0.20192630425082603,0.4576964807678867,96,114.33,,0.1,(0.07368624159687992 + (((-0.15281259578612139 * (-3.464097052656947 + (1.740799776652784 * x_5))) + (0.33457745945450257 * inv((1.6941073656038146 + (0.3498250545380688 * (-3.51997998884813 + (1.7280743807208145 * x_2))))))) + ((3.7678669745132183 * inv((4.123971280291027 + (0.4326069850669769 * (-3.4949213836164295 + (1.7467222493641044 * x_6)))))) + (-0.008404031769462077 * ((((4.774358625423574 * inv((4.501657241764814 + (5.129113472783885 * (-3.4017177863831747 + (1.6461681118362466 * x_3)))))) + (0.20176768273915846 * inv((0.6137647736333809 + (0.3745103518148576 * (-3.449152718312042 + (1.6976979855860372 * x_4))))))) + ((0.35625751160260766 * ((-3.495416236538771 + (1.7382917673746647 * x_1)) * (28.776980129799796 * (-3.4949213836164295 + (1.7467222493641044 * x_6))))) + inv((0.2880845873812192 + (4.530305219234005 * (-3.464097052656947 + (1.740799776652784 * x_5))))))) * (-3.464097052656947 + (1.740799776652784 * x_5)))))))
feynman_test_7,ok,5,BFGS,0.9727879353278892,0.1931301314596776,113,113.80,,0.1,(5.797444310776342 + ((0.6849881941339548 * (-3.5817515635104775 + (1.71294374453043 * x_1))) + (((0.7493681386029873 * (-4.01008885957154 + (1.9368236560367404 * x_0))) + (((0.17681473519897595 * (-3.5817515635104775 + (1.71294374453043 * x_1))) + (0.012250139554531261 * inv((3.2585919999434214 + (24.683370936739394 * (-3.6016316191425464 + (1.7889994255916244 * x_4))))))) - (((-0.2647604322108832 * inv((60.83976066224949 + (58.62614070770354 * ((-5.4800875475190685 + (3.679942846274682 * x_3)) * (-5.4674033515100415 + (3.6309111090818504 * x_2))))))) + inv((0.5566576212801424 + (106.61772649205659 * (-4.01008885957154 + (1.9368236560367404 * x_0)))))) + (0.053287645713554294 * (inv((-0.18186343302144614 + (1.5319646010309143 * inv((1.5368277325455564 + (1.230598897319621 * (-3.5817515635104775 + (1.71294374453043 * x_1)))))))) * (-0.1740749058624792 * (inv((88.31918251106703 + (-4.623746932331825 * (-3.5817515635104775 + (1.71294374453043 * x_1))))) * (-3.5817515635104775 + (1.71294374453043 * x_1))))))))) + (-0.09640547888553941 * (-5.4800875475190685 + (3.679942846274682 * x_3))))))
feynman_test_8,ok,4,BFGS,0.6171700918928051,0.2940936371877072,79,111.30,,0.1,(14.172029678389329 + (((((0.8405006766939473 * (-3.4363172184011948 + (1.7384611621281187 * x_1))) + (0.42383286521831876 * (-3.3653065153557096 + (1.6809530999057976 * x_0)))) + (-3.3575040445859767 + (1.7014291673085824 * x_2))) + (0.07523774974339986 * cos(((7.697520509042332 * (-3.4646197585343543 + (1.7925414576254786 * x_3))) + (-18.450398247929463 * (-3.3575040445859767 + (1.7014291673085824 * x_2))))))) - ((4.504622518554237e-07 * inv((3.480105147891381e-08 + (-1.8677262284418367e-09 * (-3.4363172184011948 + (1.7384611621281187 * x_1)))))) + (0.7450204596661796 * inv(((0.3060827882430254 * (-3.3575040445859767 + (1.7014291673085824 * x_2))) + (3.8786737612831685 * inv((-1.8349724886575391 + (7.081842702840552 * (-3.3575040445859767 + (1.7014291673085824 * x_2))))))))))))
feynman_test_9,ok,5,BFGS,0.8280255594059431,4465.474814944934,115,66.83,,0.1,(-13.091776121264814 + (exp((7.313779365956146 + (-4.517677003673279 * (-5.229820704398722 + (3.505187093079862 * x_1))))) * (exp((-6.546623216860758 + (0.48049977552379275 * (-2.4930593469502407 + (0.8452017443213172 * x_2))))) * ((-0.360825505433353 * (exp((1.0034631362375304 + (-0.06942196292808318 * (-5.185088551029865 + (3.40858213908487 * x_4))))) * (-0.5395352929423298 * (-2.5627625663383364 + (0.8211078402482829 * x_3))))) - (((1.3126622845717595 * (-5.185088551029865 + (3.40858213908487 * x_4))) + (((0.02172973451356409 * (-5.657145228365777 + (3.711512297913349 * x_0))) + ((-2.589585931740775 * (-2.4930593469502407 + (0.8452017443213172 * x_2))) - (-0.3654745999151119 * exp((1.265311962064222 + (1.1106318413068592 * (-2.5627625663383364 + (0.8211078402482829 * x_3)))))))) + (0.30687804097290483 * exp((1.6698648875803677 + (-1.3282235283754735 * (-5.185088551029865 + (3.40858213908487 * x_4)))))))) + ((3.273271930108673 * (-2.4930593469502407 + (0.8452017443213172 * x_2))) - (0.8455575745129402 * exp((0.6714261991185226 + (0.7682766150117801 * (-5.185088551029865 + (3.40858213908487 * x_4))))))))))))
first_principles_absorption,ok,1,BFGS,0.9977999615878015,0.052129801391985565,88,109.62,,0.1,(0.42539203319838026 + ((-0.5702581675896059 * (-0.748484636380034 + (0.08019887424858779 * x_0))) + (5.0197933455685 * inv((0.7805989017207187 + (54.50747945137758 * (inv((7.4350687973213265 + (15.406659310239608 * (-0.748484636380034 + (0.08019887424858779 * x_0))))) * (((-0.1266918387098565 * inv((0.3284880664720963 + (0.18208748703557243 * ((-0.748484636380034 + (0.08019887424858779 * x_0)) * (-0.748484636380034 + (0.08019887424858779 * x_0))))))) - inv((32.8923936542068 + (37.90420570073029 * (-0.748484636380034 + (0.08019887424858779 * x_0)))))) + ((0.32048924526453837 * inv((0.40693744153557654 + (0.1343964832846511 * (-0.748484636380034 + (0.08019887424858779 * x_0)))))) - (0.11271810457446318 * inv((2.703042965176479 + (5.577465703571972 * inv((32.57921772301238 + (1.5802157520589892 * (-0.748484636380034 + (0.08019887424858779 * x_0))))))))))))))))))
first_principles_bode,ok,1,BFGS,0.9837289139652069,0.7757206918999128,72,29.91,,0.1,(0.2218546162519182 + ((((1.7541613311560136 * (0.3659119885901363 + (0.0030116213052686115 * x_0))) + (4.0332470447005875 * inv((109.6682437697925 + (0.025856973784089795 * (0.3659119885901363 + (0.0030116213052686115 * x_0))))))) + (0.906655592301987 * ((1.307258414899221 + (0.47416718352962217 * inv(((-7.618521917469936 * inv((87.07781890370623 + (0.5670396566203633 * (0.3659119885901363 + (0.0030116213052686115 * x_0)))))) + ((0.01811848621963485 * (0.3659119885901363 + (0.0030116213052686115 * x_0))) + (0.015437322690806506 * inv((-2.7432086024356805 + (7.27057505151781 * (0.3659119885901363 + (0.0030116213052686115 * x_0))))))))))))**2)) - (0.24045456031793566 * (0.3659119885901363 + (0.0030116213052686115 * x_0)))))
first_principles_hubble,ok,1,BFGS,0.7839534641900823,156.33778966275085,113,124.55,,0.1,(0.5135215189432714 + ((1.405477990480465 * ((14.925843773129962 + (20.23636804438044 * (((32.811831836336914 * (-1.4730662843564242 + (1.6521438540845628 * x_0))) - ((0.4324193924218832 * inv(((0.47121823089936365 * (-1.4730662843564242 + (1.6521438540845628 * x_0))) + (4.386442113343327 * ((3.9923106508826214 + (3.8117136552073623 * (-1.4730662843564242 + (1.6521438540845628 * x_0)))))**2)))) - ((0.345799665861518 * inv(((0.5840536935963168 * (-1.4730662843564242 + (1.6521438540845628 * x_0))) + ((4.2251093485000455 * (-1.4730662843564242 + (1.6521438540845628 * x_0))) + (39.278848376714066 * (-1.4730662843564242 + (1.6521438540845628 * x_0))))))) - (32.62424735427473 * (-1.4730662843564242 + (1.6521438540845628 * x_0)))))) * cos(((2.2802891218940307 * ((3.3182537794013576 + (1.8507583503555107 * (-1.4730662843564242 + (1.6521438540845628 * x_0)))))**2) - (0.3214195270145128 * ((2.8821707861766495 + (0.5203346635241757 * (-1.4730662843564242 + (1.6521438540845628 * x_0)))))**2)))))))**2) + ((13.41116910998139 + (7.17881977985086 * (-1.4730662843564242 + (1.6521438540845628 * x_0)))))**2))
first_principles_ideal_gas,ok,3,BFGS,0.7830061469464484,0.6255038043605508,114,95.14,,0.1,(6.5361368716789165 + (((4.633140724658052 * (inv((16.976816745672323 + (-0.025151443237101237 * (-1.7269481113159797 + (0.03158325643002412 * x_2))))) * (-0.30075242062723073 * inv((61.09547296253794 + (15.415629056166715 * (-1.7269481113159797 + (0.03158325643002412 * x_2)))))))) + cos(((0.9942329719769618 * (-1.6525414953354425 + (0.03695931216347938 * x_0))) + (0.11382529263573482 * (-1.7269481113159797 + (0.03158325643002412 * x_2)))))) + (((0.5370901069416234 * ((-14.525050446141405 + (0.04080730581327434 * x_1)) * sin(((4.135653030341169 * inv(((9.867215168982721 * (-1.7269481113159797 + (0.03158325643002412 * x_2))) + (-0.03951664703874505 * ((-0.09107441247397624 + (0.14722010772881333 * (-1.7269481113159797 + (0.03158325643002412 * x_2)))))**2)))) + (6.6279189708359105 * (-1.7269481113159797 + (0.03158325643002412 * x_2))))))) + ((4.5698349200834 * inv((7.175922636919164 + (0.15428513422787438 * (-14.525050446141405 + (0.04080730581327434 * x_1)))))) + (0.6801745050591776 * (-1.6525414953354425 + (0.03695931216347938 * x_0))))) + (-1.0485429472112786 * (-1.7269481113159797 + (0.03158325643002412 * x_2))))))
first_principles_kepler,ok,1,BFGS,0.9977154000305627,185.18003236554378,86,83.33,,0.1,(9.125343711921992 + ((((-17.10350878038733 * ((-73.6007816872023 + (0.6336309457719372 * (-0.9263602581597056 + (0.3029466151936684 * x_0)))))**2) + (6.107315880706929 * ((123.89480049865489 + (1.1782530785234422 * (((-0.14880322503039306 + (-0.19042947498895552 * ((-0.9263602581597056 + (0.3029466151936684 * x_0)) * inv((22.12795641163644 + (-10.227132504670184 * (-0.9263602581597056 + (0.3029466151936684 * x_0)))))))))**2 * (-0.9263602581597056 + (0.3029466151936684 * x_0))))))**2)) + (0.9342597263259882 * ((5.374585882181577 + (1.5733114558228352 * (-0.9263602581597056 + (0.3029466151936684 * x_0)))))**2)) + ((103.37998157375671 * ((0.16521721186740232 + (-1.6596165291018514 * (-0.9263602581597056 + (0.3029466151936684 * x_0)))))**2) + ((26.706022310351845 + (24.418873430375026 * (-0.9263602581597056 + (0.3029466151936684 * x_0)))))**2)))
first_principles_leavitt,ok,1,BFGS,0.364590896480109,0.7870522178977646,111,127.08,,0.1,(64.56440247309683 + ((1.6244272155205626 * inv((9.075428736242685 + (47.04652268135365 * (-1.7400037114235716 + (2.09864284243919 * x_0)))))) + ((-2.5342951064250494 * ((-9.59960305415813 * inv((101.84421785544237 + (0.4517567391851657 * (-1.7400037114235716 + (2.09864284243919 * x_0)))))) * (-7.778846561154603 * inv((1.8767075091879857 + (16.144402345236536 * (-1.7400037114235716 + (2.09864284243919 * x_0)))))))) + ((-13.536924073455697 * inv((0.2663683933208565 + (-0.2885027328522597 * inv(((2.0768156324968317 * (-1.7400037114235716 + (2.09864284243919 * x_0))) - (400.7398258312061 * inv((1.280920247027339 + (-6.781756997798624 * (-1.7400037114235716 + (2.09864284243919 * x_0)))))))))))) - (-0.20242368147365764 * inv(((((-0.6655244463090462 * (-1.7400037114235716 + (2.09864284243919 * x_0))) + (134.74287865719845 * inv((45.12662065824928 + (-0.17018365455669715 * (-1.7400037114235716 + (2.09864284243919 * x_0))))))) + (-46.18835948577882 * (-1.7400037114235716 + (2.09864284243919 * x_0)))) - (-42.593879940879276 * (-1.7400037114235716 + (2.09864284243919 * x_0))))))))))
first_principles_newton,ok,3,BFGS,0.5918419228471519,6.9470474244296945,102,90.56,,0.1,(38.40365974839361 + (((39.10359442142979 * cos((33.578950614349566 + (4.681904702920168 * (-0.613759874811038 + (7.12682274600027e-13 * x_0)))))) + (0.007521959476812567 * (((((2.6198595346324733 * (-0.27162048092758545 + (5.186968952067431e-30 * x_1))) + (0.10126044482806773 * (-0.613759874811038 + (7.12682274600027e-13 * x_0)))) + (7.75267160057091 * (-0.2899960593046727 + (2.629351402398742e-30 * x_2)))) + ((0.13884552201615624 * inv((3.0481772939479717 + (31.715386863233647 * (-0.27162048092758545 + (5.186968952067431e-30 * x_1)))))) - ((44.144476392775516 * cos((33.283935939077026 + (0.5158247498001574 * (-0.613759874811038 + (7.12682274600027e-13 * x_0)))))) - (0.21412367517278053 * cos((20.352143217203583 + (19.14862689230356 * (-0.613759874811038 + (7.12682274600027e-13 * x_0))))))))) * (0.08291774989531195 + (19.782210942919875 * (-0.2899960593046727 + (2.629351402398742e-30 * x_2))))))) + (38.149874003095704 * cos((5.010637991771452 + (4.824825652232885 * (-0.613759874811038 + (7.12682274600027e-13 * x_0))))))))
first_principles_planck,ok,2,BFGS,0.8141089233356665,85.69969939402462,99,116.03,,0.1,(-4.70538070013253 + ((-6.777114221254905 * (((6.504876214700818 * (-0.34842883289438253 + (6.020477322376928e-16 * x_0))) + (-0.0762594751530056 * inv((0.06000535297147247 + (0.30044176876793716 * (-0.34842883289438253 + (6.020477322376928e-16 * x_0))))))) * ((1.9122316418002536 * (inv((51.17141840502043 + (0.17049142475652368 * (-0.34842883289438253 + (6.020477322376928e-16 * x_0))))) * inv((0.31234152082266764 + (81.41445019003217 * (-0.34842883289438253 + (6.020477322376928e-16 * x_0))))))) + inv((0.5404716285515236 + (0.04528416552185416 * (inv((6.237178762741909 + (6.046486133595753 * (-0.9222249154556069 + (0.0006349597364519323 * x_1))))) * (4.10723976598134 * inv(((0.48731153802724325 * (-0.9222249154556069 + (0.0006349597364519323 * x_1))) + (0.30296479703431756 * inv((4.264543244338849 + (0.3326668817962313 * (-0.9222249154556069 + (0.0006349597364519323 * x_1)))))))))))))))) + inv((3.0672364957677978 + (0.2586100611886484 * (-0.34842883289438253 + (6.020477322376928e-16 * x_0)))))))
first_principles_rydberg,ok,2,BFGS,0.8285778791527878,0.6761035181746646,121,106.20,,0.1,(-5.715702560749225 + ((69.16714287885833 * (((-1.95961510923864 + (0.5974436308654391 * x_0)) * inv((-6.8398861839324425 + (9.918705190257864 * (((6.213825070163601 * (-1.95961510923864 + (0.5974436308654391 * x_0))) + (6.598692384038298 * (((4.1405715755403705 * inv((0.036193535980149766 + (0.09091304499388247 * (-3.60108467081408 + (0.6407623969420071 * x_1)))))) + ((0.5935992801370018 * (-1.95961510923864 + (0.5974436308654391 * x_0))) - (0.8230873102063119 * inv((1.4461144512083912 + (8.644565062877728 * (-1.95961510923864 + (0.5974436308654391 * x_0)))))))) * ((57.115401359115126 * inv((10.657930201143731 + (-4.707605113257642 * (-3.60108467081408 + (0.6407623969420071 * x_1)))))) + (-0.04927502989119245 * inv((0.7403499258845274 + (4.326492253434807 * (-1.95961510923864 + (0.5974436308654391 * x_0)))))))))) * (0.2666902858261707 * (-1.95961510923864 + (0.5974436308654391 * x_0)))))))) * ((-46.808392759985736 * (-1.95961510923864 + (0.5974436308654391 * x_0))) + (45.01787838122391 * (-3.60108467081408 + (0.6407623969420071 * x_1)))))) - (153.5467177787882 * inv((19.356706345694413 + (4.949280048523072 * (-1.95961510923864 + (0.5974436308654391 * x_0))))))))
first_principles_schechter,ok,1,BFGS,0.8478650725687251,1.9417785117647375,113,93.53,,0.1,(-0.5462681079961058 + ((((-0.6127350530190931 * inv(((0.33153545693780573 * inv((0.29511836124930013 + (1.8642431607119145 * (-0.5152265363826667 + (1.6261733659552068e-09 * x_0)))))) - (8.45816778312971 * inv((0.3873022165168042 + (46.73844550218105 * (-0.5152265363826667 + (1.6261733659552068e-09 * x_0))))))))) + inv((0.028573950549833277 + (0.7270416598960234 * (((0.0424515610306021 * (-0.5152265363826667 + (1.6261733659552068e-09 * x_0))) - (0.39382063411872403 * inv((0.7299363247935218 + (0.04062086591086886 * (-0.5152265363826667 + (1.6261733659552068e-09 * x_0))))))) * inv((5.892124696570296 + (0.5691635463813616 * (-0.5152265363826667 + (1.6261733659552068e-09 * x_0)))))))))) + (0.19569134070678174 * inv((27.69763120854921 + (6.664285179125114 * (-0.5152265363826667 + (1.6261733659552068e-09 * x_0))))))) + ((-0.5152265363826667 + (1.6261733659552068e-09 * x_0)) * inv(((0.3628073753341521 * inv((16.058909757313764 + (0.14051489357954178 * (-0.5152265363826667 + (1.6261733659552068e-09 * x_0)))))) - (1.2344465160840632 * inv((-3.6414780517538716 + (10.681890984040503 * (-0.5152265363826667 + (1.6261733659552068e-09 * x_0)))))))))))
first_principles_supernovae_zg,ok,1,BFGS,0.8062132014473224,0.12792920517025091,114,93.76,,0.1,(0.40236658380162593 + (((2.286449882827972 * inv((4.675014752095519 + (-1.9976912263318805 * (-1.0690083287768268 + (0.03814143456527167 * x_0)))))) + (0.002950892229515948 * inv(((3.977239723762418 * (-1.0690083287768268 + (0.03814143456527167 * x_0))) - (-10.179829194895447 * (-1.0690083287768268 + (0.03814143456527167 * x_0))))))) + (((3.2319141946722088 * (inv((1.848262317134977 + (-1.3866938749979516 * (inv((625.2242580315383 + (-10.998860301995471 * (-1.0690083287768268 + (0.03814143456527167 * x_0))))) * inv((1.4865407021107737 + (56.68642402001234 * (-1.0690083287768268 + (0.03814143456527167 * x_0))))))))) * (-1.0690083287768268 + (0.03814143456527167 * x_0)))) - (0.7252419672386075 * inv(inv(((0.9143522073522803 * inv((603.7875166969125 + (27.23523834658147 * (-1.0690083287768268 + (0.03814143456527167 * x_0)))))) - ((-2.0896298184005397 * inv((2.7231502078535383 + (1.1979834480462648 * (-1.0690083287768268 + (0.03814143456527167 * x_0)))))) + (-4.9263804906493185 * (-1.0690083287768268 + (0.03814143456527167 * x_0))))))))) + (0.8798917731955331 * (-1.0690083287768268 + (0.03814143456527167 * x_0))))))
first_principles_supernovae_zr,ok,1,BFGS,0.9295659743994642,0.05821803332755355,38,108.48,,0.1,(-0.056207837886450035 + ((1.5207556215921976 * inv(((2.049157550774725 * inv((0.36154567374976876 + (0.1113874973113392 * (-1.6026515238622114 + (0.046431321645507846 * x_0)))))) + (5.896502912218445 * (-1.6026515238622114 + (0.046431321645507846 * x_0)))))) + (0.020787398224154718 * inv((5.335028810434631 + (69.4027512808164 * (-1.6026515238622114 + (0.046431321645507846 * x_0))))))))
first_principles_tully_fisher,ok,1,BFGS,0.23044737596206488,1.2458731292938374,22,108.29,,0.1,(-18.043527158851756 + ((-0.6333400149977455 * (-2.139304033980945 + (0.006687978646939128 * x_0))) + (-0.02529383076203899 * inv((0.516116556063719 + (0.9965527017589636 * (-2.139304033980945 + (0.006687978646939128 * x_0))))))))
nikuradse_1,ok,2,BFGS,0.8343145816839945,0.03762860178870246,69,104.93,,0.1,(-0.4687171757504536 + ((9.175328921240428 * (inv((13.511340137146348 + (-2.457029236835319 * (-1.3445265834704199 + (0.005918071145166688 * x_0))))) * ((16.994570105607615 * inv((13.425581389965739 + (-0.7775600543154804 * inv((6.846010856736262 + (0.6082230601403802 * (-1.3445265834704199 + (0.005918071145166688 * x_0))))))))) + (-0.2654260738994332 * inv((8.787911301494823 + (-0.020655384912090284 * (-1.3445265834704199 + (0.005918071145166688 * x_0))))))))) + (((1.1589198897588533 * (-1.3445265834704199 + (0.005918071145166688 * x_0))) + (-0.020923086466890797 * (-8.043667186640068 + (1.6172840179308134 * x_1)))) + (-1.4188723942151626 * (-1.3445265834704199 + (0.005918071145166688 * x_0))))))
nikuradse_2,ok,1,BFGS,0.9652027691067718,0.05881177753940532,59,107.52,,0.1,(2.0862055240495634 + ((2.1883639601413263 * (sin((4.124980808332875 + (0.47104686484155334 * (-1.9879774008876716 + (1.6574136973190292 * x_0))))) * (0.5221837483704354 * (-1.9879774008876716 + (1.6574136973190292 * x_0))))) + (((0.41068665223424083 * (-1.9879774008876716 + (1.6574136973190292 * x_0))) + (0.45041056409973196 * (-1.9879774008876716 + (1.6574136973190292 * x_0)))) + (0.024987418366744348 * (sin((26.055596385657253 + (4.483145647727998 * (-1.9879774008876716 + (1.6574136973190292 * x_0))))) * (2.37923775042818 * (-1.9879774008876716 + (1.6574136973190292 * x_0))))))))
solar_flare,ok,10,BFGS,nan,nan,115,64.74,,0.1,(0.5524412967058291 + ((((((0.3142933185805692 * (-1.4326457214253776 + (0.7744030926623663 * x_1))) + (-0.1028444222391244 * (-0.20412414523193148 + (5.103103630798286 * x_8)))) + (1.9008903375965462 * (((-6.032270922009463 * (-1.1997483391631258 + (0.4751478570943073 * x_0))) + ((0.21346523675885345 * (exp(((4.8317027450386645 * (nan + (inf * x_9))) + ((114.29142928504191 * (-3.0 + (3.3333333333333335 * x_7))) + (0.5582397985639151 * (-0.7418811204628575 + (2.0898059731348098 * x_6)))))) * ((-10.29073798476795 * (-0.20412414523193148 + (5.103103630798286 * x_8))) + (3.6747755574562797 * (-0.7418811204628575 + (2.0898059731348098 * x_6)))))) - (0.31417016737786235 * exp((-6.103299066223459 + (-1.8543199660994487 * (-2.207994968177486 + (1.5549260339278073 * x_4)))))))) * (1.2871794477639598 * (nan + (inf * x_9)))))) + (-0.037185571724480615 * (-2.207994968177486 + (1.5549260339278073 * x_4)))) + (0.3828785901476143 * (-1.3712047854703497 + (1.257986041715917 * x_2)))) + (0.03073295418218772 * (-1.1997483391631258 + (0.4751478570943073 * x_0)))))
strogatz_bacres1,ok,2,BFGS,0.9906252134940565,0.23741282822225943,78,121.45,,0.1,(0.4469862871731667 + ((((-1.4790202717434786 * (-6.2652814930864 + (0.45765203318264863 * x_0))) + (0.00012242965061036226 * inv((0.9880586572724801 + (7.571625147958276 * (-6.2652814930864 + (0.45765203318264863 * x_0))))))) + ((0.15824437559176274 * inv(((0.9243131520638173 * (50.55433966618199 * inv((0.03886287854670223 + (0.28016589855455365 * (-6.2652814930864 + (0.45765203318264863 * x_0))))))) - (-3.1009340740058042 + (0.07848210426397985 * x_1))))) + (-1.9406006771315143 * (-3.1009340740058042 + (0.07848210426397985 * x_1))))) + (0.2316666111393344 * inv(((0.8008651216504803 * (-6.2652814930864 + (0.45765203318264863 * x_0))) + (8.100695092348836 * inv((0.6277795675987474 + (9.496235147276526 * (-6.2652814930864 + (0.45765203318264863 * x_0)))))))))))
strogatz_bacres2,ok,2,BFGS,0.9931798918952695,0.1760654334427252,104,105.48,,0.1,(-6.891992800251029 + (((-7.895545449317347 * (-3.1009340740058042 + (0.07848210426397985 * x_1))) + ((0.8263507586603965 * (-6.2652814930864 + (0.45765203318264863 * x_0))) - ((-2.8733635509699756e-06 * inv((2.5920729964559845e-07 + (-1.8653194927950758e-07 * (inv((((0.7694642628566428 * inv((83.4516758361184 + (1.1821035921822158 * (-6.2652814930864 + (0.45765203318264863 * x_0)))))) + (-0.25793321300598515 * (-3.1009340740058042 + (0.07848210426397985 * x_1)))) + ((22.496489247116966 * inv((0.19698531729475952 + (0.34245214250565703 * (-3.1009340740058042 + (0.07848210426397985 * x_1)))))) + ((8.140771980932275 * (-6.2652814930864 + (0.45765203318264863 * x_0))) + (-3.833135837486668 * (-6.2652814930864 + (0.45765203318264863 * x_0))))))) * (1.4173052281269753 * (-6.2652814930864 + (0.45765203318264863 * x_0)))))))) - (-0.06324307013841374 * inv((8.777551664872238 + (0.4384911357956654 * (-6.2652814930864 + (0.45765203318264863 * x_0))))))))) + (6.0158654776149065 * (-3.1009340740058042 + (0.07848210426397985 * x_1)))))
strogatz_barmag1,ok,2,BFGS,0.9001515164214068,0.07809006936800136,97,91.66,,0.1,(0.5095164114887427 + (((-0.1944681639051768 * (-15.844310416841397 + (2.7805581875467364 * x_0))) + (8.306740792647243 * inv((76.05406788104278 + (0.09811720702187654 * (-1.2538429920116652 + (0.3484404828044345 * x_1))))))) + (((-0.003189246698221574 * inv(((0.08565459349469162 * (-1.2538429920116652 + (0.3484404828044345 * x_1))) + (0.07358208237238828 * inv((2.328211354058597 + (-0.027734447762740054 * (-15.844310416841397 + (2.7805581875467364 * x_0))))))))) + inv(((26.23767163009449 * inv((0.23742288260025002 + (0.5648622564671781 * (-1.2538429920116652 + (0.3484404828044345 * x_1)))))) - (0.5106612190620763 * inv(((9.979094753847708 * (-15.844310416841397 + (2.7805581875467364 * x_0))) - (10.371241888856712 * (-15.844310416841397 + (2.7805581875467364 * x_0))))))))) + (-0.5317389556663783 * inv((1.038810574075804 + (0.6542532531997511 * inv((74.38486872825831 + (0.20110370259933835 * (-15.844310416841397 + (2.7805581875467364 * x_0))))))))))))
strogatz_barmag2,ok,2,BFGS,0.7077137842773322,0.20442958753584686,111,143.24,,0.1,(-0.151770598483559 + (((1.373656763953649 * inv((0.7282891271327443 + (0.1589600146022772 * (-15.844310416841397 + (2.7805581875467364 * x_0)))))) + (0.029707752451117512 * inv((131.45764001610047 + (1.223895997144918 * inv(((0.016368275417744094 * (-1.2538429920116652 + (0.3484404828044345 * x_1))) + (-3.4644999627001614 * (-15.844310416841397 + (2.7805581875467364 * x_0)))))))))) * (0.07084786299656204 * ((-0.950360589155721 * ((-15.844310416841397 + (2.7805581875467364 * x_0)) * (((0.21608002127772208 * (-1.2538429920116652 + (0.3484404828044345 * x_1))) + (-0.09718052365186586 * inv((1.8130870584679608 + (-0.006045366483011154 * (-15.844310416841397 + (2.7805581875467364 * x_0))))))) * (5.54291630299544 * inv(((47.747594863840646 * inv((100.6848129299475 + (0.94499820756202 * (-15.844310416841397 + (2.7805581875467364 * x_0)))))) + (2.3422578501986875 * inv((27.447367523796274 + (0.9881592001370725 * (-1.2538429920116652 + (0.3484404828044345 * x_1)))))))))))) + (4.541283091189581 * inv((8.660870268977108 + (-0.8188706623226054 * (-15.844310416841397 + (2.7805581875467364 * x_0))))))))))
strogatz_glider1,ok,2,BFGS,0.13512918422878195,0.7325411178633231,69,103.63,,0.1,(-0.1717644432045683 + (((-1.1754905333454015 * inv((17.229105270836882 + (0.038608087901384924 * (-1.836876920436821 + (0.13306474919016115 * x_1)))))) + (-0.016515355810803822 * (-1.836876920436821 + (0.13306474919016115 * x_1)))) + (0.05586394575191217 * (((64.5148017374081 * (-1.8084175385794719 + (0.8984434651839722 * x_0))) + (-13.099080911992019 * inv(((28.68318676496844 * (-1.836876920436821 + (0.13306474919016115 * x_1))) + (1.3809091121085793 * inv((0.521209440198974 + (232.06870951311805 * (-1.8084175385794719 + (0.8984434651839722 * x_0)))))))))) * (-0.018483477212536258 * inv((0.5241085141493149 + (-0.13091217410145983 * (-1.8084175385794719 + (0.8984434651839722 * x_0))))))))))
strogatz_glider2,ok,2,BFGS,0.8293833401109618,0.4375029809716085,30,81.11,,0.1,(0.7121671903206057 + (((0.4498282093342658 * (-1.8084175385794719 + (0.8984434651839722 * x_0))) + (0.00017038706112275565 * inv((0.00014872400022399582 + (7.130379924279265e-05 * (-1.8084175385794719 + (0.8984434651839722 * x_0))))))) - (-1.024100635718495 * (-1.8084175385794719 + (0.8984434651839722 * x_0)))))
strogatz_lv1,ok,2,BFGS,0.8432440597248549,0.3810625928258865,73,92.90,,0.1,(0.340337586725737 + ((-8.924591334172753 * inv((((-32.33671766429461 * (-1.1210540200500059 + (1.0527256234139701 * x_1))) + inv((0.3301528368718356 + (1.1547834733847417 * (-1.1210540200500059 + (1.0527256234139701 * x_1)))))) + (0.23385332674291348 * (inv(((197.9240231772036 * inv((1.0870651743924276 + (2.415272560660876 * (-1.0185100736451067 + (0.7243342361165919 * x_0)))))) + (-0.300376882613409 * (-1.1210540200500059 + (1.0527256234139701 * x_1))))) * (-3.473983001660116 * inv((0.3034746280946029 + (-0.15928375421983204 * (-1.0185100736451067 + (0.7243342361165919 * x_0))))))))))) + (-0.04527684875464133 * inv((0.1438508996272268 + (-0.06601460315709407 * (-1.1210540200500059 + (1.0527256234139701 * x_1))))))))
strogatz_lv2,ok,2,BFGS,0.7806373304938891,0.25673460105612006,78,91.61,,0.1,(-0.47652331857865404 + (((((-0.006870234829700948 * (-1.0185100736451067 + (0.7243342361165919 * x_0))) + (0.5324620140019638 * inv((11.362712381258952 + (1.2228111555011005 * (-1.1210540200500059 + (1.0527256234139701 * x_1))))))) + (-0.16120343684697425 * (-1.0185100736451067 + (0.7243342361165919 * x_0)))) + (8.80667528893759e-08 * inv((9.743858709525038e-08 + (2.0460677816973488e-08 * (inv((0.2336639305547767 + (14.499807713922817 * (-1.0185100736451067 + (0.7243342361165919 * x_0))))) * inv((0.07019380273979355 + (0.0846423234410047 * (-1.0185100736451067 + (0.7243342361165919 * x_0))))))))))) * ((0.02100937955878435 * (-1.1210540200500059 + (1.0527256234139701 * x_1))) + inv((1.6752840651685736 + (-0.25123456554784496 * (-1.1210540200500059 + (1.0527256234139701 * x_1))))))))
strogatz_predprey1,ok,2,BFGS,0.8369622375615156,1.017940825052731,78,79.18,,0.1,(0.31131841178774855 + ((((-0.45955348212835845 * ((-0.7749611889583518 + (0.8276419259871193 * x_0)) * inv((1.066073228813321 + (2.7305473611762885 * (-0.7749611889583518 + (0.8276419259871193 * x_0))))))) + (0.7193022315816382 * (inv((2.078153238893014 + (0.2575650261496544 * (-0.7749611889583518 + (0.8276419259871193 * x_0))))) * ((0.5063033327242723 + (1.1786405441424055 * (-0.7749611889583518 + (0.8276419259871193 * x_0)))))**2))) - (2.5536183160274337 * inv((1.1556373096532067 + (156.95539565065997 * (-1.8083916054835167 + (0.37798488323581947 * x_1))))))) * ((-0.32236360186542545 * (-0.7749611889583518 + (0.8276419259871193 * x_0))) - (0.9925501543901039 * inv((10.067735857069884 + (-3.816815527982497 * (-1.8083916054835167 + (0.37798488323581947 * x_1)))))))))
strogatz_predprey2,ok,2,BFGS,0.9577251718144438,0.3341930498982825,109,91.70,,0.1,(-0.26724522932681083 + ((((0.36231627695244306 * inv((116.37847744253651 + (0.05971799341294412 * (-1.8083916054835167 + (0.37798488323581947 * x_1)))))) + (-1.349592637898489 * (-1.8083916054835167 + (0.37798488323581947 * x_1)))) + (3.0341737069102415 * inv((12.845317282002135 + (5.211567084521043 * (0.5937593293979044 * cos((((2.9876294729278428 * (-0.7749611889583518 + (0.8276419259871193 * x_0))) + (9.930078637251071 * (-0.7749611889583518 + (0.8276419259871193 * x_0)))) + (2.963216903792281 * inv((0.590086911846516 + (0.43376239147116413 * (-1.8083916054835167 + (0.37798488323581947 * x_1)))))))))))))) + (3.7027308404541035 * sin((((0.441577986202359 * (-0.7749611889583518 + (0.8276419259871193 * x_0))) + (-5.879052054805495 * inv((53.15952389294685 + (3.7317706376280686 * (-1.8083916054835167 + (0.37798488323581947 * x_1))))))) + (-0.021593565401209006 * sin(((37.763027161873936 * (-0.7749611889583518 + (0.8276419259871193 * x_0))) - (0.42419554947132254 * inv((2.9490219675921203 + (-0.7471976519425358 * (-0.7749611889583518 + (0.8276419259871193 * x_0))))))))))))))
strogatz_shearflow1,ok,2,BFGS,0.6536196505502215,0.28814728121627614,110,48.79,,0.1,(-1.9137095398219977 + ((((-0.6718641482401071 * inv((24.97240758782766 + (2.6974797364963123 * (1.0787725150702083 + (0.4912165308203284 * x_0)))))) + (0.47903705960275433 * inv((0.38056975831211903 + (0.049182606578836024 * (0.1425865318514197 + (0.5727827728700499 * x_1))))))) + (-0.6473879143460235 * (0.1425865318514197 + (0.5727827728700499 * x_1)))) + (35.45692829643632 * (((0.3387965174424561 * inv((40.48420696164153 + (-0.4383397885551332 * (1.0787725150702083 + (0.4912165308203284 * x_0)))))) + (0.00027215015487811237 * inv(((0.01847344760967734 * inv((0.48272947174173264 * (0.1425865318514197 + (0.5727827728700499 * x_1))))) + (0.05471091422787561 * inv((6.343019454030927 + (0.14357609299410468 * (1.0787725150702083 + (0.4912165308203284 * x_0)))))))))) * inv(((1.0812121900943845 * inv((-1.2643550398248538 + (29.209170428690356 * (1.0787725150702083 + (0.4912165308203284 * x_0)))))) - (2.668848611446319 * inv(((7.552084005098045 * (1.0787725150702083 + (0.4912165308203284 * x_0))) + (0.2987629324716875 * (0.1425865318514197 + (0.5727827728700499 * x_1))))))))))))
strogatz_shearflow2,ok,2,BFGS,0.7647335147890719,0.10653237195115252,103,81.23,,0.1,(0.13499549198650218 + ((0.31733275884115897 + (-0.17799336958475087 * (1.0787725150702083 + (0.4912165308203284 * x_0)))) * ((0.6961088879650483 * inv(((5.797423343782448 * inv((-0.09882790315513035 + (0.7112167821589943 * (1.0787725150702083 + (0.4912165308203284 * x_0)))))) + (3.8829910900510534 * inv((5.962671821841678 + (5.8493957734942015 * (0.1425865318514197 + (0.5727827728700499 * x_1))))))))) - (((9.471372043815329 * (((0.15530206407506508 * inv((0.8737146968318705 + (-0.2295267662266386 * (0.1425865318514197 + (0.5727827728700499 * x_1)))))) + (4.1989955927540805 * (0.5304781858860941 * (1.0787725150702083 + (0.4912165308203284 * x_0))))) * inv((4.047632172433797 + (0.3819772269070467 * (1.0787725150702083 + (0.4912165308203284 * x_0))))))) - ((0.6886127895861507 * (0.1425865318514197 + (0.5727827728700499 * x_1))) + (5.742035771442552 * (1.0787725150702083 + (0.4912165308203284 * x_0))))) * inv((0.559342646838249 + (-0.29797522993609293 * (1.0787725150702083 + (0.4912165308203284 * x_0)))))))))
strogatz_vdp1,ok,2,BFGS,0.43328493620320563,0.7771946480634785,86,88.83,,0.1,(-0.020178389031574904 + ((2.720775016532161 * (inv((0.6905004717582468 + (67.44992746198918 * (-0.44260024914922197 + (1.069046206513926 * x_0))))) * (-0.44260024914922197 + (1.069046206513926 * x_0)))) + (-3.4818182472374105e-09 * inv(((0.039122303607090764 * ((-0.10996898192934304 + (9.796924782945739 * (-0.44260024914922197 + (1.069046206513926 * x_0)))))**2) + (0.4083429163072819 * (((0.03147230875477551 * inv((2.4560917339290556 + (0.21341658808764302 * (-0.3313309365474487 + (4.278311300708479 * x_1)))))) + (0.008933572140070189 * inv(((1.2230948732997926 * (-0.44260024914922197 + (1.069046206513926 * x_0))) - (-0.09613065762848616 * inv((0.44289314487685205 + (3.842077943572858 * (-0.3313309365474487 + (4.278311300708479 * x_1)))))))))) * inv((-0.15478776160771496 + (0.3614947117887487 * (-0.44260024914922197 + (1.069046206513926 * x_0))))))))))))
strogatz_vdp2,ok,2,BFGS,0.9998437115177012,0.001169410556906924,43,153.62,,0.1,(-0.04120560115262923 + ((-0.44260024914922197 + (1.069046206513926 * x_0)) * ((-2.1426776303582127 * inv((23.127578802864566 + (3.0638990846981176 * ((-0.06838928637725379 * (-0.3313309365474487 + (4.278311300708479 * x_1))) + (0.022355402757866683 * inv((0.2530988352538508 + (76.07569178776885 * (-0.3313309365474487 + (4.278311300708479 * x_1))))))))))) + (0.0007113511635441237 * (-0.44260024914922197 + (1.069046206513926 * x_0))))))
