dataset,status,n_features,refinement_type,r2,rmse,complexity,seconds,error,noise_strength,expr
1027_ESL,ok,4,BFGS,0.7885958055962079,0.6084046256798109,49,20.745723247528076,,0.001,((5.0 + (0.6 * (-5.984639666737496 + (1.0617441192563855 * x_3)))) + ((0.3 + (0.4 * (-3.2646780146027847 + (0.640682119755828 * x_1)))) + ((-0.1 + (0.5 * (-4.597176476102773 + (0.8602078682278196 * x_2)))) + ((0.006999999999999999 + (0.01 * cos(((-0.02 + (9.0 * (-4.597176476102773 + (0.8602078682278196 * x_2)))) + (0.9 + (9.0 * (-3.5866482951028424 + (0.6488943529449531 * x_0)))))))) * ((0.01 + (60.0 * sin((9.0 * (-4.597176476102773 + (0.8602078682278196 * x_2)))))) + (0.01 + (40.0 * (-3.5866482951028424 + (0.6488943529449531 * x_0)))))))))
1028_SWD,ok,10,BFGS,0.001996713995945032,0.8079838250360193,88,18.593658685684204,,0.001,((0.7741600523259129 + (-0.002337803339244103 * inv(((((-7.099999994627973 * (((4.129999993911862 + (-85.59999999939643 * (-2.600553656918532 + (1.2550934637637703 * x_8)))) + (-0.09940000608813852 + (0.002379966616530838 * (-2.9081003152529648 + (2.0120620262359075 * x_5))))))**2) + ((0.006740000036469895 + (0.0931000000102682 * (-2.426926571290108 + (1.2290310117944503 * x_3)))) - (0.7469999999635298 + (0.0419999996879436 * (-2.6342106133194694 + (1.2394341028792988 * x_9)))))) + ((-79.09999999996353 + (-0.00890999990722588 * (-2.1373666733018415 + (0.9662597980568902 * x_2)))) - (0.051499999963530114 + (6.600000000073282 * (-2.268186844778958 + (0.9771051887330375 * x_4)))))) * (8.27999999532563 + (37.099999999949304 * (-2.569944899053485 + (1.3329589725381146 * x_6)))))))) * (5.029932721179889 + (0.14807712886227187 * cos(((0.25271155464572254 + (0.034034210297394986 * (-2.697450793320586 + (1.3559571682241551 * x_0)))) - (3.547288445354279 + (8.46237602251105 * arctan(((3.2643275742719 + (35.20947782949975 * (-2.9081003152529648 + (2.0120620262359075 * x_5)))) * ((0.32623615989529664 + (-1.2437584684708436 * (-2.8215915534304346 + (1.2833193845196034 * x_1)))) * (0.23730596819503566 + (-0.9026070645068842 * cos((0.4961077310808243 + (62.882295572410186 * (-2.7596764375814526 + (1.367982371570449 * x_7)))))))))))))))))
1029_LEV,ok,4,BFGS,0.0028569955231056987,0.9221169866484452,48,12.553385257720947,,0.001,((0.08608394038310968 + (0.017063462248228408 * (-1.43051090044895 + (0.7293563394539174 * x_3)))) + (0.5566839403831098 + (-0.9812181639629463 * inv((-0.09269178378456301 + (-0.7422833386046572 * sin((57.77219728914142 + (-0.5399295494047143 * sin(((0.08119735814046984 + (-0.5779987813893136 * abs(((0.06565187011110067 + (94.00118410650724 * (-1.4856411796560651 + (0.7038729530903657 * x_2)))) - (26.9818481298889 + (-0.05635919513924893 * arctan((0.00951824954793149 + (-4.339993241733946 * (-1.453122682939075 + (0.7314375920834271 * x_1))))))))))) - (0.33250264185953016 + (-0.03746854948248636 * (-1.2447225684250052 + (0.7356516361849913 * x_0)))))))))))))))
1030_ERA,ok,4,BFGS,-0.0024584121733013387,2.1786915154081963,71,10.967734813690186,,0.001,((2.300821516328677 + (1.3250531990612448e-05 * log((((-0.2351943810762667 * ((-0.2784522790862127 * (-1.848228685399118 + (0.2762949001493599 * x_2))))**2) + (0.39883460090562967 + (4.010849371396516 * (-1.7229002393230515 + (0.2634941230612334 * x_1))))) + (0.3105546009060598 + (10.635493666265486 * abs(((-5.1460256883669615 + (-10.157549540105654 * (-1.6699147855983014 + (0.21789076012503933 * x_0)))) + (-3.061635688364433 + (10.302450459889005 * (-1.6699147855983014 + (0.21789076012503933 * x_0)))))))))))) + (1.8032215163374445 + (-1.5533660261772717e-06 * cos((1.3434476597916476 + (-91.68615724832763 * inv(((0.01663676174043449 + (0.14461403321489177 * sin((-3.842286531335158 + (-0.009078325616400542 * inv((65.30000011044113 + (-0.6189999817611063 * inv((5.950000001863898 + (-0.0018001109364653696 * (-1.3791511341247022 + (0.2190519590414076 * x_3))))))))))))) + (-0.12116323825783944 + (3.3143543935455853 * (-1.3791511341247022 + (0.2190519590414076 * x_3))))))))))))
1089_USCrime,skip,13,,,,,,,0.001,
1096_FacultySalaries,ok,4,NoRef,0.7120499236363482,2.1177499948598824,52,7.620338201522827,,0.001,(((-0.04700000000000001 + inv(((-82.8 + (-0.784 * (-7.228378749769162 + (0.09741892258588145 * x_2)))) - (0.04 + (-47.0 * ((0.00409 + (-90.60000000000001 * (-0.483045891539648 + (2.5532425695667107 * x_0)))))**2))))) * (0.00955 + (-90.4 * sqrt((0.629 + (0.057 * (-8.770750843354087 + (0.1692268037964866 * x_3)))))))) * ((20.6 + (-0.044500000000000005 * ((9.82 + (0.537 * cos((-0.033400000000000006 + (98.3 * (-8.294162598512163 + (0.14200756008222232 * x_1))))))))**2)) - (3.21 + (-0.9500000000000001 * (-8.294162598512163 + (0.14200756008222232 * x_1))))))
1191_BNG_pbc,skip,18,,,,,,,0.001,
1193_BNG_lowbwt,ok,9,NoRef,0.5336527587097186,490.3917915563339,109,88.75051212310791,,0.001,(((-0.5730000000000001 * (((-7.12 + (0.34 * (-0.6709061034818435 + (2.1614276456324326 * x_0)))) - (-0.28800000000000003 + (-0.0378 * (-0.42492690553036766 + (1.646080181370378 * x_5))))))**2) * ((0.021900000000000003 + (-5.13 * inv((0.047900000000000005 + (-0.007809999999999999 * sin(((0.08670000000000001 + (-0.009689999999999999 * (-0.8258478427120429 + (2.0367246511033446 * x_4)))) - (-0.009729999999999999 + (-68.8 * (-0.2743552436594544 + (3.9192646197720467 * x_6))))))))))) - (-0.0641 + (-9.19 * (-0.6709061034818435 + (2.1614276456324326 * x_0)))))) + (0.0234 + (63.1 * inv((-0.319 + (-13.8 * inv(((((0.14700000000000002 * (-0.8258478427120429 + (2.0367246511033446 * x_4))) - (-0.007039999999999999 + (0.321 * (-4.379396026233055 + (0.18873184169507426 * x_1))))) + (((-0.099 + (60.1 * cos((-0.0073 + (7.55 * (-2.2954917666927157 + (2.7311282671192774 * x_7))))))) - (0.0367 + (-5.53 * (-4.248422047977351 + (0.032784099878693275 * x_2))))) - (-0.011000000000000001 + (-0.00449 * (-4.379396026233055 + (0.18873184169507426 * x_1)))))) + ((-9.32 + (0.603 * (-1.8663682181069738 + (1.3843764003815417 * x_3)))) + ((-0.081 + (-1.96 * (-0.8753177193754129 + (0.7228622117526775 * x_8)))) - ((32.8 + (-7.58 * (-2.2954917666927157 + (2.7311282671192774 * x_7)))) + (-98.2 + (0.35100000000000003 * (-0.42492690553036766 + (1.646080181370378 * x_5)))))))))))))))
1196_BNG_pharynx,ok,10,NoRef,0.3603428184051678,334.50975091310545,111,126.14226460456848,,0.001,((-0.04820000000000001 + (-0.776 * abs((((((-3.24 * inv(((-0.00458 + (-98.10000000000001 * (-1.3024072194677068 + (0.5724276438596108 * x_0)))) + (-0.89 + (3.9 * (-1.4884195962629418 + (1.0396411615340688 * x_8))))))) * ((72.10000000000001 + (-0.0517 * inv(((-0.0495 + (-0.016200000000000003 * (-1.2335146302106939 + (1.2276236734098909 * x_6)))) * (7.45 + (-0.05040000000000001 * (-5.38901179775602 + (0.0891167199145502 * x_4)))))))) + (36.2 + (0.0228 * (-1.4145987963010245 + (1.5251980225035269 * x_3)))))) + (8.08 + (34.6 * tan(((12.1 + (0.0371 * (-0.9787621505210815 + (0.9861318424906281 * x_7)))) + ((-6.43 + (-3.16 * (-0.9748807203728533 + (2.0006472363190704 * x_2)))) - (93.2 + (-0.28800000000000003 * abs((-0.00773 + (-0.76 * sqrt((3.1 + (-0.055200000000000006 * (-0.5294352082530241 + (1.2636529607062625 * x_5)))))))))))))))) - ((-89.5 + (-0.62 * (-5.38901179775602 + (0.0891167199145502 * x_4)))) - ((-72.8 + (-2.59 * (-1.4884195962629418 + (1.0396411615340688 * x_8)))) * (-0.33 + (-0.891 * (-0.6062755085208393 + (2.2556906439594284 * x_9))))))) - ((0.00071 + (0.17500000000000002 * (-1.768313735831374 + (2.3338242443666983 * x_1)))) + (-0.00309 + (-2.19 * (-1.4145987963010245 + (1.5251980225035269 * x_3))))))))) * (-4.49 + (0.0031 * (-1.3024072194677068 + (0.5724276438596108 * x_0)))))
1199_BNG_echoMonths,ok,9,NoRef,0.3865118852649929,12.419412913757776,96,57.2337601184845,,0.001,((0.010700000000000001 + (0.051000000000000004 * abs(((((7.97 + (-57.800000000000004 * (-2.6721771408958337 + (0.18194219588543792 * x_6)))) * ((((0.395 + (-0.0043 * (-1.6574444047673307 + (0.13888828634554612 * x_4)))) - (-0.0461 + (-0.006719999999999999 * (-2.6721771408958337 + (0.18194219588543792 * x_6))))) - (0.00537 + (0.532 * (-0.7006903278735214 + (2.1278543120472913 * x_0))))) + (-0.0199 + (0.00433 * (-3.067944714584882 + (2.164750004991396 * x_7)))))) - ((-0.020700000000000003 + (-0.0036699999999999997 * (-2.6721771408958337 + (0.18194219588543792 * x_6)))) - ((-0.00248 + (0.41500000000000004 * ((-5.22 + (47.2 * sin((92.9 + (-3.7 * (-0.7006903278735214 + (2.1278543120472913 * x_0))))))))**2)) - ((0.049 + (0.006189999999999999 * (-5.895898785165648 + (1.2318638071644166 * x_5)))) - ((-0.528 + (0.0916 * (-0.49911869021357436 + (2.5026501539864436 * x_2)))) - (0.636 + (0.08180000000000001 * (-7.592359124770964 + (0.12102999837163637 * x_1))))))))) + (((-0.07700000000000001 * (-5.895898785165648 + (1.2318638071644166 * x_5))) * (7.44 + (0.00405 * (-2.6721771408958337 + (0.18194219588543792 * x_6))))) + (-48.0 + (-6.140000000000001 * (-0.5017378935864184 + (2.494810397741941 * x_8))))))))) - (-0.009009999999999999 + (-0.39 * (-2.0328645278907476 + (9.118566531730082 * x_3)))))
1201_BNG_breastTumor,ok,9,NoRef,0.009192744841213685,10.345611025078126,87,79.80322360992432,,0.001,(-3.97 + (0.369 * abs((9.03 + (-0.9890000000000001 * sqrt((((-12.200000000000001 * ((0.5690000000000001 + (0.7230000000000001 * sqrt(((0.055600000000000004 + (0.0154 * (-1.1088808592176158 + (0.7610555194479648 * x_6)))) - (-7.17 + (0.0937 * (-0.7087067259517521 + (0.22582626161959693 * x_2)))))))))**2) - (-0.9580000000000001 + (63.300000000000004 * (-0.5638320098201588 + (2.337409924133613 * x_3))))) + ((((0.46 + (74.10000000000001 * (-0.9189845014450806 + (1.6390296272383873 * x_1)))) - (-0.082 + (21.400000000000002 * (-5.250497014027723 + (0.10319273787661308 * x_0))))) - ((-0.0485 + (-2.33 * (-0.7262194085300238 + (2.103213727676835 * x_8)))) - ((0.00879 + (6.41 * (-0.7262194085300238 + (2.103213727676835 * x_8)))) * (72.10000000000001 + (0.0927 * (-1.5180585447871628 + (1.2488927483023398 * x_4))))))) + (-0.0073999999999999995 + (4.73 * abs(((24.400000000000002 + (0.615 * (-1.0518934400831168 + (2.002560077875804 * x_5)))) * (-0.34 + (82.7 * cos((-6.76 + (8.2 * (-0.6252646835076331 + (2.224587380561564 * x_7)))))))))))))))))))
1203_BNG_pwLinear,ok,10,NoRef,0.48252515626885917,3.211113549876253,68,83.82567000389099,,0.001,(((-0.00465 + (0.09327695722231513 + (1.1935641468320128 * x_2))) + ((0.00345 + (-0.0015999999999999999 * abs(((0.00715 + (-0.0164 * (0.08136827226570918 + (1.214127207235189 * x_9)))) * (-3.98 + (0.00365 * (0.05301294397079258 + (1.1962125910257306 * x_8)))))))) + ((-0.42000000000000004 + (-33.0 * ((-0.025 * (0.017023356996386664 + (1.214022120525997 * x_3))))**2)) + (((0.068 * (0.021079400064747105 + (1.2326624527298857 * x_6))) - ((6.54 + (4.16 * (-0.07806305361583178 + (1.0030422923983957 * x_0)))) - (6.0 + (2.12 * (-0.07012326027132888 + (1.2885997731187766 * x_4)))))) + ((0.20400000000000001 + (0.0451 * (0.13590670909093983 + (1.2475172979012206 * x_1)))) * (1.55 + (6.12 * (-0.10672377789578776 + (1.219307002427927 * x_5))))))))) * (0.874 + (0.329 * tan((-10.200000000000001 + (-8.07 * (-0.026755910949340968 + (1.191283622228365 * x_7))))))))
192_vineyard,ok,2,NoRef,-0.341098733135762,3.9977603556436896,79,10.324113845825195,,0.001,((0.0651 + (2.8000000000000003 * cos((63.1 * (-4.117027889192704 + (0.42817090047604117 * x_1)))))) + ((-0.0042899999999999995 + (-0.00156 * (((0.0023699999999999997 + (-0.00311 * (-4.117027889192704 + (0.42817090047604117 * x_1)))) + (-0.00735 + (34.1 * (-4.117027889192704 + (0.42817090047604117 * x_1))))))**2)) + ((9.88 + (-0.0105 * inv((-0.401 + (2.1 * (-4.117027889192704 + (0.42817090047604117 * x_1))))))) - ((7.36 + (0.732 * inv(((6.93 + (-43.2 * (-1.8307543886114104 + (0.5534838849290311 * x_0)))) - (-0.00123 + (-2.08 * inv((-0.037000000000000005 + (94.3 * ((-0.012100000000000001 + (-0.795 * ((0.0102 + (-0.881 * (-1.8307543886114104 + (0.5534838849290311 * x_0)))))**3)))**3))))))))) * (-0.48400000000000004 + (-77.9 * abs((0.011800000000000001 + (0.00573 * (-1.8307543886114104 + (0.5534838849290311 * x_0)))))))))))
197_cpu_act,skip,21,,,,,,,0.001,
201_pol,skip,48,,,,,,,0.001,
210_cloud,ok,5,NoRef,0.8415707631578659,0.4822372592193417,54,8.35706901550293,,0.001,(((-83.5 + exp((-0.00131 + (-0.00806 * (-1.364220250476025 + (0.7075287476063205 * x_4)))))) - (((0.052700000000000004 * (-1.0027588296430885 + (0.754864913942272 * x_2))) - (0.00872 + (-65.6 * (-1.0027588296430885 + (0.754864913942272 * x_2))))) + (((22.3 * tan((-27.1 * (-1.063756996389881 + (2.0038213187809384 * x_0))))) + ((7.07 + (-0.0026899999999999997 * (-1.364220250476025 + (0.7075287476063205 * x_4)))) - (4.43 + (-62.9 * (-1.387200735049868 + (1.1821489699211438 * x_3)))))) + (78.2 + (0.014900000000000002 * (-1.063756996389881 + (2.0038213187809384 * x_0))))))) * (-0.00609 + (-0.00342 * inv((-0.8360000000000001 + (83.3 * (-1.5014210843154818 + (0.9501180299183909 * x_1))))))))
215_2dplanes,ok,10,NoRef,0.7385675352783259,2.251100469667807,67,71.36390519142151,,0.001,(((0.9 * (-0.0035612308857941688 + (1.2234628715060953 * x_5))) + (-0.01 + (0.9 * (0.005300190578787094 + (1.227716872249956 * x_6))))) + (((0.9 * (-0.00564753644310365 + (1.2246742857045192 * x_4))) + (-0.01 + (0.9 * (0.006181758858160029 + (1.227360122383773 * x_1))))) + ((0.001 + (0.060000000000000005 * (-0.007391620021877722 + (1.0000273176501469 * x_0)))) * ((70.0 + (0.01 * (-0.004608156951370428 + (1.225208756044367 * x_8)))) + ((-0.01 + (20.0 * (-0.005790737562637947 + (1.2210868394152956 * x_2)))) + ((-0.01 + (20.0 * (0.006181758858160029 + (1.227360122383773 * x_1)))) + ((-0.001 + (-30.0 * (-0.00564753644310365 + (1.2246742857045192 * x_4)))) + ((-0.01 + (10.0 * (-0.007542546838105635 + (1.2267069793719036 * x_3)))) + ((-0.01 + (-0.02 * (0.000961008687445924 + (1.224325067806107 * x_7)))) + (-0.01 + (-0.02 * (-0.00852028187603578 + (1.223080463106432 * x_9)))))))))))))
218_house_8L,ok,8,NoRef,0.22286026599237774,46134.72631269412,80,72.88838934898376,,0.001,((8.01 + (4.66 * (((-79.10000000000001 + (-0.00686 * (-1.2342016972307135 + (7.193407984280178 * x_5)))) - ((((5.26 + (-8.061701010163619 + (16.662839295296614 * x_2))) + (-2.62 + (-0.776 * sin(((52.800000000000004 + (77.5 * (-0.4086541858731071 + (7.12287344247703 * x_4)))) * (-4.71 + (7.0 * (-1.4778853576677324 + (3.018530617638108 * x_7))))))))) * ((((5.11 + (8.86 * cos((-30.7 * (-8.206877177793153 + (11.45494412822042 * x_3)))))) + (-0.00682 + (13.0 * (-7.875622162830448 + (1.3179634777497748 * x_6))))) - (-0.09390000000000001 + (-26.900000000000002 * arctan((0.81 + (5.86 * (-0.24262960728424587 + (23.204458944211208 * x_1)))))))) + (-0.00847 + (0.8540000000000001 * (-8.061701010163619 + (16.662839295296614 * x_2)))))) * (0.5650000000000001 + (0.00817 * sqrt((8.27 + (-0.007699999999999999 * (-7.875622162830448 + (1.3179634777497748 * x_6))))))))))**2)) + (-9.8 + (-3.06 * (-0.4086541858731071 + (7.12287344247703 * x_4)))))
225_puma8NH,ok,8,NoRef,0.41189475378868556,4.290751360753391,91,23.174987077713013,,0.001,((-0.00496 + (74.2 * sin((0.031400000000000004 + (-0.09910000000000001 * cos(((0.00679 + (-0.00573 * (0.0012648121662612872 + (2.920123009202326 * x_6)))) - ((-0.059300000000000005 + (0.00041 * sqrt((49.2 + (2.02 * (-0.005039616277208504 + (0.9178329412505182 * x_3))))))) - (((0.08380000000000001 * (0.01992068983137916 + (0.9167847738784176 * x_4))) - ((0.8360000000000001 + (-0.06480000000000001 * (-0.015994000316161727 + (0.9193579336569845 * x_5)))) + (0.878 + (0.9870000000000001 * (-0.018781624818002968 + (0.9162726245952064 * x_1)))))) + (-0.0054399999999999995 + (-0.8270000000000001 * (0.008547353604208574 + (0.9232330594593369 * x_2))))))))))))) + ((0.00639 + (0.9790000000000001 * cos((-91.8 + (0.609 * ((0.09910000000000001 + (0.045200000000000004 * (((0.08170000000000001 + (8.4 * (-0.0030518723807430284 + (2.885758453397036 * x_7)))) - (76.3 + (-0.00893 * (0.0012648121662612872 + (2.920123009202326 * x_6))))))**2)))**2))))) * (-2.45 + (-0.09820000000000001 * ((-0.5670000000000001 + (0.014100000000000001 * sqrt((45.7 + (0.04700000000000001 * (0.004591935970961835 + (0.9196169463114232 * x_0))))))))**3))))
227_cpu_small,skip,12,,,,,,,0.001,
228_elusage,ok,2,NoRef,0.6133356897387149,13.529631131283573,54,11.292665481567383,,0.001,((((3.4 * (-3.4184354857600585 + (0.06440985979603052 * x_0))) - (16.3 + (-4.41 * sin(((5.48 + (-0.00117 * (-3.4184354857600585 + (0.06440985979603052 * x_0)))) * ((-0.009139999999999999 + (-0.5710000000000001 * (-3.4184354857600585 + (0.06440985979603052 * x_0)))) - (0.664 + (63.9 * (-1.5860891132720205 + (0.27209060102156 * x_1)))))))))) + (-0.916 + (-0.030400000000000003 * abs((19.7 + (-0.0656 * (-1.5860891132720205 + (0.27209060102156 * x_1)))))))) * ((5.69 + (0.0417 * (-1.5860891132720205 + (0.27209060102156 * x_1)))) * (-0.0367 + (-0.40800000000000003 * exp((-0.0614 + (-0.32 * (-3.4184354857600585 + (0.06440985979603052 * x_0)))))))))
229_pwLinear,ok,10,NoRef,0.5975982134976563,2.8509802288225248,69,16.15028977394104,,0.001,((((0.0485 + (0.779 * (0.11923929502757463 + (1.1923929502757462 * x_2)))) - (((0.787 + (3.21 * (-0.09374252720097653 + (1.004384220010463 * x_0)))) - (-0.00426 + (-0.0611 * ((0.00376 + (-0.005039999999999999 * (0.04719291781830087 + (1.1798229454575218 * x_9)))))**3))) - (0.056 + (2.57 * sin(((0.00081 + (67.4 * (0.032042066805600074 + (1.2015775052100026 * x_3)))) + (-0.00714 + (-0.0403 * (-0.0 + (1.1785113019775793 * x_8)))))))))) - (-0.00822 + (-1.96 * (0.10840487404402506 + (1.2508254697387506 * x_1))))) + ((-0.0887 + (-0.00249 * (-0.047637054444277724 + (1.1909263611069432 * x_7)))) - (((-6.73 + (-0.0889 * (0.07482095568419428 + (1.2470159280699047 * x_6)))) - (0.04 + (0.41100000000000003 * (-0.13044826891964448 + (1.2229525211216667 * x_5))))) - (-7.57 + (1.79 * (-0.05290092118939488 + (1.3225230297348718 * x_4)))))))
230_machine_cpu,ok,6,NoRef,0.6860578962869102,118.60035775213403,68,13.983887195587158,,0.001,(-0.499 + (0.48900000000000005 * abs((((0.8500000000000001 * inv(((0.031400000000000004 + (-0.279 * sin((-91.7 + (-8.43 * (-0.7899624088287077 + (0.046874909006191866 * x_5))))))) - (1.36 + (0.309 * (-0.7523809190467288 + (0.00365791203201576 * x_0))))))) * ((-26.8 + (-20.1 * (-1.060880889671478 + (9.099434385113344e-05 * x_2)))) * (13.200000000000001 + (0.652 * (-0.7360505640725639 + (0.00025722312374903104 * x_1)))))) + (((-0.00618 * (-1.060880889671478 + (9.099434385113344e-05 * x_2))) - (0.0007999999999999999 + (0.609 * (-0.6999071030152427 + (0.15710145046097534 * x_4))))) + ((((0.877 + (-0.6188760554008702 + (0.025534161502918738 * x_3))) + (-0.0907 + (0.040900000000000006 * (-0.6188760554008702 + (0.025534161502918738 * x_3))))) * (8.34 + (45.7 * (-0.6999071030152427 + (0.15710145046097534 * x_4))))) + (-43.1 + (-0.006549999999999999 * (-0.7360505640725639 + (0.00025722312374903104 * x_1))))))))))
344_mv,ok,10,NoRef,0.9868628572987356,1.1934159657998387,72,70.51446032524109,,0.001,((0.0009299999999999999 + (1.84 * (0.0022175599008513354 + (0.34533070842535996 * x_0)))) - ((0.00517 + (-0.0025599999999999998 * (-0.5734730257178989 + (2.3172342056760247 * x_7)))) * (((-0.8550000000000001 + (0.0412 * (0.003947964926438745 + (1.7283978578198171 * x_4)))) - (((-8.44 + (0.0022175599008513354 + (0.34533070842535996 * x_0))) - (0.005399999999999999 + (-7.46 * (1.0227026043797813 + (0.0925111276654878 * x_5))))) * ((-0.00421 + (-0.0427 * (-2.5960627430376877 + (0.00867351563626663 * x_8)))) + (((-0.00264 * (-0.7392532856638294 + (1.4300524144285236 * x_2))) - (-80.8 + (78.3 * arctan(((-36.7 + (0.00522 * (-0.6501808197826888 + (2.1882145014502465 * x_6)))) - (0.00862 + (-48.0 * (1.0227026043797813 + (0.0925111276654878 * x_5))))))))) + ((0.04700000000000001 + (0.0878 * (8.669798976904845 + (0.6937949743206628 * x_1)))) + (0.9550000000000001 + (0.027700000000000002 * (1.4557788337674649 + (0.330909716064055 * x_3))))))))) - (-6.8500000000000005 + (-3.22 * (-18.96847235950167 + (0.017240880942593916 * x_9)))))))
485_analcatdata_vehicle,ok,4,NoRef,0.30491448355429474,229.57550475019298,66,10.41583776473999,,0.001,(9.17 + (0.228 * abs(((((4.6000000000000005 + (-0.9459053029269173 + (2.0030935826687664 * x_1))) * ((0.09280000000000001 + (0.040400000000000005 * inv(((-0.0035299999999999997 + (-0.0078 * (-1.3728129459672882 + (0.5883484054145521 * x_3)))) * (((-0.00399 + (0.0007 * (-0.8944271909999157 + (2.0124611797498106 * x_0)))) - (0.0013 + (0.41200000000000003 * (-0.9459053029269173 + (2.0030935826687664 * x_2))))) - (0.00283 + (84.8 * (-0.8944271909999157 + (2.0124611797498106 * x_0))))))))) - (0.09960000000000001 + (-8.27 * cos((-80.60000000000001 + (-5.16 * (-0.9459053029269173 + (2.0030935826687664 * x_2))))))))) * (-54.9 + (20.400000000000002 * (-0.8944271909999157 + (2.0124611797498106 * x_0))))) + ((0.6 + (-0.00165 * (-0.8944271909999157 + (2.0124611797498106 * x_0)))) - (-0.558 + (0.035300000000000005 * (-1.3728129459672882 + (0.5883484054145521 * x_3)))))))))
505_tecator,skip,124,,,,,,,0.001,
519_vinnie,ok,2,NoRef,0.7308005494212959,1.6318339953783225,50,16.756810426712036,,0.001,((((-0.5680000000000001 + (31.1 * cos((0.00106 + (0.48100000000000004 * (((81.0 + (0.038000000000000006 * (-79.38435189356406 + (0.9162329522401391 * x_0)))) + (-85.5 + (-0.041800000000000004 * (-79.38435189356406 + (0.9162329522401391 * x_0))))))**2))))) - (-64.5 + (6.8 * (-2.8402692515564407 + (0.22687128270560133 * x_1))))) - (-9.52 + (-24.8 * (-2.8402692515564407 + (0.22687128270560133 * x_1))))) * ((-0.00273 + (0.00842 * (-2.8402692515564407 + (0.22687128270560133 * x_1)))) - (-0.0961 + (0.048900000000000006 * sin((-9.620000000000001 + (6.8 * (-79.38435189356406 + (0.9162329522401391 * x_0)))))))))
522_pm10,ok,7,NoRef,nan,nan,91,11.016926050186157,,0.001,(-0.51 + (3.75 * sqrt(((((-0.0028699999999999997 + (0.14300000000000002 * (-6.902456158433731 + (0.9765081725805418 * x_0)))) - ((-0.654 + (-7.45 * inv((((-7.34 * (-1.8465566017011974 + (0.14483554186110628 * x_5))) + (-73.3 + (-0.025900000000000003 * abs(((-0.043100000000000006 + (0.00251 * (-1.7263842862869363 + (0.5282693663353025 * x_2)))) * (0.055600000000000004 + (-0.8 * (-1.5365899944590466 + (0.00493078372714948 * x_6))))))))) + ((-9.31 + (0.00735 * (-1.6583857971143587 + (0.011969986709086652 * x_4)))) - (0.0956 + (0.083 * (-1.5365899944590466 + (0.00493078372714948 * x_6))))))))) - (0.891 + (-0.04530000000000001 * (-1.7263842862869363 + (0.5282693663353025 * x_2)))))) - (-0.005699999999999999 + (0.0714 * abs((0.054400000000000004 + (8.3 * cos((-0.00836 + (-1.92 * (-0.1632080108509325 + (1.0890214172962316 * x_3))))))))))) - (0.08120000000000001 + (0.91 * inv((((0.045000000000000005 + (-1.6583857971143587 + (0.011969986709086652 * x_4))) * (-2.21 + (0.17500000000000002 * (-1.8465566017011974 + (0.14483554186110628 * x_5))))) * (-69.8 + (0.318 * (-0.1645443304327228 + (0.15911326622439212 * x_1))))))))))))
523_analcatdata_neavote,ok,2,NoRef,0.8797407299225707,1.3524405325816247,37,4.1512086391448975,,0.001,((((-0.05280000000000001 * (-1.0981267472114393 + (1.004384220010463 * x_0))) + (-6.8 + (0.8480000000000001 * inv((0.07780000000000001 + (0.17300000000000001 * sin((-58.800000000000004 + (64.3 * (-29.69625249321158 + (2.9976028761653684 * x_1))))))))))) + ((6.07 + (-4.72 * (-1.0981267472114393 + (1.004384220010463 * x_0)))) * (6.12 + (-0.00227 * (-29.69625249321158 + (2.9976028761653684 * x_1)))))) * (0.127 + (0.0073999999999999995 * (-29.69625249321158 + (2.9976028761653684 * x_1)))))
527_analcatdata_election2000,skip,14,,,,,,,0.001,
529_pollen,ok,4,NoRef,0.7071143682365713,1.7463730976368304,53,23.300080060958862,,0.001,((-0.633 + (0.00861 * (-0.013345361811539617 + (0.12700379671541098 * x_2)))) - (((((-0.89 * (0.003050335580315188 + (0.1932987332901908 * x_1))) - (0.88 + (-0.9570000000000001 * (-0.013345361811539617 + (0.12700379671541098 * x_2))))) + (-0.0771 + (0.786 * arctan((-0.444 + (0.789 * tan((-0.915 + (-26.900000000000002 * (-0.002663363260045555 + (0.15711645677982072 * x_0))))))))))) + (0.00666 + (-0.932 * (-0.013345361811539617 + (0.12700379671541098 * x_2))))) - (((-4.37 * (-0.002663363260045555 + (0.15711645677982072 * x_0))) - (0.222 + (0.00263 * (-0.002663363260045555 + (0.15711645677982072 * x_0))))) + (-0.0985 + (-3.65 * (-0.0025386365415667506 + (0.09917020022412927 * x_3)))))))
537_houses,ok,8,BFGS,0.5033641793918817,81547.98916958945,73,69.79950642585754,,0.001,(0.010000000288416393 + (0.8999501110833575 * (((0.08999997580627939 + (-89.9999991196983 * (-2.051179386400735 + (0.5302508492737142 * x_0)))) + ((-0.09000002419372063 + (-8.999999958904356 * (-2.2697702193245584 + (0.07945340348319206 * x_1)))) + ((-0.09000002419372063 + (-9.000000575776708 * inv((0.019995857559814003 + (0.002195122203809158 * cos((0.7000011603780275 + (8.999998734693962 * (-16.646127423136736 + (0.46716190107648103 * x_6)))))))))) + ((0.08999997580627939 + (90.0000000642042 * (59.491539791662554 + (0.49754504517747405 * x_7)))) + ((0.08999997580627939 + (98.99999974529251 * arctan(((0.010000460720903916 + (8.999999460314635 * (-16.646127423136736 + (0.46716190107648103 * x_6)))) + (3.0000004607209037 + (0.009999588423225335 * (-1.2715203416733818 + (0.0008925111958354638 * x_4)))))))) + ((0.05999997580627939 + (-50.00000007545671 * (-1.2686865683874369 + (0.002360725591800611 * x_3)))) + ((0.05999997580627939 + (0.019999932855248995 * (-1.2981631449097488 + (0.0025999100676634126 * x_5)))) + (0.00999997580627938 + (50.000000005765045 * (-1.2016435368981164 + (0.00045582731147629903 * x_2))))))))))))**2))
542_pollution,skip,15,,,,,,,0.001,
547_no2,ok,7,BFGS,-0.0006196229416910448,0.8043970405430761,61,10.23020625114441,,0.001,(3.7034589372751374 + (9.268758649917647e-08 * sqrt(((0.1521667095829612 + (-6.003537904998559 * (-1.7233010789213195 + (0.5619948722095159 * x_2)))) - ((-0.22876670958296122 + (-13.511731807728086 * arctan(((((0.07491675657778697 + (4.417513389908974 * (-1.5509274781858433 + (0.004978282454566935 * x_6)))) - (0.6816932434222129 + (-52.69613439769697 * (-6.389979434269805 + (0.9171578323886973 * x_0))))) - (-0.08073675657778699 + (-3.722349489656257 * (-1.618666665620929 + (0.011680264768206942 * x_4))))) + (0.7933067565777872 + (-1.4802658071139323 * inv((-29.300002799968507 + (87.49999456644915 * (-1.836698179159212 + (0.1466386666350233 * x_5))))))))))) - ((0.20263670958296123 + (-21.659403141507283 * sin((-0.5065582952374541 + (76.43973903270445 * (-0.18347261685282978 + (0.9399211834797822 * x_3))))))) - (-69.20726670958297 + (4.201764107548413 * (-0.14061081742291648 + (0.15526813120444868 * x_1))))))))))
556_analcatdata_apnea2,ok,3,BFGS,-0.019943833671682842,3594.7184268500655,58,13.700688600540161,,0.001,(-0.003151285767711249 + (69.98399272188968 * (((-1.467675514842018 + (-0.8932026455421733 * inv((-1.7400035660173294 + (-0.30053756448450664 * ((-4.609994764417838 + (-0.47688517565712746 * (((0.0326926110548172 + (-76.00020900343729 * tan(((0.45430403213489273 + (7.954832789253804 * (-1.4262823734899885 + (0.705217395781161 * x_1)))) - (0.05769596786510732 + (-0.03032448003457067 * exp((0.05171462033303935 + (0.009941473733874141 * (-1.8764006559483637 + (0.18386970369326106 * x_2))))))))))) - (-54.09989261105481 + (2.799862848368027 * (-1.4262823734899885 + (0.705217395781161 * x_1))))))**3)))**2))))) - (1.711485514842018 + (0.1018682927766432 * inv((7.315989099608665 + (-0.005651388688780266 * (-1.4304867133245485 + (0.7172581266810412 * x_0)))))))))**2))
557_analcatdata_apnea1,ok,3,BFGS,-0.0070890446048093025,3257.896988039884,70,18.81866478919983,,0.001,(3.0879351690601773 + (7.070161496538359 * sqrt((4.8557378919817 + (23.016155704995796 * abs((((0.08440691742400781 + (2.001242026694322 * ((6.996708167450525 + (-0.6599946803453826 * exp(((((0.008170146242950314 + (0.07018330570763211 * (-1.4262823734899885 + (0.705217395781161 * x_1)))) * (8.499999833504589 + (0.005349714180228122 * (-1.4262823734899885 + (0.705217395781161 * x_1))))) - (0.9860035109720476 + (9.79000266047643 * cos((-0.020420182363834256 + (69.70002766077805 * (-1.4304867133245485 + (0.7172581266810412 * x_0)))))))) + (0.0047964890279524365 + (-0.0550003735157704 * inv((9.399999997814488 + (0.003500000128216193 * (-1.8764006559483637 + (0.18386970369326106 * x_2))))))))))))**3)) * (-0.7044384781272626 + (-0.7538991220461296 * ((-0.0705036341301118 + (-0.06224475107383868 * (-1.4304867133245485 + (0.7172581266810412 * x_0)))))**2))) - (0.00933454495817192 + (-0.003529981050047045 * (-1.8764006559483637 + (0.18386970369326106 * x_2)))))))))))
560_bodyfat,skip,14,,,,,,,0.001,
561_cpu,ok,7,BFGS,0.9701898522853565,34.28350363793899,103,14.202455282211304,,0.001,((0.252 + (0.00569 * ((-2.31 + (-0.7523809190467288 + (0.00365791203201576 * x_1))))**2)) * ((-0.031200000000000002 + (0.002 * sin((1.6500000000000001 + (-0.7523809190467288 + (0.00365791203201576 * x_1)))))) * ((0.0514 + (-6.2 * (((((0.00992 + (0.515 * (-0.7899624088287077 + (0.046874909006191866 * x_6)))) - (-33.2 + (-9.86 * (-1.060880889671478 + (9.099434385113344e-05 * x_3))))) - ((-0.059000000000000004 + (0.0095 * (-1.060880889671478 + (9.099434385113344e-05 * x_3)))) - (((3.49 * (-0.7360505640725639 + (0.00025722312374903104 * x_2))) + (-0.67 + (4.66 * (-0.6188760554008702 + (0.025534161502918738 * x_4))))) + ((0.77 + (0.019200000000000002 * abs((60.300000000000004 * (-0.7523809190467288 + (0.00365791203201576 * x_1)))))) + (-0.00516 + (-0.599 * inv((85.7 + (-0.868 * sqrt(((37.0 + (0.057800000000000004 * (-2.086290452647615 + (0.1320865708656769 * x_0)))) - (1.8800000000000001 + (0.0913 * (-1.060880889671478 + (9.099434385113344e-05 * x_3))))))))))))))) + (-5.04 + (0.021300000000000003 * inv((0.07600000000000001 + (-0.184 * (-0.7360505640725639 + (0.00025722312374903104 * x_2)))))))))**2)) * (0.0495 + (3.74 * sqrt((0.156 + (0.008329999999999999 * (-0.6999071030152427 + (0.15710145046097534 * x_5))))))))))
562_cpu_small,skip,12,,,,,,,0.001,
564_fried,ok,10,NoRef,0.8387670667940283,2.0061940656245554,92,76.12395596504211,,0.001,(((2.0100000000000002 * (-1.7317380629139767 + (3.4570816100128163 * x_3))) * (0.043800000000000006 + (0.00565 * (-1.7320837632415944 + (3.4662480011342827 * x_7))))) + (((((-96.5 + (-1.730086874860504 + (3.4694118993409164 * x_8))) + (-0.9810000000000001 + (-9.1 * (-1.7334173736542413 + (3.4631828660639683 * x_9))))) * (-0.00796 + (-0.0063 * abs((-0.00603 + (-6.22 * (-1.7306025303085084 + (3.4810851356477173 * x_2)))))))) - ((-0.0342 + (-0.003 * (-1.7361856340062896 + (3.460908254197098 * x_6)))) - ((8.09 + (2.6 * inv((-0.29300000000000004 + (-0.00361 * abs(((0.9870000000000001 + (6.61 * ((7.41 + (0.46 * (-1.733625748063093 + (3.4676683965677952 * x_0)))))**2)) - (0.00105 + (-83.2 * (-1.7389950139682637 + (3.470470221314242 * x_5))))))))))) + ((0.804 + (-0.6920000000000001 * abs(((-3.0 + (-4.36 * (-1.7376138146088433 + (3.4631318113519547 * x_1)))) - (-9.1 + (4.3100000000000005 * (-1.733625748063093 + (3.4676683965677952 * x_0)))))))) + (8.14 + (1.84 * (-1.7203195648658454 + (3.460743040826408 * x_4)))))))) - (-0.00713 + (-2.98 * (-1.7317380629139767 + (3.4570816100128163 * x_3))))))
573_cpu_act,skip,21,,,,,,,0.001,
574_house_16H,skip,16,,,,,,,0.001,
579_fri_c0_250_5,ok,5,NoRef,0.6234981168950542,0.589400318739774,39,16.460041999816895,,0.001,((0.002 + (0.6 * (0.001545802874342008 + (1.0108692273054292 * x_3)))) + (0.02 + (-1.4000000000000001 * sin(((0.1 + (-0.6 * (0.009839275916090176 + (0.9978407458402175 * x_1)))) + ((-0.01 + (-0.4 * (0.04540899642107328 + (0.9930197422332582 * x_4)))) + ((-0.01 + (-0.7000000000000001 * (-0.014862916611118899 + (1.0103690000527863 * x_0)))) + (0.030000000000000002 + (-0.009 * ((0.01 + (7.1000000000000005 * (0.023766315349668304 + (1.01780740293125 * x_2)))))**2)))))))))
581_fri_c3_500_25,skip,25,,,,,,,0.001,
582_fri_c1_500_25,skip,25,,,,,,,0.001,
583_fri_c1_1000_50,skip,50,,,,,,,0.001,
584_fri_c4_500_25,skip,25,,,,,,,0.001,
586_fri_c3_1000_25,skip,25,,,,,,,0.001,
588_fri_c4_1000_100,skip,100,,,,,,,0.001,
589_fri_c2_1000_25,skip,25,,,,,,,0.001,
590_fri_c0_1000_50,skip,50,,,,,,,0.001,
591_fri_c1_100_10,ok,10,NoRef,0.4089781765723074,0.8052767182251049,75,15.05730414390564,,0.001,(((((-5.79 + (-0.0025499999999999997 * (0.023957407126269925 + (1.008438568786406 * x_1)))) - (((-0.9400000000000001 + (0.0044199999999999995 * (-0.014184533809794076 + (1.0179703111385348 * x_0)))) * (-0.9680000000000001 + (74.4 * (-0.0573536423056041 + (1.0302122227744204 * x_3))))) - ((-3.7600000000000002 + (-98.60000000000001 * sin((0.00641 + (2.23 * (0.023957407126269925 + (1.008438568786406 * x_1))))))) - (-0.186 + (2.5300000000000002 * (-0.03780457963308972 + (1.029923637313083 * x_9))))))) - (0.61 + (-9.870000000000001 * (0.08252571544706172 + (1.0816107049280999 * x_5))))) * (0.0093 + (-0.00117 * (-0.027138908246964612 + (1.0016489423346386 * x_7))))) + ((0.081 + (0.0123 * (-0.12512215543641755 + (1.0477901096230489 * x_8)))) * ((0.018400000000000003 + (0.00015 * (0.03382957891636247 + (1.0176746705026154 * x_6)))) * (0.07160000000000001 + (-99.2 * cos(((-41.5 + (3.29 * (-0.013921742064165538 + (0.9857119324123377 * x_4)))) * (94.2 + (49.0 * (-0.09290737103458516 + (1.031958156269465 * x_2)))))))))))
592_fri_c4_1000_25,skip,25,,,,,,,0.001,
593_fri_c1_1000_10,ok,10,NoRef,0.7581451913854048,0.5028526558190299,73,12.305570840835571,,0.001,((0.015000000000000001 + (0.005 * (0.01605377987540209 + (1.0097294742830483 * x_1)))) * (((30.0 * (-0.014398606213345927 + (0.9973686862453554 * x_3))) + (-0.01 + (84.0 * sin(((0.3 + (-2.0 * (0.01605377987540209 + (1.0097294742830483 * x_1)))) + (0.030000000000000002 + (-0.6 * (0.02584841970639163 + (1.0157575312005551 * x_0))))))))) + ((-0.01 + (9.0 * (-0.001593381729548922 + (1.0070370698496123 * x_4)))) + (0.01 + (-20.0 * sin(((0.060000000000000005 + (0.2 * (0.005091200530134842 + (1.0013364315770596 * x_8)))) + ((0.030000000000000002 + (0.2 * (-0.02552583270288602 + (1.011101800244494 * x_5)))) + ((0.030000000000000002 + (0.6 * (0.02983208584086124 + (0.991180014269566 * x_2)))) + ((0.060000000000000005 + (0.01 * (-0.012367529823537449 + (0.9944087598140563 * x_7)))) + ((0.060000000000000005 + (0.01 * (0.014957214312650844 + (1.003239468164466 * x_9)))) + (0.030000000000000002 + (0.1 * (0.020771142018303983 + (1.006948258920335 * x_6)))))))))))))))
594_fri_c2_100_5,ok,5,NoRef,-0.9443763822761784,1.3251916210081347,46,7.850117921829224,,0.001,((-6.0600000000000005 + (-5.79 * sin((0.36100000000000004 + (0.059172121142651225 + (1.058020268789069 * x_0)))))) * ((-0.018400000000000003 + (0.00889 * abs(((0.873 + (2.4 * (0.07525924471975529 + (1.0422694177904375 * x_1)))) - (-0.371 + (0.0015999999999999999 * (-0.007940850755760532 + (0.991444651270151 * x_4)))))))) * (((-12.1 * (0.06761805754582709 + (1.0053402274731527 * x_2))) + (0.302 + (9.21 * (0.003532520300817216 + (0.9962952978109351 * x_3))))) + (-0.0313 + (-78.7 * inv((-5.0 + (0.007679999999999999 * (0.003532520300817216 + (0.9962952978109351 * x_3))))))))))
595_fri_c0_1000_10,ok,10,NoRef,0.7112846652096417,0.49584513671641517,78,11.753467559814453,,0.001,(((0.0021 + (0.5740000000000001 * (0.013542379830591022 + (0.9960388829592827 * x_3)))) + (0.007549999999999999 + (0.259 * (-0.007874789400257076 + (0.9923552046780444 * x_4))))) - ((((-0.273 * (0.0013776812215936672 + (0.981622276946545 * x_1))) - ((0.00805 + (0.109 * (-0.022120537282747144 + (1.0096396893340729 * x_9)))) - ((-0.00876 + (-0.659 * sin(((0.005209999999999999 + (1.7 * (-0.00694386061922123 + (0.9937825877298289 * x_7)))) * (0.00323 + (2.35 * (0.01851697998179921 + (1.0023054996314156 * x_5)))))))) * (0.001 + (-0.35900000000000004 * (0.0013776812215936672 + (0.981622276946545 * x_1))))))) + (((-0.05790000000000001 + (-0.015790702039104078 + (0.9955002435906101 * x_8))) + (0.048 + (3.39 * (-0.0010410835911537015 + (1.0180561384154634 * x_0))))) * (-0.08180000000000001 + (0.09680000000000001 * (-0.0010410835911537015 + (1.0180561384154634 * x_0)))))) + ((-58.4 + (-0.00652 * (-0.004406990766161616 + (0.9961074269383714 * x_6)))) * ((0.00365 + (0.0177 * (0.017202001564991225 + (0.9925934684989274 * x_2)))) * (-0.0072299999999999994 + (0.33 * (0.017202001564991225 + (0.9925934684989274 * x_2))))))))
596_fri_c2_250_5,ok,5,NoRef,0.6445647461719564,0.6207708544494736,49,16.91593098640442,,0.001,((0.0026999999999999997 + (0.16 * (-0.051982931308086906 + (1.0248931886511705 * x_4)))) + (((0.027200000000000002 + (0.00928 * (-0.0028595658841998293 + (1.0209950031193176 * x_1)))) * (0.1 + (46.1 * sin((((-0.914 * (-0.0028595658841998293 + (1.0209950031193176 * x_1))) * (2.08 + (0.252 * (-0.016254618443318096 + (0.9910777960291338 * x_2))))) + (-0.0577 + (-0.7010000000000001 * (0.012923134393778358 + (0.9771917787108815 * x_0))))))))) - (0.0034 + (0.377 * cos(((-60.2 + (0.9690000000000001 * (0.006225346346397276 + (1.017118865752266 * x_3)))) - (-0.00154 + (-1.57 * (0.012923134393778358 + (0.9771917787108815 * x_0))))))))))
597_fri_c2_500_5,ok,5,NoRef,0.46760698237531295,0.7566273366989367,40,12.657047033309937,,0.001,((-0.3 + (0.4 * (-0.007318019282952631 + (0.9937597747103427 * x_3)))) + ((-0.01 + (1.4000000000000001 * sin(((-0.2 + (-0.13 * (-0.02635367553067046 + (0.9699948409936098 * x_1)))) * ((-9.0 + (7.0 * (-0.023255933401365076 + (0.9755371435218841 * x_0)))) + (0.1 + (6.0 * (-0.02635367553067046 + (0.9699948409936098 * x_1))))))))) + ((-0.2 + (0.2 * (-0.01989675537925552 + (0.9994270508062848 * x_4)))) + (0.01 + (-0.4 * (-0.018391923078629857 + (0.9679110276121853 * x_2)))))))
598_fri_c0_1000_25,skip,25,,,,,,,0.001,
599_fri_c2_1000_5,ok,5,BFGS,0.6190826215474173,0.5738140986492066,55,18.026092052459717,,0.001,(((9.72 + (3.34 * (-0.02181696735271353 + (0.9947246711561577 * x_1)))) * ((0.00831 + (-0.00541 * (-0.03440778921459298 + (1.0042549176985838 * x_2)))) - (-0.0473 + (0.14400000000000002 * sin(((-0.315 + (0.09390000000000001 * (-0.02352725278318891 + (0.9994382833844507 * x_0)))) * (-12.0 + (0.0010999999999999998 * (((-2.64 + (7.84 * (-0.01926419293919688 + (0.9929528981749398 * x_3)))) + (43.300000000000004 + (40.9 * (-0.02181696735271353 + (0.9947246711561577 * x_1))))))**2)))))))) - (0.0083 + (0.00963 * sqrt((-93.2 + (6.3100000000000005 * inv((0.0031 + (0.00101 * (-0.02054392051970226 + (0.98830361068273 * x_4)))))))))))
601_fri_c1_250_5,ok,5,NoRef,0.13213982331593066,0.9144600493429309,63,14.288960456848145,,0.001,((-0.0955 + (-0.616 * sin((-0.809 * (0.025635528178704497 + (0.96920553005278 * x_3)))))) + (((0.48900000000000005 * (-0.024294262440642228 + (0.9894939519910674 * x_2))) * ((-0.00946 + (-97.7 * (-0.024294262440642228 + (0.9894939519910674 * x_2)))) * (-0.00503 + (-0.0033599999999999997 * (-0.016594463510465417 + (1.0158013697433474 * x_4)))))) + (((-0.367 + (-0.00947 * (-0.011311983981500613 + (1.0114596703893468 * x_0)))) + (0.0285 + (1.57 * sin((((-0.5680000000000001 + (-0.011311983981500613 + (1.0114596703893468 * x_0))) + (6.66 + (5.48 * (-0.011311983981500613 + (1.0114596703893468 * x_0))))) * (0.127 + (-0.277 * (-0.006934093437570976 + (0.9935797951849735 * x_1))))))))) - ((-0.036300000000000006 + (-0.0627 * (-0.024294262440642228 + (0.9894939519910674 * x_2)))) + (0.0777 + (-0.17 * (-0.016594463510465417 + (1.0158013697433474 * x_4))))))))
602_fri_c3_250_10,ok,10,NoRef,0.4241343388607812,0.7520924973911342,92,10.263599634170532,,0.001,(((0.53 + (0.809 * (-0.0321306609826703 + (1.0171204494954607 * x_2)))) * (-0.225 + (-0.00626 * (0.07697369017522888 + (1.0106026217622155 * x_7))))) - (((0.0021999999999999997 + (-0.302 * (-0.062301124106462095 + (1.026072345096802 * x_3)))) + (-0.00421 + (0.0034 * (0.04732723074157652 + (1.0069295825441027 * x_9))))) - ((-0.0932 + (0.00536 * abs((((37.6 * cos((77.3 + (0.0008424608236839697 + (1.020253771137929 * x_0))))) * (-4.72 + (-0.0805 * (0.01106901342971983 + (0.9994693299932381 * x_8))))) + ((-0.00849 + (1.8 * (-0.03354802892354229 + (0.9982560051104585 * x_4)))) * ((-16.4 + (2.86 * (0.04732723074157652 + (1.0069295825441027 * x_9)))) - ((((-0.7230000000000001 + (-0.017380280715068894 + (0.9989589776179207 * x_6))) - (-0.00551 + (-0.013600000000000001 * (-0.0009000718129920188 + (0.9837450752294318 * x_5))))) * (-1.79 + (0.9710000000000001 * (-0.0321306609826703 + (1.0171204494954607 * x_2))))) + (0.05500000000000001 + (0.095 * (-0.0019419209876484118 + (1.0102414239500976 * x_1))))))))))) * (-0.0379 + (-2.5100000000000002 * cos(((-0.862 + (1.57 * (-0.0019419209876484118 + (1.0102414239500976 * x_1)))) - (0.29300000000000004 + (-0.738 * (0.0008424608236839697 + (1.020253771137929 * x_0)))))))))))
603_fri_c0_250_50,skip,50,,,,,,,0.001,
604_fri_c4_500_10,ok,10,NoRef,0.6848524927004236,0.5318461573813582,75,19.12713885307312,,0.001,((-0.1 + (0.36000000000000004 * (-0.022848327088621792 + (1.0073587733856983 * x_3)))) + ((0.02 + (0.01 * (-0.03245279511128268 + (1.0095284608921509 * x_1)))) * ((0.1 + (-60.0 * sin(((-0.7000000000000001 + (1.7 * (-0.03245279511128268 + (1.0095284608921509 * x_1)))) + (0.1 + (1.2 * (-0.050549634428622446 + (1.0078389511755876 * x_0)))))))) + ((0.3 + (-9.0 * (-0.03767780720009564 + (0.9909042877629544 * x_2)))) + (0.3 + (9.0 * cos(((0.07 + (0.9 * (-0.010470490532380217 + (0.9636735314323082 * x_5)))) + ((0.02 + (0.6 * (-0.013830974870376093 + (1.0327682986131717 * x_8)))) + ((0.02 + (0.060000000000000005 * (-0.0376470033191177 + (0.9863282966003358 * x_7)))) + ((0.02 + (-0.9 * (-0.009823851215936841 + (0.9955489275653595 * x_9)))) + ((0.02 + (0.6 * (-0.03251203820478602 + (0.9771543770200576 * x_4)))) + (0.030000000000000002 + (0.009 * (0.02075802544730086 + (0.9816377912546365 * x_6))))))))))))))))
605_fri_c2_250_25,skip,25,,,,,,,0.001,
606_fri_c2_1000_10,ok,10,NoRef,0.6713155456440527,0.5711304893691327,67,13.760617971420288,,0.001,(((0.3 * (-0.0275091714814239 + (0.9988153273470957 * x_3))) + (-0.6 + (1.4000000000000001 * cos(((0.02 + (0.4 * (-0.006445880621819959 + (0.9982658964011801 * x_2)))) + ((0.02 + (0.030000000000000002 * (0.0037464654537897103 + (1.012988434525157 * x_1)))) * ((40.0 + (30.0 * (0.015595446846595199 + (1.0046282529166428 * x_0)))) + (-0.001 + (0.002 * inv(((0.09000000000000001 + (0.030000000000000002 * (0.037916365349855555 + (1.0026808223650083 * x_5)))) + ((0.060000000000000005 + (0.030000000000000002 * (-0.012690920055838294 + (0.9983431343713091 * x_8)))) + ((0.060000000000000005 + (0.060000000000000005 * (-0.0010830797303034308 + (0.994623528530151 * x_9)))) + ((-0.02 + (0.060000000000000005 * (0.013762012772497802 + (0.9951732801125363 * x_7)))) + (0.060000000000000005 + (0.060000000000000005 * (-0.007153342007069419 + (0.9860449185539343 * x_6)))))))))))))))))) + (0.2 + (0.16 * (0.0252246007148082 + (1.0000293451870816 * x_4)))))
607_fri_c4_1000_50,skip,50,,,,,,,0.001,
608_fri_c3_1000_10,ok,10,NoRef,0.8343406784694387,0.38619519676646524,94,14.572561264038086,,0.001,((-0.00435 + (0.312 * (0.009416248145216315 + (0.9939440659322935 * x_3)))) + ((0.00232 + (0.00082 * (-0.037030762194222154 + (0.9980651797732937 * x_1)))) * ((12.6 + (0.00891 * (-0.038014874657902376 + (0.995631325319176 * x_0)))) * (-0.032 + (44.300000000000004 * sin((((0.227 * (-0.038014874657902376 + (0.995631325319176 * x_0))) * (-5.96 + (0.137 * (-0.011745172498116557 + (1.0005269079029677 * x_7))))) + ((74.5 + (-5.97 * (-0.011745172498116557 + (1.0005269079029677 * x_7)))) * (((-0.0029 * inv(((((((-6.16 + (9.999999999999999e-05 * (-0.00860951487468421 + (1.003076378727523 * x_5)))) + (-0.035500000000000004 + (-1.6400000000000001 * (0.0266839591768938 + (1.011117815457634 * x_6))))) - (9.120000000000001 + (-0.06810000000000001 * arctan((0.00212 + (-2.73 * (0.0266839591768938 + (1.011117815457634 * x_6)))))))) - (0.00815 + (0.197 * (0.0062216902779914035 + (1.0038563736198347 * x_8))))) - (-0.6880000000000001 + (57.2 * (-0.007896361688964043 + (0.9867918456797293 * x_4))))) + (0.00028 + (75.7 * (0.03318772373889045 + (1.0071590974129074 * x_9))))))) * (0.00647 + (0.030000000000000002 * (9.850256791180024e-05 + (0.9994665635306073 * x_2))))) + (0.0045 + (-0.021300000000000003 * (-0.037030762194222154 + (0.9980651797732937 * x_1)))))))))))))
609_fri_c0_1000_5,ok,5,NoRef,0.6840959513941116,0.5777759955663394,68,11.199745893478394,,0.001,((((-0.00357 + (0.525 * (0.02545764035481813 + (1.0018713256073921 * x_4)))) - (0.00312 + (0.467 * (0.02545764035481813 + (1.0018713256073921 * x_4))))) - (0.00556 + (0.435 * arctan(((-0.463 + (-0.0946 * (-0.020513198281139136 + (1.0063765365979762 * x_3)))) * (((0.9810000000000001 + (-0.001 * (0.02545764035481813 + (1.0018713256073921 * x_4)))) - (0.769 + (-5.6000000000000005 * (-0.015771485409499013 + (0.9973437162088609 * x_0))))) - (0.00515 + (0.06810000000000001 * ((0.055900000000000005 + (-6.13 * (0.0012925350246148406 + (0.9984346905011474 * x_1)))))**3)))))))) + (((0.743 + (0.7190000000000001 * (-0.020513198281139136 + (1.0063765365979762 * x_3)))) + (-0.151 + (0.00522 * (0.0012925350246148406 + (0.9984346905011474 * x_1))))) - (1.2 + (-0.00834 * abs((20.2 + (91.4 * (0.02682848393576792 + (0.9988482731565229 * x_2)))))))))
611_fri_c3_100_5,ok,5,NoRef,0.5243152315091121,0.6631333063568854,42,13.183927536010742,,0.001,((((-52.800000000000004 + (-0.007694919552952136 + (1.0408884431674685 * x_2))) - ((-0.099 + (53.5 * (0.029663122756589853 + (1.0696983666003432 * x_4)))) * (-0.00908 + (-0.4 * (0.015584268546261893 + (1.0091697615373485 * x_1)))))) * (0.0251 + (0.031000000000000003 * sin((((-0.00374 + (0.04537614058860511 + (1.0326351702933254 * x_0))) + (0.00767 + (1.6500000000000001 * (0.015584268546261893 + (1.0091697615373485 * x_1))))) * (0.929 + (0.28400000000000003 * (0.015584268546261893 + (1.0091697615373485 * x_1))))))))) - (-0.8280000000000001 + (-0.23 * (-0.018599824173813412 + (0.9568658063032687 * x_3)))))
612_fri_c1_1000_5,ok,5,NoRef,0.5642587975243131,0.6772259000375982,40,15.343952894210815,,0.001,((0.01 + (0.3 * (-0.007550662853764807 + (0.9990080055034967 * x_4)))) + ((0.01 + (0.4 * (-0.0099129025292929 + (1.0056673076801952 * x_3)))) + ((0.02 + (0.01 * (0.04414941363141431 + (0.9949537479694303 * x_1)))) * (0.01 + (-73.10000000000001 * sin(((-0.4 + (1.7 * (0.04414941363141431 + (0.9949537479694303 * x_1)))) + ((0.02 + (0.002 * (-0.01290481159238879 + (0.9997798316071159 * x_2)))) * (0.01 + (60.7 * (0.028361073163695686 + (1.0029582976000542 * x_0))))))))))))
613_fri_c3_250_5,ok,5,NoRef,0.3724571799646681,0.7654472781308568,80,7.8053553104400635,,0.001,(((((-0.397 * (-0.05175139571751824 + (0.9816906897843751 * x_0))) - (0.512 + (-0.033600000000000005 * (0.031268182803062344 + (1.0349005634692294 * x_3))))) + (-0.014 + (0.659 * cos((0.023000000000000003 + (-7.44 * (((80.10000000000001 + (-81.7 * (0.025125842183089057 + (1.0346361112433717 * x_4)))) * ((37.0 + (64.9 * (0.025125842183089057 + (1.0346361112433717 * x_4)))) - (3.3000000000000003 + (0.067 * inv((9.27 + (-9.8 * (-0.05175139571751824 + (0.9816906897843751 * x_0))))))))))**2)))))) - (-0.018500000000000003 + (0.47700000000000004 * ((0.524 + (0.41500000000000004 * (0.03802528343698435 + (1.0322330990819262 * x_2)))))**2))) + (((0.262 * (0.031268182803062344 + (1.0349005634692294 * x_3))) - (-0.0052 + (0.9880000000000001 * sin((-15.5 + (-2.59 * (-0.04591569486596349 + (1.0103725666904486 * x_1)))))))) + ((1.26 + (-12.1 * (-0.04591569486596349 + (1.0103725666904486 * x_1)))) * (0.0055899999999999995 + (-0.0641 * (0.025125842183089057 + (1.0346361112433717 * x_4)))))))
615_fri_c4_250_10,ok,10,NoRef,0.41846713629028776,0.8067655997699642,72,19.3360755443573,,0.001,((-0.5740000000000001 + (0.00039999999999999996 * (0.0018846001376492192 + (1.0141889608765993 * x_7)))) - ((0.06760000000000001 + (-0.4 * (-0.06901304466924271 + (0.996624963368569 * x_3)))) - ((-0.309 + (-0.044300000000000006 * (-0.004920383790809412 + (0.9834695552998227 * x_9)))) - ((0.75 + (0.0332 * (-0.02442660701689463 + (0.9870696003842095 * x_5)))) * ((-0.9450000000000001 + (0.0627 * cos((-0.00934 + (-0.007831908098131403 + (1.0357138669912045 * x_4)))))) * ((0.997 + (1.85 * sin(((0.878 + (0.0034 * (0.01676436701027655 + (1.0197945928384138 * x_6)))) + ((-0.00053 + (0.032600000000000004 * (0.0273811460321043 + (0.9910631942451028 * x_1)))) * ((0.07350000000000001 + (0.08510000000000001 * (0.03886957905877324 + (1.0217230038556153 * x_8)))) + (-59.2 + (-40.9 * (0.02084051935637448 + (1.0142844267617235 * x_0)))))))))) + (0.08570000000000001 + (-0.532 * sin((0.77 + (95.0 * (-0.004740925081355005 + (1.002936400338501 * x_2)))))))))))))
616_fri_c4_500_50,skip,50,,,,,,,0.001,
617_fri_c3_500_5,ok,5,BFGS,0.1927155440466518,0.8926062935854568,68,9.937413930892944,,0.001,((-2.22453492630487 + (-0.521561696703026 * (-0.010819450708285803 + (0.9912637284491312 * x_2)))) - (((0.44953492630486985 + (-0.7771570156219628 * cos(((-0.6854271489332103 + (0.003675305664336722 * (-0.013931525512858223 + (0.9936422075905179 * x_4)))) + (-0.00021714893321033156 + (-3.0595868398034844 * (-0.019156019806006844 + (1.002772642325463 * x_0)))))))) + (-0.2504650736951302 + (-0.31375073482095717 * (-0.013931525512858223 + (0.9936422075905179 * x_4))))) - ((0.6074650736951301 + (-0.6440131599323045 * (-0.004681777591221509 + (0.9998938308860388 * x_3)))) - ((-0.13746507369513017 + (0.82513946825342 * (-0.019156019806006844 + (1.002772642325463 * x_0)))) - ((0.27846507369513024 + (0.39378107085739555 * (-0.035621285825188004 + (1.0011902687099414 * x_1)))) + ((2.2254650736951302 + (0.8219868400676956 * (-0.004681777591221509 + (0.9998938308860388 * x_3)))) - (0.0011449263048698322 + (-0.05363014316996346 * inv((-0.06195539273765507 + (0.004298357465495981 * ((-0.7703393702146274 + (0.9804842076369183 * (-0.035621285825188004 + (1.0011902687099414 * x_1)))))**2)))))))))))
618_fri_c3_1000_50,skip,50,,,,,,,0.001,
620_fri_c1_1000_25,skip,25,,,,,,,0.001,
621_fri_c0_100_10,ok,10,NoRef,0.5241304424901545,0.6328743941366927,57,9.80365538597107,,0.001,((((((-0.2 + (0.048338139762825014 + (1.0198506354457109 * x_2))) - (0.0015999999999999999 + (44.6 * (-0.06727071528521915 + (0.99834634102141 * x_7))))) * (0.0134 + (0.895 * (0.13191308996748569 + (1.008935854862172 * x_8))))) + ((0.0105 + (81.5 * (-0.001896316636310188 + (0.9985119984737308 * x_0)))) - ((-3.33 + (-79.10000000000001 * (-0.009843263047722437 + (0.9635854950149011 * x_1)))) - ((-0.8570000000000001 + (-0.00783 * (0.017612061173265667 + (0.993948174270799 * x_6)))) - ((0.934 + (-95.60000000000001 * (0.06536656227346585 + (0.9847252211306581 * x_3)))) - (0.0069 + (-0.0407 * (0.0418894885218307 + (1.0037247672811866 * x_5))))))))) * (0.007719999999999999 + (-0.00031 * (0.016962889800984267 + (0.972426783739522 * x_9))))) + (-0.202 + (0.5640000000000001 * (-0.05827754169242096 + (0.968576372828663 * x_4)))))
622_fri_c2_1000_50,skip,50,,,,,,,0.001,
623_fri_c4_1000_10,ok,10,NoRef,0.7212520874751785,0.5306770903746545,102,17.934082746505737,,0.001,((0.0325 + (-1.4000000000000001 * sin((((0.0048 + (-0.006869999999999999 * (0.011887893201643289 + (1.0086532708387865 * x_5)))) * (-0.8230000000000001 + (0.013500000000000002 * (-0.002838271784008534 + (0.9998793454702908 * x_9))))) - ((((((4.11 * cos(((0.9710000000000001 + (-0.0014399999999999999 * (0.015313099948762496 + (1.026598602598494 * x_2)))) + ((0.882 + (0.682 * (0.015313099948762496 + (1.026598602598494 * x_2)))) - (0.031000000000000003 + (-0.603 * (0.019883269201272067 + (1.0341914933586906 * x_4)))))))) - (-0.0046099999999999995 + (0.20500000000000002 * (0.0024445073601457785 + (0.9937439048915868 * x_7))))) + ((-7.18 + (-0.00179 * (0.0024445073601457785 + (0.9937439048915868 * x_7)))) + ((0.014600000000000002 + (7.140000000000001 * (-0.018850326435166848 + (1.014306403397221 * x_1)))) * (-6.3 + (-0.07500000000000001 * (-0.004974917793724438 + (1.0081423757486816 * x_0))))))) - (-0.00548 + (52.0 * (-0.004974917793724438 + (1.0081423757486816 * x_0))))) + (45.5 + (-0.278 * (-0.008076131752791182 + (0.9949326698782162 * x_8))))) * (0.028800000000000003 + (0.0096 * (-0.018850326435166848 + (1.014306403397221 * x_1))))))))) - ((0.2 + (-0.08360000000000001 * exp(((-90.4 + (4.33 * (-0.004974917793724438 + (1.0081423757486816 * x_0)))) + (-0.7130000000000001 + (-11.9 * (0.01199578620874977 + (0.9959138956934073 * x_6)))))))) * (2.13 + (-2.62 * (0.02665567913072425 + (1.0062320933252393 * x_3))))))
624_fri_c0_100_5,ok,5,NoRef,-0.3006335877025492,1.0692516710691444,42,8.247722625732422,,0.001,(((0.464 * (0.026415944924684017 + (1.0337130785348498 * x_1))) - (((-0.0291 + sin(((-8.85 + (0.7040000000000001 * (-0.0027416392382741015 + (1.0185229383309313 * x_2)))) - (6.5 + (-1.31 * (0.08609077295340371 + (0.9899087827016909 * x_0))))))) * (0.013900000000000001 + (-0.004719999999999999 * (0.0477177767408467 + (1.0173968744905992 * x_3))))) * ((-0.014 + (0.0016699999999999998 * (0.026415944924684017 + (1.0337130785348498 * x_1)))) + (70.7 + (-1.22 * (-0.05377504205902622 + (1.0348540819808323 * x_4))))))) + (-0.00902 + (0.641 * (0.0477177767408467 + (1.0173968744905992 * x_3)))))
626_fri_c2_500_50,skip,50,,,,,,,0.001,
627_fri_c2_500_10,ok,10,NoRef,0.7170455946614244,0.5352212132173554,73,13.57962965965271,,0.001,((0.02 + (0.008 * (0.03783047061169431 + (0.984868799068989 * x_1)))) * (((16.0 * (-0.02214686087686114 + (0.9927216126457311 * x_3))) + ((-0.01 + (70.0 * sin(((0.7000000000000001 + (-1.6 * (0.03783047061169431 + (0.984868799068989 * x_1)))) + (0.01 + (-1.3 * (0.02057766815454052 + (0.9884808762880251 * x_0)))))))) + (-0.1 + (9.0 * (0.02529182167728417 + (0.9857221072692208 * x_4)))))) + ((-6.0 + (-13.0 * (0.004239975824385418 + (0.9811108441784172 * x_2)))) + (0.1 + (-0.001 * inv(((0.030000000000000002 + (0.030000000000000002 * (-0.03110995760099501 + (0.993015608156509 * x_8)))) + ((0.030000000000000002 + (0.030000000000000002 * (0.030990580326735594 + (1.0100895021119929 * x_5)))) + ((0.030000000000000002 + (0.060000000000000005 * (0.0442256063316944 + (0.9804835323660217 * x_7)))) + ((0.060000000000000005 + (0.060000000000000005 * (-0.01184796204652521 + (0.9973838179785073 * x_9)))) + (0.060000000000000005 + (-0.060000000000000005 * (0.05544799730846634 + (1.0058075266837374 * x_6))))))))))))))
628_fri_c3_1000_5,ok,5,BFGS,0.3278481553572915,0.7987738261176482,49,17.265891551971436,,0.001,(((((5.6898328107011675 * sin(((0.08280430344471912 + (-1.1993971856319805 * (-0.004376121238925437 + (1.004182159679096 * x_1)))) - ((0.0014084290946461489 + (-0.006188545662195807 * (-0.010282230545387482 + (0.9971902771250829 * x_0)))) * (89.69999997308615 + (41.09999879954293 * (-0.018512678086582805 + (0.9792496109971017 * x_4)))))))) + (-0.05297415466087511 + (2.399970416941425 * (-0.015114831231098764 + (0.9757726387040605 * x_2))))) + (0.42902584533912497 + (-3.660029583058575 * (-0.015114831231098764 + (0.9757726387040605 * x_2))))) * (0.378617079000403 + (-0.010411944038588795 * abs((-0.006933834742511575 + (26.00000010847122 * (-0.004376121238925437 + (1.004182159679096 * x_1)))))))) + (-0.0014022717040529289 + (0.6278820061823682 * (-0.008331133790759272 + (1.0032992619505186 * x_3)))))
631_fri_c1_500_5,ok,5,NoRef,0.4408818626917256,0.730502241505962,34,16.17932105064392,,0.001,((0.001 + (0.4 * (-0.042937717179456034 + (0.9983426300511196 * x_3)))) + (-0.2 + (1.6 * sin(((0.02 + (0.01 * (-0.0039939418357916945 + (1.0084124975439617 * x_0)))) * ((40.0 + (-90.0 * (-0.03206677512928165 + (1.0129911571116028 * x_1)))) - ((0.6 + (-9.0 * (-0.005713687936860914 + (1.0182021235040317 * x_4)))) + (6.0 + (9.0 * (0.046884630964772786 + (0.994030441990353 * x_2)))))))))))
633_fri_c0_500_25,skip,25,,,,,,,0.001,
634_fri_c2_100_10,ok,10,BFGS,-0.002858261094652592,0.8847429801536953,102,13.82464051246643,,0.001,((-2.0866303664159014e-05 + (0.00047204313640725843 * (0.015738714047980426 + (0.9821675782499821 * x_0)))) * ((((6.904719121449254 * inv(((35.50313984553864 + (30.130233154211332 * (-0.022821587410394806 + (0.9780503006776734 * x_3)))) - (0.9311601544617482 + (0.696831092472236 * (-0.13483358610552693 + (1.0170777103159825 * x_8))))))) + ((-0.22644881034915051 + (5.625120346017565 * cos(((0.03220969974979847 + (46.39354161752937 * (-0.014298651727035755 + (1.00612092999361 * x_4)))) - (((-1.2169146137417972 * arctan((-20.61508807447422 + (-38.19002815667388 * (0.0015757073595106422 + (1.0294988474779494 * x_5)))))) - (((-0.0507993308130906 * (0.0015757073595106422 + (1.0294988474779494 * x_5))) * (0.031958017057503806 + (0.06404673133401885 * (-0.046136040507862186 + (0.9982157756036302 * x_6))))) + (1.1746096997506643 + (0.06200345724386348 * (0.08802312230468394 + (1.0301009280273568 * x_7)))))) + (((0.025290300250244015 + (0.18119534465587916 * (0.0011302767579470716 + (0.9655861384285174 * x_2)))) + (-0.043349699749928035 + (0.16137011831693376 * (0.05538423510963775 + (1.0426344054040162 * x_9))))) - (-0.5303903002500309 + (-69.06414877155612 * sqrt((92.97618366885756 + (-60.39809643465243 * inv((2.9816602258592244 + (-0.45968507887737575 * (0.0015757073595106422 + (1.0294988474779494 * x_5)))))))))))))))) * (-3.9660329468887228 + (0.4736029283669549 * (0.015738714047980426 + (0.9821675782499821 * x_0)))))) + (0.0398342338316292 + (-16.16451799901491 * (-0.020062360233855284 + (0.9870878067315619 * x_1))))) - (-0.04661423383168701 + (0.18428068898161665 * (0.0011302767579470716 + (0.9655861384285174 * x_2))))))
635_fri_c0_250_10,ok,10,NoRef,0.5949819462707855,0.6923124049946718,79,15.497119188308716,,0.001,((0.01 + (0.6 * (0.000503454045596793 + (1.0075331403923988 * x_3)))) + ((0.01 + (0.8 * cos(((0.7000000000000001 + (-1.2 * (0.006458287809097258 + (1.0071002968569993 * x_1)))) + (0.01 + (-1.4000000000000001 * (0.045051625792485145 + (0.9970908251043785 * x_0)))))))) + (0.01 + (0.5 * sin(((0.01 + (1.0 * (-0.017008204424994344 + (1.0238011449840445 * x_4)))) + ((-0.3 + (0.01 * (-0.005633965029450988 + (0.9982732837290494 * x_8)))) + (-0.3 + (0.001 * (((0.01 + (26.0 * (0.05305292880630936 + (0.9890520169160456 * x_2)))) + (0.2 + (0.001 * inv(((0.09000000000000001 + (0.060000000000000005 * (0.026813324838421335 + (0.984911187101232 * x_7)))) + ((0.060000000000000005 + (-0.060000000000000005 * (-0.057224350624999754 + (1.0138270465132404 * x_5)))) + ((0.060000000000000005 + (0.060000000000000005 * (-0.08418155085129458 + (0.9854745612424454 * x_9)))) + (0.060000000000000005 + (-0.060000000000000005 * (0.05527469846367338 + (1.002201784919085 * x_6))))))))))))**2)))))))))
637_fri_c1_500_50,skip,50,,,,,,,0.001,
641_fri_c1_500_10,ok,10,NoRef,0.7275460238085087,0.5286264831847148,70,8.845422267913818,,0.001,((0.01 + (0.3 * (0.0218401702271338 + (1.018242464264746 * x_3)))) + ((0.02 + (0.01 * (0.007826966485183674 + (0.9829622259298316 * x_1)))) * (-0.3 + (70.10000000000001 * sin(((0.3 + (-1.6 * (0.019896274875136167 + (0.9745598642997607 * x_0)))) + ((0.02 + (0.001 * (-0.0028731163287085944 + (0.9904419577876276 * x_8)))) * ((0.01 + (-60.0 * (0.007826966485183674 + (0.9829622259298316 * x_1)))) + ((0.01 + (0.001 * (-0.007583313060476561 + (0.9973808146225875 * x_5)))) + ((0.01 + (0.01 * (-0.005557031062078642 + (1.0079251900616422 * x_7)))) + ((0.01 + (10.0 * (0.015642611930150884 + (1.0103661739791232 * x_4)))) + ((0.01 + (0.001 * (-0.02668410743747469 + (1.0413559083722945 * x_6)))) + ((0.1 + (0.001 * (0.020323314468205945 + (1.0031509434323806 * x_2)))) + (0.1 + (0.1 * (-0.048578741260496196 + (0.9979350289913953 * x_9)))))))))))))))))
643_fri_c2_500_25,skip,25,,,,,,,0.001,
644_fri_c4_250_25,skip,25,,,,,,,0.001,
645_fri_c3_500_50,skip,50,,,,,,,0.001,
646_fri_c3_500_10,ok,10,NoRef,0.8602903557474444,0.42122635020913207,75,19.11423420906067,,0.001,((0.01 + (0.3 * (0.03291328870436813 + (1.0254769258175003 * x_3)))) + ((0.02 + (0.01 * (0.0235994997262849 + (0.9867340922937519 * x_1)))) * ((0.1 + (60.0 * sin(((0.7000000000000001 + (-1.7 * (0.0235994997262849 + (0.9867340922937519 * x_1)))) + (-0.3 + (-1.5 * (0.00420641405966326 + (0.9838464730442519 * x_0)))))))) + (-0.01 + (-0.01 * inv(((0.060000000000000005 + (0.030000000000000002 * (-0.007327175116697621 + (0.9853706346464876 * x_8)))) + ((0.030000000000000002 + (0.02 * (0.004730352359302697 + (0.9935824649015499 * x_5)))) + ((0.030000000000000002 + (0.02 * (0.03242585857870305 + (1.0013662205043137 * x_7)))) + ((0.02 + (0.02 * (0.04490320249013104 + (1.0121575520843222 * x_2)))) + ((0.02 + (0.02 * (-0.005039675962509788 + (0.9970237887537743 * x_9)))) + ((0.060000000000000005 + (0.060000000000000005 * (0.03828415425471091 + (1.008051502763653 * x_4)))) + (0.01 + (-0.060000000000000005 * (0.011104492757759751 + (0.9857143239576172 * x_6))))))))))))))))
647_fri_c1_250_10,ok,10,NoRef,0.45470518268985904,0.7478248162147936,76,10.89750051498413,,0.001,((5.68 + (2.1 * (0.0024098369158797994 + (1.0312239018547233 * x_1)))) * (((-0.256 * sin((((0.021900000000000003 * (-0.013849575199182597 + (1.031980850678823 * x_0))) * (((((0.008969999999999999 + (-0.02179914737024201 + (0.9874574938618017 * x_2))) * (-0.651 + (-0.934 * (0.017678081601831517 + (1.0284691584190526 * x_5))))) * (0.0766 + (-0.0585 * (0.0024098369158797994 + (1.0312239018547233 * x_1))))) - ((-0.49000000000000005 + (-0.0038199999999999996 * (-0.013849575199182597 + (1.031980850678823 * x_0)))) - ((86.10000000000001 + (-5.75 * (-0.011900398819567283 + (0.9957813451792754 * x_8)))) + (0.901 + (-0.682 * (0.051940320392527085 + (1.0023329458323915 * x_6))))))) - (-8.01 + (0.07990000000000001 * (-0.01693540425922177 + (1.0097639424795237 * x_7)))))) + ((-0.0727 + (1.07 * (0.0024098369158797994 + (1.0312239018547233 * x_1)))) - (0.43 + (0.00147 * (0.009856838698683387 + (1.0219090423814292 * x_9)))))))) - (-0.00682 + (-0.059000000000000004 * (0.00926853629182155 + (1.029558347994599 * x_3))))) + (0.0049 + (0.021 * (-0.020345585247676906 + (1.0317250496662531 * x_4))))))
648_fri_c1_250_50,skip,50,,,,,,,0.001,
649_fri_c0_500_5,ok,5,BFGS,0.30283896233306473,0.8261976777154962,78,7.921703815460205,,0.001,(((0.1556572792697456 * (-0.025829085600351787 + (0.9895386278979034 * x_4))) - (((-0.6180366743481517 * sin(((0.6444198602902111 + (-0.4574308976850241 * (-0.025829085600351787 + (0.9895386278979034 * x_4)))) - ((((0.02065217503887617 + (0.05015569787835444 + (0.9869308794430666 * x_0))) - (-32.99455217503887 + (-0.3868477821845144 * (0.02299833218190762 + (1.0104957724946804 * x_2))))) * (-3.277230351821293 + (0.01968749751741857 * sqrt((0.04897468493838726 + (0.005899679159264946 * (-0.025829085600351787 + (0.9895386278979034 * x_4)))))))) + (8.13158013970979 + (-0.5593547153825182 * (0.02299833218190762 + (1.0104957724946804 * x_2)))))))) - (0.05294073740238575 + (0.31761618917728895 * (0.0072901157284913 + (0.996924162832105 * x_1))))) + (0.023059262597614254 + (-0.5075121295014476 * (0.0018581852272154726 + (0.9934119916616311 * x_3)))))) + (0.04994073740238575 + (-3.377492931679852 * inv(((-0.09048734542091554 + (4.619851874455778 * cos((-44.79986327074889 + (1.0389255844599634 * ((85.08659999520266 + (0.10830042443687672 * (-0.025829085600351787 + (0.9895386278979034 * x_4)))))**2))))) - (-18.100512654579088 + (-0.03811923023769358 * (0.0018581852272154726 + (0.9934119916616311 * x_3)))))))))
650_fri_c0_500_50,skip,50,,,,,,,0.001,
651_fri_c0_100_25,skip,25,,,,,,,0.001,
653_fri_c0_250_25,skip,25,,,,,,,0.001,
654_fri_c0_500_10,ok,10,BFGS,0.7666404698608333,0.5143440297613807,87,18.045464515686035,,0.001,(((((-0.009839467496595535 * (-0.01857497398298538 + (1.0010733122977842 * x_7))) * ((-0.9799999933554426 + (0.09150001389981273 * (0.0032869731384947538 + (1.006978889636899 * x_4)))) * (0.8629999949532909 + (-0.0020695726939355214 * ((-0.003020000602026543 + (7.419999999761339 * (-0.007674634411478118 + (0.9884796052956638 * x_6)))))**2)))) + ((0.00989612398360101 + (0.3779929883420322 * (0.0032869731384947538 + (1.006978889636899 * x_4)))) - ((0.02380387601639899 + (6.379999027325297 * sin((0.09832439165750201 + (-0.0037751694144712604 * abs((0.5600000228633192 + (31.199999725094752 * (-0.0034804442256793485 + (0.9952038941624249 * x_2)))))))))) - (0.09339612398360102 + (0.5779872967053853 * (0.010953160930060992 + (0.9873931070092284 * x_3))))))) - (((-0.05449899679631186 + cos(((0.014978668936314518 + (0.0094455211711624 * (-0.004591155046089351 + (0.9881623143555801 * x_5)))) * ((-2.649999991714314 + (53.4000000020604 * (-0.004591155046089351 + (0.9881623143555801 * x_5)))) + (-1.0799999917143142 + (88.40000000032595 * (0.024910778448662917 + (1.0055109392321329 * x_9)))))))) - (-0.053501003203688155 + (2.0499971399108095 * (0.051629217268438055 + (0.9900092947870005 * x_0))))) * (0.25797751517346046 + (0.0041771102703559255 * (0.008879295678918877 + (0.9961950824963652 * x_8)))))) - (0.144003876016399 + (-0.4729892559426958 * (-0.013561235525464553 + (1.0086379940980401 * x_1)))))
656_fri_c1_100_5,ok,5,NoRef,0.678742481514045,0.6345121064863245,51,5.610071182250977,,0.001,(((0.196 * (-0.020181692064190633 + (1.0062386048353007 * x_4))) - ((0.28 + (-0.009009999999999999 * (0.08299416227210835 + (1.0136373453285177 * x_1)))) - (((0.28900000000000003 * (-0.00838932676916017 + (1.0287898502013348 * x_3))) + (-0.0645 + (0.0042899999999999995 * (-0.00838932676916017 + (1.0287898502013348 * x_3))))) + (-0.0023699999999999997 + (0.0932 * (-0.00838932676916017 + (1.0287898502013348 * x_3))))))) + (-0.0042 + (-1.46 * sin(((4.5 + (0.42400000000000004 * sin((77.60000000000001 * (0.01408358703485725 + (1.0601479689944844 * x_2)))))) + ((-0.00787 + (-0.035 * (0.06600070131993077 + (1.071902415041507 * x_0)))) * (23.1 + (27.900000000000002 * (0.08299416227210835 + (1.0136373453285177 * x_1))))))))))
657_fri_c2_250_10,ok,10,NoRef,0.05430760087189357,0.8424714583823256,70,16.29625129699707,,0.001,(((0.0461 + (-0.22 * cos((-0.0038599999999999997 + (-0.008166477752058105 + (1.0221141213026677 * x_1)))))) * (4.15 + (-4.65 * arctan(((((-0.0526 + (-0.26 * (-0.018771572258106054 + (1.0023424695141 * x_0)))) * (83.10000000000001 + (0.0916 * (0.044613028682963 + (1.0349622569817305 * x_4))))) - (2.5 + (0.019000000000000003 * (0.038373688758975996 + (1.0315161162983169 * x_7))))) - (-6.99 + (-0.317 * (0.0005911679441084991 + (0.986584160839145 * x_5))))))))) - ((-0.0009699999999999999 + (0.49400000000000005 * (0.004963541047008135 + (0.9718174543157911 * x_2)))) + ((0.0454 + (2.94 * inv((((-0.635 * (0.020268922039895613 + (1.0330735986332134 * x_6))) - (-0.24400000000000002 + (0.00196 * (0.014480916335308092 + (1.0204173795461642 * x_9))))) + (-22.2 + (-0.0068 * (-0.008973033226763504 + (1.005752836938309 * x_8)))))))) - (0.465 + (0.48800000000000004 * (0.0008151052004195677 + (0.9877892476990678 * x_3)))))))
658_fri_c3_250_25,skip,25,,,,,,,0.001,
659_sleuth_ex1714,ok,7,NoRef,-0.976454887473535,2442.586402222931,94,14.249300718307495,,0.001,(-0.0892 + (-0.05840000000000001 * ((((-75.3 + (3.9 * (-1.0750369602297871 + (0.03178433349252993 * x_4)))) - (0.0741 + (2.24 * (-1.5257143527990529 + (0.2294800279967313 * x_5))))) - (((-0.6900000000000001 * sin((-0.665 + (-1.5257143527990529 + (0.2294800279967313 * x_5))))) * (((-0.00275 * (-2.6669029972402725 + (0.0446375615975613 * x_3))) * ((21.0 + (-0.0297 * sqrt(((-0.42400000000000004 + (-0.060000000000000005 * sqrt(((-0.004229999999999999 + (-0.068 * (-2.6669029972402725 + (0.0446375615975613 * x_3)))) - ((0.058600000000000006 + (-0.0791 * (-0.8932896617930492 + (1.6455335920304204 * x_6)))) + (-13.5 + (-4.6000000000000005 * sqrt((0.63 + (0.00047 * (-1.5257143527990529 + (0.2294800279967313 * x_5)))))))))))) * (-2.9 + (0.00213 * (-0.8932896617930492 + (1.6455335920304204 * x_6)))))))) + (-3.2 + (-0.48000000000000004 * (-2.007866717453049 + (0.06513006034370408 * x_2)))))) + (0.0743 + (-5.0200000000000005 * sin((-4.39 + (0.24200000000000002 * abs((-94.10000000000001 + (9.0 * (-2.265740757609649 + (0.07005382201089905 * x_0)))))))))))) + (-19.5 + (-0.41200000000000003 * (-1.2387522571517329 + (0.10036187257512587 * x_1)))))))**3))
663_rabe_266,ok,2,NoRef,0.9961973542367704,2.7799080606857802,40,10.862591743469238,,0.001,((-60.0 + (52.6 * (0.23213123244534775 + (0.028232176919028785 * x_0)))) + ((0.3 + (-0.1 * (-1.8941837957844347 + (0.06698488865249475 * x_1)))) * ((9.0 + (-40.0 * (-1.8941837957844347 + (0.06698488865249475 * x_1)))) + ((0.2 + (-0.3 * (0.23213123244534775 + (0.028232176919028785 * x_0)))) * ((0.1 + (-70.0 * (-1.8941837957844347 + (0.06698488865249475 * x_1)))) + (0.01 + (40.0 * cos((5.0 + (3.0 * (0.23213123244534775 + (0.028232176919028785 * x_0))))))))))))
665_sleuth_case2002,ok,6,NoRef,0.11603602074852437,10.690481982559346,53,11.233184337615967,,0.001,(((-0.4 + (-1.966690083380685 + (0.07225648268933713 * x_5))) - (-6.0 + (-0.0892 * (-0.6405126152203485 + (2.201762114819948 * x_3))))) * (-0.00839 + (-7.5200000000000005 * arctan((-0.0379 + (-0.8300000000000001 * abs(((-0.111 + (0.0020499999999999997 * (-7.499403812488581 + (0.13230704400541202 * x_4)))) + ((0.00023999999999999998 + (-0.0010199999999999999 * (-0.8011186209146053 + (2.0493732162931764 * x_1)))) - (-0.061700000000000005 + (-0.866 * cos(((0.00831 + (0.00861 * (-0.9297347899594901 + (2.005310331285175 * x_2)))) + (-4.2700000000000005 + (-96.4 * ((-1.31 + (0.9 * (-0.5703518254720301 + (2.323655585256419 * x_0)))))**2)))))))))))))))
666_rmftsa_ladata,ok,10,BFGS,-0.001566495912265431,2.545327602547604,95,19.36580777168274,,0.001,((1.974001356289339 + (-5.101735253120948e-06 * (-5.1667783402781176 + (0.08859239679134086 * x_3)))) - (-6.3874013562893746 + (-7.057822326111881 * (((((0.09740773847056129 + (1.1517184949141308 * ((-4.010903646694177 + (-0.10113162006466334 * (-2.7047222528815356 + (0.957784200727936 * x_5)))))**2)) - (-0.030177738470562328 + (66.24645480737806 * ((-1.531038009730785 + (-0.007422591362914442 * sin(((-60.370038151562404 + (0.1727517866289597 * (-3.0609331884660427 + (0.06470520453189736 * x_9)))) + ((0.4450619519928866 + (-25.844499040872755 * (-2.7470892936648195 + (0.24562522593401634 * x_6)))) * (((5.532618827336343 + (-0.07433742200204985 * (-2.0749977972706373 + (0.2660414727009863 * x_4)))) + ((-0.05032865766049242 + (0.07973135078269687 * (-3.7220158904894394 + (0.07444129473712054 * x_7)))) * (8.965232829822021 + (3.8030789039652335 * (-8.639123151347368 + (0.1160768295904296 * x_2)))))) - (-7.682618827336351 + (-0.0076533569722200935 * (-3.7220158904894394 + (0.07444129473712054 * x_7)))))))))))**2))) - (2.371792261529438 + (-4.136089948393078 * inv(((-2.2380215107885117 + (-0.0015477290912789517 * (-1.9070514863890549 + (0.2285833974119307 * x_8)))) - (4.328021510788529 + (9.565038481796131 * (-8.656669375171052 + (0.097737731845179 * x_1))))))))) * (-0.00020260503687908715 + (0.00013827730738203426 * ((-1.1887605468605287 + (-0.03204080424431487 * (-11.595964183347181 + (0.06868853484182603 * x_0)))))**2))))**2)))
678_visualizing_environmental,ok,3,BFGS,0.10178105904727386,3.7400605753653005,80,9.845551013946533,,0.001,((0.4574484137738603 + (-0.018476280199792375 * cos(((3.182441128480244 + (-0.5406014750871497 * sqrt((8.46115732800575 + (10.00156091793244 * sqrt((0.01726673354024241 + (3.251749162672003 * sqrt((0.08655890210664635 + (-0.006116193114273439 * inv((8.699902587728591 + (0.009262625695597259 * (-8.583359542036419 + (0.11053822218603923 * x_2)))))))))))))))) * ((0.05831158804086274 + (-34.624424380819534 * (-8.583359542036419 + (0.11053822218603923 * x_2)))) - (0.040188411959137284 + (0.28241097666686776 * (-1.9226622139094462 + (0.010475315987559672 * x_1))))))))) * (((-0.7555139148866478 * inv((-0.03563065242986807 + (-0.19340208822468083 * inv(((72.1996950531065 + (9.661192003805526 * (-1.2118036560247196 + (0.030068670687608885 * x_0)))) + (-0.8163049468935063 + (-0.03152876280321214 * (-1.9226622139094462 + (0.010475315987559672 * x_1)))))))))) + (0.9700973268625436 + (-0.01368964715382437 * (-8.583359542036419 + (0.11053822218603923 * x_2))))) + ((0.1930973268625436 + (15.543075023653438 * (-1.2118036560247196 + (0.030068670687608885 * x_0)))) - (0.06350267313745636 + (18.656924976346563 * (-1.2118036560247196 + (0.030068670687608885 * x_0)))))))
687_sleuth_ex1605,ok,5,NoRef,0.2934217008146257,14.727813740130784,68,7.261839151382446,,0.001,((32.9 + (-0.14 * (-8.835765526970595 + (0.0790288186351638 * x_3)))) + ((((-46.9 + (-33.4 * (-9.072731171399425 + (0.07949440645416639 * x_4)))) * (-0.305 + (-0.135 * cos(((0.07930000000000001 + (18.5 * (-9.263042114999775 + (0.08054819230434587 * x_2)))) * ((0.0675 + (0.5800000000000001 * (-9.263042114999775 + (0.08054819230434587 * x_2)))) - (8.2 + (-66.2 * (-5.189141954524958 + (0.060476445378299486 * x_1)))))))))) - ((-0.601 + (0.00013 * (-4.049896687626732 + (0.32856304696795363 * x_0)))) * ((8.22 + (22.5 * sin((87.7 + (-57.800000000000004 * inv((-0.193 + (57.5 * (-9.263042114999775 + (0.08054819230434587 * x_2)))))))))) - (-92.2 + (0.049400000000000006 * (-8.835765526970595 + (0.0790288186351638 * x_3))))))) - (0.006189999999999999 + (-0.0371 * (-8.835765526970595 + (0.0790288186351638 * x_3))))))
690_visualizing_galaxy,ok,4,BFGS,0.8468887915154913,35.19209424739302,42,14.564993858337402,,0.001,((((-27.30000242594984 + (-0.0318602065231178 + (0.043303946113430164 * x_1))) * (6.639998074935181 + (0.006245220397026257 * (-0.024844570978524928 + (0.08297300048543822 * x_0))))) * (0.12795337113601335 + (0.001101481204624018 * cos((((0.07883713469884648 * (-0.024844570978524928 + (0.08297300048543822 * x_0))) * ((0.0008137379749673288 + (2.4000110300011634 * (-2.0870014034303055 + (0.026078761760263025 * x_2)))) * (0.15800035634969267 + (92.40000028600353 * (-2.0870014034303055 + (0.026078761760263025 * x_2)))))) + (-0.02200134433728141 + (-0.349001059606501 * (-2.0870014034303055 + (0.026078761760263025 * x_2))))))))) * (-68.70000052896364 + (-1.7499712181880502 * (-0.010814612326497604 + (0.038374432100343386 * x_3)))))
695_chatfield_4,skip,12,,,,,,,0.001,
706_sleuth_case1202,ok,6,NoRef,0.41816974501357107,75.43315208714752,54,13.610087394714355,,0.001,(((1.67 + (-3.604001953163224 + (0.0074972454631813575 * x_4))) + (0.0047 + (-0.366 * (-1.3266499161421599 + (2.080428277586569 * x_2))))) * ((-1.04 + (1.87 * (((9.81 + (-0.248 * (-5.549295017812063 + (0.0005258044966915793 * x_1)))) * (-0.5640000000000001 + (0.17800000000000002 * sin((-6.82 + (-7.76 * (-2.114831822692076 + (0.9994753134640633 * x_5)))))))))**2)) - ((-0.009219999999999999 + (-0.19 * (-8.029887324898368 + (0.001462175666793306 * x_0)))) * ((-0.06380000000000001 + (0.00398 * arctan((54.4 + (1.23 * (-2.114831822692076 + (0.9994753134640633 * x_5))))))) - (9.63 + (-41.2 * (-8.164957072807557 + (0.09897787034851044 * x_3))))))))
712_chscase_geyser1,ok,2,NoRef,0.6266847956726309,8.629963164548967,52,7.870266675949097,,0.001,(((-0.00481 + ((-0.13 + (-0.768 * cos((0.11 + (-70.9 * (-1.5371717065599722 + (0.1266983631027584 * x_0))))))))**2) + (-3.0 + (-0.377 * (-3.3729050952987207 + (0.9362913804092706 * x_1))))) * ((-0.09340000000000001 + (-0.644 * sqrt(((6.5600000000000005 + (7.8 * tan((0.00324 + (-0.00547 * (-3.3729050952987207 + (0.9362913804092706 * x_1))))))) - (-0.89 + (0.35500000000000004 * (-1.5371717065599722 + (0.1266983631027584 * x_0)))))))) * (13.8 + (0.00831 * tan((2.86 + (-7.53 * (-3.3729050952987207 + (0.9362913804092706 * x_1)))))))))
_deprecated_195_auto_price,skip,15,,,,,,,0.001,
_deprecated_207_autoPrice,skip,15,,,,,,,0.001,
auto_insurance_losses,skip,24,,,,,,,0.001,
auto_insurance_price,skip,23,,,,,,,0.001,
feynman_III_10_19,ok,4,NoRef,0.9933588403578449,0.5891264364021047,59,65.08121728897095,,0.001,((0.116 + (0.04700000000000001 * (-2.595675079647924 + (0.8647593963458762 * x_0)))) * (((9.77 * exp((-0.5820000000000001 * (-2.6031890825882913 + (0.8669198439354064 * x_2))))) + (0.00945 + (-0.535 * (-2.589385032771437 + (0.8645015143712196 * x_1))))) + ((0.06680000000000001 + (-0.859 * (-2.595675079647924 + (0.8647593963458762 * x_0)))) - (((((2.5300000000000002 + (-23.900000000000002 * (-2.6031890825882913 + (0.8669198439354064 * x_2)))) + (-59.9 + (-0.017400000000000002 * (-2.589385032771437 + (0.8645015143712196 * x_1))))) - (66.8 + (17.400000000000002 * (-2.5988055551471723 + (0.8674342969803297 * x_3))))) + (2.77 + (0.377 * (-2.6031890825882913 + (0.8669198439354064 * x_2))))) + (28.7 + (-0.892 * ((6.11 + (1.59 * (-2.589385032771437 + (0.8645015143712196 * x_1)))))**2))))))
feynman_III_12_43,ok,2,NoRef,0.9999982005121154,0.0010800225945420464,11,21.585572242736816,,0.001,((-0.182 + (-0.0699 * (-2.603159879275623 + (0.8683768222038629 * x_1)))) * (-7.87 + (-3.04 * (-2.5901196900779673 + (0.8632681606651428 * x_0)))))
feynman_III_13_18,ok,4,NoRef,0.9995492434563192,11.712792208293731,45,58.099326848983765,,0.001,((-0.252 + (-0.097 * (-2.597470846548522 + (0.8665495151180956 * x_2)))) * ((((0.00669 + inv((2.6 + (-2.5984300060086274 + (0.8647584059169913 * x_3))))) * (7.5 + (0.00711 * (-2.590089743866982 + (0.8634447109751857 * x_1))))) * ((6.87 + (2.7 * (-2.594611178671891 + (0.863997207988362 * x_0)))) * (-7.91 + (-0.059300000000000005 * (-2.590089743866982 + (0.8634447109751857 * x_1)))))) * ((0.0752 + (-8.950000000000001 * ((2.63 + (-2.590089743866982 + (0.8634447109751857 * x_1))))**2)) * (-0.14 + (0.0019299999999999999 * (-2.590089743866982 + (0.8634447109751857 * x_1)))))))
feynman_III_14_14,ok,5,NoRef,0.966514677733431,1.2533982975512339,39,61.09139132499695,,0.001,((0.02 + (0.0075 * (-2.608171291533975 + (0.8680219491089829 * x_0)))) * (-0.09000000000000001 + (0.9 * exp(((0.060000000000000005 + (0.0034 * (-5.19211016655459 + (3.4588894294081984 * x_1)))) * ((90.0 + (5.0 * (-5.195550762214879 + (3.463205526441301 * x_2)))) + (-3.0 + (0.002 * (((60.0 + (-19.900000000000002 * (-5.204087613296749 + (3.466934123187892 * x_4)))) + (0.01 + (-19.900000000000002 * (-5.20457176252679 + (3.4673025878558907 * x_3))))))**2))))))))
feynman_III_15_12,ok,3,NoRef,0.10580685630164033,4.841640906725624,45,50.1018226146698,,0.001,(-0.00087 + (0.365 * ((((0.009 + cos((-0.93 + (9.0 * abs((-0.00618 + (5.07 * sin((0.00929 + (-27.900000000000002 * inv((-1.23 + (-66.1 * (-2.6020424844049055 + (0.8643687609683721 * x_2))))))))))))))) + (6.16 + (0.00975 * inv((8.83 + (20.2 * (-2.605014023454783 + (0.866318952004638 * x_1)))))))) * (0.607 + (0.10300000000000001 * (-2.593304460990531 + (0.8635386115747442 * x_0))))))**2))
feynman_III_15_14,ok,3,NoRef,0.9982730401652079,0.0007127732124153082,38,58.23503637313843,,0.001,((0.001 + (0.00039999999999999996 * (-2.6035535442633173 + (0.8679488672885353 * x_0)))) * ((0.01 + (0.004 * (-2.6035535442633173 + (0.8679488672885353 * x_0)))) * (0.01 + (0.9 * ((0.2 + (-9.0 * inv(((0.2 + (0.078 * (-2.597537119806788 + (0.8655890773351206 * x_2)))) * (0.2 + (3.0 * sqrt((0.4 + (0.16 * (-2.592651034022415 + (0.8644529213018987 * x_1))))))))))))**2))))
feynman_III_15_27,ok,3,NoRef,0.9995965242848273,0.05380750631255054,49,46.476688861846924,,0.001,((0.00654 + (0.00246 * (-2.593768391778343 + (0.8653530862251808 * x_0)))) * ((0.538 + (44.4 * inv(((-0.0188 + (-0.0072 * (-2.5943208740350783 + (0.8668355676349394 * x_2)))) * (-7.1000000000000005 + (-2.7 * (-2.590009321613727 + (0.863877005419952 * x_1)))))))) + ((0.08410000000000001 + (-0.26 * (-2.593768391778343 + (0.8653530862251808 * x_0)))) + (-0.098 + (-0.649 * sqrt((0.0043 + (41.2 * sqrt((6.63 + (0.054900000000000004 * arctan((-0.0747 + (-0.607 * (-2.5943208740350783 + (0.8668355676349394 * x_2))))))))))))))))
feynman_III_17_37,ok,3,NoRef,0.9930149139409749,0.41997736919523665,36,44.00879192352295,,0.001,((-0.0655 + (-0.024800000000000003 * (-2.5910678123699937 + (0.8645301603875495 * x_0)))) * (((0.0835 * (-2.583164435932138 + (0.8622522300374365 * x_2))) + ((-61.9 + (0.794 * (-2.6014585251141953 + (0.8665648325944011 * x_1)))) + (-1.03 + (-0.06330000000000001 * (-2.583164435932138 + (0.8622522300374365 * x_2)))))) + ((-0.9820000000000001 + (8.32 * cos((-0.09930000000000001 + (-2.583164435932138 + (0.8622522300374365 * x_2)))))) * (21.1 + (7.09 * (-2.6014585251141953 + (0.8665648325944011 * x_1)))))))
feynman_III_19_51,ok,5,NoRef,0.9864832888263593,0.24175297852575814,48,70.2606770992279,,0.001,((0.0189 + (0.00626 * (-2.586598291379658 + (0.8644771447609795 * x_0)))) * (-0.00173 + (-0.132 * (((0.006 + (75.10000000000001 * inv(((((1.69 + (-2.6010639485940437 + (0.8665398862335241 * x_4))) + (0.934 + (0.0072 * (-2.601979890362099 + (0.8670812889763767 * x_1))))) * (0.2 + (0.07260000000000001 * (-2.601830800830659 + (0.8655948843991712 * x_2))))) * (-6.58 + (-2.5300000000000002 * (-2.5980344780512077 + (0.8655538613146133 * x_3)))))))) * (-0.00605 + (0.541 * ((0.62 + (0.225 * (-2.601979890362099 + (0.8670812889763767 * x_1)))))**2))))**2)))
feynman_III_21_20,ok,4,NoRef,0.9999278915564004,0.08698231851590404,26,48.51702427864075,,0.001,(((2.6 + (-2.588487050222574 + (0.8632922495334688 * x_2))) * (0.2 + (0.078 * (-2.59734001646025 + (0.8658903655433385 * x_1))))) * ((0.2 + (0.07700000000000001 * (-2.607486869894172 + (0.8704860176332444 * x_0)))) * (-0.3 + (-0.6 * inv((0.006999999999999999 + (0.0026999999999999997 * (-2.6060555065418627 + (0.8677300287789851 * x_3)))))))))
feynman_III_4_32,ok,4,NoRef,0.99905433784625,0.28598034936586486,26,55.930827617645264,,0.001,(((0.42500000000000004 + inv(((1.6300000000000001 + (0.63 * (-2.601856751893165 + (0.8666067310329927 * x_0)))) * (-0.09400000000000001 + (-0.0362 * (-2.600007560975531 + (0.8671764042169674 * x_1))))))) * (1.49 + (0.616 * (-2.6000187122068077 + (0.865615195337042 * x_2))))) * (-0.63 + (-0.257 * (-2.594715066701814 + (0.86544176389977 * x_3)))))
feynman_III_4_33,ok,4,NoRef,0.9999272541682954,0.04329019023080005,29,46.53959274291992,,0.001,((0.0021 + (-0.034300000000000004 * (-2.590014767641521 + (0.8675729142015532 * x_0)))) + (((-0.9600000000000001 + (-0.37 * (-2.5969569860681374 + (0.8646009136693547 * x_2)))) * (-9.38 + (-3.6 * (-2.5934650336784837 + (0.8652079382692376 * x_3))))) - ((-0.683 + (-0.256 * (-2.6053160090618936 + (0.8673183317702835 * x_1)))) * (-0.9680000000000001 + (-0.33 * (-2.590014767641521 + (0.8675729142015532 * x_0)))))))
feynman_III_7_38,ok,3,NoRef,0.9998994109899729,0.35690852607901247,20,41.87149953842163,,0.001,(((2.6 + (-2.5961519695423974 + (0.8654084315743407 * x_1))) * (0.2 + (0.07600000000000001 * (-2.610444420054463 + (0.8676674060282604 * x_0))))) * (-0.6 + (0.7000000000000001 * inv((0.0096 + (0.0036999999999999997 * (-2.605718721038121 + (0.8680470283192115 * x_2))))))))
feynman_III_8_54,ok,3,BFGS,-0.0001940834231730637,0.3540777742657349,52,52.4875590801239,,0.001,(0.5171816032319323 + (-0.23112215319261606 * cos((0.00883435795871534 + (-21.794295829952677 * exp(((-0.5751462937847905 + (-4.558087269872897 * inv((-3.317704101384283 + (-4.5842925413788484e-06 * sqrt((6.586256436055531 + (-0.37505076365064255 * (-5.192457305488689 + (3.4606619440701656 * x_0)))))))))) + (-0.129156293784791 + (-1.5154642929611376e-05 * inv(((((9.91063738668591 + (-2.882257612968942 + (1.1543435372185 * x_2))) + (0.009487386685907316 + (-32.19983908328417 * (-2.882257612968942 + (1.1543435372185 * x_2))))) * (-0.955556990939171 + (16.900158539798067 * (-5.202160712612211 + (3.4637479825081123 * x_1))))) * (39.500032880329314 + (-0.00809045809302593 * (-5.202160712612211 + (3.4637479825081123 * x_1)))))))))))))))
feynman_III_9_52,ok,6,NoRef,0.9597342621614591,2.848604755646211,49,75.41672897338867,,0.001,(0.00077 + (0.001 * ((((7.0 + (-3.470947490593213 + (1.7337857840927098 * x_0))) + (-0.1 + (1.2 * (-3.4652183289257827 + (1.7331572247646594 * x_2))))) * ((-9.0 + (-3.2 * (-3.465335565868304 + (1.730512037480293 * x_1)))) + ((-0.6 + (4.0 * (-3.4665866275632466 + (1.7375818573155892 * x_3)))) + (-0.01 + (-13.6 * cos(((0.02 + (0.006999999999999999 * (-3.4652183289257827 + (1.7331572247646594 * x_2)))) * ((0.01 + (-46.7 * (-2.600766997418986 + (0.8670016250155116 * x_5)))) + (0.1 + (46.7 * (-2.6044607290783226 + (0.8670558945534738 * x_4)))))))))))))**2))
feynman_II_10_9,ok,3,NoRef,0.9997651980405282,0.0037850297744017555,28,32.28333640098572,,0.001,((-0.008459999999999999 + (-97.8 * inv(((-9.540000000000001 + (-3.63 * (-2.610867254638592 + (0.8675666410146483 * x_1)))) * (-1.76 + (-0.516 * (-2.6007013318739114 + (0.8665864877888373 * x_2)))))))) * ((-0.015200000000000002 + (-0.00579 * (-2.5884119893225717 + (0.863580171671816 * x_0)))) * (2.79 + (0.0296 * (-2.5884119893225717 + (0.863580171671816 * x_0))))))
feynman_II_11_20,ok,5,NoRef,0.9975838334323844,0.3498892294914019,42,67.09369564056396,,0.001,(((2.79 + (-2.597633301679201 + (0.8653118132693743 * x_2))) * ((-0.9860000000000001 + (-0.38 * (-2.6012980731603075 + (0.8663878839568657 * x_0)))) * (0.0766 + (-44.5 * inv(((-0.795 + (-0.308 * (-2.6007346363871573 + (0.8676472648222499 * x_4)))) * (-9.68 + (-3.67 * (-2.6020910767244025 + (0.8663094145939032 * x_3)))))))))) * (((5.43 + (-2.6036895651901433 + (0.8675474094301431 * x_1))) - (-0.00267 + (-1.78 * (-2.6036895651901433 + (0.8675474094301431 * x_1))))) * (0.0362 + (0.0078 * (-2.6036895651901433 + (0.8675474094301431 * x_1))))))
feynman_II_11_27,ok,4,NoRef,0.9983551073871577,0.028312446689465292,49,48.84119534492493,,0.001,(((((1.71 + (-1.7278197330051435 + (3.465249167320299 * x_1))) * ((0.0296 + (0.006 * (-5.219343890438042 + (3.4734842134719535 * x_2)))) * (-17.7 + (-3.6 * (-5.18890945866278 + (3.458537184126156 * x_3)))))) * (-0.009649999999999999 + (-0.0055 * (-1.739155254973971 + (3.477331538907362 * x_0))))) * ((-0.00827 + (0.22 * (-1.7278197330051435 + (3.465249167320299 * x_1)))) + (((3.0500000000000003 + (-1.7278197330051435 + (3.465249167320299 * x_1))) * (9.56 + (-0.00299 * (-5.18890945866278 + (3.458537184126156 * x_3))))) * (-0.030600000000000002 + (-0.00213 * (-1.739155254973971 + (3.477331538907362 * x_0))))))) * (-76.2 + (-0.00197 * (-1.739155254973971 + (3.477331538907362 * x_0)))))
feynman_II_11_28,ok,2,NoRef,0.9992995108851201,0.007687946054755309,16,46.95072340965271,,0.001,(0.1 + (0.9 * exp(((0.02 + (0.011000000000000001 * (-1.7349425187576448 + (3.4626186221740825 * x_1)))) * (12.9 + (7.3 * (-1.7345462968149234 + (3.4615560571301773 * x_0))))))))
feynman_II_11_3,ok,5,NoRef,0.9979560676613182,0.005604884399438184,30,55.795979022979736,,0.001,(((3.56 + (-3.4808992290218614 + (1.7385786178265445 * x_1))) * (-0.09910000000000001 + (-0.028200000000000003 * (-3.466353422115428 + (1.7308764850767546 * x_0))))) * (0.057 + (-0.0333 * inv((((3.44 + (-6.92014222195854 + (1.7286209350593402 * x_3))) - (-0.04530000000000001 + (0.195 * (-5.199553592319454 + (3.4612357622429495 * x_4))))) * (0.02 + (0.0052499999999999995 * (-3.461233731377711 + (1.730881966245243 * x_2)))))))))
feynman_II_13_17,ok,4,NoRef,0.9989777354110472,0.0008049419313168954,29,58.31888675689697,,0.001,((0.08 + (0.0308 * (-2.597674142804184 + (0.8659203271276166 * x_2)))) * (-0.009049999999999999 + (-2.87 * inv((((-0.00853 + ((2.62 + (-2.6055704523274246 + (0.8676397489603255 * x_1))))**2) * (64.3 + (25.2 * (-2.5957572654281957 + (0.8652962957305357 * x_0))))) * (-0.08720000000000001 + (-0.0335 * (-2.5994658858174335 + (0.8657707724586062 * x_3)))))))))
feynman_II_13_23,ok,3,NoRef,0.9996906787670503,0.021331880278877002,27,44.89967060089111,,0.001,((0.33 + (0.126 * (-2.5920812529103787 + (0.8645409217304649 * x_0)))) * (9.0 + (0.3 * exp(((0.3 + (0.4 * (-5.200283917104196 + (3.4624672967094225 * x_1)))) + (-0.7000000000000001 + (0.9 * exp((-0.7000000000000001 + (-0.9 * (-3.211076379933289 + (0.4944300005413971 * x_2))))))))))))
feynman_II_13_34,ok,3,NoRef,0.9993579155089847,0.05338019411603928,38,41.62330770492554,,0.001,((-5.98 + (0.00465 * (-5.209731689124816 + (3.4746076277106677 * x_1)))) * ((-1.78 + (-0.6960000000000001 * (-2.5975470566740215 + (0.8663681118651275 * x_0)))) * (((-0.00784 + (-5.209731689124816 + (3.4746076277106677 * x_1))) + (5.07 + (-0.06580000000000001 * (-2.5975470566740215 + (0.8663681118651275 * x_0))))) * (0.08 + (0.064 * inv(((9.68 + (3.72 * (-3.21473447749444 + (0.4942943720217439 * x_2)))) - (-0.339 + (0.8410000000000001 * (-5.209731689124816 + (3.4746076277106677 * x_1)))))))))))
feynman_II_15_4,ok,3,NoRef,0.9993845771756169,0.13037664681454092,20,41.89964032173157,,0.001,(((2.7 + (-2.5993269325962003 + (0.8672012639855557 * x_0))) * (0.1 + (0.04 * (-2.5987893119651093 + (0.8660848979416299 * x_1))))) * (0.2 + (33.0 * cos((0.14 + (-1.16 * (-2.586598214097152 + (0.8612674838932523 * x_2))))))))
feynman_II_15_5,ok,3,NoRef,0.9996050903386966,0.103985875104174,20,45.72800302505493,,0.001,(((2.7 + (-2.599410139623092 + (0.8659872483948012 * x_1))) * (0.2 + (0.07700000000000001 * (-2.5901226458099837 + (0.8653794416601365 * x_0))))) * (-0.001 + (16.6 * cos((0.14 + (-1.1500000000000001 * (-2.5981860504990513 + (0.8665145431946906 * x_2))))))))
feynman_II_21_32,ok,5,NoRef,0.9962037450022706,0.003007376674531693,39,56.602670669555664,,0.001,((0.02 + (0.008 * (-2.595017840036571 + (0.8661397199295369 * x_0)))) * (-0.02 + (9.0 * inv(((0.2 + (0.07700000000000001 * (-2.5973090554009937 + (0.8654740552732318 * x_1)))) * ((2.5 + (0.9600000000000001 * (-2.5972274545339453 + (0.8664619821400085 * x_2)))) * (12.0 + (-0.7000000000000001 * exp(((0.7000000000000001 + (0.2 * (-5.1820460237701065 + (3.4570932094864597 * x_3)))) - (0.1 + (0.8 * (-3.2203941162886225 + (0.4959158360422318 * x_4))))))))))))))
feynman_II_24_17,ok,3,NoRef,0.99785655058603,0.039897468037107225,39,63.75928592681885,,0.001,(((((-5.189848384331843 + (1.7307457966042825 * x_2)) * (0.0743 + (-0.017900000000000003 * (-5.189848384331843 + (1.7307457966042825 * x_2))))) * (0.9490000000000001 + (-0.0626 * (-8.65335653973537 + (1.7310678698387563 * x_0))))) - ((-0.00142 + (73.0 * inv((5.14 + (-5.19079797081511 + (3.4620834728738354 * x_1)))))) * (-0.23700000000000002 + (-0.028700000000000003 * (-8.65335653973537 + (1.7310678698387563 * x_0)))))) + (-0.203 + (-0.00418 * abs((-0.00039 + (-6.5600000000000005 * (-5.189848384331843 + (1.7307457966042825 * x_2))))))))
feynman_II_27_16,ok,3,NoRef,0.9999715006955638,0.47280039351964603,20,47.027236461639404,,0.001,(((2.6 + (-2.590685056747548 + (0.8656950783561495 * x_0))) * (0.2 + (0.07600000000000001 * (-2.6053496233402025 + (0.8667046217728607 * x_1))))) * (0.1 + (0.02 * ((88.2 + (34.0 * (-2.6021114212583667 + (0.8674758321934541 * x_2)))))**2)))
feynman_II_27_18,ok,2,NoRef,0.9999877915509618,0.08884913387735309,22,46.42926740646362,,0.001,((0.02 + (0.007699999999999999 * (-2.5903293345089 + (0.8647521351495433 * x_0)))) * (-0.01 + (0.2 * (((82.0 + (31.6 * (-2.5968225494290453 + (0.8649647169072636 * x_1)))) + (0.1 + (-0.001 * (-2.5903293345089 + (0.8647521351495433 * x_0))))))**2)))
feynman_II_2_42,ok,5,NoRef,0.9999380706355734,0.05956293125307713,32,56.07188272476196,,0.001,(((2.6 + (-2.590357754969827 + (0.8652104734904551 * x_0))) * ((0.02 + (0.007699999999999999 * (-2.5983997350900876 + (0.8653690887785789 * x_3)))) * (0.02 + (-0.6 * inv((0.07 + (0.027000000000000003 * (-2.6013857481973996 + (0.8666432178566211 * x_4))))))))) * ((0.01 + (7.7 * (-2.5965568722005115 + (0.8661621604895 * x_1)))) - (-0.01 + (7.7 * (-2.6085653656704544 + (0.868806148253277 * x_2))))))
feynman_II_34_11,ok,4,NoRef,0.9999644479006806,0.030218687268896552,26,47.37362360954285,,0.001,(((2.6 + (-2.5948859475573696 + (0.8658294130247899 * x_2))) * (0.2 + (0.07700000000000001 * (-2.5902859470042587 + (0.8653653241025926 * x_1))))) * ((0.2 + (0.07700000000000001 * (-2.5934242890293002 + (0.8649168229966994 * x_0)))) * (0.1 + (0.3 * inv((0.006999999999999999 + (0.0026999999999999997 * (-2.5963949089458125 + (0.865444087420903 * x_3)))))))))
feynman_II_34_2,ok,3,NoRef,0.9999806161119074,0.042713979551775645,17,36.68708896636963,,0.001,((0.21000000000000002 + (0.08040000000000001 * (-2.606650389056198 + (0.8673085303842745 * x_0)))) * ((-9.05 + (-3.5 * (-2.6013546381409616 + (0.8677473991420683 * x_1)))) * (-7.12 + (-2.74 * (-2.6060951305547317 + (0.8677687417413945 * x_2))))))
feynman_II_34_29a,ok,3,NoRef,0.9999439332501049,0.0017184164834952637,22,36.86236310005188,,0.001,((0.02 + (0.007699999999999999 * (-2.5984299478194286 + (0.8660082007114862 * x_0)))) * ((0.1 + (0.038000000000000006 * (-2.612491525484051 + (0.868564028067122 * x_1)))) * (-0.01 + (0.9 * inv((0.0075 + (0.0029 * (-2.594310419152839 + (0.8654958272163299 * x_2)))))))))
feynman_II_34_29b,ok,5,NoRef,0.9994260436509724,5.295627406239085,32,59.97389221191406,,0.001,(((2.6 + (-2.5955858143260153 + (0.8642408159369542 * x_0))) * ((0.2 + (0.07700000000000001 * (-2.607968163735475 + (0.8675704466820467 * x_3)))) * (2.0 + (0.75 * (-2.600906716531438 + (0.8669187797121793 * x_4)))))) * ((2.0 + (0.77 * (-2.5995738749671244 + (0.8655882097484616 * x_2)))) * (0.001 + (0.8 * inv((0.01 + (0.0039 * (-2.607005935690464 + (0.8671396783378055 * x_1)))))))))
feynman_II_34_2a,ok,3,NoRef,0.9999713658599961,0.00246961691251636,22,41.46967601776123,,0.001,((14.1 + (5.45 * (-2.592934274244674 + (0.8630118497720846 * x_0)))) * ((0.0165 + (0.00631 * (-2.598243857445774 + (0.8657150319652017 * x_1)))) * (-0.0325 + (0.931 * inv((0.445 + (0.17 * (-2.594518666239565 + (0.8642216629310018 * x_2)))))))))
feynman_II_35_18,ok,5,NoRef,0.9768370918108287,0.048192315786367505,36,62.445335388183594,,0.001,(((-63.800000000000004 + (-3.4599789364556433 + (1.7321747531028424 * x_3))) - (-1.16 + (19.5 * (-3.4562920198414946 + (1.7306719224770948 * x_0))))) * (-0.00712 + (-0.006849999999999999 * arctan((((0.54 * (-3.467551660270528 + (1.7331124112989802 * x_1))) + (0.5730000000000001 + (-0.47000000000000003 * (-3.459460827248759 + (1.728963213723657 * x_4))))) + ((0.0025599999999999998 + (-0.40900000000000003 * (-3.4599789364556433 + (1.7321747531028424 * x_3)))) + (0.006699999999999999 + (0.509 * (-3.458262908846139 + (1.7317525604401383 * x_2))))))))))
feynman_II_35_21,ok,5,NoRef,0.9858036329554573,0.5971888552688732,46,62.87475228309631,,0.001,((0.2 + (0.07700000000000001 * (-2.605803542790485 + (0.8672839199170996 * x_0)))) * (40.0 + (-36.6 * sin(((0.2 + (-0.6 * (-2.5975936541530675 + (0.8644639123146133 * x_1)))) + ((0.030000000000000002 + (-0.009 * (-2.605849634797703 + (0.8673366555310302 * x_2)))) * ((-0.1 + (6.4 * (-2.5966030954412895 + (0.8659303719450882 * x_4)))) - ((0.9 + (0.2 * (-2.5966030954412895 + (0.8659303719450882 * x_4)))) * ((0.1 + (-7.4 * (-2.5889507000353738 + (0.8647695173479677 * x_3)))) + (0.1 + (8.2 * (-2.605849634797703 + (0.8673366555310302 * x_2)))))))))))))
feynman_II_36_38,ok,8,NoRef,0.965745137920269,0.20536735342593462,53,72.3259482383728,,0.001,((0.030000000000000002 + (0.009 * (-3.4676994797729073 + (1.733578912746499 * x_0)))) * (((4.0 + (-3.4636734662793733 + (1.7313173648170714 * x_1))) + (0.1 + (0.3 * exp(((1.5 + (-0.7000000000000001 * (-3.4653817046691597 + (1.7314781175925666 * x_6)))) + (0.001 + (0.3 * (-3.4729457562252377 + (1.7359310010655866 * x_7))))))))) * (-0.2 + (80.0 * inv((((3.3000000000000003 + (-3.4594042135055076 + (1.7308558949614197 * x_3))) + (0.003 + (-0.2 * (-3.4684907910594056 + (1.7317207667784684 * x_4))))) * ((3.0 + (0.8 * (-3.4524572010154646 + (1.7288752114960375 * x_2)))) + (0.001 + (0.2 * (-3.4728048570452246 + (1.7339887681618564 * x_5)))))))))))
feynman_II_37_1,ok,3,NoRef,0.999963060643602,0.1431315355017643,15,37.052069902420044,,0.001,(((2.6 + (-2.5990440720790113 + (0.8667698966674856 * x_0))) * (0.2 + (0.057 * (-2.609085462369114 + (0.869096047815585 * x_2))))) * (69.0 + (26.8 * (-2.589924505416426 + (0.8650155463910425 * x_1)))))
feynman_II_38_14,ok,2,NoRef,0.9999836840183784,0.0008629118535233907,16,36.39603137969971,,0.001,((0.224 + (0.08610000000000001 * (-2.598990942841578 + (0.8664660338520245 * x_0)))) * (0.0031999999999999997 + (-0.0461 * inv((-0.027500000000000004 + (-0.00791 * (-2.599121661835128 + (0.867658242604959 * x_1))))))))
feynman_II_38_3,ok,4,NoRef,0.9999111557583887,0.0962619902261689,26,46.917938232421875,,0.001,(((2.6 + (-2.60200840736039 + (0.8681628784310511 * x_0))) * (0.2 + (0.07700000000000001 * (-2.60513779830767 + (0.8698485195204876 * x_1))))) * ((0.2 + (0.07600000000000001 * (-2.6022544957721383 + (0.8686542242169122 * x_3)))) * (0.3 + (0.8 * inv((0.0093 + (0.0036 * (-2.600635279240289 + (0.8678703068561665 * x_2)))))))))
feynman_II_3_24,ok,2,NoRef,0.9999509618183922,0.0003936153223727988,21,35.70027494430542,,0.001,((0.00618 + (0.0023599999999999997 * (-2.5973337242206833 + (0.8663478799495643 * x_0)))) * (0.00456 + (8.22 * ((-0.00921 + (0.657 * inv((-0.918 + (-0.35400000000000004 * (-2.5967996978056815 + (0.8652566440786205 * x_1))))))))**2)))
feynman_II_4_23,ok,3,NoRef,0.9997007018811905,0.0005765552163212336,26,44.63564491271973,,0.001,(((-9e-05 + inv(((8.64 + (3.37 * (-2.596337834217202 + (0.8662329880311779 * x_2)))) * (6.3 + (2.43 * (-2.614162387459212 + (0.8700131171819241 * x_1))))))) * (0.045700000000000005 + (0.0172 * (-2.598351657887101 + (0.8662906941538828 * x_0))))) * (31.5 + (0.266 * (-2.596337834217202 + (0.8662329880311779 * x_2)))))
feynman_II_6_11,ok,4,NoRef,0.9951533749259649,0.0014159969511111958,44,50.96048402786255,,0.001,((-1.8 + (-2.39 * (-3.4565991657811312 + (1.7307163679280013 * x_2)))) * ((((0.0246 + inv(((0.777 + (0.224 * (-3.456691676548104 + (1.7303556480887887 * x_0)))) * (-1.87 + (-0.765 * (-3.4622829152579717 + (1.7316027606957747 * x_3))))))) * (0.060500000000000005 + (-0.0178 * (-3.4565991657811312 + (1.7307163679280013 * x_2))))) * ((0.0892 + (-0.0791 * (-3.4622829152579717 + (1.7316027606957747 * x_3)))) - (-0.29700000000000004 + (-0.09580000000000001 * (-3.4565991657811312 + (1.7307163679280013 * x_2)))))) * (-0.276 + (-0.07880000000000001 * (-3.464014085669444 + (1.731609754792183 * x_1))))))
feynman_II_6_15a,ok,6,NoRef,0.9919947753630194,0.03348243371386509,68,79.30788707733154,,0.001,((-0.00031 + (-0.00543 * inv((3.12 + (-3.456659468356758 + (1.7297523911338488 * x_0)))))) * ((-37.0 + (-9.26 * (-3.4560737802928836 + (1.733187796132529 * x_5)))) * ((3.72 + (-0.433 * arctan((((-3.4560737802928836 + (1.733187796132529 * x_5)) - (0.09340000000000001 + (0.76 * (-3.4560737802928836 + (1.733187796132529 * x_5))))) + (6.47 + (0.0059 * (-3.456659468356758 + (1.7297523911338488 * x_0)))))))) * (((8.4 + (-3.465338005376212 + (1.731140622814794 * x_3))) - (-0.375 + (0.49400000000000005 * ((-2.27 + (0.464 * (-3.4580073549283297 + (1.7320491335420232 * x_4)))))**2))) * ((-0.046000000000000006 + (0.8510000000000001 * abs((3.5700000000000003 + (-3.4605654796930345 + (1.7276430314887348 * x_1)))))) * (0.00033 + (0.00545 * exp((0.0078 + (-2.3000000000000003 * (-3.470858975376867 + (1.7333302864363656 * x_2))))))))))))
feynman_II_6_15b,ok,4,NoRef,0.9804128465669986,0.004172302107072126,51,53.0671968460083,,0.001,((-0.00566 + (0.029800000000000004 * cos((-0.674 + (-3.4586863189575285 + (1.7289520813778299 * x_2)))))) * ((-0.00792 + (20.400000000000002 * inv(((-0.0036999999999999997 + (-0.0009 * (-3.4615254830237094 + (1.732744661965213 * x_0)))) * ((2.58 + (-0.8410000000000001 * ((7.78 + (-3.4622927964131365 + (1.7301997360137467 * x_3))))**3)) * (5.7 + (2.49 * (-3.4622927964131365 + (1.7301997360137467 * x_3))))))))) * ((8.51 + (2.24 * (-3.461084561319301 + (1.731153565723354 * x_1)))) * (0.515 + (-4.8 * inv((8.85 + (0.0038799999999999998 * (-3.4586863189575285 + (1.7289520813778299 * x_2))))))))))
feynman_II_8_31,ok,2,NoRef,0.9999914476937836,0.037736847958483574,14,37.77126145362854,,0.001,((-0.024900000000000002 + (-9.06 * ((2.59 + (-2.597313811381679 + (0.8640915651287518 * x_1))))**2)) * (-0.223 + (-0.08560000000000001 * (-2.598574822103499 + (0.8662440641333019 * x_0)))))
feynman_II_8_7,ok,3,NoRef,0.9993586122513111,0.002284187922888588,25,47.14907360076904,,0.001,((0.0012 + (-0.00923 * ((2.7 + (-2.59234558867767 + (0.8643385526007886 * x_0))))**2)) * (-0.0427 + (0.39 * inv(((0.928 + (0.37 * (-2.5959033503366853 + (0.865754758832984 * x_1)))) * (-0.616 + (-0.24000000000000002 * (-2.5985512463066853 + (0.8656453907751338 * x_2)))))))))
feynman_I_10_7,ok,3,NoRef,0.9999383257742968,0.009477606434921085,27,52.22130632400513,,0.001,((-0.07210000000000001 + (-0.027800000000000002 * (-2.5943886006272194 + (0.8645563970293073 * x_0)))) * (-41.7 + (3.8000000000000003 * (((0.35100000000000003 + (0.055400000000000005 * (-5.212611949693749 + (3.4745621307865266 * x_1)))) * (-0.0519 + (0.431 * inv((-0.25 + (-0.07 * (-3.2201156043655415 + (0.4949724789068148 * x_2)))))))))**3)))
feynman_I_11_19,ok,6,NoRef,0.9982034895463741,0.3726627626770604,35,55.30258226394653,,0.001,(((0.6 + (0.2 * (-2.5932425988339483 + (0.8649258075795154 * x_1)))) * (17.8 + (5.9 * (-2.5882059191204165 + (0.8647762767948904 * x_4))))) - (((0.6 + (0.23 * (-2.595029961244835 + (0.8655686546328268 * x_5)))) * (-15.3 + (-5.6000000000000005 * (-2.606398370694138 + (0.8683463570293316 * x_2))))) - ((0.9900000000000001 + (0.46 * (-2.5922028582672625 + (0.865539439787479 * x_0)))) * (7.2 + (3.4 * (-2.596295032158583 + (0.8643678791778807 * x_3)))))))
feynman_I_12_1,ok,2,NoRef,0.9999971055358724,0.0086565855111593,11,39.14068937301636,,0.001,((9.94 + (3.8200000000000003 * (-2.5966097197723297 + (0.8658511885072011 * x_1)))) * (0.905 + (0.34800000000000003 * (-2.6022331378432146 + (0.8680155861481728 * x_0)))))
feynman_I_12_11,ok,5,NoRef,0.9992557223419416,0.7037292910585945,34,52.9686336517334,,0.001,((0.2 + (0.07400000000000001 * (-2.596171364595932 + (0.8659228189703265 * x_0)))) * ((46.0 + (17.8 * (-2.5973503200260373 + (0.8651327513799799 * x_1)))) - ((2.0 + (0.75 * (-2.600831027775535 + (0.8667787060545616 * x_2)))) * ((0.9 + (0.34 * (-2.602244795057994 + (0.8660188107915093 * x_3)))) * (-0.3 + (75.4 * sin((-0.14 + (1.1300000000000001 * (-2.5916186957998932 + (0.8640791854170146 * x_4)))))))))))
feynman_I_12_2,ok,4,NoRef,0.9989597910819282,0.0028722450321307276,31,56.4854097366333,,0.001,(((2.6 + (-2.6032424791452806 + (0.867540162398266 * x_1))) * (0.02 + (0.0076 * (-2.5964027361349205 + (0.8654017862005553 * x_0))))) * (0.01 + (0.5 * inv(((0.02 + (0.008 * (-2.5939430909913965 + (0.864085818879647 * x_2)))) * (0.3 + (0.7000000000000001 * ((8.5 + (3.3000000000000003 * (-2.605313929955178 + (0.8666691417633031 * x_3)))))**2)))))))
feynman_I_12_4,ok,3,NoRef,0.9991849868056134,0.0007671059226769897,34,49.41786551475525,,0.001,(((2.5500000000000003 + (-2.600235356127227 + (0.867891054443712 * x_0))) + (-0.008799999999999999 + (-0.00701 * inv((5.73 + (34.0 * (-2.5982387493748735 + (0.8667457765117664 * x_1)))))))) * (0.00021999999999999998 + (0.317 * inv(((0.17300000000000001 + (0.656 * ((2.29 + (-2.592196217141038 + (0.8658032042638372 * x_2))))**2)) * (27.8 + (10.8 * (-2.5982387493748735 + (0.8667457765117664 * x_1)))))))))
feynman_I_12_5,ok,2,NoRef,0.9999935645518134,0.012918071891014515,11,31.853551387786865,,0.001,((-6.08 + (-2.34 * (-2.6020908648144743 + (0.8670984233486104 * x_0)))) * (-1.48 + (-0.5700000000000001 * (-2.5965519073487515 + (0.8667581522832599 * x_1)))))
feynman_I_13_12,ok,5,NoRef,0.994427869259245,0.6745599758586329,68,67.29409384727478,,0.001,(((1.8 + exp((-12.9 + (-2.595657398561907 + (0.8677186126450679 * x_4))))) * (((2.66 + (-2.595657398561907 + (0.8677186126450679 * x_4))) * (0.0335 + (0.013500000000000002 * (-2.5951626702919115 + (0.8654498049007153 * x_1))))) * ((-0.0033 + (5.99 * (-2.6019570780315906 + (0.866162158231066 * x_3)))) + (-0.0806 + (-5.7 * (-2.5937984500477653 + (0.864055990680985 * x_2))))))) * ((0.0189 + (9.32 * inv(((1.79 + (0.65 * (-2.6019570780315906 + (0.866162158231066 * x_3)))) * ((1.44 + (0.511 * (-2.5937984500477653 + (0.864055990680985 * x_2)))) * (-2.89 + (-0.00081 * (-2.595253856863847 + (0.8664564962922465 * x_0))))))))) * ((-0.08900000000000001 + (-0.00091 * (-2.5937984500477653 + (0.864055990680985 * x_2)))) - (-0.0022099999999999997 + (-18.900000000000002 * tan((0.169 + (0.0611 * (-2.595253856863847 + (0.8664564962922465 * x_0))))))))))
feynman_I_13_4,ok,4,NoRef,0.9986219099895478,0.9850747870826737,45,56.70580053329468,,0.001,((0.2 + (0.07600000000000001 * (-2.5938087604534315 + (0.8658639996442419 * x_0)))) * ((0.09000000000000001 + (80.0 * exp((0.9 + (0.26 * (-2.5934358246029423 + (0.8660817834496153 * x_1))))))) - ((0.01 + (-46.0 * (-2.5920333375316558 + (0.865165494945584 * x_3)))) + ((0.6 + (0.13 * (-2.592406574234562 + (0.8651626879415284 * x_2)))) * ((-0.1 + (-80.0 * (-2.592406574234562 + (0.8651626879415284 * x_2)))) + (-9.0 + (-0.006 * ((20.0 + (53.0 * (-2.5920333375316558 + (0.865165494945584 * x_3)))))**2)))))))
feynman_I_14_3,ok,3,NoRef,0.9999876017024075,0.06773436199793387,15,40.741456747055054,,0.001,(((2.6 + (-2.6059237411364964 + (0.8670696817443886 * x_1))) * (0.2 + (0.07700000000000001 * (-2.602560612244737 + (0.8682284850825933 * x_2))))) * (52.0 + (20.0 * (-2.595910032384874 + (0.8660524112758267 * x_0)))))
feynman_I_14_4,ok,2,NoRef,0.9999646632999893,0.07586508851191438,16,38.087891578674316,,0.001,((0.02 + (0.007699999999999999 * (-2.590928418128674 + (0.865183972325344 * x_0)))) * (0.01 + (0.08 * ((92.10000000000001 + (35.2 * (-2.600887612956215 + (0.8665924149464357 * x_1)))))**2)))
feynman_I_15_10,ok,3,NoRef,0.9995335269490967,0.045791924820262536,53,47.97544836997986,,0.001,((-0.0825 + (-0.031100000000000003 * inv(((-0.0297 + (0.0050999999999999995 * (-5.18792637014484 + (3.459317054402296 * x_1)))) - ((-4.28 + (-1.97 * (-3.215587655657226 + (0.4943578775927227 * x_2)))) - ((0.0081 + (0.00333 * abs((-2.0100000000000002 + (-5.18792637014484 + (3.459317054402296 * x_1)))))) * (90.8 + (-40.4 * (-5.18792637014484 + (3.459317054402296 * x_1)))))))))) * (((5.17 + (-5.18792637014484 + (3.459317054402296 * x_1))) * ((-88.4 + (0.00021999999999999998 * (-3.215587655657226 + (0.4943578775927227 * x_2)))) + (-0.0318 + (0.022000000000000002 * (-2.6035236050388675 + (0.8686126940812349 * x_0)))))) * (0.115 + (0.045200000000000004 * (-2.6035236050388675 + (0.8686126940812349 * x_0))))))
feynman_I_15_3t,ok,4,NoRef,0.9990385131144982,0.03758810140474592,42,52.19184923171997,,0.001,((((((-2.608517610200856 + (0.8679752746047078 * x_0)) - (-0.00473 + (0.0757 * (-5.197091772326957 + (3.463619450364364 * x_2))))) + (0.0476 + (-0.74 * (-2.6008891320513654 + (0.8667068488417029 * x_3))))) * (0.0063 + (-0.0587 * ((-0.29000000000000004 + (0.326 * (-3.221526261274899 + (0.49577450215155433 * x_1)))))**3))) * ((-8.94 + (0.066 * (-2.6008891320513654 + (0.8667068488417029 * x_3)))) + (4.44 + (-0.9680000000000001 * (-5.197091772326957 + (3.463619450364364 * x_2)))))) + (2.98 + (1.1500000000000001 * (-2.6008891320513654 + (0.8667068488417029 * x_3)))))
feynman_I_15_3x,ok,4,NoRef,0.9978290426391524,0.07456158705380538,54,55.2404351234436,,0.001,((0.55 + (-0.546 * (-5.197758810917438 + (3.4679879098814306 * x_1)))) - ((0.069 + (-1.47 * (-5.194610157002627 + (0.6923898347740892 * x_0)))) + ((-0.00378 + (-4.41 * (((((-41.300000000000004 + (-5.203106141035298 + (3.4693195052403323 * x_3))) - (-5.99 + (9.05 * (-5.197758810917438 + (3.4679879098814306 * x_1))))) * (0.17 + (-0.17500000000000002 * (-2.335999277112323 + (0.20302468541715302 * x_2))))) * (-0.00694 + (0.00878 * (-2.335999277112323 + (0.20302468541715302 * x_2))))))**2)) + (((0.0432 * (-5.203106141035298 + (3.4693195052403323 * x_3))) * (9.86 + (1.59 * (-5.197758810917438 + (3.4679879098814306 * x_1))))) + (-4.8 + (-0.09240000000000001 * (-5.197758810917438 + (3.4679879098814306 * x_1))))))))
feynman_I_16_6,ok,3,NoRef,0.990569468859868,0.11092943365215925,38,40.385568141937256,,0.001,(2.4 + (-2.6 * sin(((-0.23 + (-0.5 * (-2.601312324797946 + (0.8671074578408348 * x_0)))) + ((0.01 + (-0.003 * (-2.6014888037924595 + (0.8661504749928541 * x_2)))) * (((0.01 + (-2.601312324797946 + (0.8671074578408348 * x_0))) + (0.1 + (-1.5 * (-2.5928691179048866 + (0.8655607823710851 * x_1))))) * ((0.3 + (-6.0 * (-2.6014888037924595 + (0.8661504749928541 * x_2)))) + (0.1 + (5.2 * (-2.601312324797946 + (0.8671074578408348 * x_0)))))))))))
feynman_I_18_12,ok,3,NoRef,0.9995917408417522,0.1505824191733112,20,50.774163007736206,,0.001,(((2.7 + (-2.5991405355654997 + (0.8649070395109617 * x_0))) * (0.1 + (0.04 * (-2.6050801918740474 + (0.867370369003125 * x_1))))) * (-0.01 + (-33.6 * sin((-0.65 + (1.44 * (-1.7274550713367882 + (0.6928670693827444 * x_2))))))))
feynman_I_18_14,ok,4,NoRef,0.9998102512633146,0.34921565007970506,26,56.23863625526428,,0.001,(((2.6 + (-2.600412693322325 + (0.8669911107198401 * x_2))) * (0.2 + (0.07700000000000001 * (-2.5944367780687636 + (0.8654948886733715 * x_1))))) * ((0.9 + (0.35000000000000003 * (-2.6037165074757103 + (0.8655596913719785 * x_0)))) * (-0.2 + (-58.5 * sin((-0.14 + (1.1500000000000001 * (-2.598196381366317 + (0.8653128087362989 * x_3)))))))))
feynman_I_18_4,ok,4,NoRef,0.9962137504784516,0.05216200992635077,41,49.16571760177612,,0.001,(((0.02 * (-2.593469336339158 + (0.8649376919387801 * x_3))) * (29.400000000000002 + (5.5 * (-2.6029625406530927 + (0.8668512595107257 * x_1))))) + (((0.02 * (-2.60706730646365 + (0.8680059222482197 * x_2))) * ((29.0 + (-4.6000000000000005 * (-2.6029625406530927 + (0.8668512595107257 * x_1)))) + (-0.1 + (6.4 * (-2.5972038853188995 + (0.8652179604558722 * x_0)))))) + (((0.02 * (-2.593469336339158 + (0.8649376919387801 * x_3))) * (0.001 + (-6.0 * (-2.5972038853188995 + (0.8652179604558722 * x_0))))) + (3.0 + (-0.001 * (-2.5972038853188995 + (0.8652179604558722 * x_0)))))))
feynman_I_24_6,ok,4,NoRef,0.997728621623208,0.6918515701923078,38,61.16895937919617,,0.001,((0.030000000000000002 + (0.008499999999999999 * (-3.4589167097681504 + (1.7306203686785993 * x_0)))) * (0.01 + (0.09000000000000001 * ((((3.5 + (-3.4830959236628876 + (1.734975175102356 * x_3))) + (-0.1 + (0.001 * (-3.4589167097681504 + (1.7306203686785993 * x_0))))) * ((-23.0 + (-3.3000000000000003 * (-3.479147470956827 + (1.7410199533292803 * x_2)))) + ((-0.04 + (0.006999999999999999 * (-3.479147470956827 + (1.7410199533292803 * x_2)))) * (-0.001 + (86.4 * (-3.473416667436356 + (1.7367774080437897 * x_1))))))))**2)))
feynman_I_25_13,ok,2,NoRef,0.9999768484518304,0.0037425782224614085,22,33.139652729034424,,0.001,((0.00737 + (54.7 * inv(((-75.0 + (-31.900000000000002 * (-2.594777846607204 + (0.865852636549753 * x_1)))) - (8.0 + (0.0594 * (-2.605033837913406 + (0.8664970762521155 * x_0)))))))) * (-1.54 + (-0.5940000000000001 * (-2.605033837913406 + (0.8664970762521155 * x_0)))))
feynman_I_26_2,ok,2,NoRef,0.9945917755136049,0.03664733135983912,36,43.55410838127136,,0.001,((-0.87 + (7.7 * (-2.600015246440371 + (0.8654498220886182 * x_1)))) * (((-0.336 + sqrt((0.615 + (6.96 * abs((0.502 + (0.20800000000000002 * (-1.7407571789245355 + (3.475083744440562 * x_0))))))))) * (-0.0047 + (0.78 * ((-0.00098 + (0.032 * (-2.600015246440371 + (0.8654498220886182 * x_1)))))**2))) * (8.99 + (4.33 * (-1.7407571789245355 + (3.475083744440562 * x_0))))))
feynman_I_27_6,ok,3,NoRef,0.9834150374076469,0.04581452802442957,33,56.93298530578613,,0.001,(-0.01 + (0.6 * sqrt(((0.02 + (0.0092 * (-2.5930907874002256 + (0.8674131152512952 * x_1)))) * ((0.2 + (0.08 * (-2.596991877323595 + (0.8643577630053706 * x_0)))) * ((-90.0 + (-40.0 * (-2.596991877323595 + (0.8643577630053706 * x_0)))) + (0.01 + (4.0 * inv((0.008 + (0.0031999999999999997 * (-2.5972636729654104 + (0.8654580008471298 * x_2)))))))))))))
feynman_I_29_16,ok,4,NoRef,0.9001807278197829,0.6075377319628602,50,64.4876606464386,,0.001,(0.08520000000000001 + (8.870000000000001 * arctan(((-9.32 + (-5.7700000000000005 * inv((6.5600000000000005 + (-2.5964772188494316 + (0.8662246457768173 * x_2)))))) * (((-0.07500000000000001 * (-2.593190200078626 + (0.863969471263479 * x_0))) * (0.00492 + (-0.062200000000000005 * (-2.5996355969513414 + (0.867415336500999 * x_1))))) + (-0.00468 + (-0.0519 * abs((((0.01 + (-2.5964772188494316 + (0.8662246457768173 * x_2))) - (0.00484 + (0.931 * (-2.5923340000351716 + (0.8642510753106671 * x_3))))) * ((-0.0065 + (0.186 * (-2.5996355969513414 + (0.867415336500999 * x_1)))) - (-0.6970000000000001 + (-0.13 * (-2.593190200078626 + (0.863969471263479 * x_0))))))))))))))
feynman_I_29_4,ok,2,NoRef,0.9999900402182887,0.004166530745807092,16,35.694759368896484,,0.001,((0.0553 + (0.026000000000000002 * (-2.1199447693051976 + (0.38435904264497023 * x_0)))) * (0.00945 + (-99.4 * inv((-5.46 + (-2.59 * (-2.1085393677566087 + (0.3842231922338835 * x_1))))))))
feynman_I_30_3,ok,3,NoRef,0.3196635081568169,2.1078789734300307,70,54.50055766105652,,0.001,((-0.7160000000000001 + (0.663 * cos((15.5 + (-1.3 * cos((4.04 + (-30.3 * abs((-0.534 + (1.1500000000000001 * (-2.603936609092604 + (0.8668701194329798 * x_1))))))))))))) * (0.536 + (-8.950000000000001 * inv((((-1.81 + (-0.055400000000000005 * (-2.6024260752663895 + (0.8678711519806617 * x_0)))) + (0.052300000000000006 + (0.08040000000000001 * (((-3.95 + (0.8510000000000001 * (-2.6024260752663895 + (0.8678711519806617 * x_0)))) + (-0.00919 + (-0.00265 * (-2.592868831978815 + (0.866789899890511 * x_2))))))**2))) - ((0.512 + (0.00295 * (-2.592868831978815 + (0.866789899890511 * x_2)))) - (0.391 + (0.001 * ((-0.00208 + (-68.4 * cos((0.0884 + (-0.373 * (-2.603936609092604 + (0.8668701194329798 * x_1))))))))**2))))))))
feynman_I_30_5,ok,3,NoRef,0.9987281902852363,0.004266362050073428,25,38.09909129142761,,0.001,((-0.462 + (-0.0913 * (-5.211479054849089 + (3.4657298198181583 * x_0)))) * ((-0.00149 + (25.1 * inv((2.54 + (-2.6000292981085495 + (0.8664825631329316 * x_2)))))) * (0.00146 + (-0.00976 * inv((0.299 + (0.07550000000000001 * (-4.051746539098795 + (1.1557736640614436 * x_1)))))))))
feynman_I_32_17,ok,6,NoRef,0.9898537374165891,0.46840724338456613,54,68.0016462802887,,0.001,(((0.54 + (-5.191719920241431 + (3.4612079800580897 * x_0))) - (-4.61 + (-0.9490000000000001 * (-5.196568868821396 + (3.4665310675943437 * x_1))))) * ((0.033100000000000004 + (-4.7700000000000005 * exp((((0.0563 + (0.08900000000000001 * (-5.191071404034526 + (3.4612841621060095 * x_2)))) + (-0.00763 + (0.367 * (-5.20949847392854 + (3.473689331430739 * x_3))))) - ((0.0339 + (-0.919 * (-5.201669202926287 + (3.465101365376907 * x_4)))) + (-0.025200000000000004 + (-8.72 * inv((-2.74 + (0.735 * inv((0.00746 + (-0.0483 * (-6.903710429639748 + (1.7280287053142276 * x_5))))))))))))))) * (-0.0439 + (-0.011300000000000001 * (-5.191071404034526 + (3.4612841621060095 * x_2))))))
feynman_I_32_5,ok,4,NoRef,0.9929596692113696,0.06303229239908786,45,62.61876726150513,,0.001,((0.01 + (0.005 * (-2.5956032453005653 + (0.8663265211647279 * x_0)))) * (0.1 + (0.6 * (((0.02 + (0.008 * (-2.603468037069962 + (0.8675760952226889 * x_1)))) * (-0.01 + (-9.0 * inv(((0.02 + (0.009 * (-2.5972272333763238 + (0.8657216311569121 * x_3)))) * ((0.4 + (0.09000000000000001 * (-2.5947855666029613 + (0.8646509662068468 * x_2)))) * ((8.0 + (-0.8 * (-2.5956032453005653 + (0.8663265211647279 * x_0)))) + (-0.1 + (0.9 * (-2.5972272333763238 + (0.8657216311569121 * x_3))))))))))))**2)))
feynman_I_34_1,ok,3,NoRef,0.9985020374905814,0.06883097145058206,32,43.386573791503906,,0.001,((26.5 + (0.936 * (-5.187248614612834 + (3.458815107969585 * x_1)))) * (((2.0 + (-2.603126956247802 + (0.8663199113075305 * x_2))) + (0.596 + (0.007529999999999999 * (-2.603126956247802 + (0.8663199113075305 * x_2))))) * (0.0439 + (-0.0073999999999999995 * inv(((-0.55 + (-0.23900000000000002 * (-3.2156428217072808 + (0.493982490446171 * x_0)))) - (0.044500000000000005 + (-0.052500000000000005 * (-5.187248614612834 + (3.458815107969585 * x_1))))))))))
feynman_I_34_14,ok,3,NoRef,0.999230559286615,0.045106435953031786,28,47.01078486442566,,0.001,((-0.562 + (-0.22 * (-2.596508900456545 + (0.8655927557137691 * x_2)))) * (((-3.09 + (-0.919 * (-5.200727401982708 + (3.4652785097369945 * x_1)))) * (-0.0060999999999999995 + (-0.005869999999999999 * inv((-0.014100000000000001 + (-0.00556 * (-3.217417259857548 + (0.49581360047227363 * x_0)))))))) - (5.5200000000000005 + (-0.050100000000000006 * (-2.596508900456545 + (0.8655927557137691 * x_2))))))
feynman_I_34_27,ok,2,NoRef,0.9999950645404347,0.0017911836632853928,11,25.93537163734436,,0.001,((0.07940000000000001 + (0.030600000000000002 * (-2.599464215197715 + (0.8656278272918196 * x_1)))) * (18.1 + (6.95 * (-2.601721072207188 + (0.8658740456715549 * x_0)))))
feynman_I_34_8,ok,4,NoRef,0.9999797490694741,0.04579430391066141,26,49.61988806724548,,0.001,(((2.6 + (-2.5995638320080134 + (0.8665371443934287 * x_2))) * (0.2 + (0.07700000000000001 * (-2.5941060262875544 + (0.8659265416962691 * x_0))))) * ((0.2 + (0.07600000000000001 * (-2.610854427324785 + (0.8688802145143643 * x_1)))) * (0.4 + (0.8 * inv((0.0093 + (0.0036 * (-2.592703288912454 + (0.863667000506222 * x_3)))))))))
feynman_I_37_4,ok,3,NoRef,0.9965765959512428,0.1685318315538116,41,60.081693172454834,,0.001,(((-0.030000000000000002 * arctan((-0.0031999999999999997 + (-2.608990752165148 + (0.8672418288011203 * x_2))))) * ((5.21 + (0.999 * (-2.598697221694573 + (0.8672851262518042 * x_0)))) * ((24.7 + (4.96 * (-2.5963963854242444 + (0.8636975739939898 * x_1)))) * (0.222 + (-1.1400000000000001 * (-2.608990752165148 + (0.8672418288011203 * x_2))))))) + (0.08710000000000001 + (0.882 * (((-0.022500000000000003 + (0.35000000000000003 * (-2.5963963854242444 + (0.8636975739939898 * x_1)))) + (0.00946 + (-0.38 * (-2.598697221694573 + (0.8672851262518042 * x_0))))))**2)))
feynman_I_38_12,ok,4,NoRef,0.9995387180106654,0.030669149866376175,38,52.66811919212341,,0.001,((0.02 + (0.007899999999999999 * (-2.590897410092625 + (0.8639945549422658 * x_3)))) * (-0.1 + (0.9 * (((0.02 + (0.007899999999999999 * (-2.5932063297649695 + (0.8659794708196648 * x_2)))) * (0.2 + (-9.0 * inv(((0.02 + (0.0078 * (-2.5868571845469264 + (0.8640732966669972 * x_1)))) * (0.002 + (-2.8000000000000003 * sqrt((0.6 + (0.23 * (-2.597649580940835 + (0.8664652887628652 * x_0)))))))))))))**2)))
feynman_I_39_1,ok,2,NoRef,0.9999991080335944,0.007258598887182051,52,32.58187913894653,,0.001,((((-0.41000000000000003 * cos(((0.736 + (0.0044199999999999995 * inv((-48.7 + (-2.610852218913775 + (0.8679709645462175 * x_0)))))) * ((-0.78 + (0.061000000000000006 * sqrt((0.7120000000000001 + (0.00058 * (-2.5874491946314144 + (0.8643957645163813 * x_1))))))) - ((-0.00293 + (-0.00678 * (-2.5874491946314144 + (0.8643957645163813 * x_1)))) * (-0.0095 + (0.8490000000000001 * (-2.610852218913775 + (0.8679709645462175 * x_0))))))))) - (-38.4 + (-7.79 * (-2.610852218913775 + (0.8679709645462175 * x_0))))) + (-0.7250000000000001 + (6.5 * (-2.610852218913775 + (0.8679709645462175 * x_0))))) * (0.36200000000000004 + (0.14 * (-2.5874491946314144 + (0.8643957645163813 * x_1)))))
feynman_I_39_11,ok,3,NoRef,0.9999600747312558,0.019285188273104895,22,41.254377365112305,,0.001,((5.72 + (2.2 * (-2.595455730790419 + (0.866426729766743 * x_2)))) * ((0.00784 + (0.003 * (-2.5983696326171515 + (0.8665976040967962 * x_1)))) * (0.9410000000000001 + (0.607 * inv((0.007699999999999999 + (0.00268 * (-4.042145585388573 + (1.1529712948484019 * x_0)))))))))
feynman_I_39_22,ok,4,NoRef,0.9999648703076028,0.059374331724647025,26,46.97744870185852,,0.001,(((2.6 + (-2.6001512081637608 + (0.8662530217502574 * x_1))) * (0.2 + (0.07700000000000001 * (-2.5985038632400053 + (0.8665570472054581 * x_3))))) * ((0.2 + (0.07700000000000001 * (-2.596070702664301 + (0.8650880429565314 * x_0)))) * (0.01 + (0.8 * inv((0.0093 + (0.0036 * (-2.594772924775114 + (0.8647969376103314 * x_2)))))))))
feynman_I_40_1,ok,6,NoRef,0.8780011523769317,0.22613782595050258,73,77.61383557319641,,0.001,((0.00879 + (0.00277 * (-2.593762843943772 + (0.8633889797343528 * x_0)))) * (1e-05 + (0.08760000000000001 * (((((2.9 + (-2.6013353723946078 + (0.8665187813107157 * x_3))) + ((0.18000000000000002 + (1.71 * (-2.605099304803638 + (0.8660630967141432 * x_5)))) - (-0.00798 + (0.00834 * (-2.593762843943772 + (0.8633889797343528 * x_0)))))) * (5.23 + (0.00022999999999999998 * (-2.5929241422208316 + (0.8658317901602302 * x_1))))) - (((-0.0030499999999999998 + (8.22 * (-2.5902351602969307 + (0.863398538363021 * x_2)))) + (-0.0031999999999999997 + (8.14 * (-2.593469833365188 + (0.865297365330787 * x_4))))) - (((-0.009949999999999999 + (0.607 * (-2.6013353723946078 + (0.8665187813107157 * x_3)))) + (0.043000000000000003 + (-8.51 * (-2.5929241422208316 + (0.8658317901602302 * x_1))))) - (0.050600000000000006 + (0.00295 * (((0.07930000000000001 + (0.607 * (-2.5902351602969307 + (0.863398538363021 * x_2)))) * (-0.62 + (9.040000000000001 * (-2.5929241422208316 + (0.8658317901602302 * x_1))))))**3))))))**2)))
feynman_I_41_16,ok,5,NoRef,0.9985305966905814,0.11449930269845153,37,61.86667585372925,,0.001,(((2.4 + (-2.592351292025184 + (0.8655312921921307 * x_1))) * (0.01 + (0.004 * (-2.603711618701996 + (0.8674885206161763 * x_3))))) * (-0.1 + (0.6 * (((0.2 + (0.07500000000000001 * (-2.5931837624863285 + (0.8657331983549267 * x_0)))) * ((0.2 + (-0.6 * (-2.60464797628463 + (0.8670300800654245 * x_2)))) + (0.1 + (0.3 * inv((0.008 + (0.0031 * (-2.5969195540429015 + (0.864196781959517 * x_4))))))))))**2)))
feynman_I_43_16,ok,4,NoRef,0.9998228784681087,0.13677347303823362,26,47.68207550048828,,0.001,(((2.6 + (-2.585499294221134 + (0.8634310324335459 * x_0))) * (0.2 + (0.07700000000000001 * (-2.5954715034473734 + (0.8651373322140715 * x_2))))) * ((0.2 + (0.07600000000000001 * (-2.5950676865865727 + (0.8661889340740903 * x_1)))) * (-0.01 + (0.8 * inv((0.0093 + (0.0036 * (-2.6072652398574374 + (0.8674247728795685 * x_3)))))))))
feynman_I_43_31,ok,3,NoRef,0.9999929556601969,0.05124000511832488,15,43.235177516937256,,0.001,(((2.6 + (-2.6038063676091725 + (0.8666070223321088 * x_2))) * (0.2 + (0.07700000000000001 * (-2.6003021680462277 + (0.8659603112778517 * x_1))))) * (52.0 + (20.0 * (-2.600324815345727 + (0.8660964222800557 * x_0)))))
feynman_I_43_43,ok,4,NoRef,0.9992599117965978,0.0439356044645149,44,43.62515091896057,,0.001,(((48.0 + (-4.045917629676047 + (1.1547216614123907 * x_0))) * (((0.00101 + inv((2.59 + (-2.6024921348019188 + (0.8680437692783521 * x_2))))) * (1.99 + (0.756 * (-2.594745462551926 + (0.8670165491222759 * x_3))))) * (-0.0007999999999999999 + (-0.00796 * inv((-0.281 + (-0.09590000000000001 * (-4.045917629676047 + (1.1547216614123907 * x_0))))))))) * ((-0.0204 + (0.46 * (-2.5907331018540765 + (0.8648811648028888 * x_1)))) - (-0.014400000000000001 + (-1.43 * sqrt((0.7000000000000001 + (-0.00645 * (-2.6024921348019188 + (0.8680437692783521 * x_2)))))))))
feynman_I_44_4,ok,5,NoRef,0.997172966597759,1.1087431474085665,48,58.92371726036072,,0.001,(((((0.08910000000000001 + (-2.6083911975870233 + (0.867304939606311 * x_3))) + (-0.0942 + (-0.996 * (-2.6022615917644 + (0.8678845667806578 * x_4))))) * (2.41 + (0.915 * (-2.5947630838170954 + (0.8666353404234534 * x_0))))) * ((0.23500000000000001 + (-0.0434 * (-2.6083911975870233 + (0.867304939606311 * x_3)))) - (86.5 + (34.6 * (-2.597239947840183 + (0.8666424223859154 * x_2)))))) * (((-8e-05 + (-2.6083911975870233 + (0.867304939606311 * x_3))) - (8.76 + (-1.87 * sqrt((4.4 + (2.23 * (-2.6022615917644 + (0.8678845667806578 * x_4)))))))) * (-0.011000000000000001 + (-0.00435 * (-2.5924133518336228 + (0.8656835791937864 * x_1))))))
feynman_I_47_23,ok,3,NoRef,0.9994914506624782,0.015129921042580246,25,50.805846214294434,,0.001,(-0.025300000000000003 + (0.8310000000000001 * sqrt((((2.68 + (-2.594784151036023 + (0.8635111426388773 * x_0))) * (0.913 + (0.34800000000000003 * (-2.602396933235228 + (0.867364334715105 * x_1))))) * (0.00615 + (8.45 * inv((4.7 + (1.8 * (-2.600972805803329 + (0.86643926880612 * x_2)))))))))))
feynman_I_48_2,ok,3,NoRef,0.9999477914644751,0.7272474012294778,52,40.046703815460205,,0.001,((-0.0212 + (-0.008199999999999999 * (-2.601785593820433 + (0.8664200787290204 * x_0)))) * (((((0.47900000000000004 + (4.97 * (-3.2078667727278103 + (0.4931890083806296 * x_2)))) - (0.0322 + (92.5 * ((8.18 + (2.49 * (-3.2078667727278103 + (0.4931890083806296 * x_2)))))**2))) - (-4.79 + (0.00698 * (-2.601785593820433 + (0.8664200787290204 * x_0))))) + (-0.0034999999999999996 + (-19.2 * (-3.2078667727278103 + (0.4931890083806296 * x_2))))) - ((-96.10000000000001 + (0.046200000000000005 * (-2.601785593820433 + (0.8664200787290204 * x_0)))) * ((-0.030300000000000004 + (-0.741 * (-5.1920045067996075 + (3.4585979688833226 * x_1)))) + (-0.0816 + (0.544 * (-3.2078667727278103 + (0.4931890083806296 * x_2))))))))
feynman_I_50_26,ok,4,NoRef,0.6873712620628517,1.0954506725493156,45,62.06953167915344,,0.001,((0.02 + (0.006999999999999999 * (-3.471446720238075 + (1.7357161611310474 * x_0)))) * (-17.8 + (0.02 * ((((-0.030000000000000002 + (20.0 * (-3.4715413106520487 + (1.73433128986549 * x_1)))) + (50.0 + (17.5 * (-3.4667004473007936 + (1.7325786628094648 * x_3))))) - ((0.01 + (-19.7 * (-3.468706366434954 + (1.7331233838790523 * x_2)))) + (0.01 + (-37.800000000000004 * sin(((0.01 + (-3.0 * (-3.468706366434954 + (1.7331233838790523 * x_2)))) + (0.060000000000000005 + (-2.3000000000000003 * (-3.4715413106520487 + (1.73433128986549 * x_1)))))))))))**2)))
feynman_I_6_2,ok,2,NoRef,0.9823456652734104,0.0056408786059178855,31,57.959585666656494,,0.001,((0.030000000000000002 + (-0.006 * (-3.462110544326176 + (1.729328029993355 * x_0)))) * (4.1 + (-3.0 * arctan(((0.01 + (0.006 * ((-0.9 + (-3.462110544326176 + (1.729328029993355 * x_0))))**2)) * ((2.0 + (24.0 * (-3.468585872724307 + (1.7314793085659557 * x_1)))) + (0.001 + (-15.0 * (-3.462110544326176 + (1.729328029993355 * x_0))))))))))
feynman_I_6_2a,ok,1,NoRef,0.9998613277951242,0.0008259997888094561,15,34.21656632423401,,0.001,(-0.008969999999999999 + (0.06080000000000001 * exp((-0.0582 + (1.98 * arctan((0.0339 + (-0.508 * (-3.470910868678602 + (1.732857094277297 * x_0))))))))))
feynman_I_6_2b,ok,3,NoRef,0.9910312926095131,0.0057333266510277816,60,48.836169481277466,,0.001,(0.00793 + (7.140000000000001 * inv(((((-0.004569999999999999 + (0.00163 * (-3.4600421973243503 + (1.7301765128823121 * x_0)))) * ((4.3 + (93.7 * cos((-9.38 + (4.15 * (-3.4600421973243503 + (1.7301765128823121 * x_0))))))) - (-0.0177 + (0.61 * ((((-0.022600000000000002 * (-3.457026632957993 + (1.7304967892953864 * x_1))) * (9.31 + (0.00573 * (-3.457026632957993 + (1.7304967892953864 * x_1))))) + ((-0.053700000000000005 + (-28.6 * (-3.457026632957993 + (1.7304967892953864 * x_1)))) + (-0.0072 + (28.0 * (-3.455422316505992 + (1.7277871527789268 * x_2)))))))**2)))) - (-37.9 + (-7.69 * (-3.4600421973243503 + (1.7301765128823121 * x_0))))) + (-0.558 + (3.5500000000000003 * (-3.4600421973243503 + (1.7301765128823121 * x_0))))))))
feynman_I_8_14,ok,4,NoRef,0.9813976678004963,0.13562379631639065,56,61.52752113342285,,0.001,(-0.00487 + (0.041600000000000005 * sqrt(((0.0199 + (0.926 * (((((0.00664 + (0.010900000000000002 * (-2.5962357444155417 + (0.8656059527840082 * x_2)))) + (-0.00291 + (0.0955 * (-2.591322338895596 + (0.8659844760747512 * x_1))))) - (-0.53 + (24.2 * (-2.5962357444155417 + (0.8656059527840082 * x_2))))) - (0.109 + (-29.0 * (-2.5972992641317947 + (0.866813136124122 * x_3))))))**2)) + (0.00588 + (4.34 * (((-0.062200000000000005 + (-13.6 * (-2.587030782887259 + (0.8635818587980626 * x_0)))) - ((-0.0848 + (-7.79 * (-2.591322338895596 + (0.8659844760747512 * x_1)))) * (1.7 + (-0.00696 * (-2.5972992641317947 + (0.866813136124122 * x_3)))))))**2))))))
feynman_I_9_18,ok,9,NoRef,0.9873821464100636,0.013782484239595659,61,68.9321460723877,,0.001,((0.04 + (0.008 * (-5.183126801215437 + (3.45902755545072 * x_1)))) * ((0.05 + (0.0094 * (-5.19791257215078 + (3.463985048326718 * x_2)))) * (-0.6 + (0.009 * ((((9.0 + (-5.201136898215401 + (3.4692740319829647 * x_0))) + (0.9 + (-0.5 * (-12.1081552329878 + (3.458318784346319 * x_5))))) * (9.0 + (0.001 * ((((60.0 + (4.9 * (-5.1980651812140355 + (3.461161787310603 * x_8)))) + ((0.001 + (-5.5 * (-12.106995126570085 + (3.4604859724870347 * x_7)))) + (0.001 + (5.5 * (-5.197942647920325 + (3.464640759295191 * x_4)))))) - ((0.3 + (-4.9 * (-5.191356172187918 + (3.4632607635794375 * x_6)))) + (-0.1 + (5.4 * (-12.129465360542154 + (3.46509674588269 * x_3)))))))**2))))**2))))
feynman_test_1,ok,7,NoRef,0.9774514543325988,1.717205673513645,49,68.08591032028198,,0.001,(0.01 + (0.1 * exp(((0.01 + (0.4 * (-5.173020343261829 + (3.451708893018753 * x_3)))) + (((1.0 + (0.4 * (-5.192758087801672 + (3.4653045767440007 * x_1)))) + ((1.0 + (0.4 * (-5.210388894594045 + (3.4693589154600812 * x_4)))) + (0.1 + (0.4 * (-5.196367544723068 + (3.4643990218042506 * x_2)))))) - (((-0.43 * (-5.188585704211708 + (3.4592298181316656 * x_0))) + (0.1 + (-0.9 * ((0.7000000000000001 + (-0.6 * (-3.463508927254234 + (1.7332526268020165 * x_6)))))**2))) + (-0.1 + (0.7000000000000001 * (-3.460048757753357 + (1.7305561479444396 * x_5))))))))))
feynman_test_10,ok,3,NoRef,0.9976237927711676,0.023352683580319993,27,51.87711143493652,,0.001,((2.1 + (0.557 * (-3.4663846320280816 + (1.733004655788856 * x_2)))) + ((5.1000000000000005 + (-0.88 * (-8.666558684084404 + (1.7327766715458885 * x_0)))) * (((5.21 + (-3.4663846320280816 + (1.733004655788856 * x_2))) * (-0.066 + (0.038200000000000005 * (-3.4663846320280816 + (1.733004655788856 * x_2))))) * (-0.129 + (-0.05500000000000001 * (-3.474545790359206 + (1.7366932594611142 * x_1)))))))
feynman_test_11,ok,4,NoRef,0.9866453134195339,0.12026373808175371,48,50.552809953689575,,0.001,(((0.0403 + (-3.4597330139230125 + (1.730857729029121 * x_1))) + ((-4.72 + (-0.552 * (-5.192787040340471 + (3.462846496210976 * x_3)))) + (0.0868 + (-0.064 * (-3.4597330139230125 + (1.730857729029121 * x_1)))))) * ((0.52 + (0.153 * (-3.4620757521674967 + (1.7294106689625721 * x_0)))) * (((-0.019600000000000003 + (-0.030500000000000003 * (-5.192787040340471 + (3.462846496210976 * x_3)))) * ((-0.00031999999999999997 + (87.3 * sin((-0.0227 * (-5.192787040340471 + (3.462846496210976 * x_3)))))) + (0.5940000000000001 + (-5.0 * (-3.457008979902463 + (1.7318033499428651 * x_2)))))) - (0.8190000000000001 + (-0.16 * (-3.457008979902463 + (1.7318033499428651 * x_2)))))))
feynman_test_12,ok,5,NoRef,0.9994577916875229,0.3373051070189915,37,57.670740365982056,,0.001,(((2.5 + (-2.600274227105955 + (0.8647593507353445 * x_2))) * (0.02 + (0.0075 * (-2.6079133489989257 + (0.8670765019819886 * x_0))))) * ((0.6 + (0.07 * (-8.636467106356106 + (1.7278675275806958 * x_3)))) * ((0.02 + (0.003 * (-2.5934094480374767 + (0.8666191571414548 * x_4)))) + (-0.08 + (3.0 * ((0.001 + (-0.9 * inv((0.08 + (0.023000000000000003 * (-3.465751447823704 + (1.7337737207879285 * x_1))))))))**2)))))
feynman_test_13,ok,5,NoRef,0.9620156535340598,0.00300236390425227,53,60.474552631378174,,0.001,(((-0.00963 + inv((2.44 + (-2.600546402820211 + (0.8656696702546386 * x_4))))) * ((((0.09670000000000001 + (-1.71 * (-3.456005863244659 + (1.7319050533163773 * x_1)))) - ((0.0059499999999999996 + (-0.5720000000000001 * (-2.595647899152766 + (0.8670223177467486 * x_0)))) + (44.9 + (8.38 * (-3.456005863244659 + (1.7319050533163773 * x_1)))))) - (-95.5 + (-0.09110000000000001 * (((-0.006869999999999999 + (4.63 * (-1.735352586321092 + (0.5776779463263362 * x_3)))) * (-3.83 + (-0.661 * (-3.456005863244659 + (1.7319050533163773 * x_1))))))**2))) * (-0.008919999999999999 + (-0.00358 * (-2.595647899152766 + (0.8670223177467486 * x_0)))))) * (-0.05280000000000001 + (0.00546 * (-8.669310155131752 + (1.7331409662559334 * x_2)))))
feynman_test_14,ok,5,NoRef,0.9077979761012616,4.040679043594378,37,57.672505140304565,,0.001,(((2.6 + (-2.5807218209279115 + (0.8646445276947492 * x_0))) * (0.3 + (-0.3 * abs((-0.060000000000000005 + (1.2 * (-1.7281430473121373 + (0.5780989126738106 * x_1)))))))) * (15.0 + (-7.0 * exp(((-0.1 + (0.7000000000000001 * (-2.6003955731210637 + (0.8671588288279284 * x_3)))) + ((0.1 + (-1.2 * (-2.6012995035446833 + (0.8678273378728254 * x_2)))) - (0.01 + (-0.3 * (-2.5950337066370333 + (0.8649481549229002 * x_4))))))))))
feynman_test_15,ok,4,NoRef,0.9825823524299601,0.16599741608941745,33,50.22113800048828,,0.001,((0.2 + (0.07700000000000001 * (-2.597814313727642 + (0.864950047042019 * x_2)))) * (15.0 + (4.0 * sin(((0.060000000000000005 + (0.02 * (-3.460119249637148 + (1.728283886141443 * x_1)))) * ((0.9 + (-0.3 * (-2.889949988314344 + (0.23098203212286275 * x_0)))) * (16.3 + (-0.3 * abs((-4.0 + (69.4 * (-1.7328237987603805 + (0.5769159116291948 * x_3)))))))))))))
feynman_test_16,ok,6,NoRef,0.9838283910518296,3.645947744431424,64,64.4082498550415,,0.001,(((7.0600000000000005 * ((3.16 + (-2.6016772606856007 + (0.8656380990547297 * x_1))))**2) * (0.47400000000000003 + (0.14700000000000002 * (-2.607576225625796 + (0.8674919590149963 * x_0))))) + ((-0.78 + (0.06580000000000001 * (-2.607576225625796 + (0.8674919590149963 * x_0)))) * ((((-0.059300000000000005 + (-2.598989467994095 + (0.8663580502199112 * x_2))) + (-5.57 + (-6.1000000000000005 * (-2.5954520127536047 + (0.8656193695190691 * x_3))))) * ((-0.008409999999999999 + (-0.014300000000000002 * (-2.607576225625796 + (0.8674919590149963 * x_0)))) - ((-0.0031799999999999997 + (-0.875 * (-2.5985813648168903 + (0.868297898382069 * x_4)))) - (1.74 + (0.29100000000000004 * (-2.594917908738414 + (0.8648973263214449 * x_5))))))) + ((-4.33 + (-2.99 * (-2.594917908738414 + (0.8648973263214449 * x_5)))) + ((-0.0952 + (-3.2600000000000002 * (-2.5985813648168903 + (0.868297898382069 * x_4)))) + (0.0656 + (0.00603 * (-2.598989467994095 + (0.8663580502199112 * x_2)))))))))
feynman_test_17,ok,6,NoRef,0.9924846307792733,128.7220504939106,69,72.18355917930603,,0.001,(((-0.07390000000000001 * ((2.82 + (-2.597994572203499 + (0.8659609080140189 * x_4))))**3) * (((-91.10000000000001 + arctan((0.599 + (-2.597994572203499 + (0.8659609080140189 * x_4))))) * (5.69 + (0.0932 * inv((0.00862 + (0.00342 * (-2.5918957113370653 + (0.8652405478742957 * x_3)))))))) * ((((-0.0369 + (-2.597041906483149 + (0.8667595490746139 * x_5))) - (-3.5300000000000002 + (0.007809999999999999 * (-2.5918957113370653 + (0.8652405478742957 * x_3))))) * ((0.00861 + (-0.436 * (-2.599681133279834 + (0.8672894097299448 * x_0)))) - (1.17 + (-0.00362 * (-2.597041906483149 + (0.8667595490746139 * x_5)))))) * (0.00298 + (-1.76 * ((0.17600000000000002 + (0.0655 * (-2.5934594651271343 + (0.8659437824534428 * x_1)))))**2))))) + ((-0.06130000000000001 + (-0.004229999999999999 * (-2.5934594651271343 + (0.8659437824534428 * x_1)))) - (0.524 + (0.00688 * (-2.5978511452262882 + (0.8671910040716095 * x_2))))))
feynman_test_18,ok,5,NoRef,0.9228710289117901,0.20647485337154758,56,56.89396142959595,,0.001,(0.052300000000000006 + (0.0041199999999999995 * (((((-0.012100000000000001 + (0.43 * exp(((0.9740000000000001 + (-1.0 * (-2.585604952940931 + (0.8629438152521096 * x_2)))) - (-0.09300000000000001 + (-0.383 * (-2.6024997872504994 + (0.8670047547324098 * x_1)))))))) * ((0.9 + (0.75 * (-2.603650024673923 + (0.8672648850451954 * x_4)))) + ((-0.00932 + (-0.00966 * (-2.589521399159271 + (0.8665728688575879 * x_3)))) * (0.018500000000000003 + (7.58 * (-2.5890272137153483 + (0.8639310891554289 * x_0))))))) - (-0.00828 + (-3.5 * (-2.589521399159271 + (0.8665728688575879 * x_3))))) - (7.0 + (-8.24 * inv((0.522 + (0.11 * (-2.5890272137153483 + (0.8639310891554289 * x_0)))))))))**2))
feynman_test_19,ok,6,NoRef,0.9610994865625112,2.3566267906074327,46,64.1885666847229,,0.001,(((0.0332 + inv((2.62 + (-2.592366610336322 + (0.8632143461690074 * x_0))))) * (0.0674 + (-96.5 * (((-0.9450000000000001 + (-0.369 * (-2.6042880517983984 + (0.8681460559395869 * x_5)))) * ((4.19 + (-0.09730000000000001 * exp(((0.629 + (-1.21 * (-2.60574371073167 + (0.8689851533899914 * x_2)))) - (-0.0052499999999999995 + (-0.453 * (-2.6006514497943303 + (0.8661269753534652 * x_1)))))))) + (-0.528 + (1.41 * (-2.6046517249014727 + (0.8670926142388201 * x_3)))))))**2))) * (-0.0117 + (-0.0057599999999999995 * (-2.5993911809287535 + (0.8663341175539908 * x_4)))))
feynman_test_2,ok,6,NoRef,0.9336250714440933,0.5249110311897682,43,66.43349695205688,,0.001,((0.030000000000000002 + (0.006999999999999999 * (-3.461130966246928 + (1.7311567565712187 * x_0)))) * (((5.0 + (-3.4582322675314647 + (1.7311420374266462 * x_1))) + (-2.0 + (5.1000000000000005 * cos(((-0.6 + (1.7 * (-1.7337668264442576 + (0.5772717020612474 * x_5)))) + (0.5 + (-1.7 * (-1.7273320427229448 + (0.576284874615333 * x_4))))))))) * (0.003 + (90.0 * inv(((8.0 + (3.1 * (-3.4726601176557352 + (1.7308021547710963 * x_2)))) - (0.01 + (0.5 * (-3.4646041500698703 + (1.7330405779403493 * x_3))))))))))
feynman_test_20,ok,7,NoRef,0.8586971350041004,4.782241693511142,68,70.67707324028015,,0.001,(((-6.45 + ((-0.766 + (-2.587816331320761 + (0.8641211825943108 * x_4))))**3) * (-0.053200000000000004 + (0.0010299999999999999 * (-1.7308116338608592 + (0.577334615248235 * x_6))))) * ((0.0666 + (0.218 * exp(((-0.35300000000000004 + (0.9800000000000001 * (-2.596236257682979 + (0.8653447239069034 * x_3)))) - ((0.07200000000000001 + (-0.063 * (((0.897 + (-2.58 * (-2.606761796359611 + (0.8662456642733478 * x_0)))) + (1.41 + (-1.2 * (-2.587816331320761 + (0.8641211825943108 * x_4))))))**2)) + (((-50.800000000000004 + (-2.602048348520706 + (0.866295994732581 * x_1))) + (-65.5 + (0.00663 * (-2.5933038356437486 + (0.866296485686175 * x_5))))) * ((0.007699999999999999 + (-0.00835 * (-2.5933038356437486 + (0.866296485686175 * x_5)))) - (0.00483 + (-0.00896 * (-2.602048348520706 + (0.866295994732581 * x_1))))))))))) * (0.47600000000000003 + (0.24500000000000002 * (-2.5936198094335436 + (0.8660758094397234 * x_2))))))
feynman_test_3,ok,4,NoRef,0.9994978258260054,0.04095780177277028,33,44.41890072822571,,0.001,((3.2600000000000002 + (0.9670000000000001 * (-5.204108697266909 + (1.7364376740283314 * x_1)))) * ((-3.13 + (-0.898 * (-3.4612399428891205 + (1.72953326800354 * x_0)))) * (0.0060999999999999995 + (0.386 * exp((-0.00953 + (0.188 * (((0.00624 + (-0.42200000000000004 * (-15.549708726834528 + (3.456348448310929 * x_3)))) - (0.00328 + (-0.437 * (-15.592275067035953 + (3.4659012007171053 * x_2))))))**2)))))))
feynman_test_4,ok,5,NoRef,0.996056486232979,0.031282282753130566,42,63.028016328811646,,0.001,(0.1 + (0.6 * sqrt((((7.0 + (-8.636130317030096 + (0.863951916032847 * x_1))) + (-0.2 + (-0.5 * (-3.471095729689513 + (1.7340778453747905 * x_2))))) * (-0.001 + (3.0 * inv(((1.0 + (0.3 * (-3.465456598854826 + (1.7346677108227329 * x_0)))) + (0.01 + (0.02 * exp(((-0.1 + (-1.2 * (-3.4567195109498017 + (1.7275998425839234 * x_4)))) + (-0.2 + (0.8 * (-3.4655107404253496 + (1.731683986653483 * x_3))))))))))))))))
feynman_test_5,ok,4,NoRef,0.996557883328442,0.1876440271121144,34,50.78208827972412,,0.001,((0.2 + (0.067 * (-3.459496789006234 + (1.7316116078612522 * x_0)))) * (9.0 + (9.0 * inv(((0.05 + (-0.006 * (-3.459496789006234 + (1.7316116078612522 * x_0)))) * ((0.2 + (0.043000000000000003 * (-3.477330278232354 + (1.7380839905640877 * x_1)))) * ((40.0 + (3.8000000000000003 * (-3.472413170356827 + (1.7358644565404915 * x_3)))) + (-0.2 + (3.9 * (-3.4521714931075325 + (1.7276075377987816 * x_2)))))))))))
feynman_test_6,ok,7,NoRef,0.9525733822829345,0.09815455710752104,54,71.23540472984314,,0.001,(0.995 + (0.020700000000000003 * ((((0.23800000000000002 + (-3.464512747759358 + (1.728270169328964 * x_6))) - ((0.101 + (0.026000000000000002 * (-3.454466238363757 + (1.7265595844049317 * x_0)))) * (-0.06330000000000001 + (-0.00681 * (((0.281 + (-0.0086 * (((83.10000000000001 + (-9.25 * (-3.4545419859644113 + (1.7280083124647658 * x_3)))) + (0.659 + (-10.200000000000001 * (-3.4630673581781792 + (1.7338804854260446 * x_4))))))**2)) + (0.0449 + (31.8 * (-3.46790263422093 + (1.7333896724676598 * x_5))))))**2)))) * ((0.00174 + (-0.09190000000000001 * (-3.4747784880401205 + (1.7329182156371994 * x_2)))) + (0.5900000000000001 + (0.139 * (-3.46787142120215 + (1.731154255564323 * x_1)))))))**2))
feynman_test_7,ok,5,NoRef,0.9991151914529625,0.03687094480055308,39,56.82086515426636,,0.001,(-1.0 + (0.9 * sqrt(((3.0 + (0.77 * (-3.467033579266226 + (1.73265887002927 * x_0)))) * ((19.0 + (4.7 * (-3.445911134577542 + (1.7258881087887064 * x_1)))) - (0.3 + (0.4 * exp(((-0.7000000000000001 + (0.4 * (-5.209053283428308 + (3.469434439373854 * x_3)))) + ((0.3 + (0.2 * (-5.188249537567646 + (3.4579821791728467 * x_2)))) + (-0.1 + (-0.9900000000000001 * (-3.459403011159204 + (1.73125927522626 * x_4))))))))))))))
feynman_test_8,ok,4,NoRef,0.979880309698453,0.06405712154206335,40,52.110360860824585,,0.001,((0.030000000000000002 + (0.0075 * (-3.4643482339936145 + (1.731877471219282 * x_0)))) * (64.0 + (-0.002 * (((80.0 + (-26.3 * (-3.47598652491577 + (1.7384180587343998 * x_2)))) + ((0.3 + (7.0 * (-3.4643482339936145 + (1.731877471219282 * x_0)))) + ((0.3 + (-13.0 * (-3.4583757348863178 + (1.7309100354043234 * x_1)))) + ((-0.2 + (0.05 * (-3.460478352813991 + (1.729579382370561 * x_3)))) * (-30.0 + (-73.10000000000001 * (-3.460478352813991 + (1.729579382370561 * x_3)))))))))**2)))
feynman_test_9,ok,5,NoRef,0.9930013360366686,577.3866388334823,44,59.7328782081604,,0.001,(-1.0 + (-0.001 * (((0.2 + (0.09000000000000001 * (-2.5982850146190395 + (0.8672756595655778 * x_2)))) * ((0.2 + (0.084 * (-2.6051385367940294 + (0.8670786466194952 * x_3)))) * (0.02 + (-0.9 * (((0.6 + (0.12000000000000001 * (-5.208685770110276 + (3.4744164577647076 * x_0)))) * (0.02 + (-99.0 * inv(((0.5 + (0.11 * (-5.202741260856805 + (3.4673648514389166 * x_1)))) * (0.9 + (0.2 * (-5.187931550973729 + (3.4602636092693673 * x_4))))))))))**2)))))**2))
first_principles_absorption,ok,1,NoRef,0.921789620311548,0.12300332313936063,16,3.6328155994415283,,0.001,((0.936 + (-0.0073 * (-0.7949314364629688 + (0.07034791473123617 * x_0)))) + (0.0012 + (2.0100000000000002 * arctan((0.727 + (1.6300000000000001 * (-0.7949314364629688 + (0.07034791473123617 * x_0))))))))
first_principles_bode,ok,1,NoRef,-0.6376462432393053,11.32539393955506,58,5.787696123123169,,0.001,(-0.00752 + (0.08750000000000001 * ((-48.9 + (44.1 * cos((0.0181 + (-0.332 * inv((((-0.00933 + (-2.61 * (0.43758394892034747 + (0.0026736290158066037 * x_0)))) + (0.00043999999999999996 + (2.5300000000000002 * abs((0.09730000000000001 + (-0.0604 * sqrt((-0.1 + (-0.991 * inv((-2.12 + (0.00451 * sqrt(((0.0371 + (0.011200000000000002 * (0.43758394892034747 + (0.0026736290158066037 * x_0)))) - (-0.113 + (-0.014100000000000001 * (0.43758394892034747 + (0.0026736290158066037 * x_0)))))))))))))))))) - (0.389 + (0.008749999999999999 * (0.43758394892034747 + (0.0026736290158066037 * x_0))))))))))))**2))
first_principles_hubble,ok,1,NoRef,0.4159939936842689,224.60500052203605,41,6.256752252578735,,0.001,((((-1.54 + cos((0.53 + (55.6 * (-1.4147200704841647 + (1.533510140509918 * x_0)))))) - (-4.63 + (-2.93 * (-1.4147200704841647 + (1.533510140509918 * x_0))))) * (0.41300000000000003 + (1e-05 * (-1.4147200704841647 + (1.533510140509918 * x_0))))) * (((-9.94 + (-1.4147200704841647 + (1.533510140509918 * x_0))) * (-5.55 + (0.54 * sqrt((0.617 + (-0.00609 * (-1.4147200704841647 + (1.533510140509918 * x_0)))))))) * (8.16 + (-0.652 * (-1.4147200704841647 + (1.533510140509918 * x_0))))))
first_principles_ideal_gas,ok,3,NoRef,0.9614038942328258,0.33399749620447355,65,9.129856824874878,,0.001,(3.06 + (0.728 * sqrt((((41.7 + (-0.0064199999999999995 * (-14.04159107070147 + (0.03926342614867825 * x_1)))) - (-0.00943 + (0.455 * (-1.6588753782029562 + (0.03804183545297043 * x_0))))) - (((0.00466 + (-8.2 * ((((-0.0763 + (-1.6342268228683934 + (0.03140699204206439 * x_2))) - (0.04820000000000001 + (0.0512 * abs((0.027200000000000002 + (14.5 * (-1.6342268228683934 + (0.03140699204206439 * x_2)))))))) * (-0.787 + (0.0029 * (-14.04159107070147 + (0.03926342614867825 * x_1))))))**2)) - (-0.74 + (15.5 * (-1.6588753782029562 + (0.03804183545297043 * x_0))))) - ((-7.26 + (-7.43 * (-1.6342268228683934 + (0.03140699204206439 * x_2)))) - (-1.7 + (2.4 * sin((-66.8 + (5.7 * (-1.6342268228683934 + (0.03140699204206439 * x_2)))))))))))))
first_principles_kepler,ok,1,BFGS,0.994202785672233,406.25835224863545,21,6.1147379875183105,,0.001,(-2.82 + (5.24 * sqrt((-0.00054 + (0.35100000000000003 * (((52.5 + (50.9 * (-1.1695234273884498 + (0.5537516228165008 * x_0)))) + (0.08170000000000001 + (-5.8500000000000005 * (-1.1695234273884498 + (0.5537516228165008 * x_0))))))**3)))))
first_principles_leavitt,ok,1,NoRef,0.7881465486200103,0.22183443546094828,52,8.582831859588623,,0.001,(14.0 + (-65.3 * sin(((0.06530000000000001 + (-3.39 * (-1.675361170435023 + (1.909966697366354 * x_0)))) * (-0.00532 + (-0.00327 * sin((((-6.12 * (-1.675361170435023 + (1.909966697366354 * x_0))) * (-0.17300000000000001 + (0.028 * inv((-0.0204 + (0.06680000000000001 * (-1.675361170435023 + (1.909966697366354 * x_0)))))))) + ((0.741 + (-0.009439999999999999 * sin((-86.2 + (-0.0089 * (-1.675361170435023 + (1.909966697366354 * x_0))))))) - (0.07300000000000001 + (-75.7 * sqrt((0.897 + (-0.0931 * (-1.675361170435023 + (1.909966697366354 * x_0))))))))))))))))
first_principles_newton,ok,3,NoRef,0.42982076804872893,8.636437133888112,32,11.305506229400635,,0.001,((59.4 + (-0.538 * inv((0.005549999999999999 + (0.08670000000000001 * inv((0.66 + (-2.46 * sin(((0.0454 + (8.120000000000001 * (-0.34168074105967394 + (2.2853314771144052e-30 * x_2)))) - (8.120000000000001 + (35.9 * (-0.28037183712908537 + (4.46984705736738e-30 * x_1)))))))))))))) + (-8.84 + (-4.76 * (-0.745600483892919 + (8.109954698250198e-13 * x_0)))))
first_principles_planck,ok,2,NoRef,0.8271676568618141,114.04792685604309,47,8.404394626617432,,0.001,((-4.0 + (0.0683 * (-0.32243081473665985 + (5.869433361210693e-16 * x_0)))) * (4.15 + (0.47000000000000003 * abs(((6.24 + (-5.41 * sin((1.54 + (76.2 * (-0.9280851198273783 + (0.0006667251257322843 * x_1))))))) - (((0.036000000000000004 + (-0.32243081473665985 + (5.869433361210693e-16 * x_0))) - (-0.156 + (-0.00682 * (-0.9280851198273783 + (0.0006667251257322843 * x_1))))) * (-0.34500000000000003 + (-4.9 * inv((0.0245 + (0.00172 * ((9.4 + (9.450000000000001 * (-0.9280851198273783 + (0.0006667251257322843 * x_1)))))**2)))))))))))
first_principles_rydberg,ok,2,NoRef,0.9824130324700037,0.22533557823272285,22,7.9067113399505615,,0.001,(-5.0 + (-8.0 * exp(((0.030000000000000002 + (-0.006 * (-3.8187351939491063 + (0.6664773687552685 * x_1)))) * ((0.1 + (-7.0 * (-2.0975266654762863 + (0.611090445847422 * x_0)))) + (0.01 + (1.8 * (-3.8187351939491063 + (0.6664773687552685 * x_1)))))))))
first_principles_schechter,ok,1,NoRef,0.0790074745374314,2.1373900563699437,58,6.102065563201904,,0.001,(-0.07210000000000001 + (-6.59 * log((((-0.00479 + (-0.5953676229342441 + (1.451570923777581e-09 * x_0))) + (9.24 + (-0.217 * inv((0.781 + (4.41 * (-0.5953676229342441 + (1.451570923777581e-09 * x_0)))))))) * (((-0.537 + (-3.74 * (-0.5953676229342441 + (1.451570923777581e-09 * x_0)))) + ((0.0644 + (-0.00647 * (-0.5953676229342441 + (1.451570923777581e-09 * x_0)))) * (-1.56 + (-7.09 * inv((-71.4 + (52.300000000000004 * ((-0.0279 + (-28.0 * inv((8.5 + (-92.5 * (-0.5953676229342441 + (1.451570923777581e-09 * x_0))))))))**2))))))) - (-7.6000000000000005 + (-9.040000000000001 * (-0.5953676229342441 + (1.451570923777581e-09 * x_0)))))))))
first_principles_supernovae_zg,ok,1,NoRef,-1180738.0815912217,316.2731648392498,49,5.042306900024414,,0.001,(-0.0039499999999999995 + (0.006339999999999999 * exp((((-0.00958 + cos((0.35000000000000003 + (-1.187793178685335 + (0.031318702151750866 * x_0))))) * (-0.395 + (-0.00675 * arctan((-0.0267 + (88.8 * cos((49.5 + (-0.028 * (-1.187793178685335 + (0.031318702151750866 * x_0))))))))))) * ((0.0092 + (-0.00297 * inv((0.00654 + (0.07880000000000001 * cos((0.0675 + (-48.9 * (-1.187793178685335 + (0.031318702151750866 * x_0)))))))))) - (7.44 + (-5.95 * (-1.187793178685335 + (0.031318702151750866 * x_0)))))))))
first_principles_supernovae_zr,ok,1,NoRef,0.7668307369457021,0.09726322165108263,63,4.806873083114624,,0.001,(0.00091 + (0.041100000000000005 * ((((((-0.0038199999999999996 + (-1.5690960840504913 + (0.03737634545546627 * x_0))) + (-6.72 + (-0.0463 * (-1.5690960840504913 + (0.03737634545546627 * x_0))))) * (0.0927 + (-0.017300000000000003 * (((-5.45 + (0.525 * (-1.5690960840504913 + (0.03737634545546627 * x_0)))) * (0.0043 + (0.202 * (-1.5690960840504913 + (0.03737634545546627 * x_0))))))**2))) * (0.0512 + (2.93 * (-1.5690960840504913 + (0.03737634545546627 * x_0))))) - (-0.9380000000000001 + (0.905 * inv((-0.8360000000000001 + (-0.049 * cos((-0.0646 + (0.35300000000000004 * ((-6.45 + (4.3500000000000005 * exp((0.097 + (0.406 * (-1.5690960840504913 + (0.03737634545546627 * x_0))))))))**2))))))))))**2))
first_principles_tully_fisher,ok,1,NoRef,0.8999311370550829,0.4636526949294751,73,9.147137641906738,,0.001,(-0.0616 + (-77.9 * sqrt((-0.00775 + (0.00929 * sqrt(((((-0.1 + (-8.68 * inv((-72.8 + (40.800000000000004 * cos(((42.0 + (-0.054000000000000006 * inv((-7.2 + (-2.20013258087807 + (0.00646231526438688 * x_0)))))) * (0.931 + (-32.2 * (-2.20013258087807 + (0.00646231526438688 * x_0))))))))))) * ((-1.46 + (0.439 * inv((99.10000000000001 + (-0.00974 * sqrt((0.381 + (0.07700000000000001 * (-2.20013258087807 + (0.00646231526438688 * x_0)))))))))) + (-0.00925 + (-0.07490000000000001 * inv((0.07310000000000001 + (-42.2 * (-2.20013258087807 + (0.00646231526438688 * x_0))))))))) - (-51.4 + (-3.06 * (-2.20013258087807 + (0.00646231526438688 * x_0))))) + (-0.859 + (9.92 * (-2.20013258087807 + (0.00646231526438688 * x_0)))))))))))
nikuradse_1,ok,2,NoRef,0.865748628692028,0.06149968499065545,64,6.792618989944458,,0.001,(((-0.998 + (-0.00346 * abs(((-99.10000000000001 + (68.1 * inv((86.3 + (0.5840000000000001 * exp((-77.3 + (-22.0 * (-0.8646932551099632 + (0.006372216025855224 * x_0)))))))))) * (-0.00966 + (0.0233 * (-0.8646932551099632 + (0.006372216025855224 * x_0)))))))) * ((0.0307 + (0.005 * (-7.7977164157500045 + (1.578046607504265 * x_1)))) + (0.0012699999999999999 + (0.0478 * sin((-4.2 + (9.5 * sin((-66.3 + (0.9630000000000001 * (-7.7977164157500045 + (1.578046607504265 * x_1)))))))))))) - (-0.434 + (-0.92 * inv((-5.0600000000000005 + (0.202 * inv((0.00573 + (-0.023000000000000003 * (-0.8646932551099632 + (0.006372216025855224 * x_0)))))))))))
nikuradse_2,ok,1,NoRef,0.24685115221195653,0.20008274186584457,58,12.026543140411377,,0.001,(2.12 + (-0.0064399999999999995 * abs((((-9.36 * exp((1.09 + (-1.25 * (-2.0496709721284985 + (1.283874804081043 * x_0)))))) - (0.617 + (-0.043100000000000006 * (-2.0496709721284985 + (1.283874804081043 * x_0))))) + ((-0.009949999999999999 + (-0.06860000000000001 * (-2.0496709721284985 + (1.283874804081043 * x_0)))) + ((0.0398 + (0.0097 * sqrt((0.766 + (0.0009199999999999999 * (-2.0496709721284985 + (1.283874804081043 * x_0))))))) - ((-0.8290000000000001 + (2.95 * (-2.0496709721284985 + (1.283874804081043 * x_0)))) - (68.8 + (90.0 * inv((0.040600000000000004 + (46.6 * cos((-58.5 + (66.3 * (-2.0496709721284985 + (1.283874804081043 * x_0)))))))))))))))))
solar_flare,ok,10,NoRef,0.047511120882690716,0.8472014638399036,98,15.799223184585571,,0.001,(0.00686 + (2.18 * arctan((-0.00311 + (-0.925 * inv((-0.8290000000000001 + (0.0028799999999999997 * ((((-0.14600000000000002 * inv((0.367 + (0.0 + (0.0 * x_9))))) * (-0.8290000000000001 + (-54.800000000000004 * inv(((((-0.184 + inv((5.7 * (-2.2104561943408627 + (1.5896980191524297 * x_4))))) + ((49.0 + (-0.51 * (-0.1602308988614113 + (6.4012244095133815 * x_8)))) - (1.46 + (4.55 * (-0.8109724708938756 + (2.0440599502971817 * x_6)))))) * (-0.030600000000000002 + (-0.613 * (-0.18406077053764514 + (3.0638449095745512 * x_5))))) + (-5.4 + (-0.0403 * (-1.3042787219993834 + (0.44176290753603537 * x_0))))))))) + ((-0.00568 + (0.09740000000000001 * (-1.598090132402021 + (0.8361977837519415 * x_1)))) * ((9.07 + (-5.18 * inv(((-0.036800000000000006 + (-0.028300000000000002 * (-1.3042787219993834 + (0.44176290753603537 * x_0)))) + (-15.8 + (0.00465 * (0.0 + (0.0 * x_9)))))))) + ((-0.044300000000000006 + (0.737 * (-1.189105842835749 + (1.2387165168523644 * x_2)))) + ((-0.00404 + (30.900000000000002 * (-2.5294560972960465 + (2.924798005411782 * x_7)))) * (-0.00331 + (0.017 * (-0.4245077086254412 + (2.7801775343584225 * x_3))))))))))**3))))))))
strogatz_bacres1,ok,2,NoRef,0.9719578505431975,0.37685022651219696,29,9.596371173858643,,0.001,((-0.00656 + (-1.73 * (-2.879498286108375 + (0.07514553155101268 * x_1)))) + ((-0.00912 + (-0.5900000000000001 * (-6.262349407491105 + (0.4541858300590738 * x_0)))) + ((0.0347 + (-0.00632 * (-6.262349407491105 + (0.4541858300590738 * x_0)))) - ((-0.0134 + (0.00825 * (-2.879498286108375 + (0.07514553155101268 * x_1)))) * (52.800000000000004 + (-44.9 * (-6.262349407491105 + (0.4541858300590738 * x_0))))))))
strogatz_bacres2,ok,2,BFGS,0.9954256575566889,0.1469920686734663,54,8.115230560302734,,0.001,(9.200000000000001 + (-0.08660000000000001 * sqrt((((-3.49 * (((-90.3 + (-41.2 * (-2.879498286108375 + (0.07514553155101268 * x_1)))) - ((-0.256 + (0.8440000000000001 * (-2.879498286108375 + (0.07514553155101268 * x_1)))) - (-9.22 + (9.040000000000001 * (-6.262349407491105 + (0.4541858300590738 * x_0)))))))**2) * (-0.08560000000000001 + (0.017900000000000003 * (-6.262349407491105 + (0.4541858300590738 * x_0))))) + (((-0.013000000000000001 + (2.41 * cos((0.311 + (-32.3 * (-6.262349407491105 + (0.4541858300590738 * x_0))))))) - (3.97 + (1.81 * (-6.262349407491105 + (0.4541858300590738 * x_0))))) - (-0.628 + (1.74 * (-6.262349407491105 + (0.4541858300590738 * x_0)))))))))
strogatz_barmag1,ok,2,NoRef,0.9434045098032765,0.0453394975334556,30,9.32983946800232,,0.001,((0.002 + (-0.0024 * arctan((0.1 + (-13.749320144176263 + (2.4397466465165905 * x_0)))))) * ((99.0 + (9.0 * (-0.7763258181607384 + (0.39781013080990546 * x_1)))) + (0.001 + (-9.0 * inv((-0.08 + (-0.01 * ((-0.1 + (-7.0 * (-0.7763258181607384 + (0.39781013080990546 * x_1)))))**3)))))))
strogatz_barmag2,ok,2,NoRef,0.44654844288396167,0.1842517634131629,59,9.765814542770386,,0.001,((-0.604 + (78.60000000000001 * inv((68.9 + (-99.10000000000001 * inv(((0.432 + (0.025900000000000003 * (-13.749320144176263 + (2.4397466465165905 * x_0)))) - ((0.0373 + (-0.020900000000000002 * ((((0.00219 + (-13.749320144176263 + (2.4397466465165905 * x_0))) - (5.36 + (92.9 * (-0.7763258181607384 + (0.39781013080990546 * x_1))))) * (0.0044199999999999995 + (0.257 * (-0.7763258181607384 + (0.39781013080990546 * x_1))))))**3)) - (-0.0446 + (0.08030000000000001 * inv((6.09 + (-0.182 * (-13.749320144176263 + (2.4397466465165905 * x_0))))))))))))))) * ((-0.00445 + (0.00568 * (-13.749320144176263 + (2.4397466465165905 * x_0)))) * (-50.6 + (-79.8 * (-0.7763258181607384 + (0.39781013080990546 * x_1))))))
strogatz_glider1,ok,2,NoRef,0.9849148224515303,0.09028667094922135,28,10.469694375991821,,0.001,((-0.26 + (-1.0 * cos(((0.6 + (-7.3 * (-1.8728726161932867 + (0.13763524572636318 * x_1)))) + (0.01 + (-0.1 * (-2.0479585513057548 + (0.9185478027788039 * x_0)))))))) + ((0.030000000000000002 + (0.006 * (-2.0479585513057548 + (0.9185478027788039 * x_0)))) * (0.01 + (-7.5 * (-2.0479585513057548 + (0.9185478027788039 * x_0))))))
strogatz_glider2,ok,2,NoRef,-2.1295212111251636,1.693791199996436,37,13.174558639526367,,0.001,(((-0.42100000000000004 * cos(((-0.0675 + (-0.927 * (-2.0479585513057548 + (0.9185478027788039 * x_0)))) - (-0.9750000000000001 + (-6.99 * (-1.8728726161932867 + (0.13763524572636318 * x_1))))))) - (4.04 + (-0.899 * (-2.0479585513057548 + (0.9185478027788039 * x_0))))) + ((-0.055900000000000005 + (-0.668 * inv((9.83 + (5.57 * (-2.0479585513057548 + (0.9185478027788039 * x_0))))))) - (-6.45 + (-0.0131 * (-2.0479585513057548 + (0.9185478027788039 * x_0))))))
strogatz_lv1,ok,2,NoRef,0.4706379783061134,1.3046225866449594,22,9.186988592147827,,0.001,((0.001 + (0.001 * (-1.8092302962642817 + (1.2608026657501157 * x_1)))) * (-0.01 + (-0.09000000000000001 * (((70.0 + (99.9 * (-0.669488742160413 + (0.8024202405723764 * x_0)))) + (-0.01 + (40.0 * (-1.8092302962642817 + (1.2608026657501157 * x_1))))))**2)))
strogatz_lv2,ok,2,BFGS,0.04725641851803053,1.1801638380173771,50,12.141726016998291,,0.001,((6.0613684597357915 + (1.783458653108149 * ((6.683871605544872 + (-1.8092302962642817 + (1.2608026657501157 * x_1))))**2)) * ((-1.2123820076862926 + (0.14590849363722644 * (-0.669488742160413 + (0.8024202405723764 * x_0)))) * (((1.7208995262597226 + (-0.669488742160413 + (0.8024202405723764 * x_0))) - (-0.8977495262597212 + (-0.2749327048854082 * (-1.8092302962642817 + (1.2608026657501157 * x_1))))) * ((0.3192882654372133 + (-0.13863856840263014 * inv((-4.856341972170206 + (-1.8092302962642817 + (1.2608026657501157 * x_1)))))) * (0.0014145645595510371 + (-0.0002614894622711402 * cos(((1.305636956190302 + (8.4679420246772 * (-0.669488742160413 + (0.8024202405723764 * x_0)))) * (-2.4655772965741485 + (0.8458865791958594 * (-0.669488742160413 + (0.8024202405723764 * x_0))))))))))))
strogatz_predprey1,ok,2,NoRef,0.9520394164545023,0.514719599274977,41,11.510174751281738,,0.001,((((-6.76 + (-7.67 * (-0.7945524687408121 + (0.8507325088617598 * x_0)))) + ((11.200000000000001 + (-12.8 * (-1.88614632091165 + (0.38086615907634147 * x_1)))) - (8.9 + (0.00091 * (-0.7945524687408121 + (0.8507325088617598 * x_0)))))) - ((-7.73 + (-0.00514 * (-1.88614632091165 + (0.38086615907634147 * x_1)))) + ((0.009049999999999999 + (-5.23 * (-0.7945524687408121 + (0.8507325088617598 * x_0)))) - (0.733 + (0.09480000000000001 * (-0.7945524687408121 + (0.8507325088617598 * x_0))))))) * (0.09300000000000001 + (0.11 * (-0.7945524687408121 + (0.8507325088617598 * x_0)))))
strogatz_predprey2,ok,2,NoRef,0.9354087272745434,0.3986496588651757,27,7.9875359535217285,,0.001,(2.0 + (-3.0 * exp(((-0.3 + (-0.8 * (-0.7945524687408121 + (0.8507325088617598 * x_0)))) + ((-0.1 + (0.5 * (-1.88614632091165 + (0.38086615907634147 * x_1)))) + (-0.001 + (-0.07 * arctan((60.0 + (91.9 * (-0.7945524687408121 + (0.8507325088617598 * x_0))))))))))))
strogatz_shearflow1,ok,2,NoRef,-0.3096437383653976,0.3652268734314649,35,12.38430404663086,,0.001,((0.003 + (0.006 * (0.5799747510223856 + (0.709259269968821 * x_1)))) * ((0.2 + (0.4 * (0.5799747510223856 + (0.709259269968821 * x_1)))) * ((0.9 + (0.6 * (0.2165174357325378 + (0.3626875714686538 * x_0)))) * ((9.0 + (6.0 * (0.2165174357325378 + (0.3626875714686538 * x_0)))) * ((-0.9 + (-99.0 * (0.5799747510223856 + (0.709259269968821 * x_1)))) + (-80.0 + (-0.060000000000000005 * (0.2165174357325378 + (0.3626875714686538 * x_0)))))))))
strogatz_shearflow2,ok,2,BFGS,0.25487687999349773,0.2073829722570456,52,17.263933897018433,,0.001,((0.02492887278501443 + (-0.01363343904483584 * sqrt((-0.009272671459317396 + (34.69995566969884 * inv((0.07078768612259312 + (0.06620714424880084 * ((-0.23933446669563893 + (0.9099594384922465 * sin((25.599868818503303 + (-3.2200215438040765 * (0.5799747510223856 + (0.709259269968821 * x_1))))))))**2)))))))) * (0.07816314490664834 + (0.6790748238280824 * sin((0.04676829657047647 + (0.557290897633757 * inv(((-0.009519209739178896 + (-0.3315258829827684 * inv((-11.203598420311474 + (-41.0989600804483 * (0.2165174357325378 + (0.3626875714686538 * x_0))))))) - (-0.07177079026082112 + (1.769037528058951 * (0.2165174357325378 + (0.3626875714686538 * x_0))))))))))))
strogatz_vdp1,ok,2,NoRef,-5.08258588613204,3.979174401150975,42,6.865293741226196,,0.001,(((-0.0046099999999999995 * (-0.43631478095961607 + (3.6409165496093783 * x_1))) * (0.029200000000000004 + (0.0937 * (((1.73 + (0.00628 * (-0.43631478095961607 + (3.6409165496093783 * x_1)))) - ((4.0 + (6.28 * (-0.43631478095961607 + (3.6409165496093783 * x_1)))) + (3.44 + (9.65 * cos((0.865 + (3.45 * arctan((0.0548 + (0.674 * (-0.6415222350099536 + (1.1042715579288094 * x_0)))))))))))))**3))) + (0.0539 + (-0.116 * (-0.6415222350099536 + (1.1042715579288094 * x_0)))))
strogatz_vdp2,ok,2,NoRef,0.9999587276148566,0.0005926136564802342,17,2.9557697772979736,,0.001,((-0.058 + (-0.09000000000000001 * (-0.6415222350099536 + (1.1042715579288094 * x_0)))) + ((0.001 + (-0.001 * (-0.43631478095961607 + (3.6409165496093783 * x_1)))) * (-0.001 + (0.02 * (-0.6415222350099536 + (1.1042715579288094 * x_0))))))
