dataset,status,n_features,refinement_type,r2,rmse,complexity,seconds,error,noise_strength,expr
1027_ESL,ok,4,NoRef,0.8005440901540264,0.5909614639957254,26,9.410426139831543,,0.01,((5.0 + (0.7000000000000001 * (-5.984639666737496 + (1.0617441192563855 * x_3)))) + (((0.6 * (-4.597176476102773 + (0.8602078682278196 * x_2))) + (0.3 + (0.4 * (-3.2646780146027847 + (0.640682119755828 * x_1))))) + (-0.1 + (0.3 * tan((0.02 + (-9.9 * (-3.5866482951028424 + (0.6488943529449531 * x_0)))))))))
1028_SWD,ok,10,BFGS,0.17983695672538935,0.7324648345004877,109,25.25909161567688,,0.01,(0.030290752367534764 + (0.5676203508009019 * sqrt((((2.3311405509150855 * (-2.1373666733018415 + (0.9662597980568902 * x_2))) + ((0.7288106756861975 + (0.13565003983582574 * arctan((((((0.3541796062546899 + (6.600646528005468 * tan((-0.6075146586681673 + (-2.569944899053485 + (1.3329589725381146 * x_6)))))) * (-86.10083585682898 + (-0.5200024320199521 * (-2.697450793320586 + (1.3559571682241551 * x_0))))) - ((-0.3729398431573025 + (-12.899935311201897 * (-2.6342106133194694 + (1.2394341028792988 * x_9)))) + (0.00684015684269747 + (-2.6800884616964424 * arctan((-9.930001615776218 + (0.006662124452893649 * (-2.600553656918532 + (1.2550934637637703 * x_8))))))))) - (0.003040156842697471 + (-4.092641403315824 * (((0.5987509916255557 + (-0.5506454057199298 * (-2.569944899053485 + (1.3329589725381146 * x_6)))) * ((-1.4019932732189846 + (-0.0787944592874776 * (-2.426926571290108 + (1.2290310117944503 * x_3)))) + (70.99800672678101 + (-6.049377205001054 * (-2.268186844778958 + (0.9771051887330375 * x_4)))))))**2))) + (0.04203984315730253 + (-0.0009346887981037967 * (-2.6342106133194694 + (1.2394341028792988 * x_9)))))))) * (((0.004955086559737873 + arctan((4.007616873175015 * (-2.9081003152529648 + (2.0120620262359075 * x_5))))) + (0.055865086559737875 + (0.23173015832383217 * sin((-0.004939558465346921 + (-79.79784324651304 * (-2.8215915534304346 + (1.2833193845196034 * x_1)))))))) * (0.5996316219085884 + (0.6231904399214806 * inv((0.38262901882878153 + (-0.012630047743040058 * (-2.7596764375814526 + (1.367982371570449 * x_7)))))))))) + (43.902000133357504 + (2.4144003242867886 * (-2.600553656918532 + (1.2550934637637703 * x_8))))))))
1029_LEV,ok,4,BFGS,-0.00010938500586510358,0.9234875616554677,69,11.690397500991821,,0.01,(1.782333048159463 + (-1.0571837076481713e-09 * (((0.9916423117212162 + (0.01730338221299082 * (-1.4856411796560651 + (0.7038729530903657 * x_2)))) - (((-0.09224231172121611 + (-0.01271932629643769 * (-1.2447225684250052 + (0.7356516361849913 * x_0)))) + (0.09005768827878387 + (3.296506191065417 * (-1.453122682939075 + (0.7314375920834271 * x_1))))) - (0.0029623117212161606 + (-30.79912167311376 * sin((((-0.02204371645752965 + (-1.2447225684250052 + (0.7356516361849913 * x_0))) * (-7.241332479829525 + (12.499676709467503 * inv(((-46.100024731308245 + (2.801019332012902 * (-1.43051090044895 + (0.7293563394539174 * x_3)))) * (9.38083809506089 + (0.008605426777024866 * ((-0.07637822416288687 + (0.547798377894187 * log((56.09996729753708 + (-0.009094275837962745 * (-1.453122682939075 + (0.7314375920834271 * x_1))))))))**2))))))) * (82.30102106425507 + (0.004979872600828809 * sqrt((6.50019639816398 + (0.021705014816750412 * (-1.453122682939075 + (0.7314375920834271 * x_1))))))))))))))**2))
1030_ERA,ok,4,BFGS,0.08703290609837189,2.0791705836177723,59,14.43100380897522,,0.01,((0.6161937411888999 + (-2.302588012004832 * cos(((3.4837087159876905 + (-0.28267034374952843 * (-1.7229002393230515 + (0.2634941230612334 * x_1)))) + (-79.4462912840123 + (4.090741126641935 * arctan((1.51024007782613 + (-0.031562309456697996 * (-1.6699147855983014 + (0.21789076012503933 * x_0))))))))))) + (0.7489937411889003 + (4.854950030991013 * abs(((0.035149338160765306 + (0.042421628246523534 * abs(((-0.20755619741977918 + (0.504774919497054 * (-1.848228685399118 + (0.2762949001493599 * x_2)))) * (0.008251744629783644 + (0.044695073574618334 * inv((-8.950013498000436 + (0.024865614610209627 * (-1.3791511341247022 + (0.2190519590414076 * x_3))))))))))) - (-0.10831933816076533 + (-0.031339007519492604 * sin((-0.504335769978508 + (-48.654771769403325 * (-1.6699147855983014 + (0.21789076012503933 * x_0))))))))))))
1089_USCrime,skip,13,,,,,,,0.01,
1096_FacultySalaries,ok,4,NoRef,0.6320443191260883,2.3939432256362565,32,7.980890512466431,,0.01,(((-0.0025199999999999997 + (0.6950000000000001 * ((-0.373 * (-8.770750843354087 + (0.1692268037964866 * x_3))))**2)) + (41.9 + (2.7 * (-8.770750843354087 + (0.1692268037964866 * x_3))))) - ((0.08950000000000001 + (-0.0035399999999999997 * (-8.294162598512163 + (0.14200756008222232 * x_1)))) - ((-0.0635 + (-4.1 * (-7.228378749769162 + (0.09741892258588145 * x_2)))) - (-2.79 + (-7.07 * (-8.294162598512163 + (0.14200756008222232 * x_1)))))))
1191_BNG_pbc,skip,18,,,,,,,0.01,
1193_BNG_lowbwt,ok,9,NoRef,0.5316167720943583,491.46110607787637,94,82.36891770362854,,0.01,((0.06960000000000001 + (-0.134 * sqrt(((-9.72 + (82.8 * ((0.24300000000000002 + (-0.304 * sin((-6.22 + (-9.6 * (-2.2954917666927157 + (2.7311282671192774 * x_7))))))))**3)) * (-85.9 + (-0.026000000000000002 * (-4.379396026233055 + (0.18873184169507426 * x_1)))))))) * ((0.918 + (-2.98 * sqrt(((-0.00122 + (0.0154 * (-0.8258478427120429 + (2.0367246511033446 * x_4)))) + (0.06860000000000001 + (35.2 * ((47.0 + (0.0536 * (-0.8753177193754129 + (0.7228622117526775 * x_8)))))**2)))))) - ((((-28.2 + (-0.00345 * (-1.8663682181069738 + (1.3843764003815417 * x_3)))) - ((-1.29 + (-0.35300000000000004 * (-0.2743552436594544 + (3.9192646197720467 * x_6)))) - ((9.98 + (32.2 * (-0.6709061034818435 + (2.1614276456324326 * x_0)))) * (-4.91 + (-0.00631 * (-4.248422047977351 + (0.032784099878693275 * x_2))))))) - (-38.6 + (-0.00808 * (-0.42492690553036766 + (1.646080181370378 * x_5))))) - (-0.7130000000000001 + (-0.05380000000000001 * sqrt((-0.09350000000000001 + (0.0787 * abs((0.0052 + (2.05 * (-0.6709061034818435 + (2.1614276456324326 * x_0)))))))))))))
1196_BNG_pharynx,ok,10,NoRef,0.3509291861626852,336.9621979499364,106,130.9042592048645,,0.01,((-3.77 + (0.016 * abs(((((-0.00998 + (-0.5850000000000001 * (-0.9748807203728533 + (2.0006472363190704 * x_2)))) + ((5.73 + (0.0087 * (-1.2335146302106939 + (1.2276236734098909 * x_6)))) - ((0.0015999999999999999 + (-94.0 * (-0.6062755085208393 + (2.2556906439594284 * x_9)))) + (-9.4 + (-0.00618 * (-0.6062755085208393 + (2.2556906439594284 * x_9))))))) - (-0.0031 + (3.62 * (-0.9787621505210815 + (0.9861318424906281 * x_7))))) * (((-0.00913 + (-0.006059999999999999 * (-1.4145987963010245 + (1.5251980225035269 * x_3)))) + ((99.2 + (6.24 * (-1.3024072194677068 + (0.5724276438596108 * x_0)))) * (-1.6500000000000001 + (4.21 * sin((-38.1 + (-54.7 * (-1.4884195962629418 + (1.0396411615340688 * x_8))))))))) - ((0.00699 + (-55.5 * (-0.5294352082530241 + (1.2636529607062625 * x_5)))) - (-0.152 + (92.10000000000001 * (-0.6062755085208393 + (2.2556906439594284 * x_9)))))))))) + ((-0.10500000000000001 + (0.006869999999999999 * abs((((-0.597 + (-1.768313735831374 + (2.3338242443666983 * x_1))) + (0.058300000000000005 + (-0.0028599999999999997 * ((-28.3 + (-7.8 * (-5.38901179775602 + (0.0891167199145502 * x_4)))))**2))) * (86.9 + (0.753 * inv((-0.00878 + (6.72 * (-0.9748807203728533 + (2.0006472363190704 * x_2))))))))))) - (-0.9480000000000001 + (-0.037000000000000005 * (-1.768313735831374 + (2.3338242443666983 * x_1))))))
1199_BNG_echoMonths,ok,9,NoRef,0.31664826358892484,13.107508286278792,68,66.67208337783813,,0.01,((0.1 + (0.002 * (((30.0 + (-20.0 * (-0.7006903278735214 + (2.1278543120472913 * x_0)))) + (0.3 + (-99.9 * sin(((0.01 + (5.0 * (-0.5017378935864184 + (2.494810397741941 * x_8)))) + (0.006 + (0.01 * inv(((0.060000000000000005 + (0.060000000000000005 * (-5.895898785165648 + (1.2318638071644166 * x_5)))) + ((0.060000000000000005 + (0.060000000000000005 * (-0.49911869021357436 + (2.5026501539864436 * x_2)))) + ((0.060000000000000005 + (-0.060000000000000005 * (-7.592359124770964 + (0.12102999837163637 * x_1)))) + (0.060000000000000005 + (-0.060000000000000005 * (-2.0328645278907476 + (9.118566531730082 * x_3))))))))))))))))**2)) + ((0.001 + (-0.002 * (-3.067944714584882 + (2.164750004991396 * x_7)))) * ((90.0 + (0.02 * (-1.6574444047673307 + (0.13888828634554612 * x_4)))) + (0.001 + (0.02 * (-2.6721771408958337 + (0.18194219588543792 * x_6)))))))
1201_BNG_breastTumor,ok,9,BFGS,0.006710853625868318,10.358560376022679,99,80.52122807502747,,0.01,((0.25208387955325867 + (-0.35685918353565105 * tan((89.53754252845063 * (-0.7262194085300238 + (2.103213727676835 * x_8)))))) + ((-0.5070061204467412 + (0.8439220975370505 * (-0.5638320098201588 + (2.337409924133613 * x_3)))) - ((-24.356993879553258 + (0.07398783667494323 * inv((0.4925842441524527 * (-0.9189845014450806 + (1.6390296272383873 * x_1)))))) + ((-0.04248596220157394 + (-7.940910613402036 * inv(((-0.0013556957916813351 + (-0.4284309028462297 * (-0.7087067259517521 + (0.22582626161959693 * x_2)))) + ((39.69982430420832 + (0.023918283118080023 * inv(((((46.300000000185726 * (-0.9189845014450806 + (1.6390296272383873 * x_1))) * (0.005781477607984682 + (0.950000000061496 * exp((-0.0030199999415788273 + (23.09999999998434 * (-1.1088808592176158 + (0.7610555194479648 * x_6)))))))) + (0.036700051377683895 + (24.499999966340535 * (-0.6252646835076331 + (2.224587380561564 * x_7))))) - (-6.120000051377684 + (1.3400000483255416 * (-0.5638320098201588 + (2.337409924133613 * x_3)))))))) + (0.05232430420831868 + (0.03294534918373969 * inv(((-0.0029320595212139677 + (-0.21287419936958585 * (-1.5180585447871628 + (1.2488927483023398 * x_4)))) * (2.8799907127955153 + (0.0006459147073858629 * (-5.250497014027723 + (0.10319273787661308 * x_0))))))))))))) * (0.8056388341728599 + (-1.2486492320108673 * inv((0.5847272158928145 + (0.4619607317880377 * cos((-0.00020191241003194443 + (59.30936905290138 * (-1.0518934400831168 + (2.002560077875804 * x_5))))))))))))))
1203_BNG_pwLinear,ok,10,NoRef,0.4804598534096941,3.2175151344684703,79,88.00724768638611,,0.01,((0.0342 + (0.00705 * (-0.026755910949340968 + (1.191283622228365 * x_7)))) + ((0.133 + (0.00546 * inv((9.3 + (-0.10672377789578776 + (1.219307002427927 * x_5)))))) * ((((0.335 * inv(((-0.0040999999999999995 + (-0.046900000000000004 * inv(((7.140000000000001 + (0.0025199999999999997 * (0.08136827226570918 + (1.214127207235189 * x_9)))) * (-6.48 + (63.4 * (0.13590670909093983 + (1.2475172979012206 * x_1)))))))) - (0.013600000000000001 + (0.09400000000000001 * cos((((-0.68 * (0.09327695722231513 + (1.1935641468320128 * x_2))) * (-0.0315 + (0.034600000000000006 * (0.05301294397079258 + (1.1962125910257306 * x_8))))) + (-0.040900000000000006 + (-9.83 * (0.017023356996386664 + (1.214022120525997 * x_3))))))))))) + (-0.00832 + (5.6000000000000005 * (-0.07012326027132888 + (1.2885997731187766 * x_4))))) + (0.09690000000000001 + (0.612 * (0.021079400064747105 + (1.2326624527298857 * x_6))))) - ((0.17400000000000002 + (18.2 * (-0.07806305361583178 + (1.0030422923983957 * x_0)))) - (0.006229999999999999 + (7.12 * (-0.10672377789578776 + (1.219307002427927 * x_5))))))))
192_vineyard,ok,2,NoRef,0.03186070499525884,3.39668524472217,42,10.380724668502808,,0.01,(((0.00865 * (-1.8307543886114104 + (0.5534838849290311 * x_0))) * ((51.9 + (0.012100000000000001 * (-4.117027889192704 + (0.42817090047604117 * x_1)))) * (6.99 + (-4.3500000000000005 * (-4.117027889192704 + (0.42817090047604117 * x_1)))))) + ((-0.163 + (-0.0834 * (-4.117027889192704 + (0.42817090047604117 * x_1)))) - (((-36.6 + (-1.8307543886114104 + (0.5534838849290311 * x_0))) - (0.674 + (0.00817 * (-4.117027889192704 + (0.42817090047604117 * x_1))))) * (0.551 + (-0.1 * cos((-0.00142 + (-41.300000000000004 * (-4.117027889192704 + (0.42817090047604117 * x_1))))))))))
197_cpu_act,skip,21,,,,,,,0.01,
201_pol,skip,48,,,,,,,0.01,
210_cloud,ok,5,NoRef,-111.93158128021217,12.875105662070231,48,13.019649982452393,,0.01,(((-0.47600000000000003 + (-0.030000000000000002 * (-1.063756996389881 + (2.0038213187809384 * x_0)))) + (0.8180000000000001 + (0.48100000000000004 * (-1.0027588296430885 + (0.754864913942272 * x_2))))) - ((-0.0291 + (-0.462 * (-1.387200735049868 + (1.1821489699211438 * x_3)))) - (0.508 + (-0.0732 * tan((0.005569999999999999 + (44.7 * sin(((-0.095 + (4.13 * sin((-8.5 * (-1.364220250476025 + (0.7075287476063205 * x_4)))))) + ((-0.0985 + (-0.0345 * (-1.5014210843154818 + (0.9501180299183909 * x_1)))) + (-9.07 + (0.773 * (-1.0027588296430885 + (0.754864913942272 * x_2))))))))))))))
215_2dplanes,ok,10,NoRef,0.7394543125858128,2.247279367173628,67,73.20814895629883,,0.01,(((0.9 * (-0.0035612308857941688 + (1.2234628715060953 * x_5))) + (-0.01 + (0.9 * (0.005300190578787094 + (1.227716872249956 * x_6))))) + (((0.9 * (-0.00564753644310365 + (1.2246742857045192 * x_4))) + (-0.01 + (0.9 * (0.006181758858160029 + (1.227360122383773 * x_1))))) + ((0.001 + (0.060000000000000005 * (-0.007391620021877722 + (1.0000273176501469 * x_0)))) * ((70.0 + (0.01 * (-0.004608156951370428 + (1.225208756044367 * x_8)))) + ((-0.01 + (20.0 * (-0.005790737562637947 + (1.2210868394152956 * x_2)))) + ((-0.01 + (20.0 * (0.006181758858160029 + (1.227360122383773 * x_1)))) + ((-0.001 + (-30.0 * (-0.00564753644310365 + (1.2246742857045192 * x_4)))) + ((-0.01 + (9.0 * (-0.007542546838105635 + (1.2267069793719036 * x_3)))) + ((-0.01 + (-0.02 * (0.000961008687445924 + (1.224325067806107 * x_7)))) + (-0.01 + (-0.02 * (-0.00852028187603578 + (1.223080463106432 * x_9)))))))))))))
218_house_8L,ok,8,NoRef,0.32217296040378407,43086.16459302396,101,82.26199507713318,,0.01,((-0.06520000000000001 + (-0.0965 * sqrt(((-0.00549 + (66.9 * sqrt((0.00182 + (0.6880000000000001 * (((-0.9740000000000001 + (0.00582 * (-8.061701010163619 + (16.662839295296614 * x_2)))) - (-6.95 + (-0.186 * inv((-3.98 + (-0.004 * (-8.206877177793153 + (11.45494412822042 * x_3)))))))))**3))))) + (-0.006019999999999999 + (1.2 * (-0.10801988988219374 + (3.588704079356121e-05 * x_0)))))))) * (0.8130000000000001 + (-79.7 * sqrt(((67.1 + (-0.023600000000000003 * (-0.4086541858731071 + (7.12287344247703 * x_4)))) * (83.2 + (0.41000000000000003 * abs((((-0.00155 + (-1.2342016972307135 + (7.193407984280178 * x_5))) + ((6.01 + (4.21 * (-8.061701010163619 + (16.662839295296614 * x_2)))) * (((-3.6 + (-1.4778853576677324 + (3.018530617638108 * x_7))) * (-0.442 + (20.6 * sin((-0.08850000000000001 + (32.1 * (-1.4778853576677324 + (3.018530617638108 * x_7)))))))) * (0.189 + (0.641 * (-0.24262960728424587 + (23.204458944211208 * x_1))))))) * (-0.9900000000000001 + (74.3 * inv(((-5.01 + (-7.61 * (-0.4086541858731071 + (7.12287344247703 * x_4)))) + (0.025 + (0.0054399999999999995 * (-7.875622162830448 + (1.3179634777497748 * x_6)))))))))))))))))
225_puma8NH,ok,8,NoRef,0.30797389515367213,4.654435976463281,57,30.81549334526062,,0.01,((1.0 + (7.5 * sin(((0.3 + (1.2 * (0.008547353604208574 + (0.9232330594593369 * x_2)))) + (0.030000000000000002 + (1.5 * (-0.018781624818002968 + (0.9162726245952064 * x_1)))))))) + (0.01 + (2.5 * sin(((0.02 + (-0.3 * (0.004591935970961835 + (0.9196169463114232 * x_0)))) + ((0.02 + (-0.9 * (-0.015994000316161727 + (0.9193579336569845 * x_5)))) + ((0.02 + (-0.9 * (-0.0030518723807430284 + (2.885758453397036 * x_7)))) + ((0.02 + (-0.6 * (-0.005039616277208504 + (0.9178329412505182 * x_3)))) + ((0.02 + (0.8 * (0.01992068983137916 + (0.9167847738784176 * x_4)))) + (0.030000000000000002 + (-6.0 * (0.0012648121662612872 + (2.920123009202326 * x_6)))))))))))))
227_cpu_small,skip,12,,,,,,,0.01,
228_elusage,ok,2,NoRef,0.4922387983322698,15.504175255232123,58,12.200089931488037,,0.01,((9.84 + (0.007319999999999999 * abs((-0.00813 + (0.595 * (-1.5860891132720205 + (0.27209060102156 * x_1))))))) - ((((-8.040000000000001 + (-1.5860891132720205 + (0.27209060102156 * x_1))) - (3.31 + (-64.4 * ((-0.8250000000000001 + (0.156 * (-3.4184354857600585 + (0.06440985979603052 * x_0)))))**2))) * (-1.03 + (0.47300000000000003 * cos(((-3.74 + (21.5 * (-1.5860891132720205 + (0.27209060102156 * x_1)))) * (-7.34 + (-66.0 * (-1.5860891132720205 + (0.27209060102156 * x_1))))))))) * (((-0.049300000000000004 * (-3.4184354857600585 + (0.06440985979603052 * x_0))) - (9.999999999999999e-05 + (0.052700000000000004 * (-1.5860891132720205 + (0.27209060102156 * x_1))))) + (0.871 + (-0.058 * (-3.4184354857600585 + (0.06440985979603052 * x_0)))))))
229_pwLinear,ok,10,NoRef,0.5307326317920289,3.078750059032607,62,7.260103464126587,,0.01,(((-0.1 + (2.0 * (-0.05290092118939488 + (1.3225230297348718 * x_4)))) + (-0.1 + (2.0 * sin((0.060000000000000005 + (9.0 * (-0.047637054444277724 + (1.1909263611069432 * x_7)))))))) - ((0.030000000000000002 + (0.01 * (0.11923929502757463 + (1.1923929502757462 * x_2)))) * (((-30.0 * (0.10840487404402506 + (1.2508254697387506 * x_1))) + ((0.01 + (-30.0 * (0.07482095568419428 + (1.2470159280699047 * x_6)))) + ((0.01 + (-40.0 * (-0.13044826891964448 + (1.2229525211216667 * x_5)))) + (0.01 + (90.0 * (-0.09374252720097653 + (1.004384220010463 * x_0))))))) + ((0.01 + (-0.002 * (0.032042066805600074 + (1.2015775052100026 * x_3)))) + ((0.02 + (-0.6 * (-0.0 + (1.1785113019775793 * x_8)))) * (0.2 + (60.0 * (0.04719291781830087 + (1.1798229454575218 * x_9)))))))))
230_machine_cpu,ok,6,NoRef,0.750093347553094,105.81570396345653,69,12.729194402694702,,0.01,((((-0.0517 + (-1.060880889671478 + (9.099434385113344e-05 * x_2))) + ((3.09 + (-59.4 * abs((0.00268 + (-0.043000000000000003 * sin(((0.0244 + (-68.2 * (-0.7360505640725639 + (0.00025722312374903104 * x_1)))) - (-0.0028699999999999997 + (0.07700000000000001 * (-0.6188760554008702 + (0.025534161502918738 * x_3))))))))))) - (((-0.53 * (-0.6999071030152427 + (0.15710145046097534 * x_4))) - (0.182 + (-0.00212 * (-1.060880889671478 + (9.099434385113344e-05 * x_2))))) + (-0.0026 + (-0.0036599999999999996 * (-0.6188760554008702 + (0.025534161502918738 * x_3))))))) * (((9.32 * (-0.7360505640725639 + (0.00025722312374903104 * x_1))) + (6.58 + (-0.6890000000000001 * (-0.7899624088287077 + (0.046874909006191866 * x_5))))) + ((0.431 + (-0.0274 * (-0.7523809190467288 + (0.00365791203201576 * x_0)))) - (-32.4 + (-30.2 * (-0.6188760554008702 + (0.025534161502918738 * x_3))))))) + (0.0089 + (0.325 * (-0.6188760554008702 + (0.025534161502918738 * x_3)))))
344_mv,ok,10,NoRef,0.9874701680581619,1.165504642927164,94,88.87512683868408,,0.01,(((9.999999999999999e-05 + (0.005379999999999999 * (-2.5960627430376877 + (0.00867351563626663 * x_8)))) - ((0.005399999999999999 + (0.0722 * (0.0022175599008513354 + (0.34533070842535996 * x_0)))) * ((-35.4 + (-0.078 * sin((-0.056 + (-93.2 * (0.003947964926438745 + (1.7283978578198171 * x_4))))))) - (((-0.00323 + (0.027000000000000003 * (0.003947964926438745 + (1.7283978578198171 * x_4)))) * (-0.0042 + (0.00452 * (-2.5960627430376877 + (0.00867351563626663 * x_8))))) - ((((-0.562 + (1.4557788337674649 + (0.330909716064055 * x_3))) * (-0.7020000000000001 + (0.8280000000000001 * (-0.7392532856638294 + (1.4300524144285236 * x_2))))) * (-0.00364 + (0.3 * (1.0227026043797813 + (0.0925111276654878 * x_5))))) * (0.05910000000000001 + (0.00724 * (-0.6501808197826888 + (2.1882145014502465 * x_6))))))))) - (0.00817 + (4.94 * ((0.09780000000000001 + (-2.02 * arctan(((((-0.9 + (1.0227026043797813 + (0.0925111276654878 * x_5))) + (-0.253 + (0.00951 * (8.669798976904845 + (0.6937949743206628 * x_1))))) * (-0.765 + (0.41500000000000004 * (-0.5734730257178989 + (2.3172342056760247 * x_7))))) * ((0.00481 + (0.039700000000000006 * (1.0227026043797813 + (0.0925111276654878 * x_5)))) - (0.6900000000000001 + (-0.0019 * (-18.96847235950167 + (0.017240880942593916 * x_9))))))))))**2)))
485_analcatdata_vehicle,ok,4,BFGS,-0.12977695835663972,292.68656301545303,55,6.40527868270874,,0.01,(-0.4059604856726859 + (9.655893114044865 * abs(((-0.007055826148015243 + (0.0631092265314792 * (-0.8944271909999157 + (2.0124611797498106 * x_0)))) * (((-0.9387183134540316 + (0.08279994193578435 * (-1.3728129459672882 + (0.5883484054145521 * x_3)))) + (-1.410718313453175 + (-86.93935705758994 * abs(((((0.3496748538540297 + (-0.9459053029269173 + (2.0030935826687664 * x_2))) - (-0.4655448538537365 + (96.94246198787896 * (-0.9459053029269173 + (2.0030935826687664 * x_1))))) * ((0.5711459525586541 + (-6.089009175737156 * (-0.9459053029269173 + (2.0030935826687664 * x_1)))) * (5.080829736317753e-10 + (-7.167783514824036e-12 * (-1.3728129459672882 + (0.5883484054145521 * x_3)))))) + (0.38647694446485314 + (-6.945846567652144 * (-0.9459053029269173 + (2.0030935826687664 * x_2))))))))) - (0.37961831345412866 + (0.08280005806430628 * (-1.3728129459672882 + (0.5883484054145521 * x_3)))))))))
505_tecator,skip,124,,,,,,,0.01,
519_vinnie,ok,2,NoRef,0.6566462480636701,1.8429340346295633,21,12.652226209640503,,0.01,(0.9400000000000001 + (0.060000000000000005 * abs(((80.0 + (42.0 * (-2.8402692515564407 + (0.22687128270560133 * x_1)))) - (0.3 + (9.9 * tan((0.9 + (9.0 * (-79.38435189356406 + (0.9162329522401391 * x_0)))))))))))
522_pm10,ok,7,BFGS,-0.032446967036652063,0.9202038804387173,79,16.178241968154907,,0.01,(3.22980416597227 + (1.2857992798723686e-08 * sqrt((95.80449834139826 + (0.4244907121348485 * abs(((((((3.288622748346977 + (37.01241916631843 * (-1.5365899944590466 + (0.00493078372714948 * x_6)))) + (-0.10797725165302341 + (-5.787323295708498 * (-1.6583857971143587 + (0.011969986709086652 * x_4))))) - (0.061577251653023406 + (-0.09138978111868848 * sqrt((0.01948320796503021 + (0.7645184230144505 * sqrt((0.34947013237935615 + (-0.002233208177074478 * (-0.1645443304327228 + (0.15911326622439212 * x_1))))))))))) - (0.5353772516530233 + (69.64299015994136 * arctan((0.03571883507872924 + (94.2014831256881 * (-1.7263842862869363 + (0.5282693663353025 * x_2)))))))) * (-0.7803804826883289 + (-43.99291078922461 * sin(((94.49467684099552 + (-94.00416421079166 * ((0.4477413160423451 + (-6.902456158433731 + (0.9765081725805418 * x_0))))**2)) * (0.44421359907531416 + (25.595141346086475 * (-0.1632080108509325 + (1.0890214172962316 * x_3))))))))) + (-44.10063369056863 + (0.14676082795583884 * sqrt((26.09999070266209 + (0.4369993877926038 * (-1.8465566017011974 + (0.14483554186110628 * x_5))))))))))))))
523_analcatdata_neavote,ok,2,NoRef,0.88057901217665,1.3477186117279911,44,4.622969150543213,,0.01,(5.94 + (4.2700000000000005 * cos(((((-3.64 * ((-0.7200000000000001 + (-29.69625249321158 + (2.9976028761653684 * x_1))))**2) * ((0.00129 + (3.93 * (-29.69625249321158 + (2.9976028761653684 * x_1)))) - (-7.51 + (-0.0548 * (-29.69625249321158 + (2.9976028761653684 * x_1)))))) + ((0.156 + (-0.00181 * inv((-7.890000000000001 + (-1.0981267472114393 + (1.004384220010463 * x_0)))))) * (-0.678 + (0.0261 * (-1.0981267472114393 + (1.004384220010463 * x_0)))))) * (0.00971 + (2.9 * (-1.0981267472114393 + (1.004384220010463 * x_0))))))))
527_analcatdata_election2000,skip,14,,,,,,,0.01,
529_pollen,ok,4,NoRef,0.7934459893621614,1.4665768157071564,50,11.091160297393799,,0.01,(((-4.95 * (-0.002663363260045555 + (0.15711645677982072 * x_0))) - (((-97.60000000000001 + sqrt((((-0.0025386365415667506 + (0.09917020022412927 * x_3)) - ((0.271 + (2.08 * (-0.0025386365415667506 + (0.09917020022412927 * x_3)))) - (53.9 + (13.0 * (-0.002663363260045555 + (0.15711645677982072 * x_0)))))) * (0.41400000000000003 + (0.00656 * (0.003050335580315188 + (0.1932987332901908 * x_1))))))) + (0.05620000000000001 + (-4.24 * (-0.0025386365415667506 + (0.09917020022412927 * x_3))))) * ((0.052700000000000004 + (-0.00297 * (-0.013345361811539617 + (0.12700379671541098 * x_2)))) * (0.024200000000000003 + (0.20500000000000002 * (0.003050335580315188 + (0.1932987332901908 * x_1))))))) + (-0.00086 + (-3.9 * (-0.0025386365415667506 + (0.09917020022412927 * x_3)))))
537_houses,ok,8,NoRef,0.3734331617674258,91596.30174655076,57,74.88481450080872,,0.01,((0.9 + (0.4 * (-2.051179386400735 + (0.5302508492737142 * x_0)))) * (0.02 + (0.9 * (((6.0 + (-1.3 * (59.491539791662554 + (0.49754504517747405 * x_7)))) * ((80.0 + (-20.0 * (-16.646127423136736 + (0.46716190107648103 * x_6)))) + (0.01 + (-9.0 * arctan(((0.6 + (90.0 * (-1.2715203416733818 + (0.0008925111958354638 * x_4)))) + ((0.01 + (-90.0 * (-1.2981631449097488 + (0.0025999100676634126 * x_5)))) + ((0.01 + (0.6 * (-2.2697702193245584 + (0.07945340348319206 * x_1)))) + ((0.01 + (60.0 * (-1.2016435368981164 + (0.00045582731147629903 * x_2)))) + (0.02 + (-60.0 * (-1.2686865683874369 + (0.002360725591800611 * x_3))))))))))))))**2)))
542_pollution,skip,15,,,,,,,0.01,
547_no2,ok,7,NoRef,0.07391167318457847,0.7738595765628467,52,20.56562113761902,,0.01,(5.0 + (-0.02 * sqrt((0.01 + (0.9 * abs((((-0.9 + (-6.389979434269805 + (0.9171578323886973 * x_0))) + (0.01 + (-1.6 * cos((0.02 + (-9.9 * (-1.5509274781858433 + (0.004978282454566935 * x_6)))))))) * (((0.9 + (-1.7233010789213195 + (0.5619948722095159 * x_2))) + (2.0 + (-1.0 * (-0.18347261685282978 + (0.9399211834797822 * x_3))))) * ((20.0 + (0.030000000000000002 * (-1.836698179159212 + (0.1466386666350233 * x_5)))) * ((-60.0 + (0.01 * (-0.14061081742291648 + (0.15526813120444868 * x_1)))) + (0.01 + (10.0 * (-1.618666665620929 + (0.011680264768206942 * x_4))))))))))))))
556_analcatdata_apnea2,ok,3,BFGS,-0.03134915810714611,3614.761172981486,38,10.935622215270996,,0.01,(0.10902660439599593 + (52.404799795727655 * sqrt((-0.054480007611253656 + (0.003018878971797279 * sqrt((4.73113982811327 + (0.5019562423343302 * exp((((-41.39946909319141 + tan((81.25079441519323 * (-1.4262823734899885 + (0.705217395781161 * x_1))))) + (-0.004159093191412963 + (-2.786713445641803 * (-1.4304867133245485 + (0.7172581266810412 * x_0))))) * (-0.5163727773737381 + (-0.0017424375946716308 * sin((0.6135219114137934 + (85.03416716718279 * (-1.8764006559483637 + (0.18386970369326106 * x_2)))))))))))))))))
557_analcatdata_apnea1,ok,3,NoRef,0.23249463022741268,2844.0951626991073,36,7.697564601898193,,0.01,(-0.739 + (61.4 * sqrt((0.00536 + (0.013800000000000002 * exp((((-0.00669 * (-1.4262823734899885 + (0.705217395781161 * x_1))) * (0.00912 + (0.04 * (-1.4304867133245485 + (0.7172581266810412 * x_0))))) + (-3.02 + (21.5 * cos(((-6.38 + (0.08180000000000001 * (-1.8764006559483637 + (0.18386970369326106 * x_2)))) + (0.466 + (91.8 * (-1.4262823734899885 + (0.705217395781161 * x_1)))))))))))))))
560_bodyfat,skip,14,,,,,,,0.01,
561_cpu,ok,7,NoRef,0.9470279507833881,45.70108612939654,65,11.820521831512451,,0.01,((((0.037500000000000006 * (-0.7899624088287077 + (0.046874909006191866 * x_6))) + (0.09640000000000001 + (0.00556 * (-0.7523809190467288 + (0.00365791203201576 * x_1))))) + (0.748 + (0.39 * (-1.060880889671478 + (9.099434385113344e-05 * x_3))))) * (((82.9 + (22.3 * (-0.7360505640725639 + (0.00025722312374903104 * x_2)))) - ((0.067 + (0.07550000000000001 * (-0.7523809190467288 + (0.00365791203201576 * x_1)))) * ((-0.398 + (-77.60000000000001 * (-0.7523809190467288 + (0.00365791203201576 * x_1)))) - (-84.8 + (-76.10000000000001 * (-0.6999071030152427 + (0.15710145046097534 * x_5))))))) - (((-35.0 * (-0.6188760554008702 + (0.025534161502918738 * x_4))) * (((-0.0902 * (-2.086290452647615 + (0.1320865708656769 * x_0))) + (0.644 + (0.19 * (-0.6999071030152427 + (0.15710145046097534 * x_5))))) + (0.06420000000000001 + (0.081 * (-0.6999071030152427 + (0.15710145046097534 * x_5)))))) + (-4.05 + (-14.8 * (-1.060880889671478 + (9.099434385113344e-05 * x_3)))))))
562_cpu_small,skip,12,,,,,,,0.01,
564_fried,ok,10,NoRef,0.7986671864386995,2.241833452168645,104,96.1424024105072,,0.01,(((((5.5600000000000005 * (-1.7376138146088433 + (3.4631318113519547 * x_1))) - ((0.993 + (0.025300000000000003 * (-1.730086874860504 + (3.4694118993409164 * x_8)))) - ((-5.16 + (0.403 * (-1.7203195648658454 + (3.460743040826408 * x_4)))) * (((-0.608 * (-1.7317380629139767 + (3.4570816100128163 * x_3))) + (2.27 + (0.06180000000000001 * (-1.7320837632415944 + (3.4662480011342827 * x_7))))) + (0.671 + (-0.904 * inv((0.449 + (2.27 * cos(((0.028 + (0.75 * (-1.7306025303085084 + (3.4810851356477173 * x_2)))) - (0.153 + (0.0036899999999999997 * inv(((0.0887 + (-7.95 * (-1.730086874860504 + (3.4694118993409164 * x_8)))) - ((-55.2 + (-0.395 * (-1.7389950139682637 + (3.470470221314242 * x_5)))) + (0.00583 + (-0.00917 * (-1.7361856340062896 + (3.460908254197098 * x_6)))))))))))))))))))) + (0.00703 + (2.85 * cos(((0.9620000000000001 + (-1.34 * (-1.733625748063093 + (3.4676683965677952 * x_0)))) + ((-0.0068 + (-0.446 * (-1.7334173736542413 + (3.4631828660639683 * x_9)))) * (0.07490000000000001 + (-0.8510000000000001 * inv((0.782 + (86.3 * (-1.7306025303085084 + (3.4810851356477173 * x_2))))))))))))) + (6.79 + (-3.43 * (-1.7376138146088433 + (3.4631318113519547 * x_1))))) - (-20.8 + (-0.454 * (-1.7203195648658454 + (3.460743040826408 * x_4)))))
573_cpu_act,skip,21,,,,,,,0.01,
574_house_16H,skip,16,,,,,,,0.01,
579_fri_c0_250_5,ok,5,BFGS,0.2586155272729145,0.8270819310684674,53,7.911000967025757,,0.01,((-0.010422856915961315 + (0.27571425997929006 * (0.04540899642107328 + (0.9930197422332582 * x_4)))) - ((((0.6938577832542573 * (0.001545802874342008 + (1.0108692273054292 * x_3))) * (-0.8817363339101669 + (-0.001319030958723804 * (0.009839275916090176 + (0.9978407458402175 * x_1))))) + (0.009372856915961313 + (-0.5712283313008876 * sin((49.602526784230605 + (-2.5209537976422034 * (0.023766315349668304 + (1.01780740293125 * x_2)))))))) + ((((-2.9998704409444636 + (0.009839275916090176 + (0.9978407458402175 * x_1))) + (4.110129559055538 + (-0.06996518520745337 * (0.023766315349668304 + (1.01780740293125 * x_2))))) * (0.7509325811830423 + (-9.300106986147926 * arctan((9.390018585173173 + (-6.929990033805291 * (-0.014862916611118899 + (1.0103690000527863 * x_0)))))))) * (0.007730907355981262 + (-0.009341792136883395 * (0.009839275916090176 + (0.9978407458402175 * x_1)))))))
581_fri_c3_500_25,skip,25,,,,,,,0.01,
582_fri_c1_500_25,skip,25,,,,,,,0.01,
583_fri_c1_1000_50,skip,50,,,,,,,0.01,
584_fri_c4_500_25,skip,25,,,,,,,0.01,
586_fri_c3_1000_25,skip,25,,,,,,,0.01,
588_fri_c4_1000_100,skip,100,,,,,,,0.01,
589_fri_c2_1000_25,skip,25,,,,,,,0.01,
590_fri_c0_1000_50,skip,50,,,,,,,0.01,
591_fri_c1_100_10,ok,10,NoRef,-0.12058757035865209,1.1088333635427359,95,6.680098533630371,,0.01,(((0.8140000000000001 * sin((11.1 + (-24.7 * abs((((-38.4 + (-0.0573536423056041 + (1.0302122227744204 * x_3))) - (67.8 + (0.00426 * (-0.014184533809794076 + (1.0179703111385348 * x_0))))) * (-0.08660000000000001 + (0.044700000000000004 * sin(((-0.0024 + (-57.9 * (-0.027138908246964612 + (1.0016489423346386 * x_7)))) * (0.00664 + (-6.94 * (0.08252571544706172 + (1.0816107049280999 * x_5)))))))))))))) + (-0.00565 + (0.536 * (-0.0573536423056041 + (1.0302122227744204 * x_3))))) + (((-7.28 + (0.023957407126269925 + (1.008438568786406 * x_1))) + (9.07 + (-0.0142 * (-0.12512215543641755 + (1.0477901096230489 * x_8))))) * (0.00722 + (0.203 * arctan(((((5.04 * (0.03382957891636247 + (1.0176746705026154 * x_6))) * (((-0.00808 + (0.00503 * (-0.013921742064165538 + (0.9857119324123377 * x_4)))) * ((1.1 + (-0.052700000000000004 * (-0.03780457963308972 + (1.029923637313083 * x_9)))) * (0.004889999999999999 + (-0.523 * (-0.09290737103458516 + (1.031958156269465 * x_2)))))) - (0.92 + (0.034 * (0.08252571544706172 + (1.0816107049280999 * x_5)))))) + (1.1300000000000001 + (-28.900000000000002 * (0.023957407126269925 + (1.008438568786406 * x_1))))) + (0.0656 + (0.00802 * (0.08252571544706172 + (1.0816107049280999 * x_5))))))))))
592_fri_c4_1000_25,skip,25,,,,,,,0.01,
593_fri_c1_1000_10,ok,10,NoRef,0.7670922816084849,0.49346383026216095,73,12.07256293296814,,0.01,((0.02 + (0.006 * (0.01605377987540209 + (1.0097294742830483 * x_1)))) * (((23.0 * (-0.014398606213345927 + (0.9973686862453554 * x_3))) + (-0.02 + (64.0 * sin(((0.3 + (-2.0 * (0.01605377987540209 + (1.0097294742830483 * x_1)))) + (0.030000000000000002 + (-0.6 * (0.02584841970639163 + (1.0157575312005551 * x_0))))))))) + ((-0.01 + (9.0 * (-0.001593381729548922 + (1.0070370698496123 * x_4)))) + (-0.1 + (-9.0 * sin(((0.6 + (0.6 * (0.02983208584086124 + (0.991180014269566 * x_2)))) + ((0.060000000000000005 + (0.6 * (0.005091200530134842 + (1.0013364315770596 * x_8)))) + ((-0.02 + (0.6 * (-0.02552583270288602 + (1.011101800244494 * x_5)))) + ((0.060000000000000005 + (0.060000000000000005 * (-0.012367529823537449 + (0.9944087598140563 * x_7)))) + ((0.6 + (0.6 * (0.014957214312650844 + (1.003239468164466 * x_9)))) + (0.9 + (-9.0 * (0.020771142018303983 + (1.006948258920335 * x_6)))))))))))))))
594_fri_c2_100_5,ok,5,NoRef,-0.4337574302893299,1.1379583147408692,66,14.249926567077637,,0.01,((-0.00575 + (-2.44 * sin((-8.73 + (-0.872 * abs((((-8.99 + (-5.67 * (0.059172121142651225 + (1.058020268789069 * x_0)))) * (-0.09620000000000001 + (-0.0932 * (0.07525924471975529 + (1.0422694177904375 * x_1))))) - ((0.00409 + (-0.041400000000000006 * (0.06761805754582709 + (1.0053402274731527 * x_2)))) * (0.00154 + (-5.03 * (-0.007940850755760532 + (0.991444651270151 * x_4)))))))))))) - (((-0.75 + (-0.007940850755760532 + (0.991444651270151 * x_4))) * ((0.183 + (0.163 * abs((-0.23700000000000002 + (-0.045700000000000005 * (0.059172121142651225 + (1.058020268789069 * x_0))))))) - (0.00189 + (0.08230000000000001 * (0.003532520300817216 + (0.9962952978109351 * x_3)))))) * ((-0.366 + (-0.07 * (0.003532520300817216 + (0.9962952978109351 * x_3)))) * (2.95 + (1.51 * (0.06761805754582709 + (1.0053402274731527 * x_2)))))))
595_fri_c0_1000_10,ok,10,BFGS,0.5341797829180822,0.6298255853148228,69,13.698611736297607,,0.01,(((0.5552288327986598 * (0.013542379830591022 + (0.9960388829592827 * x_3))) + (-0.01044161462243706 + (0.2797874686664444 * (-0.007874789400257076 + (0.9923552046780444 * x_4))))) + ((-0.01044161462243706 + (0.4642155527431444 * (0.0013776812215936672 + (0.981622276946545 * x_1)))) + ((-0.0002991279727749476 + (0.00019104461496018726 * cos((9.000258585355652 + (-0.0010410835911537015 + (1.0180561384154634 * x_0)))))) * (((-89.9999913872197 * (-0.0010410835911537015 + (1.0180561384154634 * x_0))) + (-0.010001350044844636 + (-0.002766043151790562 * (((0.009999227000874663 + (-69.99999833010558 * (0.017202001564991225 + (0.9925934684989274 * x_2)))) + (0.000999227000874664 + (0.0019990801744427166 * (-0.015790702039104078 + (0.9955002435906101 * x_8))))))**2))) + ((0.009998649955155365 + (-0.6000005895300062 * (0.01851697998179921 + (1.0023054996314156 * x_5)))) + ((0.009998649955155365 + (-5.999999873199906 * (-0.004406990766161616 + (0.9961074269383714 * x_6)))) + ((0.02000028118243753 + (0.6000002637232403 * (-0.022120537282747144 + (1.0096396893340729 * x_9)))) * (0.009999238956233966 + (0.3000005715601511 * (-0.00694386061922123 + (0.9937825877298289 * x_7)))))))))))
596_fri_c2_250_5,ok,5,NoRef,0.6334570140016649,0.6303961099431694,54,18.43099594116211,,0.01,(((1.7 + (-0.0028595658841998293 + (1.0209950031193176 * x_1))) - (-0.43 + (0.00856 * (-0.016254618443318096 + (0.9910777960291338 * x_2))))) * (((0.00224 + (0.14800000000000002 * (0.006225346346397276 + (1.017118865752266 * x_3)))) - (0.0639 + (-0.134 * sin((0.07650000000000001 + (-18.400000000000002 * ((0.866 + (69.5 * (0.006225346346397276 + (1.017118865752266 * x_3)))))**2)))))) - ((0.0025199999999999997 + (0.00715 * sin(((0.5630000000000001 + (-1.3800000000000001 * (-0.0028595658841998293 + (1.0209950031193176 * x_1)))) + (80.8 + (-0.9430000000000001 * (0.012923134393778358 + (0.9771917787108815 * x_0)))))))) * (-99.10000000000001 + (0.044300000000000006 * (-0.051982931308086906 + (1.0248931886511705 * x_4)))))))
597_fri_c2_500_5,ok,5,NoRef,0.5436299044884412,0.7005262956052342,49,11.841254949569702,,0.01,(((0.0461 + (-0.018391923078629857 + (0.9679110276121853 * x_2))) - ((-0.48100000000000004 + (2.74 * sin(((0.00364 + (1.8 * (-0.02635367553067046 + (0.9699948409936098 * x_1)))) * (-0.93 + (-0.7160000000000001 * (-0.023255933401365076 + (0.9755371435218841 * x_0)))))))) + ((0.9430000000000001 + (0.7230000000000001 * (-0.007318019282952631 + (0.9937597747103427 * x_3)))) + (0.0055899999999999995 + (-0.299 * (-0.023255933401365076 + (0.9755371435218841 * x_0))))))) * (0.048900000000000006 + (-9.540000000000001 * inv(((29.0 + (0.9780000000000001 * (-0.01989675537925552 + (0.9994270508062848 * x_4)))) + (-8.870000000000001 + (-0.00811 * (-0.018391923078629857 + (0.9679110276121853 * x_2)))))))))
598_fri_c0_1000_25,skip,25,,,,,,,0.01,
599_fri_c2_1000_5,ok,5,NoRef,0.41807851035889243,0.7092315045620247,66,10.844773530960083,,0.01,(((0.044800000000000006 + (-0.006549999999999999 * (-0.02181696735271353 + (0.9947246711561577 * x_1)))) * ((35.800000000000004 + (0.00045 * (-0.01926419293919688 + (0.9929528981749398 * x_3)))) * (((0.09640000000000001 * (-0.02352725278318891 + (0.9994382833844507 * x_0))) - ((0.08 + (0.0921 * (-0.03440778921459298 + (1.0042549176985838 * x_2)))) * (2.41 + (-0.885 * cos((0.056400000000000006 + (-39.300000000000004 * (-0.02054392051970226 + (0.98830361068273 * x_4))))))))) + (-0.0023899999999999998 + (0.746 * cos(((1.81 + (2.9 * (-0.02181696735271353 + (0.9947246711561577 * x_1)))) * (-0.548 + (-0.40800000000000003 * (-0.02352725278318891 + (0.9994382833844507 * x_0))))))))))) - ((-0.07160000000000001 + (-0.35400000000000004 * (-0.01926419293919688 + (0.9929528981749398 * x_3)))) - (-0.021 + (0.35800000000000004 * sin((-0.08860000000000001 + (-7.16 * (-0.02054392051970226 + (0.98830361068273 * x_4)))))))))
601_fri_c1_250_5,ok,5,BFGS,0.4266961213975321,0.7432455140487891,81,17.978605270385742,,0.01,(((-0.13272953306033927 * (-0.006934093437570976 + (0.9935797951849735 * x_1))) - (0.7489509610350853 + (-0.43378300123534896 * (0.025635528178704497 + (0.96920553005278 * x_3))))) + (((((-4.37000145162872 + sin((1.9300006594153698 * (0.025635528178704497 + (0.96920553005278 * x_3))))) + ((-0.03120145162871905 + (-0.5169987284451412 * (-0.024294262440642228 + (0.9894939519910674 * x_2)))) + (-0.07460145162871905 + (-0.0025649261013269407 * log((29.80000000012483 + (-0.12399999996974923 * inv((4.330000000000895 + (4.21999999999997 * inv((-0.14399999999994678 + (-55.7 * (-0.011311983981500613 + (1.0114596703893468 * x_0))))))))))))))) * (0.004718583644159689 + (-0.007367911719073562 * (-0.006934093437570976 + (0.9935797951849735 * x_1))))) + (0.3840490389649147 + (-1.2597215189547064 * cos(((90.29992717460266 + (0.0117144131103326 * ((8.6700056499363 * (-0.011311983981500613 + (1.0114596703893468 * x_0))))**2)) + ((0.7089271746026603 + (1.5999112647107003 * (-0.006934093437570976 + (0.9935797951849735 * x_1)))) + (0.09332717460266027 + (0.007400173744979177 * (-0.011311983981500613 + (1.0114596703893468 * x_0)))))))))) - (0.09945096103508529 + (-0.23789277481762724 * (-0.016594463510465417 + (1.0158013697433474 * x_4))))))
602_fri_c3_250_10,ok,10,NoRef,0.5844686286741607,0.6388701158268489,84,13.495870113372803,,0.01,((((((((48.800000000000004 * ((-0.03354802892354229 + (0.9982560051104585 * x_4)))**2) + (-26.5 + (-0.158 * (-0.0009000718129920188 + (0.9837450752294318 * x_5))))) + (3.7 + (-0.00673 * (0.07697369017522888 + (1.0106026217622155 * x_7))))) * (0.0032099999999999997 + (0.00153 * (-0.0019419209876484118 + (1.0102414239500976 * x_1))))) - (-0.0010999999999999998 + (0.442 * arctan((-4.67 + (-0.404 * (-0.017380280715068894 + (0.9989589776179207 * x_6)))))))) - (-0.004889999999999999 + (-0.299 * (-0.062301124106462095 + (1.026072345096802 * x_3))))) + (0.05670000000000001 + (-0.524 * (-0.0321306609826703 + (1.0171204494954607 * x_2))))) + ((((0.759 * (-0.03354802892354229 + (0.9982560051104585 * x_4))) + (0.01 + (-0.00377 * (0.04732723074157652 + (1.0069295825441027 * x_9))))) + (0.013000000000000001 + (1.35 * sin(((-0.04820000000000001 + (-0.639 * (0.0008424608236839697 + (1.020253771137929 * x_0)))) * (1.8800000000000001 + (1.76 * (-0.0019419209876484118 + (1.0102414239500976 * x_1))))))))) + ((-27.3 + (0.004079999999999999 * (0.01106901342971983 + (0.9994693299932381 * x_8)))) * (0.038000000000000006 + (0.0181 * (-0.0019419209876484118 + (1.0102414239500976 * x_1)))))))
603_fri_c0_250_50,skip,50,,,,,,,0.01,
604_fri_c4_500_10,ok,10,NoRef,0.6844150669627835,0.5322151314663811,75,11.153660297393799,,0.01,((-0.1 + (0.37 * (-0.022848327088621792 + (1.0073587733856983 * x_3)))) + ((0.02 + (0.01 * (-0.03245279511128268 + (1.0095284608921509 * x_1)))) * ((0.1 + (-60.0 * sin(((-0.7000000000000001 + (1.7 * (-0.03245279511128268 + (1.0095284608921509 * x_1)))) + (0.1 + (1.2 * (-0.050549634428622446 + (1.0078389511755876 * x_0)))))))) + ((0.3 + (-9.0 * (-0.03767780720009564 + (0.9909042877629544 * x_2)))) + (0.3 + (-9.0 * sin(((0.07 + (0.6 * (-0.010470490532380217 + (0.9636735314323082 * x_5)))) + ((0.07 + (0.060000000000000005 * (-0.013830974870376093 + (1.0327682986131717 * x_8)))) + ((0.07 + (-0.060000000000000005 * (-0.0376470033191177 + (0.9863282966003358 * x_7)))) + ((0.01 + (0.6 * (-0.009823851215936841 + (0.9955489275653595 * x_9)))) + ((0.006 + (-0.6 * (0.02075802544730086 + (0.9816377912546365 * x_6)))) + (-0.7000000000000001 + (-9.0 * (-0.03251203820478602 + (0.9771543770200576 * x_4))))))))))))))))
605_fri_c2_250_25,skip,25,,,,,,,0.01,
606_fri_c2_1000_10,ok,10,NoRef,0.689240866424696,0.5553384122486521,67,18.196233987808228,,0.01,(((0.3 * (-0.0275091714814239 + (0.9988153273470957 * x_3))) + (-0.6 + (1.4000000000000001 * cos(((0.02 + (0.4 * (-0.006445880621819959 + (0.9982658964011801 * x_2)))) + ((0.02 + (0.030000000000000002 * (0.0037464654537897103 + (1.012988434525157 * x_1)))) * ((40.0 + (30.0 * (0.015595446846595199 + (1.0046282529166428 * x_0)))) + (-0.001 + (0.002 * inv(((0.09000000000000001 + (0.030000000000000002 * (0.037916365349855555 + (1.0026808223650083 * x_5)))) + ((0.030000000000000002 + (0.030000000000000002 * (-0.012690920055838294 + (0.9983431343713091 * x_8)))) + ((0.060000000000000005 + (0.060000000000000005 * (-0.0010830797303034308 + (0.994623528530151 * x_9)))) + (0.02 + (-0.060000000000000005 * (0.013762012772497802 + (0.9951732801125363 * x_7))))))))))))))))) + ((0.030000000000000002 + (-0.02 * (-0.007153342007069419 + (0.9860449185539343 * x_6)))) * (3.0 + (4.9 * (0.0252246007148082 + (1.0000293451870816 * x_4))))))
607_fri_c4_1000_50,skip,50,,,,,,,0.01,
608_fri_c3_1000_10,ok,10,NoRef,0.7919770449377739,0.4327674211929682,69,13.657300472259521,,0.01,(((0.34400000000000003 * (0.009416248145216315 + (0.9939440659322935 * x_3))) + (-0.2 + (0.007699999999999999 * (0.03318772373889045 + (1.0071590974129074 * x_9))))) + ((0.006999999999999999 + (0.38 * abs((-0.9630000000000001 * (-0.007896361688964043 + (0.9867918456797293 * x_4)))))) + ((((1.56 + (42.800000000000004 * (-0.038014874657902376 + (0.995631325319176 * x_0)))) - (-94.4 + (-8.15 * (-0.011745172498116557 + (1.0005269079029677 * x_7))))) - (((0.42300000000000004 + (9.850256791180024e-05 + (0.9994665635306073 * x_2))) * ((0.038000000000000006 + (0.028700000000000003 * (0.0062216902779914035 + (1.0038563736198347 * x_8)))) - (-0.635 + (-0.07830000000000001 * (0.0266839591768938 + (1.011117815457634 * x_6)))))) * (-0.0718 + (-0.25 * (-0.00860951487468421 + (1.003076378727523 * x_5)))))) * (-0.00197 + (-0.0123 * cos(((-4.46 + (1.92 * (-0.037030762194222154 + (0.9980651797732937 * x_1)))) + (-9.82 + (0.91 * (-0.038014874657902376 + (0.995631325319176 * x_0)))))))))))
609_fri_c0_1000_5,ok,5,NoRef,0.5164104611466396,0.7148589310977082,72,15.099648714065552,,0.01,((0.0921 + (0.42700000000000005 * cos((((49.300000000000004 + (79.9 * (0.02682848393576792 + (0.9988482731565229 * x_2)))) - ((-0.10400000000000001 + (77.60000000000001 * (0.02682848393576792 + (0.9988482731565229 * x_2)))) + (38.4 + (21.0 * (-0.015771485409499013 + (0.9973437162088609 * x_0)))))) - (0.254 + (-6.6000000000000005 * inv(((0.00594 + (57.2 * (0.0012925350246148406 + (0.9984346905011474 * x_1)))) + (0.432 + (-33.3 * (0.02545764035481813 + (1.0018713256073921 * x_4)))))))))))) - ((-0.00379 + (70.10000000000001 * ((0.06570000000000001 * (-0.015771485409499013 + (0.9973437162088609 * x_0))))**2)) + (((0.0476 + (-0.642 * (-0.015771485409499013 + (0.9973437162088609 * x_0)))) - ((0.657 + (1.46 * (-0.020513198281139136 + (1.0063765365979762 * x_3)))) * (0.48300000000000004 + (-0.009439999999999999 * (-0.015771485409499013 + (0.9973437162088609 * x_0)))))) - (-0.06810000000000001 + (0.48900000000000005 * (0.0012925350246148406 + (0.9984346905011474 * x_1)))))))
611_fri_c3_100_5,ok,5,NoRef,0.5530781262528186,0.6427721093476477,74,9.155974864959717,,0.01,(((-0.09230000000000001 * abs(((-3.18 + (-0.9770000000000001 * (0.029663122756589853 + (1.0696983666003432 * x_4)))) * ((3.35 + (0.029400000000000003 * inv((-12.700000000000001 + (-34.2 * inv((1.81 + (-0.788 * (-0.018599824173813412 + (0.9568658063032687 * x_3)))))))))) - (0.0178 + (-0.401 * (0.015584268546261893 + (1.0091697615373485 * x_1)))))))) * (((0.046700000000000005 * arctan(((-0.00158 + (0.008969999999999999 * (-0.007694919552952136 + (1.0408884431674685 * x_2)))) + (5.1000000000000005 + (6.1000000000000005 * (0.04537614058860511 + (1.0326351702933254 * x_0))))))) - (-0.083 + (0.34500000000000003 * (-0.018599824173813412 + (0.9568658063032687 * x_3))))) + (0.00724 + (0.89 * sin(((2.34 + (-1.8 * (0.04537614058860511 + (1.0326351702933254 * x_0)))) + (0.41300000000000003 + (-1.41 * (0.015584268546261893 + (1.0091697615373485 * x_1)))))))))) + (0.19 + (0.0646 * (0.029663122756589853 + (1.0696983666003432 * x_4)))))
612_fri_c1_1000_5,ok,5,NoRef,0.6662970225323162,0.592651361035488,63,17.24111270904541,,0.01,((0.08610000000000001 + (0.00488 * (-0.007550662853764807 + (0.9990080055034967 * x_4)))) + (((0.41400000000000003 * (-0.0099129025292929 + (1.0056673076801952 * x_3))) - ((0.274 + (0.0417 * (-0.01290481159238879 + (0.9997798316071159 * x_2)))) * (-0.07200000000000001 + (-0.6910000000000001 * (-0.007550662853764807 + (0.9990080055034967 * x_4)))))) + (-0.5650000000000001 + (1.7 * cos((((-8.75 + (-0.007550662853764807 + (0.9990080055034967 * x_4))) * (-0.0216 + (-0.034600000000000006 * (0.04414941363141431 + (0.9949537479694303 * x_1))))) * ((-0.675 + (-0.0014 * (0.04414941363141431 + (0.9949537479694303 * x_1)))) * ((0.004719999999999999 + (0.20400000000000001 * abs((7.8 + (-0.007550662853764807 + (0.9990080055034967 * x_4)))))) * ((4.78 + (2.9 * (0.028361073163695686 + (1.0029582976000542 * x_0)))) + (0.0211 + (-0.47000000000000003 * (0.04414941363141431 + (0.9949537479694303 * x_1)))))))))))))
613_fri_c3_250_5,ok,5,BFGS,-0.03688784671296985,0.9839193297483445,76,9.234938383102417,,0.01,(((((0.20477233735361666 * (0.025125842183089057 + (1.0346361112433717 * x_4))) + ((0.7852423269332444 + (-0.16177255680409175 * (0.031268182803062344 + (1.0349005634692294 * x_3)))) - (0.12975767306675587 + (0.004457280660686207 * abs((-0.006937749245002159 + (-18.796245498824938 * (((-3.0064419221229652 + (0.05756115395253975 * (0.03802528343698435 + (1.0322330990819262 * x_2)))) + (4.153558077877035 + (-0.8464466844578603 * sin((0.08321050858340685 + (2.291676957091803 * (-0.05175139571751824 + (0.9816906897843751 * x_0)))))))))**2))))))) + (-0.1932376730667559 + (0.07250145003174809 * (-0.05175139571751824 + (0.9816906897843751 * x_0))))) + (-0.2012176730667559 + (0.16096598850116406 * (-0.04591569486596349 + (1.0103725666904486 * x_1))))) + (-0.18445767306675595 + (-0.33990472139944444 * arctan((((6.507677034867054 + (6.908821671631223 * (-0.04591569486596349 + (1.0103725666904486 * x_1)))) - (0.0017429651329456388 + (-0.025392910537177814 * (0.025125842183089057 + (1.0346361112433717 * x_4))))) - (7.772322965132946 + (43.69993306488817 * inv((-38.40008346799731 + (0.8536722301705715 * (-0.04591569486596349 + (1.0103725666904486 * x_1))))))))))))
615_fri_c4_250_10,ok,10,NoRef,0.22364037500183986,0.9321626792207076,69,20.13217544555664,,0.01,((0.02 + (0.005 * (0.02084051935637448 + (1.0142844267617235 * x_0)))) * ((-9.0 + (30.0 * (-0.06901304466924271 + (0.996624963368569 * x_3)))) + ((-0.01 + (-57.0 * cos(((0.060000000000000005 + (0.04 * (0.0273811460321043 + (0.9910631942451028 * x_1)))) * (68.4 + (0.030000000000000002 * (0.0018846001376492192 + (1.0141889608765993 * x_7)))))))) + ((-0.01 + (-20.0 * (-0.004740925081355005 + (1.002936400338501 * x_2)))) + ((-0.01 + (20.0 * cos(((0.9 + (0.9 * (-0.007831908098131403 + (1.0357138669912045 * x_4)))) * ((3.0 + (-0.01 * (0.03886957905877324 + (1.0217230038556153 * x_8)))) + (0.01 + (-0.01 * (-0.004920383790809412 + (0.9834695552998227 * x_9))))))))) + ((-0.1 + (6.0 * (0.01676436701027655 + (1.0197945928384138 * x_6)))) + (-0.1 + (0.002 * (-0.02442660701689463 + (0.9870696003842095 * x_5))))))))))
616_fri_c4_500_50,skip,50,,,,,,,0.01,
617_fri_c3_500_5,ok,5,NoRef,0.265349576286975,0.851504634748932,74,9.894145965576172,,0.01,(((0.0076 + (-0.0067399999999999995 * (-0.019156019806006844 + (1.002772642325463 * x_0)))) - (0.994 + (-0.33 * (-0.035621285825188004 + (1.0011902687099414 * x_1))))) - ((-0.794 + (-0.00341 * ((0.00283 + (0.006719999999999999 * (-0.019156019806006844 + (1.002772642325463 * x_0)))))**3)) - ((0.169 + (-0.00174 * (-0.004681777591221509 + (0.9998938308860388 * x_3)))) * (((0.8500000000000001 + (2.7800000000000002 * (-0.004681777591221509 + (0.9998938308860388 * x_3)))) - ((-0.08610000000000001 + (3.02 * (-0.010819450708285803 + (0.9912637284491312 * x_2)))) - ((-0.007489999999999999 + (-0.00033 * (-0.004681777591221509 + (0.9998938308860388 * x_3)))) - (-0.0483 + (-4.9 * cos((1.11 + (4.11 * (-0.035621285825188004 + (1.0011902687099414 * x_1)))))))))) - ((0.0548 + (0.0688 * (-0.035621285825188004 + (1.0011902687099414 * x_1)))) * (8.6 + (53.4 * sin((0.025400000000000002 + (2.07 * (-0.019156019806006844 + (1.002772642325463 * x_0))))))))))))
618_fri_c3_1000_50,skip,50,,,,,,,0.01,
620_fri_c1_1000_25,skip,25,,,,,,,0.01,
621_fri_c0_100_10,ok,10,NoRef,0.5971059777454697,0.5823297463074534,63,9.830068349838257,,0.01,((((((-0.06727071528521915 + (0.99834634102141 * x_7)) * ((0.88 + (5.6000000000000005 * (0.0418894885218307 + (1.0037247672811866 * x_5)))) * (0.0072299999999999994 + (0.0758 * (0.13191308996748569 + (1.008935854862172 * x_8)))))) * (0.36000000000000004 + (-0.557 * (0.017612061173265667 + (0.993948174270799 * x_6))))) + (0.024 + (0.457 * (-0.009843263047722437 + (0.9635854950149011 * x_1))))) + (-0.0333 + (0.41000000000000003 * (-0.05827754169242096 + (0.968576372828663 * x_4))))) - ((-0.0077399999999999995 + (-0.0412 * exp((-38.4 + (0.048338139762825014 + (1.0198506354457109 * x_2)))))) * ((-7.09 + (83.9 * (0.06536656227346585 + (0.9847252211306581 * x_3)))) + ((31.2 + (66.6 * (-0.001896316636310188 + (0.9985119984737308 * x_0)))) - (7.58 + (-5.92 * inv((0.061000000000000006 + (-7.84 * (0.016962889800984267 + (0.972426783739522 * x_9)))))))))))
622_fri_c2_1000_50,skip,50,,,,,,,0.01,
623_fri_c4_1000_10,ok,10,NoRef,0.7614037762896786,0.4909715310392974,87,12.440437078475952,,0.01,((-0.016 + (0.326 * (0.02665567913072425 + (1.0062320933252393 * x_3)))) + (((0.0019 + (-0.004974917793724438 + (1.0081423757486816 * x_0))) + (((2.35 * (0.015313099948762496 + (1.026598602598494 * x_2))) - (((-0.00861 + (0.006889999999999999 * (0.02665567913072425 + (1.0062320933252393 * x_3)))) * (((0.0031899999999999997 * (-0.008076131752791182 + (0.9949326698782162 * x_8))) + ((0.019000000000000003 + (-62.5 * (-0.002838271784008534 + (0.9998793454702908 * x_9)))) + (0.037000000000000005 + (-3.23 * (0.01199578620874977 + (0.9959138956934073 * x_6)))))) + (-34.5 + (-0.0117 * (0.019883269201272067 + (1.0341914933586906 * x_4)))))) - ((0.07970000000000001 + (4.3 * (0.011887893201643289 + (1.0086532708387865 * x_5)))) * (0.00701 + (-0.00154 * (0.0024445073601457785 + (0.9937439048915868 * x_7))))))) + (-0.00556 + (19.3 * sin(((-0.00509 + (-1.22 * (-0.004974917793724438 + (1.0081423757486816 * x_0)))) + ((0.0018 + (-0.019200000000000002 * (0.02665567913072425 + (1.0062320933252393 * x_3)))) - (-0.049600000000000005 + (1.5 * (-0.018850326435166848 + (1.014306403397221 * x_1))))))))))) * (0.0787 + (-0.035 * ((0.685 + (-0.437 * (-0.018850326435166848 + (1.014306403397221 * x_1)))))**2))))
624_fri_c0_100_5,ok,5,NoRef,-0.09286326917948173,0.9801338086444722,32,9.856626033782959,,0.01,(((0.5 * (0.026415944924684017 + (1.0337130785348498 * x_1))) + (-0.1 + (0.6 * (0.0477177767408467 + (1.0173968744905992 * x_3))))) + (-0.1 + (0.9900000000000001 * cos(((0.7000000000000001 + (-1.3 * (0.08609077295340371 + (0.9899087827016909 * x_0)))) + ((0.3 + (-0.8 * (-0.0027416392382741015 + (1.0185229383309313 * x_2)))) + (-0.1 + (-0.2 * (-0.05377504205902622 + (1.0348540819808323 * x_4))))))))))
626_fri_c2_500_50,skip,50,,,,,,,0.01,
627_fri_c2_500_10,ok,10,NoRef,0.7854258248464385,0.466083591734693,73,22.637534618377686,,0.01,((0.02 + (0.008 * (0.03783047061169431 + (0.984868799068989 * x_1)))) * (((16.0 * (-0.02214686087686114 + (0.9927216126457311 * x_3))) + (-0.1 + (-68.0 * sin(((-0.7000000000000001 + (1.6 * (0.03783047061169431 + (0.984868799068989 * x_1)))) + (0.01 + (1.2 * (0.02057766815454052 + (0.9884808762880251 * x_0))))))))) + ((-0.3 + (9.0 * (0.02529182167728417 + (0.9857221072692208 * x_4)))) + ((-0.3 + (-13.0 * (0.004239975824385418 + (0.9811108441784172 * x_2)))) + ((-0.1 + (0.1 * (-0.03110995760099501 + (0.993015608156509 * x_8)))) + (-0.3 + (-0.001 * inv(((0.060000000000000005 + (0.030000000000000002 * (0.030990580326735594 + (1.0100895021119929 * x_5)))) + ((0.060000000000000005 + (0.060000000000000005 * (0.0442256063316944 + (0.9804835323660217 * x_7)))) + ((0.060000000000000005 + (0.060000000000000005 * (-0.01184796204652521 + (0.9973838179785073 * x_9)))) + (0.060000000000000005 + (-0.6 * (0.05544799730846634 + (1.0058075266837374 * x_6)))))))))))))))
628_fri_c3_1000_5,ok,5,NoRef,0.4673278793435519,0.7110826982844606,34,11.571702718734741,,0.01,((-0.3 + (0.5 * (-0.008331133790759272 + (1.0032992619505186 * x_3)))) + ((0.02 + (0.006999999999999999 * (-0.010282230545387482 + (0.9971902771250829 * x_0)))) * ((0.01 + (-20.0 * (-0.015114831231098764 + (0.9757726387040605 * x_2)))) + (0.1 + (63.7 * sin(((0.7000000000000001 + (-2.2 * (-0.004376121238925437 + (1.004182159679096 * x_1)))) + (-0.1 + (-1.0 * (-0.010282230545387482 + (0.9971902771250829 * x_0)))))))))))
631_fri_c1_500_5,ok,5,NoRef,0.4776913035276752,0.7060466406929249,79,5.5969557762146,,0.01,(((0.36000000000000004 * (-0.042937717179456034 + (0.9983426300511196 * x_3))) - (-0.00947 + (-1.75 * sin(((((8.6 + cos(((29.900000000000002 + (-7.0 * log((77.5 + (0.612 * ((0.00207 + (-94.10000000000001 * (((-19.400000000000002 + (0.0025299999999999997 * (0.046884630964772786 + (0.994030441990353 * x_2)))) + (-0.0036699999999999997 + (92.8 * ((0.5840000000000001 + (-12.700000000000001 * (-0.005713687936860914 + (1.0182021235040317 * x_4)))))**2))))**2)))**2))))) * (-0.0666 + (0.00433 * (-0.03206677512928165 + (1.0129911571116028 * x_1))))))) - (47.0 + (82.7 * (-0.03206677512928165 + (1.0129911571116028 * x_1))))) * (0.00933 + (0.0166 * (-0.0039939418357916945 + (1.0084124975439617 * x_0))))) + (0.767 + (-0.0417 * (0.046884630964772786 + (0.994030441990353 * x_2))))))))) + ((-0.09580000000000001 + (0.09680000000000001 * (-0.042937717179456034 + (0.9983426300511196 * x_3)))) - (-0.009089999999999999 + (-0.25 * (-0.005713687936860914 + (1.0182021235040317 * x_4))))))
633_fri_c0_500_25,skip,25,,,,,,,0.01,
634_fri_c2_100_10,ok,10,NoRef,-0.2231183259768721,0.9770832851528909,84,15.733707666397095,,0.01,((-0.0824 + (0.518 * sin(((0.043000000000000003 + (51.4 * (0.08802312230468394 + (1.0301009280273568 * x_7)))) + ((-0.868 + (0.267 * (-0.13483358610552693 + (1.0170777103159825 * x_8)))) + (((0.0458 + (0.655 * (-0.022821587410394806 + (0.9780503006776734 * x_3)))) + ((27.0 + (-0.7140000000000001 * (0.05538423510963775 + (1.0426344054040162 * x_9)))) - (34.1 + (0.0070999999999999995 * (-0.020062360233855284 + (0.9870878067315619 * x_1)))))) - (2.66 + (-0.0046 * (0.015738714047980426 + (0.9821675782499821 * x_0)))))))))) - (0.0251 + (-0.603 * arctan(((-0.0084 + (-5.84 * (-0.020062360233855284 + (0.9870878067315619 * x_1)))) - (-0.055900000000000005 + (-2.0100000000000002 * inv(((-0.00264 + (1.54 * (-0.046136040507862186 + (0.9982157756036302 * x_6)))) - ((0.00873 + (0.022400000000000003 * (0.0015757073595106422 + (1.0294988474779494 * x_5)))) * (((1.6500000000000001 + (0.05538423510963775 + (1.0426344054040162 * x_9))) - (7.78 + (-0.0913 * (0.0011302767579470716 + (0.9655861384285174 * x_2))))) * (0.058600000000000006 + (-0.0188 * (-0.014298651727035755 + (1.00612092999361 * x_4)))))))))))))))
635_fri_c0_250_10,ok,10,NoRef,0.6195756623513258,0.6709637678683104,93,7.605705738067627,,0.01,(((0.00431 * (0.026813324838421335 + (0.984911187101232 * x_7))) - (-0.0036599999999999996 + (-0.552 * (0.000503454045596793 + (1.0075331403923988 * x_3))))) + (((-0.029800000000000004 * (0.05527469846367338 + (1.002201784919085 * x_6))) + (-0.00166 + (0.73 * cos(((-1.74 + (1.3900000000000001 * (0.006458287809097258 + (1.0071002968569993 * x_1)))) + ((2.3000000000000003 + (-0.0826 * sqrt((((0.045051625792485145 + (0.9970908251043785 * x_0)) * ((54.0 + (-16.6 * (-0.005633965029450988 + (0.9982732837290494 * x_8)))) + (-0.052700000000000004 + (0.00481 * (-0.08418155085129458 + (0.9854745612424454 * x_9)))))) + (47.9 + (46.6 * sqrt(((-33.3 + (0.529 * (-0.057224350624999754 + (1.0138270465132404 * x_5)))) * (-0.746 + (-19.2 * ((-0.0694 + (29.0 * (0.05305292880630936 + (0.9890520169160456 * x_2)))))**2)))))))))) * (0.008199999999999999 + (-0.057 * ((0.8480000000000001 + (-0.007379999999999999 * (0.05305292880630936 + (0.9890520169160456 * x_2)))))**2)))))))) + (0.09480000000000001 + (0.383 * arctan(((-0.013900000000000001 + (9.43 * (-0.017008204424994344 + (1.0238011449840445 * x_4)))) + (0.08770000000000001 + (45.7 * (0.045051625792485145 + (0.9970908251043785 * x_0))))))))))
637_fri_c1_500_50,skip,50,,,,,,,0.01,
641_fri_c1_500_10,ok,10,NoRef,0.7255445427573437,0.5305646084646783,70,20.842769622802734,,0.01,((0.01 + (0.3 * (0.0218401702271338 + (1.018242464264746 * x_3)))) + ((0.02 + (0.01 * (0.007826966485183674 + (0.9829622259298316 * x_1)))) * (-0.3 + (70.10000000000001 * sin(((0.3 + (-1.6 * (0.019896274875136167 + (0.9745598642997607 * x_0)))) + ((0.02 + (0.001 * (-0.005557031062078642 + (1.0079251900616422 * x_7)))) * ((0.01 + (-60.0 * (0.007826966485183674 + (0.9829622259298316 * x_1)))) + ((0.01 + (0.01 * (-0.0028731163287085944 + (0.9904419577876276 * x_8)))) + ((0.01 + (0.01 * (-0.007583313060476561 + (0.9973808146225875 * x_5)))) + ((0.01 + (10.0 * (0.015642611930150884 + (1.0103661739791232 * x_4)))) + ((0.01 + (0.001 * (-0.02668410743747469 + (1.0413559083722945 * x_6)))) + ((0.1 + (0.001 * (0.020323314468205945 + (1.0031509434323806 * x_2)))) + (0.1 + (0.1 * (-0.048578741260496196 + (0.9979350289913953 * x_9)))))))))))))))))
643_fri_c2_500_25,skip,25,,,,,,,0.01,
644_fri_c4_250_25,skip,25,,,,,,,0.01,
645_fri_c3_500_50,skip,50,,,,,,,0.01,
646_fri_c3_500_10,ok,10,NoRef,0.8606384483827685,0.42070127108456373,75,10.5905921459198,,0.01,((0.01 + (0.3 * (0.03291328870436813 + (1.0254769258175003 * x_3)))) + ((0.02 + (0.01 * (0.0235994997262849 + (0.9867340922937519 * x_1)))) * ((-0.1 + (60.0 * sin(((0.7000000000000001 + (-1.7 * (0.0235994997262849 + (0.9867340922937519 * x_1)))) + (-0.3 + (-1.5 * (0.00420641405966326 + (0.9838464730442519 * x_0)))))))) + (-0.01 + (-0.01 * inv(((0.060000000000000005 + (0.030000000000000002 * (-0.007327175116697621 + (0.9853706346464876 * x_8)))) + ((0.030000000000000002 + (0.02 * (0.004730352359302697 + (0.9935824649015499 * x_5)))) + ((0.030000000000000002 + (0.02 * (0.03242585857870305 + (1.0013662205043137 * x_7)))) + ((0.02 + (0.02 * (0.04490320249013104 + (1.0121575520843222 * x_2)))) + ((0.02 + (-0.02 * (-0.005039675962509788 + (0.9970237887537743 * x_9)))) + ((0.02 + (0.6 * (0.03828415425471091 + (1.008051502763653 * x_4)))) + (0.060000000000000005 + (0.060000000000000005 * (0.011104492757759751 + (0.9857143239576172 * x_6))))))))))))))))
647_fri_c1_250_10,ok,10,NoRef,0.2900843240733382,0.8532721501279167,108,17.907390356063843,,0.01,(((((1.25 + (0.0024098369158797994 + (1.0312239018547233 * x_1))) + (0.0125 + (0.0791 * (-0.013849575199182597 + (1.031980850678823 * x_0))))) * (-0.0028699999999999997 + (-0.913 * sin((((((((0.00926853629182155 + (1.029558347994599 * x_3)) * (0.10600000000000001 + (-0.338 * (-0.02179914737024201 + (0.9874574938618017 * x_2))))) + (6.8100000000000005 + (0.00134 * (-0.011900398819567283 + (0.9957813451792754 * x_8))))) - (0.0724 + (-6.1000000000000005 * (-0.013849575199182597 + (1.031980850678823 * x_0))))) * ((-0.0699 + (-0.047200000000000006 * (0.051940320392527085 + (1.0023329458323915 * x_6)))) - (-0.00041 + (4.0600000000000005 * (0.0024098369158797994 + (1.0312239018547233 * x_1)))))) + (8.8 + (-4.7 * inv((4.75 + (0.0284 * (((-9.67 + (-0.605 * inv(((-0.659 + (0.009819999999999999 * (-0.01693540425922177 + (1.0097639424795237 * x_7)))) - (0.635 + (-60.6 * (0.009856838698683387 + (1.0219090423814292 * x_9)))))))) - (0.0148 + (0.0013 * (0.017678081601831517 + (1.0284691584190526 * x_5))))))**3)))))) * (-0.0585 + (0.0187 * (0.0024098369158797994 + (1.0312239018547233 * x_1))))))))) + ((0.9560000000000001 + (0.456 * (-0.020345585247676906 + (1.0317250496662531 * x_4)))) * (0.0976 + (0.0098 * exp((-0.00377 + (0.00879 * (-0.011900398819567283 + (0.9957813451792754 * x_8))))))))) - (0.055400000000000005 + (-0.398 * (0.00926853629182155 + (1.029558347994599 * x_3)))))
648_fri_c1_250_50,skip,50,,,,,,,0.01,
649_fri_c0_500_5,ok,5,NoRef,0.6095930104877867,0.6182672015866397,62,7.231942653656006,,0.01,((((0.554 * (0.05015569787835444 + (0.9869308794430666 * x_0))) - ((0.00933 + (-0.377 * (0.0072901157284913 + (0.996924162832105 * x_1)))) - ((((-85.10000000000001 * (0.0072901157284913 + (0.996924162832105 * x_1))) + (-0.7190000000000001 + (0.0325 * arctan((97.9 + (-0.028800000000000003 * (0.0018581852272154726 + (0.9934119916616311 * x_3)))))))) + (-99.5 + (-74.4 * (0.02299833218190762 + (1.0104957724946804 * x_2))))) * ((0.00492 + (-0.00198 * inv((63.800000000000004 + (-0.025829085600351787 + (0.9895386278979034 * x_4)))))) * (-0.376 + (0.783 * sin((0.0694 + (4.74 * (0.05015569787835444 + (0.9869308794430666 * x_0))))))))))) + (-0.00758 + (0.652 * (0.0018581852272154726 + (0.9934119916616311 * x_3))))) - (-0.00498 + (-0.266 * (-0.025829085600351787 + (0.9895386278979034 * x_4)))))
650_fri_c0_500_50,skip,50,,,,,,,0.01,
651_fri_c0_100_25,skip,25,,,,,,,0.01,
653_fri_c0_250_25,skip,25,,,,,,,0.01,
654_fri_c0_500_10,ok,10,NoRef,0.712043354395395,0.5713529646719866,90,16.391581296920776,,0.01,((((0.766 * (0.010953160930060992 + (0.9873931070092284 * x_3))) + (0.0187 + (0.0052699999999999995 * ((-0.00696 + (8.88 * (-0.0034804442256793485 + (0.9952038941624249 * x_2)))))**2))) + ((0.116 + (0.0349 * abs((0.301 + (0.786 * (0.0032869731384947538 + (1.006978889636899 * x_4))))))) - (-0.28700000000000003 + (-0.446 * (-0.013561235525464553 + (1.0086379940980401 * x_1)))))) + ((-0.741 + (0.373 * cos(((((5.0 + (0.00605 * (0.024910778448662917 + (1.0055109392321329 * x_9)))) * ((0.0077399999999999995 + (4.72 * (0.008879295678918877 + (0.9961950824963652 * x_8)))) * (-0.8310000000000001 + (0.258 * (-0.007674634411478118 + (0.9884796052956638 * x_6)))))) - (((0.05280000000000001 + (-3.89 * (-0.007674634411478118 + (0.9884796052956638 * x_6)))) * (0.666 + (-83.2 * (-0.01857497398298538 + (1.0010733122977842 * x_7))))) - (0.42200000000000004 + (-5.46 * (-0.004591155046089351 + (0.9881623143555801 * x_5)))))) * (-1.92 + (0.00049 * (0.024910778448662917 + (1.0055109392321329 * x_9)))))))) + ((-0.0018299999999999998 + (0.608 * (0.051629217268438055 + (0.9900092947870005 * x_0)))) - (0.0724 + (-0.34800000000000003 * (0.0032869731384947538 + (1.006978889636899 * x_4)))))))
656_fri_c1_100_5,ok,5,NoRef,0.6626394092636132,0.650220169396176,60,6.925095796585083,,0.01,(((0.17800000000000002 * (-0.020181692064190633 + (1.0062386048353007 * x_4))) - (-0.013300000000000001 + (-1.58 * cos((-0.49300000000000005 + (-0.0279 * abs(((((-0.6980000000000001 + (-24.900000000000002 * (0.06600070131993077 + (1.071902415041507 * x_0)))) - (-0.00453 + (0.04530000000000001 * (((0.033100000000000004 + (-23.400000000000002 * (0.08299416227210835 + (1.0136373453285177 * x_1)))) - ((-0.0022299999999999998 + (0.043800000000000006 * (-0.020181692064190633 + (1.0062386048353007 * x_4)))) - (0.596 + (0.00966 * (-0.00838932676916017 + (1.0287898502013348 * x_3)))))))**2))) - (-0.0284 + (-0.00052 * (0.08299416227210835 + (1.0136373453285177 * x_1))))) + (-0.23700000000000002 + (-0.00953 * (0.01408358703485725 + (1.0601479689944844 * x_2)))))))))))) + (-0.8330000000000001 + (0.455 * (-0.00838932676916017 + (1.0287898502013348 * x_3)))))
657_fri_c2_250_10,ok,10,NoRef,0.30675300123980176,0.721313808795654,85,18.321842193603516,,0.01,((((0.48800000000000004 * (0.0008151052004195677 + (0.9877892476990678 * x_3))) * ((49.9 + (0.9460000000000001 * (0.038373688758975996 + (1.0315161162983169 * x_7)))) * (0.0217 + (0.0006 * abs((-3.2 + (-0.00701 * (-0.008973033226763504 + (1.005752836938309 * x_8))))))))) + ((0.00107 + (-0.549 * (0.004963541047008135 + (0.9718174543157911 * x_2)))) + (((2.99 + (0.0008151052004195677 + (0.9877892476990678 * x_3))) + (((-0.41800000000000004 + (0.07780000000000001 * (0.0005911679441084991 + (0.986584160839145 * x_5)))) + (0.0524 + (-3.41 * (-0.018771572258106054 + (1.0023424695141 * x_0))))) - (0.060000000000000005 + (0.00251 * (0.020268922039895613 + (1.0330735986332134 * x_6)))))) * (-0.0297 + (0.020200000000000003 * (0.004963541047008135 + (0.9718174543157911 * x_2))))))) - (0.07880000000000001 + (1.6500000000000001 * cos((((0.00756 * (0.014480916335308092 + (1.0204173795461642 * x_9))) - (-0.0889 + (-0.056 * ((-1.45 + (8.35 * ((-0.9580000000000001 + (-0.09340000000000001 * (-0.008166477752058105 + (1.0221141213026677 * x_1)))))**3)))**2))) + (-0.09830000000000001 + (0.0999 * (0.044613028682963 + (1.0349622569817305 * x_4)))))))))
658_fri_c3_250_25,skip,25,,,,,,,0.01,
659_sleuth_ex1714,ok,7,NoRef,-0.7332773032818771,2287.3915220161525,70,11.59344220161438,,0.01,(((89.3 + (-2.265740757609649 + (0.07005382201089905 * x_0))) * ((((-0.559 + (-1.5257143527990529 + (0.2294800279967313 * x_5))) * (-8.19 + (0.046900000000000004 * (-1.2387522571517329 + (0.10036187257512587 * x_1))))) * (-8.63 + (-6.78 * cos((((-0.041 + (-2.007866717453049 + (0.06513006034370408 * x_2))) * (-2.5 + (-0.685 * (-0.8932896617930492 + (1.6455335920304204 * x_6))))) * (0.9610000000000001 + (0.056900000000000006 * (-2.6669029972402725 + (0.0446375615975613 * x_3))))))))) + ((((-75.8 + (0.00249 * (-1.0750369602297871 + (0.03178433349252993 * x_4)))) * (-7.6000000000000005 + (0.261 * (-2.6669029972402725 + (0.0446375615975613 * x_3))))) - ((44.2 + (0.049400000000000006 * (-2.265740757609649 + (0.07005382201089905 * x_0)))) * (-0.051000000000000004 + (2.02 * (-1.0750369602297871 + (0.03178433349252993 * x_4)))))) - (-0.47700000000000004 + (7.08 * (-2.007866717453049 + (0.06513006034370408 * x_2))))))) * (0.22 + (0.0036 * (-2.265740757609649 + (0.07005382201089905 * x_0)))))
663_rabe_266,ok,2,NoRef,0.9882024972684839,4.896463718960479,34,11.005638122558594,,0.01,((-60.0 + (52.6 * (0.23213123244534775 + (0.028232176919028785 * x_0)))) + ((0.3 + (-0.12000000000000001 * (-1.8941837957844347 + (0.06698488865249475 * x_1)))) * ((0.9 + (-0.5 * (0.23213123244534775 + (0.028232176919028785 * x_0)))) * ((9.0 + (-55.0 * (-1.8941837957844347 + (0.06698488865249475 * x_1)))) + (3.0 + (-9.9 * sin((-0.3 + (-6.4 * (0.23213123244534775 + (0.028232176919028785 * x_0)))))))))))
665_sleuth_case2002,ok,6,NoRef,0.2530741368058843,9.826950096400987,62,13.485231876373291,,0.01,((0.4 + (13.5 * ((0.7180000000000001 + (0.033800000000000004 * tan(((-1.57 + (-0.029800000000000004 * sqrt((((0.023700000000000002 * (-7.499403812488581 + (0.13230704400541202 * x_4))) - ((0.06580000000000001 + (-76.7 * ((52.300000000000004 * (-0.5703518254720301 + (2.323655585256419 * x_0))))**2)) + (-0.753 + (0.00648 * (-0.9297347899594901 + (2.005310331285175 * x_2)))))) + (-0.0439 + (-0.0044199999999999995 * (-0.8011186209146053 + (2.0493732162931764 * x_1)))))))) - (0.011200000000000002 + (-9.700000000000001 * (-0.6405126152203485 + (2.201762114819948 * x_3)))))))))**2)) * (0.051500000000000004 + (2.97 * sin(((16.5 + (0.735 * (-0.9297347899594901 + (2.005310331285175 * x_2)))) * (0.08020000000000001 + (0.042100000000000005 * (-1.966690083380685 + (0.07225648268933713 * x_5)))))))))
666_rmftsa_ladata,ok,10,BFGS,0.2636478547884309,2.1824613997738562,72,12.111257076263428,,0.01,((4.840008050716667 + (-0.005786614984789766 * (-8.639123151347368 + (0.1160768295904296 * x_2)))) - ((-0.06642542822456148 + (0.017000651506064657 * (-1.9070514863890549 + (0.2285833974119307 * x_8)))) * ((0.002099685399987614 + (99.39997377658815 * abs(((((((-6.319890900833214 + (-2.7047222528815356 + (0.957784200727936 * x_5))) + (0.8771090991667863 + (-0.003998926034957864 * (-3.0609331884660427 + (0.06470520453189736 * x_9))))) * (5.90989403368515 + (-0.018292530131579672 * (-3.7220158904894394 + (0.07444129473712054 * x_7))))) * (-0.005540580709179063 + (-0.007007784914394065 * (-11.595964183347181 + (0.06868853484182603 * x_0))))) - (-0.19015956903014888 + (0.0004933999540071847 * tan(((0.3143622989863912 + (-9.761355781665111 * (-5.1667783402781176 + (0.08859239679134086 * x_3)))) - (-0.22012229898639116 + (0.33188098811931455 * (-2.0749977972706373 + (0.2660414727009863 * x_4))))))))) - (-0.024459569030148898 + (0.11301727733511469 * (-8.656669375171052 + (0.097737731845179 * x_1)))))))) - (-0.6169996853999877 + (4.379999587062773 * cos((0.0008747141185014776 + (81.90000453831145 * (-2.7470892936648195 + (0.24562522593401634 * x_6))))))))))
678_visualizing_environmental,ok,3,BFGS,-0.10134466817764953,4.141418875975663,45,5.80601954460144,,0.01,(((-0.3331221745910428 + (-3.271210406215525e-06 * cos((-0.7291820354054598 + (66.00504954167981 * (-8.583359542036419 + (0.11053822218603923 * x_2))))))) - ((0.24480217459104284 + (0.9085048847999145 * (-1.2118036560247196 + (0.030068670687608885 * x_0)))) - ((11.953977825408955 + (0.9084951152000853 * (-1.2118036560247196 + (0.030068670687608885 * x_0)))) + (-1.225022174591043 + (-3.156316864356146e-07 * (-8.583359542036419 + (0.11053822218603923 * x_2))))))) - ((0.323122174591043 + (-4.898803927456403e-06 * cos((1.1944568455113358 + (-73.33585155128867 * (-8.583359542036419 + (0.11053822218603923 * x_2))))))) - (-0.19492217459104288 + (7.651022961076642e-06 * (-1.9226622139094462 + (0.010475315987559672 * x_1))))))
687_sleuth_ex1605,ok,5,BFGS,0.390378336062726,13.680070375924391,48,11.410294532775879,,0.01,(((-0.03270000017842107 * (-9.263042114999775 + (0.08054819230434587 * x_2))) * ((-0.05499999999993117 + (73.20000000000009 * (-8.835765526970595 + (0.0790288186351638 * x_3)))) * (0.6199999999953213 + (0.266000000032839 * (-9.263042114999775 + (0.08054819230434587 * x_2)))))) + ((-0.06740000000292047 + (-14.499999999992369 * sin((0.1250000000299546 + (0.8259658261538319 * exp((9.274623254815378 + (-8.32780410748365 * (-5.189141954524958 + (0.060476445378299486 * x_1)))))))))) - ((76.59999999999577 + (6.059999999984646 * (-9.072731171399425 + (0.07949440645416639 * x_4)))) * (0.00901000028787006 + (-0.9359999995512146 * arctan((85.29999999999995 + (1.4600000000000162 * (-4.049896687626732 + (0.32856304696795363 * x_0))))))))))
690_visualizing_galaxy,ok,4,NoRef,0.7840809418358023,41.79141812341021,71,13.063459396362305,,0.01,(((-0.0148 + abs((-30.7 + (-0.5890000000000001 * sin((((1.1 + (0.10700000000000001 * sqrt((0.009439999999999999 + (0.00313 * (-2.0870014034303055 + (0.026078761760263025 * x_2))))))) - ((-0.00558 + (-8.950000000000001 * inv((86.2 + (0.91 * (-2.0870014034303055 + (0.026078761760263025 * x_2))))))) - (0.00664 + (-0.442 * (-0.024844570978524928 + (0.08297300048543822 * x_0)))))) - ((0.00426 + (-7.99 * (-0.0318602065231178 + (0.043303946113430164 * x_1)))) + (2.73 + (90.0 * (-2.0870014034303055 + (0.026078761760263025 * x_2))))))))))) - (-0.006849999999999999 + (-0.39 * (-0.010814612326497604 + (0.038374432100343386 * x_3))))) * ((51.800000000000004 + (-2.68 * (-0.0318602065231178 + (0.043303946113430164 * x_1)))) - ((-0.0059 + (3.0 * (-0.010814612326497604 + (0.038374432100343386 * x_3)))) * (-0.202 + (-0.053200000000000004 * (-2.0870014034303055 + (0.026078761760263025 * x_2)))))))
695_chatfield_4,skip,12,,,,,,,0.01,
706_sleuth_case1202,ok,6,BFGS,0.7193811919459501,52.38687508078802,63,7.988023042678833,,0.01,(((1.61 + (-3.604001953163224 + (0.0074972454631813575 * x_4))) - (-0.0553 + (0.23700000000000002 * (-1.3266499161421599 + (2.080428277586569 * x_2))))) * (((0.00015999999999999999 + cos((((-0.00075 + (0.0004800000186053392 * exp((74.10000000000002 + (-0.0773000000000085 * (-2.114831822692076 + (0.9994753134640633 * x_5))))))) - (-0.923 + (-83.2 * cos(((52.1 + (-0.08960000000000001 * ((-0.0646 + (89.5 * (-8.029887324898368 + (0.001462175666793306 * x_0)))))**2)) - (0.09730000000000001 + (0.00991 * (-8.164957072807557 + (0.09897787034851044 * x_3))))))))) - (-0.0084 + (-0.651 * (-5.549295017812063 + (0.0005258044966915793 * x_1))))))) - (1.8 + (0.09430000000000001 * (-2.114831822692076 + (0.9994753134640633 * x_5))))) * (-39.2 + (0.737 * (-5.549295017812063 + (0.0005258044966915793 * x_1))))))
712_chscase_geyser1,ok,2,NoRef,0.6174992212823592,8.73548987654715,77,11.802353620529175,,0.01,(((-0.443 * exp((0.0077399999999999995 + (-0.7250000000000001 * sqrt(((-0.276 + (0.0178 * inv((-54.0 * (-1.5371717065599722 + (0.1266983631027584 * x_0)))))) + (63.4 + (-9.700000000000001 * (-3.3729050952987207 + (0.9362913804092706 * x_1)))))))))) - ((-82.2 + (0.171 * ((-0.0893 + (-0.00614 * (-3.3729050952987207 + (0.9362913804092706 * x_1)))))**2)) - (-37.4 + (-12.4 * cos((0.09980000000000001 + (-6.1000000000000005 * inv((0.542 + (9.5 * ((0.00039999999999999996 + (-0.263 * tan((-16.6 + (73.5 * (-1.5371717065599722 + (0.1266983631027584 * x_0))))))))**3)))))))))) + ((-0.021400000000000002 + (-0.553 * (-1.5371717065599722 + (0.1266983631027584 * x_0)))) + ((-0.00477 + (-0.09770000000000001 * (-1.5371717065599722 + (0.1266983631027584 * x_0)))) - (-31.400000000000002 + (-9.72 * (-3.3729050952987207 + (0.9362913804092706 * x_1)))))))
_deprecated_195_auto_price,skip,15,,,,,,,0.01,
_deprecated_207_autoPrice,skip,15,,,,,,,0.01,
auto_insurance_losses,skip,24,,,,,,,0.01,
auto_insurance_price,skip,23,,,,,,,0.01,
feynman_III_10_19,ok,4,NoRef,0.9949820121427565,0.5120959659213336,63,66.34351515769958,,0.01,((-0.24000000000000002 + (-0.09490000000000001 * (-2.595675079647924 + (0.8647593963458762 * x_0)))) * (((-3.9 + (0.00771 * (-2.595675079647924 + (0.8647593963458762 * x_0)))) - ((-0.00701 + (9.4 * (-2.5988055551471723 + (0.8674342969803297 * x_3)))) + (-0.00462 + (0.298 * abs(((0.8230000000000001 + (8.42 * (-2.5988055551471723 + (0.8674342969803297 * x_3)))) + (0.0047 + (-9.040000000000001 * (-2.589385032771437 + (0.8645015143712196 * x_1)))))))))) - (-67.2 + (0.8200000000000001 * (((-9.8 + (0.09930000000000001 * (-2.5988055551471723 + (0.8674342969803297 * x_3)))) + ((-2.93 + (-0.372 * (-2.6031890825882913 + (0.8669198439354064 * x_2)))) - ((4.84 + (-0.664 * (-2.6031890825882913 + (0.8669198439354064 * x_2)))) * (-0.046000000000000006 + (0.0882 * (-2.589385032771437 + (0.8645015143712196 * x_1))))))))**2))))
feynman_III_12_43,ok,2,NoRef,0.9996581035757415,0.014886947508944249,46,51.9659960269928,,0.01,(((2.62 + (-2.5901196900779673 + (0.8632681606651428 * x_0))) * (-6.7 + (-0.0927 * sin((0.00016999999999999999 + (-0.00635 * inv(((0.00047 + (1.54 * exp((-16.9 + (82.5 * inv((-0.012 + (-15.1 * cos((-7.76 + (-16.8 * (-2.603159879275623 + (0.8683768222038629 * x_1))))))))))))) * (15.6 + (-0.20500000000000002 * (-2.5901196900779673 + (0.8632681606651428 * x_0)))))))))))) * (-0.0821 + (-0.0322 * (-2.603159879275623 + (0.8683768222038629 * x_1)))))
feynman_III_13_18,ok,4,NoRef,0.9998577156108157,6.580638675555475,43,65.26281785964966,,0.01,((((2.68 + (-2.597470846548522 + (0.8665495151180956 * x_2))) * (13.9 + (-8.19 * (((14.5 + (5.51 * (-2.590089743866982 + (0.8634447109751857 * x_1)))) - ((0.061000000000000006 + (-0.0746 * (-2.590089743866982 + (0.8634447109751857 * x_1)))) - (0.0154 + (0.09580000000000001 * (-2.597470846548522 + (0.8665495151180956 * x_2)))))))**2))) * (0.0621 + (0.0519 * inv((0.009899999999999999 + (0.0038 * (-2.5984300060086274 + (0.8647584059169913 * x_3)))))))) * (-0.014100000000000001 + (-0.00545 * (-2.594611178671891 + (0.863997207988362 * x_0)))))
feynman_III_14_14,ok,5,NoRef,0.9804788832961947,0.9570049583050023,39,62.22158765792847,,0.01,((-0.262 + (-0.08620000000000001 * exp(((-0.0625 + (0.48600000000000004 * (-5.195550762214879 + (3.463205526441301 * x_2)))) + ((0.00518 + (0.163 * inv((0.0825 + (0.016900000000000002 * (-5.20457176252679 + (3.4673025878558907 * x_3))))))) - ((0.00361 + (-0.44 * (-5.19211016655459 + (3.4588894294081984 * x_1)))) - (0.0313 + (-0.557 * (-5.204087613296749 + (3.466934123187892 * x_4)))))))))) * (-4.8500000000000005 + (-1.84 * (-2.608171291533975 + (0.8680219491089829 * x_0)))))
feynman_III_15_12,ok,3,NoRef,0.09475410552774954,4.8714717662180576,27,56.26719808578491,,0.01,((0.002 + (0.0007999999999999999 * (-2.593304460990531 + (0.8635386115747442 * x_0)))) * (0.030000000000000002 + (0.7000000000000001 * ((6.0 + (-89.0 * cos(((0.01 + (-2.0 * (-2.605014023454783 + (0.866318952004638 * x_1)))) + (0.01 + (-1.8 * (-2.6020424844049055 + (0.8643687609683721 * x_2)))))))))**2)))
feynman_III_15_14,ok,3,NoRef,0.9968494191938376,0.000962732343811614,33,54.91154646873474,,0.01,((0.001 + (0.00039999999999999996 * (-2.6035535442633173 + (0.8679488672885353 * x_0)))) * ((0.02 + (0.008 * (-2.6035535442633173 + (0.8679488672885353 * x_0)))) * (0.2 + (0.9 * ((0.2 + (-9.0 * inv(((0.2 + (0.07700000000000001 * (-2.597537119806788 + (0.8655890773351206 * x_2)))) * (-3.0 + (-0.7000000000000001 * (-2.592651034022415 + (0.8644529213018987 * x_1)))))))))**2))))
feynman_III_15_27,ok,3,NoRef,0.9995402118621517,0.057439816867408545,23,52.95309638977051,,0.01,(((0.00577 + inv((2.61 + (-2.5943208740350783 + (0.8668355676349394 * x_2))))) * (0.061700000000000005 + (0.0239 * (-2.593768391778343 + (0.8653530862251808 * x_0))))) * (2.37 + (6.76 * inv((0.0775 + (0.030000000000000002 * (-2.590009321613727 + (0.863877005419952 * x_1))))))))
feynman_III_17_37,ok,3,NoRef,0.9932004356635564,0.41436260225391824,37,47.74245548248291,,0.01,(((-7.000000000000001e-05 + cos((99.8 * (-2.6014585251141953 + (0.8665648325944011 * x_1))))) + ((-32.4 + (0.997 * (-2.6014585251141953 + (0.8665648325944011 * x_1)))) + (-81.7 + (-44.7 * (-2.5910678123699937 + (0.8645301603875495 * x_0)))))) * (((0.00669 * cos((-0.09200000000000001 + (-2.583164435932138 + (0.8622522300374365 * x_2))))) * (14.5 + (5.3 * (-2.6014585251141953 + (0.8665648325944011 * x_1))))) + (-0.0446 + (-0.0074199999999999995 * (-2.6014585251141953 + (0.8665648325944011 * x_1))))))
feynman_III_19_51,ok,5,NoRef,0.9814033494392442,0.28356568974541885,48,63.21860933303833,,0.01,((9.67 + (-87.5 * exp((-0.00891 + (-2.601979890362099 + (0.8670812889763767 * x_1)))))) * ((-0.001 + (0.021900000000000003 * ((-0.00233 + (-8.0 * inv(((0.0741 + (0.022000000000000002 * (-2.6010639485940437 + (0.8665398862335241 * x_4)))) * (((70.2 + (22.400000000000002 * (-2.5980344780512077 + (0.8655538613146133 * x_3)))) + (0.08460000000000001 + (-0.0034 * (-2.601979890362099 + (0.8670812889763767 * x_1))))) * (2.24 + (0.659 * (-2.601830800830659 + (0.8655948843991712 * x_2))))))))))**3)) * (-0.0664 + (-0.023700000000000002 * (-2.586598291379658 + (0.8644771447609795 * x_0))))))
feynman_III_21_20,ok,4,NoRef,0.9998763014424205,0.11392531457568934,26,58.73915505409241,,0.01,(((2.6 + (-2.588487050222574 + (0.8632922495334688 * x_2))) * (0.2 + (0.07700000000000001 * (-2.59734001646025 + (0.8658903655433385 * x_1))))) * ((0.2 + (0.07600000000000001 * (-2.607486869894172 + (0.8704860176332444 * x_0)))) * (-0.001 + (-0.8 * inv((0.0093 + (0.0036 * (-2.6060555065418627 + (0.8677300287789851 * x_3)))))))))
feynman_III_4_32,ok,4,NoRef,0.9987263939396814,0.3318835650536052,28,48.391695976257324,,0.01,((0.0122 + (0.005 * (-2.594715066701814 + (0.86544176389977 * x_3)))) * ((-0.8140000000000001 + (-0.322 * (-2.6000187122068077 + (0.865615195337042 * x_2)))) * (70.3 + (8.76 * inv(((-0.653 + (-0.251 * (-2.600007560975531 + (0.8671764042169674 * x_1)))) * (0.021 + (0.00795 * (-2.601856751893165 + (0.8666067310329927 * x_0))))))))))
feynman_III_4_33,ok,4,NoRef,0.9991977104872422,0.14376428048594772,49,57.43209481239319,,0.01,(((0.23800000000000002 + (0.0941 * (-2.5969569860681374 + (0.8646009136693547 * x_2)))) * ((-0.0359 + (0.0024 * (-2.5934650336784837 + (0.8652079382692376 * x_3)))) + ((34.300000000000004 + (-0.09490000000000001 * (-2.6053160090618936 + (0.8673183317702835 * x_1)))) + (2.7 + (14.700000000000001 * (-2.5934650336784837 + (0.8652079382692376 * x_3))))))) - (((1.26 + (-2.6053160090618936 + (0.8673183317702835 * x_1))) - (-0.7080000000000001 + (0.642 * cos((-1.42 + (-1.77 * inv((0.00362 + (0.00283 * (-2.5934650336784837 + (0.8652079382692376 * x_3))))))))))) * (0.224 + (0.11 * (-2.590014767641521 + (0.8675729142015532 * x_0))))))
feynman_III_7_38,ok,3,NoRef,0.999889330894081,0.3743646702417307,20,56.041454553604126,,0.01,(((2.6 + (-2.5961519695423974 + (0.8654084315743407 * x_1))) * (0.2 + (0.07600000000000001 * (-2.610444420054463 + (0.8676674060282604 * x_0))))) * (-0.1 + (0.7000000000000001 * inv((0.0096 + (0.0036999999999999997 * (-2.605718721038121 + (0.8680470283192115 * x_2))))))))
feynman_III_8_54,ok,3,BFGS,-0.00019642975962907983,0.35407818957768117,80,50.29438042640686,,0.01,(0.4821030954947784 + (8.800866554590366e-09 * inv((0.050678883435058525 + (-2.216725257266239 * inv((0.21725437687387275 + (-53.801447891716684 * abs(((-0.03125395242597852 + (0.009319151154916659 * (-5.202160712612211 + (3.4637479825081123 * x_1)))) - (0.12109395243276216 + (-0.9640875066730545 * sin(((-53.99812510392145 + (9.849752509836826 * (((-0.6071721085614284 + (-26.387084085119625 * (-5.202160712612211 + (3.4637479825081123 * x_1)))) + (0.7028278914391203 + (0.004416679561547934 * (-5.192457305488689 + (3.4606619440701656 * x_0))))))**3)) - ((0.003965103920367071 + (-1.5340284630979966 * (-5.192457305488689 + (3.4606619440701656 * x_0)))) + (((50.503686996121935 + (-5.192457305488689 + (3.4606619440701656 * x_0))) - (-0.012476996120004436 + (-51.300087418198 * (-5.202160712612211 + (3.4637479825081123 * x_1))))) * (30.148443042040295 + (22.714146252899024 * (((-5.150532897696469 + (-0.03022468990858908 * sqrt((0.6719809460250746 + (0.22168292560782416 * (-2.882257612968942 + (1.1543435372185 * x_2))))))) - (6.070532897693602 + (6.773884447278865 * (-2.882257612968942 + (1.1543435372185 * x_2))))))**2))))))))))))))))))
feynman_III_9_52,ok,6,NoRef,0.959734251109241,2.8486051465914675,49,77.81027412414551,,0.01,(0.0007999999999999999 + (0.001 * ((((7.0 + (-3.470947490593213 + (1.7337857840927098 * x_0))) + (-0.1 + (1.2 * (-3.4652183289257827 + (1.7331572247646594 * x_2))))) * ((-9.0 + (-3.2 * (-3.465335565868304 + (1.730512037480293 * x_1)))) + ((-0.6 + (4.0 * (-3.4665866275632466 + (1.7375818573155892 * x_3)))) + (-0.01 + (-13.6 * cos(((0.02 + (0.006999999999999999 * (-3.4652183289257827 + (1.7331572247646594 * x_2)))) * ((0.01 + (-46.7 * (-2.600766997418986 + (0.8670016250155116 * x_5)))) + (0.1 + (46.7 * (-2.6044607290783226 + (0.8670558945534738 * x_4)))))))))))))**2))
feynman_II_10_9,ok,3,NoRef,0.9996377234672599,0.004701522761630442,56,55.25926733016968,,0.01,(((0.013200000000000002 + inv((((-9.03 + ((0.00146 + (-0.28800000000000003 * arctan((-4.07 + (-95.4 * (-2.610867254638592 + (0.8675666410146483 * x_1))))))))**3) + (0.00307 + (-3.54 * (-2.610867254638592 + (0.8675666410146483 * x_1))))) * (-0.0661 + (-0.0194 * (-2.6007013318739114 + (0.8665864877888373 * x_2))))))) * (0.007319999999999999 + (0.0028499999999999997 * (-2.5884119893225717 + (0.863580171671816 * x_0))))) * ((-0.00403 + (0.007989999999999999 * (-2.6007013318739114 + (0.8665864877888373 * x_2)))) + (20.400000000000002 + (-0.0751 * sqrt((55.5 + (-0.00356 * inv((0.7100000000000001 + (0.0145 * (-2.5884119893225717 + (0.863580171671816 * x_0))))))))))))
feynman_II_11_20,ok,5,NoRef,0.9988682415372252,0.2394660849391799,62,63.55271363258362,,0.01,(((2.64 + (-2.6012980731603075 + (0.8663878839568657 * x_0))) + (0.00028 + (0.00273 * (-2.6012980731603075 + (0.8663878839568657 * x_0))))) * ((-0.00671 + (0.47000000000000003 * inv(((7.9 + (2.94 * (-2.6020910767244025 + (0.8663094145939032 * x_3)))) * (0.684 + (0.261 * (-2.6007346363871573 + (0.8676472648222499 * x_4)))))))) * ((((-0.00677 + (0.00908 * (-2.6007346363871573 + (0.8676472648222499 * x_4)))) - ((-70.0 + (-0.927 * (-2.6007346363871573 + (0.8676472648222499 * x_4)))) - (0.8570000000000001 + (62.7 * (-2.6036895651901433 + (0.8675474094301431 * x_1)))))) - (-48.800000000000004 + (-1.1 * (-2.6020910767244025 + (0.8663094145939032 * x_3))))) * ((2.1 + (0.8220000000000001 * (-2.597633301679201 + (0.8653118132693743 * x_2)))) * (0.056100000000000004 + (0.015000000000000001 * (-2.6036895651901433 + (0.8675474094301431 * x_1))))))))
feynman_II_11_27,ok,4,NoRef,0.9977287470218851,0.03326912519959624,33,56.832984924316406,,0.01,(((1.7 + (-1.7278197330051435 + (3.465249167320299 * x_1))) * ((0.04 + (0.0234 * (-1.739155254973971 + (3.477331538907362 * x_0)))) * (0.2 + (0.04 * (-5.219343890438042 + (3.4734842134719535 * x_2)))))) * ((46.0 + (9.0 * (-5.18890945866278 + (3.458537184126156 * x_3)))) + ((0.001 + (0.05 * (-1.7278197330051435 + (3.465249167320299 * x_1)))) * (50.0 + (64.0 * (-1.739155254973971 + (3.477331538907362 * x_0)))))))
feynman_II_11_28,ok,2,NoRef,0.9957922956575473,0.01884222735791662,47,60.14009189605713,,0.01,(0.16 + (0.877 * exp(((0.00987 + (-0.0609 * abs((0.727 + (-0.23500000000000001 * cos((-0.028 + (-4.64 * ((-0.668 + (-9.64 * sqrt((0.00483 + (56.6 * ((-0.07390000000000001 + (-50.4 * (-1.7345462968149234 + (3.4615560571301773 * x_0)))))**2))))))**2)))))))) - ((-2.0 + (-1.2 * (-1.7345462968149234 + (3.4615560571301773 * x_0)))) * (0.132 + (0.07160000000000001 * (-1.7349425187576448 + (3.4626186221740825 * x_1)))))))))
feynman_II_11_3,ok,5,NoRef,0.9983646650760944,0.005013450807736211,32,57.836461305618286,,0.01,(((3.5 + (-3.466353422115428 + (1.7308764850767546 * x_0))) * (0.02 + (0.005699999999999999 * (-3.4808992290218614 + (1.7385786178265445 * x_1))))) * (-0.3 + (9.0 * inv(((0.4 + (0.11 * (-3.461233731377711 + (1.730881966245243 * x_2)))) * ((9.4 + (2.7 * (-6.92014222195854 + (1.7286209350593402 * x_3)))) - (-0.1 + (0.6 * (-5.199553592319454 + (3.4612357622429495 * x_4))))))))))
feynman_II_13_17,ok,4,NoRef,0.9966758721950945,0.0014515157390572995,46,56.143112897872925,,0.01,(((-0.00915 + inv((((2.57 + (-2.5957572654281957 + (0.8652962957305357 * x_0))) * (-8.28 + (-3.0100000000000002 * (-2.5994658858174335 + (0.8657707724586062 * x_3))))) * (-0.46 + (-0.05450000000000001 * sin((-0.025400000000000002 + (0.14400000000000002 * (-2.597674142804184 + (0.8659203271276166 * x_2)))))))))) * (0.0514 + (-0.0065899999999999995 * inv(((-0.015200000000000002 + (-0.00416 * (-2.6055704523274246 + (0.8676397489603255 * x_1)))) * (-1.72 + (-0.746 * (-2.6055704523274246 + (0.8676397489603255 * x_1))))))))) * (-0.298 + (-0.114 * (-2.597674142804184 + (0.8659203271276166 * x_2)))))
feynman_II_13_23,ok,3,NoRef,0.9990343224013574,0.03769123343081375,22,67.24892807006836,,0.01,((0.3 + (0.11800000000000001 * (-2.5920812529103787 + (0.8645409217304649 * x_0)))) * (10.1 + (0.2 * (((0.6 + (-0.7000000000000001 * (-3.211076379933289 + (0.4944300005413971 * x_2)))) + (0.001 + (0.36000000000000004 * (-5.200283917104196 + (3.4624672967094225 * x_1))))))**3)))
feynman_II_13_34,ok,3,NoRef,0.9981554730503847,0.09047457697522185,35,57.43862295150757,,0.01,((0.23 + (0.04700000000000001 * (-5.209731689124816 + (3.4746076277106677 * x_1)))) * ((-9.47 + (0.00977 * ((((-0.0077599999999999995 + cos((5.2 * (-3.21473447749444 + (0.4942943720217439 * x_2))))) + (-0.937 + (2.81 * (-3.21473447749444 + (0.4942943720217439 * x_2))))) * (0.766 + (0.08990000000000001 * (-5.209731689124816 + (3.4746076277106677 * x_1))))))**3)) * (-2.12 + (-0.8210000000000001 * (-2.5975470566740215 + (0.8663681118651275 * x_0))))))
feynman_II_15_4,ok,3,NoRef,0.9996142504523348,0.10322044340889562,20,49.08889603614807,,0.01,(((2.7 + (-2.5993269325962003 + (0.8672012639855557 * x_0))) * (0.2 + (0.07700000000000001 * (-2.5987893119651093 + (0.8660848979416299 * x_1))))) * (0.1 + (16.7 * cos((0.14 + (-1.16 * (-2.586598214097152 + (0.8612674838932523 * x_2))))))))
feynman_II_15_5,ok,3,NoRef,0.9996837909301021,0.09304919773947061,20,43.26476979255676,,0.01,(((2.6 + (-2.599410139623092 + (0.8659872483948012 * x_1))) * (0.2 + (0.08 * (-2.5901226458099837 + (0.8653794416601365 * x_0))))) * (-0.2 + (17.400000000000002 * cos((0.14 + (-1.1500000000000001 * (-2.5981860504990513 + (0.8665145431946906 * x_2))))))))
feynman_II_21_32,ok,5,NoRef,0.9967008538146296,0.002803566864778817,39,60.867602586746216,,0.01,((0.02 + (0.008 * (-2.595017840036571 + (0.8661397199295369 * x_0)))) * (0.01 + (9.0 * inv(((0.2 + (0.07700000000000001 * (-2.5972274545339453 + (0.8664619821400085 * x_2)))) * ((2.5 + (0.9600000000000001 * (-2.5973090554009937 + (0.8654740552732318 * x_1)))) * (12.0 + (-0.7000000000000001 * exp(((0.7000000000000001 + (0.2 * (-5.1820460237701065 + (3.4570932094864597 * x_3)))) - (0.1 + (0.8 * (-3.2203941162886225 + (0.4959158360422318 * x_4))))))))))))))
feynman_II_24_17,ok,3,NoRef,0.9955862146593704,0.05725248217299426,31,62.28756594657898,,0.01,((0.001 + (0.07 * (-5.189848384331843 + (1.7307457966042825 * x_2)))) + ((0.060000000000000005 + (0.007699999999999999 * (-8.65335653973537 + (1.7310678698387563 * x_0)))) * ((0.01 + (0.9 * sin((-9.9 * (-5.19079797081511 + (3.4620834728738354 * x_1)))))) + (-9.0 + (6.0 * inv((0.098 + (0.018400000000000003 * (-5.19079797081511 + (3.4620834728738354 * x_1))))))))))
feynman_II_27_16,ok,3,NoRef,0.9999064924651321,0.8564144827162911,58,57.81889629364014,,0.01,((-0.0626 + (-0.0059 * ((((87.3 + (-0.0164 * (-2.590685056747548 + (0.8656950783561495 * x_0)))) * (0.020900000000000002 + (-0.00018999999999999998 * inv((0.0432 + (-0.255 * inv(((0.00398 + (2.99 * abs((0.08330000000000001 * (-2.6021114212583667 + (0.8674758321934541 * x_2)))))) + (18.0 + (-5.64 * cos((-5.09 + (-77.10000000000001 * (-2.6021114212583667 + (0.8674758321934541 * x_2))))))))))))))) - (-44.2 + (-17.6 * (-2.6021114212583667 + (0.8674758321934541 * x_2))))))**2)) * ((-8.58 + (-3.3200000000000003 * (-2.6053496233402025 + (0.8667046217728607 * x_1)))) * (0.772 + (0.29400000000000004 * (-2.590685056747548 + (0.8656950783561495 * x_0))))))
feynman_II_27_18,ok,2,NoRef,0.9998294553056987,0.332079493281272,27,53.42440485954285,,0.01,((0.02 + (0.007699999999999999 * (-2.5903293345089 + (0.8647521351495433 * x_0)))) * (-0.01 + (0.2 * (((82.0 + (31.6 * (-2.5968225494290453 + (0.8649647169072636 * x_1)))) - (-0.1 + (0.6 * sin((0.003 + (-90.0 * (-2.5968225494290453 + (0.8649647169072636 * x_1)))))))))**2)))
feynman_II_2_42,ok,5,NoRef,0.9996616242397734,0.13922825282260493,32,54.77872133255005,,0.01,(((2.6 + (-2.5983997350900876 + (0.8653690887785789 * x_3))) * ((0.02 + (0.0073 * (-2.590357754969827 + (0.8652104734904551 * x_0)))) * ((0.001 + (0.8 * (-2.6085653656704544 + (0.868806148253277 * x_2)))) + (-0.001 + (-0.8 * (-2.5965568722005115 + (0.8661621604895 * x_1))))))) * (0.01 + (-0.8 * inv((-0.0096 + (-0.0036999999999999997 * (-2.6013857481973996 + (0.8666432178566211 * x_4))))))))
feynman_II_34_11,ok,4,NoRef,0.9999354212904079,0.040727490430782394,26,57.33075976371765,,0.01,(((2.6 + (-2.5948859475573696 + (0.8658294130247899 * x_2))) * (0.2 + (0.07700000000000001 * (-2.5902859470042587 + (0.8653653241025926 * x_1))))) * ((0.2 + (0.078 * (-2.5934242890293002 + (0.8649168229966994 * x_0)))) * (0.01 + (-0.3 * inv((-0.006999999999999999 + (-0.0026999999999999997 * (-2.5963949089458125 + (0.865444087420903 * x_3)))))))))
feynman_II_34_2,ok,3,NoRef,0.9998024791420769,0.13635029130224688,63,52.230425119400024,,0.01,((((0.0005099999999999999 + abs(((0.052300000000000006 + (0.00728 * (-2.6013546381409616 + (0.8677473991420683 * x_1)))) * (0.041 + (1.09 * (-2.6013546381409616 + (0.8677473991420683 * x_1))))))) - (7.57 + (2.89 * (-2.6013546381409616 + (0.8677473991420683 * x_1))))) * (((2.63 + (-2.6060951305547317 + (0.8677687417413945 * x_2))) * (-0.88 + (-0.342 * (-2.606650389056198 + (0.8673085303842745 * x_0))))) * (0.771 + (0.0117 * sqrt((0.55 + (0.8340000000000001 * arctan(((0.059000000000000004 + (0.0015899999999999998 * (-2.606650389056198 + (0.8673085303842745 * x_0)))) - (0.0032199999999999998 + (-0.00045999999999999996 * (-2.6060951305547317 + (0.8677687417413945 * x_2))))))))))))) + (-0.00015 + (-0.0809 * sin((21.0 + (67.7 * (-2.6060951305547317 + (0.8677687417413945 * x_2))))))))
feynman_II_34_29a,ok,3,NoRef,0.9999019816860293,0.002272110000059127,20,51.186819314956665,,0.01,(((2.62 + (-2.5984299478194286 + (0.8660082007114862 * x_0))) * (0.0063 + (0.00243 * (-2.612491525484051 + (0.868564028067122 * x_1))))) * (-0.4 + (-0.24700000000000003 * inv((-0.0166 + (-0.00632 * (-2.594310419152839 + (0.8654958272163299 * x_2))))))))
feynman_II_34_29b,ok,5,NoRef,0.9996514749004124,4.12662513294755,32,54.52169489860535,,0.01,(((2.6 + (-2.5955858143260153 + (0.8642408159369542 * x_0))) * ((0.2 + (0.07700000000000001 * (-2.600906716531438 + (0.8669187797121793 * x_4)))) * (2.0 + (0.77 * (-2.607968163735475 + (0.8675704466820467 * x_3)))))) * ((2.0 + (0.77 * (-2.5995738749671244 + (0.8655882097484616 * x_2)))) * (0.001 + (0.8 * inv((0.01 + (0.0039 * (-2.607005935690464 + (0.8671396783378055 * x_1)))))))))
feynman_II_34_2a,ok,3,NoRef,0.9997293326112825,0.007592861623691543,29,52.33601760864258,,0.01,(((0.0033399999999999997 + inv((2.57 + (-2.594518666239565 + (0.8642216629310018 * x_2))))) * (0.149 + (0.0563 * (-2.598243857445774 + (0.8657150319652017 * x_1))))) * (0.00605 + (0.8580000000000001 * abs(((5.01 + (3.0500000000000003 * (-2.592934274244674 + (0.8630118497720846 * x_0)))) - (-4.46 + (-0.549 * (-2.592934274244674 + (0.8630118497720846 * x_0)))))))))
feynman_II_35_18,ok,5,NoRef,0.9728200935666552,0.05220417438718776,55,65.7406439781189,,0.01,(((35.5 + (-3.4562920198414946 + (1.7306719224770948 * x_0))) * (-0.227 + (-0.060200000000000004 * (-3.4562920198414946 + (1.7306719224770948 * x_0))))) * (-0.053500000000000006 + (0.049800000000000004 * arctan((((0.00539 + (-0.341 * (-3.458262908846139 + (1.7317525604401383 * x_2)))) - (0.904 + (0.45 * (-3.467551660270528 + (1.7331124112989802 * x_1))))) - ((-3.4 + (-0.0257 * (((-4.09 + (-0.0995 * (-3.458262908846139 + (1.7317525604401383 * x_2)))) + (-0.00773 + (3.31 * (-3.458262908846139 + (1.7317525604401383 * x_2))))))**2)) * ((-0.00594 + (0.10400000000000001 * (-3.4599789364556433 + (1.7321747531028424 * x_3)))) - (-0.08280000000000001 + (-0.09920000000000001 * (-3.459460827248759 + (1.728963213723657 * x_4)))))))))))
feynman_II_35_21,ok,5,NoRef,0.9847206538338821,0.6195487281533167,46,63.66395282745361,,0.01,((0.9 + (0.34 * (-2.605803542790485 + (0.8672839199170996 * x_0)))) * (8.0 + (-7.1000000000000005 * arctan(((0.1 + (-0.8 * (-2.5975936541530675 + (0.8644639123146133 * x_1)))) + ((0.030000000000000002 + (-0.009 * (-2.605849634797703 + (0.8673366555310302 * x_2)))) * ((0.01 + (-9.200000000000001 * (-2.605849634797703 + (0.8673366555310302 * x_2)))) + ((-2.0 + (8.2 * (-2.5889507000353738 + (0.8647695173479677 * x_3)))) + ((0.1 + (0.030000000000000002 * (-2.5889507000353738 + (0.8647695173479677 * x_3)))) * (0.1 + (83.4 * (-2.5966030954412895 + (0.8659303719450882 * x_4)))))))))))))
feynman_II_36_38,ok,8,NoRef,0.9498874302353475,0.24839544732502472,57,78.49137282371521,,0.01,((0.030000000000000002 + (0.008 * (-3.4676994797729073 + (1.733578912746499 * x_0)))) * ((0.1 + (9.0 * (-3.4636734662793733 + (1.7313173648170714 * x_1)))) + (0.01 + (90.0 * inv(((0.030000000000000002 + (0.009 * (-3.4524572010154646 + (1.7288752114960375 * x_2)))) * ((0.3 + (0.09000000000000001 * (-3.4594042135055076 + (1.7308558949614197 * x_3)))) * ((0.09000000000000001 + (20.0 * (-3.4728048570452246 + (1.7339887681618564 * x_5)))) + ((4.0 + (-0.3 * (-3.4684907910594056 + (1.7317207667784684 * x_4)))) * (70.0 + (-0.002 * (((50.0 + (-40.0 * (-3.4653817046691597 + (1.7314781175925666 * x_6)))) + (0.001 + (16.3 * (-3.4729457562252377 + (1.7359310010655866 * x_7))))))**2)))))))))))
feynman_II_37_1,ok,3,NoRef,0.9997567482656565,0.3672980654126764,26,63.18132543563843,,0.01,(((2.6 + (-2.5990440720790113 + (0.8667698966674856 * x_0))) * (0.2 + (0.07700000000000001 * (-2.589924505416426 + (0.8650155463910425 * x_1))))) * ((69.0 + (19.7 * (-2.609085462369114 + (0.869096047815585 * x_2)))) - (0.01 + (0.8 * cos((0.9 + (-99.0 * (-2.5990440720790113 + (0.8667698966674856 * x_0)))))))))
feynman_II_38_14,ok,2,NoRef,0.999649483576318,0.003999576583452459,32,44.903098344802856,,0.01,((0.02 + (0.0076 * (-2.598990942841578 + (0.8664660338520245 * x_0)))) * (-0.2 + (9.0 * inv(((0.47000000000000003 + (0.13 * (-2.599121661835128 + (0.867658242604959 * x_1)))) + (0.001 + (-0.006 * sin((0.9 + (-9.0 * inv((0.001 + (5.0 * (-2.599121661835128 + (0.867658242604959 * x_1)))))))))))))))
feynman_II_38_3,ok,4,NoRef,0.9999111557583887,0.0962619902261689,26,49.40948271751404,,0.01,(((2.6 + (-2.60200840736039 + (0.8681628784310511 * x_0))) * (0.2 + (0.07700000000000001 * (-2.60513779830767 + (0.8698485195204876 * x_1))))) * ((0.2 + (0.07600000000000001 * (-2.6022544957721383 + (0.8686542242169122 * x_3)))) * (0.3 + (0.8 * inv((0.0093 + (0.0036 * (-2.600635279240289 + (0.8678703068561665 * x_2)))))))))
feynman_II_3_24,ok,2,NoRef,0.9995330569092691,0.0012146098365911388,36,52.195053577423096,,0.01,((-0.013200000000000002 + (-0.00531 * (-2.5973337242206833 + (0.8663478799495643 * x_0)))) * (((-0.0046099999999999995 + (-0.043300000000000005 * cos((-30.7 * (-2.5967996978056815 + (0.8652566440786205 * x_1)))))) + (0.0413 + (-0.0077399999999999995 * ((0.0655 + (3.9 * inv((0.24400000000000002 + (0.09430000000000001 * (-2.5967996978056815 + (0.8652566440786205 * x_1))))))))**2))) - (0.05330000000000001 + (-0.00951 * (-2.5973337242206833 + (0.8663478799495643 * x_0))))))
feynman_II_4_23,ok,3,NoRef,0.9998348910095987,0.00042822722350340333,22,45.503551959991455,,0.01,((0.02 + (0.0076 * (-2.598351657887101 + (0.8662906941538828 * x_0)))) * (0.01 + (0.9 * inv(((0.2 + (0.07700000000000001 * (-2.614162387459212 + (0.8700131171819241 * x_1)))) * (3.4 + (1.3 * (-2.596337834217202 + (0.8662329880311779 * x_2)))))))))
feynman_II_6_11,ok,4,NoRef,0.998042166187527,0.000899975150512886,50,55.60454058647156,,0.01,((0.0021999999999999997 + (0.0398 * ((0.0062 + (-0.22 * inv((((-95.9 + (-3.456691676548104 + (1.7303556480887887 * x_0))) * (0.00482 + (0.00141 * (-3.4622829152579717 + (1.7316027606957747 * x_3))))) * (-0.20500000000000002 + (-0.035 * (-3.456691676548104 + (1.7303556480887887 * x_0)))))))))**2)) * ((-0.043300000000000005 + (0.00686 * abs((0.744 + (-3.4565991657811312 + (1.7307163679280013 * x_2)))))) * (((3.45 + (-3.464014085669444 + (1.731609754792183 * x_1))) * (0.016700000000000003 + (0.0228 * (-3.4565991657811312 + (1.7307163679280013 * x_2))))) * (18.3 + (0.060300000000000006 * (-3.464014085669444 + (1.731609754792183 * x_1)))))))
feynman_II_6_15a,ok,6,NoRef,0.9870751876747647,0.04254439761728554,60,69.8765664100647,,0.01,((((3.67 + (-3.4560737802928836 + (1.733187796132529 * x_5))) * ((3.47 + (0.006039999999999999 * (-3.4580073549283297 + (1.7320491335420232 * x_4)))) + (6.8100000000000005 + (2.97 * (-3.4605654796930345 + (1.7276430314887348 * x_1)))))) * (0.037000000000000005 + (-55.5 * inv((3.02 + (0.8170000000000001 * (-3.456659468356758 + (1.7297523911338488 * x_0)))))))) * ((0.005039999999999999 + (0.060000000000000005 * exp(((2.75 + (-0.7050000000000001 * sqrt((81.60000000000001 + (0.005699999999999999 * (-3.456659468356758 + (1.7297523911338488 * x_0))))))) - (-0.013300000000000001 + (2.69 * (-3.470858975376867 + (1.7333302864363656 * x_2)))))))) * ((-0.00584 + (-0.0014399999999999999 * (-3.465338005376212 + (1.731140622814794 * x_3)))) - (0.00611 + (0.0019199999999999998 * (-3.4580073549283297 + (1.7320491335420232 * x_4)))))))
feynman_II_6_15b,ok,4,NoRef,0.9712583203505281,0.005054127071106398,55,54.82588481903076,,0.01,((-0.045500000000000006 + (0.008239999999999999 * (-3.4586863189575285 + (1.7289520813778299 * x_2)))) * ((-0.00945 + (0.936 * cos((-0.8220000000000001 + (-3.4586863189575285 + (1.7289520813778299 * x_2)))))) * ((-0.0723 + (-0.42500000000000004 * exp(((-0.327 + (-0.00235 * (-3.4622927964131365 + (1.7301997360137467 * x_3)))) + (((0.032900000000000006 + (-0.33 * (-3.4615254830237094 + (1.732744661965213 * x_0)))) + (0.5860000000000001 + (0.754 * (-3.4622927964131365 + (1.7301997360137467 * x_3))))) - (0.17300000000000001 + (1.92 * (-3.4622927964131365 + (1.7301997360137467 * x_3))))))))) * ((-0.00617 + (-0.224 * (-3.461084561319301 + (1.731153565723354 * x_1)))) + (-0.673 + (-0.00299 * (-3.4586863189575285 + (1.7289520813778299 * x_2))))))))
feynman_II_8_31,ok,2,NoRef,0.999857168218749,0.1542184830766096,32,55.07919716835022,,0.01,((0.02 + (0.007699999999999999 * (-2.598574822103499 + (0.8662440641333019 * x_0)))) * (-0.01 + (0.09000000000000001 * (((87.0 + (33.0 * (-2.597313811381679 + (0.8640915651287518 * x_1)))) - (0.3 + (0.7000000000000001 * sin((0.7000000000000001 + (-9.0 * inv((-0.01 + (3.0 * (-2.597313811381679 + (0.8640915651287518 * x_1))))))))))))**2)))
feynman_II_8_7,ok,3,NoRef,0.9990155639181881,0.0028298620333911447,28,48.110586166381836,,0.01,((0.01 + (0.0046 * (-2.59234558867767 + (0.8643385526007886 * x_0)))) * ((0.01 + (0.003 * (-2.59234558867767 + (0.8643385526007886 * x_0)))) * (0.01 + (9.0 * inv(((0.02 + (0.0075 * (-2.5959033503366853 + (0.865754758832984 * x_1)))) * (0.9 + (0.34 * (-2.5985512463066853 + (0.8656453907751338 * x_2))))))))))
feynman_I_10_7,ok,3,NoRef,0.9987208219109975,0.04316306967617793,41,61.75185799598694,,0.01,((3.61 + (1.6500000000000001 * ((((-0.037000000000000005 * sin((-16.0 * (-5.212611949693749 + (3.4745621307865266 * x_1))))) + ((-0.00189 + (0.0776 * (-5.212611949693749 + (3.4745621307865266 * x_1)))) + ((0.0767 + (0.00047 * (-5.212611949693749 + (3.4745621307865266 * x_1)))) + (0.00992 + (-0.271 * (-3.2201156043655415 + (0.4949724789068148 * x_2))))))) + (0.0604 + (-0.00743 * (-2.5943886006272194 + (0.8645563970293073 * x_0))))))**3)) * (0.8490000000000001 + (0.33 * (-2.5943886006272194 + (0.8645563970293073 * x_0)))))
feynman_I_11_19,ok,6,NoRef,0.9968133672827566,0.4963261188391465,62,51.116809368133545,,0.01,((((-0.00929 + (-2.606398370694138 + (0.8683463570293316 * x_2))) - (-0.47900000000000004 + (58.0 * (-2.5882059191204165 + (0.8647762767948904 * x_4))))) * (-0.063 + (-0.020800000000000003 * (-2.5932425988339483 + (0.8649258075795154 * x_1))))) - (((-3.62 * (-2.5932425988339483 + (0.8649258075795154 * x_1))) + ((-7.03 + (0.00079 * inv((-9.56 + (-2.595029961244835 + (0.8655686546328268 * x_5)))))) * (((-53.7 * (-2.606398370694138 + (0.8683463570293316 * x_2))) * (-0.0094 + (-0.00328 * (-2.595029961244835 + (0.8655686546328268 * x_5))))) + ((2.05 + (-0.0746 * (-2.595029961244835 + (0.8655686546328268 * x_5)))) + (0.0809 + (0.5670000000000001 * (-2.595029961244835 + (0.8655686546328268 * x_5)))))))) + ((34.0 + (10.6 * (-2.596295032158583 + (0.8643678791778807 * x_3)))) * (-0.35600000000000004 + (-0.10300000000000001 * (-2.5922028582672625 + (0.865539439787479 * x_0)))))))
feynman_I_12_1,ok,2,NoRef,0.9998287873815689,0.06657795054694284,44,45.46871209144592,,0.01,(((2.63 + (-2.6022331378432146 + (0.8680155861481728 * x_0))) * (0.559 + (0.00654 * sin((((-0.0052499999999999995 + inv((-0.009139999999999999 * (-2.5966097197723297 + (0.8658511885072011 * x_1))))) + ((0.158 + (-0.365 * (-2.6022331378432146 + (0.8680155861481728 * x_0)))) + (0.006209999999999999 + (0.00279 * (-2.5966097197723297 + (0.8658511885072011 * x_1)))))) * (0.00518 + (0.023000000000000003 * inv((5.98 + (-14.0 * (-2.5966097197723297 + (0.8658511885072011 * x_1)))))))))))) * (6.12 + (2.39 * (-2.5966097197723297 + (0.8658511885072011 * x_1)))))
feynman_I_12_11,ok,5,NoRef,0.9990194275506246,0.8077518849381733,34,48.97572660446167,,0.01,((0.2 + (0.08 * (-2.596171364595932 + (0.8659228189703265 * x_0)))) * ((46.0 + (17.1 * (-2.5973503200260373 + (0.8651327513799799 * x_1)))) - ((2.0 + (0.77 * (-2.600831027775535 + (0.8667787060545616 * x_2)))) * ((0.9 + (0.34 * (-2.602244795057994 + (0.8660188107915093 * x_3)))) * (0.1 + (73.10000000000001 * sin((-0.15 + (1.2 * (-2.5916186957998932 + (0.8640791854170146 * x_4)))))))))))
feynman_I_12_2,ok,4,NoRef,0.9985087532145207,0.0034390299718424456,31,57.49545216560364,,0.01,(((2.5 + (-2.6032424791452806 + (0.867540162398266 * x_1))) * (0.02 + (0.0076 * (-2.5964027361349205 + (0.8654017862005553 * x_0))))) * (0.01 + (0.5 * inv(((0.02 + (0.008 * (-2.5939430909913965 + (0.864085818879647 * x_2)))) * (0.3 + (0.7000000000000001 * ((8.3 + (3.2 * (-2.605313929955178 + (0.8666691417633031 * x_3)))))**2)))))))
feynman_I_12_4,ok,3,NoRef,0.9994186512951574,0.0006478752219980661,25,46.09674572944641,,0.01,((0.0816 + (0.030900000000000004 * (-2.600235356127227 + (0.867891054443712 * x_0)))) * (0.00215 + (0.08280000000000001 * inv(((0.026000000000000002 + (-0.504 * ((2.66 + (-2.592196217141038 + (0.8658032042638372 * x_2))))**2)) * (-0.20600000000000002 + (-0.07840000000000001 * (-2.5982387493748735 + (0.8667457765117664 * x_1)))))))))
feynman_I_12_5,ok,2,NoRef,0.9997834515363235,0.07493519668863079,49,54.71036505699158,,0.01,(((2.6 + (-2.5965519073487515 + (0.8667581522832599 * x_1))) * (-15.8 + (-0.042 * (-2.5965519073487515 + (0.8667581522832599 * x_1))))) * ((-0.00456 + (0.0854 * (((-0.465 + (-0.04530000000000001 * sin((((0.183 + (-3.7800000000000002 * (-2.6020908648144743 + (0.8670984233486104 * x_0)))) * (0.038700000000000005 + (-5.29 * (-2.5965519073487515 + (0.8667581522832599 * x_1))))) - (-0.9750000000000001 + (-0.00283 * (-2.5965519073487515 + (0.8667581522832599 * x_1)))))))) * (-0.17700000000000002 + (-0.00451 * (-2.5965519073487515 + (0.8667581522832599 * x_1))))))**3)) * (48.6 + (18.3 * (-2.6020908648144743 + (0.8670984233486104 * x_0))))))
feynman_I_13_12,ok,5,NoRef,0.9909590146613455,0.8592465614976946,50,52.709007263183594,,0.01,((-0.9560000000000001 + (-0.396 * (-2.5951626702919115 + (0.8654498049007153 * x_1)))) * ((((-0.00902 + (-2.5937984500477653 + (0.864055990680985 * x_2))) + (0.0070999999999999995 + (-0.9810000000000001 * (-2.6019570780315906 + (0.866162158231066 * x_3))))) * (-2.41 + (-0.919 * (-2.595657398561907 + (0.8677186126450679 * x_4))))) * ((0.391 + (0.149 * (-2.595253856863847 + (0.8664564962922465 * x_0)))) * ((0.00109 + (-0.0065899999999999995 * inv(((0.868 + (0.327 * (-2.6019570780315906 + (0.866162158231066 * x_3)))) * (0.008919999999999999 + (0.00365 * (-2.5937984500477653 + (0.864055990680985 * x_2)))))))) * (-4.62 + (0.0176 * (-2.6019570780315906 + (0.866162158231066 * x_3))))))))
feynman_I_13_4,ok,4,NoRef,0.9987368771730443,0.9430901371766692,45,66.36830043792725,,0.01,((0.2 + (0.07700000000000001 * (-2.5938087604534315 + (0.8658639996442419 * x_0)))) * ((0.9 + (90.0 * exp((0.8 + (0.26 * (-2.5920333375316558 + (0.865165494945584 * x_3))))))) - ((0.1 + (-50.0 * (-2.5934358246029423 + (0.8660817834496153 * x_1)))) + ((0.6 + (0.12000000000000001 * (-2.592406574234562 + (0.8651626879415284 * x_2)))) * ((-9.0 + (-80.0 * (-2.592406574234562 + (0.8651626879415284 * x_2)))) + (-0.001 + (-0.006 * ((0.001 + (-53.0 * (-2.5934358246029423 + (0.8660817834496153 * x_1)))))**2)))))))
feynman_I_14_3,ok,3,NoRef,0.9998024335272195,0.27038627294583867,68,53.8626024723053,,0.01,((3.14 + (0.00551 * (-2.6059237411364964 + (0.8670696817443886 * x_1)))) * (((2.59 + (-2.595910032384874 + (0.8660524112758267 * x_0))) * (-0.434 + (0.00688 * arctan(((-0.0069 + (-9.75 * sqrt((-0.008199999999999999 + (-0.759 * inv((-4.34 + (0.047400000000000005 * (-2.602560612244737 + (0.8682284850825933 * x_2)))))))))) * (-0.032 + (-0.76 * inv((-0.00971 + (42.1 * cos((-35.0 + (37.1 * (-2.595910032384874 + (0.8660524112758267 * x_0))))))))))))))) * (((0.444 + (-2.602560612244737 + (0.8682284850825933 * x_2))) + ((-0.21000000000000002 + (-0.316 * (-2.602560612244737 + (0.8682284850825933 * x_2)))) - (-91.10000000000001 + (-34.800000000000004 * (-2.6059237411364964 + (0.8670696817443886 * x_1)))))) * (-0.084 + (-0.032 * (-2.602560612244737 + (0.8682284850825933 * x_2)))))))
feynman_I_14_4,ok,2,NoRef,0.9998965355772982,0.1298148851618265,27,55.10358119010925,,0.01,((0.02 + (0.007699999999999999 * (-2.590928418128674 + (0.865183972325344 * x_0)))) * (-0.01 + (0.09000000000000001 * (((86.60000000000001 + (33.4 * (-2.600887612956215 + (0.8665924149464357 * x_1)))) - (0.1 + (0.5 * cos((0.3 + (9.9 * (-2.590928418128674 + (0.865183972325344 * x_0)))))))))**2)))
feynman_I_15_10,ok,3,NoRef,0.9975417230357696,0.10512137320682477,67,63.59779906272888,,0.01,(((-0.0068 + abs(((0.0366 + (0.00743 * (-5.18792637014484 + (3.459317054402296 * x_1)))) * (9.4 + (-82.9 * inv((-0.00879 + (0.004569999999999999 * inv((17.7 + (8.55 * (-3.215587655657226 + (0.4943578775927227 * x_2))))))))))))) * (0.33 + (0.27 * inv((-0.0016799999999999999 + (-2.63 * ((6.82 + (-3.89 * sin(((0.036000000000000004 + (6.4 * ((-8.15 + (56.300000000000004 * ((-0.454 + (-0.0524 * (-2.6035236050388675 + (0.8686126940812349 * x_0)))))**2)))**2)) - (5.49 + (-7.4 * (-2.6035236050388675 + (0.8686126940812349 * x_0)))))))))**3)))))) * (0.039900000000000005 + (0.0154 * (-2.6035236050388675 + (0.8686126940812349 * x_0)))))
feynman_I_15_3t,ok,4,NoRef,0.9977155200425342,0.05793918520497404,64,60.46542167663574,,0.01,((-0.09440000000000001 + (-0.0038699999999999997 * (-5.197091772326957 + (3.463619450364364 * x_2)))) * ((((0.0037199999999999998 * (-2.608517610200856 + (0.8679752746047078 * x_0))) + ((-7.9 + (-12.3 * (-2.6008891320513654 + (0.8667068488417029 * x_3)))) - ((-9.93 + (-0.00739 * (-2.6008891320513654 + (0.8667068488417029 * x_3)))) + (34.2 + (0.0531 * ((-0.08860000000000001 + (-0.265 * (-5.197091772326957 + (3.463619450364364 * x_2)))))**3))))) + (((-0.024300000000000002 + (-2.6008891320513654 + (0.8667068488417029 * x_3))) + (-0.0122 + (-1.58 * (-2.608517610200856 + (0.8679752746047078 * x_0))))) * (-0.049800000000000004 + (-0.00524 * ((-6.95 + (4.86 * (-3.221526261274899 + (0.49577450215155433 * x_1)))))**2)))) - (-0.49400000000000005 + (0.8250000000000001 * arctan((-0.7150000000000001 + (-2.82 * (-5.197091772326957 + (3.463619450364364 * x_2)))))))))
feynman_I_15_3x,ok,4,NoRef,0.9965011493067985,0.09465688352955093,61,61.20005679130554,,0.01,((((66.4 + (0.052500000000000005 * (-5.194610157002627 + (0.6923898347740892 * x_0)))) * (0.00733 + (0.032400000000000005 * (-5.194610157002627 + (0.6923898347740892 * x_0))))) - (-6.5 + (0.632 * (-5.194610157002627 + (0.6923898347740892 * x_0))))) - ((-0.046700000000000005 + (-0.012400000000000001 * (-5.197758810917438 + (3.4679879098814306 * x_1)))) * (((-0.453 * (-5.194610157002627 + (0.6923898347740892 * x_0))) - (((76.60000000000001 + (-0.0060799999999999995 * (-5.197758810917438 + (3.4679879098814306 * x_1)))) * (0.48400000000000004 + (0.117 * (-5.203106141035298 + (3.4693195052403323 * x_3))))) - (1.2 + (2.07 * exp((-4.83 + (-4.11 * (-2.335999277112323 + (0.20302468541715302 * x_2))))))))) + (0.163 + (1.26 * cos((0.05620000000000001 + (-96.5 * (-5.197758810917438 + (3.4679879098814306 * x_1))))))))))
feynman_I_16_6,ok,3,NoRef,0.9875448628970774,0.1274832055515493,43,55.20289850234985,,0.01,(0.020800000000000003 + (-79.4 * sin(((0.5870000000000001 + (0.33 * arctan((((0.00654 + (-2.5928691179048866 + (0.8655607823710851 * x_1))) - (-0.00453 + (0.8420000000000001 * (-2.601312324797946 + (0.8671074578408348 * x_0))))) * ((0.01 + (-0.162 * (-2.6014888037924595 + (0.8661504749928541 * x_2)))) - (-0.00125 + (-0.135 * (-2.601312324797946 + (0.8671074578408348 * x_0))))))))) * ((-0.096 + (0.00294 * (-2.601312324797946 + (0.8671074578408348 * x_0)))) * (0.663 + (0.277 * (-2.601312324797946 + (0.8671074578408348 * x_0)))))))))
feynman_I_18_12,ok,3,NoRef,0.9997450570579605,0.11899474939791171,20,46.68538975715637,,0.01,(((2.7 + (-2.6050801918740474 + (0.867370369003125 * x_1))) * (0.1 + (0.039 * (-2.5991405355654997 + (0.8649070395109617 * x_0))))) * (-0.1 + (33.6 * sin((0.65 + (-1.45 * (-1.7274550713367882 + (0.6928670693827444 * x_2))))))))
feynman_I_18_14,ok,4,NoRef,0.9998155141222691,0.34433868389158995,26,43.7514488697052,,0.01,(((2.6 + (-2.6037165074757103 + (0.8655596913719785 * x_0))) * (0.2 + (0.07700000000000001 * (-2.5944367780687636 + (0.8654948886733715 * x_1))))) * ((0.9 + (0.35000000000000003 * (-2.600412693322325 + (0.8669911107198401 * x_2)))) * (-0.01 + (-58.5 * sin((-0.14 + (1.1500000000000001 * (-2.598196381366317 + (0.8653128087362989 * x_3)))))))))
feynman_I_18_4,ok,4,NoRef,0.9938690260520798,0.06637651352972392,47,54.7125301361084,,0.01,((3.02 + (0.645 * (-2.60706730646365 + (0.8680059222482197 * x_2)))) + (((-0.00292 * (-2.60706730646365 + (0.8680059222482197 * x_2))) * (23.6 + (39.4 * (-2.6029625406530927 + (0.8668512595107257 * x_1))))) + (((0.00266 * (-2.5972038853188995 + (0.8652179604558722 * x_0))) * (-6.0 + (41.1 * (-2.60706730646365 + (0.8680059222482197 * x_2))))) + (((-0.0782 + (-2.6029625406530927 + (0.8668512595107257 * x_1))) - (-0.0011799999999999998 + (17.1 * (-2.593469336339158 + (0.8649376919387801 * x_3))))) * ((-0.00466 + (0.00737 * (-2.5972038853188995 + (0.8652179604558722 * x_0)))) - (0.029800000000000004 + (0.00804 * (-2.6029625406530927 + (0.8668512595107257 * x_1)))))))))
feynman_I_24_6,ok,4,BFGS,0.9985029972585431,0.5616677462410777,40,60.83009600639343,,0.01,((0.55 + (-0.735 * ((3.73 + (-3.4830959236628876 + (1.734975175102356 * x_3))))**2)) * ((0.254 + (0.0693 * (-3.4589167097681504 + (1.7306203686785993 * x_0)))) * ((-0.63 + (-5.8500000000000005 * exp((0.329 * (-3.473416667436356 + (1.7367774080437897 * x_1)))))) + ((-0.21000000000000002 + (-3.69 * (-3.479147470956827 + (1.7410199533292803 * x_2)))) * (-0.009859999999999999 + (5.36 * sqrt((0.009859999999999999 + (0.00327 * (-3.479147470956827 + (1.7410199533292803 * x_2)))))))))))
feynman_I_25_13,ok,2,NoRef,0.9996951119068539,0.013581605114137809,32,52.74404716491699,,0.01,((0.0161 + (0.0062499999999999995 * (-2.605033837913406 + (0.8664970762521155 * x_0)))) * ((8.0 + (0.913 * sin((1.7 + (-9.99 * inv((0.00155 + (2.67 * (-2.605033837913406 + (0.8664970762521155 * x_0)))))))))) + (-8.32 + (5.6000000000000005 * inv((0.0893 + (0.0345 * (-2.594777846607204 + (0.865852636549753 * x_1)))))))))
feynman_I_26_2,ok,2,NoRef,0.9943376481758376,0.03749845937482513,51,44.58680295944214,,0.01,((0.00783 + (59.1 * sin((-0.115 + (-2.600015246440371 + (0.8654498220886182 * x_1)))))) * ((0.08030000000000001 + (0.00556 * (-1.7407571789245355 + (3.475083744440562 * x_0)))) * ((-0.08370000000000001 + (-0.0097 * (-1.7407571789245355 + (3.475083744440562 * x_0)))) - (((-0.08800000000000001 + ((0.056100000000000004 + (-0.060000000000000005 * (-2.600015246440371 + (0.8654498220886182 * x_1)))))**2) - (-0.00171 + (-0.0057399999999999994 * sin((9.48 + (-28.2 * abs((0.399 + (-6.32 * (-2.600015246440371 + (0.8654498220886182 * x_1))))))))))) * (-0.43 + (-0.74 * (-1.7407571789245355 + (3.475083744440562 * x_0))))))))
feynman_I_27_6,ok,3,BFGS,0.9870917562395649,0.040418440036582806,55,56.536659955978394,,0.01,(0.1 + (0.08 * sqrt(((0.02 + (0.0095 * (-2.5930907874002256 + (0.8674131152512952 * x_1)))) * ((0.2 + (0.08 * (-2.596991877323595 + (0.8643577630053706 * x_0)))) * (0.01 + (0.9 * (((-0.01 + (-8.0 * (-2.5930907874002256 + (0.8674131152512952 * x_1)))) + ((-0.01 + (9.0 * (-2.596991877323595 + (0.8643577630053706 * x_0)))) + (0.01 + (-9.9 * inv(((0.07 + (0.023000000000000003 * (-2.5972636729654104 + (0.8654580008471298 * x_2)))) + (0.005 + (-0.0013 * sin((0.01 + (9.9 * (-2.5930907874002256 + (0.8674131152512952 * x_1))))))))))))))**2)))))))
feynman_I_29_16,ok,4,NoRef,0.8868511241207316,0.646831524562907,37,65.42905640602112,,0.01,(0.4 + (0.060000000000000005 * abs((((5.0 + (-2.5996355969513414 + (0.867415336500999 * x_1))) + (0.1 + (1.1 * (-2.593190200078626 + (0.863969471263479 * x_0))))) * (0.1 + (-17.8 * sin(((-0.01 + (0.6 * (-2.5923340000351716 + (0.8642510753106671 * x_3)))) + ((0.060000000000000005 + (-0.006999999999999999 * (-2.593190200078626 + (0.863969471263479 * x_0)))) * (0.9 + (-9.4 * (-2.5964772188494316 + (0.8662246457768173 * x_2)))))))))))))
feynman_I_29_4,ok,2,NoRef,0.9998386956794612,0.01676766856373717,47,52.4491126537323,,0.01,((((-0.008029999999999999 + (-2.1085393677566087 + (0.3842231922338835 * x_1))) + (0.342 + (89.2 * inv((-0.35900000000000004 + (-0.17 * (-2.1085393677566087 + (0.3842231922338835 * x_1)))))))) * (-0.00605 + (-0.00282 * (-2.1199447693051976 + (0.38435904264497023 * x_0))))) * (0.7040000000000001 + (2.73 * inv((-76.2 + (-1.6600000000000001 * (((1.67 + (0.874 * sin((-0.00234 + (-35.9 * (-2.1085393677566087 + (0.3842231922338835 * x_1))))))) - (-0.321 + (-0.00679 * (-2.1199447693051976 + (0.38435904264497023 * x_0))))))**3))))))
feynman_I_30_3,ok,3,NoRef,0.3761046257649363,2.0185507432713523,63,57.47239136695862,,0.01,(-0.00020999999999999998 + (7.890000000000001 * (((-0.005399999999999999 + (-0.0012599999999999998 * (-2.6024260752663895 + (0.8678711519806617 * x_0)))) * ((0.00416 + (62.300000000000004 * sin((-0.517 + (87.0 * arctan((-9.02 + (0.004719999999999999 * ((-0.0095 + (0.0234 * (-2.6024260752663895 + (0.8678711519806617 * x_0)))))**2)))))))) - (-0.06680000000000001 + (62.300000000000004 * abs(((-0.503 + (-0.0323 * abs((-0.00534 + (44.0 * ((-0.0724 + (0.76 * (-2.603936609092604 + (0.8668701194329798 * x_1)))))**2))))) - (-0.00733 + (-3.44 * inv((3.06 + (-0.0025399999999999997 * (-2.592868831978815 + (0.866789899890511 * x_2))))))))))))))**2))
feynman_I_30_5,ok,3,NoRef,0.9982627029157269,0.004986360618952964,23,50.90985560417175,,0.01,((-0.08040000000000001 + (23.2 * inv((2.57 + (-2.6000292981085495 + (0.8664825631329316 * x_2)))))) * ((0.00166 + (7.87 * inv((3.88 + (-4.051746539098795 + (1.1557736640614436 * x_1)))))) * (0.00785 + (0.00153 * (-5.211479054849089 + (3.4657298198181583 * x_0))))))
feynman_I_32_17,ok,6,NoRef,0.9829871343417402,0.6065397806074984,66,67.4423611164093,,0.01,((0.00328 + (0.00852 * (-5.201669202926287 + (3.465101365376907 * x_4)))) - ((-0.038200000000000005 + (2.5300000000000002 * exp((((-5.201669202926287 + (3.465101365376907 * x_4)) - ((-0.0081 + (-0.0042499999999999994 * (-5.191071404034526 + (3.4612841621060095 * x_2)))) - ((0.00359 + (-0.008239999999999999 * (-6.903710429639748 + (1.7280287053142276 * x_5)))) + ((8.540000000000001 + (-0.00524 * (-6.903710429639748 + (1.7280287053142276 * x_5)))) + ((-0.04360000000000001 + (-0.888 * (-6.903710429639748 + (1.7280287053142276 * x_5)))) + ((-0.00962 + (0.14 * (-5.191719920241431 + (3.4612079800580897 * x_0)))) + ((-4.72 + (-0.0688 * (-5.196568868821396 + (3.4665310675943437 * x_1)))) + (-0.044000000000000004 + (0.41500000000000004 * (-5.20949847392854 + (3.473689331430739 * x_3))))))))))) + (-3.15 + (0.256 * (-5.196568868821396 + (3.4665310675943437 * x_1)))))))) * (-0.227 + (-0.07500000000000001 * (-5.191071404034526 + (3.4612841621060095 * x_2))))))
feynman_I_32_5,ok,4,NoRef,0.9922676732513148,0.06605742930448005,37,60.64598321914673,,0.01,((0.0084 + (0.00363 * (-2.5956032453005653 + (0.8663265211647279 * x_0)))) * (-0.0016099999999999999 + (0.8410000000000001 * ((((0.00658 + inv(((-9.3 + (-2.05 * (-2.5947855666029613 + (0.8646509662068468 * x_2)))) * (4.86 + (2.15 * (-2.5972272333763238 + (0.8657216311569121 * x_3))))))) * (30.0 + (5.5 * (-2.5956032453005653 + (0.8663265211647279 * x_0))))) * (-5.2700000000000005 + (-2.02 * (-2.603468037069962 + (0.8675760952226889 * x_1))))))**2)))
feynman_I_34_1,ok,3,NoRef,0.9971118943462087,0.09557404460759278,57,59.95227384567261,,0.01,((-1.18 + (-0.465 * (-2.603126956247802 + (0.8663199113075305 * x_2)))) * ((-0.0038299999999999996 + (0.06420000000000001 * cos(((-0.8420000000000001 + (-7.22 * (-2.603126956247802 + (0.8663199113075305 * x_2)))) + (-0.039900000000000005 + (-0.163 * (-2.603126956247802 + (0.8663199113075305 * x_2)))))))) + ((0.382 + (0.871 * inv(((7.79 + (3.42 * (-3.2156428217072808 + (0.493982490446171 * x_0)))) + ((0.28200000000000003 + (-0.64 * (-5.187248614612834 + (3.458815107969585 * x_1)))) + ((0.8460000000000001 + (0.006869999999999999 * (-2.603126956247802 + (0.8663199113075305 * x_2)))) * (0.18000000000000002 + (0.045700000000000005 * (-2.603126956247802 + (0.8663199113075305 * x_2)))))))))) * (-6.83 + (-0.252 * (-5.187248614612834 + (3.458815107969585 * x_1)))))))
feynman_I_34_14,ok,3,NoRef,0.9982204497051567,0.06859714885976169,38,56.014177322387695,,0.01,((0.2 + (0.07600000000000001 * (-2.596508900456545 + (0.8655927557137691 * x_2)))) * (15.0 + (0.9 * inv(((0.02 + (0.0073999999999999995 * (-3.217417259857548 + (0.49581360047227363 * x_0)))) * (0.001 + (9.0 * inv(((0.2 + (0.05 * (-5.200727401982708 + (3.4652785097369945 * x_1)))) * (4.0 + (0.24000000000000002 * sin((0.01 + (-99.0 * (-3.217417259857548 + (0.49581360047227363 * x_0))))))))))))))))
feynman_I_34_27,ok,2,NoRef,0.9997878894466021,0.011742415914771896,33,47.543604373931885,,0.01,((19.6 + (0.7000000000000001 * arctan((5.9 + (-3.84 * cos(((-21.8 + (-0.38 * (-2.601721072207188 + (0.8658740456715549 * x_0)))) + (-1.25 + (-54.5 * (-2.601721072207188 + (0.8658740456715549 * x_0))))))))))) * ((-0.0092 + (-0.00348 * (-2.599464215197715 + (0.8656278272918196 * x_1)))) * (-7.62 + (-2.91 * (-2.601721072207188 + (0.8658740456715549 * x_0))))))
feynman_I_34_8,ok,4,NoRef,0.9999838008641879,0.04095763707081419,26,51.59510278701782,,0.01,(((2.6 + (-2.5995638320080134 + (0.8665371443934287 * x_2))) * (0.2 + (0.07700000000000001 * (-2.5941060262875544 + (0.8659265416962691 * x_0))))) * ((0.2 + (0.07700000000000001 * (-2.610854427324785 + (0.8688802145143643 * x_1)))) * (0.5 + (0.8 * inv((0.0093 + (0.0036 * (-2.592703288912454 + (0.863667000506222 * x_3)))))))))
feynman_I_37_4,ok,3,NoRef,0.9963997513416163,0.17282999175376768,48,63.84591627120972,,0.01,(0.002 + (0.008 * abs(((0.1 + (0.004 * (((0.01 + (-64.0 * (-2.5963963854242444 + (0.8636975739939898 * x_1)))) - (-0.1 + (-68.60000000000001 * (-2.598697221694573 + (0.8672851262518042 * x_0))))))**2)) + ((0.3 + (0.060000000000000005 * (-2.598697221694573 + (0.8672851262518042 * x_0)))) * ((1.0 + (-5.0 * (-2.608990752165148 + (0.8672418288011203 * x_2)))) * ((0.1 + (5.0 * arctan((-0.030000000000000002 + (-2.608990752165148 + (0.8672418288011203 * x_2)))))) * (-74.7 + (-14.9 * (-2.5963963854242444 + (0.8636975739939898 * x_1)))))))))))
feynman_I_38_12,ok,4,NoRef,0.9996971091619966,0.024852012141062443,38,60.67388319969177,,0.01,((0.02 + (0.007699999999999999 * (-2.590897410092625 + (0.8639945549422658 * x_3)))) * (-0.1 + (0.9 * (((0.02 + (0.007899999999999999 * (-2.5932063297649695 + (0.8659794708196648 * x_2)))) * (0.02 + (-9.0 * inv(((0.02 + (0.0078 * (-2.5868571845469264 + (0.8640732966669972 * x_1)))) * (0.002 + (-2.8000000000000003 * sqrt((0.6 + (0.23 * (-2.597649580940835 + (0.8664652887628652 * x_0)))))))))))))**2)))
feynman_I_39_1,ok,2,NoRef,0.999795671654153,0.10986082562720208,47,46.11255884170532,,0.01,((6.67 + (0.9870000000000001 * inv((-4.73 + (-1.49 * arctan((-0.364 + (46.2 * sin((0.095 + (-3.46 * arctan((-0.025500000000000002 + (8.22 * exp((0.00081 + (0.08 * abs((-37.9 + (-46.6 * (-2.610852218913775 + (0.8679709645462175 * x_0)))))))))))))))))))))) * ((-0.26 + (-0.09820000000000001 * (-2.610852218913775 + (0.8679709645462175 * x_0)))) * (-8.01 + (-3.1 * (-2.5874491946314144 + (0.8643957645163813 * x_1))))))
feynman_I_39_11,ok,3,NoRef,0.9999686909800245,0.017077909029595717,20,51.819398164749146,,0.01,(((2.6 + (-2.595455730790419 + (0.866426729766743 * x_2))) * (0.784 + (0.303 * (-2.5983696326171515 + (0.8665976040967962 * x_1))))) * (-0.005719999999999999 + (-3.5100000000000002 * inv((-1.99 + (-0.685 * (-4.042145585388573 + (1.1529712948484019 * x_0))))))))
feynman_I_39_22,ok,4,NoRef,0.9999636459229182,0.06040016470391644,26,56.26622438430786,,0.01,(((2.6 + (-2.6001512081637608 + (0.8662530217502574 * x_1))) * (0.2 + (0.07700000000000001 * (-2.5985038632400053 + (0.8665570472054581 * x_3))))) * ((0.2 + (0.07700000000000001 * (-2.596070702664301 + (0.8650880429565314 * x_0)))) * (0.001 + (0.8 * inv((0.0093 + (0.0036 * (-2.594772924775114 + (0.8647969376103314 * x_2)))))))))
feynman_I_40_1,ok,6,NoRef,0.9162247192501232,0.18739296998263635,43,78.0960762500763,,0.01,((0.001 + (0.00039999999999999996 * (-2.593762843943772 + (0.8633889797343528 * x_0)))) * (9.999999999999999e-05 + (0.001 * ((60.0 + (-63.7 * sin(((0.060000000000000005 + (0.4 * (-2.593469833365188 + (0.865297365330787 * x_4)))) + (((-0.4 * (-2.605099304803638 + (0.8660630967141432 * x_5))) + (0.01 + (-0.4 * (-2.6013353723946078 + (0.8665187813107157 * x_3))))) + ((-0.01 + (0.43 * (-2.5902351602969307 + (0.863398538363021 * x_2)))) + (0.1 + (0.4 * (-2.5929241422208316 + (0.8658317901602302 * x_1)))))))))))**3)))
feynman_I_41_16,ok,5,NoRef,0.9985123232993273,0.11520905535312047,37,62.51606202125549,,0.01,(((2.4 + (-2.592351292025184 + (0.8655312921921307 * x_1))) * (0.01 + (0.004 * (-2.603711618701996 + (0.8674885206161763 * x_3))))) * (0.1 + (0.6 * (((0.2 + (0.07500000000000001 * (-2.5931837624863285 + (0.8657331983549267 * x_0)))) * ((0.1 + (-0.6 * (-2.60464797628463 + (0.8670300800654245 * x_2)))) + (0.1 + (0.3 * inv((0.008 + (0.0031 * (-2.5969195540429015 + (0.864196781959517 * x_4))))))))))**2)))
feynman_I_43_16,ok,4,NoRef,0.999722941049091,0.17106150467478795,26,50.149659156799316,,0.01,(((2.6 + (-2.5954715034473734 + (0.8651373322140715 * x_2))) * (0.2 + (0.07700000000000001 * (-2.585499294221134 + (0.8634310324335459 * x_0))))) * ((0.2 + (0.07500000000000001 * (-2.5950676865865727 + (0.8661889340740903 * x_1)))) * (0.02 + (0.8 * inv((0.0093 + (0.0036 * (-2.6072652398574374 + (0.8674247728795685 * x_3)))))))))
feynman_I_43_31,ok,3,NoRef,0.9997915701858877,0.27872051543236903,26,52.4535129070282,,0.01,(((2.6 + (-2.6038063676091725 + (0.8666070223321088 * x_2))) * (0.2 + (0.07700000000000001 * (-2.600324815345727 + (0.8660964222800557 * x_0))))) * ((52.0 + (20.2 * (-2.6003021680462277 + (0.8659603112778517 * x_1)))) + (-0.01 + (-0.6 * cos((2.0 + (9.9 * (-2.6038063676091725 + (0.8666070223321088 * x_2)))))))))
feynman_I_43_43,ok,4,NoRef,0.9994596896443884,0.03754019381752039,32,44.873512506484985,,0.01,((((2.49 + (-2.594745462551926 + (0.8670165491222759 * x_3))) * (0.001 + (0.0781 * inv(((-0.633 + (-0.24300000000000002 * (-2.6024921348019188 + (0.8680437692783521 * x_2)))) * (-0.00123 + (-0.00043 * (-4.045917629676047 + (1.1547216614123907 * x_0))))))))) * (-0.005379999999999999 + (-0.0021 * (-2.5907331018540765 + (0.8648811648028888 * x_1))))) * (-0.875 + (0.00145 * (-4.045917629676047 + (1.1547216614123907 * x_0)))))
feynman_I_44_4,ok,5,NoRef,0.996645386577106,1.2077768998752534,54,54.043842792510986,,0.01,(((((-0.00656 + (-2.6022615917644 + (0.8678845667806578 * x_4))) - (0.00473 + (1.03 * (-2.6083911975870233 + (0.867304939606311 * x_3))))) * (0.024200000000000003 + (0.00894 * (-2.5924133518336228 + (0.8656835791937864 * x_1))))) * (((2.5300000000000002 + (-2.5947630838170954 + (0.8666353404234534 * x_0))) * (-5.78 + (0.00643 * (-2.5924133518336228 + (0.8656835791937864 * x_1))))) * (((-8.82 + (3.59 * (-2.6022615917644 + (0.8678845667806578 * x_4)))) - (0.00654 + (7.95 * ((-0.9570000000000001 + (0.157 * (-2.6022615917644 + (0.8678845667806578 * x_4)))))**2))) - (8.58 + (-5.6000000000000005 * (-2.6083911975870233 + (0.867304939606311 * x_3))))))) * (1.26 + (0.49000000000000005 * (-2.597239947840183 + (0.8666424223859154 * x_2)))))
feynman_I_47_23,ok,3,NoRef,0.9979406404530018,0.030446417883927848,55,66.35292768478394,,0.01,(-0.00812 + (0.0069099999999999995 * sqrt(((((2.66 + (-2.602396933235228 + (0.867364334715105 * x_1))) * ((-0.00307 + (0.649 * cos(((-9.39 + (-0.0182 * abs((-2.600972805803329 + (0.86643926880612 * x_2))))) * (-6.17 + (9.66 * (-2.602396933235228 + (0.867364334715105 * x_1)))))))) + (28.3 + (-0.802 * (-2.594784151036023 + (0.8635111426388773 * x_0)))))) * (-0.272 + (-6.96 * inv((0.059000000000000004 + (0.0227 * (-2.600972805803329 + (0.86643926880612 * x_2)))))))) * ((0.08800000000000001 + (-2.7800000000000002 * (-2.594784151036023 + (0.8635111426388773 * x_0)))) - (7.140000000000001 + (0.0058 * (-2.594784151036023 + (0.8635111426388773 * x_0)))))))))
feynman_I_48_2,ok,3,NoRef,0.9997262362214412,1.6653265870122094,33,53.103076219558716,,0.01,((0.2 + (0.07600000000000001 * (-2.601785593820433 + (0.8664200787290204 * x_0)))) * ((0.6 + (8.0 * (-5.1920045067996075 + (3.4585979688833226 * x_1)))) + (0.060000000000000005 + (0.08 * (((90.9 + (27.2 * (-3.2078667727278103 + (0.4931890083806296 * x_2)))) - (0.3 + (0.6 * cos((0.02 + (-90.0 * (-2.601785593820433 + (0.8664200787290204 * x_0)))))))))**2))))
feynman_I_50_26,ok,4,NoRef,0.7571614211712399,0.9654665217881835,54,61.891287326812744,,0.01,((((4.91 + (-3.4667004473007936 + (1.7325786628094648 * x_3))) - (-10.1 + (-4.79 * (-3.471446720238075 + (1.7357161611310474 * x_0))))) * (0.00173 + (0.00203 * sin(((-0.661 + (-2.25 * (-3.4715413106520487 + (1.73433128986549 * x_1)))) + (-0.0655 + (-2.22 * (-3.468706366434954 + (1.7331233838790523 * x_2))))))))) * (((-3.6 * (-3.4715413106520487 + (1.73433128986549 * x_1))) + ((-70.4 + (-0.024 * (-3.4715413106520487 + (1.73433128986549 * x_1)))) - (0.158 + (-0.184 * (-3.4667004473007936 + (1.7325786628094648 * x_3)))))) + ((2.85 + (0.6970000000000001 * (-3.468706366434954 + (1.7331233838790523 * x_2)))) * (44.9 + (9.33 * (-3.4715413106520487 + (1.73433128986549 * x_1)))))))
feynman_I_6_2,ok,2,NoRef,0.9763580537153536,0.006527737600261258,54,46.80606436729431,,0.01,(-0.00701 + (0.00839 * sqrt((5.36 + (75.4 * (((-1.77 + (0.459 * (-3.468585872724307 + (1.7314793085659557 * x_1)))) + (((0.29200000000000004 * (-3.462110544326176 + (1.729328029993355 * x_0))) * ((0.808 + (-0.28700000000000003 * (-3.462110544326176 + (1.729328029993355 * x_0)))) * ((0.0035399999999999997 + (-1.04 * (-3.468585872724307 + (1.7314793085659557 * x_1)))) - (-0.184 + (-0.739 * (-3.462110544326176 + (1.729328029993355 * x_0))))))) + (0.04700000000000001 + (0.045000000000000005 * cos(((-6.2700000000000005 + (-5.93 * (-3.462110544326176 + (1.729328029993355 * x_0)))) * (-0.0354 + (-4.43 * (-3.462110544326176 + (1.729328029993355 * x_0)))))))))))**2)))))
feynman_I_6_2a,ok,1,NoRef,0.9994707611612044,0.0016136564557479166,48,49.4550256729126,,0.01,((-0.00147 + (-0.08040000000000001 * (((0.9740000000000001 + (-0.336 * (-3.470910868678602 + (1.732857094277297 * x_0)))) - ((0.00891 + (0.0684 * (-3.470910868678602 + (1.732857094277297 * x_0)))) - (0.00968 + (0.032 * (-3.470910868678602 + (1.732857094277297 * x_0)))))))**3)) * (-0.7210000000000001 + (-0.117 * ((0.00229 + (-0.559 * sin((0.658 + (-0.0087 * ((-0.07450000000000001 + (70.7 * inv((-1.9000000000000001 + (-6.0200000000000005 * (-3.470910868678602 + (1.732857094277297 * x_0))))))))**2))))))**3)))
feynman_I_6_2b,ok,3,NoRef,0.992418067326281,0.005271469769180948,50,53.877498626708984,,0.01,(0.00364 + (-2.25 * inv((((-0.00629 * ((((-3.457026632957993 + (1.7304967892953864 * x_1)) + (0.035800000000000005 + (-0.924 * (-3.455422316505992 + (1.7277871527789268 * x_2))))) + ((-0.078 + (-0.00115 * (-3.4600421973243503 + (1.7301765128823121 * x_0)))) - (0.00378 + (-0.00828 * (-3.457026632957993 + (1.7304967892953864 * x_1)))))))**2) * (68.4 + (0.63 * ((-7.34 + (5.04 * (-3.4600421973243503 + (1.7301765128823121 * x_0)))))**2))) + ((0.5850000000000001 + (0.00405 * (-3.4600421973243503 + (1.7301765128823121 * x_0)))) * (-19.7 + (-5.86 * (-3.4600421973243503 + (1.7301765128823121 * x_0)))))))))
feynman_I_8_14,ok,4,BFGS,0.9902285913924872,0.09829485494469474,49,60.44203853607178,,0.01,(0.002485288631892259 + (20.399939521856304 * abs((0.029632489365441366 + (-0.07204556619601965 * sqrt(((0.5090242626560831 + (0.0037856540100179867 * (((0.05219876611221589 + (14.900020695749587 * (-2.587030782887259 + (0.8635818587980626 * x_0)))) - (-0.007498766112215892 + (15.50001049463668 * (-2.591322338895596 + (0.8659844760747512 * x_1))))))**2)) - (-0.010024262656083065 + (-0.04303282481031852 * ((((-0.06826586202928854 + (4.119816168116301 * (-2.5972992641317947 + (0.866813136124122 * x_3)))) + (-0.15506586202928851 + (-4.479873285852515 * (-2.5962357444155417 + (0.8656059527840082 * x_2))))) - (-0.18493413797071148 + (0.006323831883698492 * (-2.5972992641317947 + (0.866813136124122 * x_3))))))**2)))))))))
feynman_I_9_18,ok,9,NoRef,0.9846441813677446,0.015204468725848025,56,72.18940329551697,,0.01,((0.04 + (0.008 * (-5.19791257215078 + (3.463985048326718 * x_2)))) * ((0.04 + (0.0083 * (-5.183126801215437 + (3.45902755545072 * x_1)))) * (0.060000000000000005 + (0.009 * (((0.9 + (0.046000000000000006 * (-5.197942647920325 + (3.464640759295191 * x_4)))) * ((0.9 + (-0.05 * (-12.1081552329878 + (3.458318784346319 * x_5)))) * (((9.0 + (-5.201136898215401 + (3.4692740319829647 * x_0))) + (1.0 + (0.5 * (-5.1980651812140355 + (3.461161787310603 * x_8))))) * ((-17.0 + (-0.9 * (-5.191356172187918 + (3.4632607635794375 * x_6)))) + ((-0.1 + (0.9 * (-12.106995126570085 + (3.4604859724870347 * x_7)))) + (-0.1 + (0.86 * (-12.129465360542154 + (3.46509674588269 * x_3))))))))))**2))))
feynman_test_1,ok,7,NoRef,0.9798695280093267,1.622519875519309,47,63.04866027832031,,0.01,(0.028900000000000002 + (22.2 * ((((0.00273 + inv(((-0.748 + (-0.216 * (-3.460048757753357 + (1.7305561479444396 * x_5)))) * (9.870000000000001 + (3.67 * (-3.463508927254234 + (1.7332526268020165 * x_6))))))) * ((-5.25 + (-0.902 * (-5.173020343261829 + (3.451708893018753 * x_3)))) * (((-0.627 + (-5.196367544723068 + (3.4643990218042506 * x_2))) - (-6.1000000000000005 + (-0.878 * (-5.188585704211708 + (3.4592298181316656 * x_0))))) * (-0.082 + (-0.012900000000000002 * (-5.210388894594045 + (3.4693589154600812 * x_4))))))) * (-0.993 + (-0.184 * (-5.192758087801672 + (3.4653045767440007 * x_1))))))**2))
feynman_test_10,ok,3,NoRef,0.9931683281746114,0.03959662188147798,50,55.47569918632507,,0.01,(((2.37 + (0.0917 * (-3.474545790359206 + (1.7366932594611142 * x_1)))) - ((0.031100000000000003 + (8.21 * (-8.666558684084404 + (1.7327766715458885 * x_0)))) * ((-0.0855 + (-0.0065699999999999995 * (-3.474545790359206 + (1.7366932594611142 * x_1)))) * (-0.0592 + (0.00299 * (-8.666558684084404 + (1.7327766715458885 * x_0))))))) - ((-0.00267 + (0.0316 * sin((-71.3 * (-8.666558684084404 + (1.7327766715458885 * x_0)))))) + ((-0.08310000000000001 + (0.0064399999999999995 * (-3.4663846320280816 + (1.733004655788856 * x_2)))) * ((0.87 + (-9.8 * (-3.4663846320280816 + (1.733004655788856 * x_2)))) * (-0.5800000000000001 + (0.0502 * (-3.474545790359206 + (1.7366932594611142 * x_1))))))))
feynman_test_11,ok,4,NoRef,0.9880268653086793,0.11387326752272948,38,59.6566960811615,,0.01,(((-4.8 + (-3.4597330139230125 + (1.730857729029121 * x_1))) * (0.030000000000000002 + (0.008799999999999999 * (-3.4620757521674967 + (1.7294106689625721 * x_0))))) * ((-14.0 + (-2.0 * (-5.192787040340471 + (3.462846496210976 * x_3)))) + ((0.05 + (0.030000000000000002 * (-5.192787040340471 + (3.462846496210976 * x_3)))) * ((0.1 + (80.8 * (-3.457008979902463 + (1.7318033499428651 * x_2)))) + (0.3 + (0.5 * abs((10.0 + (49.1 * (-5.192787040340471 + (3.462846496210976 * x_3)))))))))))
feynman_test_12,ok,5,NoRef,0.9995488314484955,0.3076870662750201,37,59.34721398353577,,0.01,(((2.5 + (-2.600274227105955 + (0.8647593507353445 * x_2))) * (0.02 + (0.007699999999999999 * (-2.6079133489989257 + (0.8670765019819886 * x_0))))) * ((0.4 + (0.046000000000000006 * (-8.636467106356106 + (1.7278675275806958 * x_3)))) * ((0.02 + (0.5 * (-2.5934094480374767 + (0.8666191571414548 * x_4)))) + (-0.01 + (5.0 * ((0.2 + (-0.8 * inv((0.07400000000000001 + (0.021 * (-3.465751447823704 + (1.7337737207879285 * x_1))))))))**2)))))
feynman_test_13,ok,5,NoRef,0.9581728871357997,0.0031505758882042793,39,57.82968211174011,,0.01,((0.02 + (0.0075 * (-2.595647899152766 + (0.8670223177467486 * x_0)))) * (-0.1 + (0.7000000000000001 * inv(((0.02 + (0.0075 * (-2.600546402820211 + (0.8656696702546386 * x_4)))) * ((50.0 + (3.6 * (-8.669310155131752 + (1.7331409662559334 * x_2)))) + ((0.3 + (0.09000000000000001 * (-3.456005863244659 + (1.7319050533163773 * x_1)))) * (33.0 + (-0.7000000000000001 * abs((-7.0 + (86.4 * (-1.735352586321092 + (0.5776779463263362 * x_3))))))))))))))
feynman_test_14,ok,5,NoRef,0.9187549572922844,3.7929975639454887,37,59.244826793670654,,0.01,((0.2 + (0.09000000000000001 * (-2.5807218209279115 + (0.8646445276947492 * x_0)))) * ((0.6 + (-0.64 * abs((-0.060000000000000005 + (-1.7281430473121373 + (0.5780989126738106 * x_1)))))) * (99.0 + (-50.0 * exp(((-0.1 + (0.6 * (-2.6003955731210637 + (0.8671588288279284 * x_3)))) + ((-0.01 + (0.3 * (-2.5950337066370333 + (0.8649481549229002 * x_4)))) + (-0.01 + (-1.3 * (-2.6012995035446833 + (0.8678273378728254 * x_2)))))))))))
feynman_test_15,ok,4,NoRef,0.9816647397386953,0.17031390943580957,48,51.96153926849365,,0.01,((6.97 + (2.85 * (-2.597814313727642 + (0.864950047042019 * x_2)))) * (0.319 + (6.9 * inv(((((7.930000000000001 * (-2.889949988314344 + (0.23098203212286275 * x_0))) - (-0.0006799999999999999 + (5.68 * (-1.7328237987603805 + (0.5769159116291948 * x_3))))) + (((57.6 * (-1.7328237987603805 + (0.5769159116291948 * x_3))) * ((-8.74 + (4.22 * (-2.889949988314344 + (0.23098203212286275 * x_0)))) * (0.0007599999999999999 + (-0.0918 * (-1.7328237987603805 + (0.5769159116291948 * x_3)))))) + (-2.05 + (-0.004889999999999999 * (-3.460119249637148 + (1.728283886141443 * x_1)))))) - (-39.4 + (4.66 * (-3.460119249637148 + (1.728283886141443 * x_1)))))))))
feynman_test_16,ok,6,NoRef,0.9781051187006983,4.24233658128564,69,60.27867031097412,,0.01,((((0.0858 * (-2.607576225625796 + (0.8674919590149963 * x_0))) * (-0.0767 + (-0.0049499999999999995 * (((-26.6 + (-8.42 * (-2.6016772606856007 + (0.8656380990547297 * x_1)))) - (((0.0087 + (0.28500000000000003 * (-2.598989467994095 + (0.8663580502199112 * x_2)))) - (0.00714 + (-0.008029999999999999 * (-2.598989467994095 + (0.8663580502199112 * x_2))))) - (0.028100000000000003 + (-0.00613 * (-2.5985813648168903 + (0.868297898382069 * x_4)))))))**3))) + ((0.20400000000000001 + (56.300000000000004 * exp((0.384 * (-2.6016772606856007 + (0.8656380990547297 * x_1)))))) + (((-0.009649999999999999 + (-2.5985813648168903 + (0.868297898382069 * x_4))) - (0.9710000000000001 + (-0.453 * (-2.594917908738414 + (0.8648973263214449 * x_5))))) * (5.58 + (3.5 * (-2.5954520127536047 + (0.8656193695190691 * x_3))))))) - ((9.03 + (2.1 * (-2.598989467994095 + (0.8663580502199112 * x_2)))) - (0.0325 + (12.5 * (-2.5954520127536047 + (0.8656193695190691 * x_3))))))
feynman_test_17,ok,6,NoRef,0.9913154690955135,138.3728770485349,49,73.30341958999634,,0.01,((0.2 + (0.07500000000000001 * (-2.599681133279834 + (0.8672894097299448 * x_0)))) * (0.01 + (0.009 * (((0.2 + (0.08 * (-2.5934594651271343 + (0.8659437824534428 * x_1)))) * ((9.0 + (3.8000000000000003 * (-2.597994572203499 + (0.8659609080140189 * x_4)))) * ((6.0 + (0.9 * (-2.597041906483149 + (0.8667595490746139 * x_5)))) * ((-30.0 + (-9.0 * exp((-0.8400000000000001 * (-2.5918957113370653 + (0.8652405478742957 * x_3)))))) + ((-9.9 + (-4.0 * (-2.597994572203499 + (0.8659609080140189 * x_4)))) + (-0.1 + (-0.4 * (-2.5978511452262882 + (0.8671910040716095 * x_2))))))))))**2)))
feynman_test_18,ok,5,NoRef,0.9176931774700263,0.21329285892019656,74,59.4410138130188,,0.01,((0.0456 + (-0.65 * inv((2.5100000000000002 + (-2.5890272137153483 + (0.8639310891554289 * x_0)))))) * (((0.7200000000000001 * (((0.9890000000000001 + (-0.8240000000000001 * (-2.603650024673923 + (0.8672648850451954 * x_4)))) + (-7.38 + (2.16 * sqrt((2.66 + (0.00138 * (-2.585604952940931 + (0.8629438152521096 * x_2)))))))))**2) * ((-0.009139999999999999 + (-6.61 * inv(((9.56 + (-0.06180000000000001 * (-2.589521399159271 + (0.8665728688575879 * x_3)))) + ((0.9890000000000001 + (-0.06760000000000001 * (-2.585604952940931 + (0.8629438152521096 * x_2)))) * ((0.0727 + (-0.993 * (-2.6024997872504994 + (0.8670047547324098 * x_1)))) + (0.555 + (3.63 * (-2.585604952940931 + (0.8629438152521096 * x_2)))))))))) * (0.35100000000000003 + (0.0577 * (-2.5890272137153483 + (0.8639310891554289 * x_0)))))) + (0.5730000000000001 + (-0.28800000000000003 * ((-2.07 + (-0.867 * (-2.589521399159271 + (0.8665728688575879 * x_3)))))**2))))
feynman_test_19,ok,6,NoRef,0.9604182628204556,2.3771717973149102,73,70.67985033988953,,0.01,((-0.00682 + (-0.303 * inv((2.71 + (-2.592366610336322 + (0.8632143461690074 * x_0)))))) * ((((0.00138 + (-2.6042880517983984 + (0.8681460559395869 * x_5))) + (4.44 + (-0.21400000000000002 * (-2.592366610336322 + (0.8632143461690074 * x_0))))) * (-0.0675 + (-0.0316 * (-2.6042880517983984 + (0.8681460559395869 * x_5))))) * (((-9.76 + exp(((0.658 + (0.658 * sin((-7.99 + (-0.06290000000000001 * (-2.5993911809287535 + (0.8663341175539908 * x_4))))))) - ((-0.0018 + (-0.618 * (-2.6006514497943303 + (0.8661269753534652 * x_1)))) + ((0.0546 + (2.5 * (-2.60574371073167 + (0.8689851533899914 * x_2)))) + (2.17 + (0.0103 * (-2.592366610336322 + (0.8632143461690074 * x_0))))))))) - (5.2 + (6.51 * (-2.5993911809287535 + (0.8663341175539908 * x_4))))) * (0.10600000000000001 + (-31.3 * ((0.553 + (0.234 * (-2.6046517249014727 + (0.8670926142388201 * x_3)))))**2)))))
feynman_test_2,ok,6,NoRef,0.9313107977346556,0.5339835800619765,43,66.96007227897644,,0.01,((0.030000000000000002 + (0.006999999999999999 * (-3.461130966246928 + (1.7311567565712187 * x_0)))) * (((5.0 + (-3.4582322675314647 + (1.7311420374266462 * x_1))) + (-2.0 + (5.1000000000000005 * cos(((-0.6 + (1.7 * (-1.7337668264442576 + (0.5772717020612474 * x_5)))) + (0.5 + (-1.7 * (-1.7273320427229448 + (0.576284874615333 * x_4))))))))) * (0.003 + (90.0 * inv(((8.0 + (3.1 * (-3.4726601176557352 + (1.7308021547710963 * x_2)))) - (-0.1 + (0.5 * (-3.4646041500698703 + (1.7330405779403493 * x_3))))))))))
feynman_test_20,ok,7,NoRef,0.8851342370810878,4.3117278246588455,65,76.57931804656982,,0.01,(((0.0814 + arctan(((0.041100000000000005 + (0.066 * (-2.602048348520706 + (0.866295994732581 * x_1)))) + (0.00251 + (0.0065 * (-1.7308116338608592 + (0.577334615248235 * x_6))))))) * (0.27 + (33.1 * exp(((-6.8 + (-1.52 * (-2.587816331320761 + (0.8641211825943108 * x_4)))) + ((-0.0751 + (0.9440000000000001 * (-2.602048348520706 + (0.866295994732581 * x_1)))) - ((-0.0031999999999999997 + (-0.892 * exp((-0.0030399999999999997 + (-0.927 * (-2.606761796359611 + (0.8662456642733478 * x_0))))))) - (-0.316 + (-1.29 * (-2.5933038356437486 + (0.866296485686175 * x_5))))))))))) * (0.042 + (0.00998 * (((15.0 + (6.3 * (-2.596236257682979 + (0.8653447239069034 * x_3)))) + (-0.5800000000000001 + (6.03 * (-2.5936198094335436 + (0.8660758094397234 * x_2))))))**2)))
feynman_test_3,ok,4,NoRef,0.999285269638481,0.048863049612832034,26,56.50579023361206,,0.01,(((3.4 + (-5.204108697266909 + (1.7364376740283314 * x_1))) * (0.030000000000000002 + (0.0086 * (-3.4612399428891205 + (1.72953326800354 * x_0))))) * (-38.800000000000004 + (-0.0005 * (((-0.1 + (-58.5 * (-15.592275067035953 + (3.4659012007171053 * x_2)))) + (0.3 + (55.7 * (-15.549708726834528 + (3.456348448310929 * x_3))))))**2)))
feynman_test_4,ok,5,NoRef,0.9877331193495963,0.055172647763063014,47,67.2703845500946,,0.01,(0.8 + (0.09000000000000001 * sqrt((((-9.0 + (-3.471095729689513 + (1.7340778453747905 * x_2))) + (-0.1 + (-1.9000000000000001 * (-8.636130317030096 + (0.863951916032847 * x_1))))) * (0.02 + (-0.5 * ((0.001 + (-9.0 * inv(((0.9 + (0.17 * (-3.465456598854826 + (1.7346677108227329 * x_0)))) + (-0.01 + (0.030000000000000002 * arctan(((-6.0 + (4.0 * (-3.4655107404253496 + (1.731683986653483 * x_3)))) + (0.2 + (-5.5 * (-3.4567195109498017 + (1.7275998425839234 * x_4)))))))))))))**2))))))
feynman_test_5,ok,4,NoRef,0.9978647926300944,0.14778895608065679,45,61.816896200180054,,0.01,((0.02 + (0.006999999999999999 * (-3.459496789006234 + (1.7316116078612522 * x_0)))) * (0.09000000000000001 + (90.0 * inv(((0.04 + (0.0063999999999999994 * (-3.477330278232354 + (1.7380839905640877 * x_1)))) * ((7.0 + (0.5 * (-3.472413170356827 + (1.7358644565404915 * x_3)))) + ((0.1 + (0.5 * (-3.4521714931075325 + (1.7276075377987816 * x_2)))) + ((-0.01 + (-0.5 * (-3.459496789006234 + (1.7316116078612522 * x_0)))) + (0.01 + (-0.11 * cos((0.01 + (4.4 * (-3.4521714931075325 + (1.7276075377987816 * x_2)))))))))))))))
feynman_test_6,ok,7,NoRef,0.9543198633126317,0.09633033894421159,61,67.8820252418518,,0.01,(0.9900000000000001 + (0.001 * abs((((3.0 + (-3.46787142120215 + (1.731154255564323 * x_1))) + (-1.0 + (-0.9 * (-3.46790263422093 + (1.7333896724676598 * x_5))))) * ((-40.0 + (-9.0 * (-3.464512747759358 + (1.728270169328964 * x_6)))) + (0.001 + (0.006999999999999999 * (((0.08 + (9.9 * (-3.46790263422093 + (1.7333896724676598 * x_5)))) + (((-9.0 + (7.0 * (-3.4630673581781792 + (1.7338804854260446 * x_4)))) + (-0.1 + (-5.6000000000000005 * (-3.454466238363757 + (1.7265595844049317 * x_0))))) - ((0.1 + (-6.4 * (-3.4545419859644113 + (1.7280083124647658 * x_3)))) - ((-2.0 + (2.6 * (-3.4747784880401205 + (1.7329182156371994 * x_2)))) + (-0.1 + (-2.9 * (-3.464512747759358 + (1.728270169328964 * x_6)))))))))**3)))))))
feynman_test_7,ok,5,NoRef,0.9951522781086876,0.08630351023335994,62,67.59259557723999,,0.01,(-0.006379999999999999 + (5.7 * sqrt(((0.182 + (-0.9850000000000001 * arctan((5.43 + (-3.459403011159204 + (1.73125927522626 * x_4)))))) * (((-0.07 + (-5.209053283428308 + (3.469434439373854 * x_3))) + ((-92.3 + (0.992 * (-5.188249537567646 + (3.4579821791728467 * x_2)))) - (0.9890000000000001 + (28.1 * (-3.467033579266226 + (1.73265887002927 * x_0)))))) * ((0.029400000000000003 + (0.008459999999999999 * (-3.445911134577542 + (1.7258881087887064 * x_1)))) * (0.308 + (0.008069999999999999 * cos(((3.3000000000000003 + (-0.196 * exp((0.097 + (-12.3 * (-3.459403011159204 + (1.73125927522626 * x_4))))))) - (52.300000000000004 + (-0.011300000000000001 * ((-0.008199999999999999 + (-0.00403 * (-5.209053283428308 + (3.469434439373854 * x_3)))))**2))))))))))))
feynman_test_8,ok,4,NoRef,0.9739978031990001,0.07282186449044348,39,57.452584981918335,,0.01,((0.030000000000000002 + (0.008 * (-3.4643482339936145 + (1.731877471219282 * x_0)))) * (64.0 + (-0.002 * (((80.0 + (-25.5 * (-3.47598652491577 + (1.7384180587343998 * x_2)))) + ((3.0 + (-12.8 * (-3.4583757348863178 + (1.7309100354043234 * x_1)))) + (-0.001 + (23.0 * arctan(((0.3 + (0.9 * (-3.460478352813991 + (1.729579382370561 * x_3)))) + (-0.1 + (0.6 * (-3.4643482339936145 + (1.731877471219282 * x_0)))))))))))**2)))
feynman_test_9,ok,5,NoRef,0.9930013360366686,577.3866388334823,44,71.28364539146423,,0.01,(-1.0 + (-0.001 * (((0.2 + (0.09000000000000001 * (-2.5982850146190395 + (0.8672756595655778 * x_2)))) * ((0.2 + (0.084 * (-2.6051385367940294 + (0.8670786466194952 * x_3)))) * (0.02 + (-0.9 * (((0.6 + (0.12000000000000001 * (-5.208685770110276 + (3.4744164577647076 * x_0)))) * (0.02 + (-99.0 * inv(((0.5 + (0.11 * (-5.202741260856805 + (3.4673648514389166 * x_1)))) * (0.9 + (0.2 * (-5.187931550973729 + (3.4602636092693673 * x_4))))))))))**2)))))**2))
first_principles_absorption,ok,1,NoRef,0.8181915844290975,0.18753901845827975,45,4.325730323791504,,0.01,((-0.502 + (0.331 * sqrt((94.60000000000001 + (80.60000000000001 * sin((-0.0786 + (0.0386 * (-0.7949314364629688 + (0.07034791473123617 * x_0)))))))))) - ((((9.6 + exp((-0.018000000000000002 + (-0.7949314364629688 + (0.07034791473123617 * x_0))))) * (0.023100000000000002 + (-0.007809999999999999 * (-0.7949314364629688 + (0.07034791473123617 * x_0))))) * (-5.79 + (54.6 * (-0.7949314364629688 + (0.07034791473123617 * x_0))))) * (-0.06280000000000001 + (5.19 * ((-0.24000000000000002 + (0.07060000000000001 * (-0.7949314364629688 + (0.07034791473123617 * x_0)))))**3))))
first_principles_bode,ok,1,NoRef,0.17737223050030682,8.026846421642793,26,4.000831842422485,,0.01,((0.151 + (7.83 * exp((-0.9870000000000001 + (1.3800000000000001 * sin((0.00615 + (4.92 * ((55.1 + (-0.048400000000000006 * (0.43758394892034747 + (0.0026736290158066037 * x_0)))))**3)))))))) + (0.008879999999999999 + (-0.0424 * (0.43758394892034747 + (0.0026736290158066037 * x_0)))))
first_principles_hubble,ok,1,NoRef,0.35121464325389085,236.73435293547882,20,6.045509576797485,,0.01,((7.0 + (6.0 * (-1.4147200704841647 + (1.533510140509918 * x_0)))) * ((80.0 + (-30.0 * sin((-95.7 * (-1.4147200704841647 + (1.533510140509918 * x_0)))))) + (-0.01 + (-26.0 * (-1.4147200704841647 + (1.533510140509918 * x_0))))))
first_principles_ideal_gas,ok,3,BFGS,0.7401144400866804,0.8666875179840107,76,7.3876824378967285,,0.01,((0.0502 + (0.6960000000000001 * (-1.6588753782029562 + (0.03804183545297043 * x_0)))) - ((0.031100000000000003 + (-0.0854 * exp((0.919 + (-0.764 * cos((((0.00182 + (-0.9510000000000001 * (-14.04159107070147 + (0.03926342614867825 * x_1)))) + (-4.19 + (0.0073999999999999995 * abs((0.873 + (0.599 * sqrt((0.0094 + (0.0014299999999999998 * (-1.6588753782029562 + (0.03804183545297043 * x_0))))))))))) - (4.5 + (0.35700000000000004 * (-1.6342268228683934 + (0.03140699204206439 * x_2))))))))))) - ((-0.24000000000000002 + (8.86 * sqrt((0.6920000000000001 + (0.00713 * sqrt((10.4 + (-5.2 * (-1.6342268228683934 + (0.03140699204206439 * x_2)))))))))) + ((-0.00232 + (0.06520000000000001 * (-14.04159107070147 + (0.03926342614867825 * x_1)))) + (-0.46900000000000003 + (0.618 * exp((-0.0033599999999999997 + (-1.1300000000000001 * (-1.6342268228683934 + (0.03140699204206439 * x_2)))))))))))
first_principles_kepler,ok,1,NoRef,0.9709843344260579,908.8849095937691,45,5.802258729934692,,0.01,((3.38 + (3.1 * (-1.1695234273884498 + (0.5537516228165008 * x_0)))) * ((((99.10000000000001 + (-0.6 * (-1.1695234273884498 + (0.5537516228165008 * x_0)))) + (-3.67 + (8.2 * (-1.1695234273884498 + (0.5537516228165008 * x_0))))) - (-2.61 + (-96.60000000000001 * (-1.1695234273884498 + (0.5537516228165008 * x_0))))) - (0.138 + (-85.5 * sqrt((6.88 + (-0.05500000000000001 * inv(((0.307 + (0.056900000000000006 * (-1.1695234273884498 + (0.5537516228165008 * x_0)))) - (49.6 + (0.069 * (-1.1695234273884498 + (0.5537516228165008 * x_0)))))))))))))
first_principles_leavitt,ok,1,NoRef,0.11277094144089195,0.453972002413796,48,7.54262638092041,,0.01,(((56.4 + (-1.675361170435023 + (1.909966697366354 * x_0))) + (0.0548 + (-0.00842 * (-1.675361170435023 + (1.909966697366354 * x_0))))) * ((-0.098 + (0.00975 * (-1.675361170435023 + (1.909966697366354 * x_0)))) * ((-2.49 + (-0.06630000000000001 * cos((71.8 + (-7.28 * (((5.25 + (13.8 * (-1.675361170435023 + (1.909966697366354 * x_0)))) + (-0.00987 + (72.5 * (-1.675361170435023 + (1.909966697366354 * x_0))))))**2))))) + (0.007039999999999999 + (-0.1 * cos((4.89 + (9.44 * (-1.675361170435023 + (1.909966697366354 * x_0))))))))))
first_principles_newton,ok,3,BFGS,-0.23141826076878913,12.69204822200868,62,8.152674436569214,,0.01,(7.892312541783046 + (-6.567428134848399 * inv(((-2.7829045288633236 + (-1.4334053451541073 * cos(((((0.1131385308317084 * (-0.28037183712908537 + (4.46984705736738e-30 * x_1))) - (6.776408993039342 + (1.4172671768351446 * inv((0.11306411122983984 + (-3.097774235294759 * arctan((0.02168855080087391 + (0.07641990120511172 * (-0.34168074105967394 + (2.2853314771144052e-30 * x_2))))))))))) + (12.623591006960464 + (-0.28968501559004634 * (-0.34168074105967394 + (2.2853314771144052e-30 * x_2))))) - (-5.73359100696053 + (-0.31341911624936414 * sqrt((0.019194551622865416 + (0.17215034910130053 * sqrt((80.99950725510008 + (-0.001728552038842331 * arctan((0.8000006383081796 + (1.9599995888556352 * (-0.745600483892919 + (8.109954698250198e-13 * x_0))))))))))))))))) * (0.04808647410759992 + (-0.0017267557126204114 * (-0.28037183712908537 + (4.46984705736738e-30 * x_1))))))))
first_principles_planck,ok,2,BFGS,0.8551954247110832,104.39171400631402,52,6.746226787567139,,0.01,(0.44904429609667823 + (-5.702827104614329 * sqrt(((((-0.15900010153265184 + (-0.26998204913732937 * (((-0.00875110445216241 + (8.114953706461458 * inv((1.13400070538528 + (-0.9280851198273783 + (0.0006667251257322843 * x_1)))))) * (0.00089466553965194 + (-6.353558780457513 * (-0.32243081473665985 + (5.869433361210693e-16 * x_0))))))**2)) * (-0.9086769797683053 + (0.6198205513366919 * sin((-0.6434330291363555 + (-7.605795747919907 * ((-98.64877992937969 + (-2.5640102704241707 * (-0.32243081473665985 + (5.869433361210693e-16 * x_0)))))**2)))))) - (-8.210000860669735 + (0.01009545942946329 * (-0.9280851198273783 + (0.0006667251257322843 * x_1))))) - (-4.640000860669734 + (0.9789954594294634 * (-0.9280851198273783 + (0.0006667251257322843 * x_1))))))))
first_principles_rydberg,ok,2,NoRef,0.9818997989960785,0.22859987358062933,28,8.49309253692627,,0.01,((-14.0 + (-0.4 * (-3.8187351939491063 + (0.6664773687552685 * x_1)))) + ((0.02 + (-0.003 * (-3.8187351939491063 + (0.6664773687552685 * x_1)))) * ((40.0 + (89.0 * (-2.0975266654762863 + (0.611090445847422 * x_0)))) - (-0.01 + (-14.200000000000001 * sin((0.9 + (-99.0 * (-2.0975266654762863 + (0.611090445847422 * x_0))))))))))
first_principles_schechter,ok,1,NoRef,0.29756405551201304,1.8666336698109518,21,9.31772780418396,,0.01,(-20.0 + (-0.9 * sqrt(((70.0 + (99.0 * (-0.5953676229342441 + (1.451570923777581e-09 * x_0)))) + (-0.001 + (-30.0 * sin((0.9 + (-20.0 * (-0.5953676229342441 + (1.451570923777581e-09 * x_0)))))))))))
first_principles_supernovae_zg,ok,1,NoRef,0.8518631986003187,0.11202549118989137,27,10.748962163925171,,0.01,(-0.001 + (0.6 * exp(((0.060000000000000005 + (0.060000000000000005 * (-1.187793178685335 + (0.031318702151750866 * x_0)))) * ((-34.0 + (-25.0 * (-1.187793178685335 + (0.031318702151750866 * x_0)))) + (0.01 + (1.6 * sin((0.01 + (90.0 * (-1.187793178685335 + (0.031318702151750866 * x_0))))))))))))
first_principles_supernovae_zr,ok,1,BFGS,-0.004775745007572274,0.20190523150197034,57,5.097513198852539,,0.01,((-0.01498095480241793 + (-1.3714109542572455 * inv((7.2397326776972655 + (-0.003995929944251507 * (-1.5690960840504913 + (0.03737634545546627 * x_0))))))) - ((-0.282789045197582 + (-0.04670388664076381 * cos((0.059625235820785695 * (-1.5690960840504913 + (0.03737634545546627 * x_0)))))) + ((0.008830954802417938 + (-4.969792817604314 * abs((-0.02498308144726504 + (-1.786569031423729e-05 * (-1.5690960840504913 + (0.03737634545546627 * x_0))))))) - (-0.019750954802417946 + (1.7270907454165868e-06 * ((0.005379288838788062 + (-27.599891512047314 * inv(((0.0021566831417373935 + (0.28319582493587303 * (-1.5690960840504913 + (0.03737634545546627 * x_0)))) - (-12.200046683141737 + (7.080334701893853 * ((0.006215590693707838 + (-0.6678769855649539 * (-1.5690960840504913 + (0.03737634545546627 * x_0)))))**3)))))))**2)))))
first_principles_tully_fisher,ok,1,NoRef,0.6209531252560646,0.9023806332925546,43,7.353646516799927,,0.01,((((-2.04 * (-2.20013258087807 + (0.00646231526438688 * x_0))) - ((-0.0424 + (0.932 * sqrt((60.4 + (0.8370000000000001 * (-2.20013258087807 + (0.00646231526438688 * x_0))))))) - (-4.88 + (0.44 * (-2.20013258087807 + (0.00646231526438688 * x_0)))))) + (-6.8500000000000005 + (-0.777 * sin(((0.00477 + (-99.60000000000001 * (-2.20013258087807 + (0.00646231526438688 * x_0)))) * (-80.9 + (-0.09380000000000001 * (-2.20013258087807 + (0.00646231526438688 * x_0))))))))) - (0.023000000000000003 + (-0.509 * (-2.20013258087807 + (0.00646231526438688 * x_0)))))
nikuradse_1,ok,2,BFGS,0.9075689185904408,0.05102964453379959,42,16.92675518989563,,0.01,((0.30804558236351387 + (-0.0007170765985132499 * cos((((-6.2310860372011465 * (-7.7977164157500045 + (1.578046607504265 * x_1))) * (-0.8124144437853102 + (0.0028986434094668365 * (-7.7977164157500045 + (1.578046607504265 * x_1))))) + (-96.49963994215021 + (-7.810229930538381 * inv((0.931334934101054 + (0.543351595451083 * (-0.8646932551099632 + (0.006372216025855224 * x_0))))))))))) - (0.0859544176364862 + (-2.231740742428576 * inv(((9.139524590982472 + (5.922560733853562 * (-0.8646932551099632 + (0.006372216025855224 * x_0)))) - (-0.035564590982472784 + (0.1195392661464376 * (-0.8646932551099632 + (0.006372216025855224 * x_0)))))))))
nikuradse_2,ok,1,NoRef,0.6818222300551566,0.1300481381612313,55,16.317410707473755,,0.01,((1.74 + (-0.058 * sin(((38.2 + (-74.4 * (-2.0496709721284985 + (1.283874804081043 * x_0)))) + (-7.890000000000001 + (76.9 * (((-64.9 + (-0.0728 * (-2.0496709721284985 + (1.283874804081043 * x_0)))) + (0.00844 + (-0.042 * inv((0.00329 + (-77.10000000000001 * (-2.0496709721284985 + (1.283874804081043 * x_0)))))))))**3)))))) + ((-0.669 + (1.22 * (-2.0496709721284985 + (1.283874804081043 * x_0)))) * ((0.06290000000000001 + (-0.026000000000000002 * (-2.0496709721284985 + (1.283874804081043 * x_0)))) * (-0.008 + (-4.23 * cos((0.404 + (-0.787 * (-2.0496709721284985 + (1.283874804081043 * x_0))))))))))
solar_flare,ok,10,BFGS,-0.0002882633924701228,0.8681990918296425,91,12.182374000549316,,0.01,(0.29607648292828304 + (-4.7062565328035745e-05 * abs((-0.028012141821141708 + (0.8127451898979012 * inv((1.0466087917376106 + (-30.600394196539035 * inv((((-0.15404021113911437 * (-0.8109724708938756 + (2.0440599502971817 * x_6))) + (-1.9115647409359504 + (0.002687641745980973 * sin((0.001059847943158515 + (-29.9000000091388 * (-0.1602308988614113 + (6.4012244095133815 * x_8)))))))) + (((0.046635259064049674 + (-6.799657663685078 * (-0.1602308988614113 + (6.4012244095133815 * x_8)))) + (-0.007724740935950328 + (-9.89987124050887 * exp((((0.005135283643045834 + (-16.39950303911044 * (-1.3042787219993834 + (0.44176290753603537 * x_0)))) + (((-0.0509 * (0.0 + (0.0 * x_9))) + ((-2.8512747163569547 + (-0.0029019957417781212 * (-0.18406077053764514 + (3.0638449095745512 * x_5)))) + (-0.06057471635695417 + (86.49949605120314 * (-2.5294560972960465 + (2.924798005411782 * x_7)))))) + ((-6.362981001005443 + (-0.02537911882290434 * (-1.189105842835749 + (1.2387165168523644 * x_2)))) * (-5.971853276714383 + (0.6460083928667657 * (-1.598090132402021 + (0.8361977837519415 * x_1))))))) - (69.20127471635695 + (0.05573359886642785 * (-2.2104561943408627 + (1.5896980191524297 * x_4))))))))) - (-7.538435259064048 + (0.06471567763216558 * sqrt((20.100010122240153 + (-0.04270063479959918 * (-0.4245077086254412 + (2.7801775343584225 * x_3))))))))))))))))))
strogatz_bacres1,ok,2,NoRef,0.9913469380200702,0.20933798430112838,57,6.252068281173706,,0.01,(-0.8400000000000001 + (0.00792 * ((((-4.92 * sin((((-9.8 + (0.0052 * (-2.879498286108375 + (0.07514553155101268 * x_1)))) * (-0.931 + (-0.07730000000000001 * (-6.262349407491105 + (0.4541858300590738 * x_0))))) - (-35.300000000000004 + (30.400000000000002 * ((0.328 + (-0.046400000000000004 * arctan((-5.65 + (24.1 * (-2.879498286108375 + (0.07514553155101268 * x_1))))))))**2))))) - (8.4 + (-7.3100000000000005 * (-2.879498286108375 + (0.07514553155101268 * x_1))))) + (((2.84 * (-6.262349407491105 + (0.4541858300590738 * x_0))) - (-0.00515 + (0.512 * (-2.879498286108375 + (0.07514553155101268 * x_1))))) + (0.00299 + (2.2 * (-6.262349407491105 + (0.4541858300590738 * x_0)))))))**2))
strogatz_bacres2,ok,2,NoRef,0.9933464546963445,0.17727852283286383,46,7.956832408905029,,0.01,(((-0.5920000000000001 + (-0.11900000000000001 * sin(((0.12100000000000001 + (-27.2 * (-6.262349407491105 + (0.4541858300590738 * x_0)))) - (-0.00039999999999999996 + (-0.0597 * (-2.879498286108375 + (0.07514553155101268 * x_1)))))))) * ((0.0752 + (-0.662 * (-6.262349407491105 + (0.4541858300590738 * x_0)))) + ((-51.5 + (36.6 * (-6.262349407491105 + (0.4541858300590738 * x_0)))) * (-0.00954 + (-0.00895 * (-2.879498286108375 + (0.07514553155101268 * x_1))))))) - ((-4.46 + (-0.302 * (-6.262349407491105 + (0.4541858300590738 * x_0)))) - (0.343 + (-1.72 * (-2.879498286108375 + (0.07514553155101268 * x_1))))))
strogatz_barmag1,ok,2,NoRef,0.94274488685777,0.04560294904862901,30,9.545536041259766,,0.01,((0.002 + (-0.0024 * arctan((0.1 + (-13.749320144176263 + (2.4397466465165905 * x_0)))))) * ((99.0 + (9.0 * (-0.7763258181607384 + (0.39781013080990546 * x_1)))) + (0.001 + (-9.0 * inv((-0.09000000000000001 + (0.01 * ((0.1 + (7.5 * (-0.7763258181607384 + (0.39781013080990546 * x_1)))))**3)))))))
strogatz_barmag2,ok,2,NoRef,0.26068264506023053,0.21295473293564648,49,12.16998815536499,,0.01,((0.00261 + (-0.0073 * (-0.7763258181607384 + (0.39781013080990546 * x_1)))) - ((((0.00745 + (-13.749320144176263 + (2.4397466465165905 * x_0))) + (8.370000000000001 + (-6.12 * arctan((-5.55 + (0.601 * abs(((0.0068 + (0.5920000000000001 * (-0.7763258181607384 + (0.39781013080990546 * x_1)))) * (46.0 + (5.83 * (-13.749320144176263 + (2.4397466465165905 * x_0)))))))))))) * (-0.00678 + (0.007379999999999999 * (-13.749320144176263 + (2.4397466465165905 * x_0))))) * ((0.631 + (-0.00671 * (-0.7763258181607384 + (0.39781013080990546 * x_1)))) + (-7.05 + (-0.0171 * (-13.749320144176263 + (2.4397466465165905 * x_0)))))))
strogatz_glider1,ok,2,NoRef,0.9846551339614432,0.09106048889427029,46,4.215771198272705,,0.01,(((0.044700000000000004 + (-0.997 * cos(((-0.00959 + (0.00181 * (-1.8728726161932867 + (0.13763524572636318 * x_1)))) - ((0.446 + (-0.0077399999999999995 * (-2.0479585513057548 + (0.9185478027788039 * x_0)))) - (-0.006059999999999999 + (7.37 * (-1.8728726161932867 + (0.13763524572636318 * x_1))))))))) - (0.393 + (-0.00788 * (-1.8728726161932867 + (0.13763524572636318 * x_1))))) - ((0.028700000000000003 + (0.006719999999999999 * (-2.0479585513057548 + (0.9185478027788039 * x_0)))) * ((-1.96 + (8.38 * (-2.0479585513057548 + (0.9185478027788039 * x_0)))) + (-1.7 + (-0.00733 * (-1.8728726161932867 + (0.13763524572636318 * x_1)))))))
strogatz_glider2,ok,2,NoRef,-5.14178946121091,2.372839617870545,61,8.46179986000061,,0.01,((((7.9 + (0.6890000000000001 * cos(((-1.1 + (8.43 * (-1.8728726161932867 + (0.13763524572636318 * x_1)))) + (0.8170000000000001 + (0.008629999999999999 * (-1.8728726161932867 + (0.13763524572636318 * x_1)))))))) * ((-0.016900000000000002 + (0.00217 * abs((-4.3 + (4.97 * (-1.8728726161932867 + (0.13763524572636318 * x_1))))))) - (-0.0746 + (0.675 * inv((-2.87 + (-0.6920000000000001 * (-2.0479585513057548 + (0.9185478027788039 * x_0))))))))) - (0.068 + (-0.539 * inv(((0.00953 + (0.00547 * (-1.8728726161932867 + (0.13763524572636318 * x_1)))) - (6.8100000000000005 + (3.85 * (-2.0479585513057548 + (0.9185478027788039 * x_0))))))))) - (0.0708 + (-1.42 * (-2.0479585513057548 + (0.9185478027788039 * x_0)))))
strogatz_lv1,ok,2,NoRef,0.47875507920544036,1.2945815730045356,22,14.28503966331482,,0.01,((0.001 + (0.001 * (-1.8092302962642817 + (1.2608026657501157 * x_1)))) * (-0.01 + (-0.09000000000000001 * (((70.0 + (99.60000000000001 * (-0.669488742160413 + (0.8024202405723764 * x_0)))) + (-0.01 + (40.0 * (-1.8092302962642817 + (1.2608026657501157 * x_1))))))**2)))
strogatz_lv2,ok,2,NoRef,0.5534466836726364,0.8079620208176528,60,11.837477207183838,,0.01,(((3.21 + exp((0.31 * (-0.669488742160413 + (0.8024202405723764 * x_0))))) + (-0.7100000000000001 + (-0.019100000000000002 * ((((0.014700000000000001 + (-0.669488742160413 + (0.8024202405723764 * x_0))) + (-0.0010999999999999998 + (0.9440000000000001 * (-1.8092302962642817 + (1.2608026657501157 * x_1))))) * (-83.8 + (0.0018 * (-1.8092302962642817 + (1.2608026657501157 * x_1))))))**2))) * (-0.006999999999999999 + (0.005719999999999999 * inv((0.462 + (0.00861 * ((-1.1 + (-4.5200000000000005 * sin(((7.19 + (0.07840000000000001 * (-0.669488742160413 + (0.8024202405723764 * x_0)))) - ((0.0719 + (-4.25 * (-0.669488742160413 + (0.8024202405723764 * x_0)))) * (-0.0070599999999999994 + (-9.16 * (-1.8092302962642817 + (1.2608026657501157 * x_1))))))))))**2))))))
strogatz_predprey1,ok,2,NoRef,0.5041896478712533,1.6549553122149612,39,14.521990776062012,,0.01,((((-0.0066 + (-0.7945524687408121 + (0.8507325088617598 * x_0))) - ((-0.052000000000000005 + (-0.005699999999999999 * (-1.88614632091165 + (0.38086615907634147 * x_1)))) - (((-0.00413 + (-0.00027 * (-1.88614632091165 + (0.38086615907634147 * x_1)))) + (0.007169999999999999 + (1.83 * (-1.88614632091165 + (0.38086615907634147 * x_1))))) - (0.9840000000000001 + (-0.051300000000000005 * (-0.7945524687408121 + (0.8507325088617598 * x_0))))))) * (-0.00879 + (-0.0108 * (-0.7945524687408121 + (0.8507325088617598 * x_0))))) * (76.60000000000001 + (-0.014100000000000001 * (-1.88614632091165 + (0.38086615907634147 * x_1)))))
strogatz_predprey2,ok,2,NoRef,0.9381687236223369,0.3900394915199706,27,20.81287932395935,,0.01,(2.0 + (-3.0 * exp(((-0.3 + (-0.8 * (-0.7945524687408121 + (0.8507325088617598 * x_0)))) + ((-0.1 + (0.5 * (-1.88614632091165 + (0.38086615907634147 * x_1)))) + (-0.001 + (-0.07 * cos((0.01 + (-6.4 * (-0.7945524687408121 + (0.8507325088617598 * x_0))))))))))))
strogatz_shearflow1,ok,2,NoRef,0.11969114489557697,0.29943576740293765,35,10.225534677505493,,0.01,((0.003 + (0.006 * (0.5799747510223856 + (0.709259269968821 * x_1)))) * ((0.3 + (0.7000000000000001 * (0.5799747510223856 + (0.709259269968821 * x_1)))) * ((0.6 + (0.5 * (0.2165174357325378 + (0.3626875714686538 * x_0)))) * ((9.0 + (6.0 * (0.2165174357325378 + (0.3626875714686538 * x_0)))) * ((-0.9 + (-99.0 * (0.5799747510223856 + (0.709259269968821 * x_1)))) + (-80.0 + (0.1 * (0.2165174357325378 + (0.3626875714686538 * x_0)))))))))
strogatz_shearflow2,ok,2,BFGS,-0.008502106149046673,0.24126675319461224,64,6.0871171951293945,,0.01,((0.013397895592892905 + (6.24 * exp((-32.1 + (0.062000000000022176 * sqrt((90.7 + (0.82 * ((-0.46399999999999963 + (-0.01759999999999095 * (0.5799747510223856 + (0.709259269968821 * x_1)))))**2)))))))) - (0.04213210440710711 + (0.1703123687298606 * inv(((((-1.0192268904550836 * inv(((0.02163140914193061 + (0.7913311714080097 * ((0.2165174357325378 + (0.3626875714686538 * x_0)))**3)) + (0.06363140914193062 + (-0.4976474964016306 * (0.2165174357325378 + (0.3626875714686538 * x_0))))))) * (0.09576900568648608 + (55.60149315466034 * inv((-0.00416336037729971 + (-0.08763968846017285 * (0.5799747510223856 + (0.709259269968821 * x_1)))))))) + (0.004987401640661479 + (0.02153471049553542 * (0.2165174357325378 + (0.3626875714686538 * x_0))))) + (0.0033874016406614787 + (2.763934710495535 * (0.2165174357325378 + (0.3626875714686538 * x_0)))))))))
strogatz_vdp1,ok,2,BFGS,-0.012718583163981778,1.6236530725560834,65,8.590374946594238,,0.01,((-43.20251892846934 + (-0.44337791561621587 * (-0.6415222350099536 + (1.1042715579288094 * x_0)))) * (0.002485246241613948 + (2.8050664932559113 * inv((-0.006233284229159682 + (79.39982149563983 * inv(((9.87500843307443e-06 + (-1.4254891622425666e-05 * (-0.6415222350099536 + (1.1042715579288094 * x_0)))) * ((-0.09316850054187095 + (0.06544719948950894 * (-0.6415222350099536 + (1.1042715579288094 * x_0)))) * ((0.05047269526753404 + (39.00002021794126 * (-0.6415222350099536 + (1.1042715579288094 * x_0)))) - ((91.50017089237893 + (-49.49995473946512 * inv((-0.026690135024043913 + (-0.22035235798284716 * ((-0.43125847275406204 + (0.8446679511656711 * inv((-0.11877621832993822 + (0.6323526873051531 * (-0.43631478095961607 + (3.6409165496093783 * x_1))))))))**2))))) * (1.0044513318194364 + (0.014150472122804953 * inv((0.03412065261198906 + (-0.0905238426330502 * (-0.43631478095961607 + (3.6409165496093783 * x_1))))))))))))))))))
strogatz_vdp2,ok,2,NoRef,0.9998374190181645,0.001176187995412078,36,4.978912830352783,,0.01,((-0.062000000000000006 + (-0.096 * (-0.6415222350099536 + (1.1042715579288094 * x_0)))) * (0.9450000000000001 + (0.045000000000000005 * inv((4.14 + (3.92 * inv((0.17500000000000002 + (0.00075 * ((0.00761 + (93.10000000000001 * sin((-0.5 + (0.645 * ((-84.9 + (-0.912 * (-0.43631478095961607 + (3.6409165496093783 * x_1)))))**2))))))**2)))))))))
