dataset,status,n_features,beam_size,attempt,refinement_type,r2,rmse,complexity,seconds,error,noise_strength,expr
1027_ESL,ok,4,256,4,BFGS,0.8864113597755904,0.4901167377580324,130,326.42,,0.01,(10.686612107691374 + ((((((0.3255491755704223 * (-3.689442089095961 + (0.6641659926365366 * x_0))) - ((0.23657372213812355 * (((0.051884025955399926 * inv((12.302229558760367 + (10.067938287991765 * (-6.146798559422659 + (1.0976425998969035 * x_3)))))) - (0.32554379555931956 * (-3.689442089095961 + (0.6641659926365366 * x_0)))) * ((2.1052612796131758 * (-6.146798559422659 + (1.0976425998969035 * x_3))) - (-2.575736153049972 * inv((-0.11934508293291496 + (82.6078047746276 * (-3.689442089095961 + (0.6641659926365366 * x_0))))))))) - ((0.1230356492910542 * inv(((-2.458655829155358 * (-6.146798559422659 + (1.0976425998969035 * x_3))) - (1.0566537345477638 * (-6.146798559422659 + (1.0976425998969035 * x_3)))))) + (7.3810184284524745 * (-6.146798559422659 + (1.0976425998969035 * x_3)))))) - (70.57761891446955 * inv((11.987997332863294 + (0.6677956533660923 * (-6.146798559422659 + (1.0976425998969035 * x_3))))))) + (1.1589114918098598 * sin((0.4152672321464479 + (0.45708106108308755 * (-4.543727322540949 + (0.8485018342746871 * x_2))))))) + (11.978056689700153 * (-6.146798559422659 + (1.0976425998969035 * x_3)))) + ((-19.155822286969297 * (-6.146798559422659 + (1.0976425998969035 * x_3))) - (-0.38817612100535115 * (-3.1650294675520123 + (0.6187740894529837 * x_1))))))
1028_SWD,ok,10,128,3,BFGS,0.3992899623398759,0.6260217476809132,145,329.38,,0.01,(3.8727581965386824 + ((-0.05981850067484147 * (-2.8621521711176414 + (1.2806049982629268 * x_1))) - ((-0.01430388211454307 * (-2.7885115085974532 + (1.4154880754301793 * x_0))) - ((21.449878641279703 * inv((663.8946110740565 + (-5.679926219207363 * (-2.3736872687394746 + (1.012233376861183 * x_4)))))) - (((-6.604610399161594 * (-2.5904290116544066 + (1.3421911977483971 * x_6))) - ((0.15010915202929592 * (-2.3736872687394746 + (1.012233376861183 * x_4))) - ((5.370502614982199 * (-2.5904290116544066 + (1.3421911977483971 * x_6))) - ((((-1.128159802138843 * (-2.5904290116544066 + (1.3421911977483971 * x_6))) - ((-0.3199442693713951 * (-2.6745450995191127 + (1.3046561461068844 * x_9))) - (-4.597179132276459 * (inv((70.57880196991954 + (-6.928375032693864 * (-2.4841136395988146 + (1.2451697441598069 * x_3))))) * ((-1.8083571200249247 * (-2.8621521711176414 + (1.2806049982629268 * x_1))) + (2.589574505648696 * (inv((-59.04068994480865 + (-35.64961650542301 * (-2.8621521711176414 + (1.2806049982629268 * x_1))))) * (-2.9293890917537175 + (2.0064308847628203 * x_5))))))))) - inv((7.2606708808490055 + (1.419322933960512 * (-2.7885115085974532 + (1.4154880754301793 * x_0)))))) + (0.09837199105917438 * (-2.566230515260939 + (1.2704111461687815 * x_8))))))) + ((-0.2738713229935916 * (-2.1689364464787513 + (0.972617240573431 * x_2))) + (0.159978254389603 * (-2.6745450995191127 + (1.3046561461068844 * x_9)))))))))
1029_LEV,ok,4,128,3,BFGS,0.6305665150263097,0.5900458594373879,127,428.47,,0.01,(1.5647571147978327 + ((((0.25739171245469783 * (-1.3777422408758337 + (0.721331016165358 * x_3))) - ((-0.018854755224297637 * inv((3.4720031984523985 + (5.374035173526405 * (-1.3777422408758337 + (0.721331016165358 * x_3)))))) - (0.14707591909169554 * inv((0.27850389263594 + (0.1304144478651792 * (-1.338219395737549 + (0.6915862510271571 * x_2)))))))) - (((-0.38641330844877086 * (-1.3537592065395143 + (0.7317617332646023 * x_0))) - (0.7984416120601137 * (-1.338219395737549 + (0.6915862510271571 * x_2)))) + (0.018688915342744833 * (-1.490881128154221 + (0.7665198602335326 * x_1))))) + ((19.26061163826637 * (((-1.490881128154221 + (0.7665198602335326 * x_1)) * inv(((0.8957890619706803 * inv((25.579913542751513 + (1.8098811410260138 * (-1.3777422408758337 + (0.721331016165358 * x_3)))))) - (21.629840318385163 * inv((-5.376192284830186 + (0.7417034840548586 * (-1.3777422408758337 + (0.721331016165358 * x_3))))))))) * inv((8.04047341718168 + (3.2914692299049797 * (inv((-0.03191758693074451 + (7.976011839426487 * (-1.490881128154221 + (0.7665198602335326 * x_1))))) * (-1.3537592065395143 + (0.7317617332646023 * x_0)))))))) - inv((2.580997635083209 + (-1.0274085097537649 * (-1.338219395737549 + (0.6915862510271571 * x_2))))))))
1030_ERA,ok,4,128,3,BFGS,0.4633918572690502,1.470440558171775,68,451.38,,0.01,(37.117757024052835 + (((0.5772124523954805 * (-1.6821592654348876 + (0.2229502008528678 * x_0))) - (-36.850189704329296 * cos((34.109977258123635 + (0.15349797370810098 * (-1.775251610451698 + (0.26918144207000727 * x_2))))))) - ((-2.8329301877335955 * (-1.775251610451698 + (0.26918144207000727 * x_2))) - ((1.0601451588013977 * (-1.8026202153614108 + (0.2599308169230585 * x_1))) - (-0.18640762063035782 * inv((1.8219081896504106 + (2.4156260372365703 * ((-1.8026202153614108 + (0.2599308169230585 * x_1)) * ((-1.6821592654348876 + (0.2229502008528678 * x_0)) * inv((0.7173732191854738 + (-0.18981697154164373 * (-1.4098777764544617 + (0.21377979931075994 * x_3)))))))))))))))
1096_FacultySalaries,ok,4,128,3,BFGS,0.9228230554230311,1.2699521337527706,110,353.24,,0.01,(56.49328333517849 + ((((1.385789284781147 * (-7.346234106637792 + (0.09939270487749849 * x_2))) - (-0.16127237197083727 * (-0.5619514869490163 + (2.341464528954235 * x_0)))) - (-7.392227330000537 * (-8.427043203926056 + (0.14480699704232594 * x_1)))) - (((1.33115590982056 * (-9.112288776127002 + (0.17718880655098507 * x_3))) - ((-5.354207451400544 * (-7.346234106637792 + (0.09939270487749849 * x_2))) - ((-6.06172816817563 * inv((177.9801402911022 + (4.571258666282429 * (-8.427043203926056 + (0.14480699704232594 * x_1)))))) - ((1.5912571575805599 * (-9.112288776127002 + (0.17718880655098507 * x_3))) - (9.01895837940441 * inv((1.2835858378222516 + (-31.919594152307987 * inv((53.15623909667167 + (1.4615936151282702 * (-9.112288776127002 + (0.17718880655098507 * x_3))))))))))))) - inv(((-7.0099149209978755 * (-9.112288776127002 + (0.17718880655098507 * x_3))) - ((3.86832947577064 * inv((12.281757933601938 + (21.811516749693666 * (-0.5619514869490163 + (2.341464528954235 * x_0)))))) - (394.5047025589207 * (-9.112288776127002 + (0.17718880655098507 * x_3)))))))))
1193_BNG_lowbwt,ok,9,256,4,BFGS,0.6210646170476304,446.0251694478589,127,519.04,,0.01,(78.68241515997921 + ((((1.5492485746659095 * (-0.8422598823413764 + (2.029541885159943 * x_4))) - (((0.2571595908199298 * (((1.936223918106558 * (-4.7670358854990456 + (0.20452064575820186 * x_1))) - (0.6062914614811229 * (-0.2412489548185819 + (4.386344633065126 * x_6)))) * ((85.02059517946245 * (-0.2412489548185819 + (4.386344633065126 * x_6))) - ((0.24519990053287444 * (-0.2412489548185819 + (4.386344633065126 * x_6))) - ((-0.0008416519836409751 * ((13.196638889196088 + (-179.33157781777567 * (-2.1712405933672376 + (2.631806779839076 * x_7)))))**2) - (10.40258120533372 * (-0.2412489548185819 + (4.386344633065126 * x_6)))))))) - (2.0459245498618674 * ((14.637873255124898 + (-14.371351402184068 * (-0.7018100265975371 + (2.126697050295567 * x_0)))))**2)) - (-0.1227376020446771 * (-4.341145088689214 + (0.03261568031203464 * x_2))))) - ((-3.08951119154637 * ((-16.430604284135264 + (-18.31989493382427 * (-2.1712405933672376 + (2.631806779839076 * x_7)))))**2) - (0.12806448361796738 + (-17.783637305992894 * ((-0.2412489548185819 + (4.386344633065126 * x_6)) * (-0.7018100265975371 + (2.126697050295567 * x_0))))))) - (-43.674349730754045 * ((0.9538702135534579 + (1.0597730095335574 * (-1.7565107319733801 + (1.3459852352286439 * x_3)))))**2)))
1196_BNG_pharynx,ok,10,128,3,BFGS,0.4754623424803496,277.4350594508701,133,540.81,,0.01,(-0.03269524999375875 + (((4.6026017763494425 * (-1.6870547845739468 + (2.279803762937766 * x_1))) - ((0.0713905001681696 * (((28.04434999452859 + (-1.9386692762672992 * (-1.3184242770282357 + (1.2437964877624863 * x_6)))))**2 * (-0.9685432901733048 + (1.0249135345749258 * x_7)))) - (((0.14595052912928458 * ((61.99732777449252 + (-1.6670334951012946 * (-0.4676211227230167 + (1.585156348213616 * x_5)))))**2) - (24.289790830972272 * ((-2.9004668947094494 + (0.3181699423659834 * (-1.4913495697629222 + (1.021472308056796 * x_8)))))**2)) + ((2.152939992703442 * ((0.07588023228495701 + (9.889325584131 * (-0.5927489783638191 + (2.279803762937766 * x_9)))))**2) + (2.7152337446744292 * (-1.3193830297679 + (0.5890102811463838 * x_0))))))) + ((-1.020204061220407 + (2.000400120040014 * x_2)) * ((0.004024417948531769 * (((-2.088105177165992 + (-1.5790968241659202 * ((-5.275654998591812 + (0.08600904883651646 * x_4)) * (-0.4676211227230167 + (1.585156348213616 * x_5))))))**2 * (-1.3184242770282357 + (1.2437964877624863 * x_6)))) - ((-3.55195146111585 * inv(((0.4129868962261011 * (-1.3076038098835963 + (1.5659925866869417 * x_3))) - (0.39354081558235526 * (-0.5927489783638191 + (2.279803762937766 * x_9)))))) + (-2.9303102864156285 * (-0.9685432901733048 + (1.0249135345749258 * x_7))))))))
1199_BNG_echoMonths,ok,9,256,4,BFGS,0.541948046709827,10.495494515902463,109,264.11,,0.01,(23.385439953162674 + ((((0.03384526957327491 * (-3.0702386426579005 + (2.0989423382322308 * x_7))) - ((0.2744846104192551 * (-6.139712387609727 + (1.3064991268887023 * x_5))) - (((-3.5060796017052462 * (-1.7077351386697883 + (0.1433472945228545 * x_4))) - (-0.20263490280737345 * sin((0.05439537027331309 + (7.795503773187349 * (-1.7077351386697883 + (0.1433472945228545 * x_4))))))) - (-1.7194058412433293 * (((25.19352245720438 * (-0.4525696378552518 + (2.66217434032501 * x_2))) - (174.62354129396465 * cos((0.2729577932737126 + (0.7326446103568278 * (-7.068403061162645 + (0.11366866615016445 * x_1))))))) * (4.2751289117378874 * ((cos((0.32109008152315077 + (-0.5185191816446406 * (-0.5850486126764433 + (2.29430828500566 * x_8))))) * (-1.4179911269360295 * inv((3.3911387475891512 + (0.10840916627404026 * (-2.7393118696321914 + (0.1834262746734647 * x_6))))))) * (-0.012943838209927151 * (-0.5850486126764433 + (2.29430828500566 * x_8)))))))))) - (7.53992313699414 * (-0.7018100265975372 + (2.1266970502955673 * x_0)))) + (-1.7077351386697883 + (0.1433472945228545 * x_4))))
1201_BNG_breastTumor,ok,9,128,3,BFGS,0.14943067156266032,9.770543112102482,104,445.27,,0.01,(27.031735035205386 + ((-0.8663632710967604 * (-0.749436783737264 + (0.22607444456629383 * x_2))) - ((((-0.3278721435704022 * inv((0.32384746981727375 + (0.9045661765057003 * (-1.2500406497455434 + (0.8064778385455118 * x_6)))))) - ((-0.4701698850912166 * (-1.6200683918739798 + (1.270641875979592 * x_4))) - (6.605403730615517 * inv((3.3962004098273955 + (0.5860264058128115 * (-1.061913167103641 + (2.0036097492521527 * x_5)))))))) - ((0.47444830032571783 * inv((2.2170431301779736 + (6.135206593221479 * (-1.6200683918739798 + (1.270641875979592 * x_4)))))) - (((3.9607480545398417 * cos(((0.059818788870863435 * (-1.061913167103641 + (2.0036097492521527 * x_5))) - (55.35924209301939 * ((0.21679772255296825 + (0.2201724364884985 * (-0.75 + (2.0833333333333335 * x_8)))))**2)))) - (0.5208482359664053 * (-5.513793854744495 + (0.10828748668207969 * x_0)))) + (0.324504990186839 * (-0.75 + (2.0833333333333335 * x_8)))))) + (-0.2511203904020779 * (-0.5388159060803247 + (2.3947373603569986 * x_3))))))
1203_BNG_pwLinear,ok,10,256,4,BFGS,0.4799181861371209,3.164867589663808,119,339.72,,0.01,(0.6821729748352858 + ((((-34.427132186488706 * ((((0.2945169426999325 * (-0.0689883074727411 + (1.1498051245456848 * x_7))) - (-4.76339430364531 * inv((-2.1648453605170186 + (0.11294898887795161 * (0.07462778926574919 + (1.2437964877624865 * x_6))))))) * (-0.012127673025267264 + (1.2127673025267265 * x_2))) * inv((74.5282200845981 + (0.3617519069454499 * (0.23480352857641618 + (1.2692082625752226 * x_1))))))) - (((0.012889401465750912 * ((-0.3106848830006 + (1.2427395320024 * x_5)) * inv(((0.7179155333696804 * (-0.018397292771819163 + (1.2264861847879442 * x_3))) - (0.48580434717722465 * inv((0.3048637002542387 + (5.8233604926567315 * (0.103834826330233 + (1.2979353291279123 * x_9)))))))))) - (0.41477363866212025 * inv(((1.462400311892551 * (0.103834826330233 + (1.2979353291279123 * x_9))) - (8.12491679538068 * (0.07462778926574919 + (1.2437964877624865 * x_6))))))) - (0.35889523932097384 * (0.07462778926574919 + (1.2437964877624865 * x_6))))) - (2.3813249440369955 * inv((8.64731001597221 + (5.701728306840262 * (-0.032157832069216574 + (1.286313282768663 * x_4))))))) + (-2.446899768767426 * (-0.07017213284715496 + (1.0024590406736422 * x_0)))))
192_vineyard,ok,2,64,2,BFGS,0.7951331630413722,1.969797291598809,125,660.88,,0.01,(27.68255586971445 + (((0.7347174065671562 * (-4.169458226011473 + (0.431896071220312 * x_1))) - (-14.657255675948782 * inv(((158.97272452928303 * (-1.7076703227012184 + (0.5208144092695798 * x_0))) - ((1.9668293369302967 * inv(((11.173846785667003 * inv(((0.7257907964772223 * inv((118.9741990555006 + (-152.15034195101828 * (-1.7076703227012184 + (0.5208144092695798 * x_0)))))) - (3.590856372416633 * (-4.169458226011473 + (0.431896071220312 * x_1)))))) - inv(((-206.45334848961625 * (-1.7076703227012184 + (0.5208144092695798 * x_0))) - (-2.0097540797575277 * (-1.7076703227012184 + (0.5208144092695798 * x_0)))))))) - (1.134156413359376 * inv((-0.3455132922855444 + (-2.8869751777733104 * (-1.7076703227012184 + (0.5208144092695798 * x_0))))))))))) + ((((-0.5053492358590947 * (-4.169458226011473 + (0.431896071220312 * x_1))) - (20.80013008476942 * inv((2.776197120357253 + (0.8606102522466617 * (-1.7076703227012184 + (0.5208144092695798 * x_0))))))) - (0.23588716130133303 * (6.083080592672982 * ((-1.7076703227012184 + (0.5208144092695798 * x_0)) * (-4.169458226011473 + (0.431896071220312 * x_1)))))) + inv((6.470368359345201 + (47.47603318030383 * (-4.169458226011473 + (0.431896071220312 * x_1))))))))
210_cloud,ok,5,128,3,BFGS,0.9213458549705249,0.3006967358955083,101,253.63,,0.01,(1.1446731063300193 + ((((0.49267593864050596 * (-1.0570827394885711 + (0.7017329636726495 * x_2))) - ((-0.0013738815543814502 * inv((0.9695906184695561 + (1.0239453092597894 * (-1.349156164026494 + (0.6152466562861073 * x_4)))))) - (0.5940007756811644 * (-1.3542915032506988 + (1.1265769290074164 * x_3))))) - (0.15893867309311224 * inv((0.6484740255335081 + (33.447002581510134 * (-1.3542915032506988 + (1.1265769290074164 * x_3))))))) - (-0.02415767242186681 * ((-1.349156164026494 + (0.6152466562861073 * x_4)) * inv((4.344490244883154 + (-0.2038974226711884 * (inv((-0.5514316326443062 + (1.0394283474878279 * ((-1.3542915032506988 + (1.1265769290074164 * x_3)) * (-1.4231307757262779 + (0.9371836815758414 * x_1)))))) * ((1.1501605945629174 * inv((111.57381515495118 + (0.016746849253659435 * (-1.0570827394885711 + (0.7017329636726495 * x_2)))))) - (145.08760777114583 * (-0.7965474118396175 * inv((-1.4172325580480312 + (0.3147751979086914 * (-1.0570827394885711 + (0.7017329636726495 * x_2))))))))))))))))
215_2dplanes,ok,10,128,3,BFGS,0.737096484388718,2.385654714579511,150,307.04,,0.01,(-0.12152495355417475 + ((((0.4580545179957982 * (-0.030001500112509377 + (1.200060004500375 * x_7))) + (((((1.1709794130314788 * (0.047524845652175754 + (1.1881211413043937 * x_5))) + ((3.2438341433778506 * (0.02000400120040014 + (1.000200060020007 * x_0))) + ((0.5901176522072167 * (-0.16290204253291504 + (1.2066817965401115 * x_3))) + (0.3570671240756873 * (((0.07603639459945774 + (1.1697906861455036 * x_4)) * (0.047524845652175754 + (1.1881211413043937 * x_5))) * (-3.425589601308886 * (inv(((0.32255171550920525 * (-0.03114373299321498 + (1.2457493197285991 * x_6))) - (94.47032876899226 * inv(((140.73778240773436 * -1.5766518407628194) - (inv(((-1.7657444040552264 * (0.02000400120040014 + (1.000200060020007 * x_0))) + (-1.4794109812197909 * (-0.030001500112509377 + (1.200060004500375 * x_7))))) * inv((8.171629691948272 + (1.2990545465642565 * (0.07603639459945774 + (1.1697906861455036 * x_4))))))))))) * (0.006073796998943197 * (-0.16290204253291504 + (1.2066817965401115 * x_3)))))))))) - (-1.3253385055121814 * (0.07603639459945774 + (1.1697906861455036 * x_4)))) + inv((307.6355274791126 + (28.865142367915617 * (-0.16290204253291504 + (1.2066817965401115 * x_3)))))) - (-0.10363312335017172 * ((-0.03114373299321498 + (1.2457493197285991 * x_6)) * (0.02500781616401777 + (1.2503908082008883 * x_9)))))) + (0.6868564577788305 * (-0.0 + (1.2038585308576921 * x_2)))) + (0.5034387052606895 * (-0.03138824102871723 + (1.2555296411486891 * x_1)))))
218_house_8L,ok,8,256,4,BFGS,0.5129585729224373,28284.0022621262,117,366.56,,0.01,(0.2316619536666542 + (((0.4100706905033442 * ((320.77641520256066 + (136.5599441489993 * (-0.4354479563349125 + (54.54681096758018 * x_1)))))**2) - ((-1.8257766287032906 * ((66.03304773886688 + (42.92119471128731 * (-8.051727895827435 + (16.731591247493967 * x_2)))))**2) - (((230.8828242475521 * (-0.2735558448495786 + (0.00011731984031014947 * x_0))) - (130.3042040405552 * (-1.5037336233963396 + (3.0832213967881748 * x_7)))) + (((98.61893310172343 * (-0.4354479563349125 + (54.54681096758018 * x_1))) - (1.2603906400540557 * (-8.051727895827435 + (16.731591247493967 * x_2)))) - (((1.0165955732674012 * ((15.769883231096308 + (-115.09305823506014 * (-0.4354479563349125 + (54.54681096758018 * x_1)))))**2) - (49.182246101765 * (-8.745399041277315 + (1.4579020752294582 * x_6)))) - (2.0731730426331803 * ((-8.745399041277315 + (1.4579020752294582 * x_6)) * ((-4.142411200083529 * (-8.745399041277315 + (1.4579020752294582 * x_6))) - (-290.68617486304265 * ((0.35562799019726343 + (-2.274488801145427 * (-1.2420794631854704 + (7.280171385208041 * x_5)))))**2))))))))) - (-31.945170792764685 * (-7.96909359589554 + (11.183243963289556 * x_3)))))
225_puma8NH,ok,8,256,4,BFGS,0.37864491428477975,4.433412034547197,110,384.95,,0.01,(0.3249579209946506 + (((3.2846047543178347 * (-0.07710723083161697 + (0.9234518833549156 * x_1))) - (0.23266674080018135 * (-0.09681685113891113 + (2.9689157921727203 * x_6)))) - ((-1.7710595351893286 * (-0.06585661692848528 + (0.8959411617355382 * x_2))) - (((1.1426827358809826 * inv(((7.80717013083061 * inv((8.468835627151563 + (51.5840332887864 * inv((106.51886417519404 + (0.4847246451899978 * (-0.0263697467348816 + (2.836613933023496 * x_7))))))))) - (0.7915432056656186 * inv((11.882427768034958 + (1.0648770629345412 * (-0.06585661692848528 + (0.8959411617355382 * x_2))))))))) - ((-0.07710723083161697 + (0.9234518833549156 * x_1)) * ((0.6067383063271956 * (-0.09681685113891113 + (2.9689157921727203 * x_6))) - (-9.835059423916437 * inv((13.655794676930228 + (-0.36430258530632553 * (-0.07572364437013104 + (0.9138359759094098 * x_3))))))))) - ((-0.6320785751849378 * (-0.022023529833178766 + (0.8877592340102415 * x_4))) + ((0.29704999922789155 * (-0.01549372006853783 + (0.9102782276193362 * x_0))) - (0.9668591087927938 * (-0.07572364437013104 + (0.9138359759094098 * x_3)))))))))
228_elusage,ok,2,256,4,BFGS,0.8726675565239436,8.48909146547932,76,418.04,,0.01,(35.45126573153357 + (((0.23069538100210685 * ((0.19761952700211138 + (0.34886639079196613 * ((4.798234339455586 + (0.3093341529816487 * (cos((43.39583159695809 + (23.199073939027905 * (-3.494368107086116 + (0.06492913712491094 * x_0))))) * ((0.7409200883326759 + (0.7231964738045606 * (-1.588178110693536 + (0.281773535768208 * x_1)))))**2))))**2)))**2) - (6.274078534399234 * ((0.7055330449787978 * (-3.494368107086116 + (0.06492913712491094 * x_0))) * (0.3918167459981803 * ((-0.7354088725865213 + (0.3469777767156158 * ((-3.361128554698384 + (0.26242580319982955 * (-3.494368107086116 + (0.06492913712491094 * x_0)))))**2)))**2)))) - (4.923436788337423 * ((1.7380438911747893 + (0.09629589724255405 * (-3.494368107086116 + (0.06492913712491094 * x_0)))))**2)))
229_pwLinear,ok,10,128,3,BFGS,0.7477699484886561,2.2416838911245085,122,359.18,,0.01,(1.239641328225595 + (((0.4071391589179705 * (-0.0708881205008336 + (1.2888749181969743 * x_4))) - ((-0.9948763891591567 * (0.1308442961026054 + (1.2461361533581465 * x_1))) - (((-5.092356451670612 * inv((-4.723962537469394 + (2076.192340511912 * (-0.029787773436724965 + (1.1915109374689985 * x_7)))))) - ((10.087383152980841 * inv((3.1584126540301085 + (0.39324756046186765 * (0.047863877241182545 + (1.1965969310295634 * x_8)))))) + ((((1.12708386879788 * (-0.12885860791431716 + (1.227224837279211 * x_5))) - ((6.728326486473347 * inv((2.0279820651600993 + (1.0467613894104506 * (0.13630961003872036 + (1.1853009568584378 * x_2)))))) - ((2.621025068296043 * (-0.07017213284715496 + (1.0024590406736422 * x_0))) + (-3.255363520347509 * (0.13630961003872036 + (1.1853009568584378 * x_2)))))) - (-16.654855768271794 * inv((5.783007511717926 + (1.2979579068694476 * (0.024625761678892605 + (1.2312880839446303 * x_6))))))) + (-1.8658841673865234 * (-0.12885860791431716 + (1.227224837279211 * x_5)))))) - (-2.0083271659581223 * inv((3.053681807995627 + (12.952421767045614 * (0.024260699053001707 + (1.2130349526500854 * x_3))))))))) - (-1.2388343726170317 * (-0.0708881205008336 + (1.2888749181969743 * x_4)))))
230_machine_cpu,ok,6,64,2,BFGS,0.9122285206768147,48.3670095442031,106,98.17,,0.01,(20.886207941118776 + ((-1.1630296487798821 * (-0.7047263654341995 + (0.14485639577270287 * x_4))) - (((0.9254500874497291 * (-0.6323138508124196 + (0.02430107036173788 * x_3))) - ((16.535507618003265 * ((-2.009143802211505 + (-0.9529738949899466 * (-1.0157486231470525 + (8.41758769093056e-05 * x_2)))))**2) - (0.25918896709356776 * ((0.05029436387763568 + (-4.4789335104067005 * (((0.026280350133789564 + (-0.0340334639758908 * (-0.7692023071461158 + (0.003791788953692772 * x_0)))))**2 * ((11.910520315033262 * (-0.6323138508124196 + (0.02430107036173788 * x_3))) - (0.8386657398697559 * ((-0.13502739645035844 + (1.4007988107284892 * (-0.7169976175893781 + (0.03797656872825096 * x_5)))))**2))))))**2))) - ((17.918715391852327 * (((16.583669534751238 + (0.8478422190014845 * (-0.7047263654341995 + (0.14485639577270287 * x_4)))))**2 * ((0.006296175708322218 * (-0.7539783429454673 + (0.00025457276565311854 * x_1))) - (-0.003230489312454235 * (-0.7169976175893781 + (0.03797656872825096 * x_5)))))) - (-33.377055199635365 * (-0.6323138508124196 + (0.02430107036173788 * x_3)))))))
344_mv,ok,10,256,4,BFGS,0.9450368774280632,2.24615338231352,101,717.29,,0.01,(-7.429788651093716 + (((4.11459038068935 * (-0.5619514869490163 + (2.341464528954235 * x_7))) + (0.36125134222762323 * (0.07176828705486599 + (1.6917112741967857 * x_4)))) - ((0.0316501979921605 * (inv((22.1253369478099 + (-11.987306674626389 * (0.9175113942281458 + (0.09481017314613248 * x_5))))) * ((((-181.78593501214527 * (8.731675768609247 + (0.6975312065809712 * x_1))) + (-5.356581432969307 * (-0.5619514869490163 + (2.341464528954235 * x_7)))) + (134.94171925037494 * exp((-1.9088041283082902 + (-0.8397486715955496 * (-2.4616167895905274 + (0.008477159847985765 * x_8))))))) + (10.808733147564986 * exp((-0.5551022285451717 + (-1.1335470335704025 * (-0.6964409092807232 + (1.5476464650682737 * x_2))))))))) - (-4.371959272800005 * (inv((-2.023979125165761 + (148.15008575878488 * (-0.5619514869490163 + (2.341464528954235 * x_7))))) * ((44.26208988278444 * (-0.08262425328176871 + (0.3485338209019501 * x_0))) + (184.28803558938955 * (0.9175113942281458 + (0.09481017314613248 * x_5)))))))))
485_analcatdata_vehicle,ok,4,64,2,BFGS,0.71698878779363,149.68134439513418,101,367.96,,0.01,(-1.003553660707024 + ((-123.5651237755485 * inv((-0.3123925778013825 + (0.6998262444385852 * (-1.0 + (2.0 * x_0)))))) - ((6.231991075975898 * inv(((0.025691701726487118 * ((9.885122785652904 + (4.8936860109981435 * (-1.4638501094227998 + (0.5855400437691199 * x_3)))))**2) - (1.8874728223521204 * (-1.0 + (2.0 * x_0)))))) - ((1.0542092426771745 * ((((5.3295780164860105 * (-1.0 + (2.0 * x_1))) - (-0.13160011410455874 * ((1.0736564174600076 + (1.4868436759967034 * (-1.0 + (2.0 * x_2)))))**2)) + (4.5126572112133 * inv((89.56042594282343 + (67.04294194305379 * (-1.4638501094227998 + (0.5855400437691199 * x_3))))))) * (77.61345335863422 * (-1.0 + (2.0 * x_1))))) - (99.31999880374065 * inv(((1.638625406436569 * (-1.0 + (2.0 * x_2))) - (-0.7056364049956603 * (-1.0 + (2.0 * x_1))))))))))
519_vinnie,ok,2,256,4,BFGS,0.7529008196419058,1.5046008941804854,117,347.40,,0.01,(6.118068986086676 + ((((-1.6662154650710255 * inv((-3.098364148827198 + (11.067117258492459 * (-128.04990782468957 + (1.4940774496784266 * x_0)))))) - ((-5.708836277915431 * (0.5383098733417424 * (-3.050344651934337 + (0.22536717044213794 * x_1)))) - (0.8840426790330596 * cos((31.037217173695893 + (0.9060309332161003 * (-128.04990782468957 + (1.4940774496784266 * x_0)))))))) - (cos((55.49102909382199 + (0.7604423163732212 * (-128.04990782468957 + (1.4940774496784266 * x_0))))) * ((0.5450681194074414 * inv((3.9016551173946716 + (69.0803165187807 * (-128.04990782468957 + (1.4940774496784266 * x_0)))))) + (0.778575198540131 * cos(((50.621685440227026 * cos(((0.1968474314127009 * ((0.5094813029301499 + (5.838230185605482 * (-128.04990782468957 + (1.4940774496784266 * x_0)))))**2) - (17.416858018269124 * inv((13.758291239046784 + (0.9518964499826912 * (-128.04990782468957 + (1.4940774496784266 * x_0))))))))) - ((1.8655908716218494 * (-3.050344651934337 + (0.22536717044213794 * x_1))) + (6.794025111163819 * (-3.050344651934337 + (0.22536717044213794 * x_1)))))))))) - (0.43845195374471024 * (-3.050344651934337 + (0.22536717044213794 * x_1)))))
522_pm10,ok,7,256,4,BFGS,0.25094433832844143,0.7541668395511726,67,320.38,,0.01,(3.4580326667551136 + ((-0.06001450194798709 * (-1.7456009505041916 + (0.5312236624740025 * x_2))) - (((-0.2724303729089541 * (-7.079162907839687 + (0.987710095069961 * x_0))) - (-0.01563366453462737 * (cos((0.07201214143925846 + (2.3043690692688914 * (-7.079162907839687 + (0.987710095069961 * x_0))))) * (((2.5678520794775297 * (-0.19671235889801858 + (0.1523720850826871 * x_1))) - (9.910504982205588 * (-7.079162907839687 + (0.987710095069961 * x_0)))) + (9.893959537413428 * (-1.5591481867057306 + (0.005027969450348218 * x_6))))))) - (-0.45872455489360353 * cos((0.1181395353158026 + (-2.47967216878663 * (-0.12981253370068688 + (0.9947320404949649 * x_3)))))))))
523_analcatdata_neavote,ok,2,32,1,BFGS,0.9548548288436896,0.8388388973519987,83,19.21,,0.01,(3.829581835602392 + ((-0.9068290557514928 * inv((0.354705606112793 + (0.4679492884859856 * (-1.1000004629242885 + (1.0091747366277877 * x_0)))))) - ((0.3376942323629317 * (-1.1000004629242885 + (1.0091747366277877 * x_0))) + (-0.023847412244941333 * (inv((((7.98411224137425 * inv((5.180198064339722 + (-87.47045703624866 * (-32.42453434284643 + (3.268602252303068 * x_1)))))) - (0.3263475608255463 * inv((5.174246930224556 + (7.365772710725337 * (-1.1000004629242885 + (1.0091747366277877 * x_0))))))) + ((0.33164364341115 * inv((0.6656900191525631 + (1.4269057283271196 * (-1.1000004629242885 + (1.0091747366277877 * x_0)))))) + (2.4446626226525483 * inv((8.300081523257049 + (0.19074842623560917 * (-1.1000004629242885 + (1.0091747366277877 * x_0))))))))) * (-32.42453434284643 + (3.268602252303068 * x_1)))))))
529_pollen,ok,4,128,3,BFGS,0.8063349474829085,1.4876339142994184,94,412.06,,0.01,(-0.10595549108832797 + ((((205.61817064925185 * inv((-96.61875744686301 + (-2.238369352956317 * (-0.030628056605373096 + (0.1278483556294714 * x_2)))))) - ((50.905315126927746 * (0.008717172475124766 + (0.20153683119485272 * x_1))) - (-6.178832546783507 * (-0.14240534481180597 + (0.1466357845322108 * x_0))))) - ((271.44504117505926 * inv((2756.759609729581 + (3.6375797428668655 * (0.13411228300539055 + (0.09366364070564696 * x_3)))))) - (296.33045038199157 * inv(((1.664187262665413 * inv(((-0.02517828639560607 * (0.13411228300539055 + (0.09366364070564696 * x_3))) - (-25.63137908038175 * inv((2130.734739616002 + (-0.12306571149170359 * (-0.030628056605373096 + (0.1278483556294714 * x_2))))))))) - (0.49247174530684346 * (0.13411228300539055 + (0.09366364070564696 * x_3)))))))) - ((0.3342115125198666 * (-0.030628056605373096 + (0.1278483556294714 * x_2))) - (51.95866128913178 * (0.008717172475124766 + (0.20153683119485272 * x_1))))))
537_houses,ok,8,64,2,BFGS,0.6936953845824456,55394.31051477091,118,386.77,,0.01,(3.9002107622629385 + (((((-179.66120619871333 * (-1.2904738757872565 + (0.0029224672776394607 * x_3))) - (0.6675278192917959 * (-1.516023044552607 + (0.4819862123055841 * x_0)))) - (15.125027092466645 * (((-37.434321668690686 + (1.6713959631519195 * (4732.105772728812 + (38.70787762899494 * x_7)))))**2 * ((-10.682398841439003 * (-1931.3382469098758 + (51.06894768888684 * x_6))) - ((((-8.1678275154732 * (-1931.3382469098758 + (51.06894768888684 * x_6))) - (1.7020492440878794 * (-1931.3382469098758 + (51.06894768888684 * x_6)))) - (-1.407192437314884 * (4732.105772728812 + (38.70787762899494 * x_7)))) - (0.05946489327797988 * (-1.5066316366506536 + (0.0007951087204436459 * x_2)))))))) - ((11.553983446117584 * (-1.516023044552607 + (0.4819862123055841 * x_0))) + (584.694939933071 * (-1.616400063304611 + (0.0017131956155851734 * x_4))))) - ((-409.18747354812945 * (((2.8026782643395567 * (-1.516023044552607 + (0.4819862123055841 * x_0))) - (-0.09798803359015823 * ((-14.92114330155919 + (-0.2526005708358303 * (-1.2807665932048524 + (0.0031092227789157063 * x_5)))))**2)))**2) + (0.2621499768273472 * (-1.616400063304611 + (0.0017131956155851734 * x_4))))))
547_no2,ok,7,128,3,BFGS,0.5381503051711264,0.5014318430611504,129,447.16,,0.01,(0.3932406594852293 + (((((0.027754027174967045 * inv((((39.87972208239222 * (-1.8397826257177994 + (0.14854926327959622 * x_5))) - (2.0943261632747325 * (-0.1634556815138494 + (0.9729504782544822 * x_3)))) - (0.44947628663088185 * (-1.5089883784697682 + (0.0049762181060208684 * x_6)))))) - ((-0.10534020330879103 * (-1.5089883784697682 + (0.0049762181060208684 * x_6))) - ((0.5970881378234976 * inv((0.17704677616136344 + (0.9887462421965703 * ((-0.1634556815138494 + (0.9729504782544822 * x_3)) * inv((94.5908742137861 + (0.38367162932975274 * (-1.8397826257177994 + (0.14854926327959622 * x_5)))))))))) - (16.095345518866495 * inv((97.98240464085666 + (0.4268499572448642 * (-1.664176255098275 + (0.011106799904836887 * x_4))))))))) - (-0.3280819484455745 * (-0.1634556815138494 + (0.9729504782544822 * x_3)))) - (0.31893077223602595 * (-1.593513108814246 + (0.5093537168700765 * x_2)))) - ((0.028705835390286663 * (-0.16485779278081106 + (0.16091536708568774 * x_1))) - ((0.4568765551584747 * (-6.654222247738914 + (0.9476037076783185 * x_0))) - (0.35506798803869244 * cos(((4.9249321725640485 * (-1.664176255098275 + (0.011106799904836887 * x_4))) - (6.827164333137567 * inv((0.6558085460388263 + (43.31214989555079 * (-0.16485779278081106 + (0.16091536708568774 * x_1)))))))))))))
556_analcatdata_apnea2,ok,3,128,3,BFGS,0.164884426067183,2800.5182431399912,80,369.59,,0.01,(4.231371137082828 + (((16.99325598087563 * (exp((0.7572157846675207 + (0.386205352221467 * (-1.414213562373095 + (0.7071067811865475 * x_1))))) * ((0.13508468873452795 * exp((6.036826906561577 + (0.36128792707276425 * (-1.414213562373095 + (0.7071067811865475 * x_0)))))) + (0.6658668965964811 * exp((-16.032167238729727 + (0.23902965381726327 * (-1.9639610121239315 + (0.4364357804719848 * x_2))))))))) - (4.220017436588563 * exp((-3.5781181790106205 + (7.191497575375809 * (-1.414213562373095 + (0.7071067811865475 * x_1))))))) - (78.11405770733961 * exp(((6.896851921233585 * exp((0.4354499615350089 + (6.680211716778064 * (-1.414213562373095 + (0.7071067811865475 * x_0)))))) - exp((11.16674488024826 + (0.45749036316170333 * (-1.414213562373095 + (0.7071067811865475 * x_0))))))))))
557_analcatdata_apnea1,ok,3,256,4,BFGS,0.15310027253011282,2845.3902391118745,93,435.85,,0.01,(6.464938931237237 + (exp((0.40454097472245654 + (1.1359361798849519 * (-1.414213562373095 + (0.7071067811865475 * x_1))))) * ((13.318399951618801 * exp((2.3495228138566793 + (2.3510758342074602 * (-1.414213562373095 + (0.7071067811865475 * x_1)))))) + ((3.141848479003123 * exp((3.9401153254068326 + (0.35750154799813344 * (-1.414213562373095 + (0.7071067811865475 * x_0)))))) + ((1.6728077078534505 * exp(((1.987079504842029 * (-1.414213562373095 + (0.7071067811865475 * x_0))) - (0.9797522819629207 * (-1.414213562373095 + (0.7071067811865475 * x_0)))))) - (((0.3815957655760335 * (0.30752112434258194 * exp((-0.24285766889328034 + (7.5675404374447 * (-1.414213562373095 + (0.7071067811865475 * x_1))))))) - (0.23384559353035894 * (-1.414213562373095 + (0.7071067811865475 * x_0)))) - (41.041569064532034 * exp((0.024212782658923397 + (0.0804497105587382 * (-1.414213562373095 + (0.7071067811865475 * x_0))))))))))))
561_cpu,ok,7,32,1,BFGS,0.9492942157161481,35.3864310648807,109,18.83,,0.01,(-14.669139605006471 + (((-2.919376728946169 * ((7.168605274734929 + (-1.3741252471473357 * (-0.7692023071461158 + (0.003791788953692772 * x_1)))))**2) - ((43.308313989197586 * (-0.7692023071461158 + (0.003791788953692772 * x_1))) - ((((35.38840350722174 * (-0.7169976175893781 + (0.03797656872825096 * x_6))) - ((0.06922432071358009 * (-2.133033539448027 + (0.13828418408090937 * x_0))) - (0.5005041483091468 * (-0.7539783429454673 + (0.00025457276565311854 * x_2))))) - ((2.398809231299901 * ((10.054413626473682 + (-5.6472273735939105 * (-1.0157486231470525 + (8.41758769093056e-05 * x_3)))))**2) - (1.0504996499520072 * ((-10.52599166496569 + (9.793613687996114 * (-1.0157486231470525 + (8.41758769093056e-05 * x_3)))))**2))) + ((3.8032687749629392 * (-1.0157486231470525 + (8.41758769093056e-05 * x_3))) - ((-0.00019960144705537947 * ((1369.8548368347374 + (0.27552966779289423 * (-0.7169976175893781 + (0.03797656872825096 * x_6)))))**2) - (-18.455985130387397 * (-0.7169976175893781 + (0.03797656872825096 * x_6)))))))) - (-32.68013436606783 * (-0.7539783429454673 + (0.00025457276565311854 * x_2)))))
564_fried,ok,10,32,1,BFGS,0.7792027631286831,2.3149526044912077,151,334.19,,0.01,(16.242608826978056 + (((-0.10201969466717387 * (-1.720003460115014 + (3.637178355927193 * x_5))) - (0.34503966091484584 * (-1.9240942347694134 + (3.69350448997641 * x_9)))) - ((-4.108599360985931 * (-1.7072590503875993 + (3.406682733645306 * x_3))) - ((1.1364980477801683 * (-1.7072590503875993 + (3.406682733645306 * x_3))) - ((-2.025273769155313 * (-1.773506662490512 + (3.508247186303262 * x_0))) - (((((1.924938046925826 * inv((7.531834627992922 + (11.487842720622702 * ((-1.8698296358353992 + (3.6196322750179175 * x_6)) * (-1.8698296358353992 + (3.6196322750179175 * x_6))))))) - ((-0.13807487874416585 * (-1.607933134680659 + (3.167467366535192 * x_8))) - ((2.3471771374105312 * (-1.7072590503875993 + (3.406682733645306 * x_3))) - ((4.778779073887346 * (-1.7072590503875993 + (3.406682733645306 * x_3))) - ((-0.4498534362898239 * (-1.962363239855984 + (3.5856659102912434 * x_1))) + (2.335646731505026 * (-1.962363239855984 + (3.5856659102912434 * x_1)))))))) - (6.391747558368184 * inv((4.008091117210045 + (1.102578131255588 * (-1.9240942347694134 + (3.69350448997641 * x_9))))))) - (-0.07770719281810093 * ((-1.962363239855984 + (3.5856659102912434 * x_1)) * (-1.720003460115014 + (3.637178355927193 * x_5))))) - ((-0.015477777685695943 * (-1.796837581375697 + (3.5565800417739046 * x_7))) - ((-0.21731240414595177 * (-1.6828104573254623 + (3.7222908179660887 * x_2))) - (-1.3215855517304114 * (-1.7104407863161182 + (3.5565645061896443 * x_4)))))))))))
579_fri_c0_250_5,ok,5,128,3,BFGS,0.7528978902746751,0.48988227687020686,93,417.85,,0.01,(0.9694888738861533 + (((-2.8421314660504056 * inv((3.531655113356516 + (1.2259031626119175 * (-0.02274143198027288 + (1.0121437364720292 * x_1)))))) - (((-0.6399496458094549 * (-0.06946253611908115 + (1.0023314177985747 * x_3))) - ((0.35750428793569333 * (0.005461379359663086 + (0.9984585108671526 * x_4))) - ((-0.38200942512864877 * (-0.013457740978846304 + (0.9847731451468804 * x_0))) - inv((116.8028369470959 + (-1.355956448709728 * (0.002356872848593581 + (1.0237945973760811 * x_2)))))))) - (0.03228176673842115 * inv((2.706846027769206 + (1.4443615397848406 * (-0.06946253611908115 + (1.0023314177985747 * x_3)))))))) - (1.5305295292292254 * inv((30.908758121374262 + (-1.6063524916638467 * (1.930413553949215 * (((-0.1438427154539818 * (-0.02274143198027288 + (1.0121437364720292 * x_1))) - (-0.2995062557060939 * (0.002356872848593581 + (1.0237945973760811 * x_2)))) * (0.005461379359663086 + (0.9984585108671526 * x_4))))))))))
591_fri_c1_100_10,ok,10,32,1,BFGS,0.36946872304871403,0.7900797165792204,119,395.38,,0.01,(-0.7687777674087415 + ((((-0.029601883335768242 * (5.279121260744071e-09 + (1.0050378172397734 * x_8))) - inv((59.1611095910184 + (0.22585515986856042 * ((5.279121260744071e-09 + (1.0050378172397734 * x_8)) * inv((-1.2610937669808386 + (25.17989310466031 * (-9.126140610221942e-10 + (1.0050378224669032 * x_6)))))))))) - ((0.552932406817956 * (-3.2198895784854976e-09 + (1.00503782205916 * x_1))) + (0.09378688584717981 * (-6.364898005776579e-10 + (1.0050378226906627 * x_9))))) + ((((((-0.6831767706882874 * (2.134112838164798e-09 + (1.0050378109985483 * x_3))) + (-0.08242317334460653 * (-2.3025954316862416e-09 + (1.0050378109487454 * x_7)))) + (((2.8109557731344097 * inv((3.7121350357126044 + (-0.9200414411244764 * (2.8080432239977528e-09 + (1.0050378175357129 * x_0)))))) - (0.39320645505408236 * (-6.294696838797298e-10 + (1.0050378125173551 * x_2)))) - (-0.032677363426039 * (2.8080432239977528e-09 + (1.0050378175357129 * x_0))))) + (-0.6440249741765265 * inv((1.0959547005837535 + (34.22051495243764 * (-9.126140610221942e-10 + (1.0050378224669032 * x_6))))))) + (2.134112838164798e-09 + (1.0050378109985483 * x_3))) + (0.26380127220292593 * (1.020255702066691e-09 + (1.005037815122467 * x_4))))))
593_fri_c1_1000_10,ok,10,256,4,BFGS,0.4014747652527627,0.7671387040295177,75,370.52,,0.01,(-0.015956265467099176 + ((0.4883846740612814 * (-0.10952305202408649 + (0.9907329152448134 * x_3))) + (((0.01700091203910368 * (0.01280861499107831 + (0.9931663952687514 * x_6))) - (((0.028042912968125527 * (-0.16354271824973488 + (0.9842858800610822 * x_2))) - ((-0.33013953706792076 * (0.03184790765809063 + (1.0100220814643854 * x_1))) + (0.045994555645076776 * (0.050220707802833754 + (1.0091533137436086 * x_8))))) - (-5.015067702073724 * inv((40.53302332109941 + (407.5229457599422 * (-0.031232891696203968 + (1.0079763143256126 * x_0)))))))) + ((3.718947625826968 * inv((46.497629124693276 + (-1.2592223576299837 * (0.01810045940385405 + (1.0151432151143167 * x_5)))))) + (0.1608446700229853 * (-0.1223375680664318 + (1.011933155780458 * x_4)))))))
594_fri_c2_100_5,ok,5,64,2,BFGS,0.3633702220712858,0.7938913462471466,104,441.43,,0.01,(-0.031017705397225554 + ((0.054119295906926795 * (1.4789027717446586e-09 + (1.005037819531248 * x_1))) + ((0.2091887104195686 * (-5.056086547415916e-09 + (1.0050378116639687 * x_3))) - (0.009523429355075552 * ((((0.16114822575643345 * (-2.5740396230235096e-09 + (1.0050378181358313 * x_0))) + ((0.37911150494340506 * inv((7.2915702970153565e-09 + (1.4987857298476701e-07 * (inv((-0.389425642109302 + (7.89637363607468 * (1.4789027717446586e-09 + (1.005037819531248 * x_1))))) * inv(((4.485273587944946 * ((1.025221118044171 + (0.5772119410882595 * (1.4789027717446586e-09 + (1.005037819531248 * x_1)))))**2) - (-0.07633053258515374 * (-5.056086547415916e-09 + (1.0050378116639687 * x_3)))))))))) - ((1.0795455710407365 * (2.8870194710416236e-09 + (1.0050378286556427 * x_2))) + (0.69437309719077 * (2.8870194710416236e-09 + (1.0050378286556427 * x_2)))))) + (2.7453547689233817 * (2.8870194710416236e-09 + (1.0050378286556427 * x_2)))) * (7.76070019850588e-06 * inv((4.30685517525375 + (0.5940396071248024 * (2.3236557527311636e-09 + (1.0050378111926093 * x_4)))))))))))
595_fri_c0_1000_10,ok,10,256,4,BFGS,0.7198157024406608,0.5588798714763091,128,328.15,,0.01,(0.018800513613177923 + ((13.087663787115567 * (-0.06702131565911112 + (0.9599333061403312 * x_1))) - (((-0.5629268803292351 * (-0.1211406374101396 + (1.023594826503582 * x_3))) - (((((-0.05058605386057963 * (0.0710289511872284 + (0.9995744991233574 * x_7))) - (-0.10585918974540448 * (0.08331357934160229 + (1.0244910011465165 * x_0)))) - (((-0.33294356538030967 * (0.08331357934160229 + (1.0244910011465165 * x_0))) - (0.07701244523199383 * (-0.04354630810283682 + (1.0225112857000962 * x_6)))) - ((0.12019614904308301 * (0.02614878476186862 + (1.0238590584883367 * x_2))) - (12.649913756836035 * (-0.06702131565911112 + (0.9599333061403312 * x_1)))))) - (-0.004580644035627041 * (((1.0769241743007734 * (0.02614878476186862 + (1.0238590584883367 * x_2))) - (0.5206054408914995 * ((-2.0788695966120443 * (-0.04354630810283682 + (1.0225112857000962 * x_6))) * (0.13927516717067412 * inv(((18.420942154859155 * (-0.018095961115013614 + (1.0387664339348464 * x_5))) - (0.28946888432521445 * (0.08331357934160229 + (1.0244910011465165 * x_0))))))))) * (1.0215560935982122 * (0.023677204900816835 + (1.0365983191687715 * x_4)))))) - (0.042316841544927764 * (-0.04354630810283682 + (1.0225112857000962 * x_6))))) - (0.29100398050948106 * (0.023677204900816835 + (1.0365983191687715 * x_4))))))
596_fri_c2_250_5,ok,5,128,3,BFGS,0.3243996176275785,0.8317867125039898,125,449.34,,0.01,(1.5376601717450766 + (((-0.061259149492795234 * inv((0.7276064057654597 + (83.19406812251964 * (0.030239726957857333 + (1.0089704881333104 * x_3)))))) - (((((-0.03896954913105978 * (inv((0.6696569374978267 + (73.80177304730836 * (-0.00836934259429335 + (0.9826060373461664 * x_0))))) * ((-7.054339832982372 * (0.030239726957857333 + (1.0089704881333104 * x_3))) - (-16.19847563135403 * inv((10.527175934167655 + (-0.10026660276591479 * (0.030239726957857333 + (1.0089704881333104 * x_3))))))))) - (0.2561478532101976 * (0.030239726957857333 + (1.0089704881333104 * x_3)))) - (4.236088261614192 * (-0.03982219788825426 + (0.9780391196646281 * x_4)))) + (1.8118808724991409 * inv((1.214623526121799 + (0.135587814651505 * (-0.05566958792821793 + (1.0085802753375575 * x_1))))))) + (((-0.28059921947142874 * (-0.00836934259429335 + (0.9826060373461664 * x_0))) - (-3.928271106429566 * (-0.03982219788825426 + (0.9780391196646281 * x_4)))) + ((0.2578891158045453 * inv((1.0466858857042634 + (26.7545192094765 * (-0.03327251323989341 + (0.9795882248533074 * x_2)))))) - inv((1.4923507074289866 + (109.64821374368893 * (0.030239726957857333 + (1.0089704881333104 * x_3))))))))) + (-0.8036465388794083 * (-0.05566958792821793 + (1.0085802753375575 * x_1)))))
597_fri_c2_500_5,ok,5,256,4,BFGS,0.3692863887401301,0.7916266253922074,118,583.01,,0.01,(-0.03072466892514246 + (((1.644905682901629 * (inv((3.321417904569257 + (-0.9607661429334646 * (0.10122870033412179 + (1.0080699070194354 * x_2))))) * ((0.7746135353958699 * (0.051318081308249455 + (1.014644489729816 * x_3))) - (-28.928114751653666 * inv((171.2960556942944 + (-1.6218609851933667 * (0.051318081308249455 + (1.014644489729816 * x_3))))))))) - (0.3334379351865002 * (((-0.002414032778585222 + (0.9938074619432425 * x_4)) * ((0.42342717854440615 * ((0.05371846994181401 + (0.9861750482670715 * x_0)) * inv((12.581984193350593 + (0.5874296765655416 * (-0.002414032778585222 + (0.9938074619432425 * x_4))))))) - (0.5827205908774289 * (0.05371846994181401 + (0.9861750482670715 * x_0))))) * inv((4.230513765493981 + (1.0504950202723062 * (-0.002414032778585222 + (0.9938074619432425 * x_4)))))))) - (((-0.2934808551364785 * (-0.002414032778585222 + (0.9938074619432425 * x_4))) - ((-0.3743326198891652 * (0.10122870033412179 + (1.0080699070194354 * x_2))) - (0.3569613288428892 * (0.06629972590880558 + (1.0075976137302378 * x_1))))) - (-0.14333907108392557 * inv((1.1883472115368843 + (0.48988553767528975 * (0.05371846994181401 + (0.9861750482670715 * x_0)))))))))
599_fri_c2_1000_5,ok,5,128,3,BFGS,0.8156396705894651,0.43059868614376234,95,492.83,,0.01,(0.12510769715587144 + (((0.6095099276278189 * cos((34.428705329193804 + (1.6308123627703903 * ((-0.0602307402531005 + (1.0089516501853955 * x_2)) * sin((0.651691568566023 + (0.07115181927892028 * (-0.0602307402531005 + (1.0089516501853955 * x_2)))))))))) - cos((4.041429047458017 + (10.383441764592156 * ((0.009574705784042063 + (1.0477984342708666 * x_1)) * sin((0.19021727040313274 + (0.054032723307990804 * (-0.037314603346356716 + (1.0738698362097465 * x_0)))))))))) - (((-0.1282401822503244 * ((0.009574705784042063 + (1.0477984342708666 * x_1)) * sin((0.1269779695909794 + (3.523595277556698 * (-0.0758845730996851 + (1.0498897117688875 * x_3))))))) - ((0.19548205803498464 * (-0.037314603346356716 + (1.0738698362097465 * x_0))) - (-0.2865659378534049 * (0.009574705784042063 + (1.0477984342708666 * x_1))))) + (0.9107587415595466 * sin((-0.11040367082947372 + (1.5109153387232457 * (-0.037314603346356716 + (1.0738698362097465 * x_0)))))))))
601_fri_c1_250_5,ok,5,256,4,BFGS,0.7887168751010261,0.46028652169428297,133,469.24,,0.01,(0.0041461216181888985 + ((0.3636394637529101 * (0.02676101383347822 + (1.0066664369813325 * x_3))) - (((-0.15481988901774973 * (-0.005668177014427033 + (0.9847510525456011 * x_4))) - (((0.005649881173131258 * inv((1.742216038474286 + (1.7534179879414973 * (-0.010397483526896342 + (0.9882031183917349 * x_1)))))) - (0.01192354151531274 * ((-0.005668177014427033 + (0.9847510525456011 * x_4)) * (0.02676101383347822 + (1.0066664369813325 * x_3))))) - (sin(((-0.3153767698756115 * ((-0.9599852356116405 + (-0.26750661251773966 * (-0.01749150210176107 + (1.0090791592880441 * x_2)))))**2) - (((0.21678003834844095 * (-0.018291418326324048 + (0.9901403382934644 * x_0))) - (2.4306439016401473 * (-0.010397483526896342 + (0.9882031183917349 * x_1)))) - (0.6133372983276164 * (-0.01749150210176107 + (1.0090791592880441 * x_2)))))) + (-0.011421447077457333 * (((2.242676089843272 * (-0.005668177014427033 + (0.9847510525456011 * x_4))) - (2.9271760339747477 * inv((0.5898945163947764 + (-0.6979194495007908 * inv(((65.13597035082927 * (0.02676101383347822 + (1.0066664369813325 * x_3))) - (-0.16353548841906085 * (0.02676101383347822 + (1.0066664369813325 * x_3)))))))))) * (-0.018291418326324048 + (0.9901403382934644 * x_0))))))) - inv((226.98627045701676 + (-5.408633866956485 * (-0.01749150210176107 + (1.0090791592880441 * x_2))))))))
602_fri_c3_250_10,ok,10,128,3,BFGS,0.25361656962172097,0.856199526124889,76,506.47,,0.01,(0.012786951599335532 + (((0.14507779490860906 * ((-0.006149085570662245 + (1.0063481202601992 * x_1)) * ((1.239425726154498 * ((0.001312719251571377 + (1.0174709357351936 * x_4)) * (-0.017542067075762977 + (1.005717915331683 * x_2)))) - (-0.33188123748487774 * (-0.02871010083073984 + (1.0068245035869283 * x_5)))))) - (((0.39631359794413445 * (-0.006149085570662245 + (1.0063481202601992 * x_1))) - (-0.033027748249455785 * (0.008753852211365022 + (1.020618930622776 * x_9)))) - ((3.5180031584949587 * (0.03500154593767501 + (1.0064758978864055 * x_6))) - (0.8640752974164299 * inv((11.788981282039757 + (0.14357819526751275 * (0.03500154593767501 + (1.0064758978864055 * x_6))))))))) - (3.5877156915459376 * (0.03500154593767501 + (1.0064758978864055 * x_6)))))
604_fri_c4_500_10,ok,10,128,3,BFGS,0.35355235231114235,0.847160549882441,114,346.47,,0.01,(0.38415157102669306 + (((0.7637463236366302 * (-0.1348550604363206 + (1.0036996856535505 * x_3))) - ((-0.12191605592254876 * (0.10561760327369846 + (1.007417081890443 * x_7))) - (-0.008241554886508302 * (((0.6052429347998207 * inv((40.44826708227545 + (0.02123767952275079 * (-0.08584083487448184 + (0.9845918227850837 * x_2)))))) - (0.8708389246837331 * (-0.0022548934118654575 + (0.9992501517389518 * x_0)))) * ((0.41180256187289466 * ((-0.026510329997847516 + (1.0228802703832585 * x_1)) * ((-0.006326154297302256 * (0.05150804270771723 + (1.015585618193334 * x_8))) + ((4.143991027569442 * inv((7.431805944942024 + (0.3569743017895841 * (0.043020700170883344 + (1.0416572769407797 * x_9)))))) - ((2.2274409564836306 * (-0.1348550604363206 + (1.0036996856535505 * x_3))) - (79.68876112632452 * (-0.026510329997847516 + (1.0228802703832585 * x_1)))))))) - (0.031978906545527805 * (-0.1348550604363206 + (1.0036996856535505 * x_3)))))))) - ((0.5484217056974436 * (-0.08584083487448184 + (0.9845918227850837 * x_2))) + (6.021922420073754 * inv((15.142332631714225 + (0.6996529275245333 * (0.05960242929231957 + (1.0280165339330751 * x_5)))))))))
606_fri_c2_1000_10,ok,10,256,4,BFGS,0.349913944740475,0.8231548332667186,125,375.81,,0.01,(-0.051611640811648596 + ((((-0.14403468879316939 * (-0.01060423110845112 + (1.0251295848097435 * x_8))) - ((-0.1354595634470911 * (((-1.9208216286169457 * (-0.04496677019937933 + (1.0191986288929233 * x_7))) + ((inv((0.2405188663020678 + (0.1302470770137365 * (-0.02308872793518898 + (1.0310028958909718 * x_1))))) + (((6.771291082920967 * (-0.04765413568781236 + (0.9856253019329347 * x_6))) - (0.4356795563136291 * (-0.043264314038292014 + (1.0227224598746503 * x_0)))) - ((11.884096269166843 * (-0.03206380168427523 + (0.9877428384944221 * x_3))) + (6.788516189394603 * (-0.01060423110845112 + (1.0251295848097435 * x_8)))))) + ((4.5137640696324635 * (-0.04496677019937933 + (1.0191986288929233 * x_7))) + (3.964941069027167 * (0.10809595603871229 + (1.0624136403325424 * x_5)))))) * (-0.293834537182756 * inv((2.792469163857662 + (0.2469556501981266 * (-0.02308872793518898 + (1.0310028958909718 * x_1)))))))) - (0.0018457323732621932 * ((53.74398415758975 * (-0.05715499640265298 + (0.9507785937602312 * x_2))) * (1.9791829130825778 * (-0.03206380168427523 + (0.9877428384944221 * x_3))))))) - (-0.17817286342970923 * (-0.10240413058209644 + (0.9803959075788435 * x_9)))) - (0.6685683337627 * (-0.02308872793518898 + (1.0310028958909718 * x_1)))))
608_fri_c3_1000_10,ok,10,256,4,BFGS,0.4438717382868125,0.8075498313446472,90,397.72,,0.01,(0.030493614407769126 + ((((0.43754471253400073 * (0.03929049529360136 + (1.0101045661619172 * x_3))) - (0.17620212850423445 * inv((1.1087696118454038 + (-0.4205271472032026 * (0.025411185636871135 + (1.0085861129114744 * x_7))))))) - (1.4492275924861162 * inv((7.370524715566882 + (76.24737249980114 * (-0.11377932602934616 + (1.0194947829765149 * x_1))))))) + (((0.23415729711089805 * (0.025411185636871135 + (1.0085861129114744 * x_7))) - (0.09628736607796337 * ((((1.7629176412748975 * (0.025411185636871135 + (1.0085861129114744 * x_7))) - (5.917383689398186 * (-0.12080387897699611 + (1.046689364019702 * x_0)))) + (-0.2559968690708172 * inv((0.5358893404930187 + (6.062634585620078 * (0.09997004958074049 + (0.9725437086252088 * x_8))))))) * (0.6801051719075877 * (-0.09009695051222572 + (0.9667130737789161 * x_2)))))) + (-0.18706862900470672 * (0.025411185636871135 + (1.0085861129114744 * x_7))))))
609_fri_c0_1000_5,ok,5,64,2,BFGS,0.7125219086139354,0.5449470120750761,119,460.18,,0.01,(-0.05938719837360691 + ((((0.15426214361074736 * (0.15003226178161752 + (1.0307127080102405 * x_3))) - (-0.3962837013676218 * (-0.03328608761079923 + (0.9930031921598278 * x_0)))) - ((0.6935494113322922 * (0.18580190968182023 + (0.9780250034598157 * x_4))) - (0.36555165913451954 * (-0.056662208270947687 + (1.0093749014959992 * x_1))))) - (((((0.40913885983975373 * inv((8.759355234423102 + (-0.05266420191975445 * (0.15003226178161752 + (1.0307127080102405 * x_3)))))) - (0.18580190968182023 + (0.9780250034598157 * x_4))) - (-2.865192171409969e-08 * (inv((0.7264156496935035 + (-0.18199258254840328 * inv((-0.8602666819429258 + (37.067276436840956 * (inv((0.6643449816899136 + (0.7437409471759415 * (-0.03328608761079923 + (0.9930031921598278 * x_0))))) * (0.15003226178161752 + (1.0307127080102405 * x_3))))))))) * inv((0.6877950598747413 + (72.86424321880801 * (0.15003226178161752 + (1.0307127080102405 * x_3)))))))) - (5.369238970082811 * (inv((86.12903368336947 + (0.5996536030846662 * (-0.056662208270947687 + (1.0093749014959992 * x_1))))) * (-0.026199140277906246 + (1.011143035371021 * x_2))))) + (-0.41179227341835933 * (0.15003226178161752 + (1.0307127080102405 * x_3))))))
611_fri_c3_100_5,ok,5,256,4,BFGS,0.7474464217290286,0.5000280382998957,46,382.18,,0.01,(0.0023901256219046297 + (((-1.013999244451555 * sin((0.3873440511251629 + (2.157669995277959 * (-5.485044449520766e-09 + (1.0050378211517923 * x_1)))))) - (0.7520828093954601 * (7.488115246346441e-11 + (1.0050378153667796 * x_2)))) - (((-2.6153297698659688 * (2.2651548670983395e-09 + (1.0050378215807587 * x_3))) - (-2.1981914333984993 * (2.2651548670983395e-09 + (1.0050378215807587 * x_3)))) + (-0.9684179800199442 * (-1.4882628954172861e-09 + (1.0050378087527534 * x_4))))))
612_fri_c1_1000_5,ok,5,256,4,BFGS,0.5089716734606607,0.6810198240151956,123,506.87,,0.01,(-0.05409347499759329 + (((2.6358238652620196 * (-0.1259509009120862 + (1.0224742268874492 * x_4))) - (((1.3996563977841125 * sin((-0.016540008313095954 + (1.3951799157787788 * (0.05379249346486988 + (0.9813329069621656 * x_1)))))) - (-0.01749808965393379 * ((-0.0455437593761508 + (0.9567051152908453 * x_3)) * inv(((222.3773322598406 * exp((0.5388129497794987 + (2.6995133937713245 * ((-0.0455437593761508 + (0.9567051152908453 * x_3)) * (-0.1259509009120862 + (1.0224742268874492 * x_4))))))) - (-0.0455437593761508 + (0.9567051152908453 * x_3))))))) - (((0.01975798135703289 * inv((0.6001434355583526 + (5.3543380334569655 * (-0.0455437593761508 + (0.9567051152908453 * x_3)))))) - ((-0.8512702218513892 * (0.05379249346486988 + (0.9813329069621656 * x_1))) - (-0.16511441276799876 * (inv((0.8096392069295417 + (2.2839156384905257 * inv(((-0.4945777816857624 * (0.058764461739031826 + (0.9941862663105345 * x_0))) - (-0.5406892271046684 * (-0.1259509009120862 + (1.0224742268874492 * x_4)))))))) * (0.02499164981509785 + (0.963922001685239 * x_2)))))) + (0.5633446710344585 * (-0.0455437593761508 + (0.9567051152908453 * x_3)))))) + (-2.4784042664316708 * (-0.1259509009120862 + (1.0224742268874492 * x_4)))))
613_fri_c3_250_5,ok,5,256,4,BFGS,0.3823562835958715,0.7703425676768885,113,630.43,,0.01,(-1.5133735225929295 + ((-1.5546909322180946 * (inv((1.124580109434317 + (-0.5593527932094431 * (-0.028948889952718215 + (1.0093385016897576 * x_1))))) * ((4.857552043749447 * (((0.23432161978884702 * inv((78.87786039961199 + (0.19723915809726345 * (-6.818633758333807 + (-0.3538630235295258 * ((-0.011035865820133607 + (1.0097221415593123 * x_2)) * (((0.3163028443347353 * inv((2.2529519410381074 + (0.044866315893359376 * (-0.028948889952718215 + (1.0093385016897576 * x_1)))))) - (41.15133245638249 * inv(((-5.595385485587261 * inv((0.44951704005370385 + (0.6475005465806194 * (-0.00583196890049992 + (0.9920083120873421 * x_0)))))) - (-2.857466136345696 * (-0.0023800517403783196 + (1.0247486200671985 * x_4))))))) - (-0.0023800517403783196 + (1.0247486200671985 * x_4)))))))))) - (-0.00583196890049992 + (0.9920083120873421 * x_0))) * inv((36.74328495115972 + (0.23815665521317875 * (0.011376775246438027 + (0.9978400925361779 * x_3))))))) - (0.1861631870581486 * (0.011376775246438027 + (0.9978400925361779 * x_3)))))) + (-0.2929329715095066 * (-4.5767460035326195 + (1.277167635824465 * (-0.028948889952718215 + (1.0093385016897576 * x_1)))))))
615_fri_c4_250_10,ok,10,256,4,BFGS,0.39910931747870737,0.7663360993839998,120,325.43,,0.01,(-0.6944262913803998 + ((0.05281929773510116 * (-0.04174225894742663 + (1.009234310176972 * x_7))) + ((-3.3429596246405637 * inv((62.88864749715566 + (85.7332566672311 * ((-0.01918538936707431 + (0.9784295203960635 * x_9)) * inv((0.6924188265787472 + (27.3046104929157 * (-0.004420436494283208 + (0.9982358793105901 * x_6)))))))))) - (((((-0.0006242940230453491 * inv((0.2983894173672832 + (0.3247995325094917 * (-0.004420436494283208 + (0.9982358793105901 * x_6)))))) - (0.07706163575060906 * ((0.018442320333777653 + (1.0043892364385394 * x_0)) * (((0.29903852121345453 * (0.008561553372822423 + (1.001972468388772 * x_1))) - (0.2760800138564288 * inv((38.56981855950853 + (-0.026052629802510607 * (0.018442320333777653 + (1.0043892364385394 * x_0))))))) + (3.8131795576092458 * (0.016849843417703382 + (1.0050181313033926 * x_4))))))) - (3.2445285151117567 * inv((6.049930722911476 + (0.0005254410925586463 * (0.030981082827633125 + (1.0037440958902806 * x_2))))))) - (0.11305662340881106 * (-0.027894848970115443 + (0.9944293071811292 * x_5)))) - ((0.10083492093749158 * (0.05515174324685588 + (0.9881054953181548 * x_8))) + (0.3197172800278475 * (0.030508266623949246 + (1.0184149844080637 * x_3))))))))
617_fri_c3_500_5,ok,5,256,4,BFGS,0.656732600540996,0.5589163735469123,118,495.86,,0.01,(-0.06343552708949551 + ((((0.48326991167975775 * (0.03177150349695045 + (1.0457474271073812 * x_3))) - (0.14542195262604773 * sin((0.9498944491318774 + (32.892854585348736 * (0.06884697124093933 + (1.0266038989481894 * x_1))))))) - (0.032120485705415834 * (0.03177150349695045 + (1.0457474271073812 * x_3)))) - ((-0.14680534877848045 * sin((1.7071066986900725 + (30.701924837603556 * (0.03177150349695045 + (1.0457474271073812 * x_3)))))) - ((-0.3552307836849049 * (0.06583752182489036 + (1.0614816774443865 * x_2))) - ((-0.21466491932236023 * (0.06189277847607138 + (1.0463141535655052 * x_0))) - ((0.957632978829273 * sin((0.49792102294417645 + (-2.069708317914475 * (0.06884697124093933 + (1.0266038989481894 * x_1)))))) - (-0.40116537707982874 * (sin((0.25515719446827023 + (0.37719079235958664 * (0.06884697124093933 + (1.0266038989481894 * x_1))))) * (((0.40854912459378284 * (0.07378384716018162 + (1.066710481333945 * x_4))) - (0.5262086621797608 * (sin((0.7243333179172406 + (0.12831443755964306 * (0.07378384716018162 + (1.066710481333945 * x_4))))) * (0.06884697124093933 + (1.0266038989481894 * x_1))))) + (0.07378384716018162 + (1.066710481333945 * x_4)))))))))))
621_fri_c0_100_10,ok,10,64,2,BFGS,0.6417054416667552,0.5955767011852491,101,338.99,,0.01,(-0.06525308432282878 + (((27.40331097430841 * inv((471.1098916540591 + (-3.1941120598739303 * (5.607351256555068e-09 + (1.0050378092727088 * x_5)))))) - (-0.4682921077466615 * (1.4976230557380417e-10 + (1.0050378197078866 * x_1)))) + (((((0.019852012767560184 * (3.5755750494243194e-09 + (1.0050378207899893 * x_7))) + (-0.013209895049882625 * (-1.652504178821832e-09 + (1.005037812839098 * x_6)))) + (-1.3556382094397352e-05 * (((31.60459453054004 * (9.734549852333354e-10 + (1.0050378163751326 * x_8))) - ((15.036347033779926 * (8.330528184386568e-10 + (1.0050378147807428 * x_4))) - (0.32108778543898386 * inv((-9.390382851288194 + (-83.46694367690543 * (3.5755750494243194e-09 + (1.0050378207899893 * x_7)))))))) * (-192.0717436720264 * (-5.503764690973492e-09 + (1.0050378132222737 * x_9)))))) - (-1.663482476743825 * (3.369651839070239e-09 + (1.0050378086193497 * x_0)))) + ((0.5889437025508752 * (2.316635645158825e-09 + (1.005037811384345 * x_3))) + (-1.2258400323306136 * (3.369651839070239e-09 + (1.0050378086193497 * x_0)))))))
623_fri_c4_1000_10,ok,10,256,4,BFGS,0.22333008762710882,0.7578392145531588,129,321.30,,0.01,(0.09936856202523889 + (((0.15609912320935493 * (0.09947925414942209 + (1.0205751432371792 * x_3))) - (0.017937652286154473 * (-0.11576764803778941 + (1.0044960092981252 * x_8)))) + ((0.14278809094854045 + (1.0265951539192182 * x_1)) * ((-0.07407447267766037 * ((((-0.003919674245490732 * (0.02709331977686438 + (0.9998511943214848 * x_5))) - ((-0.06557522368916471 * (0.14053229737994233 + (1.0823781329800635 * x_2))) - (0.3810871354708497 * (0.12525825913657282 + (0.980269270206672 * x_6))))) + (3.9840268503813805 * inv((5.219101712597762 + (1.177870070173754 * (-0.05362121669788681 + (1.0618312288592786 * x_7))))))) * ((-0.03306208598199544 * (0.09947925414942209 + (1.0205751432371792 * x_3))) + (((inv((8.516605045707632 + (0.5644261447373811 * (0.12525825913657282 + (0.980269270206672 * x_6))))) + ((2.5737438764758878 * (0.13941561426198104 + (1.0104749796278643 * x_0))) + (-0.6384640395171188 * (-0.05362121669788681 + (1.0618312288592786 * x_7))))) + ((1.4960812068801075 * (0.1293185428126426 + (1.1237869624512584 * x_4))) + (1.8452689649160416 * (0.14278809094854045 + (1.0265951539192182 * x_1))))) - (-0.6821574826296339 * (0.02709331977686438 + (0.9998511943214848 * x_5))))))) - (-0.3340180180267841 * (0.1293185428126426 + (1.1237869624512584 * x_4)))))))
624_fri_c0_100_5,ok,5,256,4,BFGS,0.7610405269381512,0.4863844944426173,124,311.66,,0.01,(-0.6408477179583225 + (((0.13380209234404272 * inv(((2.998510260832516 * inv((0.25654994952397536 + (0.29603437649098474 * (-1.8252280771675934e-09 + (1.0050378081626472 * x_2)))))) - (2.2025680715020783 * (-2.059231685602471e-10 + (1.0050378118806327 * x_1)))))) - (0.04654080822531992 * (4.24014525147764e-09 + (1.0050378137630331 * x_0)))) - ((((-0.41733535366629804 * (4.24014525147764e-09 + (1.0050378137630331 * x_0))) - (0.7535217121726712 * (1.6052646991142874e-09 + (1.005037818082082 * x_3)))) - (((-0.06278237995626795 * inv((0.8354552175509915 + (8.060130379117222 * (inv((9.333899771637434 + (0.3784345445546804 * (-1.9656302458928866e-09 + (1.0050378110182856 * x_4))))) * inv((0.48309773601066186 + (0.9330676212206557 * (-1.8252280771675934e-09 + (1.0050378081626472 * x_2)))))))))) - sin(((-0.3155752930286011 * ((1.5011396582850685 + (-0.6499054335576653 * (1.6052646991142874e-09 + (1.005037818082082 * x_3)))))**2) - (0.2000193573267144 * (-1.9656302458928866e-09 + (1.0050378110182856 * x_4)))))) - ((0.7272960781318307 * (-2.059231685602471e-10 + (1.0050378118806327 * x_1))) - (1.209527504630639 * (-2.059231685602471e-10 + (1.0050378118806327 * x_1)))))) - (-0.0783128198423596 * (-1.8252280771675934e-09 + (1.0050378081626472 * x_2))))))
627_fri_c2_500_10,ok,10,256,4,BFGS,0.2972847918352519,0.8467432330668266,131,377.09,,0.01,(-0.04889100901925213 + ((((-0.003888368038315937 * ((-0.026586736692291005 + (0.9760546559365092 * x_9)) * (((((9.789938904597257 * (-0.036573688340500496 + (0.9921415214297146 * x_6))) - ((1.7208092548676275 * (0.03697216135961967 + (1.0049960573880736 * x_4))) - (0.2762113472692399 * (-0.05602650016378306 + (0.9823369513031974 * x_7))))) - (-2.733925183867134 * (-0.026586736692291005 + (0.9760546559365092 * x_9)))) + ((74.47982447539414 * inv((7.596278872150368 + (0.09511725711854549 * (-0.013129577447021317 + (0.9990856847101941 * x_1)))))) - (-5.453238952238207 * (-0.036573688340500496 + (0.9921415214297146 * x_6))))) + (1.401468736596268 * (-0.03715904788242102 + (0.9873114643136044 * x_0)))))) - ((0.5016636632170242 * (-0.013129577447021317 + (0.9990856847101941 * x_1))) + (-0.12334727439021442 * (0.026683047888560293 + (0.9757203942515261 * x_2))))) - (-0.008543506121823054 * inv((0.4204481291958182 + (0.6745028420101948 * (-0.013129577447021317 + (0.9990856847101941 * x_1))))))) - ((-0.007840771053025376 * (0.03697216135961967 + (1.0049960573880736 * x_4))) + (((-0.07702571989042034 * (-0.05602650016378306 + (0.9823369513031974 * x_7))) - (0.19771811096776337 * (0.033341707614650384 + (0.9827162141673074 * x_3)))) + (0.025430929549619785 * (-0.03715904788242102 + (0.9873114643136044 * x_0)))))))
628_fri_c3_1000_5,ok,5,128,3,BFGS,0.28824209792354494,0.8284097765114885,117,433.86,,0.01,(-0.16729602096098478 + ((-0.1606465616136209 * (-0.011951282734320523 + (1.0307417971714052 * x_1))) - (((0.5193169492881458 * (0.04995802988010866 + (1.124767200659096 * x_4))) - (((-0.023564014398296588 * (((-0.13467240488795018 * (-0.006538880888095933 + (1.0173482172539636 * x_0))) - (5.005268640143944 * inv((10.792007176680666 + (0.10665652310010962 * (-0.011951282734320523 + (1.0307417971714052 * x_1))))))) * (((38.88452842770336 * (0.04995802988010866 + (1.124767200659096 * x_4))) - (-43.72438946696849 * (0.07995654940232406 + (1.0305655132338056 * x_3)))) + (4.126259858240248 * (0.04995802988010866 + (1.124767200659096 * x_4)))))) - inv((19.290546029596495 + (108.63186971097599 * (0.07995654940232406 + (1.0305655132338056 * x_3)))))) - ((-0.24826006381879318 * inv((3.475753405471579 + (0.44896678562668874 * (0.04665711240912954 + (1.1089028168055421 * x_2)))))) + ((0.02768963290292966 * (-0.006538880888095933 + (1.0173482172539636 * x_0))) - (0.057133648596560005 * inv((4.492463594969829 + (0.7679493397233484 * (0.07995654940232406 + (1.0305655132338056 * x_3)))))))))) - (-0.09263170569295545 * (0.04665711240912954 + (1.1089028168055421 * x_2))))))
631_fri_c1_500_5,ok,5,256,4,BFGS,0.7076928525752041,0.5589072370052879,41,355.79,,0.01,(0.5347321853019489 + (((-1.4471496431163902 * inv((3.139126647278188 + (-0.6268159785856415 * (0.011619934130194394 + (1.0130552558033206 * x_3)))))) - (-0.21370024927003098 * (-0.056521872297880936 + (0.9717229773807777 * x_4)))) - ((-0.5456709383420326 * (0.011619934130194394 + (1.0130552558033206 * x_3))) - sin((0.4368764348516964 + (-2.1661680911385313 * (0.051813494666047274 + (0.9930497282225305 * x_1))))))))
634_fri_c2_100_10,ok,10,256,4,BFGS,0.380287872020058,0.7832719826529516,101,376.16,,0.01,(-0.5888908096828991 + ((((7.98807410332855 * (8.096524631093754e-10 + (1.005037812430936 * x_3))) - ((((0.3429958723016394 * (-3.891699263916169e-09 + (1.005037812523656 * x_0))) + (0.128446812873865 * (-1.984350541638051e-09 + (1.0050378174665446 * x_9)))) - (0.5148365317908516 * ((2.620840332405153e-10 + (1.005037813903384 * x_7)) * ((0.1560504470036772 * (-1.984350541638051e-09 + (1.0050378174665446 * x_9))) + (4.838606403403764 * inv((14.80627125052875 + (0.8729751913048209 * ((8.096524631093754e-10 + (1.005037812430936 * x_3)) * (-3.5942953176591e-09 + (1.0050378169186154 * x_1))))))))))) + (-0.249293122925339 * (-2.040511411673613e-09 + (1.0050378188363487 * x_4))))) - ((7.922742766439281 * (8.096524631093754e-10 + (1.005037812430936 * x_3))) + (0.13617559556004044 * ((-3.891699263916169e-09 + (1.005037812523656 * x_0)) * (-6.053673205708496e-09 + (1.0050378214297475 * x_6)))))) + inv((1.7579959461838435 + (0.4491753291218457 * (-3.5942953176591e-09 + (1.0050378169186154 * x_1)))))))
635_fri_c0_250_10,ok,10,256,4,BFGS,0.6424596049446663,0.5891784064841635,154,277.46,,0.01,(0.007370156975985004 + (((0.5876612106299329 * (3.284185646600527e-05 + (1.0134618852695818 * x_3))) - (((0.004062134107907972 * (-0.029670791284983563 + (0.9968372944853446 * x_6))) - ((0.3745556920435482 * (0.0299533659358918 + (1.026432356260368 * x_1))) - (-3.467260658529841e-08 * ((inv(((0.49908978071495497 * (-0.0158002831059501 + (1.035825655276819 * x_0))) - ((0.06761693003707048 * (0.044703616871696904 + (1.002732006634402 * x_7))) - ((10.12064157004918 * (0.05626701566663447 + (0.984972246146817 * x_4))) - (32.91101420591447 * (0.044703616871696904 + (1.002732006634402 * x_7))))))) + (((3.3357689281987195 * (-0.030720025213037582 + (0.9964720662834899 * x_8))) - ((5.480386756608937 * (0.024595320138910946 + (1.0093932487757626 * x_5))) - ((0.13126494648655623 * (0.03710033285164021 + (0.9862754867919485 * x_2))) - (6.663575107011537 * (0.023946984823668138 + (1.0075174426626203 * x_9)))))) + (7.345656476085486 * (0.0299533659358918 + (1.026432356260368 * x_1))))) * (0.06894422284397461 * (0.044703616871696904 + (1.002732006634402 * x_7))))))) + (-0.5044617091648513 * ((-0.0158002831059501 + (1.035825655276819 * x_0)) * inv((1.394254269340311 + (0.08272599087065956 * (0.044703616871696904 + (1.002732006634402 * x_7))))))))) - (((0.29252812677598544 * (-0.029670791284983563 + (0.9968372944853446 * x_6))) + (3.0002070706871065 * (-0.029670791284983563 + (0.9968372944853446 * x_6)))) * inv((72.0291107357358 + (4.17487245904725 * (-0.030720025213037582 + (0.9964720662834899 * x_8))))))))
641_fri_c1_500_10,ok,10,256,4,BFGS,0.25521131463244595,0.8241393254375124,96,322.06,,0.01,(0.03192885624248536 + (((0.045353972755650215 * (0.09722717144425294 + (1.0248389370748021 * x_7))) - ((0.027000728787756903 * inv((0.27239160544225305 + (0.5457574543633386 * ((-0.00754624478365389 + (0.9836753950133191 * x_0)) * inv((0.7080066376180332 + (0.6225613902447609 * (0.00805487804850231 + (0.9968997576834833 * x_1)))))))))) - (((0.380235534101653 * (-0.041244311805811756 + (0.9881424498527619 * x_3))) - ((0.09296400436567342 * inv((4.800776591870951 + (47.750341478252565 * (-0.005068268617956794 + (1.0102445817775312 * x_6)))))) - (-0.037490591977814375 * inv((65.53632636862227 + (39.32786139143401 * (0.04604423538072993 + (0.9674549471240764 * x_9)))))))) + (0.07122164706713963 * (-0.010538602807564558 + (1.0101551525364498 * x_2)))))) - (-29.013486865215256 * (inv((174.81653943101026 + (1.0865280479783723 * (0.06278172057161527 + (0.9810267998778318 * x_8))))) * (0.49031246640271275 * (-0.0007699340761739147 + (1.0247051180741429 * x_4)))))))
646_fri_c3_500_10,ok,10,128,3,BFGS,0.34633068798583977,0.7950233063834015,85,476.94,,0.01,(-0.3664840352126577 + ((0.12517830407646424 * inv((8.240799337572476 + (0.2729200995774792 * (-0.07566403615497733 + (1.0061982190189063 * x_1)))))) + ((0.41546052332464334 * (-0.0010674995282084277 + (0.9888977016014616 * x_3))) - ((-0.028141973952202873 * (-0.08572351112350518 + (0.9977370817874324 * x_8))) + (((-0.15484253656299884 * ((-0.07566403615497733 + (1.0061982190189063 * x_1)) * ((2.524575452561007 * (-0.07585884095525353 + (0.9394858417435231 * x_4))) - (0.32990485100719735 * (0.018198606053000926 + (0.9830177296829794 * x_7)))))) - (0.0860465085286638 * inv((0.6570044534454587 + (0.059794459444056536 * ((0.3440055162024165 * (-0.08580614110746695 + (0.9764867799745204 * x_0))) * (0.7084717697789769 * (0.05867666558860839 + (0.9957561638142012 * x_6))))))))) + (0.1734727457526395 * (-0.05721558898573879 + (0.9725279454163238 * x_2))))))))
647_fri_c1_250_10,ok,10,64,2,BFGS,0.3188288392865637,0.8331125638584614,144,367.62,,0.01,(0.12656628316579766 + ((0.4647409168789569 * (0.012771660018394299 + (0.9916244828062031 * x_3))) + (((-0.055271564323458394 * (-0.004478456272028574 + (1.0195182309979691 * x_6))) - ((((-0.061849554235653276 * (-0.02713842520686745 + (0.9779645183370135 * x_8))) - ((-0.06929106625760884 * (-0.06563464502751039 + (0.9806987438418552 * x_1))) - (1.2305337101966956 * (((((42.14513639278539 * (0.0005549552017442876 + (1.0134782143162062 * x_7))) - (((6.739537473629785 * (0.012771660018394299 + (0.9916244828062031 * x_3))) - (1.2217515450593766 * (0.0005549552017442876 + (1.0134782143162062 * x_7)))) - ((5.818015174066549 * (-0.0661680238763467 + (0.9883772642250066 * x_0))) + (0.1018645086324454 * (-0.06563464502751039 + (0.9806987438418552 * x_1)))))) + (2.8616607465466206 * inv((61.65066372041761 + (24.178729038690463 * inv((12.157089160184668 + (0.25739101108351614 * (-0.06563464502751039 + (0.9806987438418552 * x_1)))))))))) * (0.0026619787194639703 + (0.9855581582449608 * x_9))) * (-9.696913366066716e-06 * (0.0005549552017442876 + (1.0134782143162062 * x_7))))))) - (0.025440315182881992 * (-0.01920572954524788 + (0.9843620950829046 * x_5)))) + ((0.22042139629819546 * (-0.0661680238763467 + (0.9883772642250066 * x_0))) + (-0.19308928368589395 * (-0.02629323549384153 + (0.9986094332148666 * x_2)))))) - (0.0071110262853531815 * inv((0.05473312832852782 + (0.026269797204000953 * (0.04259752720332055 + (1.0063005627788042 * x_4)))))))))
649_fri_c0_500_5,ok,5,64,2,BFGS,0.7813911325483245,0.4533770453200599,118,409.68,,0.01,(-12.538630053149088 + ((-0.5975458205445829 * (-0.021789259863661356 + (1.0063983944922867 * x_2))) - ((-0.46896101910928945 * (-0.06639078434904079 + (1.0571454595405074 * x_3))) - ((((inv(((0.18860871268064222 * inv((12.26214394547069 + (1.772390684876119 * (0.05231147534006627 + (1.0066634887399533 * x_1)))))) - (0.2137330275298237 * inv((-2.9817467606355184 + (-0.7328215858407168 * (0.007078065159054314 + (1.0130563010908327 * x_4)))))))) - ((-0.4128198161158554 * (-0.08932909934794814 + (1.0023846504648501 * x_0))) - (-0.36234236173630374 * (0.007078065159054314 + (1.0130563010908327 * x_4))))) - ((0.30847813895957843 * inv((87.8550437515147 + (-13.293794841641894 * (-0.06639078434904079 + (1.0571454595405074 * x_3)))))) - (-1.7040739233568885 * (0.007078065159054314 + (1.0130563010908327 * x_4))))) - (0.9291453062612143 * inv((8.088759455260913 + (0.7238066268691208 * (-0.08932909934794814 + (1.0023846504648501 * x_0))))))) - (0.9988218477123267 * inv(((0.35149560543550673 * (-0.021789259863661356 + (1.0063983944922867 * x_2))) - (20.396106556367428 * inv((22.91871859151194 + (0.27097553262959406 * (0.007078065159054314 + (1.0130563010908327 * x_4)))))))))))))
654_fri_c0_500_10,ok,10,64,2,BFGS,0.6867341321856039,0.5735868379966007,54,338.52,,0.01,(0.001510271192198855 + ((0.23467369399662358 * (0.04187135150738115 + (1.0510953173290194 * x_4))) - ((3.5398455914221687 * (-0.06393432606302606 + (0.9998031220651009 * x_1))) - (((0.4374065963821846 * inv((105.19186186095136 + (65.80976204295789 * (-0.028243686434320705 + (1.024267302083891 * x_6)))))) - ((-3.987511579498364 * (-0.06393432606302606 + (0.9998031220651009 * x_1))) - (0.5639906859862516 * (0.0007491783139851028 + (0.9893417119088128 * x_3))))) + (0.4097067209911893 * (-0.027601897422796586 + (1.0061636075716038 * x_0)))))))
656_fri_c1_100_5,ok,5,64,2,BFGS,0.6150056292666212,0.617368960711718,117,479.68,,0.01,(0.8784495769199636 + ((0.15097328015663664 * (((0.22734687008442495 * cos((1.9286566870285031 + (0.9976910866057067 * (-2.4523577450329915e-09 + (1.0050378152122343 * x_1)))))) - (-0.055089006255451205 * (2.6302004833736337e-09 + (1.0050378148437342 * x_0)))) * ((((77.28264196673214 * (2.6302004833736337e-09 + (1.0050378148437342 * x_0))) - ((0.2665376482156714 * inv((48.75719204619175 + (-15.699434209523798 * (-2.3774765717598145e-09 + (1.005037807353799 * x_4)))))) - (0.3656009390127212 * (-7.127749685219048e-09 + (1.0050378135022553 * x_2))))) - (-2.3774765717598145e-09 + (1.005037807353799 * x_4))) + ((((-1.411561788323273 * (2.6302004833736337e-09 + (1.0050378148437342 * x_0))) - (0.49798314344935146 * inv((2.5549701629555583 + (2.044201296284368 * (-2.3774765717598145e-09 + (1.005037807353799 * x_4))))))) - ((0.3051174568183944 * (-2.334185930610602e-09 + (1.005037817059757 * x_3))) - (0.573210400241019 * (-2.334185930610602e-09 + (1.005037817059757 * x_3))))) + (-30.967080714122346 * inv((0.1638042735887552 + (83.6326578312495 * (-7.127749685219048e-09 + (1.0050378135022553 * x_2)))))))))) - (-0.2692036085899613 * (-2.3774765717598145e-09 + (1.005037807353799 * x_4)))))
657_fri_c2_250_10,ok,10,256,4,BFGS,0.2928239191668659,0.8215996794551954,80,332.94,,0.01,(-0.3860148726098973 + ((1.3551942914252666 * inv((3.148871028436581 + (0.2806198270030883 * (0.022131640344706344 + (1.009302535480512 * x_1)))))) - (((-0.2854396644485795 * (0.018254636074701108 + (0.9942750378113397 * x_4))) - ((-0.2974397992577853 * (0.022131640344706344 + (1.009302535480512 * x_1))) - (((-0.013342505273245868 * (0.008202063620804667 + (0.9965091232089126 * x_8))) - (0.17796551119422832 * (0.004078747777071304 + (0.9820351885905952 * x_3)))) + (0.02971371420020561 * inv((9.597020116240373 + (-5.871072700136478 * (-0.027403051165010864 + (0.9906865960511145 * x_9))))))))) - ((-0.11271411454562558 * (-0.006003778824579484 + (1.0087748641396674 * x_5))) + (0.08339147036475175 * inv((1.1224871514357098 + (14.012590901873835 * (-0.027403051165010864 + (0.9906865960511145 * x_9))))))))))
659_sleuth_ex1714,ok,7,128,3,BFGS,0.8647453320703272,1002.0774239680003,119,397.43,,0.01,(0.4075510503182571 + ((((41.429410734517575 * (-0.9806249362272483 + (1.5947879644085274 * x_6))) - (-1.5864294781793549 + (0.23528616482898382 * x_5))) - ((1.4993155364114825 * (-1.3342416419238172 + (0.1086628959150872 * x_1))) - (0.0002610484781819197 * ((((-48.043370352551875 * ((1.7724064189703466 + (-6.41475700654145 * (-0.9806249362272483 + (1.5947879644085274 * x_6)))))**2) - ((-1.5882662719468508 + (-2.830286598954393 * (-2.1195565262766687 + (0.06927618688108722 * x_0)))))**2) * (227.23619303464307 * (-1.085177167929372 + (0.031018261473926296 * x_4)))) * ((((0.24482455288862648 * (-1.5864294781793549 + (0.23528616482898382 * x_5))) - (189.32391297240605 * inv(((123.54271638955478 * (-1.3342416419238172 + (0.1086628959150872 * x_1))) - (12.137920876046287 * (-1.085177167929372 + (0.031018261473926296 * x_4))))))) - (-2.7012166664995867 + (0.044775757746126514 * x_3))) - (-2.8331528437812032 * (-1.085177167929372 + (0.031018261473926296 * x_4)))))))) - ((1.0765103390746877 * (-1.5864294781793549 + (0.23528616482898382 * x_5))) - (145.79419596450788 * ((8.51132737251665 + (0.8008088500807657 * (-1.5864294781793549 + (0.23528616482898382 * x_5)))))**2))))
663_rabe_266,ok,2,32,1,BFGS,0.9824845610472038,6.907684044205777,85,42.31,,0.01,(591.1874647206996 + ((-26.829910613936335 * inv((16.034653252349656 + (1.79741878038468 * (-1.9148542155126762 + (0.06963106238227913 * x_1)))))) - ((((-1.7526919051293302 * (-1.9148542155126762 + (0.06963106238227913 * x_1))) - (62.951136367031125 * (0.14484136487558028 + (0.028968272975116057 * x_0)))) - (((56.10159505718764 * inv((43.590903137079664 + (26.263905230658935 * (-1.9148542155126762 + (0.06963106238227913 * x_1)))))) - (9.44298626332899 * inv((268.532970269044 + (-138.54998152200767 * (0.14484136487558028 + (0.028968272975116057 * x_0))))))) - (4.70756164473136 * (0.14484136487558028 + (0.028968272975116057 * x_0))))) + ((0.12176529297846639 * ((-72.49125069142303 + (-0.5202092623867813 * (0.14484136487558028 + (0.028968272975116057 * x_0)))))**2) - (-13.625049754438038 * (-1.9148542155126762 + (0.06963106238227913 * x_1)))))))
665_sleuth_case2002,ok,6,128,3,BFGS,0.4316876241349368,7.240962923712748,27,484.59,,0.01,(24.497822135741686 + ((0.009633995674516577 * inv((0.31855245233293833 + (0.46833682192896486 * (-7.778182412958265 + (0.1365408185699624 * x_4)))))) - (65.18207442555635 * inv((9.207196130535028 + (3.2857936992086403 * (-1.9995832060131968 + (0.0717974429125403 * x_5))))))))
666_rmftsa_ladata,ok,10,256,4,BFGS,0.7841001819822596,1.596919090915649,114,400.89,,0.01,(8.946533452885568 + ((0.05476063803588992 * (-3.2431091529575657 + (0.9419701858187693 * x_5))) + ((-0.537693981498262 * inv((210.35418243548384 + ((0.12677831422068875 * (-3.3483486236896987 + (0.06797828569246922 * x_9))) * (0.045398850231151706 * inv((69.52322097910667 + (-1.0651522009713261 * (-3.8354583612121833 + (0.07161043279702374 * x_7)))))))))) - ((((6.656264125454285 * inv((24.459977047516972 + (-0.016101022561395895 * (-2.8651998268107124 + (0.2441512028573268 * x_6)))))) - ((-0.18497030701151598 * (-3.8354583612121833 + (0.07161043279702374 * x_7))) - (-155.43135226424675 * inv(((130.43669070339308 * inv((-0.3656344719173108 + (2.202838541718041 * (-11.545971418891767 + (0.06591093670668177 * x_0)))))) - (25.93185320236948 * inv((6.889647568131053 + (3.2232370561014054 * (-1.860383418830298 + (0.22141754360553986 * x_8))))))))))) - (0.045185694397124804 * (-2.2523529244541303 + (0.24606332236205597 * x_4)))) - ((-0.019910204137178172 * inv((3.32438591351924 + (-0.618071674750825 * (-7.906331305186756 + (0.10670741666151873 * x_2)))))) + (-0.5161894406506051 * (-9.53752739277275 + (0.10189589818207269 * x_1))))))))
678_visualizing_environmental,ok,3,256,4,BFGS,0.47376449585183,2.5702743930443384,83,342.79,,0.01,(9.771983318918764 + (((-2.0869098621020905 * (-1.2708878931061365 + (0.03018800687669188 * x_0))) - (-1.8346140014033026 * inv((11.961250465266165 + (0.039024353536871725 * (((0.35809333579123215 * ((3.926297062072102 * inv((8.64734629112509 + (-7.948161333767349 * (-2.0365904670492747 + (0.011020403736287696 * x_1)))))) * (3.5162881215707795 * inv((0.3955575964515089 + (-0.4041847861332054 * inv((171.4270017016803 + (-20.289319743435726 * (-8.199984227605405 + (0.1054080196021077 * x_2))))))))))) - (0.2841807922800911 * inv((52.221962246175394 + (-4.993444664234055 * (-8.199984227605405 + (0.1054080196021077 * x_2))))))) + (0.15939012539703723 * (-8.199984227605405 + (0.1054080196021077 * x_2))))))))) - (1.933470003857022 * inv((1.8451177934367076 + (74.41511742546652 * (-2.0365904670492747 + (0.011020403736287696 * x_1))))))))
687_sleuth_ex1605,ok,5,256,4,BFGS,0.680293569934219,8.61806903430912,108,617.47,,0.01,(108.69292672944803 + ((-0.08678849810792097 * (((180.70646875459482 * (((-86.44165214264927 * inv((-0.18490864733249796 + (27.02870778825739 * (-8.944849837562757 + (0.07735816570356965 * x_2)))))) - (23.437142217726922 * (-8.944849837562757 + (0.07735816570356965 * x_2)))) * (0.05926323054376641 * (inv(((17.995829561812208 * exp((-0.9032717429210941 + (0.9254044944675053 * (-5.422613168093948 + (0.06312467450653864 * x_1)))))) - (1.306964203473159 * (-8.4556341730914 + (0.07385873749389502 * x_4))))) * ((-0.14935631101631539 * (-8.688995392983172 + (0.07749104061636315 * x_3))) - (-14.192741849163916 * (-8.688995392983172 + (0.07749104061636315 * x_3)))))))) - (72.23606938859004 * inv((7.631099424424563 + (86.89114043203114 * (-8.688995392983172 + (0.07749104061636315 * x_3))))))) * (-1.0331137467832932 * inv((19.549284003599666 + (-1.3727847917633424 * (-4.273294241464471 + (0.34678565833873976 * x_0)))))))) - ((0.6808270318543994 * (-4.273294241464471 + (0.34678565833873976 * x_0))) - (11.668598393268002 * (-8.4556341730914 + (0.07385873749389502 * x_4))))))
690_visualizing_galaxy,ok,4,256,4,BFGS,0.9266196387810841,26.514080684823075,92,380.04,,0.01,(-7.334942987827972 + (((24.83608533747949 * ((8.039077474429668 + (-0.22203742197964738 * (-0.014811247445722082 + (0.04714572537817882 * x_1)))))**2) - (-34.9184019144882 * (0.048534005474465805 + (0.08506574559780157 * x_0)))) - (0.30763122450539804 * ((-0.0027506552526816216 * ((((98.78794384788688 * (-2.3138420620132027 + (0.025977793443507386 * x_2))) - (0.7957503598645856 * ((1.0221879232479747 + (31.429335638585073 * (-0.014811247445722082 + (0.04714572537817882 * x_1)))))**2)) - (0.6191130092862356 * inv(((0.6219563518646218 * ((124.70065550753418 + (0.4313222594626518 * (-2.3138420620132027 + (0.025977793443507386 * x_2)))))**2) - (0.03102967123830573 * (0.00041221357154477725 + (0.041221155529185684 * x_3))))))) * (0.9358121986313037 * ((0.6048667509569658 + (4.50317618438665 * (0.048534005474465805 + (0.08506574559780157 * x_0)))))**2))) * (0.3983654644507677 * (0.00041221357154477725 + (0.041221155529185684 * x_3)))))))
706_sleuth_case1202,ok,6,64,2,BFGS,0.729051552742014,47.08516298955928,112,376.08,,0.01,(2.6868597859374077 + (((0.6412263510909035 * (-8.067036718120427 + (0.09804422566455824 * x_3))) - ((5.217708330764491 * (-5.8387321233516065 + (0.0005617999057339651 * x_1))) - ((0.526936615836858 * ((-0.42944489160359756 + (5.400147183798563 * (-3.4018077595745577 + (0.007170790852930344 * x_4)))))**2) - ((2.3128200382683257 * inv(((0.0798501492499703 * (((0.06714571749530901 + (0.0567778332421969 * (-8.067036718120427 + (0.09804422566455824 * x_3)))))**2 * (1.0605988669208148 * inv(((0.1370624688345607 * inv((26.025158754869636 + (19.798209057425943 * (-5.8387321233516065 + (0.0005617999057339651 * x_1)))))) - (4.827356472155909 * (-7.68010058678442 + (0.0014169083984426412 * x_0)))))))) - (2.028030101270301 * inv((71.95366859528389 + (-1.2803815077690932 * (-8.067036718120427 + (0.09804422566455824 * x_3))))))))) - ((74.18369370855615 * (-3.4018077595745577 + (0.007170790852930344 * x_4))) - (11.616298397901936 * (-1.3806701271484079 + (2.1049560954885562 * x_2)))))))) - (-0.6414283708289796 * inv((0.8315019109402471 + (0.7515789062224343 * (-2.1314423186227427 + (1.011347630775077 * x_5))))))))
712_chscase_geyser1,ok,2,256,4,BFGS,0.7920290788395634,5.756098864203148,126,371.49,,0.01,(71.39738563142478 + ((((((0.10467192425208752 * (-3.3935425619618167 + (0.94461866768293 * x_1))) - ((-1.28171749233961 * (-1.5024884050165992 + (0.13469192335424468 * x_0))) - (11.421564548060559 * (-3.3935425619618167 + (0.94461866768293 * x_1))))) - (2.8237104142101703 * sin((0.0979493780836907 + (1.71871163453731 * (-1.5024884050165992 + (0.13469192335424468 * x_0))))))) - (((1.8400267866372828 * sin((0.00909369269298797 + (-3.2606246228033307 * cos(((35.052739357675854 * (-1.5024884050165992 + (0.13469192335424468 * x_0))) - (1.255186699714025 * cos((39.10414144810345 + (0.6478489612049922 * (-3.3935425619618167 + (0.94461866768293 * x_1)))))))))))) - (0.5543453139280191 * cos(((1.0417934692952255 * (-3.3935425619618167 + (0.94461866768293 * x_1))) - (13.77745960983742 * (-1.5024884050165992 + (0.13469192335424468 * x_0))))))) + (0.37490052669438456 * (-3.3935425619618167 + (0.94461866768293 * x_1))))) - cos((28.488384981932626 + (2.110173385239614 * (-3.3935425619618167 + (0.94461866768293 * x_1)))))) - ((0.105407696022212 * (-3.3935425619618167 + (0.94461866768293 * x_1))) - (0.1268681488433679 * cos((26.669170543342794 + (-3.035222197357844 * (-1.5024884050165992 + (0.13469192335424468 * x_0)))))))))
feynman_III_10_19,ok,4,64,2,BFGS,0.9291037072756361,1.9157445015798753,78,78.76,,0.01,(75.57027953073049 + (((((1.0039419024543292 * (-2.7632761273837882 + (0.8839173948987078 * x_3))) - (9.363563321724207 * inv((0.6843840296815782 + (0.06988012475413469 * (-2.6890810491196837 + (0.8961237359346407 * x_2))))))) - ((0.5961820159514617 * ((-2.5928212263706856 + (0.8757205925655337 * x_1)) * (-2.6890810491196837 + (0.8961237359346407 * x_2)))) - (0.10445047743894958 * (-2.6890810491196837 + (0.8961237359346407 * x_2))))) - (35.288372484114475 * inv((0.7911815651566658 + (0.1025639724171376 * (-2.673971965623433 + (0.8898553227888648 * x_0))))))) - ((-1.9192601992925677 * (-2.5928212263706856 + (0.8757205925655337 * x_1))) - (1.005646467469802 * inv((9.537691606557075 + (0.8673033619988173 * (-2.7632761273837882 + (0.8839173948987078 * x_3)))))))))
feynman_III_12_43,ok,2,32,1,BFGS,0.9353204276311735,0.20831739045067924,17,156.41,,0.01,(1.4268004109063952 + ((0.5218532514159169 * (-2.6600860698602395 + (0.8787782072695123 * x_0))) - (-0.5789157987500816 * (-2.5465486207773664 + (0.8639978684630047 * x_1)))))
feynman_III_13_18,ok,4,128,3,BFGS,0.9469679424303937,127.31576092413837,126,178.50,,0.01,(246.86353613082474 + (((0.18020778851242236 * (((-4.070506067374838 * (-2.559111498086225 + (0.8438989755780321 * x_0))) - (0.15799327935172086 * ((-8.06595825489881 + (1.7410438806615822 * (-2.4699294639154807 + (0.8560964559950999 * x_3)))))**2)) * (((-19.13986767746478 * inv(((92.12851602579474 * (-2.538907955679724 + (0.8360455927136513 * x_1))) + (-1.1938272270170103 * (-2.559111498086225 + (0.8438989755780321 * x_0)))))) - (2.163912931061807 * (((-15.79997760466761 * ((0.7454091374606833 + (0.10332486720276934 * (-2.557360784962865 + (0.8860604608557809 * x_2)))))**2) - (4.716753626395029 * (-2.538907955679724 + (0.8360455927136513 * x_1)))))**2)) + (0.7971540944031377 * (-2.4699294639154807 + (0.8560964559950999 * x_3)))))) - ((-0.7013206432996881 * ((2.1295641580865423 + (10.627233440990175 * (-2.4699294639154807 + (0.8560964559950999 * x_3)))))**2) - ((2.734617631188021 * ((-2.538907955679724 + (0.8360455927136513 * x_1)) * (-2.4699294639154807 + (0.8560964559950999 * x_3)))) - ((-16.78144578595944 + (-2.1057867759095537 * (-2.4699294639154807 + (0.8560964559950999 * x_3)))))**2))) + (1.41338580812294 * ((0.20625529696139033 + (-0.1809885439607719 * (-2.557360784962865 + (0.8860604608557809 * x_2)))))**2)))
feynman_III_14_14,ok,5,128,3,BFGS,0.8535353932703001,2.7198118881883007,93,478.75,,0.01,(0.6572407798551705 + exp((0.6245382489104561 + (0.006323964448549763 * (((70.43710687765486 * (-5.111852970749168 + (3.3644339378306247 * x_2))) + (8.360886001188348 * inv((0.03302532660015031 + (-0.007886860887185945 * (-4.857485252493451 + (3.2877290201094715 * x_1))))))) * ((((0.45888195381309127 * (-2.668504578371374 + (0.895141141763398 * x_0))) - (0.24347651274357468 * inv((48.917565247021656 + (0.7152939922457131 * (-5.170473117636555 + (3.4111455044222505 * x_3))))))) - ((0.280359377397454 * (-2.668504578371374 + (0.895141141763398 * x_0))) - (0.46858303868189566 * inv((2.4088720776279695 + (0.502776344692835 * (-5.170473117636555 + (3.4111455044222505 * x_3)))))))) + (0.17707985106913715 * (inv((1.0048120998798877 + (0.31463980485639664 * (-5.1655723252122225 + (3.434279417769823 * x_4))))) * inv((0.44048557024403123 + (0.03010455629636248 * (-4.857485252493451 + (3.2877290201094715 * x_1)))))))))))))
feynman_III_15_12,ok,3,64,2,BFGS,0.252870058892254,4.230700461834319,101,475.24,,0.01,(1.249700332840641 + ((((0.0302783339453397 * inv((30.538838242091998 + (2.944852012800574 * (-2.433749339868416 + (0.8313595104823411 * x_2)))))) - (((1.6562405662715003 * ((-2.814350449217919 + (0.2311223180923151 * (-2.6957874627590446 + (0.884057098270909 * x_0)))))**2) - (((-0.29319212838828246 * (-2.7555269573611176 + (0.9149371100073108 * x_1))) - (0.20256589195597496 * (-2.433749339868416 + (0.8313595104823411 * x_2)))) + (86.51649993735202 * inv((4.806804900780968 + (-0.6329465635652105 * (-2.433749339868416 + (0.8313595104823411 * x_2)))))))) - (-2.8330410766170733 * (-2.433749339868416 + (0.8313595104823411 * x_2))))) - (0.025264916961205253 * ((0.5780439626934921 + (-0.21261551170078186 * (-2.6957874627590446 + (0.884057098270909 * x_0)))))**2)) + (0.09161582976105281 * (inv((0.0197108998950921 + (1.115570704885405 * (-2.7555269573611176 + (0.9149371100073108 * x_1))))) * exp((-0.29014063551498914 + (0.9131199329809219 * (-2.6957874627590446 + (0.884057098270909 * x_0)))))))))
feynman_III_15_14,ok,3,256,4,BFGS,0.9302329644988453,0.005607433856047198,111,452.50,,0.01,(0.00498458875955822 + (2.6518520017746523 * (((-1.5621534665523766 * (-2.600944791990059 + (0.8402356442102845 * x_2))) + (1.1964015787293638 * inv((29.260832260153535 + (-0.0561117105709531 * (inv((3.313405664250343 + (0.8359915996380378 * (-2.7086572108381093 + (0.888939095052541 * x_1))))) * (-2.34578704306449 + (0.8008218224036182 * x_0)))))))) * ((0.008160639075568656 * (inv((1.2471219925786645 + (0.6406685489339266 * (-2.600944791990059 + (0.8402356442102845 * x_2))))) * inv(((0.01838527234714897 * exp((-0.022717742401627564 + (-0.04646995236105836 * ((-2.34578704306449 + (0.8008218224036182 * x_0)) * (-2.600944791990059 + (0.8402356442102845 * x_2))))))) + (inv((1.196849832464622 + (-0.5285984594398592 * (-2.7086572108381093 + (0.888939095052541 * x_1))))) * ((0.9250427740501315 * inv((0.0924308841490386 + (0.06327843881130912 * (-2.34578704306449 + (0.8008218224036182 * x_0)))))) - inv((1.8615498564611803 + (-0.02355867996260473 * (-2.7086572108381093 + (0.888939095052541 * x_1))))))))))) - (-0.00011411939832058689 * (-2.7086572108381093 + (0.888939095052541 * x_1)))))))
feynman_III_15_27,ok,3,256,4,BFGS,0.9205927029467377,0.7646794480703821,96,367.87,,0.01,(0.14500667258342265 + ((0.9851767427263356 * (-2.4879626933927046 + (0.833693497064789 * x_0))) + ((0.7389940699631538 * (inv((3.8922394497676436 + (0.3268534197768294 * ((-2.533070086737555 + (0.8625339673768139 * x_2)) * inv((2.341005250718072 + (100.73718693392041 + (11.731781484907243 * (-2.4893777348254535 + (0.8762245096472185 * x_1)))))))))) * inv((2.144670169027171 + (-2.5574025456815552 * (inv((0.10060307956490142 + (0.0010128077645069969 * (-2.4893777348254535 + (0.8762245096472185 * x_1))))) * ((0.9054238860651198 * inv(((1.189149629488277 * (-2.4879626933927046 + (0.833693497064789 * x_0))) - (0.7609502602397048 * exp((5.2838853901293765 + (-0.1182655481840114 * (-2.533070086737555 + (0.8625339673768139 * x_2))))))))) - (-0.17609741336974835 * inv((2.0107701701180556 + (-0.006709822299391427 * (-2.4879626933927046 + (0.833693497064789 * x_0))))))))))))) - (0.35201673287082813 * (-2.4879626933927046 + (0.833693497064789 * x_0))))))
feynman_III_17_37,ok,3,256,4,BFGS,0.8365546415863545,2.1589650716175264,94,261.97,,0.01,(-5.620691465126754 + (((-2.517916675815947 * (-2.5686713329782953 + (0.862001671169859 * x_1))) - (0.49281937738449133 * (-2.491499110603535 + (0.8386271442685918 * x_0)))) + (0.0045406961746422 * (((0.3755671491946768 * ((25.958423902334417 + (2.0884724515237583 * (inv((53.46191853332314 + (-1.7855772317611347 * ((-2.5686713329782953 + (0.862001671169859 * x_1)) * (-2.5686713329782953 + (0.862001671169859 * x_1)))))) * (((-0.43665634804511977 + (-1.6052533912869738 * (-2.5686713329782953 + (0.862001671169859 * x_1)))))**2 * ((3.3882852382462882 * (-2.551596122504234 + (0.8474189011325017 * x_2))) + (-3.98882537704376 * (-2.551596122504234 + (0.8474189011325017 * x_2)))))))))**2) - (2.124572747608161 * ((3.378627069843523 + (-3.2846514219374274 * (-2.5686713329782953 + (0.862001671169859 * x_1)))))**2)) * ((-0.284895519675171 + (2.2363406356878475 * (-2.551596122504234 + (0.8474189011325017 * x_2)))))**2))))
feynman_III_19_51,ok,5,128,3,BFGS,0.6619319140440774,1.0607703208124255,62,574.49,,0.01,(-0.3473398655548241 + (-1.0604798424874455 * (inv((-72.91085261151551 + (0.24420552084128525 * (inv((0.25294089967435296 + (-3.3980441581360017 * ((-2.6622629714337247 + (0.9132238574171417 * x_4)) * inv((-0.5985279491973698 + (-0.29847762930569927 * (-2.7325304403218103 + (0.9024643506596678 * x_1))))))))) * inv((5.2087744229818504 + (0.30230269094597023 * (-2.7193729315376136 + (0.8742168644608117 * x_0))))))))) * ((-2.9462509128202115 * inv((-1.1681597899084064 + (-1.0910902569885845 * (-2.712534670836872 + (0.9145791987347105 * x_2)))))) - (-0.15735695881113282 * (-2.712534670836872 + (0.9145791987347105 * x_2)))))))
feynman_III_21_20,ok,4,256,4,BFGS,0.864507516392468,4.913790623220215,115,442.80,,0.01,(0.08338688169867431 + ((-4.269143754827789 * (-2.6240687793748685 + (0.8890183185341883 * x_1))) + (14.57800179180419 * (((0.3353526201904238 * inv((1.83265000948822 + (-0.6037798187818284 * (-2.4948596073666858 + (0.8712831628673021 * x_0)))))) - (0.0337459025363592 * inv((4.100332342347498 + (31.465213068456038 * (-2.545412639486553 + (0.8474318891943581 * x_3))))))) * (((((-0.008860439538129199 * (-2.545412639486553 + (0.8474318891943581 * x_3))) - (0.49943441280506273 * (((0.2620507116863804 * inv((5.228974388880655 + (38.66382423123187 * (-2.4948596073666858 + (0.8712831628673021 * x_0)))))) - (0.258746786837162 * (-2.6240687793748685 + (0.8890183185341883 * x_1)))) * (-0.22612258244243555 * inv((42.79323072055857 + (0.05765796178100488 * (-2.5656360395809217 + (0.8550844648633008 * x_2))))))))) - (3.087566198870407 * inv((0.9041694672470215 + (0.3762714522433468 * (-2.545412639486553 + (0.8474318891943581 * x_3))))))) + (4.401565950001668 * inv((5.220822266044358 + (0.7444602245194787 * (-2.545412639486553 + (0.8474318891943581 * x_3))))))) - (1.5723929134927035 * (-2.5656360395809217 + (0.8550844648633008 * x_2))))))))
feynman_III_4_32,ok,4,32,1,BFGS,0.9076679461145409,2.4053967976347694,109,100.54,,0.01,(1.2649454658761616 + (inv((0.7237771094583505 + (0.2414916750869872 * (-2.612511512350074 + (0.8627753949982891 * x_1))))) * (((((0.3728251136565177 * inv((0.19932990375941817 + (0.05770836912864652 * (-2.612511512350074 + (0.8627753949982891 * x_1)))))) + (1.9509320362556357 * inv((0.5365710191190671 + (54.97473591200006 * (-2.6174887738802006 + (0.8670829091630897 * x_3))))))) + (((0.7288808093274088 * (-2.6466365775727345 + (0.8707401267392567 * x_2))) + (6.612157765303742 * inv((1.50890734851317 + (0.537688156189218 * (-2.784131327119264 + (0.9215893303699773 * x_0))))))) * exp((0.16341948288427904 + (0.1460632528356185 * (-2.6466365775727345 + (0.8707401267392567 * x_2))))))) + (0.3611943447319017 * inv((57.007719579694054 + (0.7336472982858253 * exp((1.0469700903194794 + (0.055717155851112865 * (-2.784131327119264 + (0.9215893303699773 * x_0)))))))))) - ((15.467220489296253 * inv((3.973606389237778 + (0.41006214867208013 * (-2.6466365775727345 + (0.8707401267392567 * x_2)))))) - (1.9109686341440462 * (-2.6174887738802006 + (0.8670829091630897 * x_3)))))))
feynman_III_4_33,ok,4,32,1,BFGS,0.9278328285957603,1.2769809106123269,30,31.55,,0.01,(8.090422705033296 + ((3.080697261021487 * (-2.866571611099702 + (0.9433028392921154 * x_3))) - ((0.028067535399721684 * inv((3.4603771774527354 + (111.73729176253852 * (-2.866571611099702 + (0.9433028392921154 * x_3)))))) - (3.275964491251133 * (-2.60734931142082 + (0.9073764005796643 * x_2))))))
feynman_III_7_38,ok,3,64,2,BFGS,0.9322692268439298,10.002952914026062,102,103.26,,0.01,(0.15620089559612502 + (((-0.16529681537572483 * ((3.022488797014632 + (0.24168037731463599 * (-2.7136530652251984 + (0.8943526615139876 * x_0)))))**2) - ((1.2138160136234561 * exp((0.44796667196288953 + (0.1273665816351207 * (-2.809767375781024 + (0.9075827176016882 * x_1)))))) - (0.6435737751524995 * ((6.895487563855205 + (3.6936451096940113 * (exp((0.24719535446643925 + (1.6684708235110373 * (exp((-0.08527896214492225 + (0.6893645939521129 * (-2.402628220576974 + (0.8031476298129983 * x_2))))) * ((-5.420847421876193 * inv((6.14218700318656 + (-0.018395260694598216 * (13.759702877401466 * inv((1.8519217252768811 + (-0.9963000943658544 * (-2.809767375781024 + (0.9075827176016882 * x_1)))))))))) - inv((1.5185997271104195 + (0.6195632522406382 * (-2.7136530652251984 + (0.8943526615139876 * x_0)))))))))) * (0.696117481495079 * ((1.9525842351555047 + (0.5551503554914337 * (-2.809767375781024 + (0.9075827176016882 * x_1)))))**2)))))**2))) + (12.31068180328932 * (-2.7136530652251984 + (0.8943526615139876 * x_0)))))
feynman_III_8_54,ok,3,128,3,BFGS,0.052988041370509054,0.3411106963021305,56,354.92,,0.01,(-0.3667988994917226 + ((10.75560627745455 * inv((18.60498371436661 + (2.650292567528526 * (-5.232329981974955 + (3.4582056648935673 * x_0)))))) - ((-2.1307443370710057 * ((0.03574688836163101 * inv((0.07926576364266424 + (-0.024097085735599766 * (-2.957250588126034 + (1.1919718312766996 * x_2)))))) * (0.10427006814577422 * (-5.232329981974955 + (3.4582056648935673 * x_0))))) - (2.244940579092142 * inv((6.350186723505978 + (3.0741000547672535 * ((-2.957250588126034 + (1.1919718312766996 * x_2)) * (-2.957250588126034 + (1.1919718312766996 * x_2))))))))))
feynman_III_9_52,ok,6,256,4,BFGS,0.4577625296052138,10.915606011367537,100,573.99,,0.01,(15.775500182885487 + ((((-6.147979133569471 * (-3.3150879840966465 + (1.6834333936891284 * x_3))) - ((-1.8437705420432744 * (-3.282722642559414 + (1.6493480484584218 * x_1))) - (0.7406337846665703 * (-3.3150879840966465 + (1.6834333936891284 * x_3))))) - ((0.491707256486132 * ((-3.3150879840966465 + (1.6834333936891284 * x_3)) * (-0.975455990303395 * (-2.734929250040047 + (0.899503571822635 * x_5))))) - (0.121990440689564 * inv((3.774240860309904 + (3.7472507909888577 * (-3.282722642559414 + (1.6493480484584218 * x_1)))))))) - (((-7.360746735534693 * ((-2.734929250040047 + (0.899503571822635 * x_5)) * (-2.575743190255727 + (0.8722576541805873 * x_4)))) - (inv((35.50906950202541 + (0.24591036161138968 * (-3.3150879840966465 + (1.6834333936891284 * x_3))))) * (2.0242000428087055 * (-3.302270063999335 + (1.711027822918682 * x_0))))) - (-0.1404591377851494 * exp((0.09471739320610406 + (1.0255098485696212 * (-2.575743190255727 + (0.8722576541805873 * x_4)))))))))
feynman_II_10_9,ok,3,256,4,BFGS,0.8909078066536791,0.07184778776323288,74,462.63,,0.01,(-1.4048578706779384 + (((0.5180923156429968 * inv((0.5211417048543414 + (0.8707503523735842 * (inv((5.227209923503985 + (-0.5226735199268941 * (-2.4407479823350755 + (0.8808833990454653 * x_0))))) * ((0.10358736029710103 * (-2.6474767240232993 + (0.8825746761428329 * x_2))) - ((98.277064664193 * inv((78.92261682810141 + (0.6162600029934473 * (-2.4407479823350755 + (0.8808833990454653 * x_0)))))) - (0.15642469204677362 * (-2.595419809290695 + (0.8588576606135521 * x_1)))))))))) - (-0.08362560640875266 * inv((4.234422681515202 + (0.22594484918709 * (-2.595419809290695 + (0.8588576606135521 * x_1))))))) + (0.7021468423808326 * inv((216.3998627528805 + (0.67104119472015 * (-2.6474767240232993 + (0.8825746761428329 * x_2))))))))
feynman_II_11_20,ok,5,128,3,BFGS,0.8716894717182194,2.6440611271163625,124,278.08,,0.01,(0.7012558518606964 + (exp(((0.7629029508336154 * (-2.594902082535144 + (0.8534005543784765 * x_1))) + ((1.2493158515331917 * inv((0.6137148378314712 + (92.17410280514764 * (-2.539565017471692 + (0.8482516330389377 * x_2)))))) - (((0.8796746886313009 * exp((-0.2324366746046027 + (0.7612725492159962 * (-2.6316919296321113 + (0.8710897992152611 * x_3)))))) + (-0.0073029274294180505 * exp((0.11199581108621376 + (0.08814616592769173 * (-2.6316919296321113 + (0.8710897992152611 * x_3))))))) + ((0.20952309569924227 * ((((2.660459570341467 * (-2.457523520153069 + (0.8701539172876223 * x_4))) + (7.212849842666566 * (-2.6316919296321113 + (0.8710897992152611 * x_3)))) + (0.9247331413953508 * (-2.6316919296321113 + (0.8710897992152611 * x_3)))) * (0.1387292286705396 * (-2.4569814526637677 + (0.8240340107265285 * x_0))))) - (0.5230747838873742 * inv((0.29966626148739584 + (-0.04583706698830178 * ((-2.457523520153069 + (0.8701539172876223 * x_4)) * (-2.6316919296321113 + (0.8710897992152611 * x_3)))))))))))) * exp(((-2.5253171022456273 * inv((7.979922916180506 + (91.21974112918679 * (-2.457523520153069 + (0.8701539172876223 * x_4)))))) - (-0.49859482237156016 * (-2.539565017471692 + (0.8482516330389377 * x_2)))))))
feynman_II_11_27,ok,4,256,4,BFGS,0.9315084288505979,0.1517654658982306,91,396.85,,0.01,(0.017465959253773353 + (inv((1.0586294043672666 + (0.05504530290262766 * (inv((0.0007202949908244511 + (0.00017297434351793475 * (-5.046769784936528 + (3.418189540060406 * x_2))))) * inv((1.3994923688952157 + (0.8797856311374521 * (-1.7252785901711232 + (3.536305764059484 * x_1))))))))) * ((2.0193582959327054 * inv((102.09127124241397 + (0.9229423988121561 * (-5.0422201628750365 + (3.42921855514138 * x_3)))))) - (inv(((0.20860004347134764 * inv((-0.2514995305722775 + (-4.523846007709116 * (-1.648775206320855 + (3.466849046719344 * x_0)))))) + (1.1727493732390233 * ((0.38748343543355257 * (-1.7252785901711232 + (3.536305764059484 * x_1))) * (0.92948799919259 * inv((126.20601679393155 + (33.90284047573341 * (-1.648775206320855 + (3.466849046719344 * x_0)))))))))) - (0.035446243924381365 * inv((0.0011868095643137603 + (1.6951781558776587e-05 * (-5.046769784936528 + (3.418189540060406 * x_2))))))))))
feynman_II_11_28,ok,2,64,2,BFGS,0.9747000349539304,0.04880054268210344,45,157.91,,0.01,(1.3048458075078262 + ((0.18408066391688205 * (-1.8075189031076848 + (3.462610195906584 * x_1))) - (93.86454041715365 * (((84.03079563721553 * inv((176.7519349415208 + (6.1739930832403935 * (-1.6870985985358635 + (3.439169193273224 * x_0)))))) - (-173.9854358577801 * inv((45.34362085838532 + (-19.542529378704387 * (-1.8075189031076848 + (3.462610195906584 * x_1))))))) * (-0.00040499578724313896 * (-1.6870985985358635 + (3.439169193273224 * x_0)))))))
feynman_II_11_3,ok,5,256,4,BFGS,0.8187632713708894,0.054200961689338835,126,453.35,,0.01,(0.17479315882289154 + ((0.22142773476787125 * (-3.639820054101914 + (1.8353488983603912 * x_1))) + (((-0.17302505572853083 * (-3.639820054101914 + (1.8353488983603912 * x_1))) - ((0.29565395282173046 * ((-3.4159175484317243 + (1.6763635427586012 * x_2)) * ((0.2836298063853846 * inv((94.48689197378803 + (0.7225097092499143 * (-6.973914079319447 + (1.7326948094237948 * x_3)))))) + (0.07615547332068864 * (inv((2.258695758213409 + (0.2500966812873353 * (-3.4159175484317243 + (1.6763635427586012 * x_2))))) * exp(((0.25644461811510605 * inv((0.7332178408004956 + (0.06482829272311916 * (-3.4159175484317243 + (1.6763635427586012 * x_2)))))) - (1.351381375443102 * (-6.973914079319447 + (1.7326948094237948 * x_3)))))))))) - ((0.6605364090877006 * inv((0.07785249737723351 + (-80.68637981222531 * inv((0.26288368584938654 + (0.2896910560155521 * (-5.529314466884249 + (3.5626460506029085 * x_4))))))))) - ((0.00800489211616448 * inv((4.058008837186417 + (29.273977771856043 * (-5.529314466884249 + (3.5626460506029085 * x_4)))))) + ((0.947851442799736 * (-3.4858296098647474 + (1.725550340478727 * x_0))) + (0.06662025433753793 * (-6.973914079319447 + (1.7326948094237948 * x_3)))))))) + (-3.4858296098647474 + (1.725550340478727 * x_0)))))
feynman_II_13_17,ok,4,256,4,BFGS,0.7712589326622203,0.012271323999473468,89,400.49,,0.01,(0.00819574220558024 + ((((0.13577767212822345 * inv((66.82827170876493 + (0.8120962805286855 * (-2.4024694168052316 + (0.8219116109543148 * x_3)))))) + ((-0.5664590778884606 * (-2.652627881283846 + (0.864138855771416 * x_2))) + (-0.11011510790989504 * (-2.652627881283846 + (0.864138855771416 * x_2))))) + (-0.6381341034533543 * inv((0.628606703188678 + (0.6988596731029335 * ((-2.4024694168052316 + (0.8219116109543148 * x_3)) * inv((4.095349176695082 + (2.0982822700590784 * inv(((0.1739159871400765 * (-2.753414723144747 + (0.8791399948500996 * x_1))) + (4.308301851358447 * (-2.753414723144747 + (0.8791399948500996 * x_1)))))))))))))) * (0.008117976252155552 * inv((0.4735197662811891 + (6.254630693285426 * inv(((0.3764497700686341 * (-2.4024694168052316 + (0.8219116109543148 * x_3))) + (5.572625911380465 * (-2.753414723144747 + (0.8791399948500996 * x_1)))))))))))
feynman_II_13_23,ok,3,32,1,BFGS,0.9876866254762733,0.1314838141544003,98,22.70,,0.01,(3.750176723818278 + (((1.1766123567700517 * (-2.6798415562573763 + (0.9000715575381649 * x_0))) - ((0.38186496406082604 * inv((0.4712046061465567 + (0.03932427637822854 * (-5.26677435569427 + (3.4475216888865052 * x_1)))))) - (0.6042889577048824 * inv((3.287578698744655 + (0.06157520911459263 * (-3.3391022807239796 + (0.5111737659041323 * x_2)))))))) - (0.000700093309475736 * ((4.003776398171103 * inv((0.3733949888721724 + (0.3616974709744678 * ((-3.3391022807239796 + (0.5111737659041323 * x_2)) * ((-3.3391022807239796 + (0.5111737659041323 * x_2)) * (inv((0.2858381151364151 + (3.671315300861906 * (-3.3391022807239796 + (0.5111737659041323 * x_2))))) * (4.952664954078221 * inv((0.24208266348820195 + (0.30154437503960296 * (-3.3391022807239796 + (0.5111737659041323 * x_2))))))))))))) + (3.366515910562949 * ((35.0890721411717 * (-5.26677435569427 + (3.4475216888865052 * x_1))) * (0.8368070385632311 * (-3.3391022807239796 + (0.5111737659041323 * x_2)))))))))
feynman_II_13_34,ok,3,32,1,BFGS,0.9562195710092954,0.4258128954570424,64,56.52,,0.01,(4.608047757302507 + ((((0.9818404808635015 * (-4.940481638693344 + (3.3437624554237626 * x_1))) - (-1.7383492126006193 * (-2.635228193647432 + (0.8916572161096509 * x_0)))) - (2.6222776218198205 * inv((54.34315792018188 + (-1.5042933560063272 * (-2.9141559673417166 + (0.46292076127847 * x_2))))))) + ((0.001892826180167537 * inv((0.05584106125901648 + (1.4063808142444723 * (inv((5.085047432278362 + (237.00199193854584 * (-2.635228193647432 + (0.8916572161096509 * x_0))))) * (-2.0186250038643836 * (-2.635228193647432 + (0.8916572161096509 * x_0)))))))) - (0.1287768916761517 * (-2.9141559673417166 + (0.46292076127847 * x_2))))))
feynman_II_15_4,ok,3,256,4,BFGS,0.9546265185955012,1.1228399548968075,117,385.32,,0.01,(0.517001985975541 + (((0.3006868097141133 * (-2.6459797016564632 + (0.8727188941478409 * x_1))) + ((0.42833636533196806 * ((-6.854655430726364 + (39.73887760186736 * ((((0.31445686175614496 + (-0.03823249471743621 * (-2.555131165694161 + (0.8589482126346254 * x_0)))))**2 * ((0.5324424359401707 + (0.133332222926001 * (-2.555131165694161 + (0.8589482126346254 * x_0)))))**2) * ((10.765680688131454 * ((0.11158083524216661 + (0.8535416485177021 * (-2.5228635593411757 + (0.8363867496115811 * x_2)))))**2) - ((5.498049178880574 * ((1.6582806403295463 + (0.26014363966324827 * (-2.5228635593411757 + (0.8363867496115811 * x_2)))))**2) - (0.9394736456430257 * (-2.5228635593411757 + (0.8363867496115811 * x_2)))))))))**2) - ((6.873686608597119 + (0.16866970779135282 * (inv((48.42910108047954 + (48.616291235829806 * (-2.555131165694161 + (0.8589482126346254 * x_0))))) * ((4.353094381198996 * (-2.555131165694161 + (0.8589482126346254 * x_0))) - (3.544231592169929 * (-2.5228635593411757 + (0.8363867496115811 * x_2))))))))**2)) * (0.3255672831312997 * ((0.3849782453483026 + (0.04946201169232631 * (-2.6459797016564632 + (0.8727188941478409 * x_1)))))**2)))
feynman_II_15_5,ok,3,256,4,BFGS,0.8209503145890857,2.1698426552787535,118,356.79,,0.01,(2.727484756870677 + ((((-2.516678448150414 + (0.8505212082765151 * x_1)) * (-2.7404864706467325 + (0.873550869340621 * x_2))) + (((1.7450066186827318 * (-2.623128343020264 + (0.8714830687709064 * x_0))) - ((((-5.7260156646791245 * (-2.623128343020264 + (0.8714830687709064 * x_0))) - (23.74814649114255 * inv((129.2771973153155 + (-12.367186438520626 * (-2.7404864706467325 + (0.873550869340621 * x_2))))))) - (0.06736510570046161 * (-2.623128343020264 + (0.8714830687709064 * x_0)))) + inv((22.04197101986091 + (2.7988450025072815 * (-2.7404864706467325 + (0.873550869340621 * x_2))))))) - ((0.25854210218449036 * ((-1.7604553653929047 + (0.0094001930730554 * ((-1.1164337705460312 + (-27.037108094150526 * (-2.7404864706467325 + (0.873550869340621 * x_2)))))**2)))**2) - (0.22435673928253907 * ((8.266157549949995 + (2.721996524861588 * (-2.516678448150414 + (0.8505212082765151 * x_1)))))**2)))) * (0.002437191599487871 * (((-1.3702023496616196 + (0.5009298941694516 * (-2.7404864706467325 + (0.873550869340621 * x_2)))))**2 * (16.44370209261116 * ((-1.866212404208265 + (-0.6365387356654746 * (-2.7404864706467325 + (0.873550869340621 * x_2)))))**2)))))
feynman_II_21_32,ok,5,256,4,BFGS,0.7965112983522352,0.01910926197926898,54,500.70,,0.01,(0.2761666750446249 + ((-0.03620159353067913 * (-3.2988724247793657 + (0.5058211443179642 * x_4))) + (((0.02035383849171729 * (-2.66672674421076 + (0.8799980575686334 * x_0))) + (-5.726173013421331 * inv((7.227314908033797 + (0.27639382742442875 * (-3.2988724247793657 + (0.5058211443179642 * x_4))))))) + (0.5242823488221926 * exp(((-0.04192282466318904 * (-2.6284161408483433 + (0.8564019147978089 * x_1))) + (0.06392294720752854 * inv((1.0360951127733924 + (0.4261833440925844 * (-2.593522633521764 + (0.8605783448462752 * x_2))))))))))))
feynman_II_24_17,ok,3,32,1,BFGS,0.9745214833100954,0.13806587725541875,51,18.77,,0.01,(3.5437156751204526 + (((0.12928211902583997 * (-5.185707443394292 + (1.7511117255798525 * x_2))) - (((0.123507140119195 * inv((2.9724053986356367 + (-1.3882927470626107 * (-5.185707443394292 + (1.7511117255798525 * x_2)))))) - (-0.7371602973685669 * (-5.098632543293196 + (3.429833828411375 * x_1)))) - (-4.584773161069126 * inv((26.77641879846479 + (10.032993087980667 * (-8.642683837968443 + (1.736310748726112 * x_0)))))))) - (-0.32986315606018546 * (-8.642683837968443 + (1.736310748726112 * x_0)))))
feynman_II_27_16,ok,3,64,2,BFGS,0.9722194874462342,14.847215514530161,117,157.81,,0.01,(2.5133945955580295 + ((1.0941254020959468 * ((((5.358839518860979 * ((30.069007415539218 + (12.100470218518602 * (-2.587341142699831 + (0.8786098444979417 * x_2)))))**2) - ((0.24622958967546016 * ((9.905488193068251 + (1.2281793687980156 * (-2.596743687374026 + (0.8682775866518997 * x_0)))))**2) - ((-1.7693516193140368 * inv(((6.812025924542482 * ((1.1004142355175581 + (-0.09931213837821262 * (-2.596743687374026 + (0.8682775866518997 * x_0)))))**2) - ((30.613199880819906 * (-2.587341142699831 + (0.8786098444979417 * x_2))) - (0.019813143222839932 * (-2.587341142699831 + (0.8786098444979417 * x_2))))))) - (14.351946821557803 * (-2.596743687374026 + (0.8682775866518997 * x_0)))))) + (9.054679066259876 * inv((2.691519756653328 + (70.92682643442828 * (-2.587341142699831 + (0.8786098444979417 * x_2))))))) * (0.9776940803618732 * inv((12.244379439668311 + (47.99994874323107 * (((7.982647619940549 + (-1.783953216984873 * (-2.9070459506860526 + (0.9221130424024399 * x_1)))))**2 * ((-0.147067888401255 + (0.03297281112279349 * (-2.596743687374026 + (0.8682775866518997 * x_0)))))**2))))))) + (-2.596743687374026 + (0.8682775866518997 * x_0))))
feynman_II_27_18,ok,2,32,1,BFGS,0.9999752030522924,0.1107883971171391,109,16.92,,0.01,(0.31447643445635 + (((0.3637298253866026 * ((2.6676553376492222 + (6.848740146381726 * (-2.854039588936294 + (0.9313688748574931 * x_0)))))**2) - ((9.280657104889073 * (-2.854039588936294 + (0.9313688748574931 * x_0))) - ((0.045977982283410934 * ((7.846428597813706 + (0.05162368571918097 * (-2.778749929216607 + (0.9202757116769661 * x_1)))))**2) - (((0.08480686168008889 * inv((16.24855586503415 + (0.4385205314086782 * ((-2.854039588936294 + (0.9313688748574931 * x_0)) * ((3.139677210064404 + (0.20938074424669095 * (-2.854039588936294 + (0.9313688748574931 * x_0)))))**2))))) - ((2.0326218512063363 * ((0.4437124544657087 + (0.2297010249986673 * ((0.33041119610699843 + (-0.153104992043263 * (-2.854039588936294 + (0.9313688748574931 * x_0)))))**2)))**2) - ((0.1680001491050287 + (4.1314184007411505 * (-2.854039588936294 + (0.9313688748574931 * x_0)))))**2)) + (0.49593561686813437 * (-2.854039588936294 + (0.9313688748574931 * x_0))))))) * (0.21755248091261736 * ((4.659937651355833 + (1.6765090232290927 * (-2.778749929216607 + (0.9202757116769661 * x_1)))))**2)))
feynman_II_2_42,ok,5,256,4,BFGS,0.759607805218151,3.9250436205549137,44,688.59,,0.01,(0.6983490855942951 + (((-4.454899719503787 * (-2.4653835903384924 + (0.8610943117784253 * x_1))) - (-298.0547294099274 * (inv((14.433002761810577 + (1.228130903010054 * (-2.56184837158364 + (0.8868667655691996 * x_4))))) * (-2.47728704926582 + (0.8237116622497856 * x_2))))) + ((0.016351458625000276 * (-2.8444438062869346 + (0.9035352009803069 * x_3))) - (16.18364353154979 * (-2.47728704926582 + (0.8237116622497856 * x_2))))))
feynman_II_34_11,ok,4,128,3,BFGS,0.8163113849119965,2.1691457649555708,64,473.21,,0.01,(-0.7108096700086561 + (((((-3.7899616418024924 * (-2.4185743585385087 + (0.8288773353226235 * x_0))) - (-2.7174948207598595 * (-2.546466339622496 + (0.8415241486134336 * x_2)))) - (6.189583849331073 * (-2.546466339622496 + (0.8415241486134336 * x_2)))) - (6.575019392321543 * inv((0.7032085726268138 + (-0.1710677346834052 * (-2.7443676432466564 + (0.9199324290158198 * x_1))))))) * ((0.23845761601663323 * (-2.624623356535676 + (0.8656711223164797 * x_3))) - (0.8241770279755622 * inv((1.301484467672919 + (5.950485512195679 * inv((81.90807708605796 + (15.413829220545896 * (-2.624623356535676 + (0.8656711223164797 * x_3))))))))))))
feynman_II_34_2,ok,3,32,1,BFGS,0.9681721731433166,2.047495660891624,96,30.33,,0.01,(0.29298261349631705 + (inv((2.013749667859524 + (-0.296226265709693 * (-2.593258549923045 + (0.8476444061960484 * x_2))))) * ((((1.8354189020395943 * ((0.05124526506514804 + (0.32995567523175207 * (-2.602940375995324 + (0.8496500991704193 * x_1)))))**2) - (-1.06872442717787 * (-2.593258549923045 + (0.8476444061960484 * x_2)))) - ((-0.0367778316740251 * ((0.6543830986704684 + (0.9660226236767544 * ((-2.7988605362910652 + (0.39769078567471206 * (-2.6504816977325447 + (0.8726425668692686 * x_0)))))**2)))**2) - (6.803236222911844 * (((0.5767517035789032 + (0.1256000466934042 * (-2.602940375995324 + (0.8496500991704193 * x_1)))))**2 * ((3.2297343768586817 + (0.8650436612589247 * (-2.6504816977325447 + (0.8726425668692686 * x_0)))))**2)))) + ((4.827791643993313 * (-2.593258549923045 + (0.8476444061960484 * x_2))) - (0.13494844885622226 * ((3.8947463715726274 + (-0.688982421679347 * (-2.602940375995324 + (0.8496500991704193 * x_1)))))**2)))))
feynman_II_34_29a,ok,3,256,4,BFGS,0.8430642742799914,0.08124576448870958,91,340.01,,0.01,(0.26038347556674757 + ((0.08600743798157251 * (-2.6340162306931827 + (0.8915777577347517 * x_0))) + ((-0.16730269920674035 * inv((0.17205517442122464 + (0.0042792518303848975 * (inv((-0.06345646461493543 + (0.30129399478676855 * (-2.5921353812207917 + (0.8811099449187398 * x_2))))) * ((81.90314601648845 * inv((0.678688531940435 + (0.5542161029126196 * (-2.614432269470226 + (0.8616494128817651 * x_1)))))) - (inv((11.095805387222036 + (0.5452540514166173 * (-2.5921353812207917 + (0.8811099449187398 * x_2))))) * ((6.724846502747621 * inv(((0.7494488354114277 * (-2.614432269470226 + (0.8616494128817651 * x_1))) - (0.5723085935414121 * exp((0.5011051572333542 + (0.16899918437320538 * (-2.614432269470226 + (0.8616494128817651 * x_1))))))))) - (11.050157875728637 * (-2.6340162306931827 + (0.8915777577347517 * x_0))))))))))) - (-0.07146867511053576 * (-2.614432269470226 + (0.8616494128817651 * x_1))))))
feynman_II_34_29b,ok,5,256,4,BFGS,0.9031082426886937,67.10842122912752,85,664.43,,0.01,(0.6353679262734284 + (((25.41932342858381 + (0.02146193428686853 * (((3.5391105722913476 + (-0.05684374876654552 * (-2.580173613126937 + (0.8625475822840215 * x_1)))))**2 * ((31.942390376291883 * ((0.600442460166938 + (-0.05548341390588832 * (-2.5531194930605294 + (0.8789899049582045 * x_0)))))**2) - ((0.8044447824497691 * ((0.5257263591244197 + (0.2976438688116929 * (-2.3522871959349114 + (0.8097388077046674 * x_4)))))**2) - (((-2.2815678125743313 * (-2.3522871959349114 + (0.8097388077046674 * x_4))) - (5.976215267948032 * (-2.5155816435325256 + (0.8566223922776196 * x_3)))) - (0.21337438614276472 * ((23.073404382107697 + (-0.3207456167298872 * (-2.5155816435325256 + (0.8566223922776196 * x_3)))))**2))))))))**2 * (12.920616580465758 * ((1.3348019742804085 + (0.3831424191815882 * (-2.6979419603958954 + (0.9090787910735363 * x_2)))))**2)))
feynman_II_34_2a,ok,3,128,3,BFGS,0.9422633447012383,0.11617633763642618,75,257.88,,0.01,(-0.3847423195239155 + ((0.24526328479936385 * inv(((0.23969929709039528 * inv((2.402105403827995 + (-13.683654624605719 * inv((14.854571645504928 + (1.7664099965290556 * (-2.5836604135273715 + (0.8398765027159596 * x_1))))))))) + (((0.06329818910879051 * (-2.595184874485386 + (0.8744180518029964 * x_2))) + (0.12608191050706263 * inv((1.0914475680473765 + (0.37254285063126735 * (-2.5836604135273715 + (0.8398765027159596 * x_1))))))) + (-0.16915516531914837 * inv((11.173907879809995 + (2.0028127532323925 * (-2.595184874485386 + (0.8744180518029964 * x_2)))))))))) + (inv((2.8234223705061 + (-0.7612664362939652 * (-2.5836604135273715 + (0.8398765027159596 * x_1))))) * (0.5687160901978495 * (-2.7480241256459648 + (0.9048374383921544 * x_0))))))
feynman_II_35_18,ok,5,32,1,BFGS,0.9091827411637805,0.09231852979457297,131,22.58,,0.01,(-1.7047201877446714 + ((((((-0.005397015129855975 * ((-3.273392609849695 + (1.652817435825319 * x_3)) * ((-3.4918091935735216 + (1.6972309630916704 * x_0)) * ((2.659492163910146 * exp((0.86572857730711 + (0.23476345079944283 * (-3.7134592839832528 + (1.8246293748275135 * x_4)))))) + (0.2561672569291532 * (-3.7134592839832528 + (1.8246293748275135 * x_4))))))) - ((((0.20273564299108782 * (-3.7134592839832528 + (1.8246293748275135 * x_4))) - (0.537582512567202 * (-3.273392609849695 + (1.652817435825319 * x_3)))) - (0.043685236632226065 * (-3.7134592839832528 + (1.8246293748275135 * x_4)))) + ((-0.16992748758591153 * (-3.4918091935735216 + (1.6972309630916704 * x_0))) - (112.69045957605135 * inv((63.07697247498113 + (0.6291567300447403 * (-3.273392609849695 + (1.652817435825319 * x_3))))))))) - (-2.231264222167436 * exp((-0.05474189575941407 + (0.062478045392004036 * (-3.219763489368215 + (1.6753593121119754 * x_1))))))) - (0.11710719951949675 * (-3.579403689568145 + (1.7747930310678999 * x_2)))) - ((0.2127333093012037 * exp((2.014779802905422 + (-0.023624717220732852 * (-3.7134592839832528 + (1.8246293748275135 * x_4)))))) - (-0.655418290639268 * (-3.273392609849695 + (1.652817435825319 * x_3))))) - (-0.24884011818138904 * (-3.579403689568145 + (1.7747930310678999 * x_2)))))
feynman_II_35_21,ok,5,256,4,BFGS,0.8874213082383395,1.6394031228952177,122,484.09,,0.01,(-2.1837458371710854 + ((0.7397492497433613 * exp((-4.143897021159818 + (0.7427716704933185 * (-2.658226127563016 + (0.8861982062595278 * x_3)))))) - (0.04539342072970595 * ((((3.9491561095907963 * (-2.7110096708122233 + (0.875131425217154 * x_2))) - (0.671662546438518 * (-2.7110096708122233 + (0.875131425217154 * x_2)))) - ((((-0.29790409494838244 * (-2.585304710315294 + (0.8870094272288953 * x_1))) - ((0.7118474333457085 * (-2.7937445951572557 + (0.9077777236188819 * x_4))) - (-1.1732619262795962 * (exp((0.42718808670152875 + (0.3644182068486166 * (-2.585304710315294 + (0.8870094272288953 * x_1))))) * ((19.493217992400076 * (-2.7937445951572557 + (0.9077777236188819 * x_4))) - (27.32404456443296 * (-2.658226127563016 + (0.8861982062595278 * x_3)))))))) - (6.290112972435422 * exp((4.71688344334569 + (0.36838053913930635 * (-2.585304710315294 + (0.8870094272288953 * x_1))))))) - (0.4207409537427671 * (-2.658226127563016 + (0.8861982062595278 * x_3))))) * (-0.8987582542265955 * (inv((3.9618350581506983 + (0.599339196886723 * (-2.7937445951572557 + (0.9077777236188819 * x_4))))) * exp((0.08613923091383455 + (0.28945769843881086 * (-2.6574893155775725 + (0.8639895682372307 * x_0)))))))))))
feynman_II_36_38,ok,8,256,4,BFGS,0.8647945647532806,0.35406863856950266,130,534.11,,0.01,(0.9816681526262327 + (((((0.15417175239434855 * ((-3.512647543149536 + (1.747231500909104 * x_1)) * exp((0.4452830869095111 + (0.2452707172957479 * (-3.25539613447203 + (1.6780200106390297 * x_0))))))) - ((1.4719873997403354 * (-3.25539613447203 + (1.6780200106390297 * x_0))) + (0.44932406317107865 * (-3.644144276541765 + (1.820082555589773 * x_2))))) - (0.0008122332059610007 * ((-3.6925070047132977 + (1.818762469791632 * x_6)) * ((-60.3666144607718 * (-3.644144276541765 + (1.820082555589773 * x_2))) + (0.5274570563963739 * (-3.471793038256991 + (1.7179484625381287 * x_3))))))) + ((1.6895968323279087 * (-3.25539613447203 + (1.6780200106390297 * x_0))) + ((0.31161052874928585 * exp(((-0.5044539967022192 * (-3.6925070047132977 + (1.818762469791632 * x_6))) + ((0.47147912510607526 * (-3.25539613447203 + (1.6780200106390297 * x_0))) + (-0.9008009447390708 * (-3.471793038256991 + (1.7179484625381287 * x_3))))))) - inv((25.242676053365933 + (0.2706481111959149 * (exp((-1.2656013893680322 + (-1.621981996248591 * (-3.49247493142665 + (1.7662338946626293 * x_4))))) * (-3.4549198528908147 + (1.7383908466088813 * x_7))))))))) + (1.18455465455909 * inv((39.79184800077326 + (-0.6559164007719833 * (-3.49247493142665 + (1.7662338946626293 * x_4))))))))
feynman_II_37_1,ok,3,32,1,BFGS,0.9811634980387752,3.217129748317574,113,28.73,,0.01,(3.9564061633524368 + ((((-0.041231050597412 * (-2.4748604028134427 + (0.8522855070971659 * x_0))) - (((-0.24165304441801605 * (-2.4748604028134427 + (0.8522855070971659 * x_0))) - (((1.0916555786265616 * inv((-746.6285332878081 + (22.08680368737177 * (-2.5838719309788227 + (0.8503387114696592 * x_2)))))) - ((-3.8719597680453557 + (0.02110369336838646 * (-2.624301235128215 + (0.8456908079177562 * x_1)))))**2) + (9.646648650739785 * inv((15.03569663978491 + (24.05201459760628 + (1.5118703396189273 * (-2.5838719309788227 + (0.8503387114696592 * x_2))))))))) - (0.2853586937436773 * ((7.776648896816839 + (0.10273690432597415 * (-2.5838719309788227 + (0.8503387114696592 * x_2)))))**2))) - (-1.0271839986799565 * (-2.4748604028134427 + (0.8522855070971659 * x_0)))) * ((23.458428890949868 * inv((2.1093152481669124 + (-33.63154734698276 * (0.01025834533995601 * (-2.5838719309788227 + (0.8503387114696592 * x_2))))))) - ((-4.821176633650309 * (-2.624301235128215 + (0.8456908079177562 * x_1))) - (74.29493001788973 * inv((91.07424147496837 + (-8.016820619420585 * (-2.624301235128215 + (0.8456908079177562 * x_1))))))))))
feynman_II_38_14,ok,2,32,1,BFGS,0.9667665535716965,0.04142539887669261,120,39.08,,0.01,(-0.0008553483132534129 + (inv((49.976645140093694 + (10.84387383749035 * (-2.680159988684729 + (0.8643223760263921 * x_1))))) * (((12.379080227280937 * (-2.5507774690309435 + (0.8335657750653932 * x_0))) - (-0.4222897397822647 * inv((0.6123618883678454 + (0.20421142350113353 * (((-2.680159988684729 + (0.8643223760263921 * x_1)) * inv((((0.08958590019290408 * (inv((4.8543447021746395 + (6.147210821836932 * (-2.680159988684729 + (0.8643223760263921 * x_1))))) * inv((0.8272694068260447 + (0.7995294986706543 * (-2.5507774690309435 + (0.8335657750653932 * x_0))))))) - (-2.6825017063660628 * inv((-0.09926096661393169 + (0.21467493132915227 * (-2.5507774690309435 + (0.8335657750653932 * x_0))))))) - inv(((0.3180990802053285 * (-2.5507774690309435 + (0.8335657750653932 * x_0))) - (-4.354557821057245 * (-2.5507774690309435 + (0.8335657750653932 * x_0)))))))) * (-0.2287742925745454 * inv((0.23085618496006433 + (0.6277340569099874 * (-2.680159988684729 + (0.8643223760263921 * x_1)))))))))))) + ((3.2993263542568627 * inv((0.17684702476974912 + (0.029741959303740004 * (-2.5507774690309435 + (0.8335657750653932 * x_0)))))) - (-2.5507774690309435 + (0.8335657750653932 * x_0))))))
feynman_II_38_3,ok,4,128,3,BFGS,0.9094999064047681,2.6640357453416335,93,270.88,,0.01,(0.3629597890047658 + ((((5.699368137221377 * inv((4.183355676628937 + (0.27162437371616877 * (-2.616783341122097 + (0.8781832314186395 * x_3)))))) - (-0.5884196563721804 * (-2.616783341122097 + (0.8781832314186395 * x_3)))) + ((((0.5916395495873168 * (-2.495679074949545 + (0.8362537246328503 * x_0))) - ((0.181563855244103 * exp((0.24459215570875903 + (0.14765792173235753 * exp((0.6047352695174988 + (0.6549008457368479 * (-2.697549234125539 + (0.8870470474820004 * x_2))))))))) - (0.8694017847782525 * inv((8.913709995828437 + (0.44940620297542844 * (-2.495679074949545 + (0.8362537246328503 * x_0)))))))) + (0.51433367353654 * (-2.5857619137828576 + (0.8827117374437846 * x_1)))) + (0.7880124306752183 * inv((3.239729086187223 + (-0.40750902827009483 * (-2.616783341122097 + (0.8781832314186395 * x_3)))))))) * inv((0.16610100905206 + (0.05752776130998477 * (-2.697549234125539 + (0.8870470474820004 * x_2)))))))
feynman_II_3_24,ok,2,32,1,BFGS,0.8986318076985381,0.01853288037396518,54,12.49,,0.01,(0.08177606762916625 + ((-0.037019791649096884 * inv((0.798025489442121 + (0.4555599298937678 * (-2.4932298491024527 + (0.8505516213027529 * x_1)))))) + (0.6094595234215252 * inv(((-3.6199784950491196 * inv((0.5816782528981257 + (-0.013201323876365488 * (-2.5176695361224137 + (0.8572007920001259 * x_0)))))) - (0.590573806015362 * inv(((0.05451001696476543 * (-2.4932298491024527 + (0.8505516213027529 * x_1))) + (0.2948640029055726 * inv((57.213880258290516 + (0.13303674178286895 * (-2.5176695361224137 + (0.8572007920001259 * x_0))))))))))))))
feynman_II_4_23,ok,3,128,3,BFGS,0.848051071210091,0.013430127598949747,80,492.52,,0.01,(-0.018417229474364083 + ((-0.002296376823859297 * (-2.6450480349990975 + (0.875105235568507 * x_1))) + (1.8970258998545049 * (inv((3.8989063630737633 + (-0.06558568713503243 * (-2.6450480349990975 + (0.875105235568507 * x_1))))) * inv((10.387864690190877 + (5.397741798297272 * (inv((24.966260061227516 + (-3.2709115769346955 * (-2.726174070301242 + (0.8855813319350537 * x_0))))) * (((8.376671225168888 * (-2.833389203949172 + (0.92120344499104 * x_2))) + (-32.18658217689267 * inv(((-4.2778313133207035 * (-2.833389203949172 + (0.92120344499104 * x_2))) + (-16.787901041069716 * inv((-1.9002011494816884 + (6.900268175732865 * (-2.833389203949172 + (0.92120344499104 * x_2)))))))))) - (-5.063436930134344 * (1.732866113583606 * (-2.6450480349990975 + (0.875105235568507 * x_1)))))))))))))
feynman_II_6_11,ok,4,256,4,BFGS,0.7577518289919166,0.009610211422187834,70,262.77,,0.01,(0.00860944821928515 + (inv((-6.275022236907519 + (0.3530982883330907 * (-3.412369198286662 + (1.7449053370848846 * x_1))))) * (((-0.03943116629463492 * (-3.466501049439632 + (1.7135096701193169 * x_3))) + (0.028589413445634152 * (-3.473970884806541 + (1.7576736275678213 * x_0)))) + (-0.8633312778706751 * inv((-0.43574955469581644 + (-0.03779010201406871 * ((inv((-0.7977399282733904 + (-0.5756702914179662 * (-3.423012712168896 + (1.7317141236151294 * x_2))))) * inv((0.6018823283877752 + (-0.27821794009935874 * (-3.473970884806541 + (1.7576736275678213 * x_0)))))) * (-111.4234596172357 * inv((1.2938752801412967 + (0.2208658376152116 * (-3.412369198286662 + (1.7449053370848846 * x_1))))))))))))))
feynman_II_6_15a,ok,6,256,4,BFGS,0.9107325883620394,0.10833875393366797,117,270.41,,0.01,(0.014977720304345514 + ((0.02144193418943452 * exp(((-2.216080753281815 * (-3.5442362624045955 + (1.7290625791858034 * x_2))) + (0.6015355918339926 * (inv(((1.2254516695703455 * inv((-1.3906370939584227 + (1.5975137070395444 * (-3.5442362624045955 + (1.7290625791858034 * x_2)))))) + (0.08133343434030252 * exp((0.3947006285061486 + (0.19194936316533837 * (-3.478817506470138 + (1.722491710743543 * x_5)))))))) * ((-0.00941802207326197 * (-3.6153250605869824 + (1.7887668278887368 * x_4))) - ((0.1309016967705256 * (-3.4212794043995127 + (1.7310890036930104 * x_1))) + (1.197995798079379 * inv((26.21861984153 + (0.4115420149513852 * (inv((1.3436376639299332 + (0.7509212363215514 * inv((25.142533975341834 + (0.6485905917315147 * (-3.587281008481665 + (1.8104534573853899 * x_3)))))))) * ((5.304962438280003 * inv((36.327426745241034 + (0.1153966688332527 * (-3.3402239085436296 + (1.6902763339957814 * x_0)))))) + ((4.471277897743047 * (-3.6153250605869824 + (1.7887668278887368 * x_4))) + (0.32661603252851235 * (-3.4212794043995127 + (1.7310890036930104 * x_1))))))))))))))))) + (0.030157779380955832 * (-3.587281008481665 + (1.8104534573853899 * x_3)))))
feynman_II_6_15b,ok,4,256,4,BFGS,0.485256681454011,0.022101875468591343,129,320.82,,0.01,(-0.009180753509169755 + (((((0.06289553498162542 * inv((0.5232003746987917 + (0.5617793231853425 * (-3.4219568305138166 + (1.7204774630147597 * x_1)))))) + ((-0.07679525561381134 * (-3.4219568305138166 + (1.7204774630147597 * x_1))) + (0.6142516363398882 * (-3.6124386164696762 + (1.7575565979989267 * x_3))))) + (30.330761048662538 * ((((-3.655985855727595 * inv((0.4580949847589444 + (3.6780827853117586 * (-3.6124386164696762 + (1.7575565979989267 * x_3)))))) + (0.5125246174855231 * (-3.4219568305138166 + (1.7204774630147597 * x_1)))) * (0.6769140188597733 * ((-3.574168123804971 + (1.7856360285208566 * x_2)) * ((-3.574168123804971 + (1.7856360285208566 * x_2)) * (inv(((0.5037664508014077 * inv((0.6128876965378467 + (0.20992552338622272 * (-3.6124386164696762 + (1.7575565979989267 * x_3)))))) + (0.663737952038677 * (-3.6124386164696762 + (1.7575565979989267 * x_3))))) * inv((10.631525534435575 + (0.10154235961819963 * (-3.6124386164696762 + (1.7575565979989267 * x_3)))))))))) * (0.2455859012329369 * (-3.5132747487246787 + (1.7460712803704583 * x_0)))))) + (-28.77918182444955 * (-3.574168123804971 + (1.7856360285208566 * x_2)))) * (0.00010891941351578793 * inv((0.7030940890575978 + (0.39468601772413137 * (-3.6124386164696762 + (1.7575565979989267 * x_3))))))))
feynman_II_8_31,ok,2,64,2,BFGS,0.999429459925709,0.3073635413635797,89,76.53,,0.01,(0.5594252724946092 + (((0.33234841144747107 + (0.13427031425527242 * (-2.653907254924258 + (0.8509274823888617 * x_1)))))**2 * (((((0.42365171326836554 * (-2.752389043981485 + (0.9048032319317431 * x_0))) - ((-5.515789638055412 * (-2.752389043981485 + (0.9048032319317431 * x_0))) - ((0.4268680983173262 * ((17.41068746826519 + (3.025305076232388 * (-2.752389043981485 + (0.9048032319317431 * x_0)))))**2) - (3.3656815009921184 * (-2.653907254924258 + (0.8509274823888617 * x_1)))))) - (0.047054363358231314 * (inv((0.10685173341458407 + (0.9946916629486795 * (-2.752389043981485 + (0.9048032319317431 * x_0))))) * (-2.653907254924258 + (0.8509274823888617 * x_1))))) - (0.09306675665678715 * (-2.653907254924258 + (0.8509274823888617 * x_1)))) + (-6.862824428171386 * ((0.4822350853109991 + (0.5434736695608395 * (-2.752389043981485 + (0.9048032319317431 * x_0)))))**2))))
feynman_II_8_7,ok,3,256,4,BFGS,0.8378402152835182,0.03718614594395439,33,336.69,,0.01,(0.04033104953599137 + ((0.05393201095983036 * (-2.817692762706578 + (0.922060438168705 * x_0))) + (0.023354889003295326 * (inv((4.984050110708765 + (2.598079326034636 * (-2.6690271729427253 + (0.8807282537045857 * x_1))))) * inv((0.2804001497929902 + (0.12051717689670538 * (-2.669435878248962 + (0.9227695518217146 * x_2)))))))))
feynman_I_10_7,ok,3,32,1,BFGS,0.9960511636346445,0.07434904397235352,44,27.72,,0.01,(3.03450546638696 + (((-0.08392118543941193 * (-3.468260823868103 + (0.5144108989083627 * x_2))) - ((-1.0988824243915152 * (-2.588106740665522 + (0.887566173182724 * x_0))) - (0.04445293292236429 * (-5.100574389259935 + (3.343197439644897 * x_1))))) + (0.06324955094787468 * ((-2.588106740665522 + (0.887566173182724 * x_0)) * inv((1.0372613851292825 + (0.4083017731748166 * (-3.468260823868103 + (0.5144108989083627 * x_2)))))))))
feynman_I_11_19,ok,6,32,1,BFGS,0.9139628697052427,2.7024683700642766,117,36.01,,0.01,(-19.124962848095954 + (((3.1140419752101547 * (-2.695030893403317 + (0.8307952953518407 * x_5))) - (((((-2.8737380211911048 * (-2.4827020613216004 + (0.8474431728639252 * x_0))) - ((1.8427794896118193 * (-2.7479829985177977 + (0.8948864386578299 * x_3))) - (((-4.12145559426879 * (-2.676096923467062 + (0.9079286415109341 * x_2))) - (1.5497797908369553 * exp((-1.468761064448187 + (-0.6476228008840585 * (-2.6471928306298094 + (0.885966881026239 * x_4))))))) - inv((0.9006667132599815 + (22.040105888945703 * exp((4.132048412038749 + (19.74612483004489 * (43.664443459778155 * (-2.676096923467062 + (0.9079286415109341 * x_2)))))))))))) - (4.713199777938217 * (-2.4909796979027035 + (0.8495365704084542 * x_1)))) - ((1.1701733589066161 * (-2.695030893403317 + (0.8307952953518407 * x_5))) - ((-3.6437681592713504 * (-2.6471928306298094 + (0.885966881026239 * x_4))) - (35.7111775719283 * exp((0.23390673200738704 + (0.10341133345772358 * (-2.7479829985177977 + (0.8948864386578299 * x_3))))))))) + (1.2101943398867498 * (-2.4909796979027035 + (0.8495365704084542 * x_1))))) + (-3.221868604717602 * (-2.7479829985177977 + (0.8948864386578299 * x_3)))))
feynman_I_12_1,ok,2,32,1,BFGS,0.9744361153016322,0.8046818799293426,127,39.76,,0.01,(8.265683484004441 + (inv((154.61292144195193 + (-25.817632393696087 * (-2.566602023658053 + (0.8997949016063425 * x_0))))) * (((6.646346774128926 * (64.2674988641896 * (-2.878930580317207 + (0.928002407756839 * x_1)))) - (((-473.0233016127065 * (-2.566602023658053 + (0.8997949016063425 * x_0))) - (1295.3971942487565 * (inv((27794.03713008715 + (267.8616518232494 * (-2.878930580317207 + (0.928002407756839 * x_1))))) * (inv(((544.7654501434799 * (-2.878930580317207 + (0.928002407756839 * x_1))) - (-19.24524107905954 * (-2.878930580317207 + (0.928002407756839 * x_1))))) * (3934.3607804143176 * (-2.566602023658053 + (0.8997949016063425 * x_0))))))) - (57.63518336643719 * (-2.878930580317207 + (0.928002407756839 * x_1))))) - (-108.57976009630744 * inv(((12049.411899418017 * inv((718.1003690140378 + (128.81221542450066 * (-2.566602023658053 + (0.8997949016063425 * x_0)))))) - (inv((-8050.643717142815 + (70.96540272718158 * inv(((-888.7361303336747 * (-2.566602023658053 + (0.8997949016063425 * x_0))) - (-1379.6853282469415 * ((-157.8261739508447 + (-171.91106037102594 * (-2.566602023658053 + (0.8997949016063425 * x_0)))))**2)))))) * (-15.167311518589521 * (-2.566602023658053 + (0.8997949016063425 * x_0))))))))))
feynman_I_12_11,ok,5,256,4,BFGS,0.8302627307731729,10.51727558121741,74,458.16,,0.01,(3.5930191256325 + ((0.0014188728916273707 * (((-2.1036955004863733 * exp((1.283560418796295 + (1.5153718958924154 * (-2.577161210079287 + (0.8594599513383012 * x_3)))))) - (((18.95213579214125 * (-2.5860302835261004 + (0.8650529647164638 * x_4))) - (-127.31650496041922 * (-2.6603944928985346 + (0.9006524322203873 * x_2)))) - ((0.9577363206890608 * (-2.577161210079287 + (0.8594599513383012 * x_3))) - (15.783569908809358 * exp((2.850420154451255 + (0.3483072861039279 * (-2.7336069787470243 + (0.8973963259979115 * x_0))))))))) * (47.81209989307261 * (-2.5860302835261004 + (0.8650529647164638 * x_4))))) - (-126.24856614462944 * exp((-2.797263306994104 + (0.29417454123400033 * (-2.6846738802725283 + (0.8727114307740083 * x_1))))))))
feynman_I_12_2,ok,4,128,3,BFGS,0.9833056661765206,0.01523714927970617,94,115.48,,0.01,(-0.006738634111786705 + (inv((0.5592907681992352 + (0.2911687120199873 * (-2.5317902960514966 + (0.853150896025948 * x_3))))) * (0.30856578113221345 * (((3.4757116681725835 * (-2.617184116087947 + (0.8521397663891764 * x_1))) + ((0.08206960113679415 * inv(((17.0087197828459 * (-2.617184116087947 + (0.8521397663891764 * x_1))) + (0.4408996817978147 * exp((0.14571910304301466 + (1.4389340282791352 * (-2.5317902960514966 + (0.853150896025948 * x_3))))))))) + (0.46207747237009367 * inv((0.05283193615144774 + (-0.01549776075196737 * (-2.8539742313544565 + (0.9239149687966296 * x_0)))))))) * (0.03676203577001094 * inv(((3.85560210564464 * exp((0.26705353058525116 + (0.5583626034177305 * (-2.556480029432039 + (0.8349043469624741 * x_2)))))) + (0.3986940290822595 * inv(((0.36038308861425294 * (-2.8539742313544565 + (0.9239149687966296 * x_0))) - (5.367357447126327 * (-2.556480029432039 + (0.8349043469624741 * x_2)))))))))))))
feynman_I_12_4,ok,3,32,1,BFGS,0.7355505748698876,0.012619899562401386,69,196.72,,0.01,(0.008603508401540706 + ((1.2616525921845163e-07 * (inv((-0.0029266208778366883 + (0.09465740017408414 * (((220.34397323899725 * inv((-0.19117120625650091 + (0.1049896058001209 * (-2.6386330449565643 + (0.8571845166463317 * x_2)))))) + (-34.13732166325808 * (-2.506670832800553 + (0.8357722543545856 * x_1)))) * (-0.0023318236192493187 * inv((33.55350208641987 + (1.2115739352650934 * (-2.506670832800553 + (0.8357722543545856 * x_1)))))))))) * ((-314.81943992633296 * (-2.6386330449565643 + (0.8571845166463317 * x_2))) - inv((188.18032807863483 + (1.4657603059517985 * (-2.610281525456201 + (0.8563534632402007 * x_0)))))))) + (-0.00758466821497699 * (-2.506670832800553 + (0.8357722543545856 * x_1)))))
feynman_I_12_5,ok,2,32,1,BFGS,0.9992406734524929,0.13434907672757126,71,55.01,,0.01,(91.61561959798297 + (((-346.69871136293386 * inv((6657.936259362366 + (-379.217835307124 * (-2.7429584544718253 + (0.9245535089554948 * x_1)))))) - (148.4017284527871 * inv((1.7982375375938666 + (0.07262197499813075 * (-2.643473215745853 + (0.8815481695584527 * x_0))))))) + (0.00913863216569617 * (((0.047444524406250244 * (-2.643473215745853 + (0.8815481695584527 * x_0))) - (-85.0096254475398 * inv((683.798558785008 + (0.06378010542933668 * (-2.643473215745853 + (0.8815481695584527 * x_0))))))) * ((2844.5488464717528 * (-2.7429584544718253 + (0.9245535089554948 * x_1))) - (3384.4119562296364 * inv((1972.8305504221562 + (-1073.1797473236752 * (-2.643473215745853 + (0.8815481695584527 * x_0)))))))))))
feynman_I_13_12,ok,5,256,4,BFGS,0.7988334248267828,4.357474171380227,102,476.15,,0.01,(-0.011210048143413948 + (((0.38699881658356083 * exp((0.04601734021479071 + (-0.22699601462551433 * (exp((1.5368695502961676 + (0.0709546102895328 * (-2.5612832345666563 + (0.8379805705041466 * x_3))))) * (-2.384599847508499 + (0.8257596665344117 * x_4))))))) - exp((0.7479633906014058 + (0.28583801743367976 * (-2.668801708030412 + (0.8819198439156285 * x_0)))))) * (((-2.933083087869017 * (-2.7093703865142946 + (0.8748960358981902 * x_2))) - (-0.13389579823171413 * (((-0.42248210705931033 * (-2.7093703865142946 + (0.8748960358981902 * x_2))) + (0.14067810787085844 * (-2.7093703865142946 + (0.8748960358981902 * x_2)))) * (8.241143410772976 * (-2.384599847508499 + (0.8257596665344117 * x_4)))))) - ((-3.5999782090784382 * (-2.5612832345666563 + (0.8379805705041466 * x_3))) - (-0.27484063136277115 * (exp((-0.37002013685542123 + (1.8962991745154762 * (-2.384599847508499 + (0.8257596665344117 * x_4))))) * inv((1.0783783621991476 + (292.5705715144934 * (-2.6701260084176734 + (0.8768008800903796 * x_1)))))))))))
feynman_I_13_4,ok,4,64,2,BFGS,0.9382528265097967,6.350636885983712,116,78.07,,0.01,(3.7600878789287346 + ((0.018863225430531635 * (exp((4.703513910643672 + (0.06948250480447071 * (-2.548140169947589 + (0.8525284766606351 * x_2))))) * ((5.796370365656834 * exp((0.9340035781979612 + (0.332088926404565 * (-2.6220737557332443 + (0.8728146501207767 * x_1)))))) - exp((0.34363493575184356 + (-0.2821102321474175 * (-2.7370812263130415 + (0.902756266590703 * x_0)))))))) - (0.1664723486686318 * ((((46.13245041664709 * exp((0.21797108078320493 + (0.24546756239947198 * (-2.5379950056480767 + (0.8946994347622791 * x_3)))))) - (3.0358097740672125 * (-2.5379950056480767 + (0.8946994347622791 * x_3)))) + (6.548771677533427 * inv((0.5048761131706843 + (40.83950909992704 * (-2.6220737557332443 + (0.8728146501207767 * x_1))))))) * ((-1.5974935834681059 * (-2.7370812263130415 + (0.902756266590703 * x_0))) - ((1.1024036901429861 * exp((-0.47968091989797546 + (0.9550144984393998 * (-2.548140169947589 + (0.8525284766606351 * x_2)))))) - ((-0.7402059043534348 * (-2.5379950056480767 + (0.8946994347622791 * x_3))) - (0.7751448567608357 * inv((13.178920485602752 + (0.36900937494956243 * (-2.5379950056480767 + (0.8946994347622791 * x_3)))))))))))))
feynman_I_14_3,ok,3,32,1,BFGS,0.9722815119063065,3.0636222976241374,123,17.80,,0.01,(3.12955416456974 + ((((32.627727699492624 * (-2.6760694322662943 + (0.8805989180487918 * x_1))) - (0.7949158635430726 * ((-0.4465552631694123 + (0.015803726986574278 * (-2.722875886256813 + (0.8863816221636266 * x_2)))))**2)) + ((((0.049822654054792914 * (-2.722875886256813 + (0.8863816221636266 * x_2))) - ((-0.7192417169412204 * ((-14.077737255700896 + (-3.6789282856704393 * (-2.428453058567591 + (0.8889549158624802 * x_0)))))**2) - (0.3751673412439185 * inv(((3.8561870859328007 * ((5.370341251739713 + (17.6201080801616 * (-2.722875886256813 + (0.8863816221636266 * x_2)))))**2) - (12.807627209776093 * (((107.694769172875 * (-2.6760694322662943 + (0.8805989180487918 * x_1))) - (6.2233547964713125 * inv((1.9375620018316102 + (75.30026873417646 * (-2.722875886256813 + (0.8863816221636266 * x_2))))))) * (-2.6760694322662943 + (0.8805989180487918 * x_1))))))))) - (-2.428453058567591 + (0.8889549158624802 * x_0))) - (-0.2278842749800195 * (-2.428453058567591 + (0.8889549158624802 * x_0))))) * ((0.033363001172280804 * (-2.6760694322662943 + (0.8805989180487918 * x_1))) + ((0.13384411210708325 + (0.23335003581287017 + (0.08409670177359785 * (-2.722875886256813 + (0.8863816221636266 * x_2))))))**2)))
feynman_I_14_4,ok,2,32,1,BFGS,0.9120135963493845,3.928558467936367,104,18.03,,0.01,(10.773634350108473 + ((6.649832103462627 * (inv((1.6170686608116047 + (-0.5618231490146739 * (-2.626437502441532 + (0.8816095514609437 * x_0))))) * ((1.9940527114422113 * (-2.630906588185309 + (0.8633123577016952 * x_1))) + (((0.5978178498527391 * (-2.626437502441532 + (0.8816095514609437 * x_0))) - (-2.447756063268468 * inv((2.823225272393379 + (0.7843099298190612 * (-2.626437502441532 + (0.8816095514609437 * x_0))))))) + (((0.1032578278929624 * inv(((0.564944732358146 * ((9.39165531595767 + (0.9746471977457345 * (-2.630906588185309 + (0.8633123577016952 * x_1)))))**2) - inv((-0.27759803647045855 + (-3.0542890454700817 * (-2.626437502441532 + (0.8816095514609437 * x_0)))))))) - (-0.7938258127395721 * inv((5.117845044109682 + (5.496925916138252 * (-2.626437502441532 + (0.8816095514609437 * x_0))))))) + (-7.324698371506634e-08 * inv((2.9261420912679013 + (2.8430772306461103 * (-2.626437502441532 + (0.8816095514609437 * x_0))))))))))) + (0.4007538051919054 * (-2.630906588185309 + (0.8633123577016952 * x_1)))))
feynman_I_15_10,ok,3,32,1,BFGS,0.9480556706961053,0.4597253686129199,88,57.12,,0.01,(4.747993666983437 + (((0.9502305195902736 * (-5.457180456861609 + (3.6446002602554834 * x_1))) - (-45.41546920518721 * inv(((2.9898935280488566 * (-5.457180456861609 + (3.6446002602554834 * x_1))) - (562.2101731971618 * ((2.5998309197365614 * inv((0.34400585014823126 + (-4.942143445559255 * (-5.457180456861609 + (3.6446002602554834 * x_1)))))) + (2.3681027985857357 * (inv((-3.908075514126515 + (-1.485876968943439 * (-2.999068701425839 + (0.46665137782532334 * x_2))))) * (13.793305418526032 * (-2.644856021421248 + (0.8646173589431646 * x_0))))))))))) - ((-1.8447562174067427 * (-2.644856021421248 + (0.8646173589431646 * x_0))) - (0.049852435057509054 * cos(((-0.4913283681658641 * inv((-0.062334851377786875 + (15.921387642974338 * (-5.457180456861609 + (3.6446002602554834 * x_1)))))) - (24.711974520815204 * (-2.999068701425839 + (0.46665137782532334 * x_2)))))))))
feynman_I_15_3t,ok,4,32,1,BFGS,0.9951556232058157,0.08391341389613835,54,29.71,,0.01,(2.765143978322766 + ((-2.419137422785296 + (0.862311797425404 * x_3)) * ((-0.025637116783843887 * (((-53.08471336839347 * inv((17.590600720568112 + (-0.31487227309851906 * (-3.34115030979141 + (0.5107587437264599 * x_1)))))) - (-0.6504308682290639 * inv((4.0228972497949975 + (13.579999677988145 * (-5.192961335421972 + (3.487532856832522 * x_2))))))) * (-3.34115030979141 + (0.5107587437264599 * x_1)))) - (-0.11083974333207575 * inv((0.09300843599403993 + (0.00802474247612488 * (-3.34115030979141 + (0.5107587437264599 * x_1)))))))))
feynman_I_15_3x,ok,4,64,2,BFGS,0.9765434249823358,0.2521186802893515,127,61.79,,0.01,(5.192695900550337 + ((((0.40453741236026786 * inv((1.7819596438719145 + (0.48379963726584174 * (-5.31046149851653 + (0.7020053706524357 * x_0)))))) - ((0.3973486729754514 * (-5.10499948290293 + (3.3738543444755535 * x_1))) + (3.5227692357511593 * inv((77.59303769843547 + (0.725161119602022 * (-5.31046149851653 + (0.7020053706524357 * x_0)))))))) + ((((1.5360290937723278 * (-5.31046149851653 + (0.7020053706524357 * x_0))) - (-0.10448724826235439 * cos(((0.042613824005279966 * inv((8.92339236911446 + (-0.0759815693547427 * (-5.10499948290293 + (3.3738543444755535 * x_1)))))) - (inv(((4.460098227401367 * (-2.178268316616358 + (0.18522376390576137 * x_2))) - (1.198526977879827 * (-2.178268316616358 + (0.18522376390576137 * x_2))))) * (inv((2.056382040149141 + (4.027654823432915 * (-2.178268316616358 + (0.18522376390576137 * x_2))))) * (29.419262833865147 * inv((6.170232163420366 + (-0.7237908389280272 * (-2.178268316616358 + (0.18522376390576137 * x_2)))))))))))) - (-5.406940417278592 + (3.651746841581515 * x_3))) - (-0.1027656125185577 * inv((-59.023992241040574 + (0.4342729037433062 * (-5.406940417278592 + (3.651746841581515 * x_3)))))))) - (-0.5680170712143009 * (-5.406940417278592 + (3.651746841581515 * x_3)))))
feynman_I_16_6,ok,3,32,1,BFGS,0.917829595244028,0.3446124291492232,17,25.34,,0.01,(2.614111180059046 + ((0.037880879343205595 * (-2.7471278243839246 + (0.9079909650983548 * x_2))) + (1.1484394732234482 * (-2.338683200901609 + (0.839476836958178 * x_0)))))
feynman_I_18_12,ok,3,128,3,BFGS,0.8633231776323811,2.568100835708657,93,345.31,,0.01,(-7.699601170246969 + ((-0.6998091139615346 * (-1.725396682298155 + (0.6944642421502414 * x_2))) + (2.090429348940317 * exp((-19.79531980275477 + (0.07487028938186319 * (((12.511545212864316 + (0.04611327485813993 * (-2.548286892362978 + (0.86026417115375 * x_1)))))**2 * inv(((0.14290864620434002 * ((1.8197757341304825 + (0.37039437665689773 * (-1.725396682298155 + (0.6944642421502414 * x_2)))))**2) + ((0.04585477585662004 * ((1.2413202682730349 + (-0.05512837548689692 * ((((0.2196947132360134 * (-2.548286892362978 + (0.86026417115375 * x_1))) + (0.027801903663360127 * (-2.548286892362978 + (0.86026417115375 * x_1)))) + (4.933146556199821 * inv((3.9371381458276566 + (0.1766139653691804 * (-2.548286892362978 + (0.86026417115375 * x_1))))))) * (0.523966920316092 * (-2.421696017227875 + (0.8519542273871007 * x_0)))))))**2) - (0.16892212008334048 * (-1.725396682298155 + (0.6944642421502414 * x_2)))))))))))))
feynman_I_18_14,ok,4,128,3,BFGS,0.9259173152907699,6.944563906635792,110,243.86,,0.01,(1.618699732249726 + (((0.0024209805807569327 * (((-3.7674264884802664 * (-2.6000499735222258 + (0.8575648261012243 * x_0))) - (((2.806021041059071 * inv((1.0276943317123934 + (1.0163906692907831 * (-2.6321438473229772 + (0.8768714116868315 * x_1)))))) - (-33.748510467460605 * (-2.613124523709804 + (0.8658355855259678 * x_2)))) + ((150.2321118844361 * inv((-0.6922942331081547 + (26.79915324247576 * (exp((0.6861272360696038 + (-0.15956210739607068 * (-2.6321438473229772 + (0.8768714116868315 * x_1))))) * inv((36.721494822252396 + (3.616314999189612 * (-2.6000499735222258 + (0.8575648261012243 * x_0)))))))))) - inv((257.4039967524876 + (3.701916765581334 * (-2.7962163559154027 + (0.9041044335611569 * x_3)))))))) * (exp((1.232469966066712 + (0.2488611252613755 * (-2.613124523709804 + (0.8658355855259678 * x_2))))) * (71.34092114941345 * inv((6.772282758662779 + (-0.5670750888095852 * (-2.6000499735222258 + (0.8575648261012243 * x_0))))))))) + (0.742507723675895 * (-2.6000499735222258 + (0.8575648261012243 * x_0)))) * (-2.7962163559154027 + (0.9041044335611569 * x_3))))
feynman_I_18_4,ok,4,32,1,BFGS,0.9309334140873458,0.2331173194637797,118,28.45,,0.01,(3.092294948073839 + ((-0.0002625415817173834 * (((26.14749531553609 * (-2.8149539998910376 + (0.9007791820199235 * x_3))) - (6.235485517698537 * ((0.13890590249311485 * (((31.797021046847043 * inv((81.24148943577731 + (0.5306488662061741 * (-2.8149539998910376 + (0.9007791820199235 * x_3)))))) - (0.13431436245405187 * (-2.8149539998910376 + (0.9007791820199235 * x_3)))) * (-19.12870210807479 * (-2.6157150245109952 + (0.8800441601899178 * x_1))))) * ((0.08128732995114107 * inv((3.3104952554588483 + (3.6430978301338275 * (-2.664498595282067 + (0.8920120394009231 * x_0)))))) + inv((39.90926676340399 + (7.407124401843307 * (-2.6157150245109952 + (0.8800441601899178 * x_1))))))))) * ((0.6820129745451022 * (-2.8149539998910376 + (0.9007791820199235 * x_3))) + (1.052879884739327 * inv(((-0.6253121183779498 * (-2.8149539998910376 + (0.9007791820199235 * x_3))) - (32.20822321190013 * inv((0.43732488617708376 + (7.656639748198348 * (-2.604761631720367 + (0.8569951062057086 * x_2)))))))))))) - (-0.1710253181959811 * ((3.2074558951964605 * (-2.8149539998910376 + (0.9007791820199235 * x_3))) + (3.3815307181434235 * (-2.604761631720367 + (0.8569951062057086 * x_2)))))))
feynman_I_24_6,ok,4,64,2,BFGS,0.8397924876379932,5.901346048374113,58,471.86,,0.01,(28.573755739221554 + ((((15.835590485248318 * (0.057907845715465936 * (((-96.47508807231361 + (13.077960080612264 * (-3.567613329038069 + (1.7349021460027578 * x_3)))))**2 * (18.513295012631808 * inv((-4400.245392344483 + (-63.529198255703506 * (-3.567613329038069 + (1.7349021460027578 * x_3))))))))) - (-5.010936903314818 * (-3.6425304974630017 + (1.7917824686289467 * x_2)))) - (-0.14038396432947658 * ((14.137645267227935 + (1.2440215265220234 * (-3.528758604253555 + (1.7555246602223264 * x_1)))))**2)) + (4.770964131700692 * (-3.4568449343419667 + (1.721945283087779 * x_0)))))
feynman_I_25_13,ok,2,32,1,BFGS,0.918267996269196,0.23646337507796183,22,35.54,,0.01,(-0.037613023572879656 + ((3.222225304451118 * inv((3.1890065369530607 + (1.3181638945082201 * (-2.400742498290202 + (0.8003923054356457 * x_1)))))) - (-0.47373826912402517 * (-2.5512487222767346 + (0.8665706977286725 * x_0)))))
feynman_I_26_2,ok,2,128,3,BFGS,0.9831658539386027,0.06266793570188825,74,337.02,,0.01,(0.044774770927729676 + (((1.4405067701328256 * (-1.564164953504747 + (3.41799237175793 * x_0))) - (-1.448539932487666 * inv((0.4901315507697418 + (-0.11350105525559064 * (-1.564164953504747 + (3.41799237175793 * x_0))))))) * (-0.07652619099377594 * inv((((0.13647681206645465 * (-2.401625007900688 + (0.840568848454874 * x_1))) - (0.8958236767666934 * inv((10.601401045852125 + (57.25106378866792 * ((-2.401625007900688 + (0.840568848454874 * x_1)) * inv((-0.19639847624007956 + (0.9496372000463499 * (-2.401625007900688 + (0.840568848454874 * x_1))))))))))) - inv(((0.263672870112077 * (-1.564164953504747 + (3.41799237175793 * x_0))) - (2.438486611681362 * (-2.401625007900688 + (0.840568848454874 * x_1))))))))))
feynman_I_27_6,ok,3,128,3,BFGS,0.8673829089119635,0.14568821646321484,38,331.22,,0.01,(0.7515868790788902 + (((0.05800399820100721 * inv((1.4325333292259033 + (53.8201401295552 * (-2.3985862823410833 + (0.8064518581298143 * x_1)))))) - ((-0.23480296015942298 * (-2.3985862823410833 + (0.8064518581298143 * x_1))) - (-0.24350095469474103 * (-2.7198734845172403 + (0.8655823842985322 * x_2))))) + (0.09947163426583275 * (-2.5212812957632926 + (0.8269424556449783 * x_0)))))
feynman_I_29_16,ok,4,128,3,BFGS,0.6040459082888024,1.2629606308215149,85,357.52,,0.01,(3.6393682229361595 + ((((-20.289880094273357 * (-2.585674534025608 + (0.8767406575303234 * x_3))) - (-15.68816934373766 * (-2.585674534025608 + (0.8767406575303234 * x_3)))) - ((-0.4593581118589962 * (-2.6705100830629784 + (0.8888164274402005 * x_1))) - ((0.654046014179623 * (-2.719956086378315 + (0.8786412216232687 * x_0))) - (0.002505934122547497 * (((6.329275692134155 * inv((4.018565905348094 + (-0.6486406897987875 * (-2.585674534025608 + (0.8767406575303234 * x_3)))))) - ((17.191081508126807 * (-2.585674534025608 + (0.8767406575303234 * x_3))) - (88.12066342264 * inv((-11.956953869364726 + (375.0377840908477 * (-2.719956086378315 + (0.8786412216232687 * x_0)))))))) * (-28.516236840775427 * (-2.4962836392515335 + (0.8671704050930179 * x_2)))))))) - (-4.799520783209413 * (-2.585674534025608 + (0.8767406575303234 * x_3)))))
feynman_I_29_4,ok,2,32,1,BFGS,0.8920364580729764,0.42425723339217136,109,335.62,,0.01,(1.8885977848349231 + (((117.70550209482292 * inv((-0.13509545396662115 + (0.0160071421726325 * ((inv((0.4994433301337773 + (0.30786166279704563 * (-2.1650620520807715 + (0.38592391333961634 * x_0))))) * (((0.6091985098157471 * inv((0.8664395846189943 + (-0.12375065666578633 * (-2.1650620520807715 + (0.38592391333961634 * x_0)))))) - (-0.05378882187424469 * (-2.1650620520807715 + (0.38592391333961634 * x_0)))) + (0.023160016220064972 * (-2.1650620520807715 + (0.38592391333961634 * x_0))))) * (inv((0.0030599105732439617 + (0.6869310137457987 * (inv((116.7971082376273 + (-0.5112923899081578 * (-1.9951431992266675 + (0.3861777173669346 * x_1))))) * (-1.3221601894591686 * inv((3.2478905083771377 + (-0.29569911344150945 * (-1.9951431992266675 + (0.3861777173669346 * x_1)))))))))) * (1.2677243134387601 * inv((-0.3908123742651646 + (-0.5867527169439075 * (-1.9951431992266675 + (0.3861777173669346 * x_1)))))))))))) - (-0.3630869889824302 * inv((0.7849281591787962 + (71.09794803247456 * (-1.9951431992266675 + (0.3861777173669346 * x_1))))))) + (-2.1650620520807715 + (0.38592391333961634 * x_0))))
feynman_I_30_3,ok,3,256,4,BFGS,0.3954588013596152,1.7858581253056727,81,329.60,,0.01,(0.39478442954374393 + (((0.8936121599936764 * (-2.7051468847223092 + (0.8846863425384316 * x_0))) - (((0.4191852375690073 * (-2.461202600763884 + (0.8634250264942191 * x_2))) - (1.9223123135452895 * inv((1.5517895811094 + (0.6985662892138413 * (-2.713917252913514 + (0.9120507374530804 * x_1))))))) - ((0.0006517210284467398 * (-2.461202600763884 + (0.8634250264942191 * x_2))) - (-0.18306157402331957 * inv((4.304547489992363 + (-0.8168376480771204 * (-2.7051468847223092 + (0.8846863425384316 * x_0))))))))) + (0.11794397607880355 * inv(((9.708523695969163 * inv(((5.507744195487472 * (-2.461202600763884 + (0.8634250264942191 * x_2))) - (0.7505725034395501 * (-2.713917252913514 + (0.9120507374530804 * x_1)))))) - (78.29164837458677 * (-2.713917252913514 + (0.9120507374530804 * x_1))))))))
feynman_I_30_5,ok,3,64,2,BFGS,0.9653886849821982,0.02600169702456256,111,53.50,,0.01,(0.02713659537867015 + (((1.0781739496390905 * inv((0.5041907366716742 + (0.22523485246852143 * (-2.503496805650597 + (0.8524201121194467 * x_2)))))) - inv((-0.30867054878422473 + (0.9597085719755611 * (((76.96528898807091 * inv((-0.07454936321764899 + (1.73250165146928 * (-5.1465134878527214 + (3.4065737547807147 * x_0)))))) - ((-8.80645672045232 * (inv((-0.46994262717697377 + (169.75034270276427 * (-2.503496805650597 + (0.8524201121194467 * x_2))))) * (-2.503496805650597 + (0.8524201121194467 * x_2)))) - (inv((0.7843861111889905 + (0.330962288886258 * (-4.072826686636155 + (1.186008527663161 * x_1))))) * (((4.626935759481768 * (-5.1465134878527214 + (3.4065737547807147 * x_0))) + (-1.8114696670612283 * (-2.503496805650597 + (0.8524201121194467 * x_2)))) + inv((0.13971290917465135 + (3.1467368058651672 * (-4.072826686636155 + (1.186008527663161 * x_1))))))))) * inv((-19.052240121118558 + (19.27990477993933 * (-2.503496805650597 + (0.8524201121194467 * x_2)))))))))) * inv((17.255140585769546 + (5.112503991150016 * (-4.072826686636155 + (1.186008527663161 * x_1)))))))
feynman_I_32_17,ok,6,32,1,BFGS,0.8330280917235232,2.0957895320426436,117,165.15,,0.01,(0.3432311305417465 + (((((0.14500232817175418 * (-5.422314254425465 + (3.6430504379238773 * x_3))) - (-0.0521078431478634 * exp((-0.007965599563343775 + (-0.2111068782266832 * (-5.377145912979087 + (3.5490731972883967 * x_4))))))) + (0.07806045457932693 * (-5.167560062937342 + (3.539922280882652 * x_0)))) + (7.511365662011023 * exp((((-0.8672248638903683 * exp((-0.09060888208434201 + (1.1460724327984662 * (-7.094423785619939 + (1.79517298980545 * x_5)))))) + ((-0.6041894492303813 * (-5.377145912979087 + (3.5490731972883967 * x_4))) - (0.9363543744564555 * exp((0.6665885996465014 + (-0.38520633264633586 * (-5.422314254425465 + (3.6430504379238773 * x_3)))))))) + (((1.0563880038621658 * (-5.377145912979087 + (3.5490731972883967 * x_4))) + (0.7565655002476068 * inv((18.268669482202025 + (-0.02637299828495508 * (-7.094423785619939 + (1.79517298980545 * x_5))))))) + (-0.44325576330385863 * (-5.422314254425465 + (3.6430504379238773 * x_3)))))))) * ((1.7743497238950874 * exp((0.6418844114588229 + (0.5700151952878578 * (-5.377145912979087 + (3.5490731972883967 * x_4)))))) - (-1.557695069618862 * (-5.22090641103695 + (3.5546784205957644 * x_2))))))
feynman_I_32_5,ok,4,128,3,BFGS,0.911996100294743,0.19088869067267072,126,152.91,,0.01,(0.0545013728906131 + (exp((2.597959866945521 + (-1.8274784919106453 * (-2.7279182964428794 + (0.9289890799688245 * x_3))))) * (((0.006318383164230383 * exp((3.0450464013330567 + (-0.10239699581788733 * (-2.5204631409860694 + (0.8420799699938597 * x_2)))))) + ((0.011124225905983807 * (-2.5204631409860694 + (0.8420799699938597 * x_2))) + (1.4454376482593525 * (((0.0727510014977018 * (((10.817359815277719 * (-2.7279182964428794 + (0.9289890799688245 * x_3))) + (0.6583639096373834 * exp((0.5391948283723687 + (1.2816025087190743 * (-2.6293091772736408 + (0.8973551875146073 * x_1))))))) * (-2.6293091772736408 + (0.8973551875146073 * x_1)))) + ((-0.020232511073554456 * (-2.7279182964428794 + (0.9289890799688245 * x_3))) - exp((0.054947364057199855 + (0.6136689817469878 * (-2.5999126994662913 + (0.8603722624673278 * x_0))))))) * (-0.0014783461612609622 * (-2.5999126994662913 + (0.8603722624673278 * x_0))))))) - (0.07005544783239281 * exp(((1.3420528134777778 * exp((-0.7780774750677444 + (-0.014242662080530454 * (-2.7279182964428794 + (0.9289890799688245 * x_3)))))) + (-0.013107364502111096 * (exp((0.28361858827386954 + (-0.6454000520606806 * (-2.5204631409860694 + (0.8420799699938597 * x_2))))) * (-2.6293091772736408 + (0.8973551875146073 * x_1))))))))))
feynman_I_34_1,ok,3,32,1,BFGS,0.9410791946237739,0.4519143512810499,98,13.39,,0.01,(2.6881500192131647 + ((0.2307777332294922 * (inv((0.4435686632349426 + (0.8789004673101355 * (-2.588994719877589 + (0.8403804552900841 * x_2))))) * ((0.008108956271195645 * inv((1.7011135047001686 + (0.3842090854793627 * (-3.213191526129124 + (0.49872911299177847 * x_0)))))) - inv((0.7840965682050581 + (75.6717713745858 * (-5.224059625126184 + (3.4221881154884906 * x_1)))))))) - ((-1.923390872898929e-09 * (inv((5.1404078855177956e-08 + (1.3756408118470526e-08 * (-3.213191526129124 + (0.49872911299177847 * x_0))))) * (((1.9607551627623128 * inv((37.04618687270634 + (6.10455626201208 * (-2.588994719877589 + (0.8403804552900841 * x_2)))))) - (-33.079293124883606 * inv((0.852246081740957 + (-0.20593938719883287 * (-5.224059625126184 + (3.4221881154884906 * x_1))))))) + (38.74726660582281 * (-2.588994719877589 + (0.8403804552900841 * x_2)))))) - (0.15586534541706726 * inv((38.996569403766 + (0.8087753209761209 * (-5.224059625126184 + (3.4221881154884906 * x_1)))))))))
feynman_I_34_14,ok,3,32,1,BFGS,0.9539662172829,0.3134216271919658,53,29.35,,0.01,(1.0787844518155878 + ((-0.06042859733730016 * inv((0.09468905540796922 + (0.016231489805953257 * (-3.4548575752247537 + (0.523026255492135 * x_0)))))) - ((-0.050674667005551725 * inv(((0.002169408039849224 * (-3.4548575752247537 + (0.523026255492135 * x_0))) - (-0.09592630930906379 * ((0.39731396075717523 + (0.06489099926665744 * (0.1080428092287343 * inv((0.3822061844869751 + (194.2991465847074 * (-3.4548575752247537 + (0.523026255492135 * x_0)))))))))**2)))) + (-1.366925837089112 * (-2.704855709187059 + (0.914044649674877 * x_2))))))
feynman_I_34_27,ok,2,32,1,BFGS,0.9999749389255007,0.004130137564396301,63,22.40,,0.01,(1.2512831287497157 + ((0.6322877007518544 * (-2.534319111975044 + (0.8625028469077035 * x_1))) + ((1.8765117068965034 * (-2.89141769643402 + (0.898356770850574 * x_0))) - (0.7107726054132022 * inv((-0.0005369501299096649 + (0.02870461707302896 * (((62.05837484928067 * inv((8.686784767670623 + (-1.418834027866826 * (-2.534319111975044 + (0.8625028469077035 * x_1)))))) - (-25.104061701254594 * inv((38.40890820076143 + (0.009837810417391277 * (-2.89141769643402 + (0.898356770850574 * x_0))))))) * (1.804608329735371 * inv((-0.14565432555100843 + (0.7739822127436529 * (-2.89141769643402 + (0.898356770850574 * x_0))))))))))))))
feynman_I_34_8,ok,4,256,4,BFGS,0.863547895958467,4.220517665151146,89,297.30,,0.01,(1.36106218408122 + (((10.884106572385079 * inv((11.322864681408177 + (-3.6723155267280774 * (-2.466227921875975 + (0.8316291782707262 * x_1)))))) - (-0.4554413795490049 * (-2.5127584990667504 + (0.8365681778083426 * x_0)))) * ((-0.2351789148101372 * (-2.466227921875975 + (0.8316291782707262 * x_1))) - ((-5.11294964122548 * (-2.5134922366209222 + (0.8456834090766008 * x_2))) - ((-0.5524916569949767 * (-2.5134922366209222 + (0.8456834090766008 * x_2))) - (((-8.180484221956327 * inv(((2.450444144471291 * (-2.7058039597000527 + (0.8963922028654532 * x_3))) - (896.2111656148613 * (-2.5134922366209222 + (0.8456834090766008 * x_2)))))) - (10.821063818438809 * exp((-0.35345820509655956 + (-0.5524635731135401 * (-2.7058039597000527 + (0.8963922028654532 * x_3))))))) + inv((1.364564358364234 + (12.229592538056323 * (-2.7058039597000527 + (0.8963922028654532 * x_3)))))))))))
feynman_I_37_4,ok,3,256,4,BFGS,0.8672305511354441,1.0760658860505834,85,264.17,,0.01,(0.9499350687813097 + (((-2.976946760161388 * inv((-0.9790294729657261 + (-1.0387590134608224 * (-2.6571366887356653 + (0.8822946483881516 * x_0)))))) - (((1.93853430257973 * inv(((5.02531056075107 * inv((0.05653156962596245 + (4.747895938967758 * (-2.764987122967051 + (0.900490337034228 * x_2)))))) - (50.84061516757993 * inv((0.22243870844077596 + (48.00901322138208 * (-2.764987122967051 + (0.900490337034228 * x_2))))))))) + (-63.311607238482566 * (-2.383406815788065 + (0.839276951330772 * x_1)))) + (11.900890696622554 * (inv((0.7006469467522525 + (0.6945094348861658 * (-2.764987122967051 + (0.900490337034228 * x_2))))) * (0.783204066935077 * (-2.6571366887356653 + (0.8822946483881516 * x_0))))))) * (0.014196606335666793 * inv((1.668426635550782 + (-0.1726247023108251 * (-2.383406815788065 + (0.839276951330772 * x_1))))))))
feynman_I_38_12,ok,4,128,3,BFGS,0.8144568149462439,0.5464490306593816,100,260.26,,0.01,(0.10777818201924767 + ((((15.412501330806997 * (-2.698955835159459 + (0.8870284288875848 * x_2))) + (5.848519493465858 * exp((0.5438223359444783 + (-1.1442969405837187 * (1.1305151591106908 * (-2.669105088819141 + (0.8929834841209456 * x_1)))))))) + ((0.44159791937121384 * (-2.669105088819141 + (0.8929834841209456 * x_1))) + (0.5785366538951768 * ((-2.6009675945637225 + (0.8457372940431475 * x_3)) * ((((1.5321384231018005 * inv((2.5763294090910414 + (0.20647271368469405 * (-2.698955835159459 + (0.8870284288875848 * x_2)))))) + (0.20812539662931034 * (0.017168457484676387 * inv((4.358571213325562 + (25.14827329026673 * (-2.669105088819141 + (0.8929834841209456 * x_1)))))))) - (0.02685886794452167 * inv((2.2777488594412914 + (1.3605338542406868 * (-2.5586279912186 + (0.8454003566144559 * x_0))))))) - (0.3249795844728047 * (-2.669105088819141 + (0.8929834841209456 * x_1)))))))) * inv((36.8365204960309 + (4.182607175197067 * (-2.5586279912186 + (0.8454003566144559 * x_0)))))))
feynman_I_39_1,ok,2,32,1,BFGS,0.9346616697842289,1.876212767169931,97,22.13,,0.01,(11.70404193951571 + ((((-0.7938920621642442 * (-2.7062751395259212 + (0.8763906451326979 * x_0))) - (0.4160130380384395 * inv(((2.1829238530920114 * inv((1.1071485480096213 + (0.12049487370266418 * (-2.5210522670128928 + (0.8376322027194677 * x_1)))))) - (125.32406762482654 * (-2.7062751395259212 + (0.8763906451326979 * x_0))))))) - (-2.5210522670128928 + (0.8376322027194677 * x_1))) * ((-0.005274323195433982 * inv((((0.8836414515827702 * ((-0.13232738925545817 + (3.13723312173154 * (-2.5210522670128928 + (0.8376322027194677 * x_1)))))**2) - (-1.1239189191717365 * (-2.7062751395259212 + (0.8763906451326979 * x_0)))) - (13.345365344630029 * (-2.7062751395259212 + (0.8763906451326979 * x_0)))))) - ((4.697706475241115 * inv((0.9563367830984525 + (-0.33651834977247136 * (-2.7062751395259212 + (0.8763906451326979 * x_0)))))) + (5.822832315852917 * inv((4.810169281250239 + (51.883736968284175 * (-2.7062751395259212 + (0.8763906451326979 * x_0))))))))))
feynman_I_39_11,ok,3,32,1,BFGS,0.942689084987687,0.7364836673959928,126,14.88,,0.01,(0.39712462311360164 + (((0.8347803826861706 * exp((0.2642944460062313 + (0.17639043376858954 * (-2.625098388323601 + (0.8546158887138439 * x_2)))))) - (0.507471263473116 * (-4.32559571055069 + (1.2368194563105266 * x_0)))) * (((((1.3478860102094492 * (-2.6135216143256805 + (0.855921153581978 * x_1))) - (((-0.5509771142778717 * (-2.625098388323601 + (0.8546158887138439 * x_2))) - (4.172358678378231 * inv((9.34297655786942 + (3.3513597158970256 * ((inv((6.32632618138307 + (0.677764947097637 * (-4.32559571055069 + (1.2368194563105266 * x_0))))) * (-2.6135216143256805 + (0.855921153581978 * x_1))) * (72.0126617928209 * inv(((0.18855216688000698 * inv((9.777027185650958 + (63.62514713473453 * (-2.625098388323601 + (0.8546158887138439 * x_2)))))) - (0.06855290060783634 * (-2.625098388323601 + (0.8546158887138439 * x_2)))))))))))) - (0.09506312299540032 * (-2.6135216143256805 + (0.855921153581978 * x_1))))) + (0.021631601113876978 * (-2.625098388323601 + (0.8546158887138439 * x_2)))) + (0.4467204316503066 * inv((2.73186595274791 + (-0.8340107894621589 * (-2.625098388323601 + (0.8546158887138439 * x_2))))))) + exp((1.1372312210098272 + (0.09602114300910697 * (-2.625098388323601 + (0.8546158887138439 * x_2))))))))
feynman_I_39_22,ok,4,128,3,BFGS,0.7176470949047241,4.811387529930441,46,362.24,,0.01,(14.95206960662846 + ((-20.13630940065194 * inv((5.291285205605773 + (2.399308472048281 * (-2.515464031129917 + (0.8571865699921215 * x_3)))))) - ((((3.498181416676646 * (-2.8938465905050474 + (0.9115319998776715 * x_2))) - (-0.8946598038679175 * (-2.8938465905050474 + (0.9115319998776715 * x_2)))) - (4.759164908709788 * (-2.673320419181644 + (0.862997113312146 * x_1)))) - (3.791074408479247 * (-2.7095154921239692 + (0.8898156980890322 * x_0))))))
feynman_I_40_1,ok,6,256,4,BFGS,0.6566810186773753,0.393401986605962,113,552.11,,0.01,(-0.017739186229497522 + ((((-0.004215588322307437 * exp((0.11878077098105214 + (2.3871571135936165 * (-2.604274673300914 + (0.8774717798506494 * x_2)))))) + (-0.17177467426514254 * (-2.632057227943042 + (0.8533082368996687 * x_4)))) + (0.7733589059188688 * ((-2.632057227943042 + (0.8533082368996687 * x_4)) * (exp(((0.574131269269007 * (-2.750630136878482 + (0.8784863640556843 * x_0))) + (-1.4842271561076688 * exp((0.47281899529675564 + (0.6237010847529643 * (-2.604274673300914 + (0.8774717798506494 * x_2)))))))) * (-2.632057227943042 + (0.8533082368996687 * x_4)))))) + (((((0.25153065559306975 * (-2.7566779457259827 + (0.9431878324167259 * x_3))) + (-4.764013038756014 * exp((0.23209918061117785 + (-0.022535739060095948 * (-2.505577383670409 + (0.8487705948021765 * x_5))))))) + (0.3293611640900216 * exp((2.962538705674917 + (-0.03550306913122972 * (-2.685752135038517 + (0.8737632076877316 * x_1))))))) + (-0.168554800008468 * inv((296.7286721247044 + (-0.035416695220912855 * (-2.750630136878482 + (0.8784863640556843 * x_0))))))) + (0.07035891801646849 * (-2.505577383670409 + (0.8487705948021765 * x_5))))))
feynman_I_41_16,ok,5,128,3,BFGS,0.7177211280123447,1.4669822207090424,107,257.76,,0.01,(-0.03685417572520816 + (((0.001738962587290011 * ((-2.7591720371449497 + (0.8901706115839029 * x_0)) * ((-1.5425950718617298 * (exp((0.7119681893498445 + (0.2407706571495804 * (-2.4195199750154344 + (0.8276034912250019 * x_3))))) * (-2.7023065522833383 + (0.9018351501921328 * x_1)))) - ((94.2737170563817 * (-2.5141252122709137 + (0.8254257004395766 * x_4))) - ((110.6315000114764 * inv((0.28354777582561197 + (0.33674050126324495 * ((-2.5141252122709137 + (0.8254257004395766 * x_4)) * inv((2.1200023290927668 + (0.6900836905323097 * inv((5.602394321024938 + (3.9795464300112275 * (-2.4195199750154344 + (0.8276034912250019 * x_3))))))))))))) - (1.858720988996623 * (-2.7591720371449497 + (0.8901706115839029 * x_0)))))))) - (-1.2427077050826436 * inv((25.98148784876004 + (-14.13164064445465 * (-2.7023065522833383 + (0.9018351501921328 * x_1))))))) - ((-0.1139595841435134 * (-2.4195199750154344 + (0.8276034912250019 * x_3))) - (0.28968359800077903 * inv((0.266247162201534 + (0.1348054271450181 * (-2.5141252122709137 + (0.8254257004395766 * x_4)))))))))
feynman_I_43_16,ok,4,128,3,BFGS,0.9799727950389268,1.39090401555475,75,150.11,,0.01,(0.07861363019793316 + ((0.906499893574531 * exp(((-0.37396096457873806 * exp((0.31395837421041006 + (0.5542339769666431 * (-2.5394232640311034 + (0.8623533219956532 * x_0)))))) - ((-0.5361067619872117 * (-2.5325929527992206 + (0.8680939467859502 * x_2))) - ((-0.14407986672121387 * (-2.5325929527992206 + (0.8680939467859502 * x_2))) - (((-0.4054092601805628 * (-2.569119086945987 + (0.8611156813888292 * x_1))) - (9.056827897942675 * inv((3.4508248144391604 + (0.5826381580617677 * (-2.5275619323503817 + (0.8733293130547708 * x_3))))))) - (0.7474799061072339 * (-2.5394232640311034 + (0.8623533219956532 * x_0))))))))) + (0.10101128064715958 * inv((158.30076278871275 + (0.31013072860329505 * (-2.569119086945987 + (0.8611156813888292 * x_1))))))))
feynman_I_43_31,ok,3,64,2,BFGS,0.9797913594476266,2.570039681840335,98,143.21,,0.01,(0.36718979923000683 + (((0.3906144944941705 * (-2.766978367774217 + (0.8922886932012777 * x_1))) - (-0.5411752218430097 * ((4.045442390678806 + (0.7662429877032553 * (-2.766978367774217 + (0.8922886932012777 * x_1)))))**2)) * ((((1.1742336865591536 * (-2.5655275384794733 + (0.8491796334579955 * x_2))) - ((-0.008188251016306557 * (-2.620848157697589 + (0.877041434042821 * x_0))) - (0.19327389939737805 * ((1.4284091387743452 + (0.3628867572274337 * ((2.6692823962549728 + (0.36842248667866495 * (-2.620848157697589 + (0.877041434042821 * x_0)))))**2)))**2))) - (1.538604898170699 * inv((5.051659858528302 + (0.1319933280920913 * (-2.5655275384794733 + (0.8491796334579955 * x_2))))))) + (0.6653419161539922 * (((0.39465805947908983 * (-2.5655275384794733 + (0.8491796334579955 * x_2))) - (-0.876525576494684 * inv((2.6953223873882237 + (61.76612573956743 * (-2.5655275384794733 + (0.8491796334579955 * x_2))))))) * (-2.620848157697589 + (0.877041434042821 * x_0)))))))
feynman_I_43_43,ok,4,256,4,BFGS,0.9103108992680351,0.5527334565264332,75,417.53,,0.01,(-0.032072383340657325 + (exp((0.137898525726241 + (0.5064776708238281 * (-2.3535395914566313 + (0.8333798952873859 * x_1))))) * (2.0251552842128944 * inv(((0.37454689151498444 * exp((-0.07633433320038564 + (1.044251091405648 * exp((0.34590135064626415 + (0.2979426913201677 * (-2.5887400075603013 + (0.8587029602822143 * x_2))))))))) + ((((-0.1805922037157705 * inv((6.160358990369343 + (4.145477055184172 * (-2.721103044426544 + (0.8903757010329937 * x_3)))))) - (0.1613441482957758 * (-2.721103044426544 + (0.8903757010329937 * x_3)))) + (8.106763752044568 * inv((29.660115873696828 + (0.008643780913120621 * (-2.5887400075603013 + (0.8587029602822143 * x_2))))))) + (0.3941905795126796 * (-3.9875563203078572 + (1.133381419000807 * x_0)))))))))
feynman_I_44_4,ok,5,128,3,BFGS,0.6850343320089002,12.557538966711984,44,261.81,,0.01,(0.6426361462016197 + (inv((4.404261578537777e-10 + (6.338149056117916e-09 * ((-2.74648864990375 + (0.8845625750500153 * x_4)) * inv((3.1324871375512364 + (58.27617556528989 * inv((0.7736893937997587 + (0.5510127408950825 * (-2.772098215480759 + (0.9125155363496182 * x_0)))))))))))) * ((4.5280602915609515e-09 * (-2.74648864990375 + (0.8845625750500153 * x_4))) - (4.499033767347681e-09 * (-2.672702249888496 + (0.8826010950824924 * x_3))))))
feynman_I_47_23,ok,3,64,2,BFGS,0.9330147164830099,0.17359975626497748,100,258.85,,0.01,(1.0141510648363776 + ((-2.8562313727717452e-05 * ((-2.592997202582427 + (0.837398763532969 * x_0)) * ((0.1116063326162357 * inv(((0.18295984675695764 * (-2.6165659297933477 + (0.8878935966391123 * x_1))) - (3.681270430776257 * inv((10.936880242691439 + (0.3059395632936144 * (-2.5724828174692225 + (0.8432476442733219 * x_2))))))))) - (6.149366203834726 * inv((0.000524700580615968 + (-0.0001264496281581654 * (-2.6165659297933477 + (0.8878935966391123 * x_1))))))))) + (((6.217137642498304 * inv((2.5775079409685437 + (-0.3539594808226829 * (-2.6165659297933477 + (0.8878935966391123 * x_1)))))) - (0.1944680805570014 * inv(((0.3411820568237972 * inv((4.262412940571332 + (0.4755626336877288 * (-2.592997202582427 + (0.837398763532969 * x_0)))))) - (22.70946817357276 * inv((0.7747624549063579 + (0.25806085121829875 * (-2.592997202582427 + (0.837398763532969 * x_0)))))))))) + (-3.681182140441541 * (0.46040021585316937 + (0.10113405230189167 * (-2.5724828174692225 + (0.8432476442733219 * x_2))))))))
feynman_I_48_2,ok,3,64,2,BFGS,0.9960097624122886,5.835365235630079,108,115.03,,0.01,(-4.929039930768257 + ((1.4014549311346882 * (((21.724085367644648 * (-4.937743544426889 + (3.2843729845807 * x_1))) - ((0.10152779686895086 * ((2.8429504303354367 + (0.40026891747057014 * (-3.391832487704957 + (0.5210116748906156 * x_2)))))**2) - ((9.761633511553889 * ((11.484370367169507 + (2.158800966332656 * (-2.552294993039161 + (0.8647831399427154 * x_0)))))**2) - (((0.44995578773719425 * sqrt((25.409814343813352 + (0.025843521239499206 * (-2.552294993039161 + (0.8647831399427154 * x_0)))))) - (6.374645843867043 * (-3.391832487704957 + (0.5210116748906156 * x_2)))) - (1.5074355096699348 * (-2.552294993039161 + (0.8647831399427154 * x_0))))))) * (0.3505128613233057 * ((0.4525178248717119 + (0.12429285305400237 * (-3.391832487704957 + (0.5210116748906156 * x_2)))))**2))) - ((0.02456358778749286 * (-4.937743544426889 + (3.2843729845807 * x_1))) - ((2.0071762556767085 * (-2.552294993039161 + (0.8647831399427154 * x_0))) - (0.0660264743248071 * inv((0.1991590494022163 + (26.519436970838257 * (-2.552294993039161 + (0.8647831399427154 * x_0))))))))))
feynman_I_50_26,ok,4,128,3,BFGS,0.3562997986384465,1.5925161364940386,75,423.11,,0.01,(17.604117198874356 + ((0.46436294400288036 * inv((-0.017188028896522274 + (38.27980564356693 * ((inv((-19.740124282059128 + (1.1908336337704553 * (-3.3181470678994196 + (1.6324912473197704 * x_1))))) * (inv((24.64437243814313 + (0.06395756572534501 * (-3.536023516680619 + (1.75533069780533 * x_2))))) * (14.837529099822522 * inv((5.740402207036441 + (-0.6945735534498139 * (-3.3328522910623977 + (1.7072811432647408 * x_3)))))))) * (0.10128415895717127 * inv(((9.725968969489113 * inv((5.408520067149057 + (0.4524521672096452 * (-3.6514817749949793 + (1.80323135783928 * x_0)))))) - (0.16973854912686315 * (-3.536023516680619 + (1.75533069780533 * x_2))))))))))) + (-0.1017387460989973 * (-3.536023516680619 + (1.75533069780533 * x_2)))))
feynman_I_6_2,ok,2,32,1,BFGS,0.9403711804884245,0.010479167572952168,78,13.50,,0.01,(0.07898098897059186 + ((0.002152628612613187 * ((((2.2849908016729596 * (-3.405357073342636 + (1.6986630633987225 * x_1))) - (-3.2277458787876014 * inv((27.006175857229408 + (-1.6183572441793155 * (-3.514115234431094 + (1.739810398745664 * x_0))))))) - (-4.530416055401297 * inv((97.66260315606644 + (4.75740415126911 * ((-3.514115234431094 + (1.739810398745664 * x_0)) * (-3.405357073342636 + (1.6986630633987225 * x_1)))))))) * inv(((0.00124224221135967 * inv((0.45343429433261706 + (0.09547137918853765 * (-3.514115234431094 + (1.739810398745664 * x_0)))))) - (-0.1046541403865584 * inv((13.14592955038291 + (-0.2688955891959408 * (-3.514115234431094 + (1.739810398745664 * x_0)))))))))) + (-0.4920112883971888 * (-3.405357073342636 + (1.6986630633987225 * x_1)))))
feynman_I_6_2a,ok,1,32,1,BFGS,0.9978643771302762,0.003327769896376907,113,13.09,,0.01,(0.049209126353772656 + ((((0.9351352851611067 * (-3.3043792546673862 + (1.6591429555496728 * x_0))) - (5.882089050930038 * inv((25.48924938480217 + (0.453346089695002 * (-3.3043792546673862 + (1.6591429555496728 * x_0))))))) + (0.5720732072599852 * (-3.3043792546673862 + (1.6591429555496728 * x_0)))) * (-1.1850537344307672 * (inv((0.4727212117762961 + (0.5849003282789078 * (inv((14.044214286950316 + (-0.946508641155305 * (-3.3043792546673862 + (1.6591429555496728 * x_0))))) * (0.3985329363749629 * inv((0.2615274547714477 + (0.14190789288147887 * (-3.3043792546673862 + (1.6591429555496728 * x_0)))))))))) * (inv((1.1266381372173413 + (0.48783434540626347 * (-3.3043792546673862 + (1.6591429555496728 * x_0))))) * inv((53.351285046685355 + (0.2111039333727029 * inv(((0.26999416314197877 * inv((0.2757425418920759 + (27.575529426523662 * (-3.3043792546673862 + (1.6591429555496728 * x_0)))))) - (inv((-0.17096927383164562 + (0.07890763528348549 * (-3.3043792546673862 + (1.6591429555496728 * x_0))))) * inv((0.41365962238896936 + (-10.27330220254024 * (-3.3043792546673862 + (1.6591429555496728 * x_0))))))))))))))))
feynman_I_6_2b,ok,3,128,3,BFGS,0.8420485616179425,0.02167289386898107,112,264.75,,0.01,(0.18079554600785663 + ((0.4669674877292551 * inv((0.287016669245271 + (0.3586001379422701 * (((-3.5208095926375687 + (1.7955920545817259 * x_1)) * inv((0.24600591566384356 + (0.05430769322948112 * (-3.504008249416157 + (1.7339598113329304 * x_2)))))) * (0.3535643029000878 * inv((44.86472312721115 + (0.5636933255423455 * (-3.648690234065757 + (1.810834389535367 * x_0))))))))))) + (((0.176469158711885 * (((20.877718114158917 * inv((0.772088409882886 + (0.023358829754454143 * (-3.648690234065757 + (1.810834389535367 * x_0)))))) - (9.31492338412913 * inv((75.37813995907868 + (0.5253811234373611 * (-3.648690234065757 + (1.810834389535367 * x_0))))))) * (0.014109385434744066 * (-3.5208095926375687 + (1.7955920545817259 * x_1))))) + (inv((-0.1518163085783561 + (109.39265283608484 * (-3.648690234065757 + (1.810834389535367 * x_0))))) * inv((64.71951563025337 + (2.9349721254256256 * (-3.504008249416157 + (1.7339598113329304 * x_2))))))) - inv((0.5324641763376805 + (0.1325787746946095 * inv((1.6111626044266112 + (0.3210286161158534 * (-3.648690234065757 + (1.810834389535367 * x_0)))))))))))
feynman_I_8_14,ok,4,256,4,BFGS,0.39121887630959995,0.7408875663766765,69,346.89,,0.01,(0.2597147098466317 + ((-0.0743457293279387 * (-2.7225380020541645 + (0.925073228466846 * x_1))) - ((-0.1203041795227631 * inv(((-1.6699784864193927 * inv((-156.47658193820723 + (-0.3955065991730634 * (-2.6197762566691063 + (0.8822041138208964 * x_3)))))) - (-15.447932925443698 * inv((276.8433045528734 + (0.04538652824962739 * (-2.8502199266344257 + (0.9130456171320038 * x_0))))))))) - (-0.2193755177287406 * (((-0.04200461884530318 * inv((-1.1690654906286013 + (-14.255549797822766 * (-2.8502199266344257 + (0.9130456171320038 * x_0)))))) - (-3.019634520451089 * (-2.599248084478257 + (0.8845884196557181 * x_2)))) * (0.8630578049807978 * (-2.6197762566691063 + (0.8822041138208964 * x_3))))))))
feynman_I_9_18,ok,9,256,4,BFGS,0.7033001808815864,0.06485053257795177,104,343.14,,0.01,(0.7726837051477293 + (((0.7616442417605707 * (-5.392816095681697 + (3.542785928524673 * x_6))) - (-0.05966288363595232 * (-5.0619378650438245 + (3.429332041613027 * x_0)))) + (((-0.020687097921303105 * (-12.07450811257965 + (3.447755129551146 * x_3))) + ((-0.13721701315844226 * exp((0.6582736648392653 + (-0.21258582167606355 * (-5.392816095681697 + (3.542785928524673 * x_6)))))) + ((0.026789257871906724 * (-5.425315389628147 + (3.544367204983429 * x_4))) + ((0.20297012802281666 * inv((46.33372405708812 + (0.870589906310292 * (-5.0619378650438245 + (3.429332041613027 * x_0)))))) - (((0.7971248726304272 * (-5.392816095681697 + (3.542785928524673 * x_6))) + (-0.05613598737482922 * (-5.454952378167819 + (3.5597416854716295 * x_2)))) + ((0.02229138103427092 * (-11.8704355229784 + (3.388706955506491 * x_7))) + (-0.022877201576079004 * (-5.3254948363333385 + (3.5109234238146523 * x_8))))))))) + (-2.7589417122864965 * inv((13.127601248594672 + (0.7334287376138757 * (-5.3254948363333385 + (3.5109234238146523 * x_8)))))))))
feynman_test_1,ok,7,256,4,BFGS,0.6757611730776072,4.944323004147161,120,467.95,,0.01,(-0.00287503421356487 + ((((0.3831807389577955 * inv((2.1626898444790004 + (25.16570550039507 * (-3.537848367214543 + (1.7762555305867092 * x_5)))))) + (-1.2194874629977166 * exp((0.004516750775280405 + (0.32630169067159454 * (-5.46455807631665 + (3.5498345168665297 * x_4))))))) * exp(((-0.46295819640064123 * (-3.537848367214543 + (1.7762555305867092 * x_5))) + (-0.05580405433659168 * (-3.537848367214543 + (1.7762555305867092 * x_5)))))) * (((0.3716885250190391 * ((exp((2.8004286422003544 + (0.13809480903150168 * (-5.207970175488111 + (3.4354126422346773 * x_1))))) * inv(((-0.14870487911661295 * (-5.207970175488111 + (3.4354126422346773 * x_1))) + (0.33763953252859336 * exp((1.9893841988032732 + (0.4679880663429416 * (-3.366539535406591 + (1.6550803839109154 * x_6))))))))) * (-3.366539535406591 + (1.6550803839109154 * x_6)))) - exp((0.45873510420801955 + (0.7921494584670644 * (-5.227781264550111 + (3.4955479802810143 * x_0)))))) + (-7.632708798126193e-05 * (inv((6.499167715980754 + (1.179695764645293 * (-5.46455807631665 + (3.5498345168665297 * x_4))))) * inv((0.7821368036634885 + (64.78004450490863 * (-5.207970175488111 + (3.4354126422346773 * x_1))))))))))
feynman_test_10,ok,3,32,1,BFGS,0.9911440339431846,0.047587057263750523,115,16.63,,0.01,(0.7967185890993973 + (((0.05541352673291988 * inv((2.386468638793724 + (54.78495277679424 * (-8.116061002775346 + (1.6342484134069302 * x_0)))))) - (-0.3320358722015795 * (-3.3460345348848217 + (1.6375695874502416 * x_2)))) + (((8.667194521862995e-05 * inv((0.354074810395554 + (0.7445194403019649 * (-3.3845826183045533 + (1.6813002149621212 * x_1)))))) - ((-3.3694956360467563 * inv((5.153326267140137 + (0.040031785075005266 * (-3.3460345348848217 + (1.6375695874502416 * x_2)))))) - (0.09557696434179842 * (-3.3845826183045533 + (1.6813002149621212 * x_1))))) + ((0.051635200652324076 * (-3.3460345348848217 + (1.6375695874502416 * x_2))) + ((0.4869766756924089 * inv((52.67790801681689 + (-0.01691434157313161 * ((-3.3460345348848217 + (1.6375695874502416 * x_2)) * (-3.3845826183045533 + (1.6813002149621212 * x_1))))))) - sin(((11.493124779230525 * inv((0.09913972097689891 + (0.07130673778567304 * inv((0.6300208982638043 + (2.9617520657265155 * inv((0.1842491361269976 + (-0.012186468888786568 * (-3.3460345348848217 + (1.6375695874502416 * x_2)))))))))))) - (0.10981862659168828 * (-8.116061002775346 + (1.6342484134069302 * x_0))))))))))
feynman_test_11,ok,4,128,3,BFGS,0.7612880990630001,0.561030008021216,46,264.18,,0.01,(1.6871876618845811 + ((-2.5277676497500634 * (((1.3947616146406516 * (-3.665844595981015 + (1.777098795308299 * x_1))) - (-1.9117578177378922 * (-3.346469913588077 + (1.6850115584239587 * x_2)))) * inv((7.559265962057408 + (1.648369424696496 * (-3.346469913588077 + (1.6850115584239587 * x_2))))))) + ((0.12242514341341182 * (-5.236612109883896 + (3.481438590813907 * x_3))) - (-0.5523190032247669 * (-3.3954474918985897 + (1.6980452382715512 * x_0))))))
feynman_test_12,ok,5,256,4,BFGS,0.8420512576429416,5.762964514444305,46,435.66,,0.01,(-20.678569639655095 + ((2.2478035688367113 * inv((35.766918998914264 + (3.169745080318961 * (-2.853922264819424 + (0.932495105440568 * x_4)))))) + ((6.183349266603177 * (-2.5428592207713114 + (0.8562284556356499 * x_2))) - (-25.75132754585671 * exp(((0.17816970040591062 * (-2.6977268572244775 + (0.8745901392683244 * x_0))) - (-0.3081194742155484 * exp((-0.4542004406481206 + (-0.8900828378360188 * (-3.5635370620943165 + (1.7939317028206654 * x_1))))))))))))
feynman_test_13,ok,5,256,4,BFGS,0.5974000477652146,0.009693584248861605,38,350.83,,0.01,(0.019039106088531422 + ((0.00743624287914915 * (-2.6250159024465325 + (0.8809471830218581 * x_0))) + (0.04689280213683447 * (inv((5.075093080365457 + (0.457880860424122 * (-8.806647690247798 + (1.7455943517050234 * x_2))))) * ((-0.9852125293991238 * (-2.6325494804343417 + (0.8669522048421392 * x_4))) + (-0.0767618646746661 * (-3.5940895997809497 + (1.8135393947013234 * x_1))))))))
feynman_test_14,ok,5,64,2,BFGS,0.45325569884994676,9.85669547767902,126,323.82,,0.01,(0.15436263579770593 + ((((-0.08025835158563686 * (-2.4971016599479787 + (0.8755177320464741 * x_0))) - ((-2.7343051092784583 + (0.8676802164640326 * x_3)) * (-2.7717036158853623 + (0.8910307375402117 * x_4)))) - ((-3.351527202318022 * inv((3.942180486724846 + (0.2113186919419891 * (-2.7717036158853623 + (0.8910307375402117 * x_4)))))) - (0.92487408301795 * (((25.667784142696863 * inv((55.25388905956908 + (12.967378665368052 * inv((0.20007543698064378 + (1.03695178135471 * (-2.7343051092784583 + (0.8676802164640326 * x_3))))))))) - (((-0.03828870350477128 * inv((93.9485546096603 + (0.23684766604256396 * (-1.8362504524212548 + (0.5886238536748217 * x_1)))))) - (-0.19273944946235227 * (-2.4971016599479787 + (0.8755177320464741 * x_0)))) + (((4.996448408870034 * (-2.82933830080293 + (0.9019774465276317 * x_2))) - (2.083591772058371 * (-2.7717036158853623 + (0.8910307375402117 * x_4)))) + (-3.979827200393014 * inv((12.799966237995525 + (0.007160368021291105 * (-2.4971016599479787 + (0.8755177320464741 * x_0))))))))) * inv((0.17129778699217996 + (1.7852783148142124 * (-1.8362504524212548 + (0.5886238536748217 * x_1))))))))) * inv((0.9977877108690534 + (7.920966555832571 * (-2.4971016599479787 + (0.8755177320464741 * x_0)))))))
feynman_test_15,ok,4,128,3,BFGS,0.9302244073243455,0.3494444294721452,90,170.51,,0.01,(9.459206867465863 + ((1.4783315369338483 * (-2.6083629970816253 + (0.8614753242282561 * x_2))) - (((-1.579543949147264 * inv((177.34911217239636 + (0.6567701356648665 * (-2.775585808642215 + (0.2230513956628074 * x_0)))))) - ((-1.6328865507846893 + (0.5623491845950379 * x_3)) * inv(((0.7086847781933701 * (-1.6328865507846893 + (0.5623491845950379 * x_3))) - (17.065908060561625 * inv((9.48796170571871 + (-1.0426911425821168 * (-1.6328865507846893 + (0.5623491845950379 * x_3)))))))))) - (10.438512534977644 * inv(((1.788672701216882 * inv((2.1819105884405943 + (0.45117554237283963 * (-1.6328865507846893 + (0.5623491845950379 * x_3)))))) - (0.09502575453873202 * (inv((0.04382871392474588 + (-4.448405831021168e-06 * (-3.44398841134359 + (1.7062541540257399 * x_1))))) * inv((0.8506736758317968 + (0.026733119910511055 * (-2.6083629970816253 + (0.8614753242282561 * x_2)))))))))))))
feynman_test_16,ok,6,256,4,BFGS,0.9038336501954135,8.135851683312348,139,539.06,,0.01,(-7.745606072168629 + (((3.0303313059988657 * (-2.754039946388614 + (0.9247900733006543 * x_4))) - (-9.16725694179295 * (-2.4906875140014773 + (0.8274788980025466 * x_0)))) - ((((-4.448503334391097 * (-2.5646829966487252 + (0.8976314789223115 * x_1))) - (13.122346699041223 * exp((1.3495601907907102 + (0.3057802497445373 * (-2.5646829966487252 + (0.8976314789223115 * x_1))))))) - ((1.3885858472804857 * (-2.497958180791681 + (0.846442877452173 * x_5))) - (2.104082146059862 * (-2.635665760890794 + (0.8730170310102188 * x_2))))) - ((0.26125823729076636 * ((exp((0.2411771368428769 + (0.40177957998328095 * ((-2.754039946388614 + (0.9247900733006543 * x_4)) * inv((67.24147667031194 + (6.096298196613523 * (-2.4906875140014773 + (0.8274788980025466 * x_0))))))))) * (19.00913888194159 * (((178.3712317322986 * inv((277.28288619672253 + (1.6119045193427104 * (-2.8339070085508693 + (0.8963785096562519 * x_3)))))) - (-0.31953081969979624 * (-2.8339070085508693 + (0.8963785096562519 * x_3)))) * (0.7031551987066227 * (-2.8339070085508693 + (0.8963785096562519 * x_3)))))) * (-2.754039946388614 + (0.9247900733006543 * x_4)))) - (((-7.456396491469773 * (-2.8339070085508693 + (0.8963785096562519 * x_3))) - (1.915006974295462 * (-2.497958180791681 + (0.846442877452173 * x_5)))) - (1.114991282433492 * (-2.754039946388614 + (0.9247900733006543 * x_4))))))))
feynman_test_17,ok,6,256,4,BFGS,0.8611460901150434,408.8689362366674,118,439.61,,0.01,(-0.4635345814699703 + (((((((-3.4372070908298724 * ((2.324587425526939 + (-0.3105890943631836 * (-2.765478966339881 + (0.9329498472453334 * x_1)))))**2) + (-0.277835237320056 * (-2.58308061810788 + (0.8667775591446114 * x_5)))) + ((18.225715926362398 + (0.6480081659697516 * (-2.58308061810788 + (0.8667775591446114 * x_5)))))**2) + (120.64458658606645 * (-2.58308061810788 + (0.8667775591446114 * x_5)))) + ((-0.06657726168700634 + (0.1522739573989087 * (-2.7108630841762187 + (0.8830372164530217 * x_4)))))**2) * ((((-0.17134105791841592 * (-2.781416348213264 + (0.8769741774113623 * x_3))) + ((-0.19672643403060197 * (-2.58308061810788 + (0.8667775591446114 * x_5))) - (10.586459839147558 * ((0.8737594864925615 + (0.014126320710025612 * (-2.781416348213264 + (0.8769741774113623 * x_3)))))**2))) + (0.049934382755325774 * ((13.765271182950208 + (0.5869858519068396 * (-2.765478966339881 + (0.9329498472453334 * x_1)))))**2)) + (0.21584478161685028 * ((-0.18262802096025643 + (0.16111694105042335 * (-2.609026883475403 + (0.9049875073710979 * x_0)))))**2))) * ((1.1811286579292695 + (0.7035442671363983 * (-2.7108630841762187 + (0.8830372164530217 * x_4)))))**2))
feynman_test_18,ok,5,128,3,BFGS,0.7852261655356514,0.3607629139706968,126,356.22,,0.01,(4.0245600362063865 + (((85.57300454836763 * exp((-9.14366542009553 + (0.2785043554952964 * (-2.391519112253692 + (0.8163618698332834 * x_2)))))) - (-0.134394086565359 * ((-2.6338575830760558 + (0.8934994887606297 * x_4)) * ((-2.6338575830760558 + (0.8934994887606297 * x_4)) * (-2.649399129385902 + (0.8900528640090624 * x_3)))))) - (((-2.0469751334337722 * exp((-4.174357446711827 + (1.6609827731775848 + (0.9207272919986234 * (-2.649399129385902 + (0.8900528640090624 * x_3))))))) - (((191.27289967484683 * inv((38.62273600446338 + (0.08492085637095997 * (exp((8.304137938426269 + (4.628215312470164e-05 * ((-2.391519112253692 + (0.8163618698332834 * x_2)) * exp((9.564975129406555 + (0.4551280938540805 * (-2.6338575830760558 + (0.8934994887606297 * x_4))))))))) * exp((0.1428903040867996 + (0.7148599451790942 * (-2.8325456789844874 + (0.8985308040340149 * x_0)))))))))) - (3.8198553990085156 * (-2.649399129385902 + (0.8900528640090624 * x_3)))) + (-0.013167311025290895 * (-2.8325456789844874 + (0.8985308040340149 * x_0))))) + ((0.10722607175639004 * exp((3.643835133474683 + (-0.031326505434590604 * (-2.689919738378074 + (0.9109270103670807 * x_1)))))) - (3.7772038249699875 * (-2.649399129385902 + (0.8900528640090624 * x_3)))))))
feynman_test_19,ok,6,256,4,BFGS,0.9402184701112007,3.8205979604619325,116,543.40,,0.01,(0.21437421841390303 + ((0.7601858549170002 * (-2.563942402759304 + (0.8359465135192651 * x_4))) + (10.956560773515719 * ((((6.605363525364869 * exp((-0.042544288149407056 + (0.15311909083930741 * (-2.469934740574904 + (0.8197279678209497 * x_1)))))) + (0.44291161608458296 * (inv((0.036834818182414006 + (0.015131106654120915 * (-2.470148202109449 + (0.8643710414180056 * x_0))))) * ((0.04880349792302313 * (((0.37109957335767874 * (-2.469934740574904 + (0.8197279678209497 * x_1))) + (0.10192258750625188 * exp((4.064385674434778 + (0.4461275605308459 * (-2.563942402759304 + (0.8359465135192651 * x_4))))))) * (6.861309583037109 * exp((0.7260637600631892 + (0.7837943094165958 * (-2.5340806714331805 + (0.8433488361089256 * x_3)))))))) - exp((0.23059348718589445 + (-0.25557406645447256 * (-2.510605559071305 + (0.8605237995995644 * x_2))))))))) + (0.3369032047403724 * inv((0.3243033576730143 + (0.3346645078857997 * (-2.470148202109449 + (0.8643710414180056 * x_0))))))) * ((0.005952215706168412 * (-2.586608786405093 + (0.8513854795762903 * x_5))) + inv((103.39034016592649 + (1.4366316951050901 * (-2.563942402759304 + (0.8359465135192651 * x_4))))))))))
feynman_test_2,ok,6,128,3,BFGS,0.2846980977588953,1.598028967428521,31,300.55,,0.01,(1.211391863344491 + (((0.14731528211294306 * (-3.442291868563275 + (1.728032016896608 * x_2))) - (-0.6395146630969375 * ((-1.5805657668478423 + (0.5708335569588892 * x_4)) * (-1.6813708131974574 + (0.5715451023570847 * x_5))))) - (0.899671811084348 * (-3.442291868563275 + (1.728032016896608 * x_2)))))
feynman_test_20,ok,7,128,3,BFGS,0.8776756428957946,1.4261234611500901,110,613.73,,0.01,(-0.02034420372404215 + (exp(((0.504442416282739 * (-2.5572280095030715 + (0.8621049992891755 * x_3))) + ((0.4329274962176337 * exp((0.9657892135855541 + (-0.5313581012169992 * (-2.6907610883925144 + (0.890707011566884 * x_4)))))) - ((((0.7873309118416603 * (-2.783570439639793 + (0.9233358890323494 * x_5))) + (0.31910515093169245 * (-1.6532529969200138 + (0.5406303341028174 * x_6)))) + (17.558923993630508 * (inv((0.5304454430987882 + (0.5817358793426584 * exp(((0.13708665057151537 * exp((0.014356993006129776 + (7.309913919601787 * (-2.6907610883925144 + (0.890707011566884 * x_4)))))) - (-0.5897470718766096 * (-2.5052288861366203 + (0.8487810534637035 * x_1)))))))) * (-0.015344216923750285 * (-2.7376235059154497 + (0.8673671831208826 * x_2)))))) + (1.0591581885184649 * (-2.4913618241411206 + (0.870112794150215 * x_0))))))) * (0.3916454463201837 * inv((5.4482292514631965 + (-0.6212395915378031 * (exp((3.2203145698803883 + (-0.026973881194142027 * (-1.6532529969200138 + (0.5406303341028174 * x_6))))) * (0.17121088996935685 * (-2.5052288861366203 + (0.8487810534637035 * x_1))))))))))
feynman_test_3,ok,4,32,1,BFGS,0.9368509667881924,0.48914239804698706,66,20.69,,0.01,(-0.07996865476903522 + ((-0.14157416217326207 * ((0.9558724893290604 * (-15.032047874287718 + (3.353815118292767 * x_3))) * (0.8343721516878706 * (-15.032047874287718 + (3.353815118292767 * x_3))))) - ((0.014917551401108776 * (-15.032047874287718 + (3.353815118292767 * x_3))) - (0.19291847432146197 * (((0.5436458877371668 * exp((1.8246316429573364 + (-0.01772030766523952 * (-3.471159570853373 + (1.6737506595930596 * x_0)))))) - (1.6295840985834884 * exp((0.7841062747467857 + (-0.00048026768148255413 * (-4.859006065813082 + (1.6427931891012966 * x_1))))))) * exp((4.647402178017965 + (0.33912237602323514 * (-4.859006065813082 + (1.6427931891012966 * x_1))))))))))
feynman_test_4,ok,5,32,1,BFGS,0.9575347979849473,0.1040489941493701,127,15.97,,0.01,(2.6190836900090124 + (((-0.05882545911345145 * (-3.4980833203229977 + (1.8537679695560751 * x_2))) - (((5.8631562786490345 * inv((100.17219190475002 + (0.8104419291461762 * (-3.631622653697142 + (1.8179962395743536 * x_4)))))) - (((-0.4177414170825451 * (-3.434758293955252 + (1.7338496667716403 * x_0))) - ((0.036055326088884176 * (-3.4980833203229977 + (1.8537679695560751 * x_2))) - (-0.00039770302485657113 * ((-3.631622653697142 + (1.8179962395743536 * x_4)) * (((0.005056981232116715 * (-8.409856081703799 + (0.8421415637065467 * x_1))) - (0.7687035315314297 * (-3.631622653697142 + (1.8179962395743536 * x_4)))) * inv((0.20158018013498974 + (0.5894222530950806 * (-3.434758293955252 + (1.7338496667716403 * x_0)))))))))) - (-0.0009705284520564444 * inv((0.371916846232699 + (3.5683166354790563 * (-3.4980833203229977 + (1.8537679695560751 * x_2)))))))) - (8.837010439668223 * inv((28.30956197461388 + (0.21257183571093088 * cos(((3.307637549269999 * (-8.409856081703799 + (0.8421415637065467 * x_1))) - ((-3.4980833203229977 + (1.8537679695560751 * x_2)) * exp((0.0830477348263795 + (0.6054130779835928 * (-3.3956721904323857 + (1.6818367301853963 * x_3)))))))))))))) - (-0.22421293132767323 * (-8.409856081703799 + (0.8421415637065467 * x_1)))))
feynman_test_5,ok,4,32,1,BFGS,0.9379715742437089,0.7684216678956393,30,57.16,,0.01,(4.030928796719472 + (((53.964209395193535 * inv((24.802158920668916 + (8.513277429886937 * (-3.463507310340305 + (1.7558292590522568 * x_1)))))) - (0.48098328919567246 * (-3.5715645968617267 + (1.7740534831014714 * x_3)))) - (-2.7811796608956207 * (-3.23468266994482 + (1.6591241874943665 * x_0)))))
feynman_test_6,ok,7,128,3,BFGS,0.6543794750934208,0.3012006033230279,127,204.74,,0.01,(1.0599126766794287 + (inv((1.5162477119308688 + (-0.7631087116804056 * (-3.495416236538771 + (1.7382917673746647 * x_1))))) * ((0.06362492396888561 * exp((0.08489944118302029 + (0.032629335501918544 * ((-3.564003084010684 + (1.7270366227340548 * x_0)) * ((0.28840726748012235 * (-3.449152718312042 + (1.6976979855860372 * x_4))) + (12.825183497329327 * (-3.495416236538771 + (1.7382917673746647 * x_1))))))))) - (((0.21529830144402573 * exp((0.773759706834579 + (0.9667266372010173 * (-3.4949213836164295 + (1.7467222493641044 * x_6)))))) - (((1.0500653006033018 * (-3.464097052656947 + (1.740799776652784 * x_5))) - (0.5891009481237246 * (exp((0.4468883345918573 + (-0.2775186501087281 * (-3.51997998884813 + (1.7280743807208145 * x_2))))) * exp((0.24053706978115164 + (0.5620745390761135 * (-3.564003084010684 + (1.7270366227340548 * x_0)))))))) + (-0.014174070945781145 * exp(((-1.7101862657263762 * inv((0.46691658446973183 + (22.467617659925935 * (-3.4017177863831747 + (1.6461681118362466 * x_3)))))) - (-3.564003084010684 + (1.7270366227340548 * x_0))))))) * (1.0701963113567867 * ((-3.464097052656947 + (1.740799776652784 * x_5)) * inv((13.534449148940297 + (0.6486585370187927 * (-3.464097052656947 + (1.740799776652784 * x_5)))))))))))
feynman_test_7,ok,5,32,1,BFGS,0.986763891127487,0.13469437339698087,64,14.95,,0.01,(5.720530950860503 + ((0.8543248819053835 * (-4.01008885957154 + (1.9368236560367404 * x_0))) - ((-0.8913344556251197 * (-3.5817515635104775 + (1.71294374453043 * x_1))) - ((((0.061512772085682385 * (-3.6016316191425464 + (1.7889994255916244 * x_4))) - (-0.48832980735110054 * inv((4.585718645508313 + (1.3049888927412905 * (-5.4674033515100415 + (3.6309111090818504 * x_2))))))) - (0.23888364812955393 * inv((1.29989750773953 + (-0.4746989332605652 * (-4.01008885957154 + (1.9368236560367404 * x_0))))))) - (-0.092662758745616 * inv((0.5278701915839922 + (0.08129038154931598 * (-5.4800875475190685 + (3.679942846274682 * x_3))))))))))
feynman_test_8,ok,4,128,3,BFGS,0.8287498514234604,0.19669719984847522,53,263.37,,0.01,(2.1020529118740097 + ((((0.3231627033844637 * (-3.3653065153557096 + (1.6809530999057976 * x_0))) - (-0.12053657377287669 * (-3.4363172184011948 + (1.7384611621281187 * x_1)))) - (0.9935379892673403 * inv((1.572845461767205 + (0.4985120039140834 * (-3.3575040445859767 + (1.7014291673085824 * x_2))))))) - (-0.004105527489199014 * ((1.4955911526191716 * (-3.4646197585343543 + (1.7925414576254786 * x_3))) * (-4.659736189719707 * inv((0.590701466201885 + (8.20674063291029 * (-3.3653065153557096 + (1.6809530999057976 * x_0))))))))))
feynman_test_9,ok,5,256,4,BFGS,0.8905639969842873,3562.1795242693493,55,524.00,,0.01,(-46.5489380511689 + (exp((2.1786469414326586 + (0.30824154105169876 * ((exp((0.2823537975698245 + (0.08944136439324629 * (-5.657145228365777 + (3.711512297913349 * x_0))))) * exp((0.773614794280499 + (0.19239555879879022 * (-2.5627625663383364 + (0.8211078402482829 * x_3)))))) * (-2.041697494684838 * (-5.185088551029865 + (3.40858213908487 * x_4))))))) * (-0.03902502986552894 * exp(((1.5735231802721454 * (-2.4930593469502407 + (0.8452017443213172 * x_2))) + (-4.542646700127385 * (-5.229820704398722 + (3.505187093079862 * x_1))))))))
first_principles_absorption,ok,1,32,1,BFGS,0.9991942932678959,0.03154709944071267,63,21.35,,0.01,(6.731249819241487 + ((3.5598907032802583 * (-0.748484636380034 + (0.08019887424858779 * x_0))) + ((-2.0336195216724633 * ((0.000563834226777948 * ((-2.020863816842091 * inv((11.237812145206178 + (0.40336917491144186 * (-0.748484636380034 + (0.08019887424858779 * x_0)))))) + (0.19881633756735606 * inv((0.6862785411402417 + (2.7668251842428795 * (-0.748484636380034 + (0.08019887424858779 * x_0)))))))) * inv((-0.16813456913793495 + (0.058782907631880946 * (-0.748484636380034 + (0.08019887424858779 * x_0))))))) - (3.400744496908853 * inv((0.6987235003059409 + (-0.20032753391282854 * (-0.748484636380034 + (0.08019887424858779 * x_0)))))))))
first_principles_bode,ok,1,32,1,BFGS,0.9979250765893691,0.27701171802301067,27,15.89,,0.01,(-42.67480201587077 + ((0.16827228530673022 * ((15.276357865582485 + (-0.27056110609898326 * (0.3659119885901363 + (0.0030116213052686115 * x_0)))))**2) + (-0.4782976167170613 * inv((-2.0290738866313847 + (5.190380337802333 * (0.3659119885901363 + (0.0030116213052686115 * x_0))))))))
first_principles_hubble,ok,1,32,1,BFGS,0.8474792495667784,131.3574716798287,96,606.89,,0.01,(0.5279564162071767 + ((19.186920141839284 * (cos((1.6965308950694955 + (36.03482580348238 * (-1.4730662843564242 + (1.6521438540845628 * x_0))))) * ((0.02154629901425633 + (2.915888075557239 * (-1.4730662843564242 + (1.6521438540845628 * x_0)))))**2)) + (((0.612444740684347 * (-1.4730662843564242 + (1.6521438540845628 * x_0))) - (41.001010311241615 * ((-0.979350015075652 + (2.0195256697945054 * (-1.4730662843564242 + (1.6521438540845628 * x_0)))))**2)) + (((6.529436444339185 * ((0.6320598159983684 + (66.26197216752323 * ((0.38395070198853876 + (0.03041522990037994 * (-1.4730662843564242 + (1.6521438540845628 * x_0)))))**2)))**2) - (0.31381921691529424 * ((18.114799308667294 + (4.804428614061082 * (-1.4730662843564242 + (1.6521438540845628 * x_0)))))**2)) - (12.336475242687683 * inv(((3.252603032120777 * (-1.4730662843564242 + (1.6521438540845628 * x_0))) - (0.5809360771318237 * (-1.4730662843564242 + (1.6521438540845628 * x_0))))))))))
first_principles_ideal_gas,ok,3,32,1,BFGS,0.9398550889504911,0.32931057951669424,30,17.87,,0.01,(7.869952806188735 + ((0.636189088627283 * (-1.6525414953354425 + (0.03695931216347938 * x_0))) - ((0.8544792174009056 * (-1.7269481113159797 + (0.03158325643002412 * x_2))) - (10.598468998533985 * inv((1321.917637287636 + (1048.9810616586349 * (-14.525050446141405 + (0.04080730581327434 * x_1)))))))))
first_principles_kepler,ok,1,32,1,BFGS,0.9999762185248373,18.89332814199849,100,39.81,,0.01,(4.078099546409772 + ((6.4372800670587225 * (-0.9263602581597056 + (0.3029466151936684 * x_0))) - (((1.951780364153002 * ((3.167191284802047 * ((0.14308149224473327 + (0.3280936658438397 * (-0.9263602581597056 + (0.3029466151936684 * x_0)))))**2) + (4.8297840566386 * ((3.56058519797914 + (-14.283012611305361 * (-0.9263602581597056 + (0.3029466151936684 * x_0)))))**2))) - (((3.7132981578210287 + (56.16189681073126 * (-0.9263602581597056 + (0.3029466151936684 * x_0)))))**2 - (0.23364517572950405 * (((33.36960006563614 * (-0.9263602581597056 + (0.3029466151936684 * x_0))) - (0.3429469500005613 * (-0.9263602581597056 + (0.3029466151936684 * x_0)))) * ((4.884223387033494 + (3.926549540860314 * (-0.9263602581597056 + (0.3029466151936684 * x_0)))))**2)))) - (35.04979147724934 * ((5.497238176585673 * ((3.233443982013509 + (0.3807496766843671 * (-0.9263602581597056 + (0.3029466151936684 * x_0)))))**2) + (41.28687199624133 * (-0.9263602581597056 + (0.3029466151936684 * x_0))))))))
first_principles_leavitt,ok,1,32,1,BFGS,0.9677314741694136,0.17736437522949533,59,24.80,,0.01,(0.7704199433768806 + ((0.03156440643693775 * inv((11.690603675649015 + (0.06455956903942328 * (-1.7400037114235716 + (2.09864284243919 * x_0)))))) - ((((1.1801939713096625 * (-1.7400037114235716 + (2.09864284243919 * x_0))) - (0.0010767796559615623 * inv((0.2788508184469063 + (4.9578974769194595 * (-1.7400037114235716 + (2.09864284243919 * x_0))))))) - (21.2718036897392 * inv((1.5895647814055813 + (-0.009049910444637845 * (-1.7400037114235716 + (2.09864284243919 * x_0))))))) + inv((5.828201542411559 + (3.233664783567953 * (-1.7400037114235716 + (2.09864284243919 * x_0))))))))
first_principles_newton,ok,3,256,4,BFGS,0.8640887269595818,4.0087946133863035,101,204.90,,0.01,(0.7228840664550726 + (((1.1700024953113672 * inv((10.741427204019828 + (17.382390217595827 * (-0.613759874811038 + (7.12682274600027e-13 * x_0)))))) - ((2.3948083936216413 * (-0.613759874811038 + (7.12682274600027e-13 * x_0))) - (83.58585296672976 * ((0.7498393025485997 + (0.018127038458544187 * (-0.2899960593046727 + (2.629351402398742e-30 * x_2)))))**2))) - ((-2.4729291851505677e-05 * ((((3.102855945190983 * (-0.2899960593046727 + (2.629351402398742e-30 * x_2))) - (0.34560900189677546 * inv((4.362165313280361 + (64.02889465080256 * (-0.27162048092758545 + (5.186968952067431e-30 * x_1))))))) + inv((6.704393200590211 + (0.745447922841969 * (-0.613759874811038 + (7.12682274600027e-13 * x_0)))))) * (9.52084140893443 * inv((0.06925779351948513 + (0.2387832773071411 * (-0.2899960593046727 + (2.629351402398742e-30 * x_2)))))))) - ((0.4693527859040445 * (-0.2899960593046727 + (2.629351402398742e-30 * x_2))) - inv((0.5148786216401429 + (3.5950794963091592 * (-0.2899960593046727 + (2.629351402398742e-30 * x_2)))))))))
first_principles_planck,ok,2,64,2,BFGS,0.9206424283664358,55.994350576686166,109,37.39,,0.01,(-8.802548986068778 + (((-0.30559462117963754 * inv((0.5772874592478452 + (-0.38179744729342646 * (-0.34842883289438253 + (6.020477322376928e-16 * x_0)))))) - (-4.541784036451618 * (inv((4.173487411360728 + (-0.34545804123045176 * (inv((91.47801936264369 + (-6.266007184368423 * (-0.34842883289438253 + (6.020477322376928e-16 * x_0))))) * inv(((4.392033142955427 * (-0.34842883289438253 + (6.020477322376928e-16 * x_0))) - (0.32388375125165636 * (inv((33.189138390005354 + (0.5001601950336534 * (-0.34842883289438253 + (6.020477322376928e-16 * x_0))))) * (-9.096444378849611 * inv((0.4609048723278477 + (-1.212989330715434 * (-0.34842883289438253 + (6.020477322376928e-16 * x_0)))))))))))))) * (-14.712706014524912 * (-0.34842883289438253 + (6.020477322376928e-16 * x_0)))))) * ((-1.7266396544241545 * (-0.9222249154556069 + (0.0006349597364519323 * x_1))) - inv(((0.0520821546979226 * inv((-0.4476322326545472 + (-0.5149770331064798 * (-0.34842883289438253 + (6.020477322376928e-16 * x_0)))))) - (-0.9218407297502202 * (-0.3138230664775392 + (-0.3843244164535262 * (-0.9222249154556069 + (0.0006349597364519323 * x_1))))))))))
first_principles_rydberg,ok,2,32,1,BFGS,0.9931852047004488,0.13480505299163598,35,30.59,,0.01,(-10.054624550265217 + ((-0.3422232944780934 * inv((0.7561775875460639 + (-0.2725566115464533 * (-3.60108467081408 + (0.6407623969420071 * x_1)))))) - ((-0.8093242952660513 * (-1.95961510923864 + (0.5974436308654391 * x_0))) - (-9.080419249446578 * inv((3.229843924096368 + (0.8980258663147824 * (-1.95961510923864 + (0.5974436308654391 * x_0)))))))))
first_principles_schechter,ok,1,32,1,BFGS,0.9941980483020815,0.37920344954755464,106,67.19,,0.01,(-27.646760795516983 + (((-2.0018372799058897 * (-0.5152265363826667 + (1.6261733659552068e-09 * x_0))) - ((11.334224903965701 * inv((-18.48508562370553 + (-7.71588508560998 * (-0.5152265363826667 + (1.6261733659552068e-09 * x_0)))))) - (-2.201802455230914 * ((((153.24350978533954 * (-0.5152265363826667 + (1.6261733659552068e-09 * x_0))) - (0.35048325935493496 * inv(((3.4607042122620815 * inv((290.0067221704826 + (120.28219852805933 * (-0.5152265363826667 + (1.6261733659552068e-09 * x_0)))))) - (-0.5152265363826667 + (1.6261733659552068e-09 * x_0)))))) + ((4.651679004814332 * (-0.5152265363826667 + (1.6261733659552068e-09 * x_0))) + (14.363898136948194 * inv((4.493336860407727 + (219.57444720500587 * (-78.42942013067523 * inv((-76.36526804626817 + (-339.50064669012863 * inv((6.4263496318242375 + (-62.62533332204438 * (-0.5152265363826667 + (1.6261733659552068e-09 * x_0))))))))))))))) * (-0.0028225442984581633 * inv((-1.5128144210003942 + (-2.7729976709772917 * (-0.5152265363826667 + (1.6261733659552068e-09 * x_0)))))))))) - (-0.5152265363826667 + (1.6261733659552068e-09 * x_0))))
first_principles_supernovae_zg,ok,1,256,4,BFGS,0.9227670340425467,0.08076235312080754,80,222.37,,0.01,(0.2509077943446216 + (((0.11623114080029234 * (-1.0690083287768268 + (0.03814143456527167 * x_0))) - (0.5916910724149851 * inv((4.910912436838499 + (-1.1842955251311684 * (-1.0690083287768268 + (0.03814143456527167 * x_0))))))) + (0.26143424651230585 * inv(((2.2281559944114561e-07 * inv((0.8715154873919997 + (1.1418472667135275 * (-1.0690083287768268 + (0.03814143456527167 * x_0)))))) - (0.6500926337945774 * ((0.8215782897501478 * (-1.0690083287768268 + (0.03814143456527167 * x_0))) + (39.68249455860253 * inv((0.5419413625393588 + (20.733929548310428 * ((-1.0690083287768268 + (0.03814143456527167 * x_0)) * (inv((0.5940100441434322 + (0.8050377605329702 * (-1.0690083287768268 + (0.03814143456527167 * x_0))))) + (0.7332902802677832 * (-1.0690083287768268 + (0.03814143456527167 * x_0))))))))))))))))
first_principles_supernovae_zr,ok,1,32,1,BFGS,0.9451707352244606,0.051365614269941046,77,22.04,,0.01,(0.1807860814997841 + (inv((7.860500503853643 + (14.057387205837102 * ((1.1354760983863499 * inv(((0.22811871166676423 * inv((0.3317874982382023 + (0.12270039697077728 * (-1.6026515238622114 + (0.046431321645507846 * x_0)))))) - (0.17099391091047045 * (inv((0.05633392472853431 + (0.40106890119831307 * inv((1.3243752302795206 + (0.23061198550048734 * (-1.6026515238622114 + (0.046431321645507846 * x_0)))))))) * ((2.7728073111627296 * (-1.6026515238622114 + (0.046431321645507846 * x_0))) + (0.6708958632867792 * inv((0.4409105086458225 + (2.5454965168370727 * (-1.6026515238622114 + (0.046431321645507846 * x_0)))))))))))) * (0.8894059975595601 * (-1.6026515238622114 + (0.046431321645507846 * x_0))))))) + (0.14246487838768712 * (-1.6026515238622114 + (0.046431321645507846 * x_0)))))
first_principles_tully_fisher,ok,1,32,1,BFGS,0.9458210313242496,0.33057501350762386,117,50.74,,0.01,(-0.7833756384572312 + (((-0.03743703776269079 * (-2.139304033980945 + (0.006687978646939128 * x_0))) - (0.03272188146339988 * (inv((2.8930893540439984 + (0.2526319858479003 * (-2.139304033980945 + (0.006687978646939128 * x_0))))) * ((72.64036141601693 * inv((7.479525368740832 + (0.3148508554763489 * (-2.139304033980945 + (0.006687978646939128 * x_0)))))) + (1.5364895200321005 * (-2.139304033980945 + (0.006687978646939128 * x_0))))))) * ((49.11536653677089 * inv((0.2931576188855153 + (0.0905879161829218 * (-2.139304033980945 + (0.006687978646939128 * x_0)))))) - (inv((2.3651073563627767 + (51.00174090654885 + (0.04408400092060795 * (-2.139304033980945 + (0.006687978646939128 * x_0)))))) * ((6.8951985377379135 * inv(((2.2612211811100553 * ((0.4358254329829305 + (0.379271614869109 * (-2.139304033980945 + (0.006687978646939128 * x_0)))))**2) - (7.142323114616857 * (-2.139304033980945 + (0.006687978646939128 * x_0)))))) + (0.11542863904320008 * inv((6.53518042484211 + (7.034448466088202 * (inv((3.034742858463507 + (2.774091587628752 * (-2.139304033980945 + (0.006687978646939128 * x_0))))) * (-2.139304033980945 + (0.006687978646939128 * x_0))))))))))))
nikuradse_1,ok,2,32,1,BFGS,0.874193864930061,0.032788899978445,84,198.77,,0.01,(0.2032747962777809 + ((1.2931426244130346 * inv((4.193520086673983 + (0.8644159256767487 * (-8.043667186640068 + (1.6172840179308134 * x_1)))))) + (((0.10888722204542911 * (-8.043667186640068 + (1.6172840179308134 * x_1))) - (((0.05111597510731328 * (-8.043667186640068 + (1.6172840179308134 * x_1))) - (0.03541920841537258 * inv(((0.3346841397328686 * inv((0.7820141897863317 + (-4.885925440832013 * (-1.3445265834704199 + (0.005918071145166688 * x_0)))))) - (0.2398800341971145 * inv((46.95460927674756 + (3.4124116302460905 * (-8.043667186640068 + (1.6172840179308134 * x_1)))))))))) + (1.3942847026136551 * inv((11.684166297178674 + (0.24136754439194452 * (-1.3445265834704199 + (0.005918071145166688 * x_0)))))))) + (-0.9908004984563736 * (0.11973776960189708 + (-0.4349316183673162 * (-1.3445265834704199 + (0.005918071145166688 * x_0))))))))
nikuradse_2,ok,1,64,2,BFGS,0.9764882948399178,0.04834304776881589,113,59.33,,0.01,(0.09236448996449931 + ((0.4743209813601893 * inv(((0.8721067981064019 * (inv((7.4843299131665315 + (5.532446445580105 * (-1.9879774008876716 + (1.6574136973190292 * x_0))))) * inv((0.4919893677924271 + (-0.166286920008422 * (-1.9879774008876716 + (1.6574136973190292 * x_0))))))) - (0.2897551501797919 * inv((0.3607628321638199 + (10.33028886159087 * ((((0.23590487935749593 * (-1.9879774008876716 + (1.6574136973190292 * x_0))) - (0.20957665252606028 * inv((4.777916755649217 + (-0.022449822288382236 * (-1.9879774008876716 + (1.6574136973190292 * x_0))))))) - (2.5887639297884317 * inv((0.6259860669682159 + (0.34453197682834413 * (-1.9879774008876716 + (1.6574136973190292 * x_0))))))) * inv((0.23569186265774472 + (0.359069235324726 * ((-1.9879774008876716 + (1.6574136973190292 * x_0)) * inv(((0.23446551896791476 * inv((47.91323878461722 + (37.215703201591865 * (-1.9879774008876716 + (1.6574136973190292 * x_0)))))) - (0.9544440175114675 * inv((0.4990584828179385 + (6.962141124210463 * (-1.9879774008876716 + (1.6574136973190292 * x_0)))))))))))))))))))) - (-1.9879774008876716 + (1.6574136973190292 * x_0))))
solar_flare,ok,10,256,4,BFGS,nan,nan,113,295.69,,0.01,(-0.7989782342279161 + ((24.36884525289615 * exp((-2.9139816499884006 + (9.308937472473346 * (-3.0 + (3.3333333333333335 * x_7)))))) + ((0.2939031549505122 * (-1.4326457214253776 + (0.7744030926623663 * x_1))) + (((((((2.606807670177588 * ((nan + (inf * x_9)) * (((-2.207994968177486 + (1.5549260339278073 * x_4)) * (-0.7418811204628575 + (2.0898059731348098 * x_6))) * (-2.207994968177486 + (1.5549260339278073 * x_4))))) + (-3.2628591844898853 * exp((0.21694804829655756 + (5.9182566147569595 * (-3.0 + (3.3333333333333335 * x_7))))))) + (-1.1997483391631258 + (0.4751478570943073 * x_0))) + exp((0.04884712891426854 + (0.16010085924358175 * (-0.5233405681948146 + (2.4341421776503003 * x_3)))))) + (0.6516128625806306 * ((-0.17223278830124386 + (3.1315052418407974 * x_5)) * exp((-1.4964168011698344 + (0.8033014265790328 * (-0.7418811204628575 + (2.0898059731348098 * x_6)))))))) + (-0.2837998350602452 * (nan + (inf * x_9)))) + (-1.0803598802706063 * (-1.1997483391631258 + (0.4751478570943073 * x_0)))))))
strogatz_bacres1,ok,2,32,1,BFGS,0.9922284741414553,0.21616064956607536,58,14.35,,0.01,(-0.6135982542868514 + (((-1.3833509858835722 * (-3.1009340740058042 + (0.07848210426397985 * x_1))) + (0.0008625432554011645 * ((0.48092325121393986 * inv((0.018116128996186684 + (-3.1099802128438814 * inv((176.2760875665523 + (1.690091597946748 * (-3.1009340740058042 + (0.07848210426397985 * x_1))))))))) + (7.1177459572117385 * inv((0.14829417894981678 + (10.075064085549982 * (-6.2652814930864 + (0.45765203318264863 * x_0))))))))) + ((-1.0703168656020954 * (-6.2652814930864 + (0.45765203318264863 * x_0))) + (-0.029651767238081647 * (-6.2652814930864 + (0.45765203318264863 * x_0))))))
strogatz_bacres2,ok,2,32,1,BFGS,0.9919005625403305,0.1918694802228131,109,15.49,,0.01,(4.598765416806771 + ((0.5142499162021954 * inv(((3.6778495272407774 * (-6.2652814930864 + (0.45765203318264863 * x_0))) - (13.341660365948648 * ((94.98482451918738 * (-6.2652814930864 + (0.45765203318264863 * x_0))) * (0.025757220451372034 * inv((-0.2854952501819322 + (5.211149772685058 * (-6.2652814930864 + (0.45765203318264863 * x_0))))))))))) - ((-0.3661055876081696 * (-6.2652814930864 + (0.45765203318264863 * x_0))) - (11.379324508471342 * inv((1.2362208338491847 + (18.788784648081645 * (((0.4052319531684143 * inv(((0.6469842070100396 * (-3.1009340740058042 + (0.07848210426397985 * x_1))) - (2.906552515656834 * inv((49.08981632340891 + (0.15292104561140196 * inv(((3.9190274216922987 * (-6.2652814930864 + (0.45765203318264863 * x_0))) - (3.8402814055238075 * (-6.2652814930864 + (0.45765203318264863 * x_0)))))))))))) - (0.9769642272172638 * inv((3.9937223969451416 + (0.6132926997443535 * (-6.2652814930864 + (0.45765203318264863 * x_0))))))) * inv((-2.2866288046160275 + (0.8948474005042795 * (-3.1009340740058042 + (0.07848210426397985 * x_1)))))))))))))
strogatz_barmag1,ok,2,64,2,BFGS,0.9208180151914803,0.0695405728193776,109,38.00,,0.01,(0.12702392776968507 + ((-0.014367197766990955 * (-1.2538429920116652 + (0.3484404828044345 * x_1))) + (-0.030858247922406587 * ((inv((1.0868362974084178 + (0.010644768842428362 * (-15.844310416841397 + (2.7805581875467364 * x_0))))) * (13.017884091504719 * (-15.844310416841397 + (2.7805581875467364 * x_0)))) * inv((((1.5080720544938568 * (-1.2538429920116652 + (0.3484404828044345 * x_1))) + (0.6529846836584838 * inv((3.918863579956531 + (0.2847166768525089 * ((-15.844310416841397 + (2.7805581875467364 * x_0)) * (inv(((86.80658878805968 * (-15.844310416841397 + (2.7805581875467364 * x_0))) + (0.23109693537962084 * (-1.2538429920116652 + (0.3484404828044345 * x_1))))) * (-0.11737029115955194 * inv((-0.0008892649407031888 + (0.31958994852786815 * (inv((-1.036703401831863 + (1.5250502698695527 * (-15.844310416841397 + (2.7805581875467364 * x_0))))) * inv((5.452760963045574 + (12.607994846235044 * (-15.844310416841397 + (2.7805581875467364 * x_0))))))))))))))))) + inv((0.44650583342867556 + (-0.14514583308178397 * (-15.844310416841397 + (2.7805581875467364 * x_0)))))))))))
strogatz_barmag2,ok,2,64,2,BFGS,0.9628768464613584,0.07285544512809627,36,36.40,,0.01,(-0.10533034277003245 + ((5.979584704746532 * ((-1.2538429920116652 + (0.3484404828044345 * x_1)) * inv((2.6412947522579193 + (0.44545976015926453 * (-15.844310416841397 + (2.7805581875467364 * x_0))))))) + ((0.143839201571216 * (-15.844310416841397 + (2.7805581875467364 * x_0))) + (-2.0589710371572565 * (-1.2538429920116652 + (0.3484404828044345 * x_1))))))
strogatz_glider1,ok,2,32,1,BFGS,0.267991946636849,0.6739292640165564,99,280.16,,0.01,(-0.2947469954616657 + ((((-4.117661856421508 * inv((-6.188223806430219 + (-0.26463857102934263 * (-1.8084175385794719 + (0.8984434651839722 * x_0)))))) - (0.6123795420481817 * (-1.8084175385794719 + (0.8984434651839722 * x_0)))) - (-3.8190949903488427 * (-1.8084175385794719 + (0.8984434651839722 * x_0)))) - ((-0.009370779174970423 * inv((-0.3809289668546194 + (3.8488327699504445 * (-1.8084175385794719 + (0.8984434651839722 * x_0)))))) + ((inv((0.7854608699316903 + (-0.027022040949238144 * inv(((0.6232199538534486 * (-1.836876920436821 + (0.13306474919016115 * x_1))) - (-0.07722459464723336 * inv((1.073530648165546 + (8.515795540130288 * (-1.836876920436821 + (0.13306474919016115 * x_1))))))))))) + ((-6.734024718638587 * inv((9.739946081336395 + (0.6731336803669401 * (-1.8084175385794719 + (0.8984434651839722 * x_0)))))) - (-3.452086488001795 * (-1.8084175385794719 + (0.8984434651839722 * x_0))))) + (-0.048527946390249516 * (-1.836876920436821 + (0.13306474919016115 * x_1)))))))
strogatz_glider2,ok,2,256,4,BFGS,0.8713642134723878,0.3798841745310845,108,282.32,,0.01,(5.099218639758465 + ((6.187025869851343 * inv((5.376941314272674 + (0.22652410763719866 * (-1.836876920436821 + (0.13306474919016115 * x_1)))))) - ((0.5083634636208934 * inv((27.653009348394775 + (3.9959376237379427 * (-1.8084175385794719 + (0.8984434651839722 * x_0)))))) - (((1.138040104146854 * (-1.8084175385794719 + (0.8984434651839722 * x_0))) - (0.31790547633819266 * inv((2.150259901350438 + (0.3077450549848162 * (-1.836876920436821 + (0.13306474919016115 * x_1))))))) + ((0.2504207376216364 * inv((0.3465902873232185 + (26.583135241056468 * (inv((37.30167280714855 + (2.4563741142692166 * (-1.836876920436821 + (0.13306474919016115 * x_1))))) * (0.21399937887073928 * (inv((1.575912307081806 + (0.5159068937191809 * (-1.8084175385794719 + (0.8984434651839722 * x_0))))) * ((0.8091611953659368 * inv((4.21805747030335 + (0.18109733532824568 * (-1.836876920436821 + (0.13306474919016115 * x_1)))))) + (-1.8084175385794719 + (0.8984434651839722 * x_0)))))))))) - (4.776193120478368 + (-0.016352856336875915 * (-1.836876920436821 + (0.13306474919016115 * x_1)))))))))
strogatz_lv1,ok,2,32,1,BFGS,0.9202777723691474,0.27175279977074523,78,22.09,,0.01,(-0.12137043549116897 + (inv(((-1.2777282235929825 * (-1.0185100736451067 + (0.7243342361165919 * x_0))) + (-1.7969089006830252 * inv((3.740226028691141 + (4.161985991773175 * (-1.0185100736451067 + (0.7243342361165919 * x_0)))))))) * ((0.7366101685005655 * (-1.1210540200500059 + (1.0527256234139701 * x_1))) - ((-0.40704629534488784 * (inv((-0.15111748005497372 + (-1.3720814352497612 * ((-1.1210540200500059 + (1.0527256234139701 * x_1)) * (-1.0185100736451067 + (0.7243342361165919 * x_0)))))) * (-1.0185100736451067 + (0.7243342361165919 * x_0)))) - (inv((130.84487155560475 + (-0.7299607005285957 * (-1.1210540200500059 + (1.0527256234139701 * x_1))))) * inv((1.564223688963587 + (0.45838336323757123 * (-1.0185100736451067 + (0.7243342361165919 * x_0))))))))))
strogatz_lv2,ok,2,32,1,BFGS,0.9407324783299739,0.1334478024248366,113,12.13,,0.01,(-0.7319297584825928 + ((((-0.5765727621402772 * (-1.1210540200500059 + (1.0527256234139701 * x_1))) + (0.7972974639875154 * ((-1.0185100736451067 + (0.7243342361165919 * x_0)) * inv((19.551617243029114 + (0.07833410214334377 * (-1.0185100736451067 + (0.7243342361165919 * x_0)))))))) + (((-1.9197189555660081 * inv((8.02658099418926 + (2.9917976140865896 * inv((4.608745554006585 + (4.786664895221694 * (-1.0185100736451067 + (0.7243342361165919 * x_0))))))))) + (-11.396267538825533 * ((0.032411147067772095 * inv((12.22254563782517 + (0.3344729532410897 * (-1.0185100736451067 + (0.7243342361165919 * x_0)))))) * (-16.816703845603712 * inv(((0.47859261309649015 * (-1.0185100736451067 + (0.7243342361165919 * x_0))) + (0.0029729171542381217 * (-1.0185100736451067 + (0.7243342361165919 * x_0))))))))) + (8.883966739398332 * (inv((0.5025322266009531 + (-1.2234989526539302 * (-1.1210540200500059 + (1.0527256234139701 * x_1))))) * (-0.3717187785883973 * inv(inv((0.7777545337450471 + (-0.17516594332580726 * (-1.1210540200500059 + (1.0527256234139701 * x_1))))))))))) + (-1.0185100736451067 + (0.7243342361165919 * x_0))))
strogatz_predprey1,ok,2,32,1,BFGS,0.9961386686707161,0.15665597485267266,91,12.71,,0.01,(-0.06413401769445065 + (((-2.561815537389694 * exp((4.62967420350827 + (1.0117314333959444 * (-1.8083916054835167 + (0.37798488323581947 * x_1)))))) + (-139.62309785151888 * (-0.7749611889583518 + (0.8276419259871193 * x_0)))) * ((-0.12051385541236666 * inv(((-0.4252917193809108 * exp((5.935416988486283 + (-0.47099355419545635 * (-0.7749611889583518 + (0.8276419259871193 * x_0)))))) + (-0.23027032931297461 * ((0.39396651545800665 + (0.6535634334522396 * (inv((48.57642422373134 + (-31.411738562821157 * (-1.8083916054835167 + (0.37798488323581947 * x_1))))) * exp((0.04156517257357367 + (-8.08080001269705 * ((-0.7749611889583518 + (0.8276419259871193 * x_0)) * exp((-2.1482495271453335 + (-19.021776774008465 * (-1.8083916054835167 + (0.37798488323581947 * x_1)))))))))))))**2)))) + (-0.001877182198641171 * exp((-0.40917269218717417 + (-3.020026633887836 * (-1.8083916054835167 + (0.37798488323581947 * x_1)))))))))
strogatz_predprey2,ok,2,32,1,BFGS,0.9796736645018664,0.2317320123096445,126,26.55,,0.01,(-0.10979181545423664 + (((0.41727045233441395 * (-1.8083916054835167 + (0.37798488323581947 * x_1))) - (0.5586211919210367 * (-0.7749611889583518 + (0.8276419259871193 * x_0)))) * ((-0.0029500109956689348 * (-0.7749611889583518 + (0.8276419259871193 * x_0))) - ((0.31495572564106733 * inv((0.09835958051199747 + (0.014725756018885653 * (inv((4.043511775364168 + (3.7359553852179106 * (-1.8083916054835167 + (0.37798488323581947 * x_1))))) * (((0.24470418216188483 * (-0.7749611889583518 + (0.8276419259871193 * x_0))) - (3.332075177323203 * (-1.8083916054835167 + (0.37798488323581947 * x_1)))) + (inv((9.581088577456658 + (0.5992626202245286 * (-0.7749611889583518 + (0.8276419259871193 * x_0))))) * (inv((5.225249838683753 + (0.6250020915906682 * ((-0.7749611889583518 + (0.8276419259871193 * x_0)) * inv((-1.0345153765083028 + (33.30341403903331 * (-0.7749611889583518 + (0.8276419259871193 * x_0))))))))) * (4.134920651639488 * inv((1.5809553629580448 + (0.6347481613277046 * (-0.7749611889583518 + (0.8276419259871193 * x_0)))))))))))))) - ((0.7435092445792117 * (-0.7749611889583518 + (0.8276419259871193 * x_0))) - (0.717178376091836 * inv((5.904604364491751 + (0.1936031299962938 * (-0.7749611889583518 + (0.8276419259871193 * x_0)))))))))))
strogatz_shearflow1,ok,2,256,4,BFGS,0.8583605531501253,0.18425955339572855,101,126.93,,0.01,(-2.21801521940372 + inv((0.599582679375823 + (-0.3957695558640716 * ((0.1425865318514197 + (0.5727827728700499 * x_1)) * ((((0.09429989670998995 * (1.0787725150702083 + (0.4912165308203284 * x_0))) - (-1.0869984003904762 * inv((((0.3345548382900565 * (1.0787725150702083 + (0.4912165308203284 * x_0))) + ((0.0837297412850265 * inv((0.5856150209313173 + (27.13156810929044 * (1.0787725150702083 + (0.4912165308203284 * x_0)))))) + (40.38866283092263 * inv((-0.12909702705271445 + (0.30356310495493566 * (1.0787725150702083 + (0.4912165308203284 * x_0)))))))) + inv((-0.01742888423607806 + (0.03325474903507791 * (0.1425865318514197 + (0.5727827728700499 * x_1))))))))) + (17.74802193621432 * inv((12.18684315618929 + (0.07263973673062486 * (0.1425865318514197 + (0.5727827728700499 * x_1))))))) * (0.7545892276495043 * inv((0.26761656949726176 + (237.02653060149032 * (0.05485616841912523 * inv((0.24651505757740022 + (4.45230743587762 * (0.1425865318514197 + (0.5727827728700499 * x_1))))))))))))))))
strogatz_shearflow2,ok,2,128,3,BFGS,0.9066014291808075,0.06712304965548281,62,107.48,,0.01,(0.0007449977136124684 + (((-0.17670739542484415 * (1.0787725150702083 + (0.4912165308203284 * x_0))) - (-2.3688093829974735 * inv((8.857775969578626 + (5.734016559939185 * (0.1425865318514197 + (0.5727827728700499 * x_1))))))) * ((11.215582798221885 * inv((0.4515535505337378 + (4.5794134260350265 * inv((0.5397642338342612 + (0.3766151303681007 * (1.0787725150702083 + (0.4912165308203284 * x_0))))))))) + inv(((-0.14272254066896073 * (1.0787725150702083 + (0.4912165308203284 * x_0))) - (4.879737969207337 * inv((7.4436097755127975 + (7.533641547551873 * (1.0787725150702083 + (0.4912165308203284 * x_0)))))))))))
strogatz_vdp1,ok,2,64,2,BFGS,0.5279477877198877,0.7093203857400122,43,188.29,,0.01,(1.36685368377863 + ((((-1.908355812593143 * inv((9.354966070407908 + (-6.822573880801458 * (-0.44260024914922197 + (1.069046206513926 * x_0)))))) - (-1.2666698317058465 * (-0.3313309365474487 + (4.278311300708479 * x_1)))) + (0.2856439904142363 * (-0.44260024914922197 + (1.069046206513926 * x_0)))) - (3.1589558055415465 * inv((5.820414240587546 + (-4.181468322999654 * (-0.44260024914922197 + (1.069046206513926 * x_0))))))))
strogatz_vdp2,ok,2,32,1,BFGS,0.9999996039009342,5.887154485027444e-05,87,12.39,,0.01,(-0.48470355529577036 + ((54.8203655621505 * inv((123.61363706496084 + (-2.3205566289372737 * (-0.44260024914922197 + (1.069046206513926 * x_0)))))) + (((1.151944218703315e-05 * (inv((26.116602618758456 + (-0.42952712556945305 * (-0.44260024914922197 + (1.069046206513926 * x_0))))) * (88.53566094101504 * inv((1.3097272126741308 + (8.83446950950627 * (-0.44260024914922197 + (1.069046206513926 * x_0)))))))) + ((-0.02681328075766789 * (-0.44260024914922197 + (1.069046206513926 * x_0))) + (-0.07469799212072223 * (-0.44260024914922197 + (1.069046206513926 * x_0))))) + inv(((2.466022034854941 * (-0.44260024914922197 + (1.069046206513926 * x_0))) + (inv((-0.00023241710599310926 + (-0.0001587696534063457 * (-0.44260024914922197 + (1.069046206513926 * x_0))))) * inv((0.5224729154193266 + (1.096565755491219 * (-0.44260024914922197 + (1.069046206513926 * x_0)))))))))))
