dataset,status,n_features,beam_size,attempt,refinement_type,r2,rmse,complexity,seconds,error,noise_strength,expr
1027_ESL,ok,4,128,3,BFGS,0.8784828505031059,0.506933358369021,130,318.68,,0.001,(4.693549479848517 + ((1.8887369552952622 * (-4.543727322540949 + (0.8485018342746871 * x_2))) - ((2.129680847762235 * inv((0.13648635898551317 + (6.558734237239346 * (-6.146798559422659 + (1.0976425998969035 * x_3)))))) - (((0.9189960835272867 * inv((0.5059162744634076 + (3.0984404944157555 * (-6.146798559422659 + (1.0976425998969035 * x_3)))))) - (0.5052408135063593 * inv((49.26385510821169 + (2.29231115894319 * (-3.689442089095961 + (0.6641659926365366 * x_0))))))) - (((-0.3884417838833744 * (-3.1650294675520123 + (0.6187740894529837 * x_1))) - (-0.8089168735578043 * (-4.543727322540949 + (0.8485018342746871 * x_2)))) - (((42.25535065334766 * inv((59.39926888887757 + (-0.0575480040874259 * (-3.1650294675520123 + (0.6187740894529837 * x_1)))))) - (((((0.6203593969677994 * (-4.543727322540949 + (0.8485018342746871 * x_2))) - (-0.47571208174905844 * inv((122.68498672260782 + (3.5268572620133116 * (-4.543727322540949 + (0.8485018342746871 * x_2))))))) - (5.29223315220373 * (-6.146798559422659 + (1.0976425998969035 * x_3)))) - (-4.55969195785712 * (-6.146798559422659 + (1.0976425998969035 * x_3)))) - (0.2933471643373541 * (-3.689442089095961 + (0.6641659926365366 * x_0))))) - (0.19468029206743098 * (-6.146798559422659 + (1.0976425998969035 * x_3)))))))))
1028_SWD,ok,10,128,3,BFGS,0.3769770299567925,0.6375423010720062,145,304.24,,0.001,(3.7610653203227935 + (((((((0.34966765583895554 * (-2.1689364464787513 + (0.972617240573431 * x_2))) - (-0.08475329478894769 * (-2.4841136395988146 + (1.2451697441598069 * x_3)))) - (((-0.1518104674764551 * (-2.3736872687394746 + (1.012233376861183 * x_4))) - (1.5078257622746012 * inv((-0.507429168542038 + (3.872669675886608 * (((52.87725566837702 * (-2.6745450995191127 + (1.3046561461068844 * x_9))) - (-9.467522266058815 * (-2.6745450995191127 + (1.3046561461068844 * x_9)))) * inv((1.8794780168547582 + (0.3420758673939668 * (-2.1689364464787513 + (0.972617240573431 * x_2))))))))))) - (0.16808013672363686 * (-2.9121760301824526 + (1.3867504905630728 * x_7))))) - (0.578049374458403 * inv(((26.169864997270686 * (-2.9121760301824526 + (1.3867504905630728 * x_7))) + (1.2282339571225025 * inv((49.595266845810926 + (2.3898726815015463 * ((-2.9293890917537175 + (2.0064308847628203 * x_5)) * (((0.831184669135957 * (-2.3736872687394746 + (1.012233376861183 * x_4))) - (8.181525183951155 * (-2.566230515260939 + (1.2704111461687815 * x_8)))) + (0.18827856213090077 * (-2.7885115085974532 + (1.4154880754301793 * x_0))))))))))))) + (0.08375135478717527 * (-2.8621521711176414 + (1.2806049982629268 * x_1)))) + (0.07136967573778252 * (-2.9293890917537175 + (2.0064308847628203 * x_5)))) - (0.05807666548729884 * ((-2.5904290116544066 + (1.3421911977483971 * x_6)) * (-2.3736872687394746 + (1.012233376861183 * x_4))))))
1029_LEV,ok,4,256,4,BFGS,0.6135157257325576,0.6035087241039998,119,425.53,,0.001,(4.478316204644321 + ((1.7855964886108895 * (inv((0.7622577982775394 + (2.437878210951631 * (-1.3777422408758337 + (0.721331016165358 * x_3))))) * (-0.13843175151678577 * (-1.3777422408758337 + (0.721331016165358 * x_3))))) - (((((3.094604424101478 * inv((1.157821465891594 + (0.6087432800736821 * (0.11578001046854669 * inv((19.78002423112998 + (6.042575022193905 * (-1.338219395737549 + (0.6915862510271571 * x_2)))))))))) - (0.39451608945634953 * (-1.3537592065395143 + (0.7317617332646023 * x_0)))) - (3.6305932661494698 * inv((77.06283358667392 + (0.8803096048045354 * (-1.3777422408758337 + (0.721331016165358 * x_3))))))) + ((-0.003403402183859934 * inv(((0.032971711050284444 * inv((64.88042467615395 + (0.4878889405651128 * (-1.3777422408758337 + (0.721331016165358 * x_3)))))) - (0.584861182935148 * (-1.338219395737549 + (0.6915862510271571 * x_2)))))) + (((-0.26100793162428926 * (-1.3777422408758337 + (0.721331016165358 * x_3))) - (0.19050724297888333 * (-1.338219395737549 + (0.6915862510271571 * x_2)))) + (0.6685486683042683 * (-1.490881128154221 + (0.7665198602335326 * x_1)))))) - (1.25189580368717 * (-1.490881128154221 + (0.7665198602335326 * x_1))))))
1030_ERA,ok,4,64,2,BFGS,0.451230415010789,1.487009901283748,99,466.84,,0.001,(0.6416754570231269 + (((-3.712319937315028 * (-1.4098777764544617 + (0.21377979931075994 * x_3))) - ((-0.015575507079525881 * ((-1.6821592654348876 + (0.2229502008528678 * x_0)) * (-1.775251610451698 + (0.26918144207000727 * x_2)))) - (((((179.17528210930095 * inv((13.609644873573764 + (-0.514500513380924 * (-1.6821592654348876 + (0.2229502008528678 * x_0)))))) - (4.399391260820201 * cos((0.8263867853045461 + (0.32289587283386423 * (-1.8026202153614108 + (0.2599308169230585 * x_1))))))) - (-0.4979066238894838 * (-1.775251610451698 + (0.26918144207000727 * x_2)))) - ((0.0234910296846096 * (-1.4098777764544617 + (0.21377979931075994 * x_3))) - (0.7231289770947567 * cos((0.39866467263427574 + (6.348135843146128 * (-1.4098777764544617 + (0.21377979931075994 * x_3)))))))) - (-4.13462850586 * (-1.4098777764544617 + (0.21377979931075994 * x_3)))))) - (15.020947701227733 * cos((38.80448960487098 + (0.01647614500617728 * (-1.6821592654348876 + (0.2229502008528678 * x_0))))))))
1096_FacultySalaries,ok,4,128,3,BFGS,0.8987519254771814,1.4545777766621604,116,633.87,,0.001,(42.03890891427354 + (((((10.319973738142945 * inv(((0.5044968969401898 * inv((-70.59347448278315 + (1.5967490122397994 * (-9.112288776127002 + (0.17718880655098507 * x_3)))))) - ((0.6897171851131612 * inv(((-0.2786156608777482 * (-9.112288776127002 + (0.17718880655098507 * x_3))) - (0.16093413213216928 * (-8.427043203926056 + (0.14480699704232594 * x_1)))))) + ((-9.112288776127002 + (0.17718880655098507 * x_3)) * inv((60.90763762814461 + (-0.22800204059342466 * (-0.5619514869490163 + (2.341464528954235 * x_0)))))))))) - (2.355984642004815 * (-9.112288776127002 + (0.17718880655098507 * x_3)))) + (0.17620871143274336 * (-7.346234106637792 + (0.09939270487749849 * x_2)))) + ((9.165369952323631e-07 * inv((2.0395918883368084e-05 + (-1.7111131502543907e-05 * (-8.427043203926056 + (0.14480699704232594 * x_1)))))) - (-5.7328267310453 * inv((4.832211200559457 + (0.3179800078872137 * (-7.346234106637792 + (0.09939270487749849 * x_2)))))))) - ((-0.3266862013312233 * inv((-1.4816539731400495 + (91.03482217031784 * (-0.5619514869490163 + (2.341464528954235 * x_0)))))) - (-0.3765189157817067 * (-7.346234106637792 + (0.09939270487749849 * x_2))))))
1193_BNG_lowbwt,ok,9,64,2,BFGS,0.6248576898317979,443.7872405080485,130,801.89,,0.001,(1.7571511569676934 + ((((2.61775206486508 * (-4.7670358854990456 + (0.20452064575820186 * x_1))) - ((-6.485176599776025 * ((-4.341145088689214 + (0.03261568031203464 * x_2)) * ((0.5020963071397573 + (1.3682954522475081 * (-2.1712405933672376 + (2.631806779839076 * x_7)))))**2)) - (7.77209762451788 * ((-1.7565107319733801 + (1.3459852352286439 * x_3)) * ((((-373.3188092240972 + (-0.8619177057222005 * (-0.9231403599700084 + (0.7474820728502092 * x_8)))))**2 * (-40.181827363740666 * inv(((170.02062433639423 * (-0.8422598823413764 + (2.029541885159943 * x_4))) + (-37.85598903522066 * ((-0.17033483863036802 + (496.38487259670524 * (-0.8422598823413764 + (2.029541885159943 * x_4)))))**2))))) * (((-14.087005118405155 * ((-1.7565107319733801 + (1.3459852352286439 * x_3)) * (-0.8422598823413764 + (2.029541885159943 * x_4)))) - cos((1.6680099457162147 + (22.563553935013744 * (-2.1712405933672376 + (2.631806779839076 * x_7)))))) - (-0.0854770725281852 * ((10.252109128202239 + (0.12861340750947398 * (-0.2412489548185819 + (4.386344633065126 * x_6)))))**2))))))) - (-1.8361632964736874 * ((39.65339827315695 + (0.6017227333370441 * (-2.1712405933672376 + (2.631806779839076 * x_7)))))**2)) - (531.0436057139743 * (-0.7018100265975371 + (2.126697050295567 * x_0)))))
1196_BNG_pharynx,ok,10,64,2,BFGS,0.4753185232034599,277.4730908242398,118,571.49,,0.001,(564.3773206032492 + (((-33.702465948093206 * (-1.3184242770282357 + (1.2437964877624863 * x_6))) - (((-222.45798798350722 * (-0.5927489783638191 + (2.279803762937766 * x_9))) - (-2.6327325434125974 * ((-1.3193830297679 + (0.5890102811463838 * x_0)) * inv(((4.654853397225789 * ((14.964514862595003 + (294.95547342141253 * (-5.275654998591812 + (0.08600904883651646 * x_4)))))**2) - ((9.285686181038876 * inv((-53.39587765749337 + (-79.16719953664438 * (-1.4913495697629222 + (1.021472308056796 * x_8)))))) - ((-258.27612057920305 * inv((-5.910580027132951 + (1823.40694503564 * (-0.5927489783638191 + (2.279803762937766 * x_9)))))) - ((-402.1242697319544 * inv((24.44848549610336 + (-3678.7562158771343 * (-1.3076038098835963 + (1.5659925866869417 * x_3)))))) - (19.98195885863265 * (-1.3184242770282357 + (1.2437964877624863 * x_6))))))))))) + ((-11.464922822515113 * (-5.275654998591812 + (0.08600904883651646 * x_4))) - (-61.901279977768695 * (-0.9685432901733048 + (1.0249135345749258 * x_7)))))) - ((8.695628551636243 * (-1.020204061220407 + (2.000400120040014 * x_2))) - (-68.04008341113996 * (-0.4676211227230167 + (1.585156348213616 * x_5))))))
1199_BNG_echoMonths,ok,9,256,4,BFGS,0.5361708382189362,10.561474658849825,117,286.68,,0.001,(1.0484194926539026 + ((18.90438011503131 * sin((2.947004455515872 + (0.5042437465447418 * (-2.050416905868444 + (9.294535034379726 * x_3)))))) - (((-0.6881618522499846 * (-2.7393118696321914 + (0.1834262746734647 * x_6))) - ((-2.726877192625081 * (-1.7077351386697883 + (0.1433472945228545 * x_4))) - (((0.6332084653776202 * (-7.068403061162645 + (0.11366866615016445 * x_1))) - (((19.820211139101467 * cos((-0.04946300852503492 + (-0.20459025971694883 * (-7.068403061162645 + (0.11366866615016445 * x_1)))))) - ((-0.8593738573875258 * (-0.4525696378552518 + (2.66217434032501 * x_2))) - (((-0.6479221517998133 * (-0.4525696378552518 + (2.66217434032501 * x_2))) - (7.485712936773517 * (-0.7018100265975372 + (2.1266970502955673 * x_0)))) - (-7.415334994752609 * (-2.050416905868444 + (9.294535034379726 * x_3)))))) - (1.023711288738453 * sin((1.2668650592740787 + (0.7833009772249315 * sin((0.315079213512103 + (-11.747649090097266 * (-6.139712387609727 + (1.3064991268887023 * x_5))))))))))) - (0.30797261362043693 * (-3.0702386426579005 + (2.0989423382322308 * x_7)))))) + (4.114233161895111 * (-0.5850486126764433 + (2.29430828500566 * x_8))))))
1201_BNG_breastTumor,ok,9,256,4,BFGS,0.15374075017687538,9.745756600730788,130,410.46,,0.001,(24.90856412948945 + ((0.011720785002139744 * ((-0.5388159060803247 + (2.3947373603569986 * x_3)) * ((-0.75 + (2.0833333333333335 * x_8)) * ((-0.17609069851832393 * (-5.513793854744495 + (0.10828748668207969 * x_0))) + (18.661606317365568 * inv((0.5376839662494466 + (0.7687032435328307 * (-0.75 + (2.0833333333333335 * x_8)))))))))) - (((5.558667747059896 * (cos(((34.086642752501916 * (-0.749436783737264 + (0.22607444456629383 * x_2))) - (2.298886463506137 * inv(((-0.0616585529358151 * (-0.749436783737264 + (0.22607444456629383 * x_2))) - (0.37105263119414045 * ((0.45041194643868665 + (3.683320811374637 * (-0.933007822647968 + (1.6963778593599417 * x_1)))))**2)))))) * ((0.35044719270903335 * inv((4.5315988093805295 + (34.636243842617745 * (-0.933007822647968 + (1.6963778593599417 * x_1)))))) - (0.5009166198197967 * (-1.2500406497455434 + (0.8064778385455118 * x_6)))))) - ((-1.2500406497455434 + (0.8064778385455118 * x_6)) * ((-0.4291079483371638 * (-1.061913167103641 + (2.0036097492521527 * x_5))) - cos((36.151630576061365 + (3.954530774373394 * (-1.2500406497455434 + (0.8064778385455118 * x_6)))))))) - (0.7188869828816999 * cos((-0.7428065450317467 + (34.73412847860641 * (-0.6081636405595373 + (2.2524579279982864 * x_7)))))))))
1203_BNG_pwLinear,ok,10,256,4,BFGS,0.4969188752693292,3.112710442548607,113,309.06,,0.001,(-0.09606412324683955 + ((((0.5159979128443006 * (0.23480352857641618 + (1.2692082625752226 * x_1))) - (9.532555666831101 * (-0.3106848830006 + (1.2427395320024 * x_5)))) - (((7.952972756860298 * (-0.07017213284715496 + (1.0024590406736422 * x_0))) - (53.6026780355397 * (-0.012127673025267264 + (1.2127673025267265 * x_2)))) - (((((9.83821233333795 * (-0.3106848830006 + (1.2427395320024 * x_5))) - (52.693126540373186 * (-0.012127673025267264 + (1.2127673025267265 * x_2)))) - (-1.0158040860793367 * (-0.032157832069216574 + (1.286313282768663 * x_4)))) - (-5.691637404128784 * (-0.07017213284715496 + (1.0024590406736422 * x_0)))) + (((0.26891333305471843 * (-0.0689883074727411 + (1.1498051245456848 * x_7))) - (-0.24142210073183445 * (-0.018397292771819163 + (1.2264861847879442 * x_3)))) - (0.004334831213606746 * inv(((1.007352781696674 * (-0.018397292771819163 + (1.2264861847879442 * x_3))) - (1.0990635083730917 * inv((18.957013274243636 + (-46.95735870779829 * (0.23480352857641618 + (1.2692082625752226 * x_1))))))))))))) - (0.0970507031940136 * (0.103834826330233 + (1.2979353291279123 * x_9)))))
192_vineyard,ok,2,256,4,BFGS,0.7993596424433836,1.9493725731099973,77,357.62,,0.001,(20.523651722227584 + ((1.6873280481977173 * inv((0.7224792064940166 + (10.733125181220828 * (-1.7076703227012184 + (0.5208144092695798 * x_0)))))) - ((-3.543484615837918 * (-1.7076703227012184 + (0.5208144092695798 * x_0))) - (0.42320942674770734 * ((((-18.662516950909534 * (-1.7076703227012184 + (0.5208144092695798 * x_0))) - (43.745881119470596 * (-4.169458226011473 + (0.431896071220312 * x_1)))) - (11.070929045854854 * inv((0.28256332421297414 + (1.7604011358854477 * ((-4.169458226011473 + (0.431896071220312 * x_1)) * (-4.169458226011473 + (0.431896071220312 * x_1)))))))) * inv((1.4731634464578782 + (0.4490955877732997 * (18.635641473092058 * inv((0.23584032049643522 + (0.8044890218417102 * (-1.7076703227012184 + (0.5208144092695798 * x_0))))))))))))))
210_cloud,ok,5,128,3,BFGS,0.9259281163799293,0.2918062576147167,113,399.94,,0.001,(1.2236607869861196 + (((0.5460126217130219 * (-1.3542915032506988 + (1.1265769290074164 * x_3))) - (-0.001246360300435275 * ((-1.349156164026494 + (0.6152466562861073 * x_4)) * ((((0.4246065952200462 * (-1.3542915032506988 + (1.1265769290074164 * x_3))) - (4.590208418273464 * inv((9.987165700827621 + (1.4389911787397884 * (-1.3542915032506988 + (1.1265769290074164 * x_3))))))) - (-0.19657056071067647 * inv(((0.07986749394292414 * (-1.349156164026494 + (0.6152466562861073 * x_4))) - (11.775657621310359 * (-1.0570827394885711 + (0.7017329636726495 * x_2))))))) - (0.1721454055382607 * inv(((-0.818034344033892 * inv((89.15993883090545 + (0.5626809047457615 * (-1.3542915032506988 + (1.1265769290074164 * x_3)))))) - (0.14539253464324864 * (inv((-18.60957545551532 + (5.214258749017956 * (-1.349156164026494 + (0.6152466562861073 * x_4))))) * inv((0.3838318746649534 + (0.14331595026901067 * (-1.3542915032506988 + (1.1265769290074164 * x_3)))))))))))))) - ((0.022855315735711992 * (-1.0 + (2.0 * x_0))) - (0.5433519953099373 * (-1.0570827394885711 + (0.7017329636726495 * x_2))))))
215_2dplanes,ok,10,256,4,BFGS,0.7302262861032893,2.4166246734446735,140,658.51,,0.001,(4.496627718955176 + ((((0.5347180447503868 * (-0.03114373299321498 + (1.2457493197285991 * x_6))) + (((-0.06349361808347576 * (0.02500781616401777 + (1.2503908082008883 * x_9))) - (-0.3231842606430484 * ((-0.030001500112509377 + (1.200060004500375 * x_7)) * (((-0.08970235147633077 * (-0.0 + (1.2038585308576921 * x_2))) + (5.904428726635391 * ((inv((76.31924386342035 + (10.591156599389791 * (-0.08057455696049687 + (1.2396085686230287 * x_8))))) * (-0.030001500112509377 + (1.200060004500375 * x_7))) * (0.10507779168121834 * (0.047524845652175754 + (1.1881211413043937 * x_5)))))) * (10.277610724850106 * inv(((163.70525137253702 * inv((0.45796573476533164 + (-0.20767826823774782 * (0.02000400120040014 + (1.000200060020007 * x_0)))))) - (0.7380819295207033 * (0.02000400120040014 + (1.000200060020007 * x_0)))))))))) - (((2.6651373649355996 * inv((0.8509294912810117 + (0.5477997290429983 * (0.02000400120040014 + (1.000200060020007 * x_0)))))) - (1.4882934797602365 * inv((3.262637368239366 + (-1.9385310241299107 * (-0.16290204253291504 + (1.2066817965401115 * x_3))))))) - (0.6379838913548661 * (-0.0 + (1.2038585308576921 * x_2)))))) + ((1.2167196075820668 * (0.047524845652175754 + (1.1881211413043937 * x_5))) + (0.7434575619553869 * (-0.03138824102871723 + (1.2555296411486891 * x_1))))) + (0.07603639459945774 + (1.1697906861455036 * x_4))))
218_house_8L,ok,8,64,2,BFGS,0.48647400773306415,29042.842982886108,118,399.89,,0.001,(-193.53899327605671 + ((0.2034238037944267 * (-8.051727895827435 + (16.731591247493967 * x_2))) - (((-0.016383218024282553 * (-1.2420794631854704 + (7.280171385208041 * x_5))) - (((0.1322612800369833 * (-1.5037336233963396 + (3.0832213967881748 * x_7))) - ((0.6189333273874462 * (((30.653491129643456 * ((2.9870199311726733 + (-0.882021792615596 * (-0.4354479563349125 + (54.54681096758018 * x_1)))))**2) - (-43.306275876552235 * (-8.745399041277315 + (1.4579020752294582 * x_6)))))**2) - ((321.15080091424124 + (35.56872353058995 * (-8.745399041277315 + (1.4579020752294582 * x_6)))))**2)) - ((267.1685656376833 * (-1.5037336233963396 + (3.0832213967881748 * x_7))) - (-33.873504231453055 * (-0.2735558448495786 + (0.00011731984031014947 * x_0)))))) - (14.715683310227554 * ((((5.565452472327532 * (-8.745399041277315 + (1.4579020752294582 * x_6))) - (3.82797446685204 * (-0.3762519483828514 + (8.305362235129161 * x_4)))) - (-5.427520230152117 * ((1.125265568824017 + (9.911631462169861 * (-1.2420794631854704 + (7.280171385208041 * x_5)))))**2)) * ((0.45882324261253093 + (0.21413155943855777 * (-8.051727895827435 + (16.731591247493967 * x_2)))))**2)))))
225_puma8NH,ok,8,64,2,BFGS,0.4541976212157486,4.155142086689358,125,453.91,,0.001,(19.012864651914654 + (((-0.9504277829176646 * (-0.01549372006853783 + (0.9102782276193362 * x_0))) - (13.484502057919784 * inv((2.5257128548298216 + (0.3280651620074212 * (-0.07572364437013104 + (0.9138359759094098 * x_3))))))) - ((-0.5977217878297287 * inv((2.869061948414893 + (0.5258146304944196 * (-0.031097369547192274 + (0.9193982774372316 * x_5)))))) - ((-0.013065015105785921 * inv((0.0035731555876179454 + (0.0015241589046649275 * (-0.07710723083161697 + (0.9234518833549156 * x_1)))))) - (((0.1418416650706264 * (-0.07710723083161697 + (0.9234518833549156 * x_1))) - (0.638569267054978 * (-0.022023529833178766 + (0.8877592340102415 * x_4)))) + ((13.883502750542016 * inv((2.0408292141804574 + (0.5137303628010788 * (-0.06585661692848528 + (0.8959411617355382 * x_2)))))) - ((-0.07727900196560514 * inv((2.1759101374698036 + (-0.3847968209497371 * ((-0.09681685113891113 + (2.9689157921727203 * x_6)) * (-0.09681685113891113 + (2.9689157921727203 * x_6))))))) - (((0.5902176272261714 * (-0.09681685113891113 + (2.9689157921727203 * x_6))) - (0.7073447961366048 * (-0.01549372006853783 + (0.9102782276193362 * x_0)))) + (0.10864884940763064 * inv((67.42088194503282 + (0.5382422972738407 * (-0.0263697467348816 + (2.836613933023496 * x_7))))))))))))))
228_elusage,ok,2,256,4,BFGS,0.88241504223346,8.157696807078636,110,429.72,,0.001,(0.4880992290763275 + (((0.8164375305458615 + (-0.159964455131829 * (-3.494368107086116 + (0.06492913712491094 * x_0)))))**2 * ((((0.04633189984474312 * ((36.290902481122856 + (-0.5351821009583224 * (-1.588178110693536 + (0.281773535768208 * x_1)))))**2) - (33.00328984243335 * (-3.494368107086116 + (0.06492913712491094 * x_0)))) - ((-2.1070182241588142 * (-1.588178110693536 + (0.281773535768208 * x_1))) - (25.880084130661473 * (-3.494368107086116 + (0.06492913712491094 * x_0))))) - ((11.302510963691837 * cos(((40.716286904683 * (-3.494368107086116 + (0.06492913712491094 * x_0))) - (((4.118813214058081 * (-3.494368107086116 + (0.06492913712491094 * x_0))) - (2.104647660972484 * ((1.0684339616545628 + (-0.297944759672108 * (-3.494368107086116 + (0.06492913712491094 * x_0)))))**2)) - (-0.24925988145325695 * (-1.588178110693536 + (0.281773535768208 * x_1))))))) - ((-0.7722021344730869 * (-3.494368107086116 + (0.06492913712491094 * x_0))) - (20.513447162778 * ((0.4574167943434413 + (-0.0005610859442037801 * (-3.494368107086116 + (0.06492913712491094 * x_0)))))**2))))))
229_pwLinear,ok,10,256,4,BFGS,0.7728024869883625,2.1275400450748028,97,280.12,,0.001,(-0.6929245323333695 + ((((-0.0792814738418304 * ((-0.07017213284715496 + (1.0024590406736422 * x_0)) * (0.23113784501801415 * (0.047863877241182545 + (1.1965969310295634 * x_8))))) - (2.4294656318456678 * ((0.13630961003872036 + (1.1853009568584378 * x_2)) * inv((13.858626705075928 + (-233.23424784396445 * (0.1308442961026054 + (1.2461361533581465 * x_1)))))))) - (-0.8372557153612066 * (0.024625761678892605 + (1.2312880839446303 * x_6)))) - (((-1.1168976774645905 * (-0.12885860791431716 + (1.227224837279211 * x_5))) + (((0.08672390443029926 * inv((-0.3172465089849976 + (4.3650888666959435 * (0.024625761678892605 + (1.2312880839446303 * x_6)))))) - ((1.0449857218040908 * (0.1308442961026054 + (1.2461361533581465 * x_1))) + (0.7528269863464474 * (0.13630961003872036 + (1.1853009568584378 * x_2))))) + (-1.6273842325828376 * (-0.0708881205008336 + (1.2888749181969743 * x_4))))) + (2.5685762986265823 * (-0.07017213284715496 + (1.0024590406736422 * x_0))))))
230_machine_cpu,ok,6,64,2,BFGS,0.9224129986224332,45.47440350779215,126,87.05,,0.001,(61.04033132500108 + ((1.1006220233648456 * ((-0.8780123817304619 + (-5.169460888963847 * (-1.0157486231470525 + (8.41758769093056e-05 * x_2)))))**2) - (((0.00013785985049335114 * ((0.981219121113331 + (-10.692368522194702 * (-0.7539783429454673 + (0.00025457276565311854 * x_1)))))**2) - ((((-33.46808962592337 * (-0.7692023071461158 + (0.003791788953692772 * x_0))) - (9.936905681271035 * (((13.690933826806589 * ((0.2315400644483444 + (0.08049398335673455 * (-1.0157486231470525 + (8.41758769093056e-05 * x_2)))))**2) - (-5.8666221851018125 * (-0.7539783429454673 + (0.00025457276565311854 * x_1)))) * (-0.7692023071461158 + (0.003791788953692772 * x_0))))) - (-2.602473760125042 * (((4.905316480961433 + (-0.27698861769821814 * (-0.6323138508124196 + (0.02430107036173788 * x_3)))))**2 * (-0.6323138508124196 + (0.02430107036173788 * x_3))))) - (4.094921458777025 * inv(((12.046153619713827 * (-0.7692023071461158 + (0.003791788953692772 * x_0))) - (0.3266904944752993 * ((22.355573890464946 + (0.9705489173940076 * ((0.7349332728420206 + (-1.8934016221005372 * (-0.7539783429454673 + (0.00025457276565311854 * x_1)))))**2)))**2)))))) - (4.403791986348638 * ((-0.7047263654341995 + (0.14485639577270287 * x_4)) * (-0.7169976175893781 + (0.03797656872825096 * x_5)))))))
344_mv,ok,10,256,4,BFGS,0.8957604514156778,3.0932852555219945,78,414.30,,0.001,(0.16012670758220565 + ((((0.08418572473794388 * (8.731675768609247 + (0.6975312065809712 * x_1))) + (((8.580799768986545 * (0.9175113942281458 + (0.09481017314613248 * x_5))) + ((134.0956579220016 * (exp((-0.6584108216839197 + (1.6517466987242821 * (-0.5619514869490163 + (2.341464528954235 * x_7))))) * exp((-1.1680986596081167 + (-0.017617348487675887 * (1.3389884173455886 + (0.3190495684869531 * x_3))))))) - (0.36307769562861475 * (-0.6964409092807232 + (1.5476464650682737 * x_2))))) - (6.675740954759876 * exp((1.701576434874236 + (1.3612200006827289 * (-0.5619514869490163 + (2.341464528954235 * x_7)))))))) + (3.0733204116458266 * (-0.5619514869490163 + (2.341464528954235 * x_7)))) + (2.2379391587642408 * (-0.08262425328176871 + (0.3485338209019501 * x_0)))))
485_analcatdata_vehicle,ok,4,128,3,BFGS,0.7037739296685876,153.13606849060454,122,588.90,,0.001,(0.6166330642151512 + (((2.9191357659561223 + (0.24872750456319942 * (-1.4638501094227998 + (0.5855400437691199 * x_3)))))**2 * (inv((0.10574235388584188 + (-0.000526256076669658 * (-1.0 + (2.0 * x_2))))) * ((((((-1.1102981709897999 * (-1.0 + (2.0 * x_2))) - (1.04608328431818 * inv((201.3255842548782 + (27.753716956879284 * ((-0.061433173774754 + (4.850810639769987 * (((-3.035141400444914 + (0.051508823734257914 * ((-1.4638501094227998 + (0.5855400437691199 * x_3)) * ((-16.697310054272787 + (-2.509338909454166 * (-1.0 + (2.0 * x_1)))))**2))))**2 * ((3.721236570639441 + (-71.9561396394173 * (-1.0 + (2.0 * x_2)))))**2))))**2))))) + (0.003177032757933201 * ((22.823725390303977 + (0.9798446801576207 * (-1.0 + (2.0 * x_1)))))**2)) + ((-1.4638501094227998 + (0.5855400437691199 * x_3)) * (-1.0 + (2.0 * x_2)))) + (-0.8000893957532236 * (-1.4638501094227998 + (0.5855400437691199 * x_3)))) + (0.07852139170969136 * ((5.158472477950676 + (-3.047964081986537 * (-1.0 + (2.0 * x_0)))))**2)))))
519_vinnie,ok,2,128,3,BFGS,0.7494252635190481,1.5151453744587973,116,361.60,,0.001,(5.9788309606316545 + (((0.30408153396282706 * (-128.04990782468957 + (1.4940774496784266 * x_0))) - (-0.927723309537571 * (-3.050344651934337 + (0.22536717044213794 * x_1)))) + ((2.3973938216477952 * inv((19.620001224859337 + (0.9805899027647815 * ((-128.04990782468957 + (1.4940774496784266 * x_0)) * ((0.3283944646206582 * sin((-0.16238455654695022 + (2.703931222151734 * (-128.04990782468957 + (1.4940774496784266 * x_0)))))) + (11.027768539770442 * cos(((0.6673030350188383 * (inv((6.612626360345753 + (-2.5606392233789066 * (-3.050344651934337 + (0.22536717044213794 * x_1))))) * (2.289031158314424 * inv((9.395299951216007 + (0.01028416717830047 * ((10.689106775961651 * inv((-4.982892022257522 + (7.929666651463751 * (-128.04990782468957 + (1.4940774496784266 * x_0)))))) + (53.34904836592173 * (-128.04990782468957 + (1.4940774496784266 * x_0)))))))))) - (18.290410867412284 * (-3.050344651934337 + (0.22536717044213794 * x_1)))))))))))) - ((0.4776169026810535 * (-128.04990782468957 + (1.4940774496784266 * x_0))) - (3.4394471815511585 * cos((4.736198381337907 + (0.5621240318491181 * (-3.050344651934337 + (0.22536717044213794 * x_1))))))))))
522_pm10,ok,7,256,4,BFGS,0.2559343183435663,0.7516506274291697,80,425.18,,0.001,(4.318142902750321 + ((0.39939797774614966 * cos((1.4133883368138953 + (-0.8962122952114181 * (-7.079162907839687 + (0.987710095069961 * x_0)))))) - ((-0.6297757714203904 * cos((2.827396381969189 + (1.4544790977337947 * (-0.12981253370068688 + (0.9947320404949649 * x_3)))))) - (((-0.27563315336408145 * sin((-2.206832069071483 + (7.804101973775483 * (-1.6816570543158895 + (0.011591759038935135 * x_4)))))) - (0.18200743097667293 * ((-1.5591481867057306 + (0.005027969450348218 * x_6)) * cos((1.6410025125533674 + (-1.4696653685314551 * (-7.079162907839687 + (0.987710095069961 * x_0)))))))) - ((0.10175983997779857 * (-1.6816570543158895 + (0.011591759038935135 * x_4))) - (0.9971745164330034 * cos((-2.781390815351693 + (-0.465688467514098 * (-1.7456009505041916 + (0.5312236624740025 * x_2)))))))))))
523_analcatdata_neavote,ok,2,32,1,BFGS,0.954471708222416,0.8423907448222201,81,17.56,,0.001,(8.27507724132334 + (((0.25379671836620676 * (((0.07932342757164254 * inv((36.296768996123326 + (34.31771948504301 * (4.8086275019513876 * (-1.1000004629242885 + (1.0091747366277877 * x_0))))))) - (1.156695284340722 * inv((0.0712094085495722 + (0.766803579712925 * (-1.1000004629242885 + (1.0091747366277877 * x_0))))))) * (0.10562279170301955 * (-32.42453434284643 + (3.268602252303068 * x_1))))) - (58.12688779882657 * inv(((6.206277814808255 * inv((0.30438584518567785 + (0.5332837020112402 * (-1.1000004629242885 + (1.0091747366277877 * x_0)))))) + (7.527373163793318 * inv((2.3980571463228357 + (2.6097652682481955 * (-1.1000004629242885 + (1.0091747366277877 * x_0)))))))))) + (0.2182702329179439 * inv((38.83024913318945 + (9.94194110735161 * (-1.1000004629242885 + (1.0091747366277877 * x_0))))))))
529_pollen,ok,4,256,4,BFGS,0.8078587990483801,1.481769639341046,66,511.82,,0.001,(-0.5043665255090422 + (((((-6.3726744558837645 * (sin((1.9786776851741124 + (0.15906674390146175 * (0.13411228300539055 + (0.09366364070564696 * x_3))))) * ((0.13411228300539055 + (0.09366364070564696 * x_3)) * sin((0.9132666664518929 + (0.07101058087255552 * (0.13411228300539055 + (0.09366364070564696 * x_3)))))))) - (-0.01942619040871199 * (0.13411228300539055 + (0.09366364070564696 * x_3)))) - (6.164478174260321 * (-0.14240534481180597 + (0.1466357845322108 * x_0)))) + (0.008717172475124766 + (0.20153683119485272 * x_1))) - (-1.8066186941108962 * cos((-1.4474234288523262 + (-0.1589829824360377 * (-0.030628056605373096 + (0.1278483556294714 * x_2))))))))
537_houses,ok,8,256,4,BFGS,0.6911130518073934,55627.32416924727,88,274.65,,0.001,(5.554776925949124 + (((0.9575059284056455 * ((42.64860465365339 * ((49.01062928321116 + (5.179359794444537 * (4732.105772728812 + (38.70787762899494 * x_7)))))**2) * (0.268577258145961 * (((0.08942147125718708 + (-0.013648357927704712 * (-1.616400063304611 + (0.0017131956155851734 * x_4)))))**2 * ((22.781011240300245 + (5.616246260663759 * (-1.2904738757872565 + (0.0029224672776394607 * x_3)))))**2)))) - (-36.96770187382066 * (((0.64733544786503 + (0.015160289992753529 * (-1.5066316366506536 + (0.0007951087204436459 * x_2)))))**2 * ((73.89201425493303 + (21.60873869477787 * (-1.516023044552607 + (0.4819862123055841 * x_0)))))**2))) - (((49.788704433215116 * (-1931.3382469098758 + (51.06894768888684 * x_6))) - (54.21397746561948 * (-1.5066316366506536 + (0.0007951087204436459 * x_2)))) - (3.7341655505790188 * (-1931.3382469098758 + (51.06894768888684 * x_6))))))
547_no2,ok,7,256,4,BFGS,0.5213159211356042,0.5104886270187343,106,273.74,,0.001,(3.6699678720267546 + ((((-0.2994589184595897 * (-1.593513108814246 + (0.5093537168700765 * x_2))) - (-0.49446650866151254 * (-6.654222247738914 + (0.9476037076783185 * x_0)))) - (((0.010874609297190245 * (-1.5089883784697682 + (0.0049762181060208684 * x_6))) - ((-0.07220329564532119 * (-1.8397826257177994 + (0.14854926327959622 * x_5))) - (0.28333898155842485 * (((-4.3723422863306745 * inv((4.332480499332547 + (2.449435979114714 * (-1.8397826257177994 + (0.14854926327959622 * x_5)))))) - (74.85921186794195 * inv((7.8541676405729675 + (0.3677889809076196 * (-0.1634556815138494 + (0.9729504782544822 * x_3))))))) * (0.03727749782904391 * (-0.1634556815138494 + (0.9729504782544822 * x_3))))))) - (1.2941655935958156 * inv((-0.09597050985385164 + (16.74781243626326 * (-1.5089883784697682 + (0.0049762181060208684 * x_6)))))))) - (0.292083664778906 * inv((43.033620058988106 + (3.148704357740314 * (inv((-0.5408400087192646 + (-3.3888372576544956 * (-1.5089883784697682 + (0.0049762181060208684 * x_6))))) * (-1.664176255098275 + (0.011106799904836887 * x_4)))))))))
556_analcatdata_apnea2,ok,3,32,1,BFGS,0.13431477982286277,2851.3144571853954,111,253.86,,0.001,((((((-1.9639610121239315 + (0.4364357804719848 * x_2)) * exp((6.209216775975701 + (0.3490709777709169 * (-1.9639610121239315 + (0.4364357804719848 * x_2)))))) * (0.42537261349860556 * (-1.414213562373095 + (0.7071067811865475 * x_1)))) - (-0.09048477681333711 * (-1.9639610121239315 + (0.4364357804719848 * x_2)))) + ((0.7466699071709382 * (-1.414213562373095 + (0.7071067811865475 * x_0))) - (50.871539498988625 * (((12.024412359943327 * (-1.414213562373095 + (0.7071067811865475 * x_0))) - (2.533820184749062 * (exp((-0.07076567443490198 + (0.4538341727940507 * (-1.414213562373095 + (0.7071067811865475 * x_0))))) * exp((2.5887404763463504 + (-1.2559179021793736 + (0.4075067977523603 * exp(((-1.0260200996283775 * (-1.9639610121239315 + (0.4364357804719848 * x_2))) - (4.797473726078614 * exp((9.592209913112654 + (-6.569784153782415 * (-1.414213562373095 + (0.7071067811865475 * x_1))))))))))))))) * exp((0.8503546030712696 + (2.718683918607889 * (-1.414213562373095 + (0.7071067811865475 * x_0))))))))) + (29.41665207516928 * (-1.9639610121239315 + (0.4364357804719848 * x_2))))
557_analcatdata_apnea1,ok,3,32,1,BFGS,0.15508890037911405,2842.0476073540644,103,401.70,,0.001,(2.348245812236387 + (((1.2763611004817474 * (-1.414213562373095 + (0.7071067811865475 * x_0))) - (-2.091065579586756 * (exp((17.599488576964603 + (0.7371783033613992 * (-1.9639610121239315 + (0.4364357804719848 * x_2))))) * (34.435348717657504 * exp((-42.11857559395668 + (14.042051368432311 * (-1.414213562373095 + (0.7071067811865475 * x_0))))))))) - ((((0.20719779641863928 * exp((0.11752738393385381 + (8.5066725847186 * (-1.414213562373095 + (0.7071067811865475 * x_1)))))) - (220.04832886718498 * (-1.414213562373095 + (0.7071067811865475 * x_0)))) - (9.847421818888591 * exp((3.5043686492743387 + (3.1023049094188213 * (-1.414213562373095 + (0.7071067811865475 * x_1))))))) + (((12.561770657382173 * (-1.9639610121239315 + (0.4364357804719848 * x_2))) - (11.7450333113484 * exp((-1.279592325278795 + (5.841467366228054 * (-1.414213562373095 + (0.7071067811865475 * x_1))))))) + (-40.56958430818719 * exp((1.3065871331054888 + (0.32733989481060166 * (-1.414213562373095 + (0.7071067811865475 * x_0))))))))))
561_cpu,ok,7,32,1,BFGS,0.9879955376698222,17.217867760497075,129,61.97,,0.001,(73.81070802344712 + ((45.900410541957825 * (-0.7539783429454673 + (0.00025457276565311854 * x_2))) - ((-16.324444268119798 * (-1.0157486231470525 + (8.41758769093056e-05 * x_3))) - ((-2.8706194816479407 * (-0.6323138508124196 + (0.02430107036173788 * x_4))) - (((-28.79108770240981 * (-0.6323138508124196 + (0.02430107036173788 * x_4))) - (1.525987101075057 * (-0.7169976175893781 + (0.03797656872825096 * x_6)))) + ((-14.350152384889931 * (-0.7047263654341995 + (0.14485639577270287 * x_5))) - ((-28.007715965922444 * ((((-0.05330478563783614 * (-2.133033539448027 + (0.13828418408090937 * x_0))) - (1.177351487539203 * (-1.0157486231470525 + (8.41758769093056e-05 * x_3)))) - inv((163.70021351244958 + (-7.78013188123818 * (((13.514582090936067 * (-1.0157486231470525 + (8.41758769093056e-05 * x_3))) - (92.30002759616684 * (-0.7169976175893781 + (0.03797656872825096 * x_6)))) * (-0.7047263654341995 + (0.14485639577270287 * x_5))))))) * (-1.0157486231470525 + (8.41758769093056e-05 * x_3)))) - (-5.962687721893783 * inv(((1.188319703133649 * ((37.09178127077986 + (-2.3300397265405675 * (-0.7692023071461158 + (0.003791788953692772 * x_1)))))**2) - (-17.38626852355911 * inv((253.26742871915815 + (-202.91037582423814 * (-0.7169976175893781 + (0.03797656872825096 * x_6))))))))))))))))
564_fried,ok,10,256,4,BFGS,0.763571317974235,2.3954955442721326,144,426.39,,0.001,(-0.6230564558521761 + (((2.073012846385594 * (-1.962363239855984 + (3.5856659102912434 * x_1))) - ((0.0820403273349834 * (-1.720003460115014 + (3.637178355927193 * x_5))) - ((3.2948891405099747 * (-1.7072590503875993 + (3.406682733645306 * x_3))) - (((0.517398568930385 * (-1.7072590503875993 + (3.406682733645306 * x_3))) - (((4.658076967716422 * (inv((63.194333006661 + (0.398769887592338 * (-1.773506662490512 + (3.508247186303262 * x_0))))) * (0.7881022466658285 * (-1.6828104573254623 + (3.7222908179660887 * x_2))))) - (((0.5490370288906221 * (-1.607933134680659 + (3.167467366535192 * x_8))) - ((0.01263638455722006 * (-1.796837581375697 + (3.5565800417739046 * x_7))) + (2.0120921449790856 * (-1.773506662490512 + (3.508247186303262 * x_0))))) + (0.7825211407405122 * inv((75.0136874709086 + (0.09556481269159345 * (-1.9240942347694134 + (3.69350448997641 * x_9)))))))) + ((0.600761955481466 * (-1.7104407863161182 + (3.5565645061896443 * x_4))) + (((0.42855817390033524 * (-1.8698296358353992 + (3.6196322750179175 * x_6))) - (0.0029652639654795254 * (-1.8698296358353992 + (3.6196322750179175 * x_6)))) + (6.128363785060383 * inv((0.4009124032175262 + (-0.021811656772515148 * (-1.7104407863161182 + (3.5565645061896443 * x_4)))))))))) + (0.12847093102239554 * (-1.962363239855984 + (3.5856659102912434 * x_1))))))) - (-0.6057378570787124 * (-1.607933134680659 + (3.167467366535192 * x_8)))))
579_fri_c0_250_5,ok,5,256,4,BFGS,0.760480887290526,0.4823070254912733,38,407.67,,0.001,(0.8810892204858138 + ((-1.1283666889543067 * inv((1.6400269741267905 + (0.6362328454210537 * (-0.013457740978846304 + (0.9847731451468804 * x_0)))))) - ((-0.3729997272377526 * (0.005461379359663086 + (0.9984585108671526 * x_4))) - ((0.5924909374822531 * (-0.06946253611908115 + (1.0023314177985747 * x_3))) - (-0.3493473503714619 * (-0.02274143198027288 + (1.0121437364720292 * x_1)))))))
591_fri_c1_100_10,ok,10,256,4,BFGS,0.3903343888275319,0.7768970006476035,115,396.71,,0.001,(-0.07963157144035382 + (((((0.2641640934776377 * (1.020255702066691e-09 + (1.005037815122467 * x_4))) - (((-0.3124106481528228 * (2.134112838164798e-09 + (1.0050378109985483 * x_3))) - (-0.019209404352596493 * (-2.2838751521040537e-09 + (1.0050378162329852 * x_5)))) - (-0.0957715169644524 * (-6.364898005776579e-10 + (1.0050378226906627 * x_9))))) - (2.808354707660069 * inv((0.7717211026282171 + (64.35315264652604 * (-3.2198895784854976e-09 + (1.00503782205916 * x_1))))))) + ((-0.051504788919163505 * (5.279121260744071e-09 + (1.0050378172397734 * x_8))) - (((0.31526968565663294 * (-2.3025954316862416e-09 + (1.0050378109487454 * x_7))) - ((0.36926918703426637 * (-2.3025954316862416e-09 + (1.0050378109487454 * x_7))) + (-0.03192202277645742 * (-9.126140610221942e-10 + (1.0050378224669032 * x_6))))) - (2.3466378939277077 * inv((74.70925563937658 + (0.07966406067905676 * inv(((0.6520856654008854 * inv((0.48852929925768135 + (0.6216246952866783 * (-9.126140610221942e-10 + (1.0050378224669032 * x_6)))))) - (83.85815764246736 * (5.279121260744071e-09 + (1.0050378172397734 * x_8)))))))))))) + (-0.3716172594674417 * (2.8080432239977528e-09 + (1.0050378175357129 * x_0)))))
593_fri_c1_1000_10,ok,10,256,4,BFGS,0.3943405454065062,0.7716971782926403,137,342.79,,0.001,(-0.006498286411359286 + ((((0.06377856482328262 * (0.009250498393228406 + (1.0116206136929107 * x_7))) - ((-0.47873952731529923 * (-0.10952305202408649 + (0.9907329152448134 * x_3))) - (-0.0031613591997726297 * (((((-1.2018480823785032 * inv((0.47918677535691234 + (6.270452774798127 * (0.01280861499107831 + (0.9931663952687514 * x_6)))))) - (((2.5844833240594633 * (0.009250498393228406 + (1.0116206136929107 * x_7))) - (2.1125284205194204 * inv(((125.70269724251796 * (-0.031232891696203968 + (1.0079763143256126 * x_0))) - (7.787342833232522 * (0.03184790765809063 + (1.0100220814643854 * x_1))))))) - ((65.61253102770695 * (-0.10952305202408649 + (0.9907329152448134 * x_3))) - (-0.3372668664753887 * (-0.1223375680664318 + (1.011933155780458 * x_4)))))) - (51.068041821267656 * (-0.10952305202408649 + (0.9907329152448134 * x_3)))) - (4.368837018087969 * (0.050220707802833754 + (1.0091533137436086 * x_8)))) * (0.03184790765809063 + (1.0100220814643854 * x_1)))))) - ((((0.15374787020410036 * (0.04860705755687076 + (0.9906127943356936 * x_9))) - (0.18196424138019063 * (0.04860705755687076 + (0.9906127943356936 * x_9)))) - (-0.35125646693760104 * (0.03184790765809063 + (1.0100220814643854 * x_1)))) - (0.15685332450360628 * (-0.1223375680664318 + (1.011933155780458 * x_4))))) + (0.006700855678096522 * (0.04860705755687076 + (0.9906127943356936 * x_9)))))
594_fri_c2_100_5,ok,5,128,3,BFGS,0.646040912144318,0.5919624068616147,44,357.23,,0.001,(0.361240084422951 + ((0.16979806132221925 * (2.8870194710416236e-09 + (1.0050378286556427 * x_2))) + (-29.747534355878816 * ((1.4789027717446586e-09 + (1.005037819531248 * x_1)) * inv(((6.125585782267233 * ((-2.387466429415113 + (3.2142756684856733 * (-2.5740396230235096e-09 + (1.0050378181358313 * x_0)))))**2) + (12.343274978047933 * inv((1.3713280491179924 + (-0.43211202886185984 * (2.8870194710416236e-09 + (1.0050378286556427 * x_2))))))))))))
595_fri_c0_1000_10,ok,10,64,2,BFGS,0.7592227719486626,0.5180888877539407,130,290.47,,0.001,(0.15526523668311726 + (((-0.37109350903429916 * (-0.06702131565911112 + (0.9599333061403312 * x_1))) - (-0.574006116735535 * (-0.1211406374101396 + (1.023594826503582 * x_3)))) + (((((0.44984520607773015 * (0.08331357934160229 + (1.0244910011465165 * x_0))) + ((0.5102486557069741 * ((inv((8.014714627443816 + (4.29093531581524 * (inv((58.49230568657971 + (0.7195192342273617 * (0.011813355667839568 + (0.9979701604705712 * x_8))))) * inv((10.901406298295175 + (0.1952312293648758 * (-0.010207914156323272 + (0.9840604732257373 * x_9))))))))) * (8.599896640001361 * inv((0.4797198811769051 + (4.57529831933231 * (0.0710289511872284 + (0.9995744991233574 * x_7))))))) * inv((3.1749625242194472 + (60.54238203277859 * (0.08331357934160229 + (1.0244910011465165 * x_0))))))) + (0.7847758306134263 * (-0.06702131565911112 + (0.9599333061403312 * x_1))))) - ((0.028041999438437607 * (-0.018095961115013614 + (1.0387664339348464 * x_5))) - (0.05138778179910669 * (-0.04354630810283682 + (1.0225112857000962 * x_6))))) + (0.29165134586552194 * (-0.3126928188154847 + (0.19586982590972085 * (0.023677204900816835 + (1.0365983191687715 * x_4)))))) + ((-0.06134497561958562 * (0.02614878476186862 + (1.0238590584883367 * x_2))) + (0.28702159479775724 * (0.023677204900816835 + (1.0365983191687715 * x_4)))))))
596_fri_c2_250_5,ok,5,256,4,BFGS,0.30624364543761906,0.8428892638064605,110,337.96,,0.001,(0.3226893576257146 + (((0.13821502147115788 * (0.030239726957857333 + (1.0089704881333104 * x_3))) - ((9.705826699957019 * (inv((18.116836975535698 + (-0.565769095223938 * (-0.03982219788825426 + (0.9780391196646281 * x_4))))) * ((-0.8581777080388506 * (inv((2.9770510342684133 + (1.1118591836652874 * (inv((-0.7962779682072705 + (13.67778054261872 * (0.030239726957857333 + (1.0089704881333104 * x_3))))) * (0.7800283683673532 * inv((0.21625237001215458 + (0.8514966839989717 * ((0.030239726957857333 + (1.0089704881333104 * x_3)) * (-0.03327251323989341 + (0.9795882248533074 * x_2))))))))))) * (0.030239726957857333 + (1.0089704881333104 * x_3)))) - ((-0.25815919979350654 * (-0.03982219788825426 + (0.9780391196646281 * x_4))) - (1.7403321777886953 * (-0.05566958792821793 + (1.0085802753375575 * x_1))))))) - (-3.913466759353655 * inv((15.291681464212267 + (1.2699849898954332 * (-0.00836934259429335 + (0.9826060373461664 * x_0)))))))) + ((0.48587957172652707 * (-0.05566958792821793 + (1.0085802753375575 * x_1))) - (-0.46868101991733935 * (-0.03982219788825426 + (0.9780391196646281 * x_4))))))
597_fri_c2_500_5,ok,5,128,3,BFGS,0.33637007362856375,0.8120210211196283,46,395.36,,0.001,(0.44115961340794496 + ((((0.3003257947327966 * (-0.002414032778585222 + (0.9938074619432425 * x_4))) - (0.31857307760305065 * (0.051318081308249455 + (1.014644489729816 * x_3)))) - (0.2305100158328393 * inv((0.8544615176293242 + (0.44588291363690535 * (0.06629972590880558 + (1.0075976137302378 * x_1))))))) + ((0.5766777727007656 * (0.051318081308249455 + (1.014644489729816 * x_3))) - (0.6858369703983089 * (0.06629972590880558 + (1.0075976137302378 * x_1))))))
599_fri_c2_1000_5,ok,5,64,2,BFGS,0.8142293267539554,0.4322425733887921,64,307.24,,0.001,(-0.2663511989889975 + ((0.2377326416826988 * (0.10153935051992874 + (1.044491792439849 * x_4))) - ((((1.1802473534566178 * cos((37.12255823314365 + (0.4082286541116422 * (-0.0602307402531005 + (1.0089516501853955 * x_2)))))) - (0.37746716082377474 * (-0.0758845730996851 + (1.0498897117688875 * x_3)))) - (0.3660918420020356 * (0.009574705784042063 + (1.0477984342708666 * x_1)))) - (-3.409321164432564 * (sin((-0.8857890936011903 + (0.9096062268012894 * (-0.037314603346356716 + (1.0738698362097465 * x_0))))) * (-0.8008783048695696 * cos((10.214636663439684 + (0.976140482361906 * (0.009574705784042063 + (1.0477984342708666 * x_1)))))))))))
601_fri_c1_250_5,ok,5,256,4,BFGS,0.6063425351931817,0.6282826947016517,110,548.20,,0.001,(0.11281114295249572 + ((0.8982443084388732 * sin((2.711559274040308 + (2.4163761780830733 * (-0.010397483526896342 + (0.9882031183917349 * x_1)))))) - ((0.2690324867550169 * (-0.018291418326324048 + (0.9901403382934644 * x_0))) - (0.015859125623744613 * (((0.42362225672538356 * (((3.6667266772134113 * (-0.005668177014427033 + (0.9847510525456011 * x_4))) - (0.19415581789144876 * inv((0.09377055676878698 + (0.03826322504464107 * (0.02676101383347822 + (1.0066664369813325 * x_3))))))) * (0.02676101383347822 + (1.0066664369813325 * x_3)))) - ((0.5029880358326926 * (-0.005668177014427033 + (0.9847510525456011 * x_4))) - ((0.47833754208201174 * (-0.010397483526896342 + (0.9882031183917349 * x_1))) - (4.274756597718934 * inv(((49.414260669817736 * inv(((2.9017928604958954 * (-0.01749150210176107 + (1.0090791592880441 * x_2))) - (0.14703441449457855 * (0.02676101383347822 + (1.0066664369813325 * x_3)))))) - exp((0.7437275314859835 + (3.411089847310187 * (0.02676101383347822 + (1.0066664369813325 * x_3))))))))))) * (5.0569900920703255 * (0.02676101383347822 + (1.0066664369813325 * x_3))))))))
602_fri_c3_250_10,ok,10,128,3,BFGS,0.427673117474208,0.7497492864013103,140,465.96,,0.001,(0.001315303141902223 + ((1.0989916069797712 * (-0.006149085570662245 + (1.0063481202601992 * x_1))) + ((0.05523384122755333 * (((0.027897516398397815 + (0.998073099323104 * x_0)) * (-0.006149085570662245 + (1.0063481202601992 * x_1))) * (((3.5039729903815076 * (-0.017542067075762977 + (1.005717915331683 * x_2))) - ((0.005842692403923001 * inv((0.4145658326928243 + (0.471138128928306 * (0.03500154593767501 + (1.0064758978864055 * x_6)))))) - ((3.037567772081669 * (0.001312719251571377 + (1.0174709357351936 * x_4))) + ((1.3104446622943224 * (0.027897516398397815 + (0.998073099323104 * x_0))) - (-0.3991870158554762 * inv((6.85340328518115 + (1.1529723288170364 * ((-0.038189884319498046 + (1.0024011477798893 * x_3)) * inv(((-1.1782277669850565 * (0.0029420221446642856 + (1.008712998834323 * x_8))) - ((229.26545552438228 * (-0.02871010083073984 + (1.0068245035869283 * x_5))) - (1.5277027297121757 * inv((-1.164391981123634 + (-1.9880868656068509 * (0.008753852211365022 + (1.020618930622776 * x_9)))))))))))))))))) + ((-0.9744703760781632 * (0.008084737233740273 + (0.9964088169567006 * x_7))) + ((-0.3169436849704569 * inv((0.672341426483223 + (0.12490606718303479 * (-0.038189884319498046 + (1.0024011477798893 * x_3)))))) + (1.4637414008319256 * (-0.006149085570662245 + (1.0063481202601992 * x_1)))))))) - (1.8454344549709107 * (-0.006149085570662245 + (1.0063481202601992 * x_1))))))
604_fri_c4_500_10,ok,10,256,4,BFGS,0.2691829512130921,0.9007481502436083,134,346.23,,0.001,(-0.1630001855761991 + (((0.4441734896791458 * (-0.1348550604363206 + (1.0036996856535505 * x_3))) - (0.0005646002910687418 * ((((((14.225188065871507 * (-0.0473754174576671 + (1.0002900627489233 * x_4))) - ((0.1020614853925868 * inv((5.156510163002306 + (4.059983851287839 * ((-0.1348550604363206 + (1.0036996856535505 * x_3)) * (0.10561760327369846 + (1.007417081890443 * x_7))))))) + (0.10019780254134619 * (0.043020700170883344 + (1.0416572769407797 * x_9))))) - (0.05960242929231957 + (1.0280165339330751 * x_5))) + (((1.6878035974736365 * inv((4.027015916389615 + (0.5076938507030553 * (0.10561760327369846 + (1.007417081890443 * x_7)))))) - (0.08867562885439978 * (-0.0473754174576671 + (1.0002900627489233 * x_4)))) + (0.30997636031258535 * (-0.026510329997847516 + (1.0228802703832585 * x_1))))) - ((0.03539129703049479 * (0.05150804270771723 + (1.015585618193334 * x_8))) + (-0.7241523043885554 * inv((1.193512211994661 + (2.9464568243983056 * (-0.009791979417298036 + (0.9929225967655008 * x_6)))))))) * (-26.285752960020076 * (-0.0022548934118654575 + (0.9992501517389518 * x_0)))))) - ((0.041146695798423505 * ((-0.009791979417298036 + (0.9929225967655008 * x_6)) * (-0.0030742559570297577 * (-0.026510329997847516 + (1.0228802703832585 * x_1))))) + (-0.02764991214663251 * (-0.009791979417298036 + (0.9929225967655008 * x_6))))))
606_fri_c2_1000_10,ok,10,256,4,BFGS,0.34938113873633325,0.8234920901622539,140,354.18,,0.001,(-0.049279788798910706 + ((0.1465769212215806 * (-0.10240413058209644 + (0.9803959075788435 * x_9))) + ((((((-0.005982967334997792 * (-0.04496677019937933 + (1.0191986288929233 * x_7))) + (-0.29524419551175574 * (-0.043264314038292014 + (1.0227224598746503 * x_0)))) - ((1.366153327665737 * inv((29.586390340236733 + (1.2515496875132128 * (inv((-0.041832783731900636 + (-0.32095784892995516 * (-0.05715499640265298 + (0.9507785937602312 * x_2))))) * (7.367457288496205 * (-0.05715499640265298 + (0.9507785937602312 * x_2)))))))) - (0.3353682651219938 * (-0.03206380168427523 + (0.9877428384944221 * x_3))))) - ((-0.02308872793518898 + (1.0310028958909718 * x_1)) * inv(((63.73515312169394 * (-0.10240413058209644 + (0.9803959075788435 * x_9))) - (0.5353995080053879 * inv((19.238469585774624 + (0.15774054521984 * (-0.03206380168427523 + (0.9877428384944221 * x_3)))))))))) - (((-0.018781703712939947 * (-0.04765413568781236 + (0.9856253019329347 * x_6))) + (0.8614004563928805 * (0.10809595603871229 + (1.0624136403325424 * x_5)))) - ((2.230628279738754 * inv((27.936621631953642 + (0.577310538626314 * (-0.043264314038292014 + (1.0227224598746503 * x_0)))))) - ((-0.21798405157069878 * (0.04487244154167024 + (0.9667189833408681 * x_4))) + (-0.7873671050306914 * (0.10809595603871229 + (1.0624136403325424 * x_5))))))) + (-0.04851267040909232 * (-0.01060423110845112 + (1.0251295848097435 * x_8))))))
608_fri_c3_1000_10,ok,10,256,4,BFGS,0.47524673001889695,0.7844394465191186,77,418.29,,0.001,(-0.014788119978089067 + ((0.3029598320987883 * (-0.09009695051222572 + (0.9667130737789161 * x_2))) + (0.4720030395742892 * (inv((6.218470573694779e-08 + (-1.9125499788091502e-08 * (-0.11377932602934616 + (1.0194947829765149 * x_1))))) * ((1.6262868096867782e-08 * ((((0.03278259429636722 * (-0.06915440631011427 + (1.0059132552759904 * x_9))) - ((3.5790605019431503 * (0.025411185636871135 + (1.0085861129114744 * x_7))) - (14.910837026009144 * (-0.07485137802023327 + (0.928236161918507 * x_4))))) - (85.92266265679847 * inv((47.08494848332701 + (2.755664152774914 * (0.025411185636871135 + (1.0085861129114744 * x_7))))))) * (0.17424817747449603 * (-0.12080387897699611 + (1.046689364019702 * x_0))))) - (4.502547704619525e-08 * (-0.11377932602934616 + (1.0194947829765149 * x_1))))))))
609_fri_c0_1000_5,ok,5,256,4,BFGS,0.721740223221479,0.5361386488032035,129,420.84,,0.001,(-0.1811650867474432 + ((((1.869887151226825 * (0.15003226178161752 + (1.0307127080102405 * x_3))) - (((0.0027045643597242647 * inv((10.627073338228541 + (7.170669316754257 * (0.18580190968182023 + (0.9780250034598157 * x_4)))))) - inv((3.7482823009102546 + (0.2530816634179324 * (-0.056662208270947687 + (1.0093749014959992 * x_1)))))) - (((-5.5836910828075395 * (0.18580190968182023 + (0.9780250034598157 * x_4))) - (0.964383063220248 * (0.15003226178161752 + (1.0307127080102405 * x_3)))) - ((0.3255524124594938 * (0.15003226178161752 + (1.0307127080102405 * x_3))) - (5.889052069380529 * (0.18580190968182023 + (0.9780250034598157 * x_4))))))) - (0.18811577197248058 * (((9.954339033506265 * inv(((119.71806744964778 * ((-0.03328608761079923 + (0.9930031921598278 * x_0)) * (-0.026199140277906246 + (1.011143035371021 * x_2)))) - (0.04422766189471701 * (-0.056662208270947687 + (1.0093749014959992 * x_1)))))) - (12.224122087472532 * (-0.03328608761079923 + (0.9930031921598278 * x_0)))) * (0.13538056045527455 * inv((1.2898404507836463 + (0.5084301162383326 * (-0.03328608761079923 + (0.9930031921598278 * x_0))))))))) - ((-0.3714819101695002 * (-0.056662208270947687 + (1.0093749014959992 * x_1))) - (0.10956517926867082 * (-0.026199140277906246 + (1.011143035371021 * x_2))))))
611_fri_c3_100_5,ok,5,256,4,BFGS,0.7352727005066833,0.5119375185822663,108,431.20,,0.001,(3.6364370896468383 + ((-2.9952900810700562 * (2.2651548670983395e-09 + (1.0050378215807587 * x_3))) - (((-3.902179415341708 * (2.2651548670983395e-09 + (1.0050378215807587 * x_3))) - (37.18995211400295 * inv((((0.8799280548221464 * (2.2651548670983395e-09 + (1.0050378215807587 * x_3))) - (19.699251399923952 * exp((-0.7558326777855466 + (0.09718920413328952 * (-1.4882628954172861e-09 + (1.0050378087527534 * x_4))))))) - (-0.3577257066117181 * (2.2651548670983395e-09 + (1.0050378215807587 * x_3))))))) - (((8.829709004113461 * (-1.4882628954172861e-09 + (1.0050378087527534 * x_4))) - (((0.7750018881022029 * (7.488115246346441e-11 + (1.0050378153667796 * x_2))) - ((10.674421361014577 * (-5.485044449520766e-09 + (1.0050378211517923 * x_1))) - (8.339802575280352 * (-1.4882628954172861e-09 + (1.0050378087527534 * x_4))))) + ((0.5793102709325368 * (3.3696518741937506e-10 + (1.0050378176809236 * x_0))) - (-11.927536006855604 * (-5.485044449520766e-09 + (1.0050378211517923 * x_1)))))) * sin((1.1555061785897145 + (-1.0121523446043335 * (-5.485044449520766e-09 + (1.0050378211517923 * x_1)))))))))
612_fri_c1_1000_5,ok,5,256,4,BFGS,0.4065570889387645,0.7486795213738867,126,377.23,,0.001,(0.21929838246054423 + (((-2625.6102370140684 * (-0.1259509009120862 + (1.0224742268874492 * x_4))) - (-714514.8519071378 * inv((-2902.024195219551 + (57032.27455168204 * (inv((-4968.49097248601 + (-60.014920981243876 * (-0.0455437593761508 + (0.9567051152908453 * x_3))))) * (((-1666.07865513745 * ((0.058764461739031826 + (0.9941862663105345 * x_0)) * (0.058764461739031826 + (0.9941862663105345 * x_0)))) - (177268.2226048886 * inv(((32018.521744205456 * inv((16429.622929765763 + (860049.3372589003 * exp((-7770.246057117789 + (80437.25298555281 * (0.05379249346486988 + (0.9813329069621656 * x_1))))))))) - (-0.0455437593761508 + (0.9567051152908453 * x_3)))))) + (-803.1794834501623 * inv((2675.184954606678 + (12.30587824920184 * (0.05379249346486988 + (0.9813329069621656 * x_1))))))))))))) - ((-2625.7957629960724 * (-0.1259509009120862 + (1.0224742268874492 * x_4))) - ((391.30773889840725 * (0.02499164981509785 + (0.963922001685239 * x_2))) - ((391.1729212953727 * (0.02499164981509785 + (0.963922001685239 * x_2))) - ((-12936.627928318245 * inv((26211.889104233152 + (-4002.5888789196215 * (0.05379249346486988 + (0.9813329069621656 * x_1)))))) - (-0.7425823825009326 * (-0.0455437593761508 + (0.9567051152908453 * x_3)))))))))
613_fri_c3_250_5,ok,5,64,2,BFGS,0.5710403464898612,0.6419823763220353,66,424.68,,0.001,(0.049192808431378604 + ((0.4575576014897236 * (0.011376775246438027 + (0.9978400925361779 * x_3))) + ((0.37818847913911946 * inv((0.9690085520840226 + (50.89440498457307 * (inv((22.243084948287233 + (-14.85148602604567 * (-0.00583196890049992 + (0.9920083120873421 * x_0))))) * ((0.8570998850756184 * inv((0.3944387295801832 + (-6.689971433314589 * (-0.00583196890049992 + (0.9920083120873421 * x_0)))))) - (0.49614014952338037 * inv((5.955754572137478 + (-0.6969215825202855 * (-0.011035865820133607 + (1.0097221415593123 * x_2)))))))))))) - (-0.02305039963141326 * inv((0.32525305872365795 + (152.12396894418072 * (-0.011035865820133607 + (1.0097221415593123 * x_2)))))))))
615_fri_c4_250_10,ok,10,128,3,BFGS,0.3171849456706033,0.8169078944243466,139,317.12,,0.001,(-0.3252333271048129 + (((-1.2768204996294408 * (0.008561553372822423 + (1.001972468388772 * x_1))) - ((0.06493145543152412 * (((((-20.217789536354715 * (0.016849843417703382 + (1.0050181313033926 * x_4))) - (-1.707463588837463 * (0.030981082827633125 + (1.0037440958902806 * x_2)))) - (3.169870181542363 * (-0.004420436494283208 + (0.9982358793105901 * x_6)))) + ((0.05515174324685588 + (0.9881054953181548 * x_8)) * ((0.9070428836616005 * inv((125.97844543177479 + (0.6956372365130457 * (0.030981082827633125 + (1.0037440958902806 * x_2)))))) + ((-2.343165679997643 * (-0.004420436494283208 + (0.9982358793105901 * x_6))) + (-122.89057769287928 * inv((41.20259369248873 + (-3.6697176307565087 * (0.016849843417703382 + (1.0050181313033926 * x_4)))))))))) * (inv((46.965406598969935 + (9.813038599514918 * (-0.5452308859188972 * (0.018442320333777653 + (1.0043892364385394 * x_0)))))) * ((0.020264567018614156 * inv((0.2592637961157128 + (0.15358916015744106 * (0.008561553372822423 + (1.001972468388772 * x_1)))))) + ((14.39434526700434 * (0.018442320333777653 + (1.0043892364385394 * x_0))) - (-0.392889163149029 * (0.030508266623949246 + (1.0184149844080637 * x_3)))))))) - ((0.008561553372822423 + (1.001972468388772 * x_1)) + (0.2515063078479004 * (-0.027894848970115443 + (0.9944293071811292 * x_5)))))) - (0.019147689351023664 * (-0.04174225894742663 + (1.009234310176972 * x_7)))))
617_fri_c3_500_5,ok,5,128,3,BFGS,0.7004054120741922,0.5221527077021985,130,339.84,,0.001,(1.7029936766060207 + (((2.646221593929816 * sin((-1.1363084795720315 + (0.4418873470901312 * (0.06583752182489036 + (1.0614816774443865 * x_2)))))) - (((((8.232811927052154 * (0.03177150349695045 + (1.0457474271073812 * x_3))) - (10.17004722927652 * (0.03177150349695045 + (1.0457474271073812 * x_3)))) - ((-1.1783976352424972 * (0.06583752182489036 + (1.0614816774443865 * x_2))) - (3.5655718657828688 * (((17.369288987439873 * sin((-0.7425272689526379 + (2.3138589357291117 * (0.06884697124093933 + (1.0266038989481894 * x_1)))))) - (5.4355944258455935 * (0.07378384716018162 + (1.066710481333945 * x_4)))) * inv((64.96674881049022 + (0.7764403022597157 * (0.06189277847607138 + (1.0463141535655052 * x_0))))))))) - (((-0.1241810600122435 * (0.06189277847607138 + (1.0463141535655052 * x_0))) - ((0.06704622617498279 * sin((8.721524540457409 + (2.6209818589838774 * (0.03177150349695045 + (1.0457474271073812 * x_3)))))) - (-1.551416143970548 * (0.03177150349695045 + (1.0457474271073812 * x_3))))) + (0.2989736864431288 * (0.06583752182489036 + (1.0614816774443865 * x_2))))) - (1.0156289705540167 * sin((0.5598374783612057 + (0.03190385051463673 * (0.03177150349695045 + (1.0457474271073812 * x_3)))))))) + (-0.05133705995904944 * (0.06884697124093933 + (1.0266038989481894 * x_1)))))
621_fri_c0_100_10,ok,10,256,4,BFGS,0.6499200816055449,0.5887097023043291,113,464.77,,0.001,(0.007887096634028168 + (((-0.09465141626247543 * inv((2.4255042480634397 + (-3.6906296004403267 * (8.330528184386568e-10 + (1.0050378147807428 * x_4)))))) - (((-0.4927645932624224 * (1.4976230557380417e-10 + (1.0050378197078866 * x_1))) - (0.4540578877298433 * (inv((148.29064385233224 + (0.025655573430697014 * (-1.652504178821832e-09 + (1.005037812839098 * x_6))))) * (-90.83468133705938 * inv((93.20798056547255 + (-0.6423185286077427 * ((inv((0.4574005882112676 + (85.41476652034763 * (8.330528184386568e-10 + (1.0050378147807428 * x_4))))) * (5.607351256555068e-09 + (1.0050378092727088 * x_5))) * inv((6.019054523478022 + (1.0266130043499844 * (9.734549852333354e-10 + (1.0050378163751326 * x_8))))))))))))) + ((-0.41158161512195485 * (3.369651839070239e-09 + (1.0050378086193497 * x_0))) - (0.5879967954574635 * (2.316635645158825e-09 + (1.005037811384345 * x_3)))))) - ((-0.15536735363282209 * (inv((1.9626292072690126 + (0.7476498142713712 * (5.607351256555068e-09 + (1.0050378092727088 * x_5))))) * (-5.503764690973492e-09 + (1.0050378132222737 * x_9)))) + (0.013218473838474649 * (-1.652504178821832e-09 + (1.005037812839098 * x_6))))))
623_fri_c4_1000_10,ok,10,32,1,BFGS,0.1957258682617864,0.7711891021414953,49,389.85,,0.001,(0.021704828373075087 + ((0.3014388810945986 * (0.1293185428126426 + (1.1237869624512584 * x_4))) + ((-0.26765129022508044 * (0.14278809094854045 + (1.0265951539192182 * x_1))) - ((((0.21837076954297413 * (0.14053229737994233 + (1.0823781329800635 * x_2))) + (0.11878777389214401 * (0.12525825913657282 + (0.980269270206672 * x_6)))) - (0.22509957110072615 * (0.09947925414942209 + (1.0205751432371792 * x_3)))) + (0.057063764685492 * (0.0736087982084613 + (0.9999677590618523 * x_9)))))))
624_fri_c0_100_5,ok,5,128,3,BFGS,0.7654235997694951,0.48190313794990564,114,423.74,,0.001,(0.17423873188859673 + (((0.003090483863276634 * (4.24014525147764e-09 + (1.0050378137630331 * x_0))) - (((-0.07743223255569878 * (-2.059231685602471e-10 + (1.0050378118806327 * x_1))) - ((((0.17280375618285232 * (-1.8252280771675934e-09 + (1.0050378081626472 * x_2))) - ((0.1940662951665823 * (-1.8252280771675934e-09 + (1.0050378081626472 * x_2))) - (0.4440247656210135 * (-2.059231685602471e-10 + (1.0050378118806327 * x_1))))) - (0.5335127974415139 * (((0.040590171768835975 * (1.6052646991142874e-09 + (1.005037818082082 * x_3))) - (0.8484598226354826 * inv((6.217116215795782 + (-0.08407960745619017 * (-1.9656302458928866e-09 + (1.0050378110182856 * x_4))))))) * (6.776621536775071 * (1.6052646991142874e-09 + (1.005037818082082 * x_3)))))) - (0.11919511635788857 * inv((3.7538413036121625 + (3.6208522959956424 * (1.6052646991142874e-09 + (1.005037818082082 * x_3)))))))) - ((0.27908355750752445 * (-1.9656302458928866e-09 + (1.0050378110182856 * x_4))) - (-0.388435427153647 * (4.24014525147764e-09 + (1.0050378137630331 * x_0)))))) - (0.5930927560738622 * inv((88.41548583712242 + (0.5075223216080932 * (-1.8252280771675934e-09 + (1.0050378081626472 * x_2))))))))
627_fri_c2_500_10,ok,10,256,4,BFGS,0.31422326911105547,0.8364758958922919,118,390.77,,0.001,(0.15445361955957004 + (inv((1.3976271775113687 + (0.5336395998805104 * ((0.026683047888560293 + (0.9757203942515261 * x_2)) * inv((3.9127839064753713 + (0.3367173460317485 * (-0.013129577447021317 + (0.9990856847101941 * x_1))))))))) * ((((0.3320073801241644 * (0.033341707614650384 + (0.9827162141673074 * x_3))) - (-0.005051293715522294 * inv((0.7885850862928122 + (12.536114092040602 * (-0.05602650016378306 + (0.9823369513031974 * x_7))))))) - (0.16056759860054337 * inv((0.6181948012230147 + (0.27999232262670354 * (inv((3.548509897445978 + (0.9924834866982504 * (-0.026586736692291005 + (0.9760546559365092 * x_9))))) * (((0.5436891004179261 * (-0.022952103075604885 + (0.9844216391496325 * x_5))) - ((2.692229339515224 * (-0.013129577447021317 + (0.9990856847101941 * x_1))) - (-1.185319233141158 * (0.033341707614650384 + (0.9827162141673074 * x_3))))) + (0.6122854778432167 * (0.089197355976 + (0.9914281091126119 * x_8)))))))))) + ((-0.5194439214920928 * (-0.013129577447021317 + (0.9990856847101941 * x_1))) + ((-0.06392993022531573 * (-0.03715904788242102 + (0.9873114643136044 * x_0))) + (0.1542308318235227 * (0.03697216135961967 + (1.0049960573880736 * x_4))))))))
628_fri_c3_1000_5,ok,5,64,2,BFGS,0.3082679356413206,0.8166726669477671,111,385.99,,0.001,(0.0020013834099251735 + (((0.31031037704189696 * (0.07995654940232406 + (1.0305655132338056 * x_3))) - ((0.22790880509486242 * (-0.011951282734320523 + (1.0307417971714052 * x_1))) - (0.29895787557940706 * inv(((4.3206399410713425 * inv((2.7376931827359714 + (27.63375666757219 * (-0.011951282734320523 + (1.0307417971714052 * x_1)))))) - (((((4.0644458226049185 * (-0.006538880888095933 + (1.0173482172539636 * x_0))) + (0.07106459288342118 * inv((0.4581021916641914 + (36.394653028809685 * inv((0.1399944910006404 + (37.299217468752936 * (0.31532708508026697 * (-0.011951282734320523 + (1.0307417971714052 * x_1))))))))))) - (42.48113769300694 * inv((33.449507008545766 + (0.4821247759789969 * (0.04995802988010866 + (1.124767200659096 * x_4))))))) - ((0.5267543157929582 * (0.04665711240912954 + (1.1089028168055421 * x_2))) - (6.188596982898781 * (-0.006538880888095933 + (1.0173482172539636 * x_0))))) - (0.3822026004156775 * inv((2.1809623043133066 + (1.2812848930722869 * (0.07995654940232406 + (1.0305655132338056 * x_3)))))))))))) + (0.08826450424077054 * (0.07995654940232406 + (1.0305655132338056 * x_3)))))
631_fri_c1_500_5,ok,5,128,3,BFGS,0.5243773583125141,0.712937199926737,38,383.65,,0.001,(0.15846000111266248 + ((-0.9442006611154081 * sin((-0.7013176440042619 + (2.687585108732936 * (0.051813494666047274 + (0.9930497282225305 * x_1)))))) - ((8.16784109641952 * (0.04936468118293561 + (1.0271014528879046 * x_2))) - ((8.46000590198185 * (0.04936468118293561 + (1.0271014528879046 * x_2))) - (0.43712051420820264 * (0.06765066243771634 + (0.9954469854695703 * x_0)))))))
634_fri_c2_100_10,ok,10,256,4,BFGS,0.40531071733491053,0.7672954986613751,129,375.68,,0.001,(-0.04248334562650019 + (((((((-0.5558395577748176 * (-3.891699263916169e-09 + (1.005037812523656 * x_0))) + (0.6586839410317731 * (-2.2277142980311373e-09 + (1.005037820890266 * x_8)))) - ((((-0.10329529280153371 * (1.3478607413557276e-09 + (1.0050378131397857 * x_5))) - (-0.5463965245872151 * (-2.2277142980311373e-09 + (1.005037820890266 * x_8)))) - (-1.5995317594630398 * (-6.053673205708496e-09 + (1.0050378214297475 * x_6)))) + (-4.088028349589127 * ((-6.053673205708496e-09 + (1.0050378214297475 * x_6)) * inv((7.588114513942674 + (2.262314304854317 * (-3.5942953176591e-09 + (1.0050378169186154 * x_1))))))))) - ((0.03414524587857473 * inv((1.8097965344515217 + (1.0947529548335142 * (2.620840332405153e-10 + (1.005037813903384 * x_7)))))) - (1.6711538317604644 * (2.620840332405153e-10 + (1.005037813903384 * x_7))))) - (-0.1316896948775625 * (-6.053673205708496e-09 + (1.0050378214297475 * x_6)))) - ((1.31013340999761 * (-1.984350541638051e-09 + (1.0050378174665446 * x_9))) + (((1.4758410049363881 * (2.620840332405153e-10 + (1.005037813903384 * x_7))) - (1.1899729691484349 * (-1.984350541638051e-09 + (1.0050378174665446 * x_9)))) + (-0.8583970987190956 * (-6.053673205708496e-09 + (1.0050378214297475 * x_6)))))) + (0.23213391229387748 * (-2.040511411673613e-09 + (1.0050378188363487 * x_4)))))
635_fri_c0_250_10,ok,10,256,4,BFGS,0.7026860586741918,0.5372691458248925,91,466.49,,0.001,(0.5505929708904136 + ((0.3918998297494638 * (-0.0158002831059501 + (1.035825655276819 * x_0))) - ((-0.5722693094794451 * (3.284185646600527e-05 + (1.0134618852695818 * x_3))) - ((-0.3402812160039932 * (-0.029670791284983563 + (0.9968372944853446 * x_6))) - (((((-0.00048725766617325897 * (0.023946984823668138 + (1.0075174426626203 * x_9))) - ((0.3027723488830436 * (-0.029670791284983563 + (0.9968372944853446 * x_6))) - (23.332813601257257 * inv((47.092181684647585 + (0.1071890364443574 * (0.0299533659358918 + (1.026432356260368 * x_1)))))))) - ((0.24560807303267207 * (0.05626701566663447 + (0.984972246146817 * x_4))) - (0.35924655425541885 * inv((7.443056090330849 + (0.46906100803091877 * (-0.029670791284983563 + (0.9968372944853446 * x_6)))))))) - (0.3474901972429383 * (0.0299533659358918 + (1.026432356260368 * x_1)))) + (0.023452335017361547 * (0.03710033285164021 + (0.9862754867919485 * x_2))))))))
641_fri_c1_500_10,ok,10,256,4,BFGS,0.26846568407510385,0.8167731533722047,33,364.25,,0.001,(-0.06856045264115106 + ((-0.4564704317933108 * inv(((0.7489758770972517 * inv((-0.2625108991503986 + (2.3273973125403034 * (0.00805487804850231 + (0.9968997576834833 * x_1)))))) - (-0.4886665790390664 * (-0.00754624478365389 + (0.9836753950133191 * x_0)))))) + (0.22752754845180917 * (-0.00754624478365389 + (0.9836753950133191 * x_0)))))
646_fri_c3_500_10,ok,10,256,4,BFGS,0.4397744753301702,0.7360075308747677,140,355.14,,0.001,(0.3452484285951603 + ((((0.5090414991598413 * (-0.0010674995282084277 + (0.9888977016014616 * x_3))) - (2.8230624276471716 * inv((5.587553281452562 + (-1.2373318330523941 * (0.05867666558860839 + (0.9957561638142012 * x_6))))))) - (0.0009097839284801399 * ((-0.07585884095525353 + (0.9394858417435231 * x_4)) * ((((0.8938626841356861 * ((((((-16.91054769158265 * (-0.07566403615497733 + (1.0061982190189063 * x_1))) + (-0.09026136872615899 * (0.018198606053000926 + (0.9830177296829794 * x_7)))) - (-0.08580614110746695 + (0.9764867799745204 * x_0))) + (1.2198623813011762 * inv((492.2888797114286 + (-6.312166988559381 * (-0.07585884095525353 + (0.9394858417435231 * x_4))))))) - (0.2626676768527172 * inv(inv((55.05137870820124 + (-2.4712449365792373 * (-0.08572351112350518 + (0.9977370817874324 * x_8)))))))) * (27.560965224944077 * (-0.07566403615497733 + (1.0061982190189063 * x_1))))) - (-1.16207324100216 * inv((28.003391637591825 + (5.306537615770605 * (-0.015303586236559374 + (0.9921594894841607 * x_5))))))) + (0.053519313078675294 * (-0.05721558898573879 + (0.9725279454163238 * x_2)))) + ((-1.9959741282679513 * (-0.0010674995282084277 + (0.9888977016014616 * x_3))) + ((-35.34375352099294 * (-0.015303586236559374 + (0.9921594894841607 * x_5))) - (0.018198606053000926 + (0.9830177296829794 * x_7)))))))) - (0.7232538492386287 * (-0.07585884095525353 + (0.9394858417435231 * x_4)))))
647_fri_c1_250_10,ok,10,256,4,BFGS,0.3250160536377782,0.829320268364886,115,381.23,,0.001,(0.5963893073255099 + (((-7.120761634573052 * (0.04259752720332055 + (1.0063005627788042 * x_4))) - ((-11.007472461977159 * inv((24.65310469268168 + (2.0094102183977283 * (-0.06563464502751039 + (0.9806987438418552 * x_1)))))) - (((0.15245560789287554 * (-0.02629323549384153 + (0.9986094332148666 * x_2))) - ((-0.7610431684279403 * ((-0.02713842520686745 + (0.9779645183370135 * x_8)) * inv((12.907040271940804 + (0.828718966509111 * (-0.01920572954524788 + (0.9843620950829046 * x_5))))))) - (0.034513893108309435 * (0.0026619787194639703 + (0.9855581582449608 * x_9))))) - ((-0.41515967544042587 * (0.012771660018394299 + (0.9916244828062031 * x_3))) + (-0.10666344632501017 * (0.04259752720332055 + (1.0063005627788042 * x_4))))))) - (((12.333930074362403 * inv((6.912272542804521 + (-0.4329385435768276 * (0.0005549552017442876 + (1.0134782143162062 * x_7)))))) - ((7.182406624369438 * (0.04259752720332055 + (1.0063005627788042 * x_4))) + (121.60140366682313 * inv((174.4823901866144 + (0.2151768608541197 * (-0.06563464502751039 + (0.9806987438418552 * x_1)))))))) - (-0.23621976610612583 * (-0.0661680238763467 + (0.9883772642250066 * x_0))))))
649_fri_c0_500_5,ok,5,64,2,BFGS,0.7389300105562323,0.4954548869751887,112,393.79,,0.001,(0.0458903902946584 + (((((0.41493641595491493 * (-0.08932909934794814 + (1.0023846504648501 * x_0))) - ((-0.07589008862207867 * inv((0.9202127288903732 + (9.583982465063297 * (((0.4286318631686433 * inv((63.45435510562996 + (0.10526135693749136 * (-0.06639078434904079 + (1.0571454595405074 * x_3)))))) - (7.801191127536642 * (-0.06639078434904079 + (1.0571454595405074 * x_3)))) * ((8.175670196015014 * inv((0.7727378037194814 + (6.972213007036874 * (-0.021789259863661356 + (1.0063983944922867 * x_2)))))) - ((inv((31.324458014603696 + (0.5368672079376307 * (-0.08932909934794814 + (1.0023846504648501 * x_0))))) * (-0.06639078434904079 + (1.0571454595405074 * x_3))) * (0.5169208299819704 * inv((0.13159896793208464 + (-0.1155506575813881 * (-0.08932909934794814 + (1.0023846504648501 * x_0))))))))))))) - (0.38525439608629497 * (0.05231147534006627 + (1.0066634887399533 * x_1))))) - (-0.5143082972470463 * (-0.06639078434904079 + (1.0571454595405074 * x_3)))) - (-0.26868477700594395 * (0.007078065159054314 + (1.0130563010908327 * x_4)))) - (-0.0005914219601739271 * (-0.021789259863661356 + (1.0063983944922867 * x_2)))))
654_fri_c0_500_10,ok,10,256,4,BFGS,0.6833732334779163,0.5766555161695631,140,315.99,,0.001,(-0.03143064652905207 + (((0.42336980929088286 * (-0.06393432606302606 + (0.9998031220651009 * x_1))) - ((-0.5763104496858977 * (0.0007491783139851028 + (0.9893417119088128 * x_3))) - (((-27.97180674827309 * (((-0.04407831859558271 + (1.0230621218787368 * x_2)) * (-0.040554941512674664 + (0.9867431653933428 * x_5))) * (0.0013868383916263273 * inv(((1.5928879292016376 * (-0.10813174643488255 + (1.0302077368719882 * x_9))) - ((5.048901435567467 * (-0.014222167248802433 + (1.0018358309056357 * x_7))) - (-7.506439937128983 * inv((-0.32391476700509136 + (0.29811779210897793 * (-0.014222167248802433 + (1.0018358309056357 * x_7)))))))))))) - (((0.09566022003698846 * (0.012504066596160423 + (0.9932606007852361 * x_8))) - ((1.1464916596674897 * inv((0.41350376417037704 + (189.14188110880968 * (-0.014222167248802433 + (1.0018358309056357 * x_7)))))) - (-0.22775624670925776 * (0.04187135150738115 + (1.0510953173290194 * x_4))))) - ((-0.08594764933675225 * (inv((10.06583706975739 + (-1.2527064668660688 * (-0.028243686434320705 + (1.024267302083891 * x_6))))) * (-0.028243686434320705 + (1.024267302083891 * x_6)))) - (-0.11418024466364562 * (0.012504066596160423 + (0.9932606007852361 * x_8)))))) - (0.03360067716735443 * inv((-0.5120396699500853 + (77.283430837427 * (-0.027601897422796586 + (1.0061636075716038 * x_0))))))))) - (-0.42430232386542666 * (-0.027601897422796586 + (1.0061636075716038 * x_0)))))
656_fri_c1_100_5,ok,5,32,1,BFGS,0.6375553867429087,0.5990160042609467,96,527.02,,0.001,(-0.20970009290310265 + ((0.9704613980094385 * cos((-0.6818557396618432 + (-2.0537996421429803 * (-2.4523577450329915e-09 + (1.0050378152122343 * x_1)))))) - (1.759040720777807 * ((0.04143095977567979 * inv((2.73619627955608 + (-0.19986759229359835 * (-2.3774765717598145e-09 + (1.005037807353799 * x_4)))))) * ((2.48519764307885 * sin((0.4310330319429958 + (10.47637205224223 * (2.6302004833736337e-09 + (1.0050378148437342 * x_0)))))) - (((13.368780969161712 * (-2.334185930610602e-09 + (1.005037817059757 * x_3))) - (5.71836466885662 * (2.6302004833736337e-09 + (1.0050378148437342 * x_0)))) - inv((7.661291019107802 + (-0.13503745208121382 * (((0.04074310284096405 * (-2.334185930610602e-09 + (1.005037817059757 * x_3))) - (0.0009972156748419394 * (inv((-101.25542208726219 + (-0.006243756567497466 * (-2.4523577450329915e-09 + (1.0050378152122343 * x_1))))) * (-2.334185930610602e-09 + (1.005037817059757 * x_3))))) * (-2.3774765717598145e-09 + (1.005037807353799 * x_4))))))))))))
657_fri_c2_250_10,ok,10,256,4,BFGS,0.5297476484374197,0.6699801993128192,82,404.28,,0.001,(-0.07678910408764615 + (inv((0.3622240723321011 + (2.1543465016822347 * ((0.022131640344706344 + (1.009302535480512 * x_1)) * (0.022131640344706344 + (1.009302535480512 * x_1)))))) * ((-0.02674959874222025 * (-0.027403051165010864 + (0.9906865960511145 * x_9))) - ((0.05464862834173397 * (-0.037582608011145234 + (0.9993401832171055 * x_6))) + ((((0.021355044713985794 * (-0.006003778824579484 + (1.0087748641396674 * x_5))) - (0.021108432184670414 * (0.01923199185394909 + (1.0038423878099012 * x_7)))) - ((0.22863141446873111 * (0.004078747777071304 + (0.9820351885905952 * x_3))) + ((-1.2796965316958542 * (0.022131640344706344 + (1.009302535480512 * x_1))) + (-0.19200865836162567 * (0.021508000057596278 + (0.9976225312856856 * x_2)))))) + (0.3134874341279732 * (0.009016765386932166 + (0.9975550945917872 * x_0))))))))
659_sleuth_ex1714,ok,7,256,4,BFGS,0.9044133406692487,842.4105332813773,114,381.66,,0.001,(5.260092906543051 + ((0.2757681180630902 * (-2.7012166664995867 + (0.044775757746126514 * x_3))) - ((((2.1883300879699004 * ((0.7485117905243941 + (0.14497047446986044 * (-0.9806249362272483 + (1.5947879644085274 * x_6)))))**2) - ((5.907339057642556 * ((0.8344196778766757 + (-0.2276191052536105 * (-1.3342416419238172 + (0.1086628959150872 * x_1)))))**2) - (3.523650826685115 * ((-1.085177167929372 + (0.031018261473926296 * x_4)) * ((1.6378220911433483 * ((8.859864652952478 + (1.9143606096280497 * (-2.1195565262766687 + (0.06927618688108722 * x_0)))))**2) + (((0.2470255274325759 + (-0.2540538246488686 * (-1.085177167929372 + (0.031018261473926296 * x_4)))))**2 * (22.47722682697652 * ((1.92265675262927 + (5.476665576891923 * (-2.1027705487761197 + (0.0695497648082179 * x_2)))))**2))))))) - (0.19869869820186736 * (-0.9806249362272483 + (1.5947879644085274 * x_6)))) - ((103.37395167983334 + (0.14829029714059166 * ((8.207525654975242 * ((0.5155597914123797 + (0.08346813207354706 * (-1.3342416419238172 + (0.1086628959150872 * x_1)))))**2) * (24.04678088277582 * (-1.5864294781793549 + (0.23528616482898382 * x_5)))))))**2)))
663_rabe_266,ok,2,32,1,BFGS,0.9855500134482238,6.2741612113174785,33,19.45,,0.001,(-86.93787522861945 + ((48.97597536649899 * (0.14484136487558028 + (0.028968272975116057 * x_0))) + ((195.17980566338875 * inv((5.600257917387511 + (1.9682075139808404 * (-1.9148542155126762 + (0.06963106238227913 * x_1)))))) - inv((19.541629937531603 + (102.95752352272007 * (-1.9148542155126762 + (0.06963106238227913 * x_1))))))))
665_sleuth_case2002,ok,6,256,4,BFGS,0.42813746109763795,7.263544323129783,87,376.16,,0.001,(15.649844287590781 + (((5.307988587446882 * (-1.9995832060131968 + (0.0717974429125403 * x_5))) - (-1.1811132449068342 * inv((0.8993913302463876 + (0.7761502229174702 * (-1.9995832060131968 + (0.0717974429125403 * x_5))))))) - ((-0.5694947974514993 + (2.3254370895936227 * x_0)) * (((-0.43913680369028496 * (-7.778182412958265 + (0.1365408185699624 * x_4))) - ((1.719591838357852 * inv((19.41507372506777 + (-0.41353653527958645 * (-0.5694947974514993 + (2.3254370895936227 * x_0)))))) - (0.9317455514196431 * (-0.5694947974514993 + (2.3254370895936227 * x_0))))) + (inv(((0.7893986636605461 * (-0.9151502608861564 + (2.0078669903024626 * x_2))) - (1.3840602067928178 * inv((0.8506477483798984 + (0.19357175205801402 * (-0.7071067811865475 + (2.1213203435596424 * x_1)))))))) + (0.7516957581551647 * (-0.9151502608861564 + (2.0078669903024626 * x_2))))))))
666_rmftsa_ladata,ok,10,32,1,BFGS,0.7341095124007431,1.7721814034546102,124,348.86,,0.001,(7.80656757891316 + ((0.08232943784698249 * (((11.158175762708566 * (-11.545971418891767 + (0.06591093670668177 * x_0))) - (-0.19886151632705085 * inv((3.7459707762420766 + (3.946622997555817 * (-2.8651998268107124 + (0.2441512028573268 * x_6))))))) * (-11.545971418891767 + (0.06591093670668177 * x_0)))) + ((0.6325736179089805 * inv(((115.90349251194198 * inv((-15.139562533687375 + (0.9055389302530892 * ((-3.2431091529575657 + (0.9419701858187693 * x_5)) * (-7.906331305186756 + (0.10670741666151873 * x_2))))))) - (0.057111933110142316 * (-2.2523529244541303 + (0.24606332236205597 * x_4)))))) + ((0.19574356066234289 * (-1.860383418830298 + (0.22141754360553986 * x_8))) + ((0.004458539640574365 * (-2.2523529244541303 + (0.24606332236205597 * x_4))) - ((1.0915142403359148 * (-9.53752739277275 + (0.10189589818207269 * x_1))) - ((((0.5146194595002966 * (-5.011682575607894 + (0.08680026844289343 * x_3))) - ((-2.8146398281152827 * (-9.53752739277275 + (0.10189589818207269 * x_1))) + (0.9929138020999568 * (-3.3483486236896987 + (0.06797828569246922 * x_9))))) - (-0.9950696684106934 * (-3.3483486236896987 + (0.06797828569246922 * x_9)))) + (-0.6044830055578596 * (-5.011682575607894 + (0.08680026844289343 * x_3))))))))))
678_visualizing_environmental,ok,3,256,4,BFGS,0.5007890638045768,2.503406998561999,86,344.07,,0.001,(10.112400275285552 + (((((8.317175207109528 * (-8.199984227605405 + (0.1054080196021077 * x_2))) - ((1.902436593293623 * (-1.2708878931061365 + (0.03018800687669188 * x_0))) - (-5.206625429712389 * (-8.199984227605405 + (0.1054080196021077 * x_2))))) - (0.0047270344517339104 * inv((3.954178886397541 + (20.911048756215123 * (-8.199984227605405 + (0.1054080196021077 * x_2))))))) - (3.489884376757212 * (-8.199984227605405 + (0.1054080196021077 * x_2)))) - cos((4.218001479905849 + (2.434958709664521 * cos((((-5.3600456135433205 * inv((213.64532228353346 + (-10.177430076703143 * (-1.2708878931061365 + (0.03018800687669188 * x_0)))))) - (33.30146198512432 * (-1.2708878931061365 + (0.03018800687669188 * x_0)))) - (20.30740124875844 * inv((42.629733951387436 + (-1.5407960823720597 * (-8.199984227605405 + (0.1054080196021077 * x_2)))))))))))))
687_sleuth_ex1605,ok,5,128,3,BFGS,0.6803055738065898,8.617907243425186,137,423.70,,0.001,(107.17300604829938 + ((1.6614138134640604 * (-8.4556341730914 + (0.07385873749389502 * x_4))) - ((0.46331790888137037 * (-8.688995392983172 + (0.07749104061636315 * x_3))) - (((-10.678433520672542 * inv(((247.76440645917182 * (-8.688995392983172 + (0.07749104061636315 * x_3))) - (-1.1630448927504493 * (-8.4556341730914 + (0.07385873749389502 * x_4)))))) - (2.720440967825952 * (-8.944849837562757 + (0.07735816570356965 * x_2)))) - (((0.8581203465756966 * (-8.688995392983172 + (0.07749104061636315 * x_3))) - ((0.20750154812494534 * ((((3.9903244658503625 * (-8.688995392983172 + (0.07749104061636315 * x_3))) - (((-0.3282571371756998 * (-8.944849837562757 + (0.07735816570356965 * x_2))) - (102.37456338011279 * inv(((4.971512867987663 * (-8.688995392983172 + (0.07749104061636315 * x_3))) - (0.08015873960535419 * exp((5.472948518493933 + (0.007571025264711279 * (-5.422613168093948 + (0.06312467450653864 * x_1)))))))))) - (-0.8596942344230486 * (-8.4556341730914 + (0.07385873749389502 * x_4))))) - (0.1437660819625327 * (-5.422613168093948 + (0.06312467450653864 * x_1)))) * (-7.403584231179066 * (-8.4556341730914 + (0.07385873749389502 * x_4))))) - (-3.3640748467513584 * (-8.688995392983172 + (0.07749104061636315 * x_3))))) - inv((0.20972675954974246 + (19.842798378371256 * (-4.273294241464471 + (0.34678565833873976 * x_0))))))))))
690_visualizing_galaxy,ok,4,32,1,BFGS,0.9173188958433697,28.14425679783219,113,18.88,,0.001,(13.037076177336552 + ((((-45.71376722767931 * (-0.014811247445722082 + (0.04714572537817882 * x_1))) - (((-0.03640481013796225 * (-2.3138420620132027 + (0.025977793443507386 * x_2))) - ((0.3292688128889689 * ((22.526572617335205 + (1.7954444211465432 * (-2.3138420620132027 + (0.025977793443507386 * x_2)))))**2) - (-27.692014811108557 * (0.048534005474465805 + (0.08506574559780157 * x_0))))) - (0.6120169690477146 * ((47.60634611310854 + (-0.8253765851695367 * (-0.014811247445722082 + (0.04714572537817882 * x_1)))))**2))) - ((1.6572057744637267 * ((0.2302726302273148 + (-1.7446315823330503 * (0.048534005474465805 + (0.08506574559780157 * x_0)))))**2) - (0.04841968879233441 * ((-1.2392429969336267 + (0.009666953287486978 * ((-36.15111440149154 * ((1.7270658112223405 + (-1.8407899825469736 * (0.048534005474465805 + (0.08506574559780157 * x_0)))))**2) * (2.7307549926754255 * (-0.014811247445722082 + (0.04714572537817882 * x_1)))))))**2))) - ((-0.5797021819104766 * ((-6.253907878582478 + (2.9488966771986522 * (-2.3138420620132027 + (0.025977793443507386 * x_2)))))**2) - (5.181179272802154 * (-0.014811247445722082 + (0.04714572537817882 * x_1))))))
706_sleuth_case1202,ok,6,256,4,BFGS,0.7725959540556111,43.135996821403616,83,481.66,,0.001,(7.869705890596348 + ((((-0.421452956984288 * (-8.067036718120427 + (0.09804422566455824 * x_3))) - (-0.4219393388263678 * inv((0.1314780794040853 + (0.18002146190339835 * (-5.8387321233516065 + (0.0005617999057339651 * x_1))))))) - (0.5826938667504731 * ((1.0014978252726967 + (-0.292298995231704 * ((-1.3806701271484079 + (2.1049560954885562 * x_2)) * inv((129.77866793880867 + (-1.5394289168956474 * (-7.68010058678442 + (0.0014169083984426412 * x_0)))))))))**2)) - ((inv((0.7367355083711942 + (0.19836383302159125 * (-7.68010058678442 + (0.0014169083984426412 * x_0))))) - (13.496592450336589 * ((0.7154971443810679 + (0.27442924084263565 * (-3.4018077595745577 + (0.007170790852930344 * x_4)))))**2)) * (0.07043281668691942 * ((2.581651534830293 + (14.517658854965049 * (-1.3806701271484079 + (2.1049560954885562 * x_2)))))**2))))
712_chscase_geyser1,ok,2,64,2,BFGS,0.7921611965094651,5.754270235513881,117,335.69,,0.001,(0.8408473537919989 + (((19.63337399588675 * sin((-0.0621409311563586 + (0.6874600266237665 * (-3.3935425619618167 + (0.94461866768293 * x_1)))))) - (((-0.05006498739516635 * (-3.3935425619618167 + (0.94461866768293 * x_1))) - (20.280142669314486 * ((1.8519221755163917 + (0.013973674524322077 * (((0.6279786399912375 + (0.07920523621617603 * (-3.3935425619618167 + (0.94461866768293 * x_1)))))**2 * cos((2.3046271000877363 + (0.8704609368231999 * (-1.5024884050165992 + (0.13469192335424468 * x_0)))))))))**2)) - (-17.415784668761795 * (cos((9.461074886255197 + (-1.3279462892312899 * (-3.3935425619618167 + (0.94461866768293 * x_1))))) * ((0.3604117613800426 * cos((0.473945824272773 + (1.159836837238288 * (-3.3935425619618167 + (0.94461866768293 * x_1)))))) - ((-25.84433240831619 * (cos((1.1395102115722895 + (0.49453932271215617 * (-1.5024884050165992 + (0.13469192335424468 * x_0))))) * (-0.010820724923167935 * sin((0.4848485741722286 + (12.916746985945778 * (-1.5024884050165992 + (0.13469192335424468 * x_0)))))))) - (-0.09025047183273555 * (-1.5024884050165992 + (0.13469192335424468 * x_0))))))))) - (-3.3935425619618167 + (0.94461866768293 * x_1))))
feynman_III_10_19,ok,4,32,1,BFGS,0.9650552699793131,1.344982611335536,137,24.22,,0.001,(0.4840183593585322 + (((((6.137810334904081 * (-2.673971965623433 + (0.8898553227888648 * x_0))) - (-0.40653662619326636 * (-2.6890810491196837 + (0.8961237359346407 * x_2)))) - (-0.4284224004194177 * (-2.6890810491196837 + (0.8961237359346407 * x_2)))) - (((-5.504758602508115 * (-2.7632761273837882 + (0.8839173948987078 * x_3))) - (((1.0133207039285694 * (-2.6890810491196837 + (0.8961237359346407 * x_2))) - (-0.21426493879136493 * abs(((0.05489094773216446 * (-2.7632761273837882 + (0.8839173948987078 * x_3))) - (15.217270246974035 * exp((-50.149513434716724 + (3.564341569418345 * (-2.6890810491196837 + (0.8961237359346407 * x_2)))))))))) - ((2.8104804849978873 * (-2.5928212263706856 + (0.8757205925655337 * x_1))) - ((0.07971687411592959 * ((14.042213531439675 + (2.0270232497714478 * (-2.5928212263706856 + (0.8757205925655337 * x_1)))))**2) - (45.79316656367506 * (-2.7632761273837882 + (0.8839173948987078 * x_3))))))) + (12.338893645432307 * (-2.7632761273837882 + (0.8839173948987078 * x_3))))) + (((56.26430514677648 * (-2.7632761273837882 + (0.8839173948987078 * x_3))) - (23.418293482413922 * inv((271.8726874384157 + (-1.755053882235849 * (-2.5928212263706856 + (0.8757205925655337 * x_1))))))) + ((-2.680042001585001 * (-2.7632761273837882 + (0.8839173948987078 * x_3))) + (-2.7632761273837882 + (0.8839173948987078 * x_3))))))
feynman_III_12_43,ok,2,32,1,BFGS,0.9949711567411711,0.058086606674227145,48,37.32,,0.001,(1.4197485610514136 + ((0.5305683137418264 * (-2.6600860698602395 + (0.8787782072695123 * x_0))) - (1.3266015838261804 * (((0.0031227710746307303 * (-2.6600860698602395 + (0.8787782072695123 * x_0))) - (0.7144087416672935 * (-2.5465486207773664 + (0.8639978684630047 * x_1)))) * ((0.004755488871369638 * (-2.5465486207773664 + (0.8639978684630047 * x_1))) - (-0.012114895165934211 * inv((0.022323446672567013 + (-0.006460441281705996 * (-2.6600860698602395 + (0.8787782072695123 * x_0)))))))))))
feynman_III_13_18,ok,4,256,4,BFGS,0.9613299420296801,108.71772173846338,116,349.11,,0.001,(55.284386639371505 + ((1.3678847270340224 * ((0.6280039714650512 + (0.5262050900467619 * (-2.4699294639154807 + (0.8560964559950999 * x_3)))))**2) - (((3.1902891755651392 * (-2.557360784962865 + (0.8860604608557809 * x_2))) + ((0.32685014111014477 * ((5.07921943374895 + (-0.13013888593717354 * (-2.4699294639154807 + (0.8560964559950999 * x_3)))))**2) - (-2.4699294639154807 + (0.8560964559950999 * x_3)))) * (((-0.11916476252849983 * (-2.4699294639154807 + (0.8560964559950999 * x_3))) + (0.022325783362437943 * ((3.8053616379267297 + (0.8861186223156519 * (-2.559111498086225 + (0.8438989755780321 * x_0)))))**2)) * (((0.23802795794251475 * (-2.4699294639154807 + (0.8560964559950999 * x_3))) - (51.3988456745671 * ((-1.2496983885566362 + (-0.8004335866385843 * (-2.538907955679724 + (0.8360455927136513 * x_1)))))**2)) - ((5.00770803279867 + (62.84030099423744 * ((-2.557360784962865 + (0.8860604608557809 * x_2)) * inv(((3.404725169987749 * ((5.494085013919216 + (-1.659816761797007 * (-2.538907955679724 + (0.8360455927136513 * x_1)))))**2) - (0.9167306234408663 * (-2.538907955679724 + (0.8360455927136513 * x_1)))))))))**2)))))
feynman_III_14_14,ok,5,64,2,BFGS,0.8730738378912104,2.531909026167172,126,283.63,,0.001,(0.7258342938782537 + ((((-0.9011987559705619 * inv((1.245193725261372 + (0.4807044958673622 * (-5.1655723252122225 + (3.434279417769823 * x_4)))))) - (0.07057287467320969 * (-5.111852970749168 + (3.3644339378306247 * x_2)))) + (-0.43272832800040495 * (-2.668504578371374 + (0.895141141763398 * x_0)))) * ((((-1.678218448404524 * inv((44.862893247220114 + (1.7643146854382792 * (-5.1655723252122225 + (3.434279417769823 * x_4)))))) - (0.5079109126500829 * (((0.07669147648298505 * (-4.857485252493451 + (3.2877290201094715 * x_1))) + (1.699146573012392 * (-4.857485252493451 + (3.2877290201094715 * x_1)))) * (0.6187939895555703 * exp((1.6705580287880577 + (0.209480243208495 * (-5.111852970749168 + (3.3644339378306247 * x_2))))))))) - ((-5.1655723252122225 + (3.434279417769823 * x_4)) * exp(((3.174194315828922 * exp((-1.9165071973477175 + (-0.06273081755740709 * (-5.170473117636555 + (3.4111455044222505 * x_3)))))) - exp((1.8297765686202287 + (1.042539873181458 * (-5.1655723252122225 + (3.434279417769823 * x_4))))))))) + ((-1.4420983380371353 * inv((0.2525707568972108 + (0.08544450967371328 * (-5.170473117636555 + (3.4111455044222505 * x_3)))))) - (2.1346249083609585 * (-5.111852970749168 + (3.3644339378306247 * x_2)))))))
feynman_III_15_12,ok,3,128,3,BFGS,0.246772925749693,4.247928208554362,82,402.93,,0.001,(6.41281462006973 + (((-0.10976643151766374 * inv((0.10803591833030257 + (0.777297388254609 * (-2.433749339868416 + (0.8313595104823411 * x_2)))))) - (((-2.258800672329225 * (-2.6957874627590446 + (0.884057098270909 * x_0))) - (0.009502338614639439 * inv((0.4594958679645963 + (1.3274780930922105 * (-2.7555269573611176 + (0.9149371100073108 * x_1))))))) + (0.33567392940785323 * inv((95.82790301206126 + (11.6503898618416 * (-2.433749339868416 + (0.8313595104823411 * x_2)))))))) + ((0.4379161794688502 * inv((0.5912411983002106 + (4.2677398199948104 * (-2.7555269573611176 + (0.9149371100073108 * x_1)))))) - ((0.35079170390301173 * (-2.433749339868416 + (0.8313595104823411 * x_2))) - (-0.10484124653836024 * inv((4.978932300529168 + (38.6152254529666 * (-2.6957874627590446 + (0.884057098270909 * x_0))))))))))
feynman_III_15_14,ok,3,256,4,BFGS,0.907641574150917,0.006451746364463976,76,442.24,,0.001,(0.00401480530491786 + (inv((5.124368841629973 + (2.758891455613552 * (-2.600944791990059 + (0.8402356442102845 * x_2))))) * (((0.017252807306902332 * (-2.34578704306449 + (0.8008218224036182 * x_0))) + (inv((28.58473111817573 + (10.037728940088176 * (-2.7086572108381093 + (0.888939095052541 * x_1))))) * (-0.1914950745191794 * (-2.600944791990059 + (0.8402356442102845 * x_2))))) + inv((164.68982957960205 + (-0.06149742370133872 * (((-0.6537168883457221 * inv((-1.7180935523089682 + (58.317081878846516 * (-2.7086572108381093 + (0.888939095052541 * x_1)))))) + (0.6955216077899095 * (-2.600944791990059 + (0.8402356442102845 * x_2)))) * inv((-0.4120529190685196 + (-0.4268765901544601 * (-2.600944791990059 + (0.8402356442102845 * x_2))))))))))))
feynman_III_15_27,ok,3,256,4,BFGS,0.8051140872945526,1.1979520499598615,117,422.45,,0.001,(0.49842145043500363 + (((0.14509901309209863 * inv((31.05062823921953 + (0.4302460329643584 * (-2.4879626933927046 + (0.833693497064789 * x_0)))))) - ((0.5351842477165454 * (-2.4893777348254535 + (0.8762245096472185 * x_1))) - (0.1633592602651216 * (((0.12246214443645909 * (-2.533070086737555 + (0.8625339673768139 * x_2))) + ((0.3781122248692285 * inv((38.81577389277277 + (50.856500776190884 * (inv((0.16409575340797664 + (5.002229263662796 * (-2.533070086737555 + (0.8625339673768139 * x_2))))) * inv((0.21031229243449145 + (4.231662259007738 * (-2.4893777348254535 + (0.8762245096472185 * x_1)))))))))) - (-3.411048660770395 * inv((0.3709313724011764 + (0.017747601765977693 * (-2.533070086737555 + (0.8625339673768139 * x_2)))))))) * (((0.4114966451098919 * inv((1.0503249215012258 + (0.5897693393960998 * (-2.4893777348254535 + (0.8762245096472185 * x_1)))))) + (-0.1779803974575742 * inv((0.7077086086542238 + (8.092035343719743 * (-2.4893777348254535 + (0.8762245096472185 * x_1))))))) + inv((1.3185694292985572 + (0.6641864821951463 * (-2.533070086737555 + (0.8625339673768139 * x_2)))))))))) + (-2.4879626933927046 + (0.833693497064789 * x_0))))
feynman_III_17_37,ok,3,256,4,BFGS,0.9714268332755401,0.9026897435394274,116,373.62,,0.001,(2.372660495743281 + (((0.45365806152325505 + (0.0523973513644784 * (-2.491499110603535 + (0.8386271442685918 * x_0)))))**2 * (((0.6305816710190146 + (0.02891132183236987 * ((-2.491499110603535 + (0.8386271442685918 * x_0)) * (-2.5686713329782953 + (0.862001671169859 * x_1))))))**2 * (((0.18871502887849123 * ((0.30889596637290806 + (26.77406517278301 * (-2.551596122504234 + (0.8474189011325017 * x_2)))))**2) - ((-0.12160147056400333 * (-2.5686713329782953 + (0.862001671169859 * x_1))) - ((-0.742255253171169 * (-2.551596122504234 + (0.8474189011325017 * x_2))) - ((0.18877678230920913 * inv((4.293064382975679 + (4.0651679681520285 * (-2.551596122504234 + (0.8474189011325017 * x_2)))))) - ((-42.67656331391582 * (((0.024466004471529038 + (-0.004051532003462425 * (-2.551596122504234 + (0.8474189011325017 * x_2)))))**2 * (-2.551596122504234 + (0.8474189011325017 * x_2)))) - (2.2564442311422326 * ((9.890719250710674 + (0.7761726549377292 * (-2.551596122504234 + (0.8474189011325017 * x_2)))))**2)))))) * (0.4257373779926261 * ((0.9727587039172008 + (0.19110463845681502 * (-2.5686713329782953 + (0.862001671169859 * x_1)))))**2)))))
feynman_III_19_51,ok,5,256,4,BFGS,0.5720573396306751,1.1934715311020891,68,521.92,,0.001,(0.12243072598918958 + ((inv(((-0.353908989941103 * (-2.7325304403218103 + (0.9024643506596678 * x_1))) + (-1144.8074640626787 * inv((-690.0199498116306 + (361.262462382457 * (-2.6537424167771304 + (0.8886083008934242 * x_3)))))))) * ((-0.009634545711034677 * (-2.7325304403218103 + (0.9024643506596678 * x_1))) - (-0.013296702808345919 * (-2.712534670836872 + (0.9145791987347105 * x_2))))) * (((-50.261307020208136 * (-2.712534670836872 + (0.9145791987347105 * x_2))) - (3411.3913397815613 * inv((-8690.894334483095 + (40.16004898952686 * (-2.7193729315376136 + (0.8742168644608117 * x_0))))))) + (-32.642748960242045 * (-2.6537424167771304 + (0.8886083008934242 * x_3))))))
feynman_III_21_20,ok,4,32,1,BFGS,0.752795921896416,6.637229899707879,122,476.26,,0.001,(-0.01395106161304125 + (((-0.1633018709847066 * inv((0.10775797584257879 + (70.74132497472681 * ((-2.5656360395809217 + (0.8550844648633008 * x_2)) * ((-2.545412639486553 + (0.8474318891943581 * x_3)) * inv((0.19785803553630166 + (0.0542364381834895 * (-2.4948596073666858 + (0.8712831628673021 * x_0))))))))))) - (((-1.2112239561040337 * (-2.6240687793748685 + (0.8890183185341883 * x_1))) + (2.46783592812805 * inv((1.0437899996717483 + (97.93200495485553 * ((-2.545412639486553 + (0.8474318891943581 * x_3)) * (-2.545412639486553 + (0.8474318891943581 * x_3)))))))) - inv(((0.27139247391147414 * exp((-0.1677603676771473 + (-0.36272733760862685 * (-2.4948596073666858 + (0.8712831628673021 * x_0)))))) - (0.0419028014844256 * (-2.6240687793748685 + (0.8890183185341883 * x_1))))))) * ((8.352848445537695 * inv(((1.7457164842999076 * inv((30.073569877003095 + (0.027581317321469817 * inv((10.767669379280946 + (-0.16098836864816413 * (-2.6240687793748685 + (0.8890183185341883 * x_1))))))))) - (0.654286146810398 * inv((0.1286027993690394 + (-0.721708087712309 * (-2.5656360395809217 + (0.8550844648633008 * x_2))))))))) - (10.64179164104737 * (-2.5656360395809217 + (0.8550844648633008 * x_2))))))
feynman_III_4_32,ok,4,256,4,BFGS,0.8957291524479057,2.5561829403966003,115,338.48,,0.001,(1.599551656547396 + (inv((3.9164933725185613 + (1.522661994348082 * (-2.784131327119264 + (0.9215893303699773 * x_0))))) * ((((-2.805892014669582 * (-2.6174887738802006 + (0.8670829091630897 * x_3))) - ((-6.492874573077004 * (-2.6174887738802006 + (0.8670829091630897 * x_3))) - (((17.458356735448824 * (-2.6466365775727345 + (0.8707401267392567 * x_2))) - (-296.1020491779417 * inv((15.070011880595235 + (4.403620735492702 * (-2.6466365775727345 + (0.8707401267392567 * x_2))))))) - ((-9.591921979079519 * (-2.6174887738802006 + (0.8670829091630897 * x_3))) + (((-1.037175067693635 * (-2.6174887738802006 + (0.8670829091630897 * x_3))) - (-50.20223338469066 * (-2.6174887738802006 + (0.8670829091630897 * x_3)))) + (-13.849474637427797 * inv((1802.0565752688642 + (0.40597356871524326 * (-2.612511512350074 + (0.8627753949982891 * x_1))))))))))) + ((46.261281914918584 * (-2.6174887738802006 + (0.8670829091630897 * x_3))) - (12.406638088502666 * (-2.612511512350074 + (0.8627753949982891 * x_1))))) + (-36.861980993892665 * inv((1171.7708740183787 + (-59.79061138108061 * (-2.784131327119264 + (0.9215893303699773 * x_0)))))))))
feynman_III_4_33,ok,4,32,1,BFGS,0.9465249183345283,1.0992343510862277,123,26.30,,0.001,(1.1064977287294893 + (((0.5160842388433082 * inv((0.7924635801207174 + (10.042189856856172 * (-2.866571611099702 + (0.9433028392921154 * x_3)))))) - ((0.058164866808351895 * (-2.772789939599442 + (0.8864830640187504 * x_1))) - ((1.468489783181501 * inv((0.4756823782878361 * (-2.866571611099702 + (0.9433028392921154 * x_3))))) - (-67.60094156243412 * inv((15.123232483736647 + (-0.6456389287475082 * ((-2.866571611099702 + (0.9433028392921154 * x_3)) * (-2.60734931142082 + (0.9073764005796643 * x_2)))))))))) + ((1.9803878959243946 * inv((0.4927597238917212 + (0.002970952598703263 * (-2.60734931142082 + (0.9073764005796643 * x_2)))))) - (((-0.16722441929747922 * (-2.60734931142082 + (0.9073764005796643 * x_2))) - ((2.0685262268457976 * (-2.866571611099702 + (0.9433028392921154 * x_3))) - (0.9525263162628437 * inv((-0.00012308232904775307 + (0.30856234444206077 * (-2.866571611099702 + (0.9433028392921154 * x_3)))))))) - (((3.1248330998676686 * (-2.60734931142082 + (0.9073764005796643 * x_2))) - (2.4920972847783034 * exp((-0.6022985046457716 + (0.15329934921381205 * (-2.5251798266511916 + (0.8626981754077024 * x_0))))))) - (-0.9232711281969681 * (-2.866571611099702 + (0.9433028392921154 * x_3))))))))
feynman_III_7_38,ok,3,256,4,BFGS,0.9725981339824912,6.362463108216093,90,381.76,,0.001,(3.8138698142025618 + (((0.03712138335282414 * (-2.7136530652251984 + (0.8943526615139876 * x_0))) - (0.028667158199403325 * exp((0.5223100849791569 + (2.8264846267673267 + (0.3629713941461017 * (-2.809767375781024 + (0.9075827176016882 * x_1)))))))) * ((2.5542703344088302 * (exp((-0.19784991348834263 + (-0.5765813747645359 * (-2.402628220576974 + (0.8031476298129983 * x_2))))) * (((0.7845081393633582 * (-2.402628220576974 + (0.8031476298129983 * x_2))) - (0.04486994891444736 * exp((6.139577877073862 + (0.1469855202804115 * (-2.7136530652251984 + (0.8943526615139876 * x_0))))))) - (6.0169113658859885 * (-2.7136530652251984 + (0.8943526615139876 * x_0)))))) - (5.383523076310439 * inv(((12.757469092799813 * (-2.402628220576974 + (0.8031476298129983 * x_2))) - (-9.66884789383792 * exp((-0.10448416183707396 + (199.14224954905467 * (-2.809767375781024 + (0.9075827176016882 * x_1))))))))))))
feynman_III_8_54,ok,3,256,4,BFGS,0.07515484858562771,0.3370948505859014,112,357.51,,0.001,(0.4513860393619329 + ((0.22011680683301088 * inv((0.353592413639488 + ((1.495331839823599 * inv(((0.13721490418378862 * inv((0.7567222752581149 + (12.943235931292946 * (inv((31.233539484237156 + (30.283123298215088 * (-5.232329981974955 + (3.4582056648935673 * x_0))))) * (0.30569026077787953 * (inv((0.06569323530782456 + (0.4950232887555702 * (-5.0517738838657475 + (3.3789723250614414 * x_1))))) * inv((4.660509724550733 + (0.38607647301616865 * (-2.957250588126034 + (1.1919718312766996 * x_2)))))))))))) - (0.518531583958387 * inv(((0.27829843761491624 * (-5.0517738838657475 + (3.3789723250614414 * x_1))) - (3.6970706424907878 * inv((0.10930820651993484 + (2.0534378013427297 * (-5.232329981974955 + (3.4582056648935673 * x_0)))))))))))) + (((0.7613764047432787 * (-5.232329981974955 + (3.4582056648935673 * x_0))) - (0.35418398223387976 * inv((0.49584058603443393 + (0.503726854011894 * (-2.957250588126034 + (1.1919718312766996 * x_2))))))) - (0.26487844236689473 * (-5.232329981974955 + (3.4582056648935673 * x_0)))))))) - (-0.023987175639718562 * (-2.957250588126034 + (1.1919718312766996 * x_2)))))
feynman_III_9_52,ok,6,128,3,BFGS,0.4888621776553874,10.59795566259496,76,448.04,,0.001,(10.401453071492057 + (((0.056419586053795406 * (-3.3150879840966465 + (1.6834333936891284 * x_3))) - (39.937160015450644 * inv((312.8127517618402 + (-4.218382506687867 * (-3.466680730085183 + (1.7080804821447886 * x_2))))))) * (((((-54.45552532498715 * ((-2.575743190255727 + (0.8722576541805873 * x_4)) * (-2.734929250040047 + (0.899503571822635 * x_5)))) - (0.062363669966414625 * exp((6.145556739593083 + (-0.46505988733820014 * (-2.575743190255727 + (0.8722576541805873 * x_4))))))) - (-1.2446009368400368 * exp((1.1566473294751707 + (-1.8904081891771032 * (-2.575743190255727 + (0.8722576541805873 * x_4))))))) - (-39.929839923029135 * (-3.3150879840966465 + (1.6834333936891284 * x_3)))) - (-3.3150879840966465 + (1.6834333936891284 * x_3)))))
feynman_II_10_9,ok,3,256,4,BFGS,0.8847683334348817,0.07384183579663182,56,461.51,,0.001,(-0.2767109439217368 + ((((0.14314850054732198 * (-2.4407479823350755 + (0.8808833990454653 * x_0))) + (0.28625988721004303 * exp((-0.02449144039674231 + (-0.09619004378104717 * (-2.4407479823350755 + (0.8808833990454653 * x_0))))))) + (0.8572913084453622 * inv((3.4255008293442746 + (1.2757594718215852 * (-2.595419809290695 + (0.8588576606135521 * x_1))))))) + ((-0.09157457589646256 * (-2.6474767240232993 + (0.8825746761428329 * x_2))) - (0.0017442610916397067 * inv((3.5462688330818892 + (25.88119205710109 * (-2.6474767240232993 + (0.8825746761428329 * x_2)))))))))
feynman_II_11_20,ok,5,64,2,BFGS,0.5924284425815993,4.712401430664272,110,517.51,,0.001,(0.21509893800366425 + ((0.20699800451902067 * (((3.9435409836221877 * inv((0.6697193575758535 + (0.30298238860945936 * (-2.457523520153069 + (0.8701539172876223 * x_4)))))) - (0.948252765039856 * (-2.457523520153069 + (0.8701539172876223 * x_4)))) * ((((1.1866542408498657 * (-2.4569814526637677 + (0.8240340107265285 * x_0))) - ((-2.9754557153036645 * exp(((-0.031975597989317504 * (-2.6316919296321113 + (0.8710897992152611 * x_3))) + ((0.0735138904422382 * (-2.457523520153069 + (0.8701539172876223 * x_4))) - (-0.17551529606404434 * (-2.457523520153069 + (0.8701539172876223 * x_4))))))) - (0.6591994635439091 * inv((1.4874477116158498 + (0.7818612710739913 * (-2.6316919296321113 + (0.8710897992152611 * x_3)))))))) - (inv((3.1094697691384683 + (3.463265775661875 * (-2.6316919296321113 + (0.8710897992152611 * x_3))))) * inv((4.159556368705043 + (0.07572125472424646 * (-2.594902082535144 + (0.8534005543784765 * x_1))))))) + (0.745982627550065 * (-2.594902082535144 + (0.8534005543784765 * x_1)))))) - (1.739117720825666 * (-2.6316919296321113 + (0.8710897992152611 * x_3)))))
feynman_II_11_27,ok,4,64,2,BFGS,0.7943207740657664,0.26299628249126716,127,413.60,,0.001,(0.4601075059406373 + (inv((-0.000608512531449738 + (0.1469807592226573 * inv((1.5361886486088085 + (0.5742469656121145 * (-1.7252785901711232 + (3.536305764059484 * x_1)))))))) * ((((2.5262063373488575 * (-1.7252785901711232 + (3.536305764059484 * x_1))) + (0.0027624065876689103 * (inv(((54.64367104594234 * (-5.046769784936528 + (3.418189540060406 * x_2))) + ((3.481714867851535 * (-5.0422201628750365 + (3.42921855514138 * x_3))) + (7.075314430649637 * inv((38.052023271390745 + (1.7634123588788326 * (-1.7252785901711232 + (3.536305764059484 * x_1))))))))) * (inv((-0.06822063341282161 + (42.783674202158664 * inv((0.44792610083322626 + (3.214657261521667 * (-5.0422201628750365 + (3.42921855514138 * x_3)))))))) * ((0.4367968679184703 * (-1.648775206320855 + (3.466849046719344 * x_0))) - (0.8428217127088689 * inv((0.06690728288772727 + (9.598762615607857 * (-5.046769784936528 + (3.418189540060406 * x_2))))))))))) + ((3.4677953791431646 * (-1.648775206320855 + (3.466849046719344 * x_0))) - (-0.16049374100704583 * (-1.7252785901711232 + (3.536305764059484 * x_1))))) * inv((88.7059688467775 + (0.6072116809158314 * ((-5.0422201628750365 + (3.42921855514138 * x_3)) * (-1.7252785901711232 + (3.536305764059484 * x_1)))))))))
feynman_II_11_28,ok,2,128,3,BFGS,0.9804096392398657,0.042942359938194945,102,321.08,,0.001,(1.0924384639033695 + (((0.7755319734791288 * inv((0.4270359204248766 + (0.7748978690760027 * ((inv((0.5245439960206038 + (0.38427344172559186 * (-1.6870985985358635 + (3.439169193273224 * x_0))))) * (0.02701289236060326 * inv((0.018247921087748205 + (0.010268078204248684 * (-1.8075189031076848 + (3.462610195906584 * x_1))))))) * ((39.41375274854302 * inv((13.26674724247794 + (0.25673259736694676 * ((-1.6870985985358635 + (3.439169193273224 * x_0)) * inv(((1.7940041040347552 * ((0.4591415447109457 + (0.5991425704763542 * (-1.6870985985358635 + (3.439169193273224 * x_0)))))**2) - (0.21573309785983136 * inv((0.21099663902600835 + (1.7894131822786856 * (-1.6870985985358635 + (3.439169193273224 * x_0))))))))))))) - (-1.8075189031076848 + (3.462610195906584 * x_1)))))))) - (0.5148918450448181 * inv((19.329716765673943 + (-1.719625978152342 * (-1.8075189031076848 + (3.462610195906584 * x_1))))))) * inv((0.4419580642660985 + (0.07938547728660703 * (-1.8075189031076848 + (3.462610195906584 * x_1)))))))
feynman_II_11_3,ok,5,256,4,BFGS,0.8896865762061456,0.042286142313623036,100,294.01,,0.001,(-0.006325907440073199 + ((-0.007219705952797091 * (-6.973914079319447 + (1.7326948094237948 * x_3))) + ((((4.384656620246966 * (inv((129.56231368857885 + (0.12188135652686843 * (inv((10.785991472976725 + (0.4661779197313103 * (-3.4858296098647474 + (1.725550340478727 * x_0))))) * (-6.973914079319447 + (1.7326948094237948 * x_3)))))) * inv(((0.25156069813628146 * (-5.529314466884249 + (3.5626460506029085 * x_4))) + (3.8908525067150936 * inv((0.10564107127907346 + (2.2288549513925497 * inv((4.0455911989232725 + (36.90452683379475 * (-3.4159175484317243 + (1.6763635427586012 * x_2))))))))))))) + (0.49998023037767214 * (inv((2.9738694228129416 + (0.8666672635265154 * (-6.973914079319447 + (1.7326948094237948 * x_3))))) * inv((1.1243529880284964 + (0.3250129897860903 * (-3.4159175484317243 + (1.6763635427586012 * x_2)))))))) + (0.051316390162207154 * (-3.639820054101914 + (1.8353488983603912 * x_1)))) + (0.052555104394422555 * (-3.4858296098647474 + (1.725550340478727 * x_0))))))
feynman_II_13_17,ok,4,256,4,BFGS,0.7960418983882385,0.011587502258660676,37,335.19,,0.001,(0.001741109155061816 + exp((-5.145980812319248 + (3.166778272818986 * (-0.7285188981180859 * ((((-4.061490460251584 * inv((-0.9179747807246992 + 1.9123084445812282))) + (-2.4024694168052316 + (0.8219116109543148 * x_3))) + (-1.0863069242275563 * (-2.652627881283846 + (0.864138855771416 * x_2)))) * (-0.1258570329059499 * (-2.753414723144747 + (0.8791399948500996 * x_1)))))))))
feynman_II_13_23,ok,3,32,1,BFGS,0.9909872295421468,0.11248973778545975,106,24.27,,0.001,(2.6092505727043362 + (((0.31150618247426315 * exp((0.40234230770439106 + (-0.4191302915638053 * (-5.26677435569427 + (3.4475216888865052 * x_1)))))) - (-1.1653929150089695 * (-2.6798415562573763 + (0.9000715575381649 * x_0)))) - ((-0.28227721699103614 * (-5.26677435569427 + (3.4475216888865052 * x_1))) + (0.4655029996580984 * ((((0.2593372567167307 * inv(((3.0050913931570595 * exp((0.6958240784300843 + (0.21453174250418372 * (0.7931415477703945 * (-5.26677435569427 + (3.4475216888865052 * x_1))))))) - (1.3015457589480692 * inv((1.0417517487906687 + (0.3708457164238188 * (-3.3391022807239796 + (0.5111737659041323 * x_2))))))))) + inv((39.93614132219638 + (0.9074096812876 * ((-3.3391022807239796 + (0.5111737659041323 * x_2)) * inv((0.27484248430557634 + (1.113216431925355 * (-2.6798415562573763 + (0.9000715575381649 * x_0)))))))))) + (0.9068826611875408 * inv((7.627136435810958 + (0.3891000385712271 * (-5.26677435569427 + (3.4475216888865052 * x_1))))))) * (0.9307050655901364 * (-3.3391022807239796 + (0.5111737659041323 * x_2))))))))
feynman_II_13_34,ok,3,32,1,BFGS,0.9539837617699711,0.4365503689602967,51,18.95,,0.001,(1.8123448351302656 + ((-1.553117737191512 * (-2.635228193647432 + (0.8916572161096509 * x_0))) - (((-3.5878464326780675 * (-2.635228193647432 + (0.8916572161096509 * x_0))) - ((0.7966549988385037 * inv((15.022179901583232 + (-2.205373825848653 * (-4.940481638693344 + (3.3437624554237626 * x_1)))))) - (-0.9868129509597365 * (-4.940481638693344 + (3.3437624554237626 * x_1))))) - (0.15731527625065214 * inv((0.05821095679181902 + (0.006845013463598566 * (-2.635228193647432 + (0.8916572161096509 * x_0)))))))))
feynman_II_15_4,ok,3,128,3,BFGS,0.8746863212408572,1.8660189350112808,115,369.82,,0.001,(6.5263923334297225 + ((((-8.824953114603638 * (((1.3223804657227003 + (0.21588322693108375 * (-2.6459797016564632 + (0.8727188941478409 * x_1)))))**2 * (1.2499027573581447 * ((0.03553838468311807 + (-0.49970495682571436 * (-2.5228635593411757 + (0.8363867496115811 * x_2)))))**2))) - (((-132.15738221497418 * inv((13.155576719084031 + (0.6039368721314242 * (-2.6459797016564632 + (0.8727188941478409 * x_1)))))) - (2.9249180560941994 * (-2.555131165694161 + (0.8589482126346254 * x_0)))) * (0.3181586435107894 * (-2.6459797016564632 + (0.8727188941478409 * x_1))))) - (1.032367512500393 * inv(((0.21771559924502326 * (-2.555131165694161 + (0.8589482126346254 * x_0))) - (0.04443126773563413 * ((3.4818657397434585 + (-0.0310538448432741 * (-2.5228635593411757 + (0.8363867496115811 * x_2)))))**2))))) + (0.009357795715048654 * (inv((31.83710493235047 + (0.8697418508574448 * (-2.5228635593411757 + (0.8363867496115811 * x_2))))) * (((0.7681937889560606 + (1.920030367383836 * (-2.6459797016564632 + (0.8727188941478409 * x_1)))))**2 * ((-5.565234497009808 + (7.215557967498295 * (-2.6459797016564632 + (0.8727188941478409 * x_1)))))**2)))))
feynman_II_15_5,ok,3,256,4,BFGS,0.8333720426283725,2.093222510597264,86,392.42,,0.001,(78.02902687533927 + ((0.6174543552349425 * (-2.623128343020264 + (0.8714830687709064 * x_0))) - ((23.261122519883017 * inv((0.33366209106684974 + (0.6848677268652459 * (((-2.7404864706467325 + (0.873550869340621 * x_2)) * (-2.7404864706467325 + (0.873550869340621 * x_2))) * (-0.9358276276539481 * ((0.16514981995064126 + (0.017372424123967944 * (-2.516678448150414 + (0.8505212082765151 * x_1)))))**2)))))) - (((-3.8859296405761867 * (((-2.738344856892068 * inv((-26.31382640991734 + (-593.5800890652743 + (-2.5589920629979144 * (-2.516678448150414 + (0.8505212082765151 * x_1))))))) - (-2.7404864706467325 + (0.873550869340621 * x_2))) * (-0.13640448168536878 * (-2.623128343020264 + (0.8714830687709064 * x_0))))) - (-2.03788633302692 * (-2.516678448150414 + (0.8505212082765151 * x_1)))) + (-2.623128343020264 + (0.8714830687709064 * x_0))))))
feynman_II_21_32,ok,5,128,3,BFGS,0.7850160261719843,0.019641597501782328,105,316.08,,0.001,(-0.052032579297094775 + ((-1.0330629438250472 * (-2.66672674421076 + (0.8799980575686334 * x_0))) + (0.2468962403782763 * ((0.1687035227784236 * inv((30.646694913515603 + (16.689003427149025 * (-3.2988724247793657 + (0.5058211443179642 * x_4)))))) + ((4.264915512044176 * (-2.66672674421076 + (0.8799980575686334 * x_0))) + (0.31654145642075227 * ((0.39900662845734214 * inv((2.1839688765878007 + (1.1272539589303023 * (-2.593522633521764 + (0.8605783448462752 * x_2)))))) + (0.9322334023519159 * exp((-0.005658857965400749 + (0.27873659047673005 * (((0.5875861599899421 * inv((0.9465270164424848 + (0.2270625231320086 * ((-5.01141599607414 + (3.34417291403035 * x_3)) * (-2.593522633521764 + (0.8605783448462752 * x_2))))))) - (51.55143973141847 * (inv((0.5410232868154659 + (0.05255852947361045 * (-3.2988724247793657 + (0.5058211443179642 * x_4))))) * (-2.6284161408483433 + (0.8564019147978089 * x_1))))) * (0.04672393118402152 * inv((4.375462777941442 + (0.08694073205925412 * (-2.6284161408483433 + (0.8564019147978089 * x_1))))))))))))))))))
feynman_II_24_17,ok,3,32,1,BFGS,0.9820062942623321,0.11602714162408749,26,16.25,,0.001,(5.862921702999937 + ((0.5363042539079473 * exp((1.3011744089277615 + (-0.3661841640908167 * (-5.098632543293196 + (3.429833828411375 * x_1)))))) - (-0.08191507447766015 * (-57.19580777651072 + (5.135970749395874 * (-8.642683837968443 + (1.736310748726112 * x_0)))))))
feynman_II_27_16,ok,3,64,2,BFGS,0.9633309453679572,17.057867718952433,92,61.72,,0.001,(0.6438672310110298 + ((0.8069702543938106 * (((43.07655939850669 * ((1.463940778181108 + (0.2803664537168029 * (-2.596743687374026 + (0.8682775866518997 * x_0)))))**2) - ((0.18400767584442113 * (-2.596743687374026 + (0.8682775866518997 * x_0))) - (32.904485084906725 * (-2.9070459506860526 + (0.9221130424024399 * x_1))))) * ((inv(((36.817643776194274 * (-2.587341142699831 + (0.8786098444979417 * x_2))) - ((65.24210825761088 + (0.5082632958251301 * (-2.587341142699831 + (0.8786098444979417 * x_2)))))**2)) - (0.4382283739673529 * ((0.28831242606834084 + (0.10637035023390679 * (-2.587341142699831 + (0.8786098444979417 * x_2)))))**2)) + (4.687163894650876 * ((0.4841410184718009 + (0.18843304288322882 * (-2.587341142699831 + (0.8786098444979417 * x_2)))))**2)))) - (1.721404429017598 * ((-2.587341142699831 + (0.8786098444979417 * x_2)) * (-2.587341142699831 + (0.8786098444979417 * x_2))))))
feynman_II_27_18,ok,2,32,1,BFGS,0.9151946744120334,6.478981336301945,126,18.71,,0.001,(0.12368747571365402 + ((1.5956642696762344 * (-2.778749929216607 + (0.9202757116769661 * x_1))) - ((2.105679038691626 * exp((-0.2207961590509545 + (1.1784187970211035 * (-2.854039588936294 + (0.9313688748574931 * x_0)))))) - (((((2.690024945194084 * exp((2.427018511850406 + (0.387186855727905 * (-2.778749929216607 + (0.9202757116769661 * x_1)))))) - (-13.311730791573018 * (-2.854039588936294 + (0.9313688748574931 * x_0)))) - (12.318565808127591 * (inv(((0.31210985232021127 * (-2.854039588936294 + (0.9313688748574931 * x_0))) - (74.59563677096835 * ((6.621370070496409 + (0.20130990436139362 * (-2.778749929216607 + (0.9202757116769661 * x_1)))))**2))) * ((5.09505542370003 * (-2.854039588936294 + (0.9313688748574931 * x_0))) + ((1.1201810619072137 * exp((5.473354544348171 + (0.2105370494630422 * (-2.778749929216607 + (0.9202757116769661 * x_1)))))) - (-2.854039588936294 + (0.9313688748574931 * x_0))))))) - (-5.543564652937571 * (-2.778749929216607 + (0.9202757116769661 * x_1)))) + (3.821309037901687 * inv(((3.2183202895181644 * exp((4.009524206741636 + (0.08088457022567087 * (-2.854039588936294 + (0.9313688748574931 * x_0)))))) - (4.292614461359419 * (-2.778749929216607 + (0.9202757116769661 * x_1))))))))))
feynman_II_2_42,ok,5,256,4,BFGS,0.7861538729935923,3.7019879505392166,88,466.48,,0.001,(0.9387960898253895 + ((((0.35115927207005326 * (-2.5324236435326513 + (0.8576874007117519 * x_0))) + (5.200971967918479 * inv(((1.394013240079711 * inv((-2.1838225999451684 + (0.4053147877093122 * (-2.8444438062869346 + (0.9035352009803069 * x_3)))))) + (-0.4571087391803945 * inv((1.2614212335512267 + (0.6336968568443027 * (-2.8444438062869346 + (0.9035352009803069 * x_3)))))))))) + ((2.299186106781006 * (-2.56184837158364 + (0.8868667655691996 * x_4))) - (111.67935963145703 * inv((71.71838436461638 + (0.22263250525768774 * (-2.5324236435326513 + (0.8576874007117519 * x_0)))))))) * (((-0.7429676751713141 * (-2.47728704926582 + (0.8237116622497856 * x_2))) + (5.55260823474761e-06 * inv((1.3533589315506385 + (8.977276808395061 * (-2.56184837158364 + (0.8868667655691996 * x_4))))))) - (-0.6371550856445252 * (-2.4653835903384924 + (0.8610943117784253 * x_1))))))
feynman_II_34_11,ok,4,128,3,BFGS,0.8503821722236333,1.9576691179464183,101,291.86,,0.001,(0.8532095831099173 + (((-1.9674987279223348 * (-2.624623356535676 + (0.8656711223164797 * x_3))) - ((-0.7742616544443768 * exp((1.3522682748061983 + (0.4686292488155106 * (-2.7443676432466564 + (0.9199324290158198 * x_1)))))) - ((((0.013788651099008689 * (-2.7443676432466564 + (0.9199324290158198 * x_1))) + (0.6240592967542701 * inv((-0.12472133692383389 + (97.04209330132663 * (inv((4.744413280975275 + (5.448333984289411 * (-2.4185743585385087 + (0.8288773353226235 * x_0))))) * exp((-1.0368580561991942 + (1.6280523202505475 * (-2.624623356535676 + (0.8656711223164797 * x_3))))))))))) + (24.67739439676216 * (0.07370417335918097 * (-2.546466339622496 + (0.8415241486134336 * x_2))))) + inv((0.2398267450692173 + (25.25226312528583 * (-2.7443676432466564 + (0.9199324290158198 * x_1)))))))) + ((1.8891344293694168 * (-2.4185743585385087 + (0.8288773353226235 * x_0))) - (-1.5328404003355338 * inv((3.513669026854515 + (-1.5141731990869274 * (-2.624623356535676 + (0.8656711223164797 * x_3)))))))))
feynman_II_34_2,ok,3,32,1,BFGS,0.977819171301721,1.7092609883935472,117,19.60,,0.001,(-0.8781257534098619 + ((((-0.06115777337421541 * (-2.6504816977325447 + (0.8726425668692686 * x_0))) - (0.24658129490724634 * ((-0.6913582564651035 + (-0.031531906628806936 * (-2.593258549923045 + (0.8476444061960484 * x_2)))))**2)) + (-0.007433238347468379 * ((2.1768437542452084 + (0.4737758862694632 * (-2.593258549923045 + (0.8476444061960484 * x_2)))))**2)) * (((((-0.6679645610837546 * inv(((11.902946220723116 * ((0.3278161573477931 + (-0.03656177988459394 * inv(((36.73170401646328 * (-2.6504816977325447 + (0.8726425668692686 * x_0))) - (-0.4314748920418723 * ((1.5328001788989507 + (12.805860642706314 * (-2.6504816977325447 + (0.8726425668692686 * x_0)))))**2))))))**2) - (95.48858695784662 * (-2.6504816977325447 + (0.8726425668692686 * x_0)))))) - (1.3653017149073312 * ((-8.327234848239925 + (-0.9839704087805758 * (-2.593258549923045 + (0.8476444061960484 * x_2)))))**2)) - (-1.325983727820946 * (-2.593258549923045 + (0.8476444061960484 * x_2)))) + (1.2957062416830736 * ((-0.045231424543700494 + (0.7193333552012415 * (-2.602940375995324 + (0.8496500991704193 * x_1)))))**2)) - (37.057617477905566 * (-2.602940375995324 + (0.8496500991704193 * x_1))))))
feynman_II_34_29a,ok,3,256,4,BFGS,0.8652375447214452,0.07528774284126172,68,348.27,,0.001,(-0.08306593629531728 + (((((0.2126824910358635 * (-2.5921353812207917 + (0.8811099449187398 * x_2))) - ((0.192925739899032 * inv(((0.006594947462777917 * exp((4.931610130478614 + (0.3792911669928718 * (-2.6340162306931827 + (0.8915777577347517 * x_0)))))) + (0.1551986426480425 * (-2.5921353812207917 + (0.8811099449187398 * x_2)))))) - (3.5708685982453012 * (-2.5921353812207917 + (0.8811099449187398 * x_2))))) + (-3.756029967287775 * (-2.5921353812207917 + (0.8811099449187398 * x_2)))) + inv((1.8448356000794495 + (0.5656897682573099 * (-2.5921353812207917 + (0.8811099449187398 * x_2)))))) + (0.10800787352913255 * (-2.614432269470226 + (0.8616494128817651 * x_1)))))
feynman_II_34_29b,ok,5,256,4,BFGS,0.9001826642571478,68.11403252755491,83,639.82,,0.001,(5.146488136408268 + (((77.84117531441382 * (-2.580173613126937 + (0.8625475822840215 * x_1))) - ((-7.081499593634194 * sqrt((209.49351368988738 + (1.912031988510395 * (-2.6979419603958954 + (0.9090787910735363 * x_2)))))) - ((0.8336367090109698 * (-2.6979419603958954 + (0.9090787910735363 * x_2))) - (8.496885214560386 * exp(((0.7987943982257928 * ((2.1444865445319845 + (0.1172250771378971 * (-2.5155816435325256 + (0.8566223922776196 * x_3)))))**2) - ((-0.29168083710190384 * (-2.6979419603958954 + (0.9090787910735363 * x_2))) - (0.2926500403778291 * (-2.5531194930605294 + (0.8789899049582045 * x_0)))))))))) * ((-251.57204198555297 * ((-0.0447180467211169 + (0.009547251182866277 * (-2.580173613126937 + (0.8625475822840215 * x_1)))))**2) - (0.25053193543222957 * (-2.3522871959349114 + (0.8097388077046674 * x_4))))))
feynman_II_34_2a,ok,3,32,1,BFGS,0.9109500712706851,0.14428083895200056,104,20.86,,0.001,(-0.05244421536791985 + ((0.8079188989060566 * inv((1.4283527894466168 + (0.5225036912921732 * (-2.595184874485386 + (0.8744180518029964 * x_2)))))) - (((0.23705269663479722 * (((1.7212135394819343 * exp((-0.989814420985816 + (0.4975655843019602 * (-2.595184874485386 + (0.8744180518029964 * x_2)))))) - ((0.0677551414600231 * exp((0.003806856021979903 + (0.17229007423024334 * (-2.7480241256459648 + (0.9048374383921544 * x_0)))))) - (11.191839784020608 * inv(((0.07805732089231804 * (-2.595184874485386 + (0.8744180518029964 * x_2))) - exp((-0.4394650144012062 + (0.6318478790695004 * exp((0.27400706282969933 + (0.07815214221337347 * (-2.595184874485386 + (0.8744180518029964 * x_2))))))))))))) * (0.749568404522039 * (-2.7480241256459648 + (0.9048374383921544 * x_0))))) - ((-0.1755673780853857 * inv((115.24951805963224 + (0.9421751570579437 * (-2.5836604135273715 + (0.8398765027159596 * x_1)))))) - (-0.2335736110779808 * (-2.5836604135273715 + (0.8398765027159596 * x_1))))) + (-2.7480241256459648 + (0.9048374383921544 * x_0)))))
feynman_II_35_18,ok,5,128,3,BFGS,0.9094710621085902,0.09217186975735846,110,201.95,,0.001,(0.30463215412486055 + (((10.468809656409263 * inv((34.30372908921852 + (1.2423739920847918 * ((-3.7134592839832528 + (1.8246293748275135 * x_4)) * (-3.219763489368215 + (1.6753593121119754 * x_1))))))) - (-0.2613688000071509 * (-3.4918091935735216 + (1.6972309630916704 * x_0)))) - ((-0.002811188854864517 * inv((0.6027708309607385 + (25.869077472922676 * (-3.7134592839832528 + (1.8246293748275135 * x_4)))))) - (exp((-0.2384213972878274 + (0.17174277214594458 * (-3.273392609849695 + (1.652817435825319 * x_3))))) * ((0.17470077989177096 * (-3.219763489368215 + (1.6753593121119754 * x_1))) - (((0.5543169144284916 * exp((0.8460707178715032 + (0.08445966940342958 * (-3.4918091935735216 + (1.6972309630916704 * x_0)))))) - (0.16515741850076754 * (-3.579403689568145 + (1.7747930310678999 * x_2)))) - ((-0.15770032968160497 * (-3.7134592839832528 + (1.8246293748275135 * x_4))) - ((0.17250382091172534 * (-3.273392609849695 + (1.652817435825319 * x_3))) - (0.5028111147643417 * exp((0.9587679202755495 + (0.0006489060129132647 * (-3.219763489368215 + (1.6753593121119754 * x_1))))))))))))))
feynman_II_35_21,ok,5,256,4,BFGS,0.8895207027643777,1.6240451944521699,97,683.84,,0.001,(0.251336429877293 + (((0.11921581067407408 * exp((0.4065120089784866 + (0.7373116125506303 * (-2.7110096708122233 + (0.875131425217154 * x_2)))))) - (((0.1285117407994717 * (-2.658226127563016 + (0.8861982062595278 * x_3))) - (0.19555450739413988 * exp((2.90922563407286 + (0.22827587254350312 * (-2.6574893155775725 + (0.8639895682372307 * x_0))))))) - ((0.021024828326500794 * inv((74.60784105380785 + (1.0970508112752304 * (-2.7110096708122233 + (0.875131425217154 * x_2)))))) + (((-0.6566732009665528 * (-2.7937445951572557 + (0.9077777236188819 * x_4))) - exp(((0.40281645777870456 * (-2.6574893155775725 + (0.8639895682372307 * x_0))) - (0.43656135030047505 * (-2.585304710315294 + (0.8870094272288953 * x_1)))))) - (0.8046061091057428 * exp((0.7458552030083787 + (-0.29365835639989446 * (-2.7937445951572557 + (0.9077777236188819 * x_4)))))))))) * exp((1.892893483770659 + (-0.06366584393438873 * (-2.7937445951572557 + (0.9077777236188819 * x_4)))))))
feynman_II_36_38,ok,8,256,4,BFGS,0.7261933334478505,0.5038629149081089,105,451.97,,0.001,(2.9195997295611935 + ((-0.0724358672635528 * (-3.4549198528908147 + (1.7383908466088813 * x_7))) + (((1.2899658283182873 * (-3.512647543149536 + (1.747231500909104 * x_1))) + ((((0.4885764582003814 * (-3.25539613447203 + (1.6780200106390297 * x_0))) - (0.061074786421335514 * (-3.673547657995394 + (1.8008360979627651 * x_5)))) - exp(((0.02743228649766276 * (-3.673547657995394 + (1.8008360979627651 * x_5))) - (-0.34210794051225046 * (-3.644144276541765 + (1.820082555589773 * x_2)))))) + ((-0.4757550461604285 * (-3.471793038256991 + (1.7179484625381287 * x_3))) - (0.8506812811837956 * exp((-0.1020801108357092 + (-0.12265850651400556 * (-3.49247493142665 + (1.7662338946626293 * x_4))))))))) + (((0.25501170912861637 * exp((0.3631221491535994 + (0.5552554441337074 * (-3.4549198528908147 + (1.7383908466088813 * x_7)))))) - (0.9765762116742536 * (-3.512647543149536 + (1.747231500909104 * x_1)))) + (-0.030624219286335144 * inv((12.172750695328872 + (10.176851866890157 * (-3.644144276541765 + (1.820082555589773 * x_2))))))))))
feynman_II_37_1,ok,3,32,1,BFGS,0.9701573488057947,4.049367103587636,61,23.72,,0.001,(10.22359827324538 + ((59.11541104964769 * (((19.17012064769304 * ((0.005905822777062055 + (0.0010230822390246194 * (-2.624301235128215 + (0.8456908079177562 * x_1)))))**2) - (-0.0001956583702833587 * (-2.5838719309788227 + (0.8503387114696592 * x_2)))) * (((143.95667426265834 * (-2.624301235128215 + (0.8456908079177562 * x_1))) - (-123.75230260949621 * ((-2.110059763060847 + (-0.6596320904503274 * (-2.4748604028134427 + (0.8522855070971659 * x_0)))))**2)) + (0.9211434974624213 * (-2.624301235128215 + (0.8456908079177562 * x_1)))))) - (-3.6840863743844956 * (-2.5838719309788227 + (0.8503387114696592 * x_2)))))
feynman_II_38_14,ok,2,64,2,BFGS,0.9434039456771264,0.05405950758130589,22,78.96,,0.001,(0.06409608093232075 + ((0.7013550651031875 * inv((2.3103193697105557 + (0.7644263539580818 * (-2.680159988684729 + (0.8643223760263921 * x_1)))))) - (-0.16233207378446476 * (-2.5507774690309435 + (0.8335657750653932 * x_0)))))
feynman_II_38_3,ok,4,128,3,BFGS,0.9038939178620892,2.7453073334568394,90,158.33,,0.001,(0.5131154789351036 + (((10.74375160691514 * inv((3.581089475903598 + (-0.8500907653634271 * (-2.697549234125539 + (0.8870470474820004 * x_2)))))) - (((0.5244842987193761 * exp((2.570740186684529 + (0.06756523737536302 * (-2.495679074949545 + (0.8362537246328503 * x_0)))))) - (0.23697197027903882 * (-2.616783341122097 + (0.8781832314186395 * x_3)))) - (15.489803399627334 * (inv((1.1101365975515973 + (0.34013711569486693 * (-2.697549234125539 + (0.8870470474820004 * x_2))))) * ((0.16126171242961973 * exp((0.7277048415368408 + (0.59499977150577 * (-2.616783341122097 + (0.8781832314186395 * x_3)))))) - ((-0.23030831509625105 * (-2.5857619137828576 + (0.8827117374437846 * x_1))) - (0.2981393712511158 * (-2.495679074949545 + (0.8362537246328503 * x_0))))))))) + (3.7670216459016235 * inv((0.6272909432574123 + (0.23040988679912155 * (-2.697549234125539 + (0.8870470474820004 * x_2))))))))
feynman_II_3_24,ok,2,32,1,BFGS,0.9746065842783257,0.00927582684463239,111,53.15,,0.001,(-0.02017669849898176 + ((0.7145458585822424 * inv((14.33638755517607 + (0.033504451515454434 * (((0.09448174612925592 * ((3.850889751590792 * inv((0.48845126928350635 + (0.11786771700412235 * (-2.4932298491024527 + (0.8505516213027529 * x_1)))))) * (inv((0.1583599370907381 + (2.5627113019233168 * (-2.5176695361224137 + (0.8572007920001259 * x_0))))) * inv(((6.69269432449329 * (-2.5176695361224137 + (0.8572007920001259 * x_0))) - (75.61732382179144 * (-2.5176695361224137 + (0.8572007920001259 * x_0)))))))) - (0.0034142752334492543 * (-2.5176695361224137 + (0.8572007920001259 * x_0)))) * (0.7669752751601266 * inv((1.673724674279228 + (0.6740264971556085 * (-2.4932298491024527 + (0.8505516213027529 * x_1))))))))))) + (0.07884909846692278 * inv((-1.1012972013360192 + (0.6319111067198031 * inv(((-0.23528397355493047 * (-2.4932298491024527 + (0.8505516213027529 * x_1))) - (0.5185853504300961 * ((144.02134082061514 * inv((42.97791395005504 + (0.2580306338292293 * (-2.5176695361224137 + (0.8572007920001259 * x_0)))))) * (-0.03467424345604894 * (-2.5176695361224137 + (0.8572007920001259 * x_0)))))))))))))
feynman_II_4_23,ok,3,128,3,BFGS,0.8420600389175708,0.01369232915826379,94,526.14,,0.001,(0.026186096166646085 + (inv((0.41035974962350025 + (0.07506195847672514 * (-2.6450480349990975 + (0.875105235568507 * x_1))))) * inv((-0.2515833087674472 + (0.6235860937138598 * (inv((((0.28454735230369377 * (-2.6450480349990975 + (0.875105235568507 * x_1))) + (1.040409771263282 * (inv((3.679673580386858 + (0.4287570518438282 * (-2.833389203949172 + (0.92120344499104 * x_2))))) * inv((3.673048701561992 + (104.92297444305343 * inv((1.2487878265063155 + (-1.6049791599217507 * inv((77.33855692966304 + (0.6581556531485593 * (-2.833389203949172 + (0.92120344499104 * x_2)))))))))))))) + (-0.21590860946717472 * (-2.726174070301242 + (0.8855813319350537 * x_0))))) * (-5.96791497096565e-07 * ((-39.80778496917016 * inv((-0.36023810587554017 + (0.2383251251101532 * (-2.833389203949172 + (0.92120344499104 * x_2)))))) * inv((6.978924778750387e-07 + (-4.4448980923323304e-07 * (-2.6450480349990975 + (0.875105235568507 * x_1)))))))))))))
feynman_II_6_11,ok,4,256,4,BFGS,0.7287232436209301,0.010169719648030724,46,449.75,,0.001,(-0.008746107362882229 + ((-2.890381471428155 * (inv((-13.607108049429502 + (-5.250546730007684 * (-3.466501049439632 + (1.7135096701193169 * x_3))))) * (-0.05677662057825113 * (-3.423012712168896 + (1.7317141236151294 * x_2))))) + ((-2.2731459418712943 * (-0.002809681875096895 * (-3.466501049439632 + (1.7135096701193169 * x_3)))) + (-0.0010422399863869408 * ((-3.412369198286662 + (1.7449053370848846 * x_1)) * (-3.412369198286662 + (1.7449053370848846 * x_1)))))))
feynman_II_6_15a,ok,6,256,4,BFGS,0.8660345348592684,0.13271921161688796,75,224.11,,0.001,(0.060339819394790176 + ((((-0.06810793206715571 * (-3.478817506470138 + (1.722491710743543 * x_5))) + (-0.07471296517685641 * (((3.095320801157627 * inv((3.8874662686074863 + (-0.055253467791922875 * (-3.587281008481665 + (1.8104534573853899 * x_3)))))) + (0.13185742835522427 * (-3.3402239085436296 + (1.6902763339957814 * x_0)))) * inv((4.157125057634685 + (0.5962570974102352 * (-3.4212794043995127 + (1.7310890036930104 * x_1)))))))) + ((0.06993529536607675 * (-3.478817506470138 + (1.722491710743543 * x_5))) + (0.0791428081090868 * inv((6.056348726668341 + (1.7799205905970545 * (-3.5442362624045955 + (1.7290625791858034 * x_2)))))))) * inv((0.04919595621932839 + (0.022684715635465008 * (-3.5442362624045955 + (1.7290625791858034 * x_2)))))))
feynman_II_6_15b,ok,4,256,4,BFGS,0.7542766849043234,0.01527062989120136,59,424.93,,0.001,(-0.001954588834968317 + ((inv((11.347868236379963 + (73.45549461245011 * inv((-2.996548338521631 + (1.190665502457771 * (-3.5132747487246787 + (1.7460712803704583 * x_0)))))))) * ((1.2581849819814095 * (-3.574168123804971 + (1.7856360285208566 * x_2))) + ((10.74436192069344 * inv((165.76359117971214 + (0.5465860233738005 * (-3.5132747487246787 + (1.7460712803704583 * x_0)))))) + (-1.1375242101846523 * (-3.574168123804971 + (1.7856360285208566 * x_2)))))) * (0.2609415612540278 * inv((0.5350985615068071 + (0.2873518732969276 * (-3.6124386164696762 + (1.7575565979989267 * x_3))))))))
feynman_II_8_31,ok,2,32,1,BFGS,0.9700326870522815,2.2275793117731055,116,14.01,,0.001,(-0.6978030129712065 + (((179.08187811391736 * ((-0.3074265724717357 + (0.026504352358756804 * (-2.752389043981485 + (0.9048032319317431 * x_0)))))**2) - (8.575227282683954 * ((((1.0368102410560471 * (exp((-3.24035340602637 + (0.5054860403734959 * (-2.752389043981485 + (0.9048032319317431 * x_0))))) * ((-0.016028151850639737 * (-2.752389043981485 + (0.9048032319317431 * x_0))) - (0.04604391088709035 * ((0.20278630785852225 + (-0.38853791324122117 * (-2.752389043981485 + (0.9048032319317431 * x_0)))))**2)))) - (2.224872179695209e-07 * ((-0.025140463196655104 + (0.23557009086685143 * inv(((3.551912618737676 * (-2.653907254924258 + (0.8509274823888617 * x_1))) - (3.549752418638084 * (-2.653907254924258 + (0.8509274823888617 * x_1))))))))**2)) - (2.839648133596958 * ((0.49176115860286296 + (0.08924386553666142 * (-2.752389043981485 + (0.9048032319317431 * x_0)))))**2)) * (1.6715174315618568 * (-2.653907254924258 + (0.8509274823888617 * x_1)))))) - (0.0004087392538529612 * (((-29.696972952312542 + (0.37987337139252875 * (-2.752389043981485 + (0.9048032319317431 * x_0)))))**2 * (-24.290906431837378 * (-2.752389043981485 + (0.9048032319317431 * x_0)))))))
feynman_II_8_7,ok,3,128,3,BFGS,0.9028573990206141,0.028781568218532803,117,119.03,,0.001,(0.0747771034753228 + (((-0.30096733818455335 * inv(((-6.399386395462496 * inv((-4.237350672865994 + (0.516300436613556 * (-2.817692762706578 + (0.922060438168705 * x_0)))))) + (-0.27231523075994457 * (inv((12.222984293746006 + (12.157276776007603 * (-2.669435878248962 + (0.9227695518217146 * x_2))))) * (-10.378982080006605 * (0.37135532098848634 * inv((80.57041738565887 + (11.940557183119228 * (-2.6690271729427253 + (0.8807282537045857 * x_1)))))))))))) + (-0.2037364145355471 * (inv((30.496973684362548 + (0.5136999194268825 * (-2.6690271729427253 + (0.8807282537045857 * x_1))))) * inv(((0.06589848173975821 * (-2.6690271729427253 + (0.8807282537045857 * x_1))) + (0.5906543302150877 * inv((0.9952755521634731 + (2.4002928886460246 * (-2.817692762706578 + (0.922060438168705 * x_0))))))))))) * ((-0.20128644274413449 * (-2.817692762706578 + (0.922060438168705 * x_0))) - ((0.1469619250739787 * inv((16.632663387656827 + (0.1810087691793848 * (-2.6690271729427253 + (0.8807282537045857 * x_1)))))) - ((0.12226270678132664 * (-2.669435878248962 + (0.9227695518217146 * x_2))) + (0.08156090875239219 * (-2.6690271729427253 + (0.8807282537045857 * x_1))))))))
feynman_I_10_7,ok,3,32,1,BFGS,0.9907752041268216,0.11363685405503253,46,36.34,,0.001,(3.119908467946413 + ((0.2412284054177729 * inv(((-0.8274874081815531 * (-5.100574389259935 + (3.343197439644897 * x_1))) + ((2.023474425447886 * inv((7.899038939743541 + (-0.44568764480726886 * (-3.468260823868103 + (0.5144108989083627 * x_2)))))) - (1.3647762776074712 * inv((0.4367540470940283 + (0.10867642434082442 * (-3.468260823868103 + (0.5144108989083627 * x_2)))))))))) - (-1.1768335048746974 * (-2.588106740665522 + (0.887566173182724 * x_0)))))
feynman_I_11_19,ok,6,128,3,BFGS,0.9333710917971111,2.3782034778289756,104,198.03,,0.001,(0.7920816262954479 + ((-15.840335163988138 * inv((73.03497601872132 + (2.4967670406848175 * (-2.4909796979027035 + (0.8495365704084542 * x_1)))))) - ((0.10966041596268811 * ((((20.494630161098677 * exp((-0.5985328167923119 + (0.16853237244951658 * (-2.7479829985177977 + (0.8948864386578299 * x_3)))))) - (-1.5984154625554612 * (-2.695030893403317 + (0.8307952953518407 * x_5)))) - inv((13.280190019307781 + (127.97839236851334 * (-2.6471928306298094 + (0.885966881026239 * x_4)))))) * (-8.818167645404163 * exp((0.8755174871077762 + (0.13190934318763517 * (-2.676096923467062 + (0.9079286415109341 * x_2)))))))) - ((((3.6030591954517632 * (-2.4909796979027035 + (0.8495365704084542 * x_1))) - (-3.8674510710609913 * (-2.4827020613216004 + (0.8474431728639252 * x_0)))) - (1.312758692121303 * (-2.7479829985177977 + (0.8948864386578299 * x_3)))) + (4.690073596389677 * (exp((-0.39866929739434914 + (-0.010940767944566497 * (-2.6471928306298094 + (0.885966881026239 * x_4))))) * (-2.6471928306298094 + (0.885966881026239 * x_4))))))))
feynman_I_12_1,ok,2,32,1,BFGS,0.9648158362777637,0.9440269948046307,114,22.73,,0.001,(7.298249341594353 + ((0.22485472478038693 * (((-0.39000280491347616 * (-2.566602023658053 + (0.8997949016063425 * x_0))) - (4.098866314060485 * inv((5.497971138029627 + (0.05842131317561344 * inv(((52.539067597913785 * (-2.566602023658053 + (0.8997949016063425 * x_0))) - (4.433010419315057 * inv((1.3276572509674525 + (7.17542600382775 * (-2.566602023658053 + (0.8997949016063425 * x_0))))))))))))) * (((1.2600642544594152 * (-2.878930580317207 + (0.928002407756839 * x_1))) - (0.921973440002425 * inv((0.09397115807216691 + (0.04806827095243146 * (-2.566602023658053 + (0.8997949016063425 * x_0))))))) - ((14.499465890095713 * (-2.878930580317207 + (0.928002407756839 * x_1))) - (77.26039308158167 * (inv((-0.07473337320754136 + (1.5124377851957553 * (-2.566602023658053 + (0.8997949016063425 * x_0))))) * (0.004192476222800309 * inv(((5.084399755762986 * (-2.566602023658053 + (0.8997949016063425 * x_0))) - (59.69493701585695 * inv((0.2614194650874576 + (29.314221076536576 * (-2.566602023658053 + (0.8997949016063425 * x_0))))))))))))))) - (-3.4919006161057426 * (-2.566602023658053 + (0.8997949016063425 * x_0)))))
feynman_I_12_11,ok,5,128,3,BFGS,0.757736181322786,12.564896847812204,110,356.03,,0.001,(16.548212197096888 + ((inv((2.512278254204925 + (0.3684926726018447 * (-2.5860302835261004 + (0.8650529647164638 * x_4))))) * ((((-2.5860302835261004 + (0.8650529647164638 * x_4)) + exp((-0.1554152900282031 + (0.089627359137323 * (((0.15340332379449906 * exp((0.5014805956376744 + (1.131355488583588 * (-2.6603944928985346 + (0.9006524322203873 * x_2)))))) - (-3.514475798010391 * (-2.6603944928985346 + (0.9006524322203873 * x_2)))) + (15.628278634411998 * (-2.5860302835261004 + (0.8650529647164638 * x_4)))))))) - (0.32023181820378954 * (-2.6846738802725283 + (0.8727114307740083 * x_1)))) + (((-0.4306410289275524 * (-2.577161210079287 + (0.8594599513383012 * x_3))) - (0.5761377950900559 * (-2.7336069787470243 + (0.8973963259979115 * x_0)))) - (0.22267523689985746 * inv((18.143537099096193 + (-4.004921900805471 * (-2.577161210079287 + (0.8594599513383012 * x_3))))))))) * ((5.2940179728083585 * (-2.5860302835261004 + (0.8650529647164638 * x_4))) - (14.422703426826729 * exp((0.3495758506531734 + (0.2678312302099092 * (-2.577161210079287 + (0.8594599513383012 * x_3)))))))))
feynman_I_12_2,ok,4,256,4,BFGS,0.74757870220892,0.059249156688536975,111,340.65,,0.001,(0.049502736756519464 + (((0.052861812870431346 * (-2.617184116087947 + (0.8521397663891764 * x_1))) + (0.5100878514201237 * inv((1.9198793776330318 + (0.8497661819561579 * (-2.5317902960514966 + (0.853150896025948 * x_3))))))) * ((0.08739377891621689 * (-2.617184116087947 + (0.8521397663891764 * x_1))) - (0.053591203950287644 * (((15.544232459503469 * (-2.8539742313544565 + (0.9239149687966296 * x_0))) + (31.81365393269654 * inv((-0.1875883678689957 + (0.09039134596491649 * inv((0.04887908501818582 + (-0.031046565559907466 * (-2.556480029432039 + (0.8349043469624741 * x_2)))))))))) * (0.10530511077802457 * inv((((0.7340758668945206 * exp((-0.40412943393584455 + (0.6969892398615323 * (-2.5317902960514966 + (0.853150896025948 * x_3)))))) + (0.5455803543180098 * inv((0.4491450462884965 + (0.40312544012099727 * inv(((0.24416119697700311 * (-2.5317902960514966 + (0.853150896025948 * x_3))) + (0.3063428860107449 * (-2.617184116087947 + (0.8521397663891764 * x_1)))))))))) + (0.27636064892402534 * inv((0.3139234110992354 + (0.4988227689346496 * (-2.5317902960514966 + (0.853150896025948 * x_3))))))))))))))
feynman_I_12_4,ok,3,256,4,BFGS,0.7928939773750375,0.011168142560269313,23,237.13,,0.001,(-0.011938739498363434 + (inv((14.61330880441813 + (3.993341591946333 * (-2.506670832800553 + (0.8357722543545856 * x_1))))) * inv((3.1217453866639704 + (1.3286154231860943 * (-2.6386330449565643 + (0.8571845166463317 * x_2)))))))
feynman_I_12_5,ok,2,32,1,BFGS,0.941744628341814,1.1767613150762528,30,21.97,,0.001,(8.720882754280389 + ((3.1610422287057274 * (-2.7429584544718253 + (0.9245535089554948 * x_1))) - ((-4.0862787287716555 * inv((30.8876136708206 + (-16.148927144539755 * (-2.7429584544718253 + (0.9245535089554948 * x_1)))))) - (3.2063122330931364 * (-2.643473215745853 + (0.8815481695584527 * x_0))))))
feynman_I_13_12,ok,5,64,2,BFGS,0.8134728279089316,4.195927382988914,106,272.81,,0.001,(-7.911943847538764 + (((0.19199817068653838 * (-2.7093703865142946 + (0.8748960358981902 * x_2))) + (0.933395871088711 * (((0.4830684114772261 * exp((-1.1586309708586202 + (-0.7621131948608726 * (-2.5612832345666563 + (0.8379805705041466 * x_3)))))) + (-0.05924503079301064 * (-2.668801708030412 + (0.8819198439156285 * x_0)))) * exp((0.6269620033218175 + (-0.001601922251692409 * (-2.7093703865142946 + (0.8748960358981902 * x_2)))))))) * (1.2754640581153711 * ((((1.7057848952369287e-06 * ((-2.5612832345666563 + (0.8379805705041466 * x_3)) * inv((-0.11118942517123286 + (172.76768510617995 * (0.0009215302938485551 * exp((-0.35895859446510614 + (-1.5291762919536946e-05 * (-2.5612832345666563 + (0.8379805705041466 * x_3))))))))))) + (1.154179396261844 * inv((0.1103549401657291 + (-0.01893075803319532 * (-2.384599847508499 + (0.8257596665344117 * x_4))))))) + inv((273.6169797874726 + (6.091993527980629 * (-2.7093703865142946 + (0.8748960358981902 * x_2)))))) * exp((0.5589061102342459 + (0.34043133864053154 * (-2.668801708030412 + (0.8819198439156285 * x_0)))))))))
feynman_I_13_4,ok,4,64,2,BFGS,0.933774090652282,6.576922215428191,59,70.21,,0.001,(-0.7339041070359207 + ((1.3931085995680892 * exp((2.6732670734884865 + (0.5104781542220871 * (-2.5379950056480767 + (0.8946994347622791 * x_3)))))) - ((((7.122307994536181 * (-2.548140169947589 + (0.8525284766606351 * x_2))) - (16.532202822249257 * (-2.7370812263130415 + (0.902756266590703 * x_0)))) - (-2.0587626158441825 * (-2.5379950056480767 + (0.8946994347622791 * x_3)))) - ((6.187840601053015 * exp((1.2214805981012848 + (0.4528228997781172 * (-2.6220737557332443 + (0.8728146501207767 * x_1)))))) - (-17.698326277618268 * (-2.548140169947589 + (0.8525284766606351 * x_2)))))))
feynman_I_14_3,ok,3,64,2,BFGS,0.9530676975208775,3.98645056860297,123,57.20,,0.001,(0.7151146260173684 + (((0.6303322667704385 * ((3.241558648241079 + (0.15654581774338833 * (-2.6760694322662943 + (0.8805989180487918 * x_1)))))**2) - ((0.23554968650333657 * ((-2.428453058567591 + (0.8889549158624802 * x_0)) * (-2.428453058567591 + (0.8889549158624802 * x_0)))) - ((7.267787507595216 * (-2.722875886256813 + (0.8863816221636266 * x_2))) - ((-0.3668127415935578 * ((4.711202949541159 + (0.3580006894825245 * (-2.428453058567591 + (0.8889549158624802 * x_0)))))**2) - (((1.2040250293271675 * sqrt((78.447642030689 + (0.22051904881356077 * (-2.428453058567591 + (0.8889549158624802 * x_0)))))) - ((((0.36301623044840636 * ((4.6596450972296015 + (-0.041543559713206946 * (-2.722875886256813 + (0.8863816221636266 * x_2)))))**2) - (-0.00035560441087209745 * ((0.06856416434989461 + (1.4634044694039283 * (-2.6760694322662943 + (0.8805989180487918 * x_1)))))**2)) - (5.944346115356858 * (-2.6760694322662943 + (0.8805989180487918 * x_1)))) + (-2.722875886256813 + (0.8863816221636266 * x_2)))) - (1.0196458984789503 * (-2.428453058567591 + (0.8889549158624802 * x_0)))))))) * (0.7949182920346485 * ((1.313425016154007 + (0.29118856798081016 * (-2.428453058567591 + (0.8889549158624802 * x_0)))))**2)))
feynman_I_14_4,ok,2,32,1,BFGS,0.9778488453019935,1.9711679207204758,93,22.53,,0.001,(0.12330690840970304 + ((0.003309320342127697 * (((1.8142630985629795 * exp((11.701702503505146 + (0.4978992405826558 * (-2.630906588185309 + (0.8633123577016952 * x_1)))))) - ((2.079266533327626 * (-2.626437502441532 + (0.8816095514609437 * x_0))) + (62.10611147484158 * (-2.630906588185309 + (0.8633123577016952 * x_1))))) * inv((40.3370762826018 + (-9.769781759333227 * (-2.626437502441532 + (0.8816095514609437 * x_0))))))) - ((30.780089588025355 * inv((5.0989134584142 + (0.42252239135260594 * (-2.630906588185309 + (0.8633123577016952 * x_1)))))) + ((1.5528394668310577 * inv((64.96815867403078 + (0.5611902872491445 * inv(((52.00303315251452 * (-2.626437502441532 + (0.8816095514609437 * x_0))) - (-0.7835086162090903 * (-2.626437502441532 + (0.8816095514609437 * x_0))))))))) - (5.658131909115843 * exp((-2.7171391339674216 + (0.07909356227861546 * (-2.630906588185309 + (0.8633123577016952 * x_1))))))))))
feynman_I_15_10,ok,3,64,2,BFGS,0.9521596963498666,0.4411907128733779,17,145.03,,0.001,(4.758682807180167 + ((0.9461611714324774 * (-5.457180456861609 + (3.6446002602554834 * x_1))) - (-1.8464332101014689 * (-2.644856021421248 + (0.8646173589431646 * x_0)))))
feynman_I_15_3t,ok,4,32,1,BFGS,0.9944715968861975,0.08964215408558586,20,25.39,,0.001,(2.7646430225079275 + ((1.20229545058532 * (-2.419137422785296 + (0.862311797425404 * x_3))) + inv((4125423170407664.0 + (4171874301128488.0 * (-5.192961335421972 + (3.487532856832522 * x_2)))))))
feynman_I_15_3x,ok,4,32,1,BFGS,0.9094303003020258,0.49540933907013696,71,12.41,,0.001,(5.36080279415976 + (((-0.8515422362350384 * inv((0.5959844629333035 + (18.40778248332699 * (-5.406940417278592 + (3.651746841581515 * x_3)))))) - ((1.4174383291288737 * (inv((199.52251564555093 + (-0.262021214415152 + (-1.8479470899110764 * (-2.178268316616358 + (0.18522376390576137 * x_2)))))) * (-214.4846589673408 * (-5.31046149851653 + (0.7020053706524357 * x_0))))) - (0.823681855415026 * inv((8.127569200151491 + (0.14195489414996904 * (-2.178268316616358 + (0.18522376390576137 * x_2)))))))) - ((0.3914610028978195 * (-5.10499948290293 + (3.3738543444755535 * x_1))) - (0.18298766861607352 * inv((0.22569169246885312 + (6.411169112298511 * (-5.406940417278592 + (3.651746841581515 * x_3)))))))))
feynman_I_16_6,ok,3,32,1,BFGS,0.9388661954415999,0.2972445743349528,47,14.75,,0.001,(2.6293642628001015 + (((1.1702937942542122 * (-2.338683200901609 + (0.839476836958178 * x_0))) - (0.6066422301393225 * ((-2.550087265129937 + (0.8894335703382671 * x_1)) * inv(((4.790227087248901 * (-2.338683200901609 + (0.839476836958178 * x_0))) - (13.619593161467392 * exp((0.24628362830060185 + (0.6473335585264919 * (-2.7471278243839246 + (0.9079909650983548 * x_2))))))))))) + (0.014686559999496421 * (-2.7471278243839246 + (0.9079909650983548 * x_2)))))
feynman_I_18_12,ok,3,128,3,BFGS,0.8078876131412628,3.044684662423404,116,207.86,,0.001,(6.456722250918062 + ((0.4645686526244772 * (-2.421696017227875 + (0.8519542273871007 * x_0))) + (((0.13903357650877302 * exp((0.4283058399555406 + (0.2073688690107856 * (-2.548286892362978 + (0.86026417115375 * x_1)))))) - (0.6428443839290856 * exp((-0.8381788131996379 + (-0.9419226462654033 * (-1.725396682298155 + (0.6944642421502414 * x_2))))))) + ((-1.6107003558149313 * inv((0.34247632501980485 + (0.14013820139720834 * (-1.725396682298155 + (0.6944642421502414 * x_2)))))) - (0.649779972241713 * (((7.123462552970878 * exp((0.31885200158298765 + (0.20694019972492894 * (-2.421696017227875 + (0.8519542273871007 * x_0)))))) - (0.022920362300647493 * (-1.725396682298155 + (0.6944642421502414 * x_2)))) * ((0.4810580079850232 * ((1.4957490994443545 + (0.8509959273965053 * (-1.725396682298155 + (0.6944642421502414 * x_2)))))**2) - ((0.655374253585286 * (-2.548286892362978 + (0.86026417115375 * x_1))) - (0.01204870708488693 * inv(((0.002618081201742446 * (-2.548286892362978 + (0.86026417115375 * x_1))) - (0.019346476844435377 * ((0.6356588647041923 + (0.2482809534279345 * (-2.548286892362978 + (0.86026417115375 * x_1)))))**2))))))))))))
feynman_I_18_14,ok,4,256,4,BFGS,0.8953592072976307,8.253480566578226,99,351.58,,0.001,(0.6805262778302583 + (exp((-1.7430525443181932 + (0.3850065356684873 * (-2.613124523709804 + (0.8658355855259678 * x_2))))) * (((8.337717809643951 * exp((0.39630435323571855 + (0.4552941841570287 * (((-2.2850499243724944 + (0.22235630290810282 * (-2.6321438473229772 + (0.8768714116868315 * x_1)))))**2 * exp((0.09134335339757699 + (-0.10688213244619424 * (-2.6000499735222258 + (0.8575648261012243 * x_0)))))))))) - ((3.30695733826027 * inv((5.176106380513593 + (0.5226849628254409 * (-2.6000499735222258 + (0.8575648261012243 * x_0)))))) - (((0.044843516608998824 * (-2.6321438473229772 + (0.8768714116868315 * x_1))) - (6.867630465255525 * ((0.5531005626198691 + (10.84887756135025 * ((0.837803490545028 + (0.006195048588607676 * (-2.7962163559154027 + (0.9041044335611569 * x_3)))))**2)))**2)) + exp((0.05816162559945576 + (0.6345503399413264 * (-2.613124523709804 + (0.8658355855259678 * x_2)))))))) * (0.4200090157427724 * (-2.7962163559154027 + (0.9041044335611569 * x_3))))))
feynman_I_18_4,ok,4,32,1,BFGS,0.9500840271890132,0.19818022452829145,88,16.92,,0.001,(1.1624587844819163 + ((((0.862167078155113 * (-2.604761631720367 + (0.8569951062057086 * x_2))) - (-1.0223867433725302 * exp((0.612429119215085 + (-0.15396740086661742 * (-2.604761631720367 + (0.8569951062057086 * x_2))))))) - (-0.5519708801140435 * (-2.8149539998910376 + (0.9007791820199235 * x_3)))) + (-0.010556008177543326 * ((-2.6157150245109952 + (0.8800441601899178 * x_1)) * ((-16.936733515986887 * (-2.8149539998910376 + (0.9007791820199235 * x_3))) + (-0.5779440784278733 * (((15.092824109648646 * (-2.6157150245109952 + (0.8800441601899178 * x_1))) - ((37.41497936276076 * inv((107.6477215295215 + (-0.35686400554820263 * (-2.664498595282067 + (0.8920120394009231 * x_0)))))) - (-34.03328534339461 * (-2.8149539998910376 + (0.9007791820199235 * x_3))))) * inv((4.520238146879429 + (1.0530386138615455 * (-2.8149539998910376 + (0.9007791820199235 * x_3))))))))))))
feynman_I_24_6,ok,4,256,4,BFGS,0.9383954435981177,3.659452048851102,117,376.62,,0.001,(51.222575663780276 + ((((0.2736388505627496 * (-3.528758604253555 + (1.7555246602223264 * x_1))) + (14.452365135116196 * inv((4.064056859850709 + (-0.03405453970765582 * (-3.6425304974630017 + (1.7917824686289467 * x_2))))))) + (0.37945283309198086 * (-3.567613329038069 + (1.7349021460027578 * x_3)))) * ((6.123199422510176 * (-3.567613329038069 + (1.7349021460027578 * x_3))) + ((10.048213978232688 * inv((0.5101305889917325 + (-0.051004397993495154 * (-3.528758604253555 + (1.7555246602223264 * x_1)))))) - (10.386451141179222 * inv(((10.467466276611471 * inv((0.3318336074340089 + (6.466806671863189 * (inv((3.6057766882627575 + (0.008218792524758146 * (-3.567613329038069 + (1.7349021460027578 * x_3))))) * ((31.09196669940073 * inv(((0.34962041498512764 * ((0.5179296454328541 + (0.3044146002130398 * (-3.4568449343419667 + (1.721945283087779 * x_0)))))**2) - (-0.09385772630091871 * (-3.6425304974630017 + (1.7917824686289467 * x_2)))))) - (0.6120173483871707 * (-3.6425304974630017 + (1.7917824686289467 * x_2))))))))) + (0.858286452740765 * inv((2.5617454931789325 + (0.20192592039412427 * (-3.567613329038069 + (1.7349021460027578 * x_3)))))))))))))
feynman_I_25_13,ok,2,32,1,BFGS,0.9182706481656474,0.23645953887278334,35,22.48,,0.001,(-0.03212645528638182 + ((0.536118841320563 * inv((0.5320321254181707 + (0.22036056765927362 * (-2.400742498290202 + (0.8003923054356457 * x_1)))))) + ((-0.3031335767766776 * inv((87.20148204985456 + (4.776152442790481 * (-2.400742498290202 + (0.8003923054356457 * x_1)))))) - (-0.4738845139793427 * (-2.5512487222767346 + (0.8665706977286725 * x_0))))))
feynman_I_26_2,ok,2,64,2,BFGS,0.9529638296018647,0.10475284362307459,54,89.41,,0.001,(-0.0611397586740936 + ((-0.0504559216911582 * (inv((0.32077178836600695 + (0.008168032344197516 * (-1.564164953504747 + (3.41799237175793 * x_0))))) * ((-4.6490210550029545 * inv((5.813380567139223 + (-5.995255028469444 * ((-1.564164953504747 + (3.41799237175793 * x_0)) * inv((5.106669153783471 + (-0.4485987174976074 * (-1.564164953504747 + (3.41799237175793 * x_0)))))))))) - (66.92744068906728 * (-2.401625007900688 + (0.840568848454874 * x_1)))))) - (10.916064344897869 * (-2.401625007900688 + (0.840568848454874 * x_1)))))
feynman_I_27_6,ok,3,128,3,BFGS,0.9036350022285268,0.12418934476146125,93,95.85,,0.001,(0.6796477586025791 + (((0.029903870585897302 * (-2.3985862823410833 + (0.8064518581298143 * x_1))) + (-0.03318165346080594 * (-2.7198734845172403 + (0.8655823842985322 * x_2)))) * (((61.44970297554382 * inv((8.849507615787662 + (-2.0137339116242385 * (-2.5212812957632926 + (0.8269424556449783 * x_0)))))) - (1.8792025576360984 * (-2.7198734845172403 + (0.8655823842985322 * x_2)))) + inv((5.200296713413584 + (0.2906360373469439 * (((9.669788025878214 * inv((0.5378334537246323 + (49.157694916108554 * (-2.7198734845172403 + (0.8655823842985322 * x_2)))))) - inv((4.0464410004182065 + (0.04912196771130117 * (-2.5212812957632926 + (0.8269424556449783 * x_0)))))) * ((0.9926630577802928 * inv((0.4549737833711208 + (0.4143480448445348 * inv((118.82073530833517 + (0.041791195910526865 * (-2.3985862823410833 + (0.8064518581298143 * x_1))))))))) - (0.5318275793051637 * (-2.7198734845172403 + (0.8655823842985322 * x_2)))))))))))
feynman_I_29_16,ok,4,256,4,BFGS,0.5953292782550867,1.2767865152683853,52,276.70,,0.001,(2.569823176553954 + (((-1171831.0493269335 * inv((179522400.7846596 + (1426381.138401603 * (-2.6705100830629784 + (0.8888164274402005 * x_1)))))) - ((0.43527072756935475 * (-2.585674534025608 + (0.8767406575303234 * x_3))) - (-2.4962836392515335 + (0.8671704050930179 * x_2)))) * (((-2249006.1704969862 * (-2.585674534025608 + (0.8767406575303234 * x_3))) - (-2249005.067824846 * (-2.585674534025608 + (0.8767406575303234 * x_3)))) - (-0.6080080234093672 * (-2.4962836392515335 + (0.8671704050930179 * x_2))))))
feynman_I_29_4,ok,2,128,3,BFGS,0.9146123783069152,0.37730117029695315,85,139.32,,0.001,(0.5313013505303426 + ((-0.5023438185784936 * (-2.1650620520807715 + (0.38592391333961634 * x_0))) - ((-4.0944572860914704e-05 * inv((0.0011291389169596324 + (0.5536494775716427 * ((((0.032158790573827395 * (-2.1650620520807715 + (0.38592391333961634 * x_0))) - (0.9080158304758765 * inv(((3.303163655513643 * inv((0.8816453220827003 + (0.10950630818154367 * (-2.1650620520807715 + (0.38592391333961634 * x_0)))))) - (1.1382624122015335 * inv((8.761125604871857 + (1.0447459983497769 * (-1.9951431992266675 + (0.3861777173669346 * x_1)))))))))) - (-7.934320116298791e-05 * inv((0.07960787846807704 + (51.36091185337111 * (-1.9951431992266675 + (0.3861777173669346 * x_1))))))) * (0.06200389368302239 * inv((8.028914920752023 + (0.16229502563709353 * (-1.9951431992266675 + (0.3861777173669346 * x_1))))))))))) - (-2.1650620520807715 + (0.38592391333961634 * x_0)))))
feynman_I_30_3,ok,3,128,3,BFGS,0.39407559530831193,1.7879000030216041,81,366.13,,0.001,(1.8653614877282325 + ((((0.2968378659707511 * inv((0.7695105646322971 + (-0.41946959535148 * (-2.713917252913514 + (0.9120507374530804 * x_1)))))) - (1.1912277073157798 * (-2.713917252913514 + (0.9120507374530804 * x_1)))) - (5.590234437680657 * inv((-1.1952602909117713 + (67.21782661981871 * (inv(((0.31932635660212527 * (-2.7051468847223092 + (0.8846863425384316 * x_0))) - (0.015615137291246136 * ((1.7159928734456535 + (5.611256476922465 * (-2.461202600763884 + (0.8634250264942191 * x_2)))))**2))) * inv(((2.0324040301033186 * (-2.7051468847223092 + (0.8846863425384316 * x_0))) - (-7.796900572836943 * (-2.7051468847223092 + (0.8846863425384316 * x_0))))))))))) * inv((3.1453102361706353 + (0.38174543908221803 * (4.048600163089349 * (-2.713917252913514 + (0.9120507374530804 * x_1))))))))
feynman_I_30_5,ok,3,256,4,BFGS,0.902537099570362,0.04363272222174691,108,218.01,,0.001,(0.07153202613604542 + (((-0.07374682158206927 * (-2.503496805650597 + (0.8524201121194467 * x_2))) + (((0.32905266909358677 * inv((2.296961878393877 + (0.33466286039061854 * ((0.5163754533535161 * (-4.072826686636155 + (1.186008527663161 * x_1))) + (0.25155575547130105 * (((4.172359083079025 * inv((1.5482708058216739 + (-0.5180869089001892 * (-4.072826686636155 + (1.186008527663161 * x_1)))))) - (1.3961272071541897 * (-2.503496805650597 + (0.8524201121194467 * x_2)))) * inv(((0.018741124335857826 * (-5.1465134878527214 + (3.4065737547807147 * x_0))) + (21.02816733590724 * inv((-1.7196169624952944 + (53.727874894816864 * (-4.072826686636155 + (1.186008527663161 * x_1))))))))))))))) - (0.6142332849406063 * ((-1.2288721482046983 * inv((0.8574177336437996 + (56.78788459883191 * (-2.503496805650597 + (0.8524201121194467 * x_2)))))) * (-2.147998356449296 * (-2.503496805650597 + (0.8524201121194467 * x_2)))))) + (-0.942374203065242 * (-5.1465134878527214 + (3.4065737547807147 * x_0))))) + (0.9767689904304193 * (-5.1465134878527214 + (3.4065737547807147 * x_0)))))
feynman_I_32_17,ok,6,64,2,BFGS,0.8868691558446687,1.725108739696699,130,317.53,,0.001,(0.06966362397878648 + (((((((38.78827648169187 * ((0.21094569629103888 * (-5.22090641103695 + (3.5546784205957644 * x_2))) + (0.32397409955050627 * exp((1.0560281591521754 + (0.3400495136880106 * (-5.377145912979087 + (3.5490731972883967 * x_4)))))))) + (-0.1251349194080255 * exp((5.172040638492458 + (0.10125043911479553 * (-7.094423785619939 + (1.79517298980545 * x_5))))))) + ((((4.090196641949417 * (-5.764932660258052 + (3.78687650449493 * x_1))) - (6.211180655752294 * inv((0.41979812617857826 + (49.0339208436022 * (-7.094423785619939 + (1.79517298980545 * x_5))))))) + (-0.3987439572294269 * (-5.167560062937342 + (3.539922280882652 * x_0)))) * (0.27050757997800967 * (-5.377145912979087 + (3.5490731972883967 * x_4))))) + (13.684298605851168 * (-5.422314254425465 + (3.6430504379238773 * x_3)))) + inv((3.2858015082828693 + (3.2236776057778966 * (-5.377145912979087 + (3.5490731972883967 * x_4)))))) - (0.42685655621204877 * (-7.094423785619939 + (1.79517298980545 * x_5)))) * ((0.10231376326151376 * inv((1.4514726168288599 + (0.7566849891674332 * (-7.094423785619939 + (1.79517298980545 * x_5)))))) - ((-0.06206345921698604 * (-5.377145912979087 + (3.5490731972883967 * x_4))) + (0.00634036860885762 * (-5.377145912979087 + (3.5490731972883967 * x_4)))))))
feynman_I_32_5,ok,4,256,4,BFGS,0.8211980086568459,0.2720917764024933,91,428.12,,0.001,(0.03277893690969662 + (exp(((0.6338581087261796 * exp((1.2704441893267844 + (-0.5257869697711612 * (-2.7279182964428794 + (0.9289890799688245 * x_3)))))) + ((-0.14597979313067827 * (-2.5204631409860694 + (0.8420799699938597 * x_2))) + (0.16410991665993785 * ((-1.8512022680741849 * inv((1.380451397166754 + (-0.6427873274168427 * (-2.7279182964428794 + (0.9289890799688245 * x_3)))))) + (1.1276753706409068 * (-2.7279182964428794 + (0.9289890799688245 * x_3)))))))) * (0.009501116421125264 * exp(((0.1571800345411315 * (-2.5999126994662913 + (0.8603722624673278 * x_0))) + (((0.8920027884548773 * (-2.6293091772736408 + (0.8973551875146073 * x_1))) + (-0.04750440476087893 * exp((0.8611895603671329 + (1.1009378369861968 * (-2.5204631409860694 + (0.8420799699938597 * x_2))))))) + (-0.9522514279730667 * inv((-0.025049964259137532 + (29.46730508192738 * (-2.7279182964428794 + (0.9289890799688245 * x_3))))))))))))
feynman_I_34_1,ok,3,32,1,BFGS,0.9204163984342759,0.5252107307152972,64,14.66,,0.001,(0.6941792579189479 + ((0.7789975066854262 * inv((0.2561800682979286 + (0.05352934125357098 * (-3.213191526129124 + (0.49872911299177847 * x_0)))))) - ((2.0603126839642965 * (((92.6163885000444 * inv((0.7076644339714431 + (-0.030443319779245352 * (-5.224059625126184 + (3.4221881154884906 * x_1)))))) - (-0.007159599234667472 * (-2.588994719877589 + (0.8403804552900841 * x_2)))) * (-0.0062407990874611685 * (-2.588994719877589 + (0.8403804552900841 * x_2))))) - (15.522196598228142 * (inv((-0.3378425872310891 + (38.44974026652482 * (-3.213191526129124 + (0.49872911299177847 * x_0))))) * (-3.213191526129124 + (0.49872911299177847 * x_0)))))))
feynman_I_34_14,ok,3,32,1,BFGS,0.9623163266407125,0.2835745454516376,46,14.76,,0.001,(3.9015965208291745 + (((0.03215969203409407 * (-3.4548575752247537 + (0.523026255492135 * x_0))) - (-0.20522786320991288 * inv((-0.20869135021983182 + (1.0556788445309402 * (inv((-0.7707061413487823 + (-1.3454186164218913 * (-3.4548575752247537 + (0.523026255492135 * x_0))))) * inv((1.641183151524894 + (-2.094836077467047e-05 * (-3.4548575752247537 + (0.523026255492135 * x_0))))))))))) + (1.3716058460558511 * (-2.704855709187059 + (0.914044649674877 * x_2)))))
feynman_I_34_27,ok,2,32,1,BFGS,0.9407263940668702,0.2008608737886382,116,21.30,,0.001,(1.1963403607100487 + (((0.5491150226411319 * (-2.534319111975044 + (0.8625028469077035 * x_1))) - (-0.7124182700230095 * (-2.89141769643402 + (0.898356770850574 * x_0)))) - ((0.24427497983206864 * (((0.435546599857211 * inv((0.5439359076006663 + (0.543684631122564 * (-2.89141769643402 + (0.898356770850574 * x_0)))))) - (((0.49390061661433454 * inv((19.380721389759096 + (0.7744475623287701 * (6.6303963464221685 * inv((-67.37568996477157 + (56.76126582077006 * (-2.534319111975044 + (0.8625028469077035 * x_1)))))))))) - ((5.399580377823171 * inv((2.6259476172929573e-06 + (-6.74324646050616e-07 * (-2.534319111975044 + (0.8625028469077035 * x_1)))))) + (9.12404410456574 * (-2.534319111975044 + (0.8625028469077035 * x_1))))) + inv((40.10170484836118 + (0.02331462238978143 * ((-2.89141769643402 + (0.898356770850574 * x_0)) * inv((-0.005276656458460784 + (2.3978829517753573 * (-2.89141769643402 + (0.898356770850574 * x_0))))))))))) * (-5.203392323277354e-07 * exp((0.008712469108205417 + (0.4700867977810652 * (-2.89141769643402 + (0.898356770850574 * x_0)))))))) + (0.32665655998435417 * (-2.89141769643402 + (0.898356770850574 * x_0))))))
feynman_I_34_8,ok,4,32,1,BFGS,0.8535008397633114,4.3731378926647135,126,346.13,,0.001,(6.235914631306075 + (exp((0.00555619683772219 + (-0.4554293136864971 * (-2.7058039597000527 + (0.8963922028654532 * x_3))))) * (((-0.19218187966207723 * (-2.7058039597000527 + (0.8963922028654532 * x_3))) - (((-2.862892831294712e-05 * exp((12.817786705045926 + (0.25915877861810777 * (-2.5134922366209222 + (0.8456834090766008 * x_2)))))) - (-2.9370565152572405 * ((-2.5127584990667504 + (0.8365681778083426 * x_0)) * ((0.041355414958562625 * (-2.5134922366209222 + (0.8456834090766008 * x_2))) - (0.47587834713046295 * exp((0.3211541769392867 + (1.0316694767887826 * (-2.5134922366209222 + (0.8456834090766008 * x_2)))))))))) - (-2.466227921875975 + (0.8316291782707262 * x_1)))) - (((-0.08029573199046855 * inv((1.0337263300912118 + (79.05472481663946 * ((-2.7058039597000527 + (0.8963922028654532 * x_3)) * inv((2.635500405787547 + (0.530548860602513 * (-2.7058039597000527 + (0.8963922028654532 * x_3)))))))))) - (-15.989899429616209 * exp((-0.29881809790549063 + (-0.35395178928138704 * (-2.466227921875975 + (0.8316291782707262 * x_1))))))) - ((0.5323720307772613 * (-2.7058039597000527 + (0.8963922028654532 * x_3))) + (0.16429441721893973 * exp((3.6384397785271645 + (-0.17060116525355912 * (-2.7058039597000527 + (0.8963922028654532 * x_3)))))))))))
feynman_I_37_4,ok,3,32,1,BFGS,0.9401386941629649,0.7225416398475079,107,16.06,,0.001,(0.23190970905257424 + (((0.106808225227705 * (-2.383406815788065 + (0.839276951330772 * x_1))) + (0.6568325455118487 * inv((1.2834153766894678 + (0.05871677109154258 * (-2.764987122967051 + (0.900490337034228 * x_2))))))) * (48.304718827369214 * (inv((0.1252969557839586 + (45.80104865210137 * (inv((0.1525804753775697 + (1.0724729879794217 * (-2.764987122967051 + (0.900490337034228 * x_2))))) * inv((10.50491517163968 + (0.04052990332724847 * inv(((61.524899183634446 * inv((0.34406808600235306 + (11.704249683998583 * (-2.383406815788065 + (0.839276951330772 * x_1)))))) - (0.20897279980529682 * (-2.6571366887356653 + (0.8822946483881516 * x_0)))))))))))) * (1.4644540246143087 * inv((((0.4809690123194492 * (-2.764987122967051 + (0.900490337034228 * x_2))) + (0.00399288612942383 * inv((-0.0004637288085138115 + (0.0017881948937022657 * (-2.764987122967051 + (0.900490337034228 * x_2))))))) + ((0.5813158811299495 * (-2.6571366887356653 + (0.8822946483881516 * x_0))) - (0.4285198302046074 * (-2.6571366887356653 + (0.8822946483881516 * x_0)))))))))))
feynman_I_38_12,ok,4,128,3,BFGS,0.8896537152777322,0.4214111418074279,105,400.19,,0.001,(0.19801819844303614 + ((0.03503113385641739 * exp(((0.3435480246745388 * exp((0.5342853669670768 + (0.4542865161338887 * (-2.6009675945637225 + (0.8457372940431475 * x_3)))))) + (((0.812904231397729 * (-2.698955835159459 + (0.8870284288875848 * x_2))) + (-2.669105088819141 + (0.8929834841209456 * x_1))) - ((-0.0680951693910126 * (exp((1.0181133692484803 + (0.06323978823278342 * (-2.6009675945637225 + (0.8457372940431475 * x_3))))) * (0.8006785959156373 * (((-0.0708941766853716 * (inv((0.38835433852038537 + (-0.0001491515254383167 * (-2.6009675945637225 + (0.8457372940431475 * x_3))))) * (-2.6009675945637225 + (0.8457372940431475 * x_3)))) + inv((2.890573106690848 + (0.5587586788443901 * (-2.5586279912186 + (0.8454003566144559 * x_0)))))) * (35.650761615446626 * (-2.6009675945637225 + (0.8457372940431475 * x_3))))))) - (-2.446267601765154 * (-2.669105088819141 + (0.8929834841209456 * x_1)))))))) + (0.12061701135430292 * exp((0.5670796623364918 + (0.49149177280857814 * (-2.698955835159459 + (0.8870284288875848 * x_2))))))))
feynman_I_39_1,ok,2,32,1,BFGS,0.9986023252358619,0.2744107577574696,103,17.68,,0.001,(-32.61790331979293 + ((3.8917971573438077 * (-2.5210522670128928 + (0.8376322027194677 * x_1))) - ((-11.263008567924423 * exp((1.4126904467675656 + (0.1118288975988494 * (-2.7062751395259212 + (0.8763906451326979 * x_0)))))) - (-0.006808643617634776 * (((-0.8420625641985797 * exp((-193.0086752391819 + (3.3877448305299103 * (-2.7062751395259212 + (0.8763906451326979 * x_0)))))) - (((33.20565752811389 * (-2.7062751395259212 + (0.8763906451326979 * x_0))) - (-158.68454825060041 * inv((8.832719089037866 + (2.2994684643672727 * (-2.7062751395259212 + (0.8763906451326979 * x_0))))))) - (81.03203657370568 * inv(((5.455420859628575 * (-2.5210522670128928 + (0.8376322027194677 * x_1))) - (0.4922592195214316 * ((10.246738943762082 + (1.6859132243645192 * (-2.7062751395259212 + (0.8763906451326979 * x_0)))))**2)))))) * ((-1.7645938010511841 * inv((7.282393786303263 + (289.47375309189465 * (-2.7062751395259212 + (0.8763906451326979 * x_0)))))) - (-11.301404871000127 * (-2.5210522670128928 + (0.8376322027194677 * x_1)))))))))
feynman_I_39_11,ok,3,32,1,BFGS,0.9562836578839808,0.6432300969479364,52,25.57,,0.001,(0.27636249224964426 + ((((1.4304005594459896 * (-2.6135216143256805 + (0.855921153581978 * x_1))) + (1.087948746565508 * (-2.625098388323601 + (0.8546158887138439 * x_2)))) + (1.0445940300358432 * exp((0.9256790440279921 + (0.7096757265230624 * ((-2.6135216143256805 + (0.855921153581978 * x_1)) * inv((-5.657706386146824 + (0.5528908851991454 * (-4.32559571055069 + (1.2368194563105266 * x_0))))))))))) * exp((0.3148219906209624 + (-0.42647590317653505 * (-4.32559571055069 + (1.2368194563105266 * x_0)))))))
feynman_I_39_22,ok,4,128,3,BFGS,0.6872347418278145,5.0638806457168855,100,430.50,,0.001,(3.816322872209126 + ((37.1863200133119 * inv(((3.549300074630862 * exp((0.8793725824350718 + (0.35534306411886485 * (-2.8938465905050474 + (0.9115319998776715 * x_2)))))) - (-1.282761887809853 * (-2.8938465905050474 + (0.9115319998776715 * x_2)))))) + (((-1.999691647766908 * ((-2.7095154921239692 + (0.8898156980890322 * x_0)) * ((0.3594959896094774 * inv(((0.14213102766567842 * (-2.7095154921239692 + (0.8898156980890322 * x_0))) - ((0.3700657915265835 * exp((0.42086217936702 + (0.2834730976695117 * (-2.515464031129917 + (0.8571865699921215 * x_3)))))) - (0.3462939703097765 * (-2.515464031129917 + (0.8571865699921215 * x_3))))))) - inv((1.4034719013204917 + (0.6473333465650382 * (-2.8938465905050474 + (0.9115319998776715 * x_2)))))))) - ((0.6085672480915978 * (-2.8938465905050474 + (0.9115319998776715 * x_2))) - (3.9028858948560163 * (-2.673320419181644 + (0.862997113312146 * x_1))))) - (0.02365918736040304 * (-2.8938465905050474 + (0.9115319998776715 * x_2))))))
feynman_I_40_1,ok,6,256,4,BFGS,0.7367798927572132,0.34446664243559566,74,467.90,,0.001,(0.07280346530912596 + ((0.025573676740232934 * exp((1.5901325148183352 + (0.7311327746622207 * (-2.505577383670409 + (0.8487705948021765 * x_5)))))) + ((0.42202894032373295 * ((exp(((0.05804321642126875 * (-2.632057227943042 + (0.8533082368996687 * x_4))) + ((-0.4594987485847728 * (-2.632057227943042 + (0.8533082368996687 * x_4))) - (0.014211522983910409 * 12.332236795982844)))) + (0.5082730315541135 * (-2.750630136878482 + (0.8784863640556843 * x_0)))) * ((0.2821370380895135 * exp((0.4183440119738424 + (-0.9244300514293164 * (-2.604274673300914 + (0.8774717798506494 * x_2)))))) + (0.4690595511847562 * (-2.7566779457259827 + (0.9431878324167259 * x_3)))))) - (0.2023613265318298 * (-2.685752135038517 + (0.8737632076877316 * x_1))))))
feynman_I_41_16,ok,5,256,4,BFGS,0.9496920627135388,0.6193040486300068,115,450.64,,0.001,(0.05147048875441819 + ((((0.003737199821502199 * (-2.4195199750154344 + (0.8276034912250019 * x_3))) + ((0.0006945585848519217 * (inv((89.94777990435264 + (0.0667546274598256 * (-2.4195199750154344 + (0.8276034912250019 * x_3))))) * (((-40.18736258955137 * (-2.699004118830948 + (0.8588094739086412 * x_2))) + (-6.852704600707751 * (-2.5141252122709137 + (0.8254257004395766 * x_4)))) + (0.02946491612715621 * (-2.4195199750154344 + (0.8276034912250019 * x_3)))))) - (0.020283551270613563 * (-2.7591720371449497 + (0.8901706115839029 * x_0))))) + (-0.5242605029864114 * inv((14.334703693665627 + (1.00064571104754 * exp((0.1867931483636966 + (1.7545278708648109 * (-2.5141252122709137 + (0.8254257004395766 * x_4)))))))))) * ((1.225111991950513 * (-2.7591720371449497 + (0.8901706115839029 * x_0))) - ((-0.5432905210179418 * (-2.7023065522833383 + (0.9018351501921328 * x_1))) - (-19.550163003734028 * exp(((0.5014358902340231 * (-2.4195199750154344 + (0.8276034912250019 * x_3))) + ((0.3747593005177865 * (-2.7023065522833383 + (0.9018351501921328 * x_1))) - (1.3036090486616636 * (-2.5141252122709137 + (0.8254257004395766 * x_4)))))))))))
feynman_I_43_16,ok,4,128,3,BFGS,0.8334147352860334,4.01148600447479,98,444.97,,0.001,(-0.3871141834187093 + (((0.9313158022322616 * exp((1.543996258744599 + (0.593146330530594 * (-2.5325929527992206 + (0.8680939467859502 * x_2)))))) - (0.024490919178361825 * (((1.1942296186342274 * exp((0.4970354498971197 + (0.6644422075136955 * (-2.5275619323503817 + (0.8733293130547708 * x_3)))))) + ((((-26.203321206693985 * (-2.5394232640311034 + (0.8623533219956532 * x_0))) - (9.829277379067015 * exp((1.5415826655892806 + (0.1729644224689274 * (-2.569119086945987 + (0.8611156813888292 * x_1))))))) - (11.963862738361868 * (-2.569119086945987 + (0.8611156813888292 * x_1)))) - (-0.6451938889972606 * exp((-13.052169797500959 + (0.8098495244697359 * (-2.569119086945987 + (0.8611156813888292 * x_1)))))))) * exp((1.2570358764709155 + (-0.9641107682023771 * (-2.5275619323503817 + (0.8733293130547708 * x_3)))))))) + ((1.1045487444433375 * (-2.569119086945987 + (0.8611156813888292 * x_1))) - (-0.26609221395008303 * (-2.5394232640311034 + (0.8623533219956532 * x_0))))))
feynman_I_43_31,ok,3,32,1,BFGS,0.9621644653018389,3.516585793454024,115,15.27,,0.001,(3.4454861784237405 + ((((0.2937194591971891 * (((0.333272188057549 * (((0.017380197771720583 + (0.2523591966306128 * ((6.896149292084697 + (0.2854401790603437 * (-2.766978367774217 + (0.8922886932012777 * x_1)))))**2)))**2 * (3.0101135821005096 * ((2.297469137969374 + (0.37457926827431975 * (-2.620848157697589 + (0.877041434042821 * x_0)))))**2))) - (-2.620848157697589 + (0.877041434042821 * x_0))) * (0.9749803934375838 * ((0.12814353845216586 + (0.02057454297692521 * (-2.5655275384794733 + (0.8491796334579955 * x_2)))))**2))) + ((48.30766339969823 * ((0.1443756259825243 + (0.015732655764131243 * (-2.766978367774217 + (0.8922886932012777 * x_1)))))**2) - (0.31349650142408503 * sqrt((54.05155293914319 + (0.3672979698584051 * (-2.766978367774217 + (0.8922886932012777 * x_1)))))))) + (0.2865235728478527 * (-2.766978367774217 + (0.8922886932012777 * x_1)))) * ((3.0721090790584373 + (-0.36233276829540884 * (((-2.620848157697589 + (0.877041434042821 * x_0)) * (-2.766978367774217 + (0.8922886932012777 * x_1))) * ((0.2929966910446271 + (-0.2640511013287943 * (-2.5655275384794733 + (0.8491796334579955 * x_2)))))**2))))**2))
feynman_I_43_43,ok,4,64,2,BFGS,0.8094377812066715,0.8056832197098159,114,310.70,,0.001,(-3.317630616542372 + ((((0.9060859785556863 * exp((0.718840227388869 + (0.3556703822314795 + (0.45094699607931266 * (-2.721103044426544 + (0.8903757010329937 * x_3))))))) + (((2.07882376706553 * (-2.5887400075603013 + (0.8587029602822143 * x_2))) - (2.3965492983595427 * inv((8.60602505038856 + (80.6499323574823 * (-2.3535395914566313 + (0.8333798952873859 * x_1))))))) + ((0.526330062973015 * (-2.721103044426544 + (0.8903757010329937 * x_3))) - (11.921265178994595 * inv(((-0.12323873427316062 * inv((186.1392449299069 + (-12.300800024828206 * (-2.5887400075603013 + (0.8587029602822143 * x_2)))))) + (25.11009239774819 * (exp((-1.7485694969210832 + (-0.20557732723844868 * (-2.3535395914566313 + (0.8333798952873859 * x_1))))) * (0.1286163535723288 * exp((0.2785255118518264 + (0.12658479022844477 * (-3.9875563203078572 + (1.133381419000807 * x_0)))))))))))))) + (1.5292135654317018 * (-2.3535395914566313 + (0.8333798952873859 * x_1)))) * ((-0.16814835644469373 * (-2.721103044426544 + (0.8903757010329937 * x_3))) - inv((2.723679312284279 + (0.4998231813998939 * (-2.721103044426544 + (0.8903757010329937 * x_3))))))))
feynman_I_44_4,ok,5,128,3,BFGS,0.6594528965773523,13.057544698689055,115,379.64,,0.001,(0.286958939892201 + ((-11.49550198041397 * (-2.672702249888496 + (0.8826010950824924 * x_3))) - ((-11.986592800198004 * (-2.74648864990375 + (0.8845625750500153 * x_4))) - (102.46096192416414 * ((0.1719223455321709 * inv(((1.7860032959356333 * ((-0.11600444603575039 + (1.05768499203073 * (-2.735022369041267 + (0.8893477651640194 * x_1)))))**2) - ((49.96693637372465 * (-2.499546494011863 + (0.8393835285754679 * x_2))) - (-0.047861721111532335 * (((((0.8624655961823988 * inv((6.454239166262239 + (0.5141567975000239 * (-2.499546494011863 + (0.8393835285754679 * x_2)))))) - (0.13531329629455247 * (-2.499546494011863 + (0.8393835285754679 * x_2)))) - ((7.0238711761692905 * (-2.735022369041267 + (0.8893477651640194 * x_1))) - (0.455572341418516 * (-2.74648864990375 + (0.8845625750500153 * x_4))))) + (0.29035652421559277 * (-2.772098215480759 + (0.9125155363496182 * x_0)))) * inv((0.3852236160367405 + (0.21719199770968145 * (-2.74648864990375 + (0.8845625750500153 * x_4))))))))))) * ((0.9410739664973833 * (-2.672702249888496 + (0.8826010950824924 * x_3))) - (-2.74648864990375 + (0.8845625750500153 * x_4))))))))
feynman_I_47_23,ok,3,128,3,BFGS,0.9662307984135521,0.12325933134967668,117,190.78,,0.001,(0.2689060481420116 + ((2.343029461148065 * (((9.185780711234678 * inv(((2.911977033695017 * inv((6.016434598415746 + (52.72849537336887 * (-2.6165659297933477 + (0.8878935966391123 * x_1)))))) + (((18.185185670654803 * inv((1.76514759623117 + (0.5326846926023105 * (-2.6165659297933477 + (0.8878935966391123 * x_1)))))) + (0.105287758365077 * inv((0.13754007071567376 + (0.005520901882728047 * ((inv((46.90683470878945 + (4.459244446363222 * (-2.5724828174692225 + (0.8432476442733219 * x_2))))) * inv((0.022764649138980048 + (0.46225903830287673 * (-2.5724828174692225 + (0.8432476442733219 * x_2)))))) * (0.30375855964800946 * (-2.592997202582427 + (0.837398763532969 * x_0))))))))) + (0.3360031074049502 * (-2.6165659297933477 + (0.8878935966391123 * x_1))))))) + ((0.1943449217156692 * (-2.592997202582427 + (0.837398763532969 * x_0))) - (0.00020664133954494232 * inv((4.4469781127450805 + (4.410889526478279 * (-2.5724828174692225 + (0.8432476442733219 * x_2)))))))) * inv((1.3778753922105293 + (0.3706914852796577 * (-2.5724828174692225 + (0.8432476442733219 * x_2))))))) - (0.03988922616177977 * (-2.6165659297933477 + (0.8878935966391123 * x_1)))))
feynman_I_48_2,ok,3,32,1,BFGS,0.999798344634693,1.3118179126005234,103,37.54,,0.001,(6.493996234854137 + (((0.14448972261306225 * (-3.391832487704957 + (0.5210116748906156 * x_2))) - (-0.16909941308195692 * (-3.391832487704957 + (0.5210116748906156 * x_2)))) + ((0.3448473220464672 * ((18.689236534369442 + (5.646489862111363 * (-3.391832487704957 + (0.5210116748906156 * x_2)))))**2) - (((1.8039880869865206 * (((-5.215881096760452 + (-1.4942931924734095 * (-3.391832487704957 + (0.5210116748906156 * x_2)))))**2 * ((-0.0847817735253964 * ((-0.060191584108898216 + (0.07170410030731077 * (-2.552294993039161 + (0.8647831399427154 * x_0)))))**2) - (1.0264557558828233 * (-2.552294993039161 + (0.8647831399427154 * x_0)))))) - ((0.00701658829047716 * ((17.935109767698613 + (0.15849152259188481 * (8.314946914131802 * (-3.391832487704957 + (0.5210116748906156 * x_2))))))**2) - (0.25893398592814376 * ((0.8247905854459374 + (-1.3012921781160602 * (-4.937743544426889 + (3.2843729845807 * x_1)))))**2))) - ((-0.15468114448832515 + (-0.10726635848884525 * (-2.552294993039161 + (0.8647831399427154 * x_0)))))**2))))
feynman_I_50_26,ok,4,128,3,BFGS,0.37333307911311653,1.5713046816633458,103,338.86,,0.001,(-0.2988260098396196 + (((((0.26548134900661147 * (-3.6514817749949793 + (1.80323135783928 * x_0))) - (-0.018370302745594036 * inv((65.16736636990436 + (3.449351143507462 * (-3.3181470678994196 + (1.6324912473197704 * x_1))))))) + (0.6508186402614575 * (-3.3181470678994196 + (1.6324912473197704 * x_1)))) + (((0.9026773423124048 * (-3.3328522910623977 + (1.7072811432647408 * x_3))) + (((0.29656727555052576 * (-3.6514817749949793 + (1.80323135783928 * x_0))) - (-0.5188661148085068 * (-3.536023516680619 + (1.75533069780533 * x_2)))) + inv((0.5816457863244491 + (0.5582988108662565 * inv((8.242919588220285 + (1.4115457635457576 * (-3.6514817749949793 + (1.80323135783928 * x_0)))))))))) + (0.15076847474267507 * inv((56.38325355433042 + (0.9996395052634623 * inv((38.21454899075235 + (4.37829637129995 * (-3.3328522910623977 + (1.7072811432647408 * x_3))))))))))) + (0.3727222412712987 * inv((2.6699569263704 + (8.930404815330604 * (0.17247040376813572 * (-3.3328522910623977 + (1.7072811432647408 * x_3)))))))))
feynman_I_6_2,ok,2,64,2,BFGS,0.9414984281373258,0.010379643728964272,61,55.41,,0.001,(-0.031030918234541023 + ((0.3215957565756621 * inv((2.3648863469791603 + (0.5559308445994677 * (-3.405357073342636 + (1.6986630633987225 * x_1)))))) + ((0.021815514099274055 * inv((0.10277252416020013 + (5.906452527874906 * inv((0.10478010737712437 + (5.173150436425251 * ((-3.514115234431094 + (1.739810398745664 * x_0)) * inv((0.3454122736113895 + (0.3241430602051888 * inv((0.21899246612434364 + (0.36622765318269423 * (-3.405357073342636 + (1.6986630633987225 * x_1)))))))))))))))) - (-0.00020663202503450658 * inv((0.3581245484809511 + (5.174126701253181 * (-3.405357073342636 + (1.6986630633987225 * x_1)))))))))
feynman_I_6_2a,ok,1,32,1,BFGS,0.9999939178685966,0.00017759016331958842,124,14.00,,0.001,(0.28377513007177324 + (((0.4096826734759773 * exp((-21.07779169966686 + (-1.1395658981065035 * (-3.3043792546673862 + (1.6591429555496728 * x_0)))))) - inv(((8.383315054608136 * exp((0.6459036586536331 + (4.993095214412131 * (((0.09632416323529275 * (-3.3043792546673862 + (1.6591429555496728 * x_0))) - (0.3691836158819364 * inv(((0.3926744262435826 * (-3.3043792546673862 + (1.6591429555496728 * x_0))) - (-0.042797047715479264 * inv(((0.18153034487765773 * (-3.3043792546673862 + (1.6591429555496728 * x_0))) - ((64.16807377254975 * exp((3.1128124144843934 + (1.3039094714530188 * (-3.3043792546673862 + (1.6591429555496728 * x_0)))))) + (((7.166025159728658 * exp((0.8324575846520084 + (1.1289429897924377 * (-3.3043792546673862 + (1.6591429555496728 * x_0)))))) - (0.1480179367307477 * (-3.3043792546673862 + (1.6591429555496728 * x_0)))) + (182.312218949697 * ((-3.3043792546673862 + (1.6591429555496728 * x_0)) * (-3.3043792546673862 + (1.6591429555496728 * x_0))))))))))))) * (0.27644583331340344 * (-3.3043792546673862 + (1.6591429555496728 * x_0)))))))) - (-0.22826663215409093 * (-3.3043792546673862 + (1.6591429555496728 * x_0)))))) - (0.07822141469394803 * (-3.3043792546673862 + (1.6591429555496728 * x_0)))))
feynman_I_6_2b,ok,3,256,4,BFGS,0.7599707981344944,0.026716966888539834,66,380.10,,0.001,(-0.025938253032122136 + ((((0.0010487753530372475 * (-3.504008249416157 + (1.7339598113329304 * x_2))) + (0.001566089450295927 * inv((0.6945711783985071 + (0.3257631856929171 * (inv((0.6396171130317428 + (0.6031284202823178 * (-3.504008249416157 + (1.7339598113329304 * x_2))))) * (2.9851525447582175 * inv((16.238371387993762 + (0.10629278382644933 * (-3.504008249416157 + (1.7339598113329304 * x_2)))))))))))) + (0.0003601866818843774 * inv((0.426308367052766 + (2.9471997847060676 * (-3.5208095926375687 + (1.7955920545817259 * x_1))))))) + (0.6639621688584713 * inv((3.254285894753423 + (0.6962718036862081 * (-3.648690234065757 + (1.810834389535367 * x_0))))))))
feynman_I_8_14,ok,4,256,4,BFGS,0.4558276311088443,0.7004706785201239,78,433.45,,0.001,(1.8029338830793948 + ((-0.07136689064112864 * (-2.7225380020541645 + (0.925073228466846 * x_1))) - (-0.12513537691001703 * ((-1.0630211291377352 * (-2.6197762566691063 + (0.8822041138208964 * x_3))) * ((-6.57206070117104 * (-2.6197762566691063 + (0.8822041138208964 * x_3))) - ((-4.570878043646389 * (-2.6197762566691063 + (0.8822041138208964 * x_3))) - ((-0.5063105039054159 * inv(((0.4179172830292064 * inv(((-6.073017099247564 * (-2.6197762566691063 + (0.8822041138208964 * x_3))) - (-0.07314933569829321 * (-2.7225380020541645 + (0.925073228466846 * x_1)))))) - (-56.58035294346951 * inv((-0.33575065694032646 + (-0.833714409833122 * (-2.8502199266344257 + (0.9130456171320038 * x_0))))))))) - (-4.406389517826772 * (-2.599248084478257 + (0.8845884196557181 * x_2))))))))))
feynman_I_9_18,ok,9,64,2,BFGS,0.6577793393254923,0.06964789882800085,70,205.51,,0.001,(0.3389724295136894 + (((0.06086183692388873 * (-5.0619378650438245 + (3.429332041613027 * x_0))) + (((0.02688352475170399 * (-5.425315389628147 + (3.544367204983429 * x_4))) - (((0.5094158913223659 * (-5.280887282031235 + (3.517700762370517 * x_1))) - ((0.4531439770768392 * (-5.392816095681697 + (3.542785928524673 * x_6))) - (0.02945370846685175 * exp((0.09895073136646607 + (0.7783153894020218 * (-11.8704355229784 + (3.388706955506491 * x_7)))))))) - (-0.4253847753302368 * (-5.392816095681697 + (3.542785928524673 * x_6))))) + (0.03569044067891887 * (-5.3254948363333385 + (3.5109234238146523 * x_8))))) + (0.5624906525167195 * (-5.280887282031235 + (3.517700762370517 * x_1)))))
feynman_test_1,ok,7,256,4,BFGS,0.76704816822418,4.190900885068478,113,299.07,,0.001,(1.9141624821328946 + (exp((-0.030112802726590962 + (0.5096894997781252 * (-5.138990131434707 + (3.418222117248415 * x_3))))) * ((9.822399439729953 * (exp((((-4.1718208507245045 * (-3.366539535406591 + (1.6550803839109154 * x_6))) + (2.3751711407587788 * (-3.366539535406591 + (1.6550803839109154 * x_6)))) + ((-11.538125760690548 * (-3.537848367214543 + (1.7762555305867092 * x_5))) + (10.78115897625256 * (-3.537848367214543 + (1.7762555305867092 * x_5)))))) * (14.038134693712752 * inv((193.03896394203184 + (-9.764929929452407 * (-5.207970175488111 + (3.4354126422346773 * x_1)))))))) - (((-1.1809540591654106 * exp((0.21693238344700827 + (0.04122425066374363 * (-5.46455807631665 + (3.5498345168665297 * x_4)))))) + (((-0.4379257790642641 * (-5.207970175488111 + (3.4354126422346773 * x_1))) + (-1.4564976129395983 * (-5.227781264550111 + (3.4955479802810143 * x_0)))) + exp((0.2190039634433355 + (-0.864067710263984 * (-5.46455807631665 + (3.5498345168665297 * x_4))))))) + (0.3174546015361569 * exp((0.19892092319710675 + (0.5113010405161988 * (-3.537848367214543 + (1.7762555305867092 * x_5))))))))))
feynman_test_10,ok,3,32,1,BFGS,0.9808080803795618,0.07005353989994312,41,27.46,,0.001,(2.342024326556665 + ((0.08367649685024456 * (-3.3845826183045533 + (1.6813002149621212 * x_1))) - ((0.010402568133656306 * inv((154.75035451439663 + (59.6978483909652 * ((-8.116061002775346 + (1.6342484134069302 * x_0)) * inv((0.07388306412206011 + (0.16065535945633796 * (-3.3460345348848217 + (1.6375695874502416 * x_2)))))))))) - (0.4928578019568036 * (-3.3460345348848217 + (1.6375695874502416 * x_2))))))
feynman_test_11,ok,4,256,4,BFGS,0.77139280245762,0.5490273827195539,123,246.60,,0.001,(-0.04072230657001615 + ((1.5457642010252983 * inv((0.8602716699719786 + (0.19733641611713967 * (-3.3954474918985897 + (1.6980452382715512 * x_0)))))) - ((-1.9051484780280359 * (inv((2.493784804386697 + (-0.07242882419831043 * (-3.346469913588077 + (1.6850115584239587 * x_2))))) * (inv((13.96725776592551 + (-1.871074166303438 * (-5.236612109883896 + (3.481438590813907 * x_3))))) * (((2.3366845538162218e-08 * (inv((4.891201668914103 + (-2.8552201841777443 * (-5.236612109883896 + (3.481438590813907 * x_3))))) * ((-12.183830951878758 * inv((7.040548162360428 + (4.647745951346129 * (-3.3954474918985897 + (1.6980452382715512 * x_0)))))) - (-0.7242336657181687 * (-3.346469913588077 + (1.6850115584239587 * x_2)))))) - ((((12.329003215335801 * (-3.346469913588077 + (1.6850115584239587 * x_2))) - (9.097210001243642 * inv((161.28755112272842 + (1.0182332331927255 * (-5.236612109883896 + (3.481438590813907 * x_3))))))) - (1.482354448461563 * (-3.665844595981015 + (1.777098795308299 * x_1)))) - (-9.602145374642856 * (-3.665844595981015 + (1.777098795308299 * x_1))))) - (-5.236612109883896 + (3.481438590813907 * x_3)))))) - (1.1213275300805536 * (-3.3954474918985897 + (1.6980452382715512 * x_0))))))
feynman_test_12,ok,5,64,2,BFGS,0.9399996236942367,3.5519336646853343,123,61.36,,0.001,(1.0075351677966742 + ((inv((30.531995754577103 + (-3.538019937778772 * (-3.5635370620943165 + (1.7939317028206654 * x_1))))) * exp((-0.062367250250510126 + (-0.83742015154581 * (-3.5635370620943165 + (1.7939317028206654 * x_1)))))) * (((((24.021055220734453 * exp((2.7079463462490683 + (-0.09023112760882873 * (-2.853922264819424 + (0.932495105440568 * x_4)))))) - (-149.65415597840786 * (-2.5428592207713114 + (0.8562284556356499 * x_2)))) - (5.968533227108065 * exp((-0.9535976215149156 + (0.5156693950346372 * (-2.5428592207713114 + (0.8562284556356499 * x_2))))))) - ((-121.0608300867043 * (-2.6977268572244775 + (0.8745901392683244 * x_0))) - (38.81731280312276 * (-2.853922264819424 + (0.932495105440568 * x_4))))) + (0.5637827741353276 * (((-45.49070943436283 * (-2.6977268572244775 + (0.8745901392683244 * x_0))) - ((-1.9766684158287058 * ((-3.5635370620943165 + (1.7939317028206654 * x_1)) * (-2.6977268572244775 + (0.8745901392683244 * x_0)))) - (18.869207279796186 * exp((1.4658663155187082 + (0.41769637021288475 * (-8.932695855907657 + (1.8116048195913816 * x_3)))))))) * (-6.658155354735376 * exp((-27.14581508985792 + (1.5267629113045422 * (-8.932695855907657 + (1.8116048195913816 * x_3)))))))))))
feynman_test_13,ok,5,256,4,BFGS,0.7714386994714467,0.007303800110223871,54,234.13,,0.001,(-0.008330475952775522 + (((-0.1326262626008733 * inv((-0.6447292430541993 + (0.08651962232545318 * (-2.6325494804343417 + (0.8669522048421392 * x_4)))))) + (0.052656579732815456 * (-2.6250159024465325 + (0.8809471830218581 * x_0)))) * inv((8.733034445177864 + (2.6027433943746816 * ((-2.6325494804343417 + (0.8669522048421392 * x_4)) * ((-0.04702073547778893 * (-1.746642865264792 + (0.5896839391773017 * x_3))) + (1.2421729313166407 * inv((1.0023134726036593 + (0.06548553367164683 * (-8.806647690247798 + (1.7455943517050234 * x_2)))))))))))))
feynman_test_14,ok,5,256,4,BFGS,0.5331226133585607,9.108369206792066,122,343.97,,0.001,(0.3196268599140121 + ((3.1153064148576757 * inv((3.366136152374514 + (38.02304171155525 * ((-2.4971016599479787 + (0.8755177320464741 * x_0)) * inv(((2.86521313666014 * inv((4.34621028596518 + (0.3644626904968583 * (inv((3.7334192812534512 + (0.43380906600403435 * (-2.7717036158853623 + (0.8910307375402117 * x_4))))) * (-1.8362504524212548 + (0.5886238536748217 * x_1))))))) - (33.46460336788854 * (((0.2790152984543185 * (-2.4971016599479787 + (0.8755177320464741 * x_0))) - (3.249281802307463 * (-2.7343051092784583 + (0.8676802164640326 * x_3)))) * (0.34834746829427954 * inv(((34.324346662665135 * ((-1.8362504524212548 + (0.5886238536748217 * x_1)) * inv((3.8688336015748224 + (0.1993055367417158 * (-2.7717036158853623 + (0.8910307375402117 * x_4))))))) - (0.35902894611068126 * ((inv((0.35302629082250914 + (0.3695178315655674 * (-2.82933830080293 + (0.9019774465276317 * x_2))))) * inv((0.07976468496307659 + (0.40031420221702985 * (-2.82933830080293 + (0.9019774465276317 * x_2)))))) * (3.6904840403916737 * (-2.7717036158853623 + (0.8910307375402117 * x_4))))))))))))))))) - inv((3.4920546589103765 + (0.42629816665821485 * (-2.7343051092784583 + (0.8676802164640326 * x_3)))))))
feynman_test_15,ok,4,64,2,BFGS,0.9125005429150075,0.3913172869572663,78,51.30,,0.001,(27.199448446495964 + ((-0.05665135872225659 * (-3.44398841134359 + (1.7062541540257399 * x_1))) + ((((0.6658495857241309 * (-2.6083629970816253 + (0.8614753242282561 * x_2))) - ((-0.03884318663214503 * inv((1.3837445726656905 + (1.4148731655421276 * (-2.775585808642215 + (0.2230513956628074 * x_0)))))) - (8.206045834641127 * inv(((0.1642905231832571 * inv((-0.44760490866007596 + (0.007786885514347789 * (-2.6083629970816253 + (0.8614753242282561 * x_2)))))) - inv((-24.912713788898515 + (7.222423596286388 * (-1.6328865507846893 + (0.5623491845950379 * x_3)))))))))) - (-12.726446981848625 * inv((9.783586728691748 + (0.8985636474361647 * (-2.775585808642215 + (0.2230513956628074 * x_0))))))) + (1.249625025207354 * (-1.6328865507846893 + (0.5623491845950379 * x_3))))))
feynman_test_16,ok,6,128,3,BFGS,0.9253806163134908,7.166667995783855,80,451.75,,0.001,(8.119352029622469 + ((1.4741324521090382 * (exp((1.514306906029474 + (0.5316255845576221 * (-2.5646829966487252 + (0.8976314789223115 * x_1))))) * ((0.722339806269197 * (-2.754039946388614 + (0.9247900733006543 * x_4))) - (((((51.690611123395655 * exp((-78.88441496183913 + (0.6680239444439224 * (-2.5646829966487252 + (0.8976314789223115 * x_1)))))) - (0.0918321309468022 * exp((3.98258092066858 + (-0.0636057919864651 * (-2.497958180791681 + (0.846442877452173 * x_5))))))) - (0.8844887883463635 * (-2.8339070085508693 + (0.8963785096562519 * x_3)))) - (1.387223269295725 * (-2.4906875140014773 + (0.8274788980025466 * x_0)))) - (0.6086882183404936 * (-2.497958180791681 + (0.846442877452173 * x_5))))))) - (-1.6914142707157565 * (-2.497958180791681 + (0.846442877452173 * x_5)))))
feynman_test_17,ok,6,256,4,BFGS,0.694254823488278,606.715188011233,109,368.58,,0.001,(-1.3211323015870233 + ((0.38080189245456 * (((0.6797797868344875 + (0.5698322700590772 * (-2.765478966339881 + (0.9329498472453334 * x_1)))))**2 * (-2.7108630841762187 + (0.8830372164530217 * x_4)))) + ((((((0.3087219717919705 * ((-6.722387138381312 + (0.32596559779998835 * (-2.781416348213264 + (0.8769741774113623 * x_3)))))**2) + (0.18048229035991442 * (3.2170795633695937 * ((28.1782405051328 + (16.542158248502837 * (-2.765478966339881 + (0.9329498472453334 * x_1)))))**2))) + (66.8427823931801 * ((1.1854012952066142 + (0.847657420397256 * (-2.609026883475403 + (0.9049875073710979 * x_0)))))**2)) + (6.094650889508069 * ((-0.7419474705428193 + (134.70205684142968 * ((-2.58308061810788 + (0.8667775591446114 * x_5)) * ((-0.012638851248171407 + (0.02850787780008492 * (-2.609026883475403 + (0.9049875073710979 * x_0)))))**2))))**2)) + (9.528103611231812 * ((4.522326466282674 + (2.3779701075690642 * (-2.58308061810788 + (0.8667775591446114 * x_5)))))**2)) * ((0.7686883872866936 + (0.4339068017501194 * (-2.7108630841762187 + (0.8830372164530217 * x_4)))))**2)))
feynman_test_18,ok,5,128,3,BFGS,0.8208809665199273,0.3294595260260881,43,485.59,,0.001,(0.3402007682418805 + (((0.282084588293623 * (-2.649399129385902 + (0.8900528640090624 * x_3))) + (2.816280708304884 * (inv((3.920156117246118 + (1.9856793392753227 * (-2.391519112253692 + (0.8163618698332834 * x_2))))) * (0.9635029969220776 * exp((-1.3139507420669752 + (-1.0325480943944663 * (-2.8325456789844874 + (0.8985308040340149 * x_0))))))))) - (-0.16369658546729693 * (-2.6338575830760558 + (0.8934994887606297 * x_4)))))
feynman_test_19,ok,6,128,3,BFGS,0.8740556029405977,5.545455860151015,62,453.11,,0.001,(1.581390980496995 + ((inv((0.2052387803163769 + (-0.08366639729891776 * (-2.586608786405093 + (0.8513854795762903 * x_5))))) * (((0.23401536874488002 * (-2.563942402759304 + (0.8359465135192651 * x_4))) - ((-0.4645316441228837 * exp((-0.3274006666982249 + (0.27320925070895297 * (-2.586608786405093 + (0.8513854795762903 * x_5)))))) - (-0.2229117857600341 * (-2.470148202109449 + (0.8643710414180056 * x_0))))) - (0.02056489675677663 * (-2.469934740574904 + (0.8197279678209497 * x_1))))) * (0.4667332618604362 * exp((1.662484749661961 + (0.8378515003197431 * (-2.5340806714331805 + (0.8433488361089256 * x_3))))))))
feynman_test_2,ok,6,256,4,BFGS,0.2902289030396549,1.5918388969984796,109,355.45,,0.001,(-0.03190879759226402 + (((((3.6937888948748494 * (-3.442291868563275 + (1.728032016896608 * x_2))) - (28.051707079461693 * inv((4.9708462146119 + (-1.5551043955126325 * ((-1.5805657668478423 + (0.5708335569588892 * x_4)) * (-1.6813708131974574 + (0.5715451023570847 * x_5)))))))) - (0.622913032755205 * (-3.374365183451518 + (1.6756185087337063 * x_3)))) + ((0.008146526634643915 * (-1.5805657668478423 + (0.5708335569588892 * x_4))) - (-1.454874840871717 * inv(((0.8896360817319751 * (-3.694453183714725 + (1.849845799738913 * x_0))) - (7.797413822764309 * (-3.484219578395549 + (1.7515960242856556 * x_1)))))))) * ((-0.005836229680167403 * inv((11.374668322449786 + (11.447843918981274 * (-1.6813708131974574 + (0.5715451023570847 * x_5)))))) - inv(((17.416844872235338 * inv((2.8066793154577203 + (0.3721113411378931 * (-3.694453183714725 + (1.849845799738913 * x_0)))))) - (1.6012596852532646 * ((-1.6813708131974574 + (0.5715451023570847 * x_5)) * inv((0.3158829342081264 + (2.3063675627021354 * (-1.6813708131974574 + (0.5715451023570847 * x_5))))))))))))
feynman_test_20,ok,7,128,3,BFGS,0.6973029665436388,2.2433897740486364,113,416.40,,0.001,(1.0872581080436357 + (((16.89537937811427 * exp((-4.337287694880306 + (5.133535438865636 * (-2.5052288861366203 + (0.8487810534637035 * x_1)))))) - (1.1659605701297147 * ((-2.4913618241411206 + (0.870112794150215 * x_0)) * ((-2.6907610883925144 + (0.890707011566884 * x_4)) * (-1.6532529969200138 + (0.5406303341028174 * x_6)))))) * (1.3181927397424134 * (((-3.6683731556017243 * (-2.6907610883925144 + (0.890707011566884 * x_4))) + ((5.851277984672969 * exp((0.5340050210670961 + (1.357137985724986 * (-2.783570439639793 + (0.9233358890323494 * x_5)))))) - ((-1.5037305919565727 * exp((0.18609068913857418 + (-0.21926084569737336 * ((-2.7376235059154497 + (0.8673671831208826 * x_2)) * (-1.6532529969200138 + (0.5406303341028174 * x_6))))))) - exp((-15.76838302390685 + (-4.297521319306648 + (11.874876593965759 * (-2.5052288861366203 + (0.8487810534637035 * x_1))))))))) * (0.046161847501874326 * exp(((-23.48379275813629 * exp((-0.5657495595972428 + (0.9062410901054792 * (-2.4913618241411206 + (0.870112794150215 * x_0)))))) - (1.8079572140008624 * (-2.783570439639793 + (0.9233358890323494 * x_5))))))))))
feynman_test_3,ok,4,64,2,BFGS,0.9060848711689959,0.5965127552608196,106,38.44,,0.001,(-1.8478452812521327 + (((0.07223224428329873 * (-16.172015121786515 + (3.5941604003366345 * x_2))) + (-0.7943876310928731 * exp((1.224446286770814 + (0.42759205651931476 * (-3.471159570853373 + (1.6737506595930596 * x_0))))))) + (((1.619405070245712 * (((-0.00591177983401478 * inv(((5.097980636534908 * (-15.032047874287718 + (3.353815118292767 * x_3))) + (7.707982577171091 * exp((0.6074960775357301 + (4.0095325962617725 * (-16.172015121786515 + (3.5941604003366345 * x_2))))))))) + (0.053145529810698235 * exp((-0.9443249032122532 + (-3.046197297271087 * (-15.032047874287718 + (3.353815118292767 * x_3))))))) * exp((1.0433595570368328 + (3.862614816829907 * (-15.032047874287718 + (3.353815118292767 * x_3))))))) + ((9.803336322473799 * inv((24.322735421316594 + (2.003207893192009 * (-16.172015121786515 + (3.5941604003366345 * x_2)))))) - (-2.381096811826009 * exp((-9.499103175620586 + (0.09493106516928485 * (-15.032047874287718 + (3.353815118292767 * x_3)))))))) + (-1.4080326615820224 * (-4.859006065813082 + (1.6427931891012966 * x_1))))))
feynman_test_4,ok,5,64,2,BFGS,0.9361937034707859,0.12754195153974934,32,42.58,,0.001,(1.6001029974423364 + ((0.23781192989622849 * (-8.409856081703799 + (0.8421415637065467 * x_1))) - (0.8638826723213162 * ((0.1561566938888974 * (-3.434758293955252 + (1.7338496667716403 * x_0))) + (-0.3201757545185267 * inv((0.2282538158355194 + (0.04878199941538519 * (-3.434758293955252 + (1.7338496667716403 * x_0))))))))))
feynman_test_5,ok,4,64,2,BFGS,0.9858140561488288,0.36747968992720415,117,87.36,,0.001,(0.2283078065955933 + (((0.31200361630488327 * (-3.5715645968617267 + (1.7740534831014714 * x_3))) + (0.5913147270868588 * exp((0.24663952865087252 + (0.39735797717849053 * (-3.463507310340305 + (1.7558292590522568 * x_1))))))) - ((-34.57236197187902 * (inv((8.116337519729566 + (1.1865465425411656 * inv((1.8310979432303007 + (0.9088326712041712 * (-3.23468266994482 + (1.6591241874943665 * x_0)))))))) * (((0.002653982986683772 * inv((0.03717777196480941 + (-0.018494767082447246 * (-3.5715645968617267 + (1.7740534831014714 * x_3)))))) + (4.835512220839178 * inv(((0.05528136189627342 * (-3.5243486716001864 + (1.7355707966666627 * x_2))) + (((0.470693782340206 * exp((0.2713475373241885 + (0.1488768793970069 * (-3.463507310340305 + (1.7558292590522568 * x_1)))))) + (0.0643842741276181 * (-3.463507310340305 + (1.7558292590522568 * x_1)))) + (0.894970534373732 * exp((0.09612144931045899 + (-0.36297482291365035 * (-3.23468266994482 + (1.6591241874943665 * x_0))))))))))) - (1.041625462372242 * exp((0.48056263511388075 + (0.30902876283730185 * (-3.5715645968617267 + (1.7740534831014714 * x_3))))))))) - (-3.5715645968617267 + (1.7740534831014714 * x_3)))))
feynman_test_6,ok,7,256,4,BFGS,0.8019331718484076,0.22801422825610024,56,195.77,,0.001,(1.1096652520873778 + ((((1.8962910978444012 * exp((0.5242704939380001 + (2.2049894438604207 * (-3.495416236538771 + (1.7382917673746647 * x_1)))))) - (-4.022531200484453 * (1.9073528749488164 + (-3.1722061324324953 * (-3.464097052656947 + (1.740799776652784 * x_5)))))) * exp(((-1.7858746648181723 * (-3.464097052656947 + (1.740799776652784 * x_5))) - (1.3601896018347746 * (-3.449152718312042 + (1.6976979855860372 * x_4)))))) * (0.000303161826758536 * exp((-0.06927790529753977 + (-0.7656371380640072 * (-3.51997998884813 + (1.7280743807208145 * x_2))))))))
feynman_test_7,ok,5,32,1,BFGS,0.9583391658089345,0.23896443495373107,69,14.70,,0.001,(0.7674406403497042 + (((0.7530859387812794 * (-4.01008885957154 + (1.9368236560367404 * x_0))) - (-1.65448624683965e-05 * inv((3.3779936739864875e-06 + (-5.700590394332603e-07 * (-3.5817515635104775 + (1.71294374453043 * x_1))))))) - ((-0.07954655678717272 * (-3.6016316191425464 + (1.7889994255916244 * x_4))) - (0.7270949963553643 * (inv((26.55316538446433 + (7.710860231105771 * (-3.5817515635104775 + (1.71294374453043 * x_1))))) * ((0.2841163593802063 * inv((2.4600963630019574 + (83.28466111540027 * (-4.01008885957154 + (1.9368236560367404 * x_0)))))) - (-0.1216435789851271 * inv((47.672743444314776 + (55.124164173879734 * (-5.4674033515100415 + (3.6309111090818504 * x_2))))))))))))
feynman_test_8,ok,4,32,1,BFGS,0.9052060883774067,0.14634332601307679,126,19.80,,0.001,(1.7614313272473607 + ((-0.1963409306689965 * (-3.3575040445859767 + (1.7014291673085824 * x_2))) + ((0.14488964764786816 * inv((4.5457848994339916 + (0.15207607284941604 * (-3.4363172184011948 + (1.7384611621281187 * x_1)))))) - ((-0.42921188372042796 * (-3.3575040445859767 + (1.7014291673085824 * x_2))) + (((0.3016799604618834 * inv((0.28157990179163406 + (0.38401710395560795 * (inv(((0.009016293410716157 * (-3.3653065153557096 + (1.6809530999057976 * x_0))) + (0.005768713851048695 * (-3.4363172184011948 + (1.7384611621281187 * x_1))))) * inv((10.18950412375954 + (0.8148442042348019 * (-3.4363172184011948 + (1.7384611621281187 * x_1)))))))))) - ((0.4107099125796315 * (-3.3653065153557096 + (1.6809530999057976 * x_0))) - (0.8799523926789328 * inv(((0.8170298336845234 * exp((0.7024296125834217 + (0.31441894474809806 * (-3.4646197585343543 + (1.7925414576254786 * x_3)))))) - (0.2580232702894868 * (-3.4646197585343543 + (1.7925414576254786 * x_3)))))))) + (((0.2363006365854301 * (-3.4646197585343543 + (1.7925414576254786 * x_3))) - (5.937520686110997 * inv((48.9372281813726 + (-1.6211880755500934 * (-3.4646197585343543 + (1.7925414576254786 * x_3))))))) - (0.15643623391033384 * (-3.4363172184011948 + (1.7384611621281187 * x_1)))))))))
feynman_test_9,ok,5,256,4,BFGS,0.8951724984981843,3486.368660536564,112,477.84,,0.001,(-0.40486340732784765 + ((exp((-7.055938762461416 + (0.15792615394917475 * (-2.4930593469502407 + (0.8452017443213172 * x_2))))) * ((3.394190613296203 * (((0.6356284226189 * exp((4.760467418672635 + (1.9500858521359028 * (-5.657145228365777 + (3.711512297913349 * x_0)))))) - (53.66842888513719 * exp(((2.1155365122437884 * (-5.657145228365777 + (3.711512297913349 * x_0))) - (-0.030272173539393772 * (-2.5627625663383364 + (0.8211078402482829 * x_3))))))) * ((7.248783915255524 * (-2.5627625663383364 + (0.8211078402482829 * x_3))) - (-6.469669800606132 * exp((0.5583980539274234 + (0.44437175213130575 * (-5.229820704398722 + (3.505187093079862 * x_1))))))))) - (-0.8132287981349577 + (-2.2975833803824287e-05 * exp(((-10.219501771082523 * (-2.5627625663383364 + (0.8211078402482829 * x_3))) - exp((0.1818903621809348 + (1.3471405232960096 * (-5.185088551029865 + (3.40858213908487 * x_4))))))))))) * ((-0.34598002663933114 * exp((4.483139781533424 + (-4.229074746030719 * (-5.229820704398722 + (3.505187093079862 * x_1)))))) - (1.1050616568502787 * (-2.4930593469502407 + (0.8452017443213172 * x_2))))))
first_principles_absorption,ok,1,32,1,BFGS,0.994594108793905,0.08171552761200485,58,28.27,,0.001,(4.828662455124421 + (((((0.606750358573763 * (-0.748484636380034 + (0.08019887424858779 * x_0))) - (2.311507988598345 * (-0.748484636380034 + (0.08019887424858779 * x_0)))) - (4.310501235247587 * inv((0.22563905992724997 + (0.04468232205732804 * (-0.748484636380034 + (0.08019887424858779 * x_0))))))) + (-0.20092625006882536 * (-0.748484636380034 + (0.08019887424858779 * x_0)))) + (4.641425318399367 * inv((0.28707712679618336 + (-0.011182974570952173 * (0.6869356122820154 * inv((9.396312145890683 + (73.4340079033253 * (-0.748484636380034 + (0.08019887424858779 * x_0))))))))))))
first_principles_bode,ok,1,64,2,BFGS,0.9995883652595733,0.12338237212727245,107,23.05,,0.001,(-5.677382299114196 + (((11.916376211594837 * inv((40.35670628280468 + (-103.05465951688893 * (0.3659119885901363 + (0.0030116213052686115 * x_0)))))) + (0.009994048392950546 * (inv(((1.1152465927337163 * (0.3659119885901363 + (0.0030116213052686115 * x_0))) + (21.90565220604656 * inv(((-185.4364688099683 * inv((-11.20954893006575 + (40.612433583182224 * (0.3659119885901363 + (0.0030116213052686115 * x_0)))))) + (-3.7870558463558286 * inv(((-0.240806847639347 * inv((220.2772118451511 + (26.073563235212347 * (0.3659119885901363 + (0.0030116213052686115 * x_0)))))) - (156.52223643319923 * ((0.9885955384658378 + (465.466915424465 * inv(((-0.7363306310835158 * (0.3659119885901363 + (0.0030116213052686115 * x_0))) + (17.458996667664437 * (0.3659119885901363 + (0.0030116213052686115 * x_0))))))))**2))))))))) * (-3.9408485150133306 * ((-1.3187312893420398 + (4.112166460966112 * inv((-166.06617673013704 + (9.259571347708626 * (0.3659119885901363 + (0.0030116213052686115 * x_0))))))))**2)))) - (2.3227574392560353 * (0.3659119885901363 + (0.0030116213052686115 * x_0)))))
first_principles_hubble,ok,1,256,4,BFGS,0.8726035703738829,120.05187362349477,104,450.85,,0.001,(656.4016009465281 + (((-17.832300953914753 * ((-4.781645292396657 + (1.757569845112589 * (-1.4730662843564242 + (1.6521438540845628 * x_0)))))**2) - (26.220847046212427 * (-1.4730662843564242 + (1.6521438540845628 * x_0)))) - (-0.004655845579555611 * ((-214.7148079243184 + (-10.102148916039017 * (((28.001236176304502 * (-1.4730662843564242 + (1.6521438540845628 * x_0))) - (37.08797935074328 * (-1.4730662843564242 + (1.6521438540845628 * x_0)))) * ((0.7692586563207668 * inv(((4.29271485656999 * (((2.5117929268938255 * (-1.4730662843564242 + (1.6521438540845628 * x_0))) - (70.0938547157291 * (-1.4730662843564242 + (1.6521438540845628 * x_0)))) * cos((244.86679658828996 + (-16.162645333941384 * cos((3.9455810908471243 + (-22.819587764838218 * (-1.4730662843564242 + (1.6521438540845628 * x_0)))))))))) - ((24.142266530395148 + (-1.4631775311312092 * (-1.4730662843564242 + (1.6521438540845628 * x_0)))))**2))) - cos((14.637457298288304 + (-10.6218399160527 * (-1.4730662843564242 + (1.6521438540845628 * x_0))))))))))**2)))
first_principles_ideal_gas,ok,3,32,1,BFGS,0.9071455420255761,0.40917361337233144,112,23.45,,0.001,(5.055866018606299 + ((6.225761788730249 * ((-1.6525414953354425 + (0.03695931216347938 * x_0)) * ((0.9561319341478616 * inv((8.00191508308733 + (0.07634489583265489 * (-1.7269481113159797 + (0.03158325643002412 * x_2)))))) - ((0.123374220777551 * inv((1.33742935656552 + (5.627892672907853 * (inv((0.2890195646437158 + (0.3373672375290455 * (-1.7269481113159797 + (0.03158325643002412 * x_2))))) * (-14.525050446141405 + (0.04080730581327434 * x_1))))))) - (0.02117118035148441 * inv(((0.3084198718900698 * inv((2.730791936008301 + (0.1303886614672612 * inv((0.12686762405922652 + (1.1676194024665394 * ((-1.6525414953354425 + (0.03695931216347938 * x_0)) * ((0.06091402718637279 * inv((-0.02151149484581978 + (0.0366648113787135 * (-1.7269481113159797 + (0.03158325643002412 * x_2)))))) - inv((0.2042732799657565 + (0.25368138756490843 * (-14.525050446141405 + (0.04080730581327434 * x_1)))))))))))))) - (4.799419566188478 * (-14.525050446141405 + (0.04080730581327434 * x_1)))))))))) + (8.27681104534815 * inv((3.2453811517337865 + (0.9262447750530516 * (-1.7269481113159797 + (0.03158325643002412 * x_2))))))))
first_principles_kepler,ok,1,32,1,BFGS,0.9999990142025138,3.8466522418744944,104,15.11,,0.001,(46.005215334071096 + (((55.20864902538374 * ((5.839498595949459 + (4.195303854987246 * (-0.9263602581597056 + (0.3029466151936684 * x_0)))))**2) - (1.3618711098153553 * ((((-0.0886496248494455 * ((-27.527830913268417 + (0.09395469113666041 * (-0.9263602581597056 + (0.3029466151936684 * x_0)))))**2) - (11.749211687072176 * ((9.292665262356874 + (0.011508947782240517 * (-0.9263602581597056 + (0.3029466151936684 * x_0)))))**2)) + (1.2000474924466038 * ((0.18456776985985798 + (-16.833924095966246 * (-0.9263602581597056 + (0.3029466151936684 * x_0)))))**2)) * (0.3124662732512219 * (-0.9263602581597056 + (0.3029466151936684 * x_0)))))) - ((((0.25898598651055216 + (0.10350382307340893 * (-0.9263602581597056 + (0.3029466151936684 * x_0)))))**2 * inv(((0.4675065439413175 * ((0.18762560487965105 + (1.1729651385283066 * (-0.9263602581597056 + (0.3029466151936684 * x_0)))))**2) - (0.6287062620100738 * (-0.9263602581597056 + (0.3029466151936684 * x_0)))))) * (4.493531038571561 * (-0.9263602581597056 + (0.3029466151936684 * x_0))))))
first_principles_leavitt,ok,1,32,1,BFGS,0.9760661701503165,0.15275060194974965,97,13.66,,0.001,(14.19767322563333 + ((((-0.9197309392839179 * (-1.7400037114235716 + (2.09864284243919 * x_0))) - (-0.38440543140448646 * (-1.7400037114235716 + (2.09864284243919 * x_0)))) - (0.501971593325639 * (((-0.06471523236310991 * (-1.7400037114235716 + (2.09864284243919 * x_0))) - (0.002846424369175397 * inv((1.4088351107458283 + (-1.7400037114235716 + (2.09864284243919 * x_0)))))) * (9.12268172670533 * inv((((1.1365673692264129 * inv((0.6501208272230061 + (1.2583158896906994 * inv((-0.609426117317482 + (2.680421841898551 * ((-1.7400037114235716 + (2.09864284243919 * x_0)) * inv((0.5370480581650481 + (4.154451396428556 * (-1.7400037114235716 + (2.09864284243919 * x_0))))))))))))) - inv((0.07775183607242586 + (8.70038333925402 * (-1.7400037114235716 + (2.09864284243919 * x_0)))))) - (0.4543214139454209 * (-1.7400037114235716 + (2.09864284243919 * x_0))))))))) - (0.3690475819758896 * (-1.7400037114235716 + (2.09864284243919 * x_0)))))
first_principles_newton,ok,3,64,2,BFGS,0.8318532252012759,4.458926737955511,69,269.75,,0.001,(64.398978830504 + (((0.4490076685057405 * inv((147.79005266647414 + (0.11328549227279217 * (-0.27162048092758545 + (5.186968952067431e-30 * x_1)))))) - ((0.3394836005270796 * (-0.613759874811038 + (7.12682274600027e-13 * x_0))) - ((-3.2929932352934728 * (-0.613759874811038 + (7.12682274600027e-13 * x_0))) - ((0.34378565482585666 * inv((1.617986664465409 + (5.870549019107294 * (-0.27162048092758545 + (5.186968952067431e-30 * x_1)))))) - (2.731691738133808 * inv((0.8679531756376235 + (29.831858726738602 * (-0.27162048092758545 + (5.186968952067431e-30 * x_1)))))))))) - (1.3814361432018911 * inv((24.895856642253236 + (85.51437751189746 * (-0.2899960593046727 + (2.629351402398742e-30 * x_2))))))))
first_principles_planck,ok,2,64,2,BFGS,0.9122980524955481,58.86466080755561,87,118.50,,0.001,(-98.33307133354447 + ((-7.668299976159574 * (-0.34842883289438253 + (6.020477322376928e-16 * x_0))) - ((-2.237940462761813 * inv((0.3759082973882337 + (-0.373719630681985 * (-0.34842883289438253 + (6.020477322376928e-16 * x_0)))))) - (-0.914030484361589 * (((-0.7905951990461446 * (inv((0.27870586550720133 + (0.28600172882641506 * (-0.9222249154556069 + (0.0006349597364519323 * x_1))))) * (-0.26986823640509605 * (-0.34842883289438253 + (6.020477322376928e-16 * x_0))))) - (-1.7776377801103393 * inv((5.479053651425744 + (-0.0288050111653219 * (-0.34842883289438253 + (6.020477322376928e-16 * x_0))))))) * (((0.38620756230208886 * inv((-0.5754827515447944 + (-15.097587968874201 * (-0.34842883289438253 + (6.020477322376928e-16 * x_0)))))) - (80.83617355949093 * (-0.9222249154556069 + (0.0006349597364519323 * x_1)))) + (-40.06228278145275 * (-0.9222249154556069 + (0.0006349597364519323 * x_1)))))))))
first_principles_rydberg,ok,2,32,1,BFGS,0.9932708666317576,0.1339551243388244,104,12.78,,0.001,(-13.885454585397397 + ((-2.0265209422660752e-07 * (inv((0.24028236857009 + (5.775017491710913 * (-1.95961510923864 + (0.5974436308654391 * x_0))))) * inv((0.4245402400602928 + (0.3116643374041179 * (-1.95961510923864 + (0.5974436308654391 * x_0))))))) - (((0.49216850364705417 * ((-1.95961510923864 + (0.5974436308654391 * x_0)) * inv((50.24878879098459 + (1.497650740320155 * (-1.95961510923864 + (0.5974436308654391 * x_0))))))) - ((0.49403844178561257 * inv((18.858524358594998 + (0.2671509597601609 * (-3.60108467081408 + (0.6407623969420071 * x_1)))))) - (((0.1618740563677592 * (-3.60108467081408 + (0.6407623969420071 * x_1))) - (1.2522297934731732 * (-1.95961510923864 + (0.5974436308654391 * x_0)))) - (3.708972834226395 * inv((0.6232520782159031 + (63.554168447375766 * inv((0.40010457984410414 + (3.6887374464434677 * (-1.95961510923864 + (0.5974436308654391 * x_0)))))))))))) + (-2.419744272979535 * inv((5.645029771535965 + (0.25377865392058807 * (-3.60108467081408 + (0.6407623969420071 * x_1)))))))))
first_principles_schechter,ok,1,32,1,BFGS,0.9955122771964597,0.3335018418571356,85,50.35,,0.001,(0.880472906269899 + ((-0.41561436986052136 * inv((-1.5673088521993366 + (-2.8932120313037437 * (-0.5152265363826667 + (1.6261733659552068e-09 * x_0)))))) - (9.154655246569789 * ((0.6017501593394234 * (((12.987713149980523 * inv((-11.008522900256796 + (-3.173121659673836 * (-0.5152265363826667 + (1.6261733659552068e-09 * x_0)))))) - (2.6830117850782584 * (-0.5152265363826667 + (1.6261733659552068e-09 * x_0)))) * ((-1.1005879401914758 * inv((183.01796101120397 + (-128.6457394612408 * (-0.5152265363826667 + (1.6261733659552068e-09 * x_0)))))) - (93.77629832730184 * inv((-0.18786788630730278 + (-1.8376946986737384 * (-12.245344378386434 * inv((-0.8159661763935128 + (-0.06884297095322112 * (-0.5152265363826667 + (1.6261733659552068e-09 * x_0))))))))))))) * (12.325210606491183 * inv((-9.594822098421915 + (-18.565953029523182 * (-0.5152265363826667 + (1.6261733659552068e-09 * x_0))))))))))
first_principles_supernovae_zg,ok,1,64,2,BFGS,0.942820922503307,0.06949061892190678,112,93.72,,0.001,(-0.052750126829043856 + (((2.086122133012694 * inv((0.4128429597358494 + (13.44884252017371 * (-1.0690083287768268 + (0.03814143456527167 * x_0)))))) - ((0.13218992671033236 * inv((0.4343395310594189 + (0.01315072232581576 * (inv((0.08714446923468774 + (4.03646590867454 * (-1.0690083287768268 + (0.03814143456527167 * x_0))))) * inv((0.27807586561651443 + (2.4818176253288993 * (-1.0690083287768268 + (0.03814143456527167 * x_0)))))))))) + ((-0.3432992354457469 * (-1.0690083287768268 + (0.03814143456527167 * x_0))) + inv((3.917437344219503 + (0.367703087168622 * (inv((1.3993740610967782 + (0.3783995838025831 * (-1.0690083287768268 + (0.03814143456527167 * x_0))))) * ((1.9657824660206193 * inv((-0.12101512663922018 + (0.08902749872468663 * ((-1.0690083287768268 + (0.03814143456527167 * x_0)) * inv((0.5592458511500824 + (-0.20726915451707528 * (-1.0690083287768268 + (0.03814143456527167 * x_0)))))))))) + (0.5192032168560075 * inv((0.48054028445479813 + (0.3744122672326059 * (-1.0690083287768268 + (0.03814143456527167 * x_0)))))))))))))) * (0.7629242672558663 * (-1.0690083287768268 + (0.03814143456527167 * x_0)))))
first_principles_supernovae_zr,ok,1,32,1,BFGS,0.9414164170550383,0.05309507512867786,50,15.08,,0.001,(-0.0086885477483838 + ((((0.013815482829359342 * inv((0.2601879902998451 + (0.1444020557636269 * (-1.6026515238622114 + (0.046431321645507846 * x_0)))))) - (0.20091012591494328 * (-1.6026515238622114 + (0.046431321645507846 * x_0)))) - (1.2864157482264584 * inv((15.004091563751604 + (-1.1243071264833935 * (-4.8542111114175714 * (-1.6026515238622114 + (0.046431321645507846 * x_0)))))))) + (1.9377970007949399 * inv((5.940833024994685 + (0.6706764040094833 * (-1.6026515238622114 + (0.046431321645507846 * x_0))))))))
first_principles_tully_fisher,ok,1,32,1,BFGS,0.9474092912634585,0.3256935585100636,70,13.63,,0.001,(-23.527352077395136 + (((-6.465999548197653 * inv(((-0.8953663381565189 * (-2.139304033980945 + (0.006687978646939128 * x_0))) - (28.375827792669504 * exp((93.07880413369378 + (-1.8760072430615056 * (-2.139304033980945 + (0.006687978646939128 * x_0))))))))) - ((0.11356681656385678 * inv((-1.7481468947782188 + (6.935955508634436 * (-2.139304033980945 + (0.006687978646939128 * x_0)))))) - (-3.3083613530992215 * inv(((4.188417027694793 * (-2.139304033980945 + (0.006687978646939128 * x_0))) - (1030.5403137094777 * (-2.139304033980945 + (0.006687978646939128 * x_0)))))))) - (-2.943350895761024 * inv((0.6776693637849704 + (0.19368963742490697 * (-2.139304033980945 + (0.006687978646939128 * x_0))))))))
nikuradse_1,ok,2,128,3,BFGS,0.9143542023990133,0.02705384302737766,69,293.30,,0.001,(0.539243014612056 + ((0.018226109536748514 * (-1.3445265834704199 + (0.005918071145166688 * x_0))) - (0.8319301651609887 * (inv((3.727153189321295 + (0.42469277074911627 * (inv((0.1250712406273909 + (0.12428728079981821 * (-1.3445265834704199 + (0.005918071145166688 * x_0))))) * inv((0.5327747214438282 + (-0.02201991949557542 * (-1.3445265834704199 + (0.005918071145166688 * x_0))))))))) * (4.258988571219113 * inv((1.4223487569555648 + (2.5756999421372915 * (inv((0.5113031347471456 + (0.27757966601614764 * (-8.043667186640068 + (1.6172840179308134 * x_1))))) * (5.066657158835419 * inv((38.560598962117865 + (0.39028481872642 * (-8.043667186640068 + (1.6172840179308134 * x_1)))))))))))))))
nikuradse_2,ok,1,32,1,BFGS,0.9659061419230265,0.058214348017099654,112,32.12,,0.001,(3.1042299822482047 + ((0.1487044105398569 * inv(((0.011552832567760234 * inv(((4.1746371795230175 * inv((6.840533793612474 + (-0.12809625863408536 * (-1.9879774008876716 + (1.6574136973190292 * x_0)))))) - (9.0495715128903 * inv((12.89840034479451 + (2.710251232102592 * (inv((-0.07159905623495214 + (5.7957053951114865 * inv((8.83744655247217 + (2.7827372024233075 * (-1.9879774008876716 + (1.6574136973190292 * x_0)))))))) * ((0.04540791848362548 * (((2.0963212401271223 * inv((11.074768124703908 + (0.8504667066490739 * (-1.9879774008876716 + (1.6574136973190292 * x_0)))))) - (135.71231841910355 * (-1.9879774008876716 + (1.6574136973190292 * x_0)))) * (inv((17.981644720987575 + (0.43487528760021155 * (-1.9879774008876716 + (1.6574136973190292 * x_0))))) * (-0.5979316642222694 * (-1.9879774008876716 + (1.6574136973190292 * x_0)))))) - (0.7702731101578808 * (-1.9879774008876716 + (1.6574136973190292 * x_0)))))))))))) - inv((59.33679055177001 + (0.5706584868211153 * (-1.9879774008876716 + (1.6574136973190292 * x_0)))))))) - (-1.687995907541314 * (-1.9879774008876716 + (1.6574136973190292 * x_0)))))
solar_flare,ok,10,128,3,BFGS,nan,nan,109,275.53,,0.001,(0.536028350757958 + (((((15.899099175459902 * (-1.4326457214253776 + (0.7744030926623663 * x_1))) + (((30.014046759250505 * (-3.0 + (3.3333333333333335 * x_7))) + ((0.20168828014769657 * (exp((0.7829686892291225 + (0.9182294557029667 * (-2.207994968177486 + (1.5549260339278073 * x_4))))) * (72.58439687142669 * (nan + (inf * x_9))))) - (-0.17223278830124386 + (3.1315052418407974 * x_5)))) + exp((0.38688210446730054 + (-1.1590353378659373 * (-3.0 + (3.3333333333333335 * x_7))))))) + (13.012035794807773 * exp((-92.18775754158241 + (1.082947251030908 * (-3.0 + (3.3333333333333335 * x_7))))))) * (3.249523535243965e-05 * inv(((0.32865713788761297 * (-1.1997483391631258 + (0.4751478570943073 * x_0))) + (-0.0542983562134465 * exp((0.2642216853604553 + (-5.140039471961018 * (nan + (inf * x_9)))))))))) * exp(((0.4778525921382475 * (-1.3712047854703497 + (1.257986041715917 * x_2))) + (0.8867487865589796 * (-0.5233405681948146 + (2.4341421776503003 * x_3)))))))
strogatz_bacres1,ok,2,32,1,BFGS,0.9925533667445395,0.21159405977670195,51,22.34,,0.001,(-0.6343639564278403 + (((39.59795653723941 * exp((-1.023802663022297 + (0.0007231458987347519 * (-6.2652814930864 + (0.45765203318264863 * x_0)))))) - ((15.881812160661557 * (-3.1009340740058042 + (0.07848210426397985 * x_1))) - ((-7.353359669605352 * (-6.2652814930864 + (0.45765203318264863 * x_0))) - (-1.0148213396877794 * inv((39.35334365835301 + (222.68451937053013 * (-3.1009340740058042 + (0.07848210426397985 * x_1))))))))) * (-0.06948039103989508 * (-3.1009340740058042 + (0.07848210426397985 * x_1)))))
strogatz_bacres2,ok,2,32,1,BFGS,0.9898682667160372,0.21459536878345367,104,15.05,,0.001,(5.902057653787509 + ((0.4855382184447603 * inv((5.430987971828735 + (2.3933340075358895 * ((inv((0.2895790398528624 + (2.0673131696336853 * (-6.2652814930864 + (0.45765203318264863 * x_0))))) * inv((0.31010747086518564 + (5.867825261617011 * (-6.2652814930864 + (0.45765203318264863 * x_0)))))) * ((30.932483848909584 * (-6.2652814930864 + (0.45765203318264863 * x_0))) - (0.2837486482446452 * inv((13.11361082956757 + (1.5591205198410885 * (-3.1009340740058042 + (0.07848210426397985 * x_1)))))))))))) - ((0.6272684169072353 * inv(((12.7374348728856 * inv((33.248294970467896 + (37.419662732194666 * (-3.1009340740058042 + (0.07848210426397985 * x_1)))))) - (0.4428847086276746 * inv((60.15027390385018 + (-0.6614920253106336 * inv(((0.2508911907189708 * (-3.1009340740058042 + (0.07848210426397985 * x_1))) - (4.236277871733936 * inv((0.022408279217955518 + (39.79154828951886 * (-3.1009340740058042 + (0.07848210426397985 * x_1))))))))))))))) - (0.7427659402513047 * (-6.2652814930864 + (0.45765203318264863 * x_0))))))
strogatz_barmag1,ok,2,32,1,BFGS,0.9490554718148098,0.055779400729100724,122,17.92,,0.001,(0.09784315272008859 + ((((1.548456513628092 * (((-0.37017123091074944 * (-1.2538429920116652 + (0.3484404828044345 * x_1))) + (1.7759846399355457 * inv((6.72129087070288 + (0.5927949126540952 * (-1.2538429920116652 + (0.3484404828044345 * x_1))))))) * inv(((0.11046764636128215 * (-15.844310416841397 + (2.7805581875467364 * x_0))) + (3.1491982232798232 * (-1.2538429920116652 + (0.3484404828044345 * x_1))))))) + (inv((6.583008353263832 + (0.03608178115521038 * inv((0.33740709380735767 + (5.367407765440856 * (-15.844310416841397 + (2.7805581875467364 * x_0)))))))) * (-0.5883959792638978 * (-1.2538429920116652 + (0.3484404828044345 * x_1))))) + inv(((7.734143408601124 * inv((0.13649676242269548 + (0.541205755509298 * (-15.844310416841397 + (2.7805581875467364 * x_0)))))) - (0.259919546520063 * inv((0.8204386534833983 + (5.7759983740394745 * (inv((1.2905540868646845 + (0.34002247678579534 * (-15.844310416841397 + (2.7805581875467364 * x_0))))) * (inv((0.23901481454125728 + (6.5319674651832855 * (-15.844310416841397 + (2.7805581875467364 * x_0))))) * (-0.12599495363505314 * (-1.2538429920116652 + (0.3484404828044345 * x_1)))))))))))) * (-15.844310416841397 + (2.7805581875467364 * x_0))))
strogatz_barmag2,ok,2,64,2,BFGS,0.9806972475702743,0.052535056719535844,94,50.25,,0.001,(-0.03621020455167141 + ((((-0.9871144976526209 * inv((5.246897931793985 + (-0.12196348844145499 * (-15.844310416841397 + (2.7805581875467364 * x_0)))))) + (10.849775707530267 * (((0.6654037220739124 * inv((0.5680780822018212 + (0.17040528448709713 * (-1.2538429920116652 + (0.3484404828044345 * x_1)))))) + (0.1492780219702471 * inv((0.018696189324608134 + (0.2996149105648248 * (-1.2538429920116652 + (0.3484404828044345 * x_1))))))) * (4.986499800042116 * inv((44.767401747225904 + (0.2040410189533961 * (0.07024255226039813 * inv((1.0645777373172982 + (0.002149320608071374 * (-15.844310416841397 + (2.7805581875467364 * x_0))))))))))))) + ((0.0013994825647509188 * inv((0.2235218160736855 + (28.02078992011343 * (-15.844310416841397 + (2.7805581875467364 * x_0)))))) + inv((-0.7790593622630215 + (0.08314371907353993 * (-15.844310416841397 + (2.7805581875467364 * x_0))))))) + (-0.04207412051858511 * (-15.844310416841397 + (2.7805581875467364 * x_0)))))
strogatz_glider1,ok,2,32,1,BFGS,0.20502279243986354,0.702317878736074,105,272.53,,0.001,(-0.22463264653218473 + (((-0.3339676449661395 * (-1.836876920436821 + (0.13306474919016115 * x_1))) - (-0.18577834668690296 * (-1.8084175385794719 + (0.8984434651839722 * x_0)))) + ((((48.505467528708465 * inv((82.00359196655486 + (0.5846078394147629 * ((-1.8084175385794719 + (0.8984434651839722 * x_0)) * inv((-0.007065542219584598 + (-0.4207980081036 * (-1.836876920436821 + (0.13306474919016115 * x_1)))))))))) - (-0.6352909881430944 * (-1.836876920436821 + (0.13306474919016115 * x_1)))) - inv((1.5538227773180466 + (-0.5149627400905001 * (-1.836876920436821 + (0.13306474919016115 * x_1)))))) + ((0.9901243208965727 * inv((9.30253015313135 + (1.0348010136924342 * (-1.8084175385794719 + (0.8984434651839722 * x_0)))))) - ((0.4474461689685234 * (-1.8084175385794719 + (0.8984434651839722 * x_0))) - (0.5951710106217405 * (inv((-0.15832726703540545 + (0.7766179127688568 * (-1.836876920436821 + (0.13306474919016115 * x_1))))) * inv((36.455532109527084 + (2.8989753758042447 * (-1.836876920436821 + (0.13306474919016115 * x_1))))))))))))
strogatz_glider2,ok,2,128,3,BFGS,0.8713575362841502,0.37989403386064735,35,195.77,,0.001,(1.7259944221729322 + (((-0.045407358926776636 * inv((4.766058516072015 + (41.686425584712225 * (-1.8084175385794719 + (0.8984434651839722 * x_0)))))) - (-1.1294436863914603 * (-1.8084175385794719 + (0.8984434651839722 * x_0)))) + (0.41892214172884357 * inv((1.5072490382057842 + (0.864226314628266 * (-1.8084175385794719 + (0.8984434651839722 * x_0))))))))
strogatz_lv1,ok,2,32,1,BFGS,0.9875470576354473,0.10740396230529099,114,14.02,,0.001,(-0.08070435135316958 + (((-0.3198806475422371 * (-1.0185100736451067 + (0.7243342361165919 * x_0))) + (-1.976696935235462 * inv((4.027121755379595 + (-0.7735465771930641 * (-1.0185100736451067 + (0.7243342361165919 * x_0))))))) * ((-11.72303781347312 * inv((0.33163060611761475 + (4.015768113471907 * (-1.0185100736451067 + (0.7243342361165919 * x_0)))))) + ((((-0.6058403713210276 * inv(((0.8066935885441362 * (-1.1210540200500059 + (1.0527256234139701 * x_1))) + (0.6002105940088538 * (-1.1210540200500059 + (1.0527256234139701 * x_1)))))) + (((-0.38603394465627594 * (-1.1210540200500059 + (1.0527256234139701 * x_1))) - (-1.2591565601113803 * (-1.1210540200500059 + (1.0527256234139701 * x_1)))) + (-1.0409868657177297 * inv(((0.04939307732456111 * inv(inv((-0.08310771980424911 + (5.08247692367156 * (-1.1210540200500059 + (1.0527256234139701 * x_1))))))) - (0.1139258795765295 * (-1.0185100736451067 + (0.7243342361165919 * x_0)))))))) + (-0.7710971797638733 * (-1.1210540200500059 + (1.0527256234139701 * x_1)))) + inv((-1.9960258629795868 + (-0.11708075223681647 * (-1.1210540200500059 + (1.0527256234139701 * x_1)))))))))
strogatz_lv2,ok,2,32,1,BFGS,0.9438265588978143,0.12991776994585102,93,41.18,,0.001,(-0.9971708987349805 + ((-2.3135526097629455 * (-1.1210540200500059 + (1.0527256234139701 * x_1))) + (25418344065.02279 * (((9550607644.471333 * inv((13813273305521.361 + (288677170430.3304 * ((-1.1210540200500059 + (1.0527256234139701 * x_1)) * ((7796568054.649866 * inv(((-197597776890.2591 * (-1.1210540200500059 + (1.0527256234139701 * x_1))) + (-53952056284.20941 * inv((214423709829.02466 + (18465619831.135292 + (386094204865.91943 * (-1.0185100736451067 + (0.7243342361165919 * x_0)))))))))) + (-1594213451467.6914 * inv((28772111088.09833 + (-42500179118.52318 * (-1.0185100736451067 + (0.7243342361165919 * x_0)))))))))))) + (-214918035149.2666 * inv((11424581531.12988 + (5645147722.6108055 * (-1.0185100736451067 + (0.7243342361165919 * x_0))))))) * (inv((259040777469.16406 + (35701003365.07516 * (-1.1210540200500059 + (1.0527256234139701 * x_1))))) * (-1.0185100736451067 + (0.7243342361165919 * x_0)))))))
strogatz_predprey1,ok,2,32,1,BFGS,0.9658880368806977,0.46562017086787,96,13.95,,0.001,(0.06875532170742593 + ((((0.05294982829457971 * (-0.7749611889583518 + (0.8276419259871193 * x_0))) + (-1.5799906800924637 * exp((-15.48134110919533 + (4.879264271664784 * (-1.8083916054835167 + (0.37798488323581947 * x_1))))))) + (0.010927711349319386 * exp((0.7914681293776127 + (-0.8574081544603686 * (-0.7749611889583518 + (0.8276419259871193 * x_0))))))) * ((((-0.10933616278799853 * exp((6.399864901948631 + (-0.8340038241318342 * (-1.8083916054835167 + (0.37798488323581947 * x_1)))))) + (-57.67627013128636 * (-1.8083916054835167 + (0.37798488323581947 * x_1)))) + (0.00018164821508549756 * inv(((-61.72493831985675 * exp((3.7713682747585855 + (-0.33966463512134465 * (-0.7749611889583518 + (0.8276419259871193 * x_0)))))) + (1.0763447953530865 * exp((-0.42301865065722477 + (116.24973984122852 * (-1.8083916054835167 + (0.37798488323581947 * x_1)))))))))) + exp((4.235051071204379 + (-0.596841058445762 * (-1.8083916054835167 + (0.37798488323581947 * x_1))))))))
strogatz_predprey2,ok,2,32,1,BFGS,0.9462188677241388,0.3769393339742937,85,13.59,,0.001,(-0.3201958930163632 + (((-4.745970131963986 * inv((3.4840279749130456 + (-0.23387410361346028 * (-1.8083916054835167 + (0.37798488323581947 * x_1)))))) - (-0.003809498835240394 * inv((0.33583765816568467 + (0.39534029661069003 * (((0.8321240824265004 * (-1.8083916054835167 + (0.37798488323581947 * x_1))) - (-3.4474749506126328 * inv((-4.622829955476803 + (50.14641603165731 * inv(((3.4092491875132103 * (-0.7749611889583518 + (0.8276419259871193 * x_0))) - (-3.059112243886501 * inv((0.17530035572555885 + (0.3665626608899698 * (-0.7749611889583518 + (0.8276419259871193 * x_0))))))))))))) * inv((-0.09970742024392173 + (-0.025583988289124976 * (-1.8083916054835167 + (0.37798488323581947 * x_1))))))))))) * ((0.9193985112041325 * (-1.8083916054835167 + (0.37798488323581947 * x_1))) - (1.105312415596308 * (-0.7749611889583518 + (0.8276419259871193 * x_0))))))
strogatz_shearflow1,ok,2,32,1,BFGS,0.972595826776513,0.08104873768683786,52,30.76,,0.001,(-0.02230137758637618 + (inv((-2.89442127444568 + (0.5203398787957512 * (inv((2.6064304449156994 + (-2.6916533006373413 * (0.1425865318514197 + (0.5727827728700499 * x_1))))) * inv(((3.5448440492327027 * inv((62.23264695451152 + (-1.1812209484506369 * (1.0787725150702083 + (0.4912165308203284 * x_0)))))) + (0.7794607266219411 * inv((-2.0784326952618883 + (13.79311453780717 * (0.1425865318514197 + (0.5727827728700499 * x_1)))))))))))) * (-1.1149600403817468 * (0.1425865318514197 + (0.5727827728700499 * x_1)))))
strogatz_shearflow2,ok,2,64,2,BFGS,0.861169437763064,0.08183594575374135,58,253.53,,0.001,(0.15056788550038025 + (inv(((-1.5834116573064243 * (0.1425865318514197 + (0.5727827728700499 * x_1))) + (0.39985378686081385 * inv(((0.5255416300189406 * (1.0787725150702083 + (0.4912165308203284 * x_0))) + inv(((-0.05461771951413394 * (1.0787725150702083 + (0.4912165308203284 * x_0))) - (0.880550042412303 * inv((0.18692112765228464 + (0.3111201180825476 * (1.0787725150702083 + (0.4912165308203284 * x_0))))))))))))) * (0.319046726175928 * inv((0.943459569814129 + (0.7468155700736352 + (1.1288231786038714 * (0.1425865318514197 + (0.5727827728700499 * x_1)))))))))
strogatz_vdp1,ok,2,256,4,BFGS,0.655333222658449,0.6061039783834663,115,189.28,,0.001,(0.15737651174509731 + ((-0.09428839463922695 * (inv(((-1.1314749370154238 * (-0.44260024914922197 + (1.069046206513926 * x_0))) + (-0.22437172202937627 * (inv((-1.3486956151480523 + (0.7921058678246684 * (-0.44260024914922197 + (1.069046206513926 * x_0))))) * (((-32.26843672809528 * inv((-5.008033741717837 + (-0.04328488499887266 * (-0.44260024914922197 + (1.069046206513926 * x_0)))))) - (-7.741389428670546 * (-0.44260024914922197 + (1.069046206513926 * x_0)))) + (-7.234163830803171 * inv((0.32115821900992014 * (inv((-3.295351567758824 + (5.531112505442595 * (-0.3313309365474487 + (4.278311300708479 * x_1))))) * ((0.1517573585911472 * (-0.3313309365474487 + (4.278311300708479 * x_1))) + (-54.3039815700791 * inv(((-0.6789091283187854 * exp((-0.00691632078215014 + (-0.03791143999414409 * (-0.44260024914922197 + (1.069046206513926 * x_0)))))) - (-3.2797550412455685 * inv((-4.675607403838043 + (-77.20834911721803 * (-0.44260024914922197 + (1.069046206513926 * x_0))))))))))))))))))) * (-20.07379301974568 * (-0.3313309365474487 + (4.278311300708479 * x_1))))) + (-0.37855643644379433 * (-0.3313309365474487 + (4.278311300708479 * x_1)))))
strogatz_vdp2,ok,2,32,1,BFGS,0.9999999843939291,1.168558099967086e-05,86,20.83,,0.001,(-0.12005402062654758 + ((-0.20486298165258976 * inv(((0.0014256247221551156 * inv((5.493116363957057 + (-0.001358338187547727 * (-0.44260024914922197 + (1.069046206513926 * x_0)))))) - (0.6696376777248587 * inv((0.25708834335827246 + (-0.3056978157307396 * (-0.44260024914922197 + (1.069046206513926 * x_0))))))))) + (-0.000842872275280022 * inv(((72.41943443454366 * (((1.654919520985536 * inv((-0.009027018549026725 + (0.8591139774682821 * (-0.44260024914922197 + (1.069046206513926 * x_0)))))) + (-0.5661278719039711 * (-0.44260024914922197 + (1.069046206513926 * x_0)))) * (-0.44260024914922197 + (1.069046206513926 * x_0)))) - (inv((1.0034133873309168 + (0.8038145855579777 * inv((0.21166624382254495 + (0.48483987281735885 * (-0.44260024914922197 + (1.069046206513926 * x_0)))))))) * (2.5249493996418044 * (-0.3313309365474487 + (4.278311300708479 * x_1)))))))))
