dataset,status,n_features,refinement_type,r2,rmse,complexity,seconds,error,noise_strength,expr
1027_ESL,ok,4,NoRef,0.5940931282035373,0.8430414133578268,70,16.385244369506836,,0.1,((((-6.03 + sin((-2.89 + (-79.9 * inv((-7.08 + (-73.9 * tan(((0.09330000000000001 + (-99.7 * (-3.2646780146027847 + (0.640682119755828 * x_1)))) * (-23.2 + (-97.4 * (-3.5866482951028424 + (0.6488943529449531 * x_0))))))))))))) + (-0.038500000000000006 + (-0.5880000000000001 * (-4.597176476102773 + (0.8602078682278196 * x_2))))) * ((-0.0514 + (-0.0073 * (-5.984639666737496 + (1.0617441192563855 * x_3)))) * (-5.76 + (-0.769 * cos(((0.5 + (0.0018399999999999998 * (-3.2646780146027847 + (0.640682119755828 * x_1)))) * (-0.0171 + (-76.4 * (-3.2646780146027847 + (0.640682119755828 * x_1)))))))))) * (-0.00797 + (-0.09090000000000001 * (((-0.0005 + (-0.00539 * (-5.984639666737496 + (1.0617441192563855 * x_3)))) - (5.63 + (0.267 * (-3.2646780146027847 + (0.640682119755828 * x_1))))))**2)))
1028_SWD,ok,10,BFGS,0.13313988403803567,0.7530281161389814,97,22.647287368774414,,0.1,(((56.000446215124924 + inv((0.8820887077498383 + (-0.017778756041750617 * ((-43.39999450832632 + (-26.500009578414467 * (-2.8215915534304346 + (1.2833193845196034 * x_1)))))**2)))) + (0.07304621512492482 + (3.2153111782045847 * arctan((((-0.008128818993872192 + (-2.6342106133194694 + (1.2394341028792988 * x_9))) + (-0.07836881899387219 + (0.007297721983135242 * (-2.569944899053485 + (1.3329589725381146 * x_6))))) * ((-3.92000340059009 + (0.7880003431593046 * (-2.268186844778958 + (0.9771051887330375 * x_4)))) + (0.66599659940991 + (0.6295894240336112 * (((9.989952924532197 + (-0.00805526580109168 * (-2.7596764375814526 + (1.367982371570449 * x_7)))) - (-0.9969529245321971 + (0.009750614651757328 * inv((0.8929999495637356 + (30.200000004523982 * (-2.600553656918532 + (1.2550934637637703 * x_8)))))))))**2)))))))) * (((9.13803973664437 * inv((64.50027776718248 + (0.0013348631846509186 * (-2.426926571290108 + (1.2290310117944503 * x_3)))))) - ((-0.0004371728622255327 + (0.0038791828201272215 * (-2.697450793320586 + (1.3559571682241551 * x_0)))) * (0.017504321462334237 + (0.3216159958313809 * cos((-0.0462996602090641 + (79.09003599150347 * (-2.569944899053485 + (1.3329589725381146 * x_6))))))))) + ((-0.10520076939553558 + (0.0028061474019351537 * sqrt((5.442142018859684 + (-2.9081003152529648 + (2.0120620262359075 * x_5)))))) * (0.7374483259006721 + (-0.018487981579152026 * (-2.1373666733018415 + (0.9662597980568902 * x_2)))))))
1029_LEV,ok,4,NoRef,0.12136640680672628,0.8655879480013914,72,15.558020830154419,,0.1,(((0.00431 * (-1.4856411796560651 + (0.7038729530903657 * x_2))) + (((0.030000000000000002 + (0.08650000000000001 * (-1.43051090044895 + (0.7293563394539174 * x_3)))) + (1.87 + (0.00562 * (-1.43051090044895 + (0.7293563394539174 * x_3))))) - (-0.00235 + (-0.0809 * ((0.008 + (4.0 * cos((0.756 + (82.3 * ((-0.406 + (-0.789 * (-1.4856411796560651 + (0.7038729530903657 * x_2)))))**2))))))**2)))) + (0.0034999999999999996 + (-0.93 * cos((0.738 + (13.4 * sqrt(((-0.0892 + (9.1 * ((-3.08 + (-1.453122682939075 + (0.7314375920834271 * x_1))))**2)) * (0.06630000000000001 + (-0.027700000000000002 * sqrt(((0.049100000000000005 + (-0.0033599999999999997 * (-1.2447225684250052 + (0.7356516361849913 * x_0)))) - (-0.025500000000000002 + (-0.00997 * (-1.2447225684250052 + (0.7356516361849913 * x_0))))))))))))))))
1030_ERA,ok,4,BFGS,0.13181447435728932,2.0275371962821476,57,16.37308168411255,,0.1,((((9.43082438792325 + (-0.16273287970887568 * (-1.6699147855983014 + (0.21789076012503933 * x_0)))) - ((((88.66917561207676 + (-6.706690854078754 * (-1.7229002393230515 + (0.2634941230612334 * x_1)))) - (56.63082438792325 + (-0.04525346489879617 * (-1.848228685399118 + (0.2762949001493599 * x_2))))) - (72.93082438792325 + (6.888737120291125 * (-1.6699147855983014 + (0.21789076012503933 * x_0))))) + (-0.05382438792324918 + (-0.05943729132193311 * (-1.3791511341247022 + (0.2190519590414076 * x_3)))))) - (-0.03582438792324918 + (-0.8938372913219331 * (-1.3791511341247022 + (0.2190519590414076 * x_3))))) * (0.09402674841341792 + (-0.02739343934982711 * abs((-0.2979281885501205 + (0.7971153914516207 * sin(((-6.778061431921291 + (-0.08493689145489329 * (-1.848228685399118 + (0.2762949001493599 * x_2)))) + (-0.0050514319212910525 + (25.51175716468034 * (-1.7229002393230515 + (0.2634941230612334 * x_1))))))))))))
1096_FacultySalaries,ok,4,BFGS,-3.184672316433823,8.073220574119908,37,9.576143741607666,,0.1,(((0.038112183432409644 * (-0.483045891539648 + (2.5532425695667107 * x_0))) - ((-48.34196476146857 + (1.331909924490523 * (-7.228378749769162 + (0.09741892258588145 * x_2)))) + ((-4.941964761468565 + (0.2201771041295026 * tan((-0.2609894647108268 + (-87.55501588567103 * (-7.228378749769162 + (0.09741892258588145 * x_2))))))) - (-0.291035238531435 + (3.363440872013051 * (-8.294162598512163 + (0.14200756008222232 * x_1))))))) + (-10.118035238531434 + (-0.029343129108105326 * sqrt((0.020555816904941945 + (-0.0013321999394463723 * (-0.483045891539648 + (2.5532425695667107 * x_0))))))))
1193_BNG_lowbwt,ok,9,NoRef,0.5170870005975778,499.02572493234436,92,76.18778729438782,,0.1,((-55.800000000000004 + (-0.29500000000000004 * (-1.8663682181069738 + (1.3843764003815417 * x_3)))) * ((37.300000000000004 + (-0.009049999999999999 * (-0.42492690553036766 + (1.646080181370378 * x_5)))) - ((((((-2.35 * (-0.8258478427120429 + (2.0367246511033446 * x_4))) + (0.00399 + (-7.29 * (-0.6709061034818435 + (2.1614276456324326 * x_0))))) + (-4.25 + (0.07020000000000001 * (-4.379396026233055 + (0.18873184169507426 * x_1))))) - (-96.4 + (-0.879 * (-0.8753177193754129 + (0.7228622117526775 * x_8))))) - ((3.5700000000000003 + (-0.00915 * (-4.248422047977351 + (0.032784099878693275 * x_2)))) + (0.48300000000000004 + (0.187 * (-0.8258478427120429 + (2.0367246511033446 * x_4)))))) + ((-0.0946 + (2.74 * (-2.2954917666927157 + (2.7311282671192774 * x_7)))) + (((-0.0307 + sin((67.5 * (-0.6709061034818435 + (2.1614276456324326 * x_0))))) + ((2.73 + (-0.0666 * (-1.8663682181069738 + (1.3843764003815417 * x_3)))) - (3.69 + (0.00756 * inv(((0.055200000000000006 + (-8.78 * (-0.2743552436594544 + (3.9192646197720467 * x_6)))) + (-0.038000000000000006 + (0.052000000000000005 * (-4.379396026233055 + (0.18873184169507426 * x_1)))))))))) * (-7.68 + (7.53 * sin((-0.12000000000000001 + (6.3100000000000005 * (-0.8258478427120429 + (2.0367246511033446 * x_4))))))))))))
1196_BNG_pharynx,ok,10,NoRef,0.3455387654920742,338.35851125011493,101,106.52885794639587,,0.1,(((85.10000000000001 * abs(((0.0075899999999999995 + (0.28 * (-0.6062755085208393 + (2.2556906439594284 * x_9)))) * (-24.900000000000002 + (4.53 * tan((-0.00284 + (17.7 * (-1.2335146302106939 + (1.2276236734098909 * x_6)))))))))) - ((28.1 + (-0.032 * (-1.768313735831374 + (2.3338242443666983 * x_1)))) + ((-77.7 + (-0.07 * (-5.38901179775602 + (0.0891167199145502 * x_4)))) - (0.18100000000000002 + (-30.0 * sin(((2.61 + (-16.0 * sin(((49.7 + (-0.05 * (-1.4145987963010245 + (1.5251980225035269 * x_3)))) + ((-8.38 + (-91.10000000000001 * (-1.768313735831374 + (2.3338242443666983 * x_1)))) + (-0.14700000000000002 + (-0.05670000000000001 * (-0.9748807203728533 + (2.0006472363190704 * x_2))))))))) * ((-0.21400000000000002 + (-6.83 * (-0.9787621505210815 + (0.9861318424906281 * x_7)))) * ((0.861 + (8.91 * (-1.3024072194677068 + (0.5724276438596108 * x_0)))) + ((-9.08 + (4.59 * (-1.2335146302106939 + (1.2276236734098909 * x_6)))) + ((-0.07650000000000001 + (8.4 * (-0.5294352082530241 + (1.2636529607062625 * x_5)))) * ((-0.08370000000000001 + (-0.001 * (-1.4884195962629418 + (1.0396411615340688 * x_8)))) + (-0.0040999999999999995 + (-4.8 * (-1.4145987963010245 + (1.5251980225035269 * x_3)))))))))))))))) + (22.2 + (0.07970000000000001 * (-1.3024072194677068 + (0.5724276438596108 * x_0)))))
1199_BNG_echoMonths,ok,9,NoRef,0.39057824573073097,12.378184916198478,94,42.706005334854126,,0.1,((55.300000000000004 + (0.00246 * (-0.7006903278735214 + (2.1278543120472913 * x_0)))) * (((-3.87 + (0.378 * (-0.49911869021357436 + (2.5026501539864436 * x_2)))) * (0.00654 + (-0.00769 * abs((-0.0738 + (0.00728 * (((0.0723 + (-0.5700000000000001 * cos((((-0.11 + (-0.627 * (-0.5017378935864184 + (2.494810397741941 * x_8)))) * (0.039400000000000004 + (0.0594 * (-1.6574444047673307 + (0.13888828634554612 * x_4))))) - (-0.93 + (3.72 * (-0.7006903278735214 + (2.1278543120472913 * x_0)))))))) * ((74.5 + (0.013900000000000001 * sqrt((0.015500000000000002 + (-0.0032199999999999998 * sin((((-0.08330000000000001 + (-2.6721771408958337 + (0.18194219588543792 * x_6))) - ((-61.1 + (2.9 * (-2.0328645278907476 + (9.118566531730082 * x_3)))) + ((-0.0030099999999999997 + (-0.9820000000000001 * (-2.0328645278907476 + (9.118566531730082 * x_3)))) + (-0.00861 + (-0.00074 * (-3.067944714584882 + (2.164750004991396 * x_7))))))) * (38.7 + (0.079 * (-7.592359124770964 + (0.12102999837163637 * x_1))))))))))) - (0.00856 + (0.058800000000000005 * (-5.895898785165648 + (1.2318638071644166 * x_5)))))))**2)))))) - (-0.07 + (0.034 * (-7.592359124770964 + (0.12102999837163637 * x_1))))))
1201_BNG_breastTumor,ok,9,BFGS,-0.0005616790858560261,10.396412184439766,92,59.75409746170044,,0.1,(7.2996673724481145 + (6.324862890846376e-05 * abs(((-0.5014387134918258 + (-2.4879614844406612 * (-0.7262194085300238 + (2.103213727676835 * x_8)))) + ((0.6665612865114559 + (5.178163987908451 * (-5.250497014027723 + (0.10319273787661308 * x_0)))) + ((((50.15256128652388 + (2.336090023838524 * cos((-7.3442400946564765 * (-0.7262194085300238 + (2.103213727676835 * x_8)))))) + (9.182561286501992 + (-1.115837091103577 * (-0.6252646835076331 + (2.224587380561564 * x_7))))) - (((0.3530660122021899 * (-5.250497014027723 + (0.10319273787661308 * x_0))) - ((0.14836128650396815 + (22.548667486573684 * (-0.5638320098201588 + (2.337409924133613 * x_3)))) - (-0.04339128651116434 + (-14.379499446955087 * (-0.7087067259517521 + (0.22582626161959693 * x_2)))))) + ((-0.25605500212773297 + (-0.6784634372453888 * (-1.5180585447871628 + (1.2488927483023398 * x_4)))) * (4.291312105028568 + (0.3141155843850749 * (-0.9189845014450806 + (1.6390296272383873 * x_1))))))) - ((3.3974387134884476 + (-42.91243851601067 * (-0.7262194085300238 + (2.103213727676835 * x_8)))) - (((4.986278907020303 + (-0.5638320098201588 + (2.337409924133613 * x_3))) - (-39.02027890950419 + (-11.86237568075075 * tan((1.8165592854039119 + (-88.7072125245288 * (-0.5638320098201588 + (2.337409924133613 * x_3)))))))) * ((82.49838523020996 + (0.00010832929463638495 * (-1.1088808592176158 + (0.7610555194479648 * x_6)))) - (-2.148485230409198 + (-0.001146137078966018 * (-1.0518934400831168 + (2.002560077875804 * x_5)))))))))))))
1203_BNG_pwLinear,ok,10,NoRef,0.46731694016307945,3.25795802777575,91,59.402708292007446,,0.1,((((0.00658 * sqrt((0.878 + (0.29700000000000004 * sqrt((80.7 + (0.057 * (-0.026755910949340968 + (1.191283622228365 * x_7))))))))) - (-0.0033399999999999997 + (-0.00121 * inv((2.7 + (-8.85 * cos((-7.76 + (0.51 * (0.05301294397079258 + (1.1962125910257306 * x_8))))))))))) + (0.503 + (0.162 * inv((63.9 + (0.028700000000000003 * (0.021079400064747105 + (1.2326624527298857 * x_6)))))))) * ((1.6 + (6.140000000000001 * inv((-75.5 + (-0.10672377789578776 + (1.219307002427927 * x_5)))))) * ((-0.058100000000000006 + (0.07310000000000001 * (0.13590670909093983 + (1.2475172979012206 * x_1)))) - (((((-0.07806305361583178 + (1.0030422923983957 * x_0)) * (0.008459999999999999 + (-0.397 * sin((-0.915 + (0.41100000000000003 * inv((-37.5 + (-0.07400000000000001 * (0.017023356996386664 + (1.214022120525997 * x_3))))))))))) * (9.08 + (-0.0072499999999999995 * (-0.026755910949340968 + (1.191283622228365 * x_7))))) + (0.0011099999999999999 + (-1.75 * (-0.07012326027132888 + (1.2885997731187766 * x_4))))) + (0.010400000000000001 + (-0.73 * (0.09327695722231513 + (1.1935641468320128 * x_2))))))))
192_vineyard,ok,2,BFGS,-0.0014032094754583557,3.4545451270484286,63,5.967930555343628,,0.1,((((-0.23798970336893724 + (-9.63057667075591 * abs((-2.72513547043787e-12 * (-4.117027889192704 + (0.42817090047604117 * x_1)))))) + (-19.531289703368945 + (4.457974266310012 * arctan((-68.20070789141191 + (7.307636438803982 * sqrt((9.269230641364805 + (61.49997549278996 * inv((-70.29999091694229 + (-9.600223511994665 * ((-0.6425625742483151 + (-14.10034006908904 * (-4.117027889192704 + (0.42817090047604117 * x_1)))))**3)))))))))))) - ((-45.168710296631055 + (0.00011151774841473795 * (-4.117027889192704 + (0.42817090047604117 * x_1)))) + (0.22403970336893678 + (-0.0001150960983347436 * (-1.8307543886114104 + (0.5534838849290311 * x_0)))))) - (0.3196897033689376 + (-0.00032021156114072524 * cos(((0.04961116946986827 + (-77.01484771175996 * (-4.117027889192704 + (0.42817090047604117 * x_1)))) * (-0.0021822072884575406 + (-1.7286955734498053 * (-4.117027889192704 + (0.42817090047604117 * x_1)))))))))
210_cloud,ok,5,NoRef,0.8075532618051193,0.5314940102349102,59,6.797285556793213,,0.1,((-0.055400000000000005 + (0.522 * inv((((((-0.0391 * (-1.063756996389881 + (2.0038213187809384 * x_0))) * (0.00246 + (-0.00646 * (-1.5014210843154818 + (0.9501180299183909 * x_1))))) + (56.5 + (33.2 * (-1.364220250476025 + (0.7075287476063205 * x_4))))) + ((-0.0021999999999999997 + (0.47700000000000004 * (-1.5014210843154818 + (0.9501180299183909 * x_1)))) - (1.1 + (70.3 * (-1.0027588296430885 + (0.754864913942272 * x_2)))))) + (-6.5 + (5.3500000000000005 * (-1.387200735049868 + (1.1821489699211438 * x_3)))))))) - (((0.00296 + (-1.0027588296430885 + (0.754864913942272 * x_2))) + (2.88 + (0.896 * (-1.387200735049868 + (1.1821489699211438 * x_3))))) * (-0.41900000000000004 + (-0.07 * tan((0.00849 + (-5.93 * (-1.063756996389881 + (2.0038213187809384 * x_0)))))))))
215_2dplanes,ok,10,NoRef,0.7655633441484934,2.1317088036073986,85,53.81916618347168,,0.1,(((((-0.00654 + (0.019600000000000003 * (-0.004608156951370428 + (1.225208756044367 * x_8)))) + (((-0.0033799999999999998 + (-0.00923 * (-0.00564753644310365 + (1.2246742857045192 * x_4)))) * ((-68.0 + (0.73 * (0.000961008687445924 + (1.224325067806107 * x_7)))) + (0.22 + (-0.097 * (-0.00852028187603578 + (1.223080463106432 * x_9)))))) - (0.915 + (-1.03 * (-0.0035612308857941688 + (1.2234628715060953 * x_5)))))) - ((-0.36100000000000004 + (-0.00284 * (-0.007542546838105635 + (1.2267069793719036 * x_3)))) - ((0.443 + (0.878 * (-0.005790737562637947 + (1.2210868394152956 * x_2)))) - (0.776 + (0.0216 * (0.005300190578787094 + (1.227716872249956 * x_6))))))) - (0.0096 + (-0.791 * (0.006181758858160029 + (1.227360122383773 * x_1))))) + (((0.08180000000000001 + (-0.007391620021877722 + (1.0000273176501469 * x_0))) + (-0.00951 + (0.08380000000000001 * (-0.00852028187603578 + (1.223080463106432 * x_9))))) * (((1.16 * (-0.005790737562637947 + (1.2210868394152956 * x_2))) + (0.993 + (1.84 * (0.006181758858160029 + (1.227360122383773 * x_1))))) + ((0.7060000000000001 + (-1.98 * (-0.00564753644310365 + (1.2246742857045192 * x_4)))) + (0.904 + (0.307 * (-0.007542546838105635 + (1.2267069793719036 * x_3))))))))
218_house_8L,ok,8,NoRef,0.23403947794609403,45801.69861002984,76,53.950735330581665,,0.1,(((((3.46 + (-0.219 * exp((8.66 + (1.2 * cos(((0.00794 + (8.43 * (-0.10801988988219374 + (3.588704079356121e-05 * x_0)))) + (-0.030300000000000004 + (15.1 * arctan((-0.05210000000000001 + (0.0189 * (-8.206877177793153 + (11.45494412822042 * x_3)))))))))))))) * (-0.23600000000000002 + (-0.0874 * (-7.875622162830448 + (1.3179634777497748 * x_6))))) - (-73.10000000000001 + (0.0614 * (-0.4086541858731071 + (7.12287344247703 * x_4))))) * (((68.9 * (-0.24262960728424587 + (23.204458944211208 * x_1))) - (-76.5 + (0.202 * sqrt((-0.41900000000000004 + (83.8 * inv((0.931 + (-0.0013 * (-8.061701010163619 + (16.662839295296614 * x_2))))))))))) + (0.0449 + (-0.231 * (-1.4778853576677324 + (3.018530617638108 * x_7)))))) + ((-89.0 + (0.00522 * (-1.2342016972307135 + (7.193407984280178 * x_5)))) * (-93.8 + (-4.13 * (-1.4778853576677324 + (3.018530617638108 * x_7))))))
225_puma8NH,ok,8,NoRef,0.32946093528117437,4.5816073232487495,57,17.938819408416748,,0.1,((0.01 + (8.0 * cos(((2.0 + (-0.9 * (0.008547353604208574 + (0.9232330594593369 * x_2)))) + (-0.7000000000000001 + (-1.2 * (-0.018781624818002968 + (0.9162726245952064 * x_1)))))))) + (0.1 + (-3.8000000000000003 * sin(((0.01 + (-0.02 * (-0.015994000316161727 + (0.9193579336569845 * x_5)))) + ((0.01 + (-0.02 * (0.004591935970961835 + (0.9196169463114232 * x_0)))) + ((0.01 + (-0.2 * (-0.0030518723807430284 + (2.885758453397036 * x_7)))) + ((0.01 + (0.9 * (0.01992068983137916 + (0.9167847738784176 * x_4)))) + ((0.01 + (9.0 * (-0.005039616277208504 + (0.9178329412505182 * x_3)))) + (0.08 + (0.9 * (0.0012648121662612872 + (2.920123009202326 * x_6)))))))))))))
228_elusage,ok,2,NoRef,0.6233244488753273,13.353731155019764,27,5.427576303482056,,0.1,(0.49500000000000005 + (15.200000000000001 * exp(((1.06 + (0.327 * sin((-0.0171 + (6.55 * (-1.5860891132720205 + (0.27209060102156 * x_1))))))) - ((0.7070000000000001 + (1.71 * (-3.4184354857600585 + (0.06440985979603052 * x_0)))) * (0.266 + (-0.00299 * (-3.4184354857600585 + (0.06440985979603052 * x_0)))))))))
229_pwLinear,ok,10,NoRef,0.4456230380623257,3.346315172427401,94,9.644705772399902,,0.1,(((((7.03 * cos(((-0.027500000000000004 + (-0.0062699999999999995 * (0.04719291781830087 + (1.1798229454575218 * x_9)))) + (0.00494 + (0.898 * (-0.0 + (1.1785113019775793 * x_8))))))) * (((0.00125 + (-0.5670000000000001 * (-0.09374252720097653 + (1.004384220010463 * x_0)))) - (0.00432 + (-0.0328 * (0.032042066805600074 + (1.2015775052100026 * x_3))))) - ((-59.300000000000004 + (-0.136 * (-0.047637054444277724 + (1.1909263611069432 * x_7)))) * (0.0078 + (0.0028699999999999997 * (0.11923929502757463 + (1.1923929502757462 * x_2))))))) + ((-2.5300000000000002 + (1.86 * (-0.05290092118939488 + (1.3225230297348718 * x_4)))) - (-0.00847 + (-0.991 * (0.10840487404402506 + (1.2508254697387506 * x_1)))))) + ((((0.627 + (-0.05290092118939488 + (1.3225230297348718 * x_4))) * (-0.9780000000000001 + (-0.00035 * sin(((93.4 + (0.273 * (0.07482095568419428 + (1.2470159280699047 * x_6)))) + (5.8100000000000005 + (0.0709 * (0.04719291781830087 + (1.1798229454575218 * x_9))))))))) * (-55.2 + (-0.272 * (-0.09374252720097653 + (1.004384220010463 * x_0))))) * (-0.006189999999999999 + (0.034 * cos((-0.00663 + (52.800000000000004 * (-0.05290092118939488 + (1.3225230297348718 * x_4))))))))) - (0.48000000000000004 + (-0.8500000000000001 * (-0.13044826891964448 + (1.2229525211216667 * x_5)))))
230_machine_cpu,ok,6,NoRef,0.5033078139003955,149.1780345303082,71,8.882748126983643,,0.1,((0.08570000000000001 + (-59.6 * arctan(((-0.0065699999999999995 + (-0.993 * exp((-1.060880889671478 + (9.099434385113344e-05 * x_2))))) + (-0.019700000000000002 + (-0.0234 * ((0.0825 + (99.10000000000001 * inv(((-0.06130000000000001 + (-50.6 * sin((-0.021300000000000003 + (0.0049 * (((0.158 + (-0.0786 * ((15.0 + (-2.47 * sin((0.329 + (-9.57 * (-0.7523809190467288 + (0.00365791203201576 * x_0))))))))**2)) + (-7.4 + (0.02 * (-0.7899624088287077 + (0.046874909006191866 * x_5))))))**3))))) * (-0.642 + (0.462 * (-0.6999071030152427 + (0.15710145046097534 * x_4)))))))))**2)))))) * ((0.017900000000000003 + (0.519 * (-0.6188760554008702 + (0.025534161502918738 * x_3)))) - (-1.16 + (-0.644 * (-0.7360505640725639 + (0.00025722312374903104 * x_1))))))
344_mv,ok,10,NoRef,0.9739107118006903,1.6817928433847873,64,58.512067556381226,,0.1,((0.1 + (2.0 * (0.0022175599008513354 + (0.34533070842535996 * x_0)))) - ((0.09000000000000001 + (-0.08 * (1.0227026043797813 + (0.0925111276654878 * x_5)))) * ((90.0 + (-50.0 * (-0.5734730257178989 + (2.3172342056760247 * x_7)))) + (0.001 + (-20.0 * sin(((0.060000000000000005 + (0.09000000000000001 * (-2.5960627430376877 + (0.00867351563626663 * x_8)))) + ((0.01 + (0.09000000000000001 * (8.669798976904845 + (0.6937949743206628 * x_1)))) + ((0.01 + (0.9 * (0.003947964926438745 + (1.7283978578198171 * x_4)))) + ((0.01 + (0.9 * (1.4557788337674649 + (0.330909716064055 * x_3)))) + ((0.006 + (9.0 * (-0.7392532856638294 + (1.4300524144285236 * x_2)))) + ((0.006 + (-0.060000000000000005 * (-18.96847235950167 + (0.017240880942593916 * x_9)))) + (0.07 + (-0.09000000000000001 * (-0.6501808197826888 + (2.1882145014502465 * x_6))))))))))))))))
485_analcatdata_vehicle,ok,4,BFGS,0.35894360027396743,220.47256173685764,76,6.4402124881744385,,0.1,((-0.2359821693794485 + (5.770022264398834 * (-0.9459053029269173 + (2.0030935826687664 * x_2)))) - ((0.008171847934571576 + (0.16286708615075698 * (((9.059966137873607 + (0.4991807869872357 * inv(((0.0017111193666683856 + (0.00445205633802282 * sin((((-93.50561202106786 + (-0.012045783615575898 * (-0.9459053029269173 + (2.0030935826687664 * x_1)))) * ((0.7189826634406311 + (5.209523300775881 * ((-94.50011859523923 + (-0.8944271909999157 + (2.0124611797498106 * x_0))))**2)) * (-4.470122033155322 + (0.07247929694645402 * (-0.9459053029269173 + (2.0030935826687664 * x_1)))))) - (-0.025798690533708726 + (0.6620002653069843 * inv((45.49999999271413 + (-0.9570001628752264 * (-1.3728129459672882 + (0.5883484054145521 * x_3))))))))))) - (0.006368907257704758 + (0.0009088057152728662 * (-0.8944271909999157 + (2.0124611797498106 * x_0)))))))) * ((-0.06766992480426466 + (-0.03499765724002629 * (-0.9459053029269173 + (2.0030935826687664 * x_2)))) - (-0.30973007601623254 + (-0.025902337136682253 * (-0.9459053029269173 + (2.0030935826687664 * x_2)))))))**2)) * (-16.300008141881694 + (0.07692189630791098 * (-0.9459053029269173 + (2.0030935826687664 * x_1))))))
519_vinnie,ok,2,NoRef,0.6664158959622994,1.8165257791303322,57,5.739248752593994,,0.1,(0.7010000000000001 + (0.0976 * abs((((((-2.8402692515564407 + (0.22687128270560133 * x_1)) + (0.0722 + (0.00225 * (-79.38435189356406 + (0.9162329522401391 * x_0))))) + ((0.053700000000000005 + (-0.737 * (-2.8402692515564407 + (0.22687128270560133 * x_1)))) - ((0.00639 + (0.005229999999999999 * (-79.38435189356406 + (0.9162329522401391 * x_0)))) + (-0.5680000000000001 + (-0.027500000000000004 * (-2.8402692515564407 + (0.22687128270560133 * x_1))))))) * (-69.5 + (-0.0688 * ((-0.0067599999999999995 + (-7.41 * (-79.38435189356406 + (0.9162329522401391 * x_0)))))**2))) * (-0.00513 + (4.97 * sqrt((0.049800000000000004 + (0.0081 * tan((-1.6600000000000001 + (-30.7 * (-79.38435189356406 + (0.9162329522401391 * x_0))))))))))))))
522_pm10,ok,7,BFGS,-0.036417609227454406,0.9219716681363191,78,8.751401901245117,,0.1,(((-1.6357866245546501e-06 + (-4.289159316046334e-08 * cos(((-0.06228825939203473 + (0.11443125381421457 * (-0.1632080108509325 + (1.0890214172962316 * x_3)))) + ((0.001341740607965256 + (-0.008698958660430125 * (-1.8465566017011974 + (0.14483554186110628 * x_5)))) + ((0.05881174060796528 + (-0.06653365542796467 * (-1.6583857971143587 + (0.011969986709086652 * x_4)))) + (0.05011174060796528 + (-22.000623881035484 * (-1.7263842862869363 + (0.5282693663353025 * x_2)))))))))) * (-13.849909604839358 + (-3.3529892031521435 * sin(((0.606109024040498 + (0.1277083002225228 * (-1.5365899944590466 + (0.00493078372714948 * x_6)))) - (0.263490975959502 + (9.740403391466971 * (-0.1632080108509325 + (1.0890214172962316 * x_3))))))))) - ((1.1901065504113086 + (0.12691985828628688 * inv((26.999852157989164 + (0.008114206578993727 * sqrt((5.859999742083521 + (-0.08800020139754494 * (-0.1645443304327228 + (0.15911326622439212 * x_1)))))))))) + (-4.414893449588692 + (-2.6341770292529805e-06 * arctan(((-0.010500568904689239 + (90.89816566976171 * (-6.902456158433731 + (0.9765081725805418 * x_0)))) + (-64.5024905689047 + (0.006165669761676613 * (-6.902456158433731 + (0.9765081725805418 * x_0))))))))))
523_analcatdata_neavote,ok,2,NoRef,0.920006121405545,1.1030298707968986,44,4.524521827697754,,0.1,(0.254 + (0.09400000000000001 * sqrt((0.00062 + (0.34 * ((((82.0 * cos((93.2 * (-1.0981267472114393 + (1.004384220010463 * x_0))))) + (((-0.0046099999999999995 * (-29.69625249321158 + (2.9976028761653684 * x_1))) * (-0.47300000000000003 + (-0.0023899999999999998 * (-29.69625249321158 + (2.9976028761653684 * x_1))))) + ((77.9 + (8e-05 * (-29.69625249321158 + (2.9976028761653684 * x_1)))) - (0.00709 + (87.7 * (-1.0981267472114393 + (1.004384220010463 * x_0))))))) + (34.6 + (-0.060000000000000005 * (-29.69625249321158 + (2.9976028761653684 * x_1))))))**2)))))
529_pollen,ok,4,NoRef,0.7402484846626238,1.6446255922133692,66,10.464289903640747,,0.1,((((-3.43 * (-0.0025386365415667506 + (0.09917020022412927 * x_3))) - (0.5900000000000001 + (-0.00715 * (0.003050335580315188 + (0.1932987332901908 * x_1))))) + (((0.0796 + (0.00157 * inv((0.0033399999999999997 + (0.00117 * cos(((0.07740000000000001 + (-63.7 * ((-0.09300000000000001 + (34.7 * (-0.013345361811539617 + (0.12700379671541098 * x_2)))))**2)) - (-0.9450000000000001 + (0.00148 * (-0.013345361811539617 + (0.12700379671541098 * x_2))))))))))) * (4.49 + (-0.0636 * (-0.0025386365415667506 + (0.09917020022412927 * x_3))))) - ((0.00188 + (0.65 * (-0.002663363260045555 + (0.15711645677982072 * x_0)))) + ((-2.63 + (0.7040000000000001 * (-0.013345361811539617 + (0.12700379671541098 * x_2)))) - (0.00172 + (-4.14 * (-0.002663363260045555 + (0.15711645677982072 * x_0)))))))) + (-4.41 + (1.04 * (0.003050335580315188 + (0.1932987332901908 * x_1)))))
537_houses,ok,8,NoRef,0.5186994230621081,80279.0875115651,97,50.67437505722046,,0.1,((3.08 + (7.08 * (-1.2686865683874369 + (0.002360725591800611 * x_3)))) + (-0.0164 + (0.256 * ((-0.0429 + (-0.9470000000000001 * sqrt(((3.8000000000000003 + (9.370000000000001 * sin((0.5760000000000001 + (-0.005549999999999999 * (-2.051179386400735 + (0.5302508492737142 * x_0))))))) - (0.735 + (-87.10000000000001 * ((((((-0.0006399999999999999 * (-2.2697702193245584 + (0.07945340348319206 * x_1))) - (-0.033 + (13.6 * (-2.051179386400735 + (0.5302508492737142 * x_0))))) + (-0.024 + (9.19 * (59.491539791662554 + (0.49754504517747405 * x_7))))) + (9.999999999999999e-05 + (-0.00748 * (((6.3100000000000005 + (0.014100000000000001 * (-1.2016435368981164 + (0.00045582731147629903 * x_2)))) * ((1.92 + (0.00533 * inv((-0.0864 + (-0.6930000000000001 * inv((0.303 + (5.47 * (-1.2715203416733818 + (0.0008925111958354638 * x_4)))))))))) + (-0.08990000000000001 + (0.007359999999999999 * (-1.2981631449097488 + (0.0025999100676634126 * x_5)))))))**2))) - ((-0.34500000000000003 + (-14.0 * (-16.646127423136736 + (0.46716190107648103 * x_6)))) - (-0.277 + (-36.1 * abs((-2.74 + (-0.0505 * (-1.2981631449097488 + (0.0025999100676634126 * x_5))))))))))**2)))))))**2)))
547_no2,ok,7,BFGS,-0.00011945970957860652,0.8041959750714738,59,8.442054510116577,,0.1,((3.997432429541745 + (2.1399523119604136e-06 * (-6.389979434269805 + (0.9171578323886973 * x_0)))) + ((-0.4025675704582526 + (7.453974337250297e-07 * cos((9.946646883414399 * (-1.618666665620929 + (0.011680264768206942 * x_4)))))) + (0.09743242954174508 + (-2.0230179215404257e-06 * sin(((-0.2936266732209684 + (-2.079767141657739 * (-1.7233010789213195 + (0.5619948722095159 * x_2)))) + (-0.06362667322096843 + (-1.08782005127426 * inv(((0.19662993751525754 + (2.9321238516604446 * (-0.14061081742291648 + (0.15526813120444868 * x_1)))) + (-0.013370062484756567 + (-0.0032252353710267435 * inv(((0.011119117513561202 + (-0.0104577723272648 * (-1.836698179159212 + (0.1466386666350233 * x_5)))) + ((0.01111911751356089 + (-0.011307973835656326 * (-0.18347261685282978 + (0.9399211834797822 * x_3)))) + (0.011119117513588543 + (0.009807545824966301 * (-1.5509274781858433 + (0.004978282454566935 * x_6)))))))))))))))))))
556_analcatdata_apnea2,ok,3,BFGS,-0.019364310046035893,3593.69703714756,59,7.6589155197143555,,0.1,(44.25349547521944 + (-114.38493598804173 * ((10.438095071498015 + (28.620285148245465 * arctan((-0.397340045554962 + (-0.05708414411184128 * inv((-0.4457683227972218 + (-1.8015843448998423 * cos((71.59151678875234 + (105.37159358143248 * inv((79.1831495946574 + (0.7741396463603214 * ((((23.18385307580383 + sqrt((87.25551324478724 + (-1.8764006559483637 + (0.18386970369326106 * x_2))))) * (0.26627609326085855 + (0.004884513134315933 * (-1.4304867133245485 + (0.7172581266810412 * x_0))))) * ((-5.587238939780447 + (-213.08365398906702 * (-1.4262823734899885 + (0.705217395781161 * x_1)))) * (-0.8376250403939407 + (24.15587357520704 * exp((-2.4058088547126597 + (59.52349893480704 * (-1.4262823734899885 + (0.705217395781161 * x_1))))))))))**2)))))))))))))))**3))
557_analcatdata_apnea1,ok,3,NoRef,0.043588585186054574,3174.868834919063,32,7.864327669143677,,0.1,(3.72 + (0.006 * sqrt((0.6 + (0.1 * exp((-0.01 + (-34.300000000000004 * cos(((0.9 + (-0.09000000000000001 * (-1.8764006559483637 + (0.18386970369326106 * x_2)))) + ((0.9 + (-0.09000000000000001 * (-1.4262823734899885 + (0.705217395781161 * x_1)))) + (0.006 + (90.0 * (-1.4304867133245485 + (0.7172581266810412 * x_0)))))))))))))))
561_cpu,ok,7,NoRef,0.993351874967244,16.19021902507946,84,9.830394506454468,,0.1,(((((((-0.759 * (-0.6188760554008702 + (0.025534161502918738 * x_4))) - (-61.2 + (66.5 * (-1.060880889671478 + (9.099434385113344e-05 * x_3))))) + ((-0.5940000000000001 + (0.00633 * (-2.086290452647615 + (0.1320865708656769 * x_0)))) + (0.0055899999999999995 + (-24.5 * sqrt((42.300000000000004 + (1.2 * (-0.6999071030152427 + (0.15710145046097534 * x_5))))))))) + (0.0763 + (0.0040999999999999995 * (-2.086290452647615 + (0.1320865708656769 * x_0))))) + ((0.00484 + (-0.00112 * (-2.086290452647615 + (0.1320865708656769 * x_0)))) * (0.63 + (8.96 * (-0.7523809190467288 + (0.00365791203201576 * x_1)))))) * ((-9.72 + (-0.931 * (-0.7899624088287077 + (0.046874909006191866 * x_6)))) * ((0.0678 + (0.018600000000000002 * (-0.6188760554008702 + (0.025534161502918738 * x_4)))) + ((0.00294 + (0.0137 * (-0.7360505640725639 + (0.00025722312374903104 * x_2)))) - (-0.00547 + (-0.01 * cos((-0.28400000000000003 + (-22.5 * ((-0.0955 + (72.5 * (-2.086290452647615 + (0.1320865708656769 * x_0)))))**2))))))))) - (0.908 + (0.056 * (-0.7899624088287077 + (0.046874909006191866 * x_6)))))
564_fried,ok,10,NoRef,0.7067643905677536,2.70554285929063,114,53.37833642959595,,0.1,(((-0.00016999999999999999 + (0.006719999999999999 * (-1.7389950139682637 + (3.470470221314242 * x_5)))) + (((-0.00607 + (2.9 * (-1.7317380629139767 + (3.4570816100128163 * x_3)))) - (-0.638 + (0.00872 * cos(((-45.0 + (-9.55 * arctan(((0.9 + (-72.2 * (-1.7334173736542413 + (3.4631828660639683 * x_9)))) - (-0.00526 + (0.00975 * (-1.730086874860504 + (3.4694118993409164 * x_8)))))))) - (-0.00967 + (5.7700000000000005 * (-1.7361856340062896 + (3.460908254197098 * x_6))))))))) - ((-0.5900000000000001 + (-0.0015099999999999998 * (-1.7334173736542413 + (3.4631828660639683 * x_9)))) - (-0.026400000000000003 + (2.0100000000000002 * (-1.733625748063093 + (3.4676683965677952 * x_0))))))) - ((-9.14 + (-0.00979 * ((14.700000000000001 * (-1.7306025303085084 + (3.4810851356477173 * x_2))))**2)) + (0.196 + (-6.69 * sin((((0.738 * (-1.7376138146088433 + (3.4631318113519547 * x_1))) + (0.799 + (0.326 * (-1.7203195648658454 + (3.460743040826408 * x_4))))) + ((0.0211 + (-0.8530000000000001 * (-1.733625748063093 + (3.4676683965677952 * x_0)))) * ((-0.754 + (-0.00295 * (-1.7203195648658454 + (3.460743040826408 * x_4)))) * (0.00376 + (0.00981 * inv(((-3.12 + (0.5690000000000001 * (-1.7361856340062896 + (3.460908254197098 * x_6)))) - (2.92 + (-9.73 * exp((0.005 + (-8.47 * abs((-0.0021 + (-9.77 * (-1.7320837632415944 + (3.4662480011342827 * x_7))))))))))))))))))))))
579_fri_c0_250_5,ok,5,BFGS,0.40729448633105725,0.7395137845657883,76,5.590988397598267,,0.1,((-1.77 + (4.66 * sqrt((0.031000000000000003 + (-0.00273 * sin(((-0.05910000000000001 + (7.16 * tan((-0.05550000000000001 * (0.001545802874342008 + (1.0108692273054292 * x_3)))))) + (22.7 + (5.61 * inv((84.7 + (67.8 * inv((-0.158 + (0.0946 * (0.023766315349668304 + (1.01780740293125 * x_2))))))))))))))))) - ((-0.77 + (-0.681 * sin(((50.2 + (-0.9880000000000001 * (0.023766315349668304 + (1.01780740293125 * x_2)))) + (-0.00015999999999999999 + (1.48 * (0.009839275916090176 + (0.9978407458402175 * x_1)))))))) + (((0.35400000000000004 * cos((24.1 + (-0.014862916611118899 + (1.0103690000527863 * x_0))))) * (-2.22 + (-0.0671 * (0.04540899642107328 + (0.9930197422332582 * x_4))))) + ((-0.149 + (-0.323 * (0.04540899642107328 + (0.9930197422332582 * x_4)))) - (-0.0098 + (0.66 * (0.001545802874342008 + (1.0108692273054292 * x_3))))))))
591_fri_c1_100_10,ok,10,NoRef,0.2096204433922364,0.9312391670620133,90,8.629707098007202,,0.1,((((5.71 + cos((-0.09630000000000001 + (-0.0019299999999999999 * (-0.09290737103458516 + (1.031958156269465 * x_2)))))) - (-5.76 + (-0.004399999999999999 * (-0.014184533809794076 + (1.0179703111385348 * x_0))))) * (0.0015899999999999998 + (-0.09000000000000001 * cos((-7.69 + (2.0 * (0.023957407126269925 + (1.008438568786406 * x_1)))))))) - ((0.00381 + (-0.0053 * (-0.12512215543641755 + (1.0477901096230489 * x_8)))) - (((0.011000000000000001 * (0.03382957891636247 + (1.0176746705026154 * x_6))) + (-0.00834 + (0.61 * sin(((-0.862 + (0.0171 * exp((64.6 + (-0.0361 * (((0.32 + (-0.00729 * (0.08252571544706172 + (1.0816107049280999 * x_5)))) + (98.10000000000001 + (-0.07540000000000001 * (-0.03780457963308972 + (1.029923637313083 * x_9))))))**2))))) + (0.008799999999999999 + (0.498 * inv((0.0221 + (-0.10700000000000001 * (-0.013921742064165538 + (0.9857119324123377 * x_4)))))))))))) + ((-4.49 + (12.1 * (-0.0573536423056041 + (1.0302122227744204 * x_3)))) * (-0.1 + (-0.0514 * inv((-0.49000000000000005 + (-0.07 * (-0.027138908246964612 + (1.0016489423346386 * x_7)))))))))))
593_fri_c1_1000_10,ok,10,NoRef,0.7050092016642938,0.5553510783965946,69,9.437553882598877,,0.1,((-0.3 + (0.4 * (-0.014398606213345927 + (0.9973686862453554 * x_3)))) + ((0.01 + (1.4000000000000001 * sin(((0.7000000000000001 + (-0.2 * (0.02983208584086124 + (0.991180014269566 * x_2)))) + ((0.02 + (0.013000000000000001 * (0.02584841970639163 + (1.0157575312005551 * x_0)))) * ((-0.01 + (-90.0 * (0.01605377987540209 + (1.0097294742830483 * x_1)))) + (-0.01 + (0.01 * (0.005091200530134842 + (1.0013364315770596 * x_8)))))))))) + (0.01 + (0.2 * cos(((0.07 + (0.9 * (-0.02552583270288602 + (1.011101800244494 * x_5)))) + ((0.02 + (0.9 * (0.014957214312650844 + (1.003239468164466 * x_9)))) + ((0.030000000000000002 + (-0.9 * (-0.012367529823537449 + (0.9944087598140563 * x_7)))) + ((0.060000000000000005 + (-0.9 * (-0.001593381729548922 + (1.0070370698496123 * x_4)))) + (0.6 + (-0.6 * (0.020771142018303983 + (1.006948258920335 * x_6)))))))))))))
594_fri_c2_100_5,ok,5,BFGS,-0.02105464278372171,0.9603134351496574,67,5.11109733581543,,0.1,(((((0.017510980157191568 + (0.007193557712451985 * (-0.007940850755760532 + (0.991444651270151 * x_4)))) + (0.9334109801571925 + (-0.02901817272626128 * (0.06761805754582709 + (1.0053402274731527 * x_2))))) - (((0.8488089760778836 + (-0.007940850755760532 + (0.991444651270151 * x_4))) + (91.39880897607796 + (-2.6302412838824516 * (((16.811572161475848 + (0.6627603221088944 * (((-8.462170855801064 + (0.44300908751272094 * (0.003532520300817216 + (0.9962952978109351 * x_3)))) * (-6.986370494670589e-05 + (0.00052086104722397 * (0.059172121142651225 + (1.058020268789069 * x_0))))))**2)) - (8.058427838524157 + (-0.001626280422788135 * (-0.007940850755760532 + (0.991444651270151 * x_4))))))**3))) * ((-0.13832134646135658 + (-0.016450546538457855 * (0.07525924471975529 + (1.0422694177904375 * x_1)))) - (-0.0017386535386613533 + (5.511387617944732e-06 * (-0.007940850755760532 + (0.991444651270151 * x_4))))))) * (0.019666461793406094 + (-2.2833856294132385e-06 * (0.06761805754582709 + (1.0053402274731527 * x_2))))) - (-4.515711450779754 + (-0.5408562673684328 * (0.07525924471975529 + (1.0422694177904375 * x_1)))))
595_fri_c0_1000_10,ok,10,NoRef,0.6921021152632195,0.5120524929629907,103,9.512961149215698,,0.1,((((0.016 + (-0.0010410835911537015 + (1.0180561384154634 * x_0))) + (-0.00419 + (1.36 * sin((0.00967 + (-0.08080000000000001 * (0.01851697998179921 + (1.0023054996314156 * x_5)))))))) * (0.34 + (-0.184 * (-0.0010410835911537015 + (1.0180561384154634 * x_0))))) + ((-0.00299 + (0.442 * (-0.007874789400257076 + (0.9923552046780444 * x_4)))) - ((0.8140000000000001 + (-0.402 * (0.0013776812215936672 + (0.981622276946545 * x_1)))) + ((((0.0776 * (-0.022120537282747144 + (1.0096396893340729 * x_9))) + (((-0.052700000000000004 + (-0.00565 * (0.013542379830591022 + (0.9960388829592827 * x_3)))) + (0.498 + (0.0003 * inv((19.0 + (-0.0371 * (-0.015790702039104078 + (0.9955002435906101 * x_8)))))))) - (0.0007599999999999999 + (0.523 * sqrt((0.00739 + (1.67 * abs((0.0727 + (0.684 * (0.017202001564991225 + (0.9925934684989274 * x_2)))))))))))) + (-0.0073999999999999995 + (-0.68 * (0.013542379830591022 + (0.9960388829592827 * x_3))))) - ((0.008749999999999999 + (0.044700000000000004 * abs((-0.00154 + (-15.9 * (0.017202001564991225 + (0.9925934684989274 * x_2))))))) - (-0.305 + (-2e-05 * sqrt(((75.2 + (-7.59 * (-0.00694386061922123 + (0.9937825877298289 * x_7)))) * (4.6000000000000005 + (-0.524 * (-0.004406990766161616 + (0.9961074269383714 * x_6)))))))))))))
596_fri_c2_250_5,ok,5,NoRef,0.4721108093817441,0.7565235510312263,60,7.1984639167785645,,0.1,((-0.0897 + (-0.0234 * (-0.0028595658841998293 + (1.0209950031193176 * x_1)))) * (((((-0.0036 + sin(((-3.39 + (1.1300000000000001 * (0.012923134393778358 + (0.9771917787108815 * x_0)))) - (0.266 + (-1.84 * (-0.0028595658841998293 + (1.0209950031193176 * x_1))))))) + (((0.008239999999999999 + (0.006225346346397276 + (1.017118865752266 * x_3))) - ((-0.00282 + (0.0712 * (-0.016254618443318096 + (0.9910777960291338 * x_2)))) - (0.663 + (0.00091 * (-0.051982931308086906 + (1.0248931886511705 * x_4)))))) * (0.28300000000000003 + (-0.006829999999999999 * (-0.016254618443318096 + (0.9910777960291338 * x_2)))))) * (2.33 + (-0.00511 * (0.012923134393778358 + (0.9771917787108815 * x_0))))) - (-0.030900000000000004 + (0.375 * (-0.051982931308086906 + (1.0248931886511705 * x_4))))) * (-6.3500000000000005 + (-0.00879 * (-0.016254618443318096 + (0.9910777960291338 * x_2))))))
597_fri_c2_500_5,ok,5,NoRef,0.706769882827196,0.5615263486608093,40,8.303752183914185,,0.1,((-0.1 + (0.4 * (-0.007318019282952631 + (0.9937597747103427 * x_3)))) + ((-0.1 + (0.25 * (-0.01989675537925552 + (0.9994270508062848 * x_4)))) + (-0.3 + (1.8 * sin(((0.09000000000000001 + (0.060000000000000005 * (-0.02635367553067046 + (0.9699948409936098 * x_1)))) * ((9.0 + (-14.200000000000001 * (-0.02635367553067046 + (0.9699948409936098 * x_1)))) + ((-0.2 + (-9.9 * (-0.023255933401365076 + (0.9755371435218841 * x_0)))) + (-2.0 + (-3.2 * (-0.018391923078629857 + (0.9679110276121853 * x_2))))))))))))
599_fri_c2_1000_5,ok,5,NoRef,0.37658799150617583,0.7340800189834003,38,6.068870306015015,,0.1,(((0.3 * (-0.02054392051970226 + (0.98830361068273 * x_4))) + (-0.3 + (0.4 * (-0.01926419293919688 + (0.9929528981749398 * x_3))))) + ((0.02 + (0.009 * (-0.02181696735271353 + (0.9947246711561577 * x_1)))) * ((0.1 + (-60.0 * sin(((-0.7000000000000001 + (1.8 * (-0.02352725278318891 + (0.9994382833844507 * x_0)))) + (0.1 + (1.3 * (-0.02181696735271353 + (0.9947246711561577 * x_1)))))))) + (0.6 + (-8.5 * (-0.03440778921459298 + (1.0042549176985838 * x_2)))))))
601_fri_c1_250_5,ok,5,NoRef,0.32229055900785275,0.8080935205796779,39,8.541098594665527,,0.1,((0.01 + (0.4 * (0.025635528178704497 + (0.96920553005278 * x_3)))) + ((-0.1 + (1.4000000000000001 * sin(((-0.3 + (-0.2 * (-0.011311983981500613 + (1.0114596703893468 * x_0)))) * (-4.0 + (7.0 * (-0.006934093437570976 + (0.9935797951849735 * x_1)))))))) + (-0.3 + (-0.4 * sin(((0.7000000000000001 + (2.0 * (-0.024294262440642228 + (0.9894939519910674 * x_2)))) + (0.2 + (-0.9 * (-0.016594463510465417 + (1.0158013697433474 * x_4))))))))))
602_fri_c3_250_10,ok,10,NoRef,0.33699230294130145,0.8069933395274271,93,8.518955945968628,,0.1,((0.046000000000000006 + (0.0011099999999999999 * (-0.0321306609826703 + (1.0171204494954607 * x_2)))) * ((((8.15 * (-0.062301124106462095 + (1.026072345096802 * x_3))) + ((-0.039900000000000005 + (0.036000000000000004 * (0.01106901342971983 + (0.9994693299932381 * x_8)))) + (((-56.5 + (-0.0009000718129920188 + (0.9837450752294318 * x_5))) * (-7.76 + (-0.020200000000000003 * (0.0008424608236839697 + (1.020253771137929 * x_0))))) * ((0.029 + (-0.019000000000000003 * (-0.0321306609826703 + (1.0171204494954607 * x_2)))) - (-0.0134 + (-0.683 * abs((-0.00295 + (0.8300000000000001 * arctan((((0.00109 + (1.26 * (0.0008424608236839697 + (1.020253771137929 * x_0)))) * (-0.07100000000000001 + (-0.09720000000000001 * (-0.0019419209876484118 + (1.0102414239500976 * x_1))))) - (-0.136 + (-0.019600000000000003 * (-0.03354802892354229 + (0.9982560051104585 * x_4))))))))))))))) + (-41.9 + (-2.48 * arctan(((-47.800000000000004 + (0.8440000000000001 * (((6.0 + (-0.9900000000000001 * (0.04732723074157652 + (1.0069295825441027 * x_9)))) * (0.0042699999999999995 + (-6.9 * (-0.017380280715068894 + (0.9989589776179207 * x_6))))))**2)) * (0.7030000000000001 + (56.4 * (-0.0019419209876484118 + (1.0102414239500976 * x_1))))))))) - (-0.397 + (-0.00203 * (0.07697369017522888 + (1.0106026217622155 * x_7))))))
604_fri_c4_500_10,ok,10,NoRef,0.6716747247380239,0.5428517548936579,75,10.922872543334961,,0.1,((-0.1 + (0.4 * (-0.022848327088621792 + (1.0073587733856983 * x_3)))) + ((0.02 + (0.01 * (-0.03245279511128268 + (1.0095284608921509 * x_1)))) * ((-0.01 + (-60.0 * sin(((-0.7000000000000001 + (1.8 * (-0.03245279511128268 + (1.0095284608921509 * x_1)))) + (0.1 + (1.5 * (-0.050549634428622446 + (1.0078389511755876 * x_0)))))))) + ((0.01 + (-9.0 * (-0.03767780720009564 + (0.9909042877629544 * x_2)))) + ((0.1 + (0.01 * (-0.013830974870376093 + (1.0327682986131717 * x_8)))) + (0.3 + (-9.0 * sin(((0.030000000000000002 + (0.6 * (-0.010470490532380217 + (0.9636735314323082 * x_5)))) + ((0.060000000000000005 + (0.6 * (-0.0376470033191177 + (0.9863282966003358 * x_7)))) + ((0.006 + (-0.6 * (-0.009823851215936841 + (0.9955489275653595 * x_9)))) + ((0.006 + (0.9 * (-0.03251203820478602 + (0.9771543770200576 * x_4)))) + (-0.07 + (-8.0 * (0.02075802544730086 + (0.9816377912546365 * x_6))))))))))))))))
606_fri_c2_1000_10,ok,10,NoRef,0.5660614400035661,0.6562357486651595,73,10.630336046218872,,0.1,((0.02 + (0.006999999999999999 * (0.0037464654537897103 + (1.012988434525157 * x_1)))) * (((20.0 * (-0.0275091714814239 + (0.9988153273470957 * x_3))) + (-0.01 + (70.0 * cos(((0.7000000000000001 + (2.0 * (0.015595446846595199 + (1.0046282529166428 * x_0)))) + (-0.009 + (1.0 * (0.0037464654537897103 + (1.012988434525157 * x_1))))))))) + ((-0.01 + (9.0 * (0.0252246007148082 + (1.0000293451870816 * x_4)))) - ((0.01 + (20.0 * (-0.006445880621819959 + (0.9982658964011801 * x_2)))) + (0.1 + (0.001 * inv(((0.030000000000000002 + (0.030000000000000002 * (-0.012690920055838294 + (0.9983431343713091 * x_8)))) + ((0.030000000000000002 + (0.030000000000000002 * (0.013762012772497802 + (0.9951732801125363 * x_7)))) + ((0.060000000000000005 + (0.060000000000000005 * (0.037916365349855555 + (1.0026808223650083 * x_5)))) + ((0.060000000000000005 + (0.060000000000000005 * (-0.0010830797303034308 + (0.994623528530151 * x_9)))) + (0.060000000000000005 + (0.060000000000000005 * (-0.007153342007069419 + (0.9860449185539343 * x_6)))))))))))))))
608_fri_c3_1000_10,ok,10,NoRef,0.7272245139637912,0.49556610899396353,84,9.830965280532837,,0.1,(((0.00615 + ((0.008159999999999999 + (-0.014600000000000002 * (9.850256791180024e-05 + (0.9994665635306073 * x_2)))))**2) - (-0.00911 + (-0.00418 * (-0.038014874657902376 + (0.995631325319176 * x_0))))) * (((27.2 * (0.009416248145216315 + (0.9939440659322935 * x_3))) + (0.069 + (0.049400000000000006 * (-0.038014874657902376 + (0.995631325319176 * x_0))))) + (((((7.07 * cos(((23.8 + (0.903 * (-0.038014874657902376 + (0.995631325319176 * x_0)))) + (-69.3 + (1.3900000000000001 * (-0.037030762194222154 + (0.9980651797732937 * x_1))))))) * (-12.5 + (-5.59 * (-0.037030762194222154 + (0.9980651797732937 * x_1))))) + (0.0204 + (0.41700000000000004 * inv((0.037200000000000004 + (-31.8 * (-0.00860951487468421 + (1.003076378727523 * x_5)))))))) + ((4.0 + (-0.897 * (-0.007896361688964043 + (0.9867918456797293 * x_4)))) + (((-0.7110000000000001 + (-0.011745172498116557 + (1.0005269079029677 * x_7))) * (-86.3 + (-0.00775 * (0.0266839591768938 + (1.011117815457634 * x_6))))) * (-0.0069099999999999995 + (0.00902 * (0.0062216902779914035 + (1.0038563736198347 * x_8))))))) - (0.027500000000000004 + (0.0059 * (0.03318772373889045 + (1.0071590974129074 * x_9)))))))
609_fri_c0_1000_5,ok,5,NoRef,0.6261825061099437,0.6285093016921374,72,6.144462823867798,,0.1,((0.04020000000000001 + (0.5740000000000001 * (-0.015771485409499013 + (0.9973437162088609 * x_0)))) + (((0.762 + (-0.639 * (((-0.9820000000000001 + (-0.614 * (0.0012925350246148406 + (0.9984346905011474 * x_1)))) + ((0.00202 + (-0.523 * ((((0.44 * (0.02682848393576792 + (0.9988482731565229 * x_2))) * (1.6400000000000001 + (-0.0854 * (0.0012925350246148406 + (0.9984346905011474 * x_1))))) + (0.00516 + (-0.00416 * (-0.020513198281139136 + (1.0063765365979762 * x_3))))))**2)) + (1.1500000000000001 + (-0.0675 * (-0.020513198281139136 + (1.0063765365979762 * x_3)))))))**2)) - (-0.054000000000000006 + (-0.636 * (0.0012925350246148406 + (0.9984346905011474 * x_1))))) - (((0.683 + (0.34700000000000003 * cos((0.549 + (69.4 * (0.02682848393576792 + (0.9988482731565229 * x_2))))))) - (0.002 + (0.23900000000000002 * (0.02545764035481813 + (1.0018713256073921 * x_4))))) - (0.14800000000000002 + (0.56 * (-0.020513198281139136 + (1.0063765365979762 * x_3)))))))
611_fri_c3_100_5,ok,5,NoRef,-0.23836042531874813,1.069953123297836,79,7.825908660888672,,0.1,((-0.0193 + (0.0027099999999999997 * inv(((0.0013 + (-0.313 * inv(((-9.01 + (0.05840000000000001 * (-0.007694919552952136 + (1.0408884431674685 * x_2)))) - (0.00208 + (0.00972 * (-0.018599824173813412 + (0.9568658063032687 * x_3)))))))) - (38.6 + (9.26 * (-0.018599824173813412 + (0.9568658063032687 * x_3)))))))) * (((91.10000000000001 + (-0.551 * (0.029663122756589853 + (1.0696983666003432 * x_4)))) - (4.3500000000000005 + (2.94 * abs(((88.9 + (0.767 * (0.029663122756589853 + (1.0696983666003432 * x_4)))) * (((0.025400000000000002 + (0.033400000000000006 * (0.015584268546261893 + (1.0091697615373485 * x_1)))) * (0.00631 + (-8.59 * (0.04537614058860511 + (1.0326351702933254 * x_0))))) - ((-0.44 + (0.387 * (0.015584268546261893 + (1.0091697615373485 * x_1)))) - (0.0064199999999999995 + (0.23 * sin((-0.00524 + (-0.223 * (-0.018599824173813412 + (0.9568658063032687 * x_3)))))))))))))) - (-46.300000000000004 + (0.043300000000000005 * (0.029663122756589853 + (1.0696983666003432 * x_4))))))
612_fri_c1_1000_5,ok,5,NoRef,0.3446182449923102,0.8305512166914765,84,6.569344758987427,,0.1,(((-0.47000000000000003 * cos(((0.040600000000000004 + (-0.058 * (0.028361073163695686 + (1.0029582976000542 * x_0)))) - (0.535 + (9.36 * abs((-7.24 + (-96.3 * (-0.01290481159238879 + (0.9997798316071159 * x_2)))))))))) - (0.027500000000000004 + (-1.27 * sin(((7.43 + (-1.59 * (0.04414941363141431 + (0.9949537479694303 * x_1)))) + (0.00838 + (-0.0883 * abs((-7.0600000000000005 + (-15.4 * (0.028361073163695686 + (1.0029582976000542 * x_0)))))))))))) + (-0.00056 + (-0.498 * arctan(((((0.00981 + (-0.007550662853764807 + (0.9990080055034967 * x_4))) + (0.00033999999999999997 + (7.86 * (-0.0099129025292929 + (1.0056673076801952 * x_3))))) * (-5.7700000000000005 + (3.85 * (0.04414941363141431 + (0.9949537479694303 * x_1))))) - ((0.00433 + (0.22 * (0.028361073163695686 + (1.0029582976000542 * x_0)))) + (0.09720000000000001 + (-0.0058 * abs((0.14 + (-0.0014 * ((-0.010400000000000001 + (-0.0020399999999999997 * (0.04414941363141431 + (0.9949537479694303 * x_1)))))**2)))))))))))
613_fri_c3_250_5,ok,5,NoRef,0.5839646565135782,0.6232448722006235,58,8.129194021224976,,0.1,(((9.42 + (-0.05175139571751824 + (0.9816906897843751 * x_0))) - (3.67 + (-0.10400000000000001 * (0.025125842183089057 + (1.0346361112433717 * x_4))))) * (((-0.0007 + (0.09150000000000001 * (0.031268182803062344 + (1.0349005634692294 * x_3)))) * (0.874 + (0.331 * (0.03802528343698435 + (1.0322330990819262 * x_2))))) - (0.006509999999999999 + (0.28 * sin((((0.74 * (-0.05175139571751824 + (0.9816906897843751 * x_0))) + (0.00876 + (-8.41 * sin((0.023000000000000003 + (-0.222 * (-0.04591569486596349 + (1.0103725666904486 * x_1)))))))) + (-0.35400000000000004 + (0.738 * sin(((-0.034 + (40.800000000000004 * (0.03802528343698435 + (1.0322330990819262 * x_2)))) * (-0.0052699999999999995 + (0.0684 * (-0.05175139571751824 + (0.9816906897843751 * x_0))))))))))))))
615_fri_c4_250_10,ok,10,BFGS,-0.0035473728445241104,1.059812846689262,97,11.541355848312378,,0.1,((-0.0005875736668366932 + (1.5054438470034973e-06 * ((-1.2780922726835457 + (0.0018846001376492192 + (1.0141889608765993 * x_7))))**2)) * ((-10.132552160866526 + (0.018486988271423793 * ((-3.3685304416476556 * (-0.007831908098131403 + (1.0357138669912045 * x_4))))**3)) + ((((13.576349220734445 * (-0.004740925081355005 + (1.002936400338501 * x_2))) * (-0.04329895298752387 + (0.13033514424029305 * ((-2.66936954502961 + (0.03183051689403916 * abs((0.052947237958569315 + (-0.021284562695086363 * (-0.004920383790809412 + (0.9834695552998227 * x_9))))))))**2))) + ((0.8125502368741561 + (-2.4483564818502566 * (0.0273811460321043 + (0.9910631942451028 * x_1)))) * (-0.5557509721049217 + (8.283075638446892 * cos((((-1.1383109130164208 + (0.02084051935637448 + (1.0142844267617235 * x_0))) - (-1.2546890869825746 + (0.4239332329168975 * (0.0273811460321043 + (0.9910631942451028 * x_1))))) * ((-0.035307993256540174 + (-21.104293592070537 * ((0.5512430466575089 + (0.11803314781289277 * arctan((99.70000648659531 + (-0.02006656047907404 * (-0.02442660701689463 + (0.9870696003842095 * x_5))))))))**2)) - ((-0.018322006743317944 + (-2.507337858365004 * (0.03886957905877324 + (1.0217230038556153 * x_8)))) + (-0.840092006743082 + (-0.5933515885003974 * ((0.14241401367393533 + (0.37046033206461976 * (0.01676436701027655 + (1.0197945928384138 * x_6)))))**3)))))))))) + (-32.1625521608611 + (-17.839762283490536 * (-0.06901304466924271 + (0.996624963368569 * x_3)))))))
617_fri_c3_500_5,ok,5,NoRef,0.2300631643720329,0.8717143561350073,39,5.860992193222046,,0.1,((-0.1 + (-0.4 * (-0.010819450708285803 + (0.9912637284491312 * x_2)))) + ((-0.1 + (0.5 * (-0.004681777591221509 + (0.9998938308860388 * x_3)))) + (-0.1 + (1.6 * sin(((0.02 + (-0.060000000000000005 * (-0.035621285825188004 + (1.0011902687099414 * x_1)))) * ((30.0 + (20.0 * (-0.019156019806006844 + (1.002772642325463 * x_0)))) + (0.1 + (9.9 * sin((0.2 + (9.9 * (-0.013931525512858223 + (0.9936422075905179 * x_4))))))))))))))
621_fri_c0_100_10,ok,10,NoRef,0.40553350224647566,0.7073547191686246,84,8.908535718917847,,0.1,((0.0665 + (0.00943 * (-0.001896316636310188 + (0.9985119984737308 * x_0)))) * (((7.73 * (-0.001896316636310188 + (0.9985119984737308 * x_0))) + (-0.801 + (0.018000000000000002 * (0.016962889800984267 + (0.972426783739522 * x_9))))) + (((4.75 * (-0.05827754169242096 + (0.968576372828663 * x_4))) - ((0.522 + (0.108 * inv((-0.993 * (-0.06727071528521915 + (0.99834634102141 * x_7)))))) + (-0.002 + (-6.92 * (-0.009843263047722437 + (0.9635854950149011 * x_1)))))) + (((0.0907 + (12.3 * (0.06536656227346585 + (0.9847252211306581 * x_3)))) - (0.030600000000000002 + (4.74 * sin((((0.9610000000000001 * (0.017612061173265667 + (0.993948174270799 * x_6))) * (1.23 + (-0.8240000000000001 * (((-0.225 + (1.51 * (0.06536656227346585 + (0.9847252211306581 * x_3)))) * (0.00814 + (7.79 * (-0.06727071528521915 + (0.99834634102141 * x_7))))))**2))) + ((1.6300000000000001 + (-6.36 * (0.13191308996748569 + (1.008935854862172 * x_8)))) - (-0.8300000000000001 + (-5.2 * (0.048338139762825014 + (1.0198506354457109 * x_2)))))))))) - (-0.112 + (-1.78 * (0.0418894885218307 + (1.0037247672811866 * x_5))))))))
623_fri_c4_1000_10,ok,10,NoRef,0.6225090742248072,0.6175580477548857,68,10.736594915390015,,0.1,((0.02 + (0.008 * (-0.018850326435166848 + (1.014306403397221 * x_1)))) * (((25.0 * (0.02665567913072425 + (1.0062320933252393 * x_3))) + (-0.01 + (-60.0 * sin(((-0.7000000000000001 + (2.0 * (-0.018850326435166848 + (1.014306403397221 * x_1)))) + (0.2 + (1.0 * (-0.004974917793724438 + (1.0081423757486816 * x_0))))))))) + ((-0.1 + (-20.0 * (0.015313099948762496 + (1.026598602598494 * x_2)))) + ((0.001 + (-0.02 * (-0.002838271784008534 + (0.9998793454702908 * x_9)))) * ((0.02 + (0.060000000000000005 * (0.011887893201643289 + (1.0086532708387865 * x_5)))) + ((0.060000000000000005 + (0.08 * (-0.008076131752791182 + (0.9949326698782162 * x_8)))) + ((0.060000000000000005 + (0.08 * (0.0024445073601457785 + (0.9937439048915868 * x_7)))) + ((0.060000000000000005 + (0.060000000000000005 * (0.019883269201272067 + (1.0341914933586906 * x_4)))) + (0.08 + (-0.08 * (0.01199578620874977 + (0.9959138956934073 * x_6))))))))))))
624_fri_c0_100_5,ok,5,NoRef,0.35753083906676286,0.7514993306780784,54,6.094507217407227,,0.1,(((0.0052499999999999995 + (0.28500000000000003 * (-0.05377504205902622 + (1.0348540819808323 * x_4)))) - (((-9.93 * (-0.0027416392382741015 + (1.0185229383309313 * x_2))) * (0.00062 + (-0.031900000000000005 * sin((-0.00503 + (-5.1000000000000005 * (-0.05377504205902622 + (1.0348540819808323 * x_4)))))))) + (0.6880000000000001 + (-0.308 * (0.026415944924684017 + (1.0337130785348498 * x_1)))))) - ((0.09440000000000001 + (-0.48200000000000004 * arctan((44.300000000000004 + (-8.73 * ((-0.0678 + (-3.9 * (0.08609077295340371 + (0.9899087827016909 * x_0)))))**3))))) - ((0.1 + (0.5830000000000001 * (0.0477177767408467 + (1.0173968744905992 * x_3)))) * (1.01 + (-0.061000000000000006 * (-0.0027416392382741015 + (1.0185229383309313 * x_2)))))))
627_fri_c2_500_10,ok,10,NoRef,0.6713243293714752,0.5768446473236228,73,8.933313369750977,,0.1,((0.02 + (0.009 * (0.03783047061169431 + (0.984868799068989 * x_1)))) * (((20.0 * (-0.02214686087686114 + (0.9927216126457311 * x_3))) + ((-0.01 + (70.0 * sin(((0.7000000000000001 + (-1.6 * (0.03783047061169431 + (0.984868799068989 * x_1)))) + (0.01 + (-1.3 * (0.02057766815454052 + (0.9884808762880251 * x_0)))))))) + (-0.01 + (-20.0 * (0.004239975824385418 + (0.9811108441784172 * x_2)))))) + ((-0.1 + (9.0 * (0.02529182167728417 + (0.9857221072692208 * x_4)))) + ((-0.1 + (-0.1 * (0.030990580326735594 + (1.0100895021119929 * x_5)))) + (-6.0 + (-0.01 * inv(((0.030000000000000002 + (-0.02 * (-0.03110995760099501 + (0.993015608156509 * x_8)))) + ((0.01 + (-0.02 * (0.0442256063316944 + (0.9804835323660217 * x_7)))) + ((-0.1 + (0.1 * (-0.01184796204652521 + (0.9973838179785073 * x_9)))) + (0.01 + (0.02 * (0.05544799730846634 + (1.0058075266837374 * x_6))))))))))))))
628_fri_c3_1000_5,ok,5,NoRef,0.7129141106619068,0.5220307090999343,58,7.051391124725342,,0.1,((-0.053700000000000005 + (0.41300000000000003 * (-0.008331133790759272 + (1.0032992619505186 * x_3)))) - (((-0.00745 + (0.00945 * (-0.015114831231098764 + (0.9757726387040605 * x_2)))) * (24.2 + (8.43 * (-0.010282230545387482 + (0.9971902771250829 * x_0))))) - (((-0.0145 + (-0.032 * (-0.004376121238925437 + (1.004182159679096 * x_1)))) * ((2.99 + (-0.09440000000000001 * (-0.018512678086582805 + (0.9792496109971017 * x_4)))) - (-8.43 + (9.63 * (-0.010282230545387482 + (0.9971902771250829 * x_0)))))) - ((0.09770000000000001 + (-0.00065 * (-0.008331133790759272 + (1.0032992619505186 * x_3)))) + (-0.007699999999999999 + (-1.05 * cos(((-1.98 + (-1.92 * (-0.004376121238925437 + (1.004182159679096 * x_1)))) - (-0.645 + (0.933 * (-0.010282230545387482 + (0.9971902771250829 * x_0))))))))))))
631_fri_c1_500_5,ok,5,NoRef,0.48914271188994773,0.6982638511506025,63,6.5594801902771,,0.1,(((0.00081 + (0.375 * sin(((0.0378 + (-35.300000000000004 * (0.046884630964772786 + (0.994030441990353 * x_2)))) * ((-71.60000000000001 + (0.11800000000000001 * (-0.03206677512928165 + (1.0129911571116028 * x_1)))) - (-0.0095 + (-96.8 * (-0.005713687936860914 + (1.0182021235040317 * x_4))))))))) - (((0.008199999999999999 + (-1.6600000000000001 * cos((((-0.00581 + (-0.07100000000000001 * (-0.03206677512928165 + (1.0129911571116028 * x_1)))) * (18.900000000000002 + (14.700000000000001 * (-0.0039939418357916945 + (1.0084124975439617 * x_0))))) - (0.888 + (-0.079 * (-0.005713687936860914 + (1.0182021235040317 * x_4)))))))) - (0.0194 + (0.438 * (-0.042937717179456034 + (0.9983426300511196 * x_3))))) - (0.00404 + (0.07390000000000001 * (-0.005713687936860914 + (1.0182021235040317 * x_4)))))) - (-0.015500000000000002 + (0.08760000000000001 * (0.046884630964772786 + (0.994030441990353 * x_2)))))
634_fri_c2_100_10,ok,10,NoRef,-0.19149126507383674,0.964367972660817,89,11.324016571044922,,0.1,((0.02 + (0.006 * (0.015738714047980426 + (0.9821675782499821 * x_0)))) * ((0.01 + (60.0 * sin(((0.02 + (0.009 * (-0.014298651727035755 + (1.00612092999361 * x_4)))) * ((0.09000000000000001 + (-90.0 * (-0.020062360233855284 + (0.9870878067315619 * x_1)))) + (30.0 + (-0.01 * inv((0.02 + (0.02 * inv((0.030000000000000002 + (-0.9 * inv((0.9 + (-0.030000000000000002 * inv((0.030000000000000002 + (0.030000000000000002 * inv(((0.09000000000000001 + (0.030000000000000002 * (-0.13483358610552693 + (1.0170777103159825 * x_8)))) + ((0.09000000000000001 + (0.030000000000000002 * (0.0015757073595106422 + (1.0294988474779494 * x_5)))) + (0.09000000000000001 + (-0.030000000000000002 * (0.08802312230468394 + (1.0301009280273568 * x_7)))))))))))))))))))))))))) + ((0.01 + (-20.0 * (0.05538423510963775 + (1.0426344054040162 * x_9)))) + ((0.01 + (-0.009 * (0.0011302767579470716 + (0.9655861384285174 * x_2)))) + ((0.01 + (-9.0 * (-0.046136040507862186 + (0.9982157756036302 * x_6)))) + (0.01 + (9.0 * (-0.022821587410394806 + (0.9780503006776734 * x_3)))))))))
635_fri_c0_250_10,ok,10,NoRef,0.6880177695748495,0.6076169096986224,93,7.300328254699707,,0.1,((-0.45 + (-0.9380000000000001 * cos(((-0.043100000000000006 + (-0.872 * (0.006458287809097258 + (1.0071002968569993 * x_1)))) - ((1.86 + (1.17 * (0.045051625792485145 + (0.9970908251043785 * x_0)))) - (0.00328 + (0.0023599999999999997 * (0.05305292880630936 + (0.9890520169160456 * x_2))))))))) - ((((((0.05305292880630936 + (0.9890520169160456 * x_2)) * (-2.85 + (4.14 * (0.05305292880630936 + (0.9890520169160456 * x_2))))) + (0.0122 + (9.92 * (0.000503454045596793 + (1.0075331403923988 * x_3))))) - (0.0044399999999999995 + (0.00686 * (-0.057224350624999754 + (1.0138270465132404 * x_5))))) * (-0.0614 + (0.0034999999999999996 * (0.05527469846367338 + (1.002201784919085 * x_6))))) - (((-5.28 + (0.045051625792485145 + (0.9970908251043785 * x_0))) * (-6.91 + (0.00116 * (0.026813324838421335 + (0.984911187101232 * x_7))))) * ((0.149 + (-0.00728 * cos((((0.0183 + (-0.7190000000000001 * (-0.005633965029450988 + (0.9982732837290494 * x_8)))) * (0.0017499999999999998 + (97.7 * (-0.017008204424994344 + (1.0238011449840445 * x_4))))) - ((-8.47 + (7.8 * (-0.017008204424994344 + (1.0238011449840445 * x_4)))) + (-63.4 + (-46.1 * (-0.005633965029450988 + (0.9982732837290494 * x_8))))))))) * (0.07260000000000001 + (-0.00031999999999999997 * (-0.08418155085129458 + (0.9854745612424454 * x_9))))))))
641_fri_c1_500_10,ok,10,NoRef,0.7776479543519927,0.4775544608175257,70,13.863028764724731,,0.1,((0.01 + (0.3 * (0.0218401702271338 + (1.018242464264746 * x_3)))) + ((0.02 + (0.009 * (0.007826966485183674 + (0.9829622259298316 * x_1)))) * ((-0.3 + (-70.0 * sin(((-0.7000000000000001 + (1.7 * (0.019896274875136167 + (0.9745598642997607 * x_0)))) + (0.4 + (0.9 * (0.007826966485183674 + (0.9829622259298316 * x_1)))))))) + ((0.001 + (0.2 * (0.020323314468205945 + (1.0031509434323806 * x_2)))) * ((0.003 + (60.0 * (-0.048578741260496196 + (0.9979350289913953 * x_9)))) + ((0.002 + (0.01 * (-0.0028731163287085944 + (0.9904419577876276 * x_8)))) + ((0.002 + (0.01 * (-0.007583313060476561 + (0.9973808146225875 * x_5)))) + ((0.002 + (0.01 * (0.015642611930150884 + (1.0103661739791232 * x_4)))) + ((0.002 + (0.01 * (-0.005557031062078642 + (1.0079251900616422 * x_7)))) + (0.02 + (0.02 * (-0.02668410743747469 + (1.0413559083722945 * x_6)))))))))))))
646_fri_c3_500_10,ok,10,NoRef,0.8282193259671357,0.4670780828054174,70,9.148023128509521,,0.1,((0.1 + (0.34 * (0.03291328870436813 + (1.0254769258175003 * x_3)))) + ((0.02 + (0.01 * (0.0235994997262849 + (0.9867340922937519 * x_1)))) * ((0.01 + (55.0 * sin(((0.3 + (-1.7 * (0.0235994997262849 + (0.9867340922937519 * x_1)))) + (0.01 + (-1.5 * (0.00420641405966326 + (0.9838464730442519 * x_0)))))))) + ((0.001 + (0.001 * (0.004730352359302697 + (0.9935824649015499 * x_5)))) * ((0.060000000000000005 + (-0.02 * (-0.007327175116697621 + (0.9853706346464876 * x_8)))) + ((0.060000000000000005 + (-0.02 * (0.03242585857870305 + (1.0013662205043137 * x_7)))) + ((0.060000000000000005 + (-0.060000000000000005 * (-0.005039675962509788 + (0.9970237887537743 * x_9)))) + ((0.060000000000000005 + (-0.060000000000000005 * (0.03828415425471091 + (1.008051502763653 * x_4)))) + ((0.060000000000000005 + (-0.060000000000000005 * (0.04490320249013104 + (1.0121575520843222 * x_2)))) + (0.060000000000000005 + (-0.060000000000000005 * (0.011104492757759751 + (0.9857143239576172 * x_6)))))))))))))
647_fri_c1_250_10,ok,10,NoRef,0.5126406612833276,0.7069827772285102,73,10.840119123458862,,0.1,((0.015000000000000001 + (0.005 * (0.0024098369158797994 + (1.0312239018547233 * x_1)))) * (((30.0 * (0.00926853629182155 + (1.029558347994599 * x_3))) + (-9.0 + (80.0 * cos(((0.9 + (2.0 * (0.0024098369158797994 + (1.0312239018547233 * x_1)))) + (0.1 + (1.5 * (-0.013849575199182597 + (1.031980850678823 * x_0))))))))) + ((0.01 + (9.0 * (-0.020345585247676906 + (1.0317250496662531 * x_4)))) + ((0.01 + (-9.0 * (0.051940320392527085 + (1.0023329458323915 * x_6)))) + (0.3 + (-0.02 * inv(((0.02 + (0.02 * (0.017678081601831517 + (1.0284691584190526 * x_5)))) + ((0.01 + (0.02 * (-0.02179914737024201 + (0.9874574938618017 * x_2)))) + ((0.01 + (0.02 * (-0.011900398819567283 + (0.9957813451792754 * x_8)))) + ((0.02 + (0.2 * (-0.01693540425922177 + (1.0097639424795237 * x_7)))) + (0.01 + (-0.01 * (0.009856838698683387 + (1.0219090423814292 * x_9)))))))))))))))
649_fri_c0_500_5,ok,5,NoRef,0.46220641322435274,0.7256467016553101,45,5.778078317642212,,0.1,((-0.315 + (0.09790000000000001 * (-0.025829085600351787 + (0.9895386278979034 * x_4)))) + ((0.00855 + (0.41200000000000003 * (0.0072901157284913 + (0.996924162832105 * x_1)))) - ((-0.0888 + (-0.676 * (0.05015569787835444 + (0.9869308794430666 * x_0)))) + ((-0.00273 + (0.731 * sin((-5.33 + (-0.027500000000000004 * (((0.0072 + (7.25 * (0.02299833218190762 + (1.0104957724946804 * x_2)))) - (-0.0859 + (5.46 * (0.05015569787835444 + (0.9869308794430666 * x_0))))))**2))))) + (0.010900000000000002 + (-0.627 * (0.0018581852272154726 + (0.9934119916616311 * x_3))))))))
654_fri_c0_500_10,ok,10,NoRef,0.6605465595922273,0.6203417910832535,69,8.051485776901245,,0.1,(((0.507 * (-0.013561235525464553 + (1.0086379940980401 * x_1))) - (0.04 + (0.0204 * (-0.01857497398298538 + (1.0010733122977842 * x_7))))) + (((0.8250000000000001 * ((-0.00028 * (-0.007674634411478118 + (0.9884796052956638 * x_6))))**3) + (((0.307 * (0.0032869731384947538 + (1.006978889636899 * x_4))) + (0.00311 + (0.28300000000000003 * sin((5.67 + (41.1 * (0.008879295678918877 + (0.9961950824963652 * x_8)))))))) + (((5.73 * (0.010953160930060992 + (0.9873931070092284 * x_3))) * (0.0937 + (-0.00792 * (0.024910778448662917 + (1.0055109392321329 * x_9))))) + ((0.00485 + (0.0553 * (0.051629217268438055 + (0.9900092947870005 * x_0)))) * (9.61 + (0.598 * (-0.004591155046089351 + (0.9881623143555801 * x_5)))))))) + (-0.0339 + (-0.9580000000000001 * sin((0.811 + (-7.3 * abs((0.0257 + (0.18000000000000002 * (-0.0034804442256793485 + (0.9952038941624249 * x_2))))))))))))
656_fri_c1_100_5,ok,5,NoRef,0.5090213186721805,0.7844126345104286,45,6.1815290451049805,,0.1,(((0.0033799999999999998 + (0.48000000000000004 * (-0.00838932676916017 + (1.0287898502013348 * x_3)))) + ((-0.00849 + (0.19 * (-0.020181692064190633 + (1.0062386048353007 * x_4)))) - (-0.0635 + (0.00179 * (0.01408358703485725 + (1.0601479689944844 * x_2)))))) - (0.739 + (-1.7 * cos((((0.0049099999999999994 + (-0.252 * (0.06600070131993077 + (1.071902415041507 * x_0)))) + (-0.0066099999999999996 + (1.7 * (0.08299416227210835 + (1.0136373453285177 * x_1))))) - (-0.07500000000000001 + (-0.0308 * abs((3.12 + (46.4 * (0.06600070131993077 + (1.071902415041507 * x_0))))))))))))
657_fri_c2_250_10,ok,10,BFGS,-0.019195697744039286,0.8745991243832248,96,8.379149675369263,,0.1,((-0.00222588239779978 + (-6.104634428396876e-05 * (-0.008166477752058105 + (1.0221141213026677 * x_1)))) * (((((0.08809753684490375 * (0.0005911679441084991 + (0.986584160839145 * x_5))) + (2.301121882072453 + (-0.2537537132725774 * (0.044613028682963 + (1.0349622569817305 * x_4))))) + (1.6824920164552317 + (0.8520024386163595 * cos((0.2645309346715257 + (-0.9812463817283 * (-0.008973033226763504 + (1.005752836938309 * x_8)))))))) - ((-1.570121966888865 + (0.24058025648623102 * (0.004963541047008135 + (0.9718174543157911 * x_2)))) + (-1.6081219740057375 + (2.218408424912065 * arctan(((((0.042710400392663085 * ((0.014480916335308092 + (1.0204173795461642 * x_9)))**2) + (0.37900728813390827 + (14.800009760989354 * (0.004963541047008135 + (0.9718174543157911 * x_2))))) + ((1.420007288129441 + (-52.30001055436338 * (0.020268922039895613 + (1.0330735986332134 * x_6)))) - ((0.004172711868741203 + (62.800031466008726 * (0.038373688758975996 + (1.0315161162983169 * x_7)))) + ((0.04199271187384287 + (0.01674861447451814 * (0.0005911679441084991 + (0.986584160839145 * x_5)))) - ((84.29991673737095 + (-6.860016482506908 * (0.0005911679441084991 + (0.986584160839145 * x_5)))) * ((-67.19905211538453 + (0.7229136084718077 * (0.0008151052004195677 + (0.9877892476990678 * x_3)))) - (89.99905211506066 + (-96.40146734717071 * (-0.008166477752058105 + (1.0221141213026677 * x_1)))))))))) * (1.0780975311614627 + (0.38877974068136856 * (-0.018771572258106054 + (1.0023424695141 * x_0)))))))))) - (-1.691002003522732 + (-0.2694901970232215 * (0.0008151052004195677 + (0.9877892476990678 * x_3))))))
659_sleuth_ex1714,ok,7,NoRef,-0.257826400942776,1948.573693343862,65,10.25517988204956,,0.1,(((-5.22 + cos((((-93.4 + (6.79 * (-2.007866717453049 + (0.06513006034370408 * x_2)))) + (-0.8170000000000001 + (1.31 * (-1.0750369602297871 + (0.03178433349252993 * x_4))))) - ((0.0834 + (5.3100000000000005 * (-1.2387522571517329 + (0.10036187257512587 * x_1)))) * (9.73 + (3.87 * (-0.8932896617930492 + (1.6455335920304204 * x_6)))))))) + (0.545 + (0.39 * (-2.6669029972402725 + (0.0446375615975613 * x_3))))) * ((((-45.6 + (-1.2387522571517329 + (0.10036187257512587 * x_1))) - (0.06820000000000001 + (4.2 * (-1.5257143527990529 + (0.2294800279967313 * x_5))))) * (47.4 + (0.029300000000000003 * cos((-0.0454 + (0.062000000000000006 * (-2.265740757609649 + (0.07005382201089905 * x_0)))))))) - ((-0.012 + (-5.23 * (-1.5257143527990529 + (0.2294800279967313 * x_5)))) + (1.85 + (0.6910000000000001 * (-1.5257143527990529 + (0.2294800279967313 * x_5)))))))
663_rabe_266,ok,2,NoRef,0.958902430093441,9.1389345914557,62,7.286422967910767,,0.1,((((39.800000000000004 * (0.23213123244534775 + (0.028232176919028785 * x_0))) * (0.008539999999999999 + (-0.00571 * (0.23213123244534775 + (0.028232176919028785 * x_0))))) + ((-30.3 + (6.11 * cos((-5.19 + (24.0 * (-1.8941837957844347 + (0.06698488865249475 * x_1))))))) - (-19.7 + (-0.29500000000000004 * ((-4.84 + (5.55 * (-1.8941837957844347 + (0.06698488865249475 * x_1)))))**2)))) + ((0.002 + (-0.21400000000000002 * sqrt((39.4 + (-1.8941837957844347 + (0.06698488865249475 * x_1)))))) * ((-0.00671 + (43.4 * inv((7.88 + (0.9680000000000001 * sin((-0.0022199999999999998 + (8.64 * (0.23213123244534775 + (0.028232176919028785 * x_0)))))))))) * (7.53 + (-7.1000000000000005 * (0.23213123244534775 + (0.028232176919028785 * x_0)))))))
665_sleuth_case2002,ok,6,NoRef,0.20450703174494322,10.14140611074458,67,7.652594566345215,,0.1,(((-0.792 + (2.92 * inv((((-0.08020000000000001 + (-0.508 * (-0.5703518254720301 + (2.323655585256419 * x_0)))) - (47.7 + (0.00864 * (-0.6405126152203485 + (2.201762114819948 * x_3))))) - (-68.9 + (-27.900000000000002 * (-0.5703518254720301 + (2.323655585256419 * x_0)))))))) * (0.00226 + (0.00268 * (-0.8011186209146053 + (2.0493732162931764 * x_1))))) - ((-0.00851 + (-3.08 * (-1.966690083380685 + (0.07225648268933713 * x_5)))) - ((-0.019600000000000003 + (-8.1 * cos(((((-0.00609 * (-0.9297347899594901 + (2.005310331285175 * x_2))) + (4.41 + (-1.59 * (-7.499403812488581 + (0.13230704400541202 * x_4))))) + (-0.083 + (-0.0364 * (-0.6405126152203485 + (2.201762114819948 * x_3))))) - (2.34 + (49.800000000000004 * (-0.6405126152203485 + (2.201762114819948 * x_3)))))))) + (15.200000000000001 + (-0.0587 * (-7.499403812488581 + (0.13230704400541202 * x_4)))))))
666_rmftsa_ladata,ok,10,NoRef,0.14124623586771157,2.356883521210435,111,8.695852994918823,,0.1,((-0.0927 + (-0.051000000000000004 * (-2.7470892936648195 + (0.24562522593401634 * x_6)))) + ((((-0.00594 * sin((-8.639123151347368 + (0.1160768295904296 * x_2)))) * ((-0.502 + (0.068 * (-5.1667783402781176 + (0.08859239679134086 * x_3)))) - (-0.117 + (9.19 * (-2.7047222528815356 + (0.957784200727936 * x_5)))))) + ((-0.00947 + (-0.00343 * inv((-9.23 * (-2.7047222528815356 + (0.957784200727936 * x_5)))))) + ((0.004079999999999999 + (0.8450000000000001 * (((((-0.47900000000000004 + (-0.677 * (-11.595964183347181 + (0.06868853484182603 * x_0)))) + (8.950000000000001 + (0.91 * sin((-0.00039999999999999996 + (9.11 * (-2.0749977972706373 + (0.2660414727009863 * x_4)))))))) - (9.1 + (17.3 * ((-0.0015999999999999999 + (0.06680000000000001 * (-3.7220158904894394 + (0.07444129473712054 * x_7)))))**3))) + (0.0072299999999999994 + (-0.00567 * (-11.595964183347181 + (0.06868853484182603 * x_0))))))**2)) + ((0.00916 + (-0.014 * (-3.0609331884660427 + (0.06470520453189736 * x_9)))) * ((-0.0364 + (-62.800000000000004 * (-1.9070514863890549 + (0.2285833974119307 * x_8)))) + ((4.12 + (-0.649 * (-8.656669375171052 + (0.097737731845179 * x_1)))) - (0.228 + (-0.008159999999999999 * inv((8.040000000000001 + (0.0058 * (-8.639123151347368 + (0.1160768295904296 * x_2))))))))))))) + ((-0.007189999999999999 + (-0.551 * (-8.656669375171052 + (0.097737731845179 * x_1)))) - (-7.51 + (0.00407 * (-1.9070514863890549 + (0.2285833974119307 * x_8)))))))
678_visualizing_environmental,ok,3,BFGS,-0.06778590885336855,4.07783476884346,61,6.247005224227905,,0.1,(((-47.65964049137119 + (-1.2118036560247196 + (0.030068670687608885 * x_0))) * (-2.654812406266213 + (-0.0029424926700810715 * ((-22.84148233415771 + (24.20628638759786 * cos((0.2510490891864639 + (0.3429037711875676 * cos((5.652462907834969 + (-14.475114220824402 * (-1.9226622139094462 + (0.010475315987559672 * x_1)))))))))))**2))) * (0.07789137086973666 + (-0.0010558890729258114 * arctan(((8.197550305560698 + (-6.675484785699506 * (-8.583359542036419 + (0.11053822218603923 * x_2)))) + (((-10.382532617220878 * (-1.2118036560247196 + (0.030068670687608885 * x_0))) * (32.616669828147344 + (16.270000978743607 * (-1.9226622139094462 + (0.010475315987559672 * x_1))))) + (8.349250305517486 + (2.353292315841151 * ((4.607263141342534 + (1.0716315014585944 * cos((0.757017151147594 + (-57.37651139422465 * (-1.9226622139094462 + (0.010475315987559672 * x_1))))))))**3))))))))
687_sleuth_ex1605,ok,5,BFGS,-0.05052352095220103,17.95812647528441,67,6.205517292022705,,0.1,((((((58.36488256469433 + (-0.1046534185140403 * ((-0.14674114692346465 + (-0.01564464420468578 * (-9.072731171399425 + (0.07949440645416639 * x_4)))))**2)) - (0.2440174353056859 + (-1.988326010107042e-05 * cos((1.6959166196667688 + (98.16327307561342 * (-5.189141954524958 + (0.060476445378299486 * x_1)))))))) - ((1.2954238283078907 + (4.245532495653332 * (-4.049896687626732 + (0.32856304696795363 * x_0)))) * (1.1693055069519666e-06 + (2.014011504451511e-06 * cos(((8.472358213931729 + (-93.6789457483185 * arctan((-0.01633983302522809 + (-0.9746172979568655 * (-8.835765526970595 + (0.0790288186351638 * x_3))))))) - (0.43864178606825666 + (-0.2962166979652382 * (-9.263042114999775 + (0.08054819230434587 * x_2)))))))))) - (-4.66488256469432 + (-0.00047327773802680105 * (-9.072731171399425 + (0.07949440645416639 * x_4))))) - (-66.46488256469429 + (8.262361043518033e-06 * (-9.263042114999775 + (0.08054819230434587 * x_2))))) - (21.935117435305678 + (-1.220434829041211e-07 * (-5.189141954524958 + (0.060476445378299486 * x_1)))))
690_visualizing_galaxy,ok,4,BFGS,-0.08190323698530921,93.54828497571307,63,10.295849084854126,,0.1,(((-34.71494961212174 + cos(((-8.313654496089477 + (-65.83889679190375 * (-2.0870014034303055 + (0.026078761760263025 * x_2)))) + (0.6938455042417566 + (0.001893422317910942 * (-0.0318602065231178 + (0.043303946113430164 * x_1))))))) + (-26.68994961104882 + (-0.1769198044055641 * cos(((2.1968986189361472 + (-30.39245649029545 * abs((0.3797197075722835 * (-0.024844570978524928 + (0.08297300048543822 * x_0)))))) + (-0.5859013803747456 + (-33.71431769634142 * (-0.024844570978524928 + (0.08297300048543822 * x_0))))))))) * ((-8.65306815472667 + (0.023751476798794226 * (-0.0318602065231178 + (0.043303946113430164 * x_1)))) * (2.9820705375218246 + (-0.008730099083502517 * arctan(((-1.6988505331334731 + (-2.914653684709536 * (-0.0318602065231178 + (0.043303946113430164 * x_1)))) * ((130.2011787548899 + (68.692455676127 * (-0.0318602065231178 + (0.043303946113430164 * x_1)))) - (-121.3724787480741 + (12.499707314222102 * (-0.010814612326497604 + (0.038374432100343386 * x_3)))))))))))
706_sleuth_case1202,ok,6,NoRef,0.524635590715776,68.18320894347556,45,8.277529001235962,,0.1,(3.0 + (0.009 * (((99.0 + (43.0 * (-3.604001953163224 + (0.0074972454631813575 * x_4)))) - ((-0.01 + (-40.0 * sin(((0.9 + (-0.9 * (-8.029887324898368 + (0.001462175666793306 * x_0)))) * ((-6.0 + (0.02 * (-2.114831822692076 + (0.9994753134640633 * x_5)))) + (0.01 + (-0.002 * (-5.549295017812063 + (0.0005258044966915793 * x_1))))))))) + ((-0.6 + (-9.0 * (-8.164957072807557 + (0.09897787034851044 * x_3)))) + (-0.02 + (9.0 * (-1.3266499161421599 + (2.080428277586569 * x_2))))))))**2))
712_chscase_geyser1,ok,2,BFGS,0.3739481162697249,11.17573940150263,81,5.955937385559082,,0.1,((61.1 + (0.022500000000000003 * (-1.5371717065599722 + (0.1266983631027584 * x_0)))) + (((-0.0374 + (0.09040000000000001 * (-3.3729050952987207 + (0.9362913804092706 * x_1)))) * (98.3 + (-0.046900000000000004 * sqrt((8.46 + (-4.7 * (-1.5371717065599722 + (0.1266983631027584 * x_0)))))))) - ((-0.468 + (-66.1 * abs((0.0332 + (-0.43 * cos((1.92 + (0.7970000000025672 * exp((34.20000000000205 + (86.30000000000305 * (-3.3729050952987207 + (0.9362913804092706 * x_1))))))))))))) - (-0.612 + (-21.8 * sin(((0.00171 + (-6.21 * inv(((0.779 + (-49.300000000000004 * exp((0.00993 + (-0.024700000000000003 * inv((8.0 + (-30.0 * (-3.3729050952987207 + (0.9362913804092706 * x_1)))))))))) * (3.5500000000000003 + (15.200000000000001 * (-3.3729050952987207 + (0.9362913804092706 * x_1)))))))) - (0.08760000000000001 + (0.029900000000000003 * (-1.5371717065599722 + (0.1266983631027584 * x_0)))))))))))
feynman_III_10_19,ok,4,NoRef,0.9658858948049575,1.3352221978058603,70,42.999170541763306,,0.1,(((((-0.08430000000000001 + sqrt((-0.0026899999999999997 + (0.6980000000000001 * arctan((0.875 + (-0.384 * sin((((27.1 * (-2.589385032771437 + (0.8645015143712196 * x_1))) + (1.51 + (-19.1 * (-2.595675079647924 + (0.8647593963458762 * x_0))))) + (8.32 + (0.0497 * (-2.589385032771437 + (0.8645015143712196 * x_1))))))))))))) * ((0.41400000000000003 + (8.13 * (-2.589385032771437 + (0.8645015143712196 * x_1)))) - ((-0.029 + (0.401 * (-2.6031890825882913 + (0.8669198439354064 * x_2)))) * (-25.3 + (-8.540000000000001 * (-2.6031890825882913 + (0.8669198439354064 * x_2))))))) * (2.5 + (-0.066 * (-2.595675079647924 + (0.8647593963458762 * x_0))))) + (98.0 + (-0.993 * (-2.595675079647924 + (0.8647593963458762 * x_0))))) * ((0.0553 + (0.020300000000000002 * (-2.595675079647924 + (0.8647593963458762 * x_0)))) * (2.96 + (0.34 * (-2.5988055551471723 + (0.8674342969803297 * x_3))))))
feynman_III_12_43,ok,2,NoRef,0.98049068651794,0.11245515571912873,47,40.0251739025116,,0.1,((-0.751 + (-0.199 * (-2.603159879275623 + (0.8683768222038629 * x_1)))) * (((2.62 + (-2.5901196900779673 + (0.8632681606651428 * x_0))) * (5.8100000000000005 + (0.996 * (-2.603159879275623 + (0.8683768222038629 * x_1))))) * (-0.115 + (-0.109 * inv(((-0.7110000000000001 + (0.2 * (-2.603159879275623 + (0.8683768222038629 * x_1)))) + (-4.89 + (-0.042 * inv((0.00105 + (-0.00359 * cos((60.800000000000004 + (98.7 * inv((-8.57 + (23.1 * (-2.603159879275623 + (0.8683768222038629 * x_1)))))))))))))))))))
feynman_III_13_18,ok,4,NoRef,0.9894380309083171,56.69723303562058,78,49.92555594444275,,0.1,((0.016800000000000002 + (0.00665 * (-2.597470846548522 + (0.8665495151180956 * x_2)))) * ((-0.9790000000000001 + (-0.7220000000000001 * (-2.597470846548522 + (0.8665495151180956 * x_2)))) + ((-0.891 + (-0.368 * (-2.594611178671891 + (0.863997207988362 * x_0)))) * ((((0.0674 + (75.4 * inv((-0.030500000000000003 + (-0.0123 * (-2.5984300060086274 + (0.8647584059169913 * x_3))))))) - (7.08 + (71.3 * cos((2.07 + (0.92 * (-2.5984300060086274 + (0.8647584059169913 * x_3)))))))) - (85.2 + (0.0473 * (-2.5984300060086274 + (0.8647584059169913 * x_3))))) * (0.0995 + (0.007039999999999999 * (((76.0 + (30.400000000000002 * (-2.590089743866982 + (0.8634447109751857 * x_1)))) * (-0.466 + (-0.636 * inv(((-95.0 + (-81.10000000000001 * sin((0.0026999999999999997 + (87.8 * (-2.597470846548522 + (0.8665495151180956 * x_2))))))) - (-0.868 + (2.47 * (-2.5984300060086274 + (0.8647584059169913 * x_3))))))))))**2))))))
feynman_III_14_14,ok,5,NoRef,0.9497994872292054,1.5346732936658838,43,48.407700538635254,,0.1,((0.02 + (0.0075 * (-2.608171291533975 + (0.8680219491089829 * x_0)))) * (60.0 + (0.9 * exp(((5.4 + (-0.5 * (-5.204087613296749 + (3.466934123187892 * x_4)))) + (((0.4 * (-5.19211016655459 + (3.4588894294081984 * x_1))) + (-0.1 + (0.4 * (-5.195550762214879 + (3.463205526441301 * x_2))))) + ((0.1 + (-0.49000000000000005 * (-5.20457176252679 + (3.4673025878558907 * x_3)))) + (-0.1 + (-0.2 * cos((0.9 + (5.5 * (-5.19211016655459 + (3.4588894294081984 * x_1))))))))))))))
feynman_III_15_12,ok,3,NoRef,0.19440099595104265,4.595538070231051,75,35.9765841960907,,0.1,(0.00218 + (0.00564 * ((((((-0.112 + cos(((-34.300000000000004 + (-0.0031 * (-2.605014023454783 + (0.866318952004638 * x_1)))) * (-0.00404 + (-0.7050000000000001 * (-2.605014023454783 + (0.866318952004638 * x_1))))))) - (0.00974 + (-0.152 * (-2.605014023454783 + (0.866318952004638 * x_1))))) * (-0.0015099999999999998 + (-54.9 * inv((0.0017499999999999998 + (-93.7 * abs((62.800000000000004 + (-0.908 * inv(((63.300000000000004 + (43.1 * sin(((-0.00907 + (0.29300000000000004 * (-2.593304460990531 + (0.8635386115747442 * x_0)))) - (0.039 + (0.0712 * (-2.6020424844049055 + (0.8643687609683721 * x_2)))))))) * (0.0030499999999999998 + (0.276 * (-2.605014023454783 + (0.866318952004638 * x_1))))))))))))))) - (-0.329 + (-0.00232 * (-2.6020424844049055 + (0.8643687609683721 * x_2))))) * (-98.4 + (-23.900000000000002 * (-2.593304460990531 + (0.8635386115747442 * x_0))))))**2))
feynman_III_15_14,ok,3,NoRef,0.979060059636082,0.00248197824984031,52,41.7638623714447,,0.1,(3e-05 + (0.061000000000000006 * (((0.0018 + (5.53 * inv((4.8 + (-2.592651034022415 + (0.8644529213018987 * x_1)))))) * ((0.007899999999999999 + (0.00313 * (-2.6035535442633173 + (0.8679488672885353 * x_0)))) * (((0.0154 + (-1.81 * sin((-8.75 + (0.303 * ((-71.5 + (-0.904 * (-2.597537119806788 + (0.8655890773351206 * x_2)))))**2))))) - (0.735 + (-92.10000000000001 * inv((2.9 + (1.08 * (-2.597537119806788 + (0.8655890773351206 * x_2)))))))) - (0.0007999999999999999 + (1.52 * (-2.592651034022415 + (0.8644529213018987 * x_1))))))))**2))
feynman_III_15_27,ok,3,NoRef,0.9868151435884492,0.30758975596332166,33,39.20962119102478,,0.1,((1.51 + (0.5800000000000001 * (-2.593768391778343 + (0.8653530862251808 * x_0)))) * ((-0.044300000000000006 + (8.77 * inv(((-0.0782 + (-0.029500000000000002 * (-2.5943208740350783 + (0.8668355676349394 * x_2)))) * (-79.4 + (-30.0 * (-2.590009321613727 + (0.863877005419952 * x_1)))))))) - (0.00507 + (-0.24000000000000002 * cos((-3.44 + (71.5 * (-2.5943208740350783 + (0.8668355676349394 * x_2)))))))))
feynman_III_17_37,ok,3,NoRef,0.9773553602416641,0.7561756985728535,60,42.508124351501465,,0.1,((-0.08410000000000001 + (-0.030500000000000003 * (-2.5910678123699937 + (0.8645301603875495 * x_0)))) * ((((-0.0514 + (-0.0065 * sin(((-0.0383 + (-0.47900000000000004 * (-2.5910678123699937 + (0.8645301603875495 * x_0)))) + (0.00992 + (-4.79 * (-2.6014585251141953 + (0.8665648325944011 * x_1)))))))) * (((-0.18000000000000002 + (-2.583164435932138 + (0.8622522300374365 * x_2))) - (74.3 + (34.9 * (-2.6014585251141953 + (0.8665648325944011 * x_1))))) * (-0.281 + (24.6 * cos((-0.042 + (1.21 * (-2.583164435932138 + (0.8622522300374365 * x_2))))))))) - (38.300000000000004 + (-7.44 * arctan((58.0 + (28.400000000000002 * (-2.583164435932138 + (0.8622522300374365 * x_2)))))))) - (-1.75 + (-7.91 * (-2.583164435932138 + (0.8622522300374365 * x_2))))))
feynman_III_19_51,ok,5,NoRef,0.9818343079341143,0.2802607569243023,49,47.95314288139343,,0.1,((-0.053200000000000004 + (38.0 * (((0.0747 + (-7.44 * inv(((-8.89 + (-3.02 * (-2.6010639485940437 + (0.8665398862335241 * x_4)))) * ((-0.035100000000000006 + (-0.011300000000000001 * (-2.5980344780512077 + (0.8655538613146133 * x_3)))) * (-53.6 + (-16.1 * (-2.601830800830659 + (0.8655948843991712 * x_2))))))))) * (-0.918 + (-0.44 * (-2.601979890362099 + (0.8670812889763767 * x_1))))))**3)) * (0.00414 + (0.0989 * abs((0.024800000000000003 + (-0.024800000000000003 * abs((-3.0700000000000003 + (-1.44 * (-2.586598291379658 + (0.8644771447609795 * x_0)))))))))))
feynman_III_21_20,ok,4,NoRef,0.9916749662832666,0.9346110668824105,35,47.216047525405884,,0.1,(((2.6 + (-2.588487050222574 + (0.8632922495334688 * x_2))) * (0.02 + (0.008 * (-2.59734001646025 + (0.8658903655433385 * x_1))))) * ((2.0 + (0.75 * (-2.607486869894172 + (0.8704860176332444 * x_0)))) * ((-0.01 + (9.9 * cos((9.9 * (-2.6060555065418627 + (0.8677300287789851 * x_3)))))) + (0.1 + (0.6 * inv((-0.006999999999999999 + (-0.0026999999999999997 * (-2.6060555065418627 + (0.8677300287789851 * x_3))))))))))
feynman_III_4_32,ok,4,NoRef,0.9924252967895244,0.8093772604551402,35,47.35106658935547,,0.1,(((2.4 + (-2.6000187122068077 + (0.865615195337042 * x_2))) * (0.02 + (0.0086 * (-2.594715066701814 + (0.86544176389977 * x_3))))) * ((-0.6 + (15.0 * sin((-9.9 * (-2.6000187122068077 + (0.865615195337042 * x_2)))))) + (-0.030000000000000002 + (9.0 * inv(((0.009 + (0.0036 * (-2.600007560975531 + (0.8671764042169674 * x_1)))) * (8.6 + (3.4 * (-2.601856751893165 + (0.8666067310329927 * x_0))))))))))
feynman_III_4_33,ok,4,NoRef,0.9920750269635521,0.45183964530022885,82,42.07453989982605,,0.1,(((26.0 + inv((0.761 + (-0.0142 * ((0.00187 + (0.682 * (-2.590014767641521 + (0.8675729142015532 * x_0)))))**3)))) * ((-0.12000000000000001 + (0.0039299999999999995 * (((-0.00579 + (8.96 * sin((-16.1 * (-2.5934650336784837 + (0.8652079382692376 * x_3)))))) + ((-0.00473 + (0.0039 * (-2.6053160090618936 + (0.8673183317702835 * x_1)))) + (0.112 + (0.069 * (-2.590014767641521 + (0.8675729142015532 * x_0)))))))**2)) - ((0.876 + (0.35500000000000004 * (-2.5969569860681374 + (0.8646009136693547 * x_2)))) * (((3.7 * sin((-0.009349999999999999 + (-0.86 * inv((35.4 + (39.5 * inv((-0.00398 + (0.00138 * (-2.6053160090618936 + (0.8673183317702835 * x_1)))))))))))) - (5.25 + (2.2 * (-2.5934650336784837 + (0.8652079382692376 * x_3))))) + (0.047400000000000005 + (0.23 * (-2.590014767641521 + (0.8675729142015532 * x_0)))))))) * (0.068 + (-0.00188 * (-2.6053160090618936 + (0.8673183317702835 * x_1)))))
feynman_III_7_38,ok,3,NoRef,0.9977383884700407,1.6923518504966175,32,42.05977654457092,,0.1,(((35.300000000000004 + (-2.610444420054463 + (0.8676674060282604 * x_0))) * (-0.00248 + (-0.0008799999999999999 * (-2.610444420054463 + (0.8676674060282604 * x_0))))) * ((-7.71 + (-2.91 * (-2.5961519695423974 + (0.8654084315743407 * x_1)))) * (-0.00157 + (-32.2 * inv(((0.00015999999999999999 + (-0.29600000000000004 * (-2.605718721038121 + (0.8680470283192115 * x_2)))) - (0.5760000000000001 + (-0.08180000000000001 * (-2.605718721038121 + (0.8680470283192115 * x_2))))))))))
feynman_III_8_54,ok,3,BFGS,-0.0006935480828103024,0.35416617074059764,48,39.58639216423035,,0.1,(0.47737245377626497 + (9.958250045631418 * ((-0.006037505225168913 + (-3.490480005916534e-05 * sin((((-0.07579285407916729 + (-0.04591213551947329 * (-2.882257612968942 + (1.1543435372185 * x_2)))) * ((14.103360300606404 + (0.17746133389524804 * inv((0.4630330695485934 + (0.04317271345134814 * inv((4.134406852151179 + (-6.991508304899355 * (-5.192457305488689 + (3.4606619440701656 * x_0)))))))))) + (0.14736030060640068 + (-0.7878460483600027 * (-5.202160712612211 + (3.4637479825081123 * x_1)))))) - (-0.2880009084341486 + (39.68226407093286 * inv((0.07488097577305755 + (70.90990827455087 * (-2.882257612968942 + (1.1543435372185 * x_2))))))))))))**2))
feynman_III_9_52,ok,6,NoRef,0.91596874638642,4.115141617159199,57,49.92904543876648,,0.1,(0.00836 + (9.700000000000001 * ((((6.43 + (-3.4652183289257827 + (1.7331572247646594 * x_2))) - (-0.128 + (-0.889 * (-3.465335565868304 + (1.730512037480293 * x_1))))) * (((6.71 + (-3.470947490593213 + (1.7337857840927098 * x_0))) * (-0.0013599999999999999 + (-0.009729999999999999 * cos(((-0.011000000000000001 + (-0.00215 * (-3.4652183289257827 + (1.7331572247646594 * x_2)))) * (((-3.1 * (-3.465335565868304 + (1.730512037480293 * x_1))) - (-0.07500000000000001 + (59.6 * (-2.6044607290783226 + (0.8670558945534738 * x_4))))) + (-0.01 + (65.0 * (-2.600766997418986 + (0.8670016250155116 * x_5)))))))))) * ((-0.0229 + (0.008749999999999999 * (-3.4652183289257827 + (1.7331572247646594 * x_2)))) - (3.49 + (-0.499 * (-3.4665866275632466 + (1.7375818573155892 * x_3))))))))**2))
feynman_II_10_9,ok,3,NoRef,0.9877069521562551,0.02738723748009633,79,39.93851065635681,,0.1,(((((-0.0047 + (7.15 * inv((-7.15 + (-94.3 * sqrt((-7.46 + (1.87 * sqrt((83.3 + (0.0863 * (-2.610867254638592 + (0.8675666410146483 * x_1))))))))))))) + (0.681 + (0.278 * (-2.5884119893225717 + (0.863580171671816 * x_0))))) - (-0.08 + (0.167 * sin((-0.47300000000000003 + (0.0829 * sin((0.0497 + (-44.6 * (-2.5884119893225717 + (0.863580171671816 * x_0))))))))))) * (0.0078 + (-76.10000000000001 * inv(((0.00618 + (-2.1 * (-2.610867254638592 + (0.8675666410146483 * x_1)))) - (5.98 + (0.038400000000000004 * sin((-0.0069 + (-0.0038299999999999996 * (-2.610867254638592 + (0.8675666410146483 * x_1)))))))))))) * ((-0.00798 + (0.394 * inv((3.84 + (-2.6007013318739114 + (0.8665864877888373 * x_2)))))) * (0.281 + (-0.0013499999999999999 * (-2.610867254638592 + (0.8675666410146483 * x_1))))))
feynman_II_11_20,ok,5,NoRef,0.9790289359500242,1.0308070304952552,48,52.38541102409363,,0.1,((0.02 + (0.008199999999999999 * (-2.597633301679201 + (0.8653118132693743 * x_2)))) * ((0.2 + (0.08 * (-2.6012980731603075 + (0.8663878839568657 * x_0)))) * (0.01 + (0.9 * (((0.2 + (0.08 * (-2.6036895651901433 + (0.8675474094301431 * x_1)))) * ((0.08 + (-9.0 * sin((9.9 * (-2.597633301679201 + (0.8653118132693743 * x_2)))))) + (0.08 + (-9.9 * inv(((0.030000000000000002 + (0.006999999999999999 * (-2.6020910767244025 + (0.8663094145939032 * x_3)))) * (-2.2 + (-0.46 * (-2.6007346363871573 + (0.8676472648222499 * x_4)))))))))))**2))))
feynman_II_11_27,ok,4,NoRef,0.9851760647424916,0.08499441347615673,48,46.237077474594116,,0.1,(((9.33 + (-5.18890945866278 + (3.458537184126156 * x_3))) - ((0.07100000000000001 + (-1.68 * (-5.219343890438042 + (3.4734842134719535 * x_2)))) - (0.030300000000000004 + (0.9900000000000001 * (-5.18890945866278 + (3.458537184126156 * x_3)))))) * ((((-0.38 + (-1.7278197330051435 + (3.465249167320299 * x_1))) + ((0.0044399999999999995 + (0.376 * (-1.739155254973971 + (3.477331538907362 * x_0)))) - (-6.1000000000000005 + (0.61 * sin((-0.0125 + (-93.10000000000001 * (-5.219343890438042 + (3.4734842134719535 * x_2))))))))) * (0.6940000000000001 + (0.34600000000000003 * (-1.7278197330051435 + (3.465249167320299 * x_1))))) * (0.0164 + (0.009179999999999999 * (-1.739155254973971 + (3.477331538907362 * x_0))))))
feynman_II_11_28,ok,2,NoRef,0.7855230092202479,0.13452406605224135,43,36.495885372161865,,0.1,(((((1.35 + (-1.7345462968149234 + (3.4615560571301773 * x_0))) * (-0.778 + (-0.0636 * (-1.7349425187576448 + (3.4626186221740825 * x_1))))) * ((-0.0912 + (-0.07260000000000001 * (-1.7349425187576448 + (3.4626186221740825 * x_1)))) * (-9.6 + (-3.65 * (-1.7345462968149234 + (3.4615560571301773 * x_0)))))) + (-7.44 + (-0.997 * cos((0.04 + (-41.2 * (-1.7349425187576448 + (3.4626186221740825 * x_1)))))))) * (-0.151 + (0.009989999999999999 * sin((0.097 + (-82.4 * (-1.7349425187576448 + (3.4626186221740825 * x_1))))))))
feynman_II_11_3,ok,5,NoRef,0.9632862070862458,0.023754616811655086,52,46.39126753807068,,0.1,(0.00215 + (0.0086 * ((((5.92 + (-3.4808992290218614 + (1.7385786178265445 * x_1))) + (0.651 + (0.913 * (-3.466353422115428 + (1.7308764850767546 * x_0))))) * (0.00743 + (-4.0 * inv(((((-55.5 + (-6.92014222195854 + (1.7286209350593402 * x_3))) - (0.00362 + (9.26 * (-3.461233731377711 + (1.730881966245243 * x_2))))) * ((-3.97 + (0.17500000000000002 * (-5.199553592319454 + (3.4612357622429495 * x_4)))) * (0.022600000000000002 + (-0.0014399999999999999 * sin((0.00879 + (-4.0 * (-5.199553592319454 + (3.4612357622429495 * x_4))))))))) * (1.3 + (0.23900000000000002 * (-6.92014222195854 + (1.7286209350593402 * x_3))))))))))**2))
feynman_II_13_17,ok,4,NoRef,0.9759690813317059,0.0039027261609844857,79,44.14250612258911,,0.1,(((0.00011999999999999999 + inv((2.69 + (-2.5994658858174335 + (0.8657707724586062 * x_3))))) * ((0.00838 + (0.024 * exp((-0.00019999999999999998 + (-79.7 * sqrt((((0.0427 + (0.056 * (-2.5994658858174335 + (0.8657707724586062 * x_3)))) + (8.45 + (0.09770000000000001 * (-2.5957572654281957 + (0.8652962957305357 * x_0))))) - (-1.78 + (0.9500000000000001 * (-2.597674142804184 + (0.8659203271276166 * x_2))))))))))) * (0.00963 + (-0.0030499999999999998 * cos((-2.6 + (0.00227 * (-2.5994658858174335 + (0.8657707724586062 * x_3))))))))) * ((1.68 + (0.681 * (-2.597674142804184 + (0.8659203271276166 * x_2)))) * ((0.00821 + (2.77 * cos((-0.009989999999999999 + (-4.97 * (-2.6055704523274246 + (0.8676397489603255 * x_1))))))) - (-0.0313 + (0.887 * inv(((0.8470000000000001 + (0.35500000000000004 * (-2.5957572654281957 + (0.8652962957305357 * x_0)))) * (-0.00936 + (-0.00471 * (-2.6055704523274246 + (0.8676397489603255 * x_1)))))))))))
feynman_II_13_23,ok,3,NoRef,0.9630469849053157,0.23315740391336034,56,42.61260414123535,,0.1,((-0.7250000000000001 + (-0.28300000000000003 * (-2.5920812529103787 + (0.8645409217304649 * x_0)))) * (-3.59 + (0.0285 * inv((-0.08 + (-0.51 * inv(((-0.0042 + (-14.6 * abs((0.5940000000000001 * (-3.211076379933289 + (0.4944300005413971 * x_2)))))) + (-7.87 + (-18.400000000000002 * inv(((0.00207 + (9.83 * exp((0.05960000000000001 + (1.45 * cos((-6.9 + (93.9 * (-3.211076379933289 + (0.4944300005413971 * x_2)))))))))) * (0.0806 + (0.033100000000000004 * exp((1.09 + (2.33 * (-5.200283917104196 + (3.4624672967094225 * x_1)))))))))))))))))))
feynman_II_13_34,ok,3,NoRef,0.9885025657820327,0.22588350888347497,73,43.516756534576416,,0.1,((-0.006829999999999999 + (-0.9630000000000001 * ((8.28 + (-5.209731689124816 + (3.4746076277106677 * x_1))))**2)) * ((0.00468 + (0.0018399999999999998 * (-2.5975470566740215 + (0.8663681118651275 * x_0)))) * (-10.200000000000001 + (-0.561 * sqrt(((-13.4 + (-92.2 * inv(((-0.030100000000000002 + (4.1 * cos((-0.40900000000000003 + (-9.61 * inv((0.0038 + (-0.0033399999999999997 * (-5.209731689124816 + (3.4746076277106677 * x_1)))))))))) + ((-0.68 + (-0.0206 * (-3.21473447749444 + (0.4942943720217439 * x_2)))) - (8.15 + (98.4 * inv((-45.1 + (0.35000000000000003 * (-5.209731689124816 + (3.4746076277106677 * x_1)))))))))))) - (-30.7 + (-0.389 * abs((0.050600000000000006 + (-8.49 * ((-3.37 + (0.8350000000000001 * (-3.21473447749444 + (0.4942943720217439 * x_2)))))**2)))))))))))
feynman_II_15_4,ok,3,NoRef,0.9879351630604095,0.5772630184793138,47,40.353031158447266,,0.1,((((-5.7 + abs(((33.9 + (7.91 * (-2.5987893119651093 + (0.8660848979416299 * x_1)))) - (8.65 + (2.25 * sin((-0.007209999999999999 + (62.4 * (-2.5993269325962003 + (0.8672012639855557 * x_0)))))))))) + (0.0075 + (0.0199 * arctan((-0.0020599999999999998 + (-0.0034999999999999996 * (-2.586598214097152 + (0.8612674838932523 * x_2)))))))) * (0.0026 + (0.026000000000000002 * cos((-0.127 + (1.22 * (-2.586598214097152 + (0.8612674838932523 * x_2)))))))) * (16.0 + (5.82 * (-2.5993269325962003 + (0.8672012639855557 * x_0)))))
feynman_II_15_5,ok,3,NoRef,0.9889853363742657,0.5491754203314185,49,41.52595329284668,,0.1,(((((2.64 + (-2.599410139623092 + (0.8659872483948012 * x_1))) + ((0.00775 + (-0.085 * (-2.599410139623092 + (0.8659872483948012 * x_1)))) * (-0.07550000000000001 + (-0.00483 * (-2.599410139623092 + (0.8659872483948012 * x_1)))))) * (0.00422 + (8.790000000000001 * cos((0.166 + (-1.1300000000000001 * (-2.5981860504990513 + (0.8665145431946906 * x_2)))))))) * (9.450000000000001 + (0.9380000000000001 * cos((-2.7 + (47.0 * (-2.599410139623092 + (0.8659872483948012 * x_1)))))))) * ((-0.0095 + (-0.00378 * (-2.5901226458099837 + (0.8653794416601365 * x_0)))) * (-4.3 + (0.0927 * (-2.5901226458099837 + (0.8653794416601365 * x_0))))))
feynman_II_21_32,ok,5,NoRef,0.9686390681729734,0.008643798172987828,55,49.097230195999146,,0.1,(((((36.6 + ((-2.5972274545339453 + (0.8664619821400085 * x_2)))**2) + ((0.00212 + (-44.9 * sin((0.00179 + (0.228 * sin((2.0 + (-90.9 * (-5.1820460237701065 + (3.4570932094864597 * x_3)))))))))) - (-63.9 + (-9.64 * (-5.1820460237701065 + (3.4570932094864597 * x_3)))))) * (-0.004569999999999999 + (-0.00179 * (-2.595017840036571 + (0.8661397199295369 * x_0))))) * (-0.008709999999999999 + (0.0014399999999999999 * (-3.2203941162886225 + (0.4959158360422318 * x_4))))) * (0.0898 + (0.8500000000000001 * inv(((-0.055200000000000006 + (-0.0222 * (-2.5973090554009937 + (0.8654740552732318 * x_1)))) * (-1.83 + (-0.73 * (-2.5972274545339453 + (0.8664619821400085 * x_2)))))))))
feynman_II_24_17,ok,3,NoRef,0.9052159784581153,0.2653116263532955,57,40.870505571365356,,0.1,(((-0.5720000000000001 + inv((0.734 + (8.98 * cos(((0.00989 + (-0.758 * sin((-0.934 + (-65.5 * (-5.19079797081511 + (3.4620834728738354 * x_1))))))) - (0.060700000000000004 + (-0.0522 * (-8.65335653973537 + (1.7310678698387563 * x_0)))))))))) * ((-8.1 + (-0.916 * (-8.65335653973537 + (1.7310678698387563 * x_0)))) - (-0.807 + (-0.0049499999999999995 * exp((0.0873 + (0.0006399999999999999 * inv((-0.611 + (0.0347 * (-5.189848384331843 + (1.7307457966042825 * x_2)))))))))))) * (0.664 + (60.0 * abs((-0.00419 + (0.0042 * (-5.19079797081511 + (3.4620834728738354 * x_1))))))))
feynman_II_27_16,ok,3,NoRef,0.9930534078552953,7.381533575033263,63,43.41749930381775,,0.1,((-8.98 + (-0.8270000000000001 * (-2.6053496233402025 + (0.8667046217728607 * x_1)))) * (((((-0.0062 + (-2.6053496233402025 + (0.8667046217728607 * x_1))) - (-5.1000000000000005 + (-2.7 * sin((-0.634 + (0.00277 * (-2.6021114212583667 + (0.8674758321934541 * x_2)))))))) * (65.9 + (0.197 * (-2.6053496233402025 + (0.8667046217728607 * x_1))))) * (((-8.3 + cos((0.00677 + (-0.92 * ((0.626 + (4.0600000000000005 * inv((0.00539 + (-11.9 * (-2.6021114212583667 + (0.8674758321934541 * x_2))))))))**2)))) * (0.115 + (0.0449 * (-2.590685056747548 + (0.8656950783561495 * x_0))))) * (-0.794 + (-0.40800000000000003 * (-2.6021114212583667 + (0.8674758321934541 * x_2)))))) * (-0.056 + (-0.0172 * (-2.6021114212583667 + (0.8674758321934541 * x_2))))))
feynman_II_27_18,ok,2,NoRef,0.9875302679958661,2.8395630166203807,53,42.43295741081238,,0.1,((0.04360000000000001 + (0.00528 * (((0.00797 + (-0.23 * (-2.5903293345089 + (0.8647521351495433 * x_0)))) + ((-0.00348 + (-4.57 * sin((0.0114 + (92.5 * (-2.5903293345089 + (0.8647521351495433 * x_0))))))) - (95.8 + (-6.55 * cos((-77.3 + (-0.0927 * exp((-81.60000000000001 + (-0.0030099999999999997 * (-2.5903293345089 + (0.8647521351495433 * x_0)))))))))))))**2)) * (((1.97 + (-2.5968225494290453 + (0.8649647169072636 * x_1))) * (-30.5 + (-11.6 * (-2.5903293345089 + (0.8647521351495433 * x_0))))) * (-0.00896 + (-0.00251 * (-2.5968225494290453 + (0.8649647169072636 * x_1))))))
feynman_II_2_42,ok,5,NoRef,0.9984154237678653,0.30128972406790744,30,49.23177695274353,,0.1,(((2.6 + (-2.590357754969827 + (0.8652104734904551 * x_0))) * (0.02 + (0.0075 * (-2.5983997350900876 + (0.8653690887785789 * x_3))))) * (((-0.001 + (-2.5965568722005115 + (0.8661621604895 * x_1))) + (0.01 + (-0.9900000000000001 * (-2.6085653656704544 + (0.868806148253277 * x_2))))) * (-0.01 + (-0.6 * inv((0.0094 + (0.0038 * (-2.6013857481973996 + (0.8666432178566211 * x_4)))))))))
feynman_II_34_11,ok,4,NoRef,0.9930237804981392,0.42330464822817193,35,46.9181923866272,,0.1,(((2.6 + (-2.5948859475573696 + (0.8658294130247899 * x_2))) * (0.02 + (0.008 * (-2.5934242890293002 + (0.8649168229966994 * x_0))))) * ((0.2 + (0.08 * (-2.5902859470042587 + (0.8653653241025926 * x_1)))) * ((0.02 + (44.0 * cos((99.0 * (-2.5948859475573696 + (0.8658294130247899 * x_2)))))) + (0.01 + (3.0 * inv((0.006999999999999999 + (0.0026999999999999997 * (-2.5963949089458125 + (0.865444087420903 * x_3))))))))))
feynman_II_34_2,ok,3,NoRef,0.989009791989914,1.017073981951961,60,40.386786699295044,,0.1,(((((2.84 + (-2.6013546381409616 + (0.8677473991420683 * x_1))) - (-0.0059499999999999996 + (0.0038299999999999996 * (-2.6060951305547317 + (0.8677687417413945 * x_2))))) * ((-72.60000000000001 + (-0.00324 * (-2.6013546381409616 + (0.8677473991420683 * x_1)))) + (-74.0 + (-54.5 * (-2.606650389056198 + (0.8673085303842745 * x_0)))))) * (-0.0033699999999999997 + (0.00639 * (((0.057800000000000004 + (0.054000000000000006 * (-2.6060951305547317 + (0.8677687417413945 * x_2)))) - (4.12 + (0.00536 * inv(((3.94 + (0.77 * (-2.606650389056198 + (0.8673085303842745 * x_0)))) * (0.0030199999999999997 + (0.0023899999999999998 * inv((0.00273 + (0.08360000000000001 * (-2.6060951305547317 + (0.8677687417413945 * x_2)))))))))))))**2))) * (-0.321 + (-0.108 * (-2.6060951305547317 + (0.8677687417413945 * x_2)))))
feynman_II_34_29a,ok,3,NoRef,0.9944771661057278,0.01705519659739284,52,43.29963278770447,,0.1,((-1.6300000000000001 + (-0.639 * (-2.5984299478194286 + (0.8660082007114862 * x_0)))) * ((0.09690000000000001 + (-26.8 * inv((2.61 + (-2.594310419152839 + (0.8654958272163299 * x_2)))))) * ((-0.019700000000000002 + (-0.00701 * (-2.612491525484051 + (0.868564028067122 * x_1)))) * (-0.76 + (0.00377 * ((0.0067399999999999995 + (3.84 * tan((8.97 + (0.431 * cos((0.00156 + (5.7700000000000005 * (((-0.0103 + (0.779 * (-2.594310419152839 + (0.8654958272163299 * x_2)))) + (-0.08750000000000001 + (-12.0 * (-2.5984299478194286 + (0.8660082007114862 * x_0))))))**3)))))))))**2)))))
feynman_II_34_29b,ok,5,NoRef,0.9928852025289895,18.644865719690582,58,50.76946520805359,,0.1,((((0.66 + (-2.607005935690464 + (0.8671396783378055 * x_1))) + ((((4.44 + abs((0.395 + (54.7 * cos((-0.00014 + (-10.700000000000001 * (-2.600906716531438 + (0.8669187797121793 * x_4))))))))) - (42.4 + (38.2 * inv((0.024800000000000003 + (0.00919 * (-2.607005935690464 + (0.8671396783378055 * x_1)))))))) * ((-0.0946 + (-0.0327 * (-2.607968163735475 + (0.8675704466820467 * x_3)))) * (-6.3 + (-2.39 * (-2.5955858143260153 + (0.8642408159369542 * x_0)))))) + (0.054700000000000006 + (-0.876 * (-2.600906716531438 + (0.8669187797121793 * x_4)))))) * (-0.254 + (-0.09770000000000001 * (-2.5995738749671244 + (0.8655882097484616 * x_2))))) * (0.794 + (0.29300000000000004 * (-2.600906716531438 + (0.8669187797121793 * x_4)))))
feynman_II_34_2a,ok,3,NoRef,0.995610138329333,0.03057827177499979,61,44.67070031166077,,0.1,((0.0038399999999999997 + (-6.2 * inv((((2.61 + (-2.594518666239565 + (0.8642216629310018 * x_2))) * (0.553 + (-0.051000000000000004 * sin((0.0054199999999999995 + (-0.07 * ((0.11 + (84.60000000000001 * inv((3.06 + (-5.0 * inv((-9.4 + (-2.4 * ((0.08430000000000001 + (-0.04 * inv((0.152 + (-0.275 * (-2.594518666239565 + (0.8642216629310018 * x_2))))))))**2)))))))))**3)))))) * (-0.0042499999999999994 + (-0.0339 * inv((-0.037000000000000005 + (-0.013800000000000002 * (-2.598243857445774 + (0.8657150319652017 * x_1))))))))))) * (-0.09880000000000001 + (-0.0371 * (-2.592934274244674 + (0.8630118497720846 * x_0)))))
feynman_II_35_18,ok,5,NoRef,0.910310887705328,0.09483117154461523,48,46.65463471412659,,0.1,((-0.037500000000000006 + (0.462 * arctan(((5.83 + (2.0100000000000002 * cos((-5.9 + (73.0 * inv((-3.69 + (-8.14 * (-3.467551660270528 + (1.7331124112989802 * x_1)))))))))) * (((-0.0727 * (-3.4599789364556433 + (1.7321747531028424 * x_3))) - (-0.00848 + (0.059800000000000006 * (-3.459460827248759 + (1.728963213723657 * x_4))))) + ((-0.00518 + (0.06530000000000001 * (-3.467551660270528 + (1.7331124112989802 * x_1)))) - (-0.0669 + (-0.0694 * (-3.458262908846139 + (1.7317525604401383 * x_2)))))))))) + (0.514 + (0.165 * (-3.4562920198414946 + (1.7306719224770948 * x_0)))))
feynman_II_35_21,ok,5,NoRef,0.9344480115062777,1.283264026099853,78,47.53547501564026,,0.1,((((0.876 + (-0.09570000000000001 * (-2.605849634797703 + (0.8673366555310302 * x_2)))) + (0.00358 + (-85.10000000000001 * abs((0.0015999999999999999 + (0.0388 * sin(((0.0689 + (7.8 * (-2.605803542790485 + (0.8672839199170996 * x_0)))) + ((-0.193 + (12.6 * cos((-3.1 + (-77.4 * inv((0.0038499999999999997 + (32.6 * (-2.5975936541530675 + (0.8644639123146133 * x_1)))))))))) + (56.6 + (0.0985 * (-2.5975936541530675 + (0.8644639123146133 * x_1))))))))))))) - (14.6 + (5.8100000000000005 * (-2.605803542790485 + (0.8672839199170996 * x_0))))) * (((0.046000000000000006 * (-2.5966030954412895 + (0.8659303719450882 * x_4))) - (((-0.9570000000000001 * cos((4.7700000000000005 + (-2.5889507000353738 + (0.8647695173479677 * x_3))))) * (0.108 + (-0.0675 * (-2.605849634797703 + (0.8673366555310302 * x_2))))) + (-0.048 + (0.0621 * (-2.605849634797703 + (0.8673366555310302 * x_2)))))) + (-0.497 + (-0.21400000000000002 * (-2.5975936541530675 + (0.8644639123146133 * x_1))))))
feynman_II_36_38,ok,8,NoRef,0.9115020585489504,0.33009342896955257,53,55.897722244262695,,0.1,(0.3 + (0.001 * ((((6.0 + (-3.4676994797729073 + (1.733578912746499 * x_0))) + (-0.1 + (0.4 * (-3.4729457562252377 + (1.7359310010655866 * x_7))))) * ((0.6 + (-1.3 * (-3.4594042135055076 + (1.7308558949614197 * x_3)))) + ((5.0 + (0.9 * (-3.4636734662793733 + (1.7313173648170714 * x_1)))) + (((-1.3 * (-3.4524572010154646 + (1.7288752114960375 * x_2))) + (-0.1 + (0.5 * arctan((-60.0 + (-53.9 * (-3.4653817046691597 + (1.7314781175925666 * x_6)))))))) + ((0.7000000000000001 + (0.4 * (-3.4684907910594056 + (1.7317207667784684 * x_4)))) + (-0.1 + (-0.3 * (-3.4728048570452246 + (1.7339887681618564 * x_5))))))))))**2))
feynman_II_37_1,ok,3,BFGS,0.9874123728880152,2.6421812285052737,57,43.435481786727905,,0.1,((-0.91 + (-0.364 * (-2.589924505416426 + (0.8650155463910425 * x_1)))) * (((85.9 + cos((-5.69 + (-36.9 * (-2.609085462369114 + (0.869096047815585 * x_2)))))) - (74.10000000000001 + (-30.2 * sqrt((0.06960000000000001 + (-0.054000000000000006 * sqrt((0.0063 + (-0.0018299999999999998 * (-2.609085462369114 + (0.869096047815585 * x_2))))))))))) * ((0.0507 + (0.015000000000000001 * (-2.609085462369114 + (0.869096047815585 * x_2)))) * (((-1.9000000000000001 * (-2.5990440720790113 + (0.8667698966674856 * x_0))) + (16.1 + (-3.38 * (-2.5990440720790113 + (0.8667698966674856 * x_0))))) + (0.09480000000000001 + (-7.1000000000000005 * sqrt((63.5 + (17.7 * (-2.5990440720790113 + (0.8667698966674856 * x_0)))))))))))
feynman_II_38_14,ok,2,NoRef,0.9792802979136676,0.03075045770500228,70,40.47249698638916,,0.1,((((0.0456 + sin(inv((-0.038200000000000005 + (0.34800000000000003 * cos(((-8.02 + (5.8 * inv(((0.0023599999999999997 + (2.87 * (-2.598990942841578 + (0.8664660338520245 * x_0)))) + (-46.7 + (-0.00363 * abs((-0.09970000000000001 + (-0.004079999999999999 * (-2.599121661835128 + (0.867658242604959 * x_1))))))))))) + (-0.991 + (43.6 * (-2.599121661835128 + (0.867658242604959 * x_1))))))))))) + (-9.040000000000001 + (-0.785 * sqrt((0.00823 + (-0.0005099999999999999 * (-2.598990942841578 + (0.8664660338520245 * x_0)))))))) * (0.0023 + (0.466 * inv(((8.45 + (2.5 * (-2.599121661835128 + (0.867658242604959 * x_1)))) + (0.0597 + (0.0839 * (-2.598990942841578 + (0.8664660338520245 * x_0))))))))) * (-0.7230000000000001 + (-0.28 * (-2.598990942841578 + (0.8664660338520245 * x_0)))))
feynman_II_38_3,ok,4,NoRef,0.9928755529585892,0.8620168904853247,35,48.391337394714355,,0.1,(((2.5 + (-2.60200840736039 + (0.8681628784310511 * x_0))) * (0.02 + (0.007699999999999999 * (-2.60513779830767 + (0.8698485195204876 * x_1))))) * ((2.0 + (0.8 * (-2.6022544957721383 + (0.8686542242169122 * x_3)))) * ((0.01 + (9.0 * cos((99.0 * (-2.60513779830767 + (0.8698485195204876 * x_1)))))) + (-0.01 + (0.8 * inv((0.009 + (0.0034999999999999996 * (-2.600635279240289 + (0.8678703068561665 * x_2))))))))))
feynman_II_3_24,ok,2,NoRef,0.9936092713986554,0.004493450940357166,56,40.18318319320679,,0.1,((-0.05720000000000001 + (0.057600000000000005 * sqrt((9.4 + (63.5 * ((-0.23 + (29.1 * inv((-0.08810000000000001 + (0.09440000000000001 * ((-9.52 + (-3.64 * (-2.5967996978056815 + (0.8652566440786205 * x_1)))))**2))))))**2))))) * ((-0.002 + (-26.3 * inv((38.0 + (0.0989 * (((-0.0086 + (-6.37 * cos((-77.5 * (-2.5973337242206833 + (0.8663478799495643 * x_0)))))) + (0.00928 + (0.0064199999999999995 * (-2.5967996978056815 + (0.8652566440786205 * x_1))))))**2))))) * (-0.0261 + (-0.009899999999999999 * (-2.5973337242206833 + (0.8663478799495643 * x_0))))))
feynman_II_4_23,ok,3,NoRef,0.9923151837749937,0.002921498416537828,47,42.45902633666992,,0.1,((-0.00692 + (-0.0027099999999999997 * (-2.598351657887101 + (0.8662906941538828 * x_0)))) * (((-0.050800000000000005 + inv(((((-0.0060999999999999995 * (-2.614162387459212 + (0.8700131171819241 * x_1))) + (0.329 + (0.00466 * (-2.614162387459212 + (0.8700131171819241 * x_1))))) + (3.83 + (1.6600000000000001 * (-2.614162387459212 + (0.8700131171819241 * x_1))))) * (-0.37 + (-0.149 * (-2.596337834217202 + (0.8662329880311779 * x_2))))))) - (0.0834 + (0.0907 * cos((-95.4 + (89.60000000000001 * (-2.614162387459212 + (0.8700131171819241 * x_1)))))))) * (5.04 + (0.0025299999999999997 * (-2.596337834217202 + (0.8662329880311779 * x_2))))))
feynman_II_6_11,ok,4,NoRef,0.9842280172581656,0.0025543814544158536,71,42.28911328315735,,0.1,((8.36 + (-0.0734 * (-3.4565991657811312 + (1.7307163679280013 * x_2)))) * ((0.5 + (0.166 * (-3.464014085669444 + (1.731609754792183 * x_1)))) * ((((0.806 + inv(((-0.652 + (-0.261 * (-3.4622829152579717 + (1.7316027606957747 * x_3)))) * ((0.678 + (-0.00212 * (-3.4565991657811312 + (1.7307163679280013 * x_2)))) + (0.056 + (0.18000000000000002 * (-3.456691676548104 + (1.7303556480887887 * x_0)))))))) * (-0.0746 + (-0.00422 * abs((-0.18000000000000002 + (-4.1 * cos((8.6 + (-2.73 * ((0.00292 + (-82.60000000000001 * (-3.4622829152579717 + (1.7316027606957747 * x_3)))))**2))))))))) * ((-7.0 + (0.906 * (-3.4565991657811312 + (1.7307163679280013 * x_2)))) * (-0.00551 + (-0.00722 * (-3.4565991657811312 + (1.7307163679280013 * x_2)))))) * (-0.437 + (0.0014299999999999998 * (-3.456691676548104 + (1.7303556480887887 * x_0)))))))
feynman_II_6_15a,ok,6,NoRef,0.971558688432455,0.06311100063742268,40,51.31856179237366,,0.1,((0.02 + (0.006 * (-3.4605654796930345 + (1.7276430314887348 * x_1)))) * ((0.030000000000000002 + (0.008 * (-3.4560737802928836 + (1.733187796132529 * x_5)))) * (9.0 + (0.9 * exp(((5.0 + (-2.0 * (-3.470858975376867 + (1.7333302864363656 * x_2)))) + ((0.2 + (-0.060000000000000005 * (-3.4580073549283297 + (1.7320491335420232 * x_4)))) * ((-4.0 + (0.9 * (-3.465338005376212 + (1.731140622814794 * x_3)))) + (-0.1 + (-2.0 * (-3.456659468356758 + (1.7297523911338488 * x_0))))))))))))
feynman_II_6_15b,ok,4,NoRef,0.9624974721035308,0.005773249889477534,29,42.20028066635132,,0.1,(((-0.003 + cos((-0.7000000000000001 + (-3.4586863189575285 + (1.7289520813778299 * x_2))))) * (0.001 + (0.0003 * (-3.461084561319301 + (1.731153565723354 * x_1))))) * (-3.0 + (-15.0 * exp(((-0.2 + (-1.3 * (-3.4622927964131365 + (1.7301997360137467 * x_3)))) + (-0.1 + (-0.4 * (-3.4615254830237094 + (1.732744661965213 * x_0)))))))))
feynman_II_8_31,ok,2,BFGS,0.992753487432856,1.0984708224903248,67,45.943657875061035,,0.1,((((-0.0514 * ((2.69 + (-2.597313811381679 + (0.8640915651287518 * x_1))))**2) * (-97.5 + (-35.300000000000004 * (-2.598574822103499 + (0.8662440641333019 * x_0))))) + ((9.0 + (-0.745 * (-2.597313811381679 + (0.8640915651287518 * x_1)))) * (0.0074199999999999995 + (-0.054900000000000004 * (-2.597313811381679 + (0.8640915651287518 * x_1)))))) * (0.06010000000000001 + (3.62 * sqrt((0.00703 + (-0.00225 * sin(((-23.900000000000002 + (0.21400000000000002 * sin((0.891 + (-8.5 * (((1.79 + (0.035100000000000006 * (-2.598574822103499 + (0.8662440641333019 * x_0)))) + (0.00282 + (6.44 * (-2.597313811381679 + (0.8640915651287518 * x_1))))))**3))))) * (30.900000000000002 + (-0.46900000000000003 * ((7.3500000000000005 + (-0.00073 * (-2.598574822103499 + (0.8662440641333019 * x_0)))))**2))))))))))
feynman_II_8_7,ok,3,NoRef,0.9868834026435089,0.010329566465952155,42,43.14463567733765,,0.1,(-0.00020999999999999998 + (0.005699999999999999 * (((((-0.732 * inv(((0.77 + (0.188 * (-2.5985512463066853 + (0.8656453907751338 * x_2)))) * (0.20700000000000002 + (0.054900000000000004 * (-2.5959033503366853 + (0.865754758832984 * x_1))))))) + (-0.022000000000000002 + (-0.0407 * (-2.5985512463066853 + (0.8656453907751338 * x_2))))) + (-0.9800000000000001 + (0.34600000000000003 * cos((0.00818 + (97.0 * (-2.59234558867767 + (0.8643385526007886 * x_0)))))))) * (-0.518 + (-0.20400000000000001 * (-2.59234558867767 + (0.8643385526007886 * x_0))))))**2))
feynman_I_10_7,ok,3,NoRef,0.969807659616601,0.20969844351352582,37,44.11205530166626,,0.1,((0.2 + (0.07700000000000001 * (-2.5943886006272194 + (0.8645563970293073 * x_0)))) * (9.0 + (0.7000000000000001 * sqrt((0.01 + (0.9 * abs(((60.0 + (-20.0 * (-3.2201156043655415 + (0.4949724789068148 * x_2)))) + (0.02 + (9.0 * tan((1.4000000000000001 + (0.08 * sin((0.09000000000000001 + (-90.0 * (-5.212611949693749 + (3.4745621307865266 * x_1))))))))))))))))))
feynman_I_11_19,ok,6,NoRef,0.8766825037618848,3.0875462663394675,70,53.981130838394165,,0.1,((((-0.0787 * ((-2.596295032158583 + (0.8643678791778807 * x_3)))**2) + (9.42 + (-30.6 * sin(((89.3 + (0.20700000000000002 * (-2.595029961244835 + (0.8655686546328268 * x_5)))) - (-0.0308 + (7.51 * (-2.595029961244835 + (0.8655686546328268 * x_5))))))))) + (((((0.7000000000000001 * (-2.5922028582672625 + (0.865539439787479 * x_0))) + (5.49 + (-0.023700000000000002 * (-2.5932425988339483 + (0.8649258075795154 * x_1))))) + (0.8580000000000001 + (0.8170000000000001 * (-2.5932425988339483 + (0.8649258075795154 * x_1))))) * (48.0 + (7.5600000000000005 * (-2.596295032158583 + (0.8643678791778807 * x_3))))) + (-0.936 + (42.1 * (-2.606398370694138 + (0.8683463570293316 * x_2)))))) * (((0.056400000000000006 + (0.00113 * ((-0.0060799999999999995 * (-2.606398370694138 + (0.8683463570293316 * x_2))))**3)) + (-0.0058 + (0.00827 * (-2.595029961244835 + (0.8655686546328268 * x_5))))) - (-0.0349 + (-0.00936 * (-2.5882059191204165 + (0.8647762767948904 * x_4))))))
feynman_I_12_1,ok,2,NoRef,0.9857139391079279,0.6081613077049901,63,41.20267915725708,,0.1,(((2.0 + inv((1.85 + (59.2 * (((0.019200000000000002 + (-55.300000000000004 * (-2.6022331378432146 + (0.8680155861481728 * x_0)))) * (-4.75 + (-0.5 * (-2.5966097197723297 + (0.8658511885072011 * x_1))))))**3)))) * ((((-2.6 + (-2.6022331378432146 + (0.8680155861481728 * x_0))) + (5.2 + (0.027500000000000004 * (-2.6022331378432146 + (0.8680155861481728 * x_0))))) * (-0.08560000000000001 + (-0.032100000000000004 * (-2.5966097197723297 + (0.8658511885072011 * x_1))))) * (0.35700000000000004 + (-0.09110000000000001 * log((0.46 + (-0.162 * sin((8.42 + (-76.2 * (-2.5966097197723297 + (0.8658511885072011 * x_1)))))))))))) * (-48.6 + (-0.00713 * inv((-0.0043 + (0.056400000000000006 * ((0.00882 + (-0.496 * x_2)))**2))))))
feynman_I_12_11,ok,5,NoRef,0.9973163279402805,1.3362965864488907,34,42.980886936187744,,0.1,((0.2 + (0.07500000000000001 * (-2.596171364595932 + (0.8659228189703265 * x_0)))) * ((40.0 + (17.1 * (-2.5973503200260373 + (0.8651327513799799 * x_1)))) + ((2.0 + (0.8 * (-2.602244795057994 + (0.8660188107915093 * x_3)))) * ((0.9 + (0.36000000000000004 * (-2.600831027775535 + (0.8667787060545616 * x_2)))) * (0.001 + (-75.4 * sin((-0.17 + (1.2 * (-2.5916186957998932 + (0.8640791854170146 * x_4)))))))))))
feynman_I_12_2,ok,4,NoRef,0.9931500942342806,0.007370611136484769,42,46.31248092651367,,0.1,((0.02 + (0.0075 * (-2.6032424791452806 + (0.867540162398266 * x_1)))) * ((0.02 + (0.0075 * (-2.5964027361349205 + (0.8654017862005553 * x_0)))) * (0.01 + (0.9 * (((0.01 + (0.6 * cos((9.9 * (-2.5939430909913965 + (0.864085818879647 * x_2)))))) + (-0.001 + (-0.8 * inv(((0.02 + (0.0078 * (-2.605313929955178 + (0.8666691417633031 * x_3)))) * (4.6000000000000005 + (0.9700000000000001 * (-2.5939430909913965 + (0.864085818879647 * x_2))))))))))**2))))
feynman_I_12_4,ok,3,NoRef,0.9941295184753397,0.002058779706943147,80,43.879332304000854,,0.1,(((-0.443 + inv((0.649 + (0.32 * (-2.592196217141038 + (0.8658032042638372 * x_2)))))) - (-0.00743 + (-0.14400000000000002 * cos(((0.0073999999999999995 + (-7.34 * inv(((0.0025 + (0.608 * sin((0.0049299999999999995 + (6.5 * inv((0.811 + (-12.4 * (-2.5982387493748735 + (0.8667457765117664 * x_1)))))))))) - ((-0.0256 + (8.35 * (-2.600235356127227 + (0.867891054443712 * x_0)))) * (0.08380000000000001 + (-0.08770000000000001 * (-2.5982387493748735 + (0.8667457765117664 * x_1))))))))) - (0.00125 + (-5.99 * ((-47.9 + (0.027800000000000002 * (-2.5982387493748735 + (0.8667457765117664 * x_1)))))**3))))))) * ((-0.0386 + (-0.0154 * (-2.600235356127227 + (0.867891054443712 * x_0)))) * (0.00433 + (3.94 * inv(((-0.045000000000000005 + (-0.00377 * (-2.592196217141038 + (0.8658032042638372 * x_2)))) - (17.1 + (6.51 * (-2.5982387493748735 + (0.8667457765117664 * x_1))))))))))
feynman_I_12_5,ok,2,NoRef,0.9985435090067243,0.1943400006238328,66,39.88891553878784,,0.1,((-9.69 + (-3.7 * (-2.5965519073487515 + (0.8667581522832599 * x_1)))) * (((-0.52 + cos((-0.277 + (0.34700000000000003 * tan((63.1 + (6.0200000000000005 * inv((-0.00149 + (0.00975 * sqrt((5.33 + (-0.00966 * abs((0.0488 + (-0.0366 * (-2.6020908648144743 + (0.8670984233486104 * x_0)))))))))))))))))) + (-0.08760000000000001 + (-3.83 * sqrt((0.137 + (-0.396 * exp((((-9.52 + (-2.5965519073487515 + (0.8667581522832599 * x_1))) - (0.00855 + (-0.034600000000000006 * (-2.6020908648144743 + (0.8670984233486104 * x_0))))) * (44.300000000000004 + (0.00815 * (-2.5965519073487515 + (0.8667581522832599 * x_1)))))))))))) * (0.9 + (0.33 * (-2.6020908648144743 + (0.8670984233486104 * x_0))))))
feynman_I_13_12,ok,5,NoRef,0.9840747526881967,1.140388983155273,71,49.85729265213013,,0.1,((((-0.1 + inv((3.17 + (-2.6019570780315906 + (0.866162158231066 * x_3))))) * ((96.8 + (37.5 * (-2.595253856863847 + (0.8664564962922465 * x_0)))) + (-0.098 + (-0.00989 * inv((((95.60000000000001 + inv((0.005399999999999999 + (2.36 * (-2.595657398561907 + (0.8677186126450679 * x_4)))))) - (6.19 + (-8.43 * (-2.5937984500477653 + (0.864055990680985 * x_2))))) * (0.9810000000000001 + (-0.00358 * (-2.5951626702919115 + (0.8654498049007153 * x_1)))))))))) * ((((0.00537 + (-2.6019570780315906 + (0.866162158231066 * x_3))) + (-0.00778 + (-1.04 * (-2.5937984500477653 + (0.864055990680985 * x_2))))) * (-0.08750000000000001 + (-0.034100000000000005 * (-2.5951626702919115 + (0.8654498049007153 * x_1))))) * (-55.0 + (-21.400000000000002 * (-2.595657398561907 + (0.8677186126450679 * x_4)))))) * (-0.0091 + (-0.0758 * inv((3.1 + (1.29 * (-2.5937984500477653 + (0.864055990680985 * x_2))))))))
feynman_I_13_4,ok,4,NoRef,0.9716498484199646,4.4679479368311865,64,48.033573389053345,,0.1,((0.2 + (0.00709 * (((-0.9760000000000001 + (-9.290000000000001 * sin(((-0.00226 + (-2.6 * (-2.5920333375316558 + (0.865165494945584 * x_3)))) * (-0.0006399999999999999 + (-0.00958 * ((0.008029999999999999 + (-79.4 * ((0.619 + (0.006679999999999999 * (-2.592406574234562 + (0.8651626879415284 * x_2)))))**2)))**2)))))) - ((-0.014 + (75.60000000000001 * (-2.592406574234562 + (0.8651626879415284 * x_2)))) + (((-2.45 + (74.4 * inv((-8.0 + (-2.5934358246029423 + (0.8660817834496153 * x_1)))))) * (-62.7 + (-7.57 * (-2.5920333375316558 + (0.865165494945584 * x_3))))) - (4.87 + (0.0699 * (-2.5934358246029423 + (0.8660817834496153 * x_1))))))))**2)) * (0.0119 + (0.00437 * (-2.5938087604534315 + (0.8658639996442419 * x_0)))))
feynman_I_14_3,ok,3,NoRef,0.9907884510921765,1.8462663206485026,46,42.53927803039551,,0.1,((5.46 + (2.14 * (-2.595910032384874 + (0.8660524112758267 * x_0)))) * (((2.74 + (-2.602560612244737 + (0.8682284850825933 * x_2))) * (0.00797 + (0.00312 * (-2.6059237411364964 + (0.8670696817443886 * x_1))))) * (-0.133 + (0.86 * ((-16.1 + (-0.675 * inv((0.9570000000000001 + (48.5 * inv((89.7 + (45.0 * abs((-2.19 + (4.17 * cos((-59.4 + (-23.900000000000002 * (-2.602560612244737 + (0.8682284850825933 * x_2)))))))))))))))))**2))))
feynman_I_14_4,ok,2,NoRef,0.9940176722560083,0.9871066443590016,68,41.40332865715027,,0.1,(((0.0903 + (0.057600000000000005 * sin((((-2.590928418128674 + (0.865183972325344 * x_0)) * (-97.5 + (-4.47 * (-2.600887612956215 + (0.8665924149464357 * x_1))))) + (0.078 + (0.06520000000000001 * (-2.590928418128674 + (0.865183972325344 * x_0)))))))) * (-0.262 + (0.0128 * (-2.590928418128674 + (0.865183972325344 * x_0))))) - ((-0.00832 + (-0.0028699999999999997 * (-2.590928418128674 + (0.865183972325344 * x_0)))) * ((-0.5770000000000001 + (0.028900000000000002 * ((-18.6 + (-0.8420000000000001 * ((-96.10000000000001 + (0.0349 * inv((0.0539 + (-0.041 * sin((13.4 + (71.0 * (-2.590928418128674 + (0.865183972325344 * x_0)))))))))))**2)))**2)) * ((0.014 + (0.00639 * (-2.600887612956215 + (0.8665924149464357 * x_1)))) * (0.0695 + (0.020700000000000003 * (-2.600887612956215 + (0.8665924149464357 * x_1))))))))
feynman_I_15_10,ok,3,NoRef,0.9649838816506556,0.3967433174388981,46,41.07619261741638,,0.1,(((4.11 + (-5.18792637014484 + (3.459317054402296 * x_1))) * (0.0704 + (-0.008459999999999999 * (((-0.0074399999999999996 + (-4.6000000000000005 * sin((-0.028600000000000004 + (0.24000000000000002 * sin((-0.023000000000000003 + (-57.0 * (-2.6035236050388675 + (0.8686126940812349 * x_0)))))))))) * (0.799 + (-0.0042899999999999995 * (-3.215587655657226 + (0.4943578775927227 * x_2))))))**2))) * (((-13.4 * (-3.215587655657226 + (0.4943578775927227 * x_2))) - (-17.3 + (-12.700000000000001 * (-3.215587655657226 + (0.4943578775927227 * x_2))))) + (-0.00556 + (7.3500000000000005 * (-2.6035236050388675 + (0.8686126940812349 * x_0))))))
feynman_I_15_3t,ok,4,NoRef,0.9863900774742066,0.1414186001005067,64,44.81079840660095,,0.1,(((-0.794 * exp(((0.00346 + (0.00294 * (-5.197091772326957 + (3.463619450364364 * x_2)))) * (-0.0327 + (-48.0 * arctan((3.35 + (-7.8 * cos((-0.40700000000000003 + (47.0 * (-5.197091772326957 + (3.463619450364364 * x_2))))))))))))) * (0.506 + (0.0284 * (-2.608517610200856 + (0.8679752746047078 * x_0))))) + (((((-0.08230000000000001 * (-2.6008891320513654 + (0.8667068488417029 * x_3))) - (-51.7 + (0.0028 * (-5.197091772326957 + (3.463619450364364 * x_2))))) + (0.09640000000000001 + (0.41500000000000004 * (-2.6008891320513654 + (0.8667068488417029 * x_3))))) + ((-13.5 + (-0.0039299999999999995 * (-2.608517610200856 + (0.8679752746047078 * x_0)))) * (6.5200000000000005 + (-0.0649 * (-2.6008891320513654 + (0.8667068488417029 * x_3)))))) + (39.6 + (0.06770000000000001 * (-3.221526261274899 + (0.49577450215155433 * x_1))))))
feynman_I_15_3x,ok,4,NoRef,0.9461322141290752,0.3714103989342212,83,47.5064742565155,,0.1,(((-0.0854 + (-0.030000000000000002 * (-5.194610157002627 + (0.6923898347740892 * x_0)))) * ((0.09980000000000001 + (3.62 * (-5.197758810917438 + (3.4679879098814306 * x_1)))) + ((-49.0 + (0.802 * (((0.166 + (0.00788 * (-5.203106141035298 + (3.4693195052403323 * x_3)))) + (-0.0641 + (-1.79 * sin((0.06770000000000001 + (-77.4 * (-5.197758810917438 + (3.4679879098814306 * x_1)))))))))**3)) + (0.79 + (0.036800000000000006 * inv((0.07970000000000001 + (2.54 * arctan((0.084 + (0.0599 * (-2.335999277112323 + (0.20302468541715302 * x_2))))))))))))) - ((-1.11 + (0.42500000000000004 * (-5.203106141035298 + (3.4693195052403323 * x_3)))) + (-0.3 + (-0.14400000000000002 * arctan((((-0.00839 + (0.791 * (-5.197758810917438 + (3.4679879098814306 * x_1)))) - (47.7 + (-0.028800000000000003 * inv((-0.0006799999999999999 + (-0.0531 * (-5.197758810917438 + (3.4679879098814306 * x_1)))))))) - (-26.3 + (6.68 * (-2.335999277112323 + (0.20302468541715302 * x_2))))))))))
feynman_I_16_6,ok,3,NoRef,0.8856674968448165,0.3862456265188777,50,42.679710388183594,,0.1,((-0.9580000000000001 + (-0.451 * (-2.601312324797946 + (0.8671074578408348 * x_0)))) * ((((-31.3 * (-2.5928691179048866 + (0.8655607823710851 * x_1))) * (0.0075 + (-0.008369999999999999 * (-2.6014888037924595 + (0.8661504749928541 * x_2))))) + (0.00348 + (-0.35800000000000004 * sin((((6.97 + (0.00665 * (-2.601312324797946 + (0.8671074578408348 * x_0)))) + (0.034 + (0.46 * (-2.6014888037924595 + (0.8661504749928541 * x_2))))) - (-0.015300000000000001 + (-77.60000000000001 * (-2.5928691179048866 + (0.8655607823710851 * x_1))))))))) - ((0.0356 + (-0.0091 * (-2.5928691179048866 + (0.8655607823710851 * x_1)))) - (-3.06 + (0.323 * (-2.601312324797946 + (0.8671074578408348 * x_0)))))))
feynman_I_18_12,ok,3,NoRef,0.995439314131053,0.5032935701167348,31,43.800251960754395,,0.1,(((2.7 + (-2.6050801918740474 + (0.867370369003125 * x_1))) * (0.1 + (0.04 * (-2.5991405355654997 + (0.8649070395109617 * x_0))))) * (-0.1 + (-34.300000000000004 * sin(((-0.6 + (1.4000000000000001 * (-1.7274550713367882 + (0.6928670693827444 * x_2)))) + (-0.060000000000000005 + (-0.07 * sin((0.006 + (99.0 * (-2.5991405355654997 + (0.8649070395109617 * x_0))))))))))))
feynman_I_18_14,ok,4,NoRef,0.9933767800681175,2.0631881752639853,37,48.11486482620239,,0.1,(((2.6 + (-2.600412693322325 + (0.8669911107198401 * x_2))) * ((0.2 + (0.08 * (-2.5944367780687636 + (0.8654948886733715 * x_1)))) * (0.9 + (0.36000000000000004 * (-2.6037165074757103 + (0.8655596913719785 * x_0)))))) * (-0.02 + (-58.5 * sin(((0.2 + (-1.7 * (-2.598196381366317 + (0.8653128087362989 * x_3)))) * (-0.7000000000000001 + (0.13 * cos((0.01 + (-6.8 * (-2.598196381366317 + (0.8653128087362989 * x_3))))))))))))
feynman_I_18_4,ok,4,NoRef,0.8758838147444454,0.2986509573110348,89,45.844948530197144,,0.1,(((0.00466 + (0.0064199999999999995 * (-2.60706730646365 + (0.8680059222482197 * x_2)))) * ((-0.796 + (-0.00453 * ((-5.05 + (-2.6029625406530927 + (0.8668512595107257 * x_1))))**2)) * (((0.06630000000000001 + (70.5 * sin((-0.023500000000000004 + (0.06680000000000001 * (-2.593469336339158 + (0.8649376919387801 * x_3))))))) - (88.4 + (0.0003 * inv((0.0183 + (92.0 * (-2.6029625406530927 + (0.8668512595107257 * x_1)))))))) - ((81.10000000000001 + (74.60000000000001 * (-2.5972038853188995 + (0.8652179604558722 * x_0)))) * (0.00826 + (0.219 * (-2.5972038853188995 + (0.8652179604558722 * x_0)))))))) - (0.023100000000000002 + (-0.08410000000000001 * abs(((-0.0826 + (-0.058800000000000005 * ((-9.1 + (2.69 * tan(((-0.05500000000000001 + (0.0148 * ((0.23800000000000002 * (-2.593469336339158 + (0.8649376919387801 * x_3))))**2)) + (0.00994 + (-0.7220000000000001 * cos((-0.9500000000000001 + (53.6 * (-2.60706730646365 + (0.8680059222482197 * x_2))))))))))))**2)) + (35.0 + (7.74 * (-2.593469336339158 + (0.8649376919387801 * x_3)))))))))
feynman_I_24_6,ok,4,NoRef,0.9792131187099968,2.092969286813922,55,50.91042518615723,,0.1,((0.02 + (0.0055 * (-3.4589167097681504 + (1.7306203686785993 * x_0)))) * (0.6 + (0.9 * ((((3.3000000000000003 + (-3.4830959236628876 + (1.734975175102356 * x_3))) + (0.1 + (0.001 * (-3.4589167097681504 + (1.7306203686785993 * x_0))))) * ((8.8 + (1.2 * (-3.479147470956827 + (1.7410199533292803 * x_2)))) + ((0.015000000000000001 + (-0.006 * sin(((-0.060000000000000005 + (-9.0 * (-3.4830959236628876 + (1.734975175102356 * x_3)))) + (0.006 + (0.9 * (-3.479147470956827 + (1.7410199533292803 * x_2)))))))) * ((0.01 + (80.8 * (-3.473416667436356 + (1.7367774080437897 * x_1)))) + (0.001 + (-0.002 * (-3.473416667436356 + (1.7367774080437897 * x_1)))))))))**2)))
feynman_I_25_13,ok,2,NoRef,0.9862426474967652,0.09123223194808648,60,39.64049816131592,,0.1,(((0.00579 + inv((2.5 + (-2.594777846607204 + (0.865852636549753 * x_1))))) * (-0.9600000000000001 + (-0.34500000000000003 * (-2.605033837913406 + (0.8664970762521155 * x_0))))) * ((-4.2 + (-0.536 * (((0.00105 + (0.769 * sin((0.467 + (-99.2 * (-2.594777846607204 + (0.865852636549753 * x_1))))))) - (-0.0052899999999999996 + (-0.00818 * (-2.605033837913406 + (0.8664970762521155 * x_0))))))**3)) - (-1.54 + (-0.996 * inv(((6.04 + (-0.005699999999999999 * ((6.26 * (-2.605033837913406 + (0.8664970762521155 * x_0))))**2)) + ((0.0072499999999999995 + (0.053200000000000004 * (-2.605033837913406 + (0.8664970762521155 * x_0)))) - (0.00085 + (0.00125 * (-2.594777846607204 + (0.865852636549753 * x_1)))))))))))
feynman_I_26_2,ok,2,NoRef,0.9891127103969027,0.0519965929478616,27,38.018922328948975,,0.1,((0.01 + (0.005699999999999999 * (-1.7407571789245355 + (3.475083744440562 * x_0)))) * (0.01 + (-58.5 * sin(((0.01 + (-0.08600000000000001 * (-2.600015246440371 + (0.8654498220886182 * x_1)))) * (-12.0 + (1.8 * cos((0.030000000000000002 + (-90.0 * (-1.7407571789245355 + (3.475083744440562 * x_0))))))))))))
feynman_I_27_6,ok,3,BFGS,0.924621355019878,0.0976720114956925,41,44.010730266571045,,0.1,((0.030000000000000002 + (0.009 * (-2.5930907874002256 + (0.8674131152512952 * x_1)))) * (7.0 + (9.0 * sqrt((0.6 + (0.030000000000000002 * abs(((0.9 + (0.4 * (-2.596991877323595 + (0.8643577630053706 * x_0)))) * ((-0.02 + (90.0 * exp((-1.1 * (-2.5972636729654104 + (0.8654580008471298 * x_2)))))) + (-0.001 + (-55.0 * cos((0.2 + (-99.0 * (-2.5972636729654104 + (0.8654580008471298 * x_2))))))))))))))))
feynman_I_29_16,ok,4,NoRef,0.8621568206023507,0.7139350387599799,42,45.19452714920044,,0.1,(0.4 + (0.060000000000000005 * abs((((6.0 + (-2.593190200078626 + (0.863969471263479 * x_0))) + (-0.1 + (1.2 * (-2.5996355969513414 + (0.867415336500999 * x_1))))) * (0.01 + (-16.3 * sin(((0.01 + (0.6 * (-2.5964772188494316 + (0.8662246457768173 * x_2)))) + ((-0.060000000000000005 + (-0.6 * (-2.5923340000351716 + (0.8642510753106671 * x_3)))) + (0.001 + (0.14 * sin((0.08 + (-9.0 * (-2.5996355969513414 + (0.867415336500999 * x_1))))))))))))))))
feynman_I_29_4,ok,2,BFGS,0.9961309236404766,0.08212083023044883,53,39.29503273963928,,0.1,(((-3e-05 + cos((3.9 + (0.9639831526788307 * sqrt((-0.00631 + (0.9938290411619916 * exp(((((84.52952897937658 + (-0.47608614821068795 * (-2.1199447693051976 + (0.38435904264497023 * x_0)))) * (8.11056699997143 + (-0.04680701133483267 * (-2.1199447693051976 + (0.38435904264497023 * x_0))))) - (5.996209249249628 + (-0.04345193096679396 * (-2.1085393677566087 + (0.3842231922338835 * x_1))))) - (6.056209249249629 + (-1.5994733865147583 * (-2.1199447693051976 + (0.38435904264497023 * x_0))))))))))))) - (0.0039 + (-0.0429 * inv((-0.0038499999999999997 + (-0.0018299999999999998 * (-2.1085393677566087 + (0.3842231922338835 * x_1)))))))) * (-0.0918 + (-0.042800000000000005 * (-2.1199447693051976 + (0.38435904264497023 * x_0)))))
feynman_I_30_3,ok,3,NoRef,0.2699787946287462,2.1834916040862367,59,40.59654426574707,,0.1,((-0.00552 + (-0.14700000000000002 * ((-0.0675 + (0.8520000000000001 * sin((41.7 + (-0.00503 * (-2.6024260752663895 + (0.8678711519806617 * x_0))))))))**3)) * (0.042100000000000005 + (0.0052899999999999996 * sqrt(((-67.8 + (70.9 * ((((0.09280000000000001 + cos((-0.65 + (14.200000000000001 * x_3)))) - (0.268 + (-1.3800000000000001 * ((-0.00189 + (-0.684 * (-2.603936609092604 + (0.8668701194329798 * x_1)))))**2))) * ((-8.120000000000001 + (0.00434 * (-2.592868831978815 + (0.866789899890511 * x_2)))) * (-84.0 + (-37.4 * (-2.6024260752663895 + (0.8678711519806617 * x_0)))))))**2)) - (0.032400000000000005 + (0.00902 * (-2.592868831978815 + (0.866789899890511 * x_2)))))))))
feynman_I_30_5,ok,3,NoRef,0.9798637491282078,0.016976022619303838,48,43.27725076675415,,0.1,(-0.008159999999999999 + (0.332 * inv((((-6.4 + (-5.211479054849089 + (3.4657298198181583 * x_0))) * (0.224 + (0.053500000000000006 * (-4.051746539098795 + (1.1557736640614436 * x_1))))) * ((0.92 + (0.34800000000000003 * (-2.6000292981085495 + (0.8664825631329316 * x_2)))) * (-1.85 + (0.00037999999999999997 * abs(((-5.11 + (-18.7 * (-4.051746539098795 + (1.1557736640614436 * x_1)))) + ((-99.7 + (-0.0246 * (-5.211479054849089 + (3.4657298198181583 * x_0)))) * (-1.09 + (-7.29 * sin((0.252 + (-82.4 * (-5.211479054849089 + (3.4657298198181583 * x_0)))))))))))))))))
feynman_I_32_17,ok,6,NoRef,0.9842674299742816,0.5832710083848094,52,50.391075134277344,,0.1,(-0.00983 + (0.552 * exp((((0.9670000000000001 * (-5.201669202926287 + (3.465101365376907 * x_4))) - ((-0.156 + (-0.0627 * ((-7.26 + (0.801 * (-6.903710429639748 + (1.7280287053142276 * x_5)))))**2)) - (-2.87 + (0.229 * (-5.191719920241431 + (3.4612079800580897 * x_0)))))) + ((((-0.08710000000000001 * cos((-2.07 + (8.46 * (-6.903710429639748 + (1.7280287053142276 * x_5)))))) - (0.0621 + (-0.34400000000000003 * (-5.191071404034526 + (3.4612841621060095 * x_2))))) + (0.805 + (0.165 * (-5.196568868821396 + (3.4665310675943437 * x_1))))) + (-0.626 + (0.364 * (-5.20949847392854 + (3.473689331430739 * x_3)))))))))
feynman_I_32_5,ok,4,NoRef,0.9832477689734405,0.0972305844974553,39,48.701051235198975,,0.1,((0.001 + (0.00039999999999999996 * (-2.603468037069962 + (0.8675760952226889 * x_1)))) * (-0.1 + (0.02 * (((0.2 + (0.08 * (-2.5956032453005653 + (0.8663265211647279 * x_0)))) * (0.01 + (-9.0 * inv(((0.02 + (0.009 * (-2.5972272333763238 + (0.8657216311569121 * x_3)))) * ((1.6 + (0.3 * (-2.5947855666029613 + (0.8646509662068468 * x_2)))) + (-0.1 + (-0.15 * (-2.603468037069962 + (0.8675760952226889 * x_1)))))))))))**2)))
feynman_I_34_1,ok,3,NoRef,0.9790013629233528,0.2577086410387872,59,43.74815106391907,,0.1,((((64.4 + (-0.00217 * (-2.603126956247802 + (0.8663199113075305 * x_2)))) + (0.679 + (24.2 * (-2.603126956247802 + (0.8663199113075305 * x_2))))) - (-0.21300000000000002 + (0.09930000000000001 * (-5.187248614612834 + (3.458815107969585 * x_1))))) * (0.049400000000000006 + (0.195 * abs(((0.0666 + (0.014600000000000002 * (-5.187248614612834 + (3.458815107969585 * x_1)))) * (0.386 + (5.53 * inv((((83.60000000000001 * sqrt((0.08230000000000001 + (-0.05550000000000001 * cos((-0.05160000000000001 + (-8.05 * (-2.603126956247802 + (0.8663199113075305 * x_2))))))))) * (-0.0873 + (-0.0693 * (-3.2156428217072808 + (0.493982490446171 * x_0))))) + (-2.35 + (-0.00573 * (-2.603126956247802 + (0.8663199113075305 * x_2)))))))))))))
feynman_I_34_14,ok,3,NoRef,0.9615784900288394,0.31874115806061354,53,42.671504735946655,,0.1,(((90.4 + abs((-3.43 + (-19.3 * cos(((-1.67 + (0.0009599999999999999 * (((-5.8 + (-9.53 * (-2.596508900456545 + (0.8655927557137691 * x_2)))) * (54.1 + (-32.2 * (-3.217417259857548 + (0.49581360047227363 * x_0))))))**2)) - (-5.43 + (-0.604 * (-5.200727401982708 + (3.4652785097369945 * x_1)))))))))) + (7.88 + (5.8 * (-5.200727401982708 + (3.4652785097369945 * x_1))))) * ((0.28500000000000003 + (0.109 * (-2.596508900456545 + (0.8655927557137691 * x_2)))) * (0.111 + (0.07700000000000001 * ((0.29300000000000004 + (-0.35700000000000004 * (-3.217417259857548 + (0.49581360047227363 * x_0)))))**3))))
feynman_I_34_27,ok,2,NoRef,0.9931377802621029,0.06678956743873021,63,40.522454261779785,,0.1,((-0.0257 + (-0.0098 * (-2.599464215197715 + (0.8656278272918196 * x_1)))) * ((-0.77 + (-0.276 * (-2.601721072207188 + (0.8658740456715549 * x_0)))) * (74.0 + (67.6 * inv((73.2 + (-0.00149 * ((0.5930000000000001 + (-0.506 * abs(((0.00898 + (-0.00018999999999999998 * (-2.601721072207188 + (0.8658740456715549 * x_0)))) + (-0.0123 + (0.993 * ((-0.08620000000000001 + (-9.32 * sqrt((0.013500000000000002 + (4.4 * cos((5.5 + (0.365 * cos((-0.993 + (50.1 * inv((0.0060999999999999995 + (-0.09400000000000001 * (-2.601721072207188 + (0.8658740456715549 * x_0)))))))))))))))))**2)))))))**2)))))))
feynman_I_34_8,ok,4,NoRef,0.9948476040421161,0.7304552007139029,66,48.606101751327515,,0.1,(((((-0.434 + cos(((-43.1 + (45.5 * inv(((-0.054900000000000004 + (-0.45 * (-2.592703288912454 + (0.863667000506222 * x_3)))) + (-0.0166 + (-0.48100000000000004 * (-2.5995638320080134 + (0.8665371443934287 * x_2)))))))) - (-0.00707 + (6.45 * (-2.5941060262875544 + (0.8659265416962691 * x_0))))))) - ((-6.41 + (4.2 * (-2.5995638320080134 + (0.8665371443934287 * x_2)))) + (42.2 + (8.77 * (-2.5995638320080134 + (0.8665371443934287 * x_2)))))) * (0.00022999999999999998 + (0.060000000000000005 * inv((-0.0073999999999999995 + (-0.00296 * (-2.592703288912454 + (0.863667000506222 * x_3)))))))) * ((3.0700000000000003 + (0.9440000000000001 * (-2.610854427324785 + (0.8688802145143643 * x_1)))) * (-0.00804 + (-0.0030199999999999997 * (-2.5941060262875544 + (0.8659265416962691 * x_0)))))) * (-1.19 + (-0.07010000000000001 * (-2.610854427324785 + (0.8688802145143643 * x_1)))))
feynman_I_37_4,ok,3,NoRef,0.9676785909185579,0.517842873138045,58,44.87878060340881,,0.1,((0.035500000000000004 + (0.08600000000000001 * (((((-5.29 + (-0.5840000000000001 * (-2.598697221694573 + (0.8672851262518042 * x_0)))) * (0.068 + (-0.727 * (-2.608990752165148 + (0.8672418288011203 * x_2))))) - (0.0229 + (0.00062 * sqrt((0.0391 + (0.00053 * (-2.608990752165148 + (0.8672418288011203 * x_2)))))))) * (-1.51 + (-0.165 * (-2.5963963854242444 + (0.8636975739939898 * x_1))))))**2)) - (((-0.9490000000000001 + sin((37.2 * (-2.598697221694573 + (0.8672851262518042 * x_0))))) + (0.7110000000000001 + (0.9530000000000001 * (-2.5963963854242444 + (0.8636975739939898 * x_1))))) * ((0.09960000000000001 + (0.25 * (-2.598697221694573 + (0.8672851262518042 * x_0)))) - (-0.0229 + (0.24100000000000002 * (-2.5963963854242444 + (0.8636975739939898 * x_1)))))))
feynman_I_38_12,ok,4,NoRef,0.9951500792475244,0.09944565437827184,42,49.235527992248535,,0.1,((0.02 + (0.0075 * (-2.590897410092625 + (0.8639945549422658 * x_3)))) * (0.1 + (0.9 * (((0.02 + (0.008 * (-2.5932063297649695 + (0.8659794708196648 * x_2)))) * ((-0.01 + (9.9 * sin((9.9 * (-2.590897410092625 + (0.8639945549422658 * x_3)))))) + (0.01 + (-99.0 * inv(((0.2 + (0.07700000000000001 * (-2.5868571845469264 + (0.8640732966669972 * x_1)))) * (2.3000000000000003 + (0.5 * (-2.597649580940835 + (0.8664652887628652 * x_0)))))))))))**2)))
feynman_I_39_1,ok,2,NoRef,0.9970083296644032,0.42037358309994977,44,40.415043115615845,,0.1,((-2.14 + (-0.8 * (-2.610852218913775 + (0.8679709645462175 * x_0)))) * ((-0.7220000000000001 + (0.065 * (-2.610852218913775 + (0.8679709645462175 * x_0)))) + (((-80.9 + tan(((-21.3 + (0.026600000000000002 * cos((-2.5874491946314144 + (0.8643957645163813 * x_1))))) + (0.0212 + (0.679 * sin((0.548 + (-18.900000000000002 * (-2.5874491946314144 + (0.8643957645163813 * x_1)))))))))) * (75.4 + (0.051500000000000004 * (-2.5874491946314144 + (0.8643957645163813 * x_1))))) * (0.00095 + (0.00039999999999999996 * (-2.5874491946314144 + (0.8643957645163813 * x_1)))))))
feynman_I_39_11,ok,3,NoRef,0.9857097674959212,0.3648544154477574,60,44.58357858657837,,0.1,(((0.038200000000000005 * inv(((0.518 + (-0.00834 * (-4.042145585388573 + (1.1529712948484019 * x_0)))) + ((-0.533 + (0.09740000000000001 * cos(((-0.0782 + (0.00163 * (-4.042145585388573 + (1.1529712948484019 * x_0)))) * ((0.00994 + (-41.0 * (-4.042145585388573 + (1.1529712948484019 * x_0)))) * (-8.55 + (-0.0611 * (-4.042145585388573 + (1.1529712948484019 * x_0))))))))) * (-0.45 + (-0.45 * (-4.042145585388573 + (1.1529712948484019 * x_0)))))))) * ((7.78 + (2.8000000000000003 * (-2.5983696326171515 + (0.8665976040967962 * x_1)))) * (9.620000000000001 + (3.79 * (-2.595455730790419 + (0.866426729766743 * x_2)))))) + (-0.0785 + (0.0415 * exp((-27.1 + (0.00851 * (-2.5983696326171515 + (0.8665976040967962 * x_1))))))))
feynman_I_39_22,ok,4,NoRef,0.9947197012203226,0.7279319970239317,58,49.626670837402344,,0.1,((((-0.0694 + sin(((1.9000000000000001 + (8.18 * (-2.5985038632400053 + (0.8665570472054581 * x_3)))) - (8.65 + (-0.059300000000000005 * (-2.594772924775114 + (0.8647969376103314 * x_2))))))) + (0.00435 + (3.45 * inv((0.138 + (0.054400000000000004 * (-2.594772924775114 + (0.8647969376103314 * x_2)))))))) * ((((3.0 + (-2.6001512081637608 + (0.8662530217502574 * x_1))) * (-0.21000000000000002 + (-0.08120000000000001 * (-2.5985038632400053 + (0.8665570472054581 * x_3))))) * (-6.98 + (-0.223 * sqrt((0.29600000000000004 + (0.00307 * (-2.596070702664301 + (0.8650880429565314 * x_0)))))))) * (-0.013000000000000001 + (-0.00511 * (-2.596070702664301 + (0.8650880429565314 * x_0)))))) * (-5.75 + (-0.29500000000000004 * (-2.6001512081637608 + (0.8662530217502574 * x_1)))))
feynman_I_40_1,ok,6,NoRef,0.8537436668281249,0.24760116790388154,51,56.64716577529907,,0.1,((1e-05 + (-1e-05 * ((0.001 + (0.09000000000000001 * (((0.09000000000000001 + (-60.0 * (-2.5902351602969307 + (0.863398538363021 * x_2)))) - ((-0.09000000000000001 + (-60.0 * (-2.6013353723946078 + (0.8665187813107157 * x_3)))) + ((-90.0 + (-90.0 * (-2.605099304803638 + (0.8660630967141432 * x_5)))) + ((-90.0 + (60.0 * (-2.5929241422208316 + (0.8658317901602302 * x_1)))) + (-90.0 + (70.0 * (-2.593469833365188 + (0.865297365330787 * x_4)))))))))**2)))**2)) * ((0.02 + (-0.006999999999999999 * (-2.605099304803638 + (0.8660630967141432 * x_5)))) * (-0.02 + (-0.006999999999999999 * (-2.593762843943772 + (0.8633889797343528 * x_0))))))
feynman_I_41_16,ok,5,NoRef,0.9925121261784363,0.25847086351822046,48,52.79560732841492,,0.1,((0.02 + (0.0086 * (-2.592351292025184 + (0.8655312921921307 * x_1)))) * ((0.01 + (0.0042 * (-2.603711618701996 + (0.8674885206161763 * x_3)))) * (0.01 + (0.9 * (((0.2 + (0.07700000000000001 * (-2.5931837624863285 + (0.8657331983549267 * x_0)))) * ((-0.01 + (-25.0 * cos((6.8 * (-2.5931837624863285 + (0.8657331983549267 * x_0)))))) + ((0.01 + (-0.2 * (-2.60464797628463 + (0.8670300800654245 * x_2)))) + (0.08 + (-9.9 * inv((-0.030000000000000002 + (-0.011500000000000002 * (-2.5969195540429015 + (0.864196781959517 * x_4)))))))))))**2))))
feynman_I_43_16,ok,4,NoRef,0.9915433099928173,0.9450752735838666,35,49.41748094558716,,0.1,(((2.4 + (-2.5954715034473734 + (0.8651373322140715 * x_2))) * (0.02 + (0.008 * (-2.5950676865865727 + (0.8661889340740903 * x_1))))) * ((2.0 + (0.8 * (-2.585499294221134 + (0.8634310324335459 * x_0)))) * ((0.01 + (9.0 * sin((9.9 * (-2.585499294221134 + (0.8634310324335459 * x_0)))))) + (0.01 + (0.8 * inv((0.009 + (0.0034999999999999996 * (-2.6072652398574374 + (0.8674247728795685 * x_3))))))))))
feynman_I_43_31,ok,3,BFGS,0.9976137994810763,0.9430668600941249,68,41.09414982795715,,0.1,(((((2.4899098540145297 + (-2.6003021680462277 + (0.8659603112778517 * x_1))) * (-0.5112968755318541 + (-0.0029076114699357956 * (-2.600324815345727 + (0.8660964222800557 * x_0))))) * (-4.149941471156118 + (-1.499919915290926 * (-2.6038063676091725 + (0.8666070223321088 * x_2))))) * (-0.5364939709782254 + (-0.062369211980223487 * sqrt((((0.00968937665649755 + (-2.6003021680462277 + (0.8659603112778517 * x_1))) - (-71.99999937665649 + (0.007300743144052624 * (-2.6038063676091725 + (0.8666070223321088 * x_2))))) * (0.0837762413762875 + (0.00045136365951615933 * ((-0.6349936348250159 + (-0.02896164815284911 * (((-3.9399976349094463 + (-9.41999728751607 * sin((0.925000561766956 + (-49.000000074800894 * inv((0.268994493269277 + (-0.26999504930976476 * (-2.600324815345727 + (0.8660964222800557 * x_0)))))))))) - (-0.5200023650905541 + (-0.6500028884197244 * (-2.6003021680462277 + (0.8659603112778517 * x_1))))))**2)))**2))))))) * (-7.399968683221626 + (-2.8999547318601806 * (-2.600324815345727 + (0.8660964222800557 * x_0)))))
feynman_I_43_43,ok,4,NoRef,0.9930663388169161,0.13447952695785395,35,47.84668016433716,,0.1,(((2.5 + (-2.594745462551926 + (0.8670165491222759 * x_3))) * (0.02 + (0.0076 * (-2.5907331018540765 + (0.8648811648028888 * x_1))))) * ((0.01 + (3.0 * sin((9.9 * (-2.5907331018540765 + (0.8648811648028888 * x_1)))))) + (0.01 + (9.0 * inv(((0.04 + (0.015000000000000001 * (-2.6024921348019188 + (0.8680437692783521 * x_2)))) * (9.4 + (3.3000000000000003 * (-4.045917629676047 + (1.1547216614123907 * x_0))))))))))
feynman_I_44_4,ok,5,NoRef,0.9951523604682202,1.451879716529884,59,50.83510375022888,,0.1,(((((-0.00404 + (-2.6083911975870233 + (0.867304939606311 * x_3))) + (0.01 + (-0.9500000000000001 * (-2.6022615917644 + (0.8678845667806578 * x_4))))) * (-0.0195 + (-0.00771 * (-2.5947630838170954 + (0.8666353404234534 * x_0))))) * ((0.8310000000000001 + (60.0 * inv(((-29.6 + (-0.0051199999999999996 * tan((0.0703 * (-2.597239947840183 + (0.8666424223859154 * x_2)))))) + ((-0.0052899999999999996 + (-0.646 * (-2.6022615917644 + (0.8678845667806578 * x_4)))) - (-0.8580000000000001 + (3.44 * (-2.6022615917644 + (0.8678845667806578 * x_4))))))))) + (0.05550000000000001 + (0.273 * (-2.6083911975870233 + (0.867304939606311 * x_3)))))) * ((-49.0 + (-19.7 * (-2.5924133518336228 + (0.8656835791937864 * x_1)))) * (9.99 + (3.73 * (-2.597239947840183 + (0.8666424223859154 * x_2))))))
feynman_I_47_23,ok,3,NoRef,0.947223699448348,0.1541308549157797,83,45.24026918411255,,0.1,((((0.00132 + (-0.0217 * abs((-4.73 + (0.17700000000000002 * (((-0.0017599999999999998 + (-0.022500000000000003 * inv((77.8 + (-0.5640000000000001 * (-2.602396933235228 + (0.867364334715105 * x_1))))))) - (-0.09690000000000001 + (-52.7 * sin(((-6.2700000000000005 + (5.2 * inv((2.64 + (-2.600972805803329 + (0.86643926880612 * x_2)))))) * (-55.7 + (-0.36000000000000004 * (-2.600972805803329 + (0.86643926880612 * x_2))))))))))**2))))) * (-0.539 + (-8.16 * ((-0.0476 + (0.2 * (-2.594784151036023 + (0.8635111426388773 * x_0)))))**3))) - ((-0.0089 + (0.09790000000000001 * ((9.59 + (-2.594784151036023 + (0.8635111426388773 * x_0))))**2)) * (-3.62 + (-0.752 * (-2.602396933235228 + (0.867364334715105 * x_1)))))) * (-0.00546 + (0.058600000000000006 * exp(((-0.00215 + (-0.162 * (-2.600972805803329 + (0.86643926880612 * x_2)))) + (-0.08570000000000001 + (-0.06870000000000001 * (-2.600972805803329 + (0.86643926880612 * x_2)))))))))
feynman_I_48_2,ok,3,NoRef,0.9913625588712911,9.354142304768231,45,44.7912712097168,,0.1,(((0.04700000000000001 + ((3.04 + (-3.2078667727278103 + (0.4931890083806296 * x_2))))**2) * (0.24400000000000002 + (0.08710000000000001 * (-2.601785593820433 + (0.8664200787290204 * x_0))))) * ((59.7 + (-0.299 * (-3.2078667727278103 + (0.4931890083806296 * x_2)))) + ((-0.054900000000000004 + (0.14300000000000002 * (-5.1920045067996075 + (3.4585979688833226 * x_1)))) - (-0.00554 + (0.49500000000000005 * inv((0.065 + (0.0198 * ((0.00626 + (6.25 * sin((-0.00313 + (-46.1 * (-5.1920045067996075 + (3.4585979688833226 * x_1))))))))**2))))))))
feynman_I_50_26,ok,4,NoRef,0.702793873883429,1.0680885419310386,63,44.93969225883484,,0.1,(((-0.802 + (-3.468706366434954 + (1.7331233838790523 * x_2))) + (0.060300000000000006 + (9.92 * sqrt((-0.00045999999999999996 + (0.399 * exp((0.262 + (0.0403 * (-3.468706366434954 + (1.7331233838790523 * x_2))))))))))) * (((0.8500000000000001 + (-3.4667004473007936 + (1.7325786628094648 * x_3))) - ((0.514 + (-0.9880000000000001 * cos(((-0.08460000000000001 + (-2.33 * (-3.4715413106520487 + (1.73433128986549 * x_1)))) - (-0.8480000000000001 + (2.0300000000000002 * (-3.468706366434954 + (1.7331233838790523 * x_2)))))))) * (-2.92 + (-0.936 * (-3.471446720238075 + (1.7357161611310474 * x_0)))))) * ((0.00868 + (0.0199 * (-3.4667004473007936 + (1.7325786628094648 * x_3)))) + (0.0859 + (0.069 * sin((-0.394 + (0.999 * (-3.4715413106520487 + (1.73433128986549 * x_1))))))))))
feynman_I_6_2,ok,2,NoRef,0.9050368243267382,0.013082739384274527,37,39.353140115737915,,0.1,(0.02 + (0.002 * abs(((-50.0 + (19.0 * (-3.468585872724307 + (1.7314793085659557 * x_1)))) + ((-0.01 + (6.0 * cos((-99.0 * (-3.462110544326176 + (1.729328029993355 * x_0)))))) + ((0.01 + (-0.1 * (-3.462110544326176 + (1.729328029993355 * x_0)))) * ((0.2 + (99.0 * (-3.468585872724307 + (1.7314793085659557 * x_1)))) + (0.01 + (-55.0 * (-3.462110544326176 + (1.729328029993355 * x_0)))))))))))
feynman_I_6_2a,ok,1,BFGS,0.993191052048602,0.005787956161107972,67,38.68000411987305,,0.1,(0.00295 + (0.20700000000000002 * (((((8.0 + (-0.034100000000000005 * sin((0.6920000000000001 + (-3.470910868678602 + (1.732857094277297 * x_0)))))) * (0.0785 + (-0.0021 * tan((-46.6 + (-0.52 * sin((85.4 + (0.03250236162641391 * exp((61.49969533470122 + (-5.4994964439361285 * (-3.470910868678602 + (1.732857094277297 * x_0)))))))))))))) - (0.00020999999999999998 + (0.23800000000000002 * (-3.470910868678602 + (1.732857094277297 * x_0))))) - (0.00471 + (0.040600000000000004 * cos((-71.9 + (-0.00796 * sqrt((0.0035299999999999997 + (0.009779999999999999 * (((6.66 + (0.793 * (-3.470910868678602 + (1.732857094277297 * x_0)))) * (-0.00115 + (-0.8300000000000001 * (-3.470910868678602 + (1.732857094277297 * x_0))))))**2))))))))))**3))
feynman_I_6_2b,ok,3,NoRef,0.8821898396051869,0.0207794061637493,67,41.29810190200806,,0.1,(0.07600000000000001 + (0.09720000000000001 * ((((-0.048100000000000004 * (((0.561 + (0.9530000000000001 * (-3.457026632957993 + (1.7304967892953864 * x_1)))) + (-0.35300000000000004 + (-0.9560000000000001 * (-3.455422316505992 + (1.7277871527789268 * x_2))))))**2) - (-0.0955 + (0.25 * (-3.4600421973243503 + (1.7301765128823121 * x_0))))) + (-0.008669999999999999 + (53.7 * inv((-1.3 + (24.8 * sqrt((3.77 + (-0.897 * cos((0.258 + (-14.0 * inv(((0.008329999999999999 + (-0.29200000000000004 * ((-0.437 + (0.8320000000000001 * sqrt((48.2 + (-0.642 * (-3.457026632957993 + (1.7304967892953864 * x_1))))))))**2)) + (11.6 + (0.007319999999999999 * (-3.455422316505992 + (1.7277871527789268 * x_2)))))))))))))))))))**2))
feynman_I_8_14,ok,4,NoRef,0.8059793007965101,0.43800213918684877,92,43.8562707901001,,0.1,((0.441 + (8.07 * abs(((0.05 + (-0.008369999999999999 * cos(((-0.07970000000000001 + (-0.86 * (-2.5962357444155417 + (0.8656059527840082 * x_2)))) * (-0.33 + (-79.8 * (-2.591322338895596 + (0.8659844760747512 * x_1)))))))) * (((-0.00332 + (-8.6 * inv((-45.1 + (6.3 * sqrt((71.8 + (-1.56 * sin(((-56.9 + (-0.00419 * (-2.587030782887259 + (0.8635818587980626 * x_0)))) - (-0.08180000000000001 + (97.0 * (-2.5962357444155417 + (0.8656059527840082 * x_2)))))))))))))) * (-0.008749999999999999 + (1.74 * (-2.5972992641317947 + (0.866813136124122 * x_3))))) - (((1.86 * (-2.591322338895596 + (0.8659844760747512 * x_1))) * (0.135 + (-0.461 * exp((0.0019199999999999998 + (-0.312 * (-2.5962357444155417 + (0.8656059527840082 * x_2)))))))) + (0.022500000000000003 + (-1.4000000000000001 * (-2.5962357444155417 + (0.8656059527840082 * x_2)))))))))) + (-0.00023999999999999998 + (0.0142 * abs(((0.0069299999999999995 + (59.300000000000004 * (-2.591322338895596 + (0.8659844760747512 * x_1)))) + (0.536 + (-64.2 * (-2.587030782887259 + (0.8635818587980626 * x_0)))))))))
feynman_I_9_18,ok,9,NoRef,0.9209027944106684,0.03450764590637145,67,60.96238589286804,,0.1,((0.030000000000000002 + (0.006999999999999999 * (-5.201136898215401 + (3.4692740319829647 * x_0)))) * (3.0 + (0.002 * (((0.05 + (9.0 * (-5.19791257215078 + (3.463985048326718 * x_2)))) + ((0.01 + (9.0 * (-5.183126801215437 + (3.45902755545072 * x_1)))) + ((50.0 + (4.0 * (-5.197942647920325 + (3.464640759295191 * x_4)))) + ((0.3 + (-5.3 * (-12.106995126570085 + (3.4604859724870347 * x_7)))) + ((3.0 + (4.6000000000000005 * (-5.191356172187918 + (3.4632607635794375 * x_6)))) + ((0.001 + (-5.5 * sin((9.9 * (-12.106995126570085 + (3.4604859724870347 * x_7)))))) + ((0.001 + (-4.7 * (-12.1081552329878 + (3.458318784346319 * x_5)))) + ((0.1 + (4.4 * (-5.1980651812140355 + (3.461161787310603 * x_8)))) - (0.001 + (4.6000000000000005 * (-12.129465360542154 + (3.46509674588269 * x_3)))))))))))))**2)))
feynman_test_1,ok,7,NoRef,0.9730431283431948,1.8775771536346264,47,50.45959138870239,,0.1,(-0.1 + (0.9 * exp((((0.4 * (-5.192758087801672 + (3.4653045767440007 * x_1))) + ((0.1 + (0.4 * (-5.196367544723068 + (3.4643990218042506 * x_2)))) + ((0.1 + (0.4 * (-5.210388894594045 + (3.4693589154600812 * x_4)))) + (0.1 + (0.4 * (-5.173020343261829 + (3.451708893018753 * x_3))))))) + (((0.4 * (-5.188585704211708 + (3.4592298181316656 * x_0))) + (0.3 + (0.6 * ((0.8 + (-0.8 * (-3.463508927254234 + (1.7332526268020165 * x_6)))))**2))) + (-0.6 + (-0.7000000000000001 * (-3.460048757753357 + (1.7305561479444396 * x_5)))))))))
feynman_test_10,ok,3,BFGS,0.8976842493273501,0.1532377921148723,75,42.81029438972473,,0.1,(-0.09790000000000001 + (0.9870000000000001 * sqrt((((0.0033799999999999998 + (-3.474545790359206 + (1.7366932594611142 * x_1))) - ((-16.8 + (-0.0023599999999999997 * exp((-1.09 * (-3.474545790359206 + (1.7366932594611142 * x_1)))))) + (-0.10300000000000001 + (-1.3 * abs((-0.9810000000000001 + (5.5 * sin(((((-85.4 + exp((-0.0043 + (0.07540000000000001 * sin((-4.2700000000000005 + (-2.23 * (-3.474545790359206 + (1.7366932594611142 * x_1))))))))) * (0.268 + (0.017 * (-3.4663846320280816 + (1.733004655788856 * x_2))))) * (0.0981 + (0.051000000000000004 * (-8.666558684084404 + (1.7327766715458885 * x_0))))) + (0.09790000000000001 + (-1.06 * sqrt((7.33 + (6.15 * sin((-0.0684 + (23.0 * (-3.474545790359206 + (1.7366932594611142 * x_1))))))))))))))))))) * (0.28400000000000003 + (0.09770000000000001 * (-3.4663846320280816 + (1.733004655788856 * x_2))))))))
feynman_test_11,ok,4,NoRef,0.9764196366583778,0.1598060050918717,33,48.55161786079407,,0.1,(((-4.6000000000000005 + (-3.4597330139230125 + (1.730857729029121 * x_1))) * (0.02 + (0.006 * (-3.4620757521674967 + (1.7294106689625721 * x_0))))) * ((-21.0 + (7.0 * (-3.457008979902463 + (1.7318033499428651 * x_2)))) + ((0.001 + (0.07 * (-5.192787040340471 + (3.462846496210976 * x_3)))) * ((-0.001 + (60.0 * (-3.457008979902463 + (1.7318033499428651 * x_2)))) + (-9.0 + (6.0 * (-5.192787040340471 + (3.462846496210976 * x_3))))))))
feynman_test_12,ok,5,NoRef,0.9869874118781641,1.6524246801413294,67,48.04936861991882,,0.1,((0.020100000000000003 + (0.007679999999999999 * (-2.600274227105955 + (0.8647593507353445 * x_2)))) * ((-0.0070999999999999995 + (-0.0223 * exp(((-0.049800000000000004 + (-0.07590000000000001 * sqrt(((1e-05 + (0.316 * ((-0.27 + (-4.2700000000000005 * sin((0.00911 + (6.6000000000000005 * (-3.465751447823704 + (1.7337737207879285 * x_1))))))))**2)) + (1.83 + (0.0051199999999999996 * (-2.5934094480374767 + (0.8666191571414548 * x_4)))))))) + (-0.0131 + (-0.8450000000000001 * (-3.465751447823704 + (1.7337737207879285 * x_1)))))))) * ((71.0 + (-0.00297 * (-2.600274227105955 + (0.8647593507353445 * x_2)))) * ((-0.00836 + (6.82 * (-2.6079133489989257 + (0.8670765019819886 * x_0)))) - ((-3.67 + (-0.46 * (-8.636467106356106 + (1.7278675275806958 * x_3)))) * (-93.60000000000001 + (-36.6 * (-2.6079133489989257 + (0.8670765019819886 * x_0)))))))))
feynman_test_13,ok,5,NoRef,0.9288863301608083,0.004108067268099458,79,48.100024461746216,,0.1,((((-0.009269999999999999 + sin(((-0.276 + (-59.7 * cos(((6.63 + (0.09400000000000001 * (-1.735352586321092 + (0.5776779463263362 * x_3)))) - (-0.00313 + (0.9490000000000001 * inv((56.5 + (-8.4 * (-3.456005863244659 + (1.7319050533163773 * x_1))))))))))) - (0.46900000000000003 + (0.0451 * (-2.600546402820211 + (0.8656696702546386 * x_4))))))) + ((-8.05 + (-2.64 * (-2.595647899152766 + (0.8670223177467486 * x_0)))) + (0.381 + (0.897 * (-8.669310155131752 + (1.7331409662559334 * x_2)))))) * (0.00226 + (0.0026899999999999997 * abs((((-0.501 + (-1.735352586321092 + (0.5776779463263362 * x_3))) * (0.014 + (-0.09100000000000001 * ((-0.612 + (-0.0661 * (-3.456005863244659 + (1.7319050533163773 * x_1)))))**3))) * (8.19 + (18.6 * (-1.735352586321092 + (0.5776779463263362 * x_3))))))))) * (-0.0688 + (0.00741 * inv((-0.014900000000000002 + (-0.00628 * (-2.600546402820211 + (0.8656696702546386 * x_4))))))))
feynman_test_14,ok,5,NoRef,0.9154241193416404,3.8699681648764828,35,49.83391284942627,,0.1,(((-0.9600000000000001 + abs((-0.13 + (-1.7281430473121373 + (0.5780989126738106 * x_1))))) * (0.9 + (0.4 * (-2.5807218209279115 + (0.8646445276947492 * x_0))))) * (-15.0 + (7.0 * exp(((-0.1 + (0.7000000000000001 * (-2.6003955731210637 + (0.8671588288279284 * x_3)))) + ((0.01 + (-1.2 * (-2.6012995035446833 + (0.8678273378728254 * x_2)))) - (0.01 + (-0.4 * (-2.5950337066370333 + (0.8649481549229002 * x_4))))))))))
feynman_test_15,ok,4,NoRef,0.9280661724723773,0.33734413433949173,81,47.77785849571228,,0.1,((-0.023000000000000003 + (-0.00917 * (-2.597814313727642 + (0.864950047042019 * x_2)))) * (((8.5 + (-0.00492 * (-2.889949988314344 + (0.23098203212286275 * x_0)))) + (1.57 + (-0.0913 * (-3.460119249637148 + (1.728283886141443 * x_1))))) - ((9.86 + (-1.25 * (-2.889949988314344 + (0.23098203212286275 * x_0)))) + ((0.005229999999999999 + (25.1 * inv(((((-3.52 + (0.0036999999999999997 * sqrt((2.5100000000000002 + (-2.889949988314344 + (0.23098203212286275 * x_0)))))) * (-0.0251 + (-0.0187 * cos((-0.651 + (0.009309999999999999 * ((5.12 + (62.5 * (-3.460119249637148 + (1.728283886141443 * x_1)))))**2)))))) - (-0.7180000000000001 + (-0.060000000000000005 * cos((-4.1 + (5.79 * (-3.460119249637148 + (1.728283886141443 * x_1)))))))) - (0.41100000000000003 + (-0.28700000000000003 * ((-0.0507 + (1.29 * (-1.7328237987603805 + (0.5769159116291948 * x_3)))))**2)))))) + (87.0 + (-0.9870000000000001 * (-1.7328237987603805 + (0.5769159116291948 * x_3))))))))
feynman_test_16,ok,6,NoRef,0.9412690111743501,6.9481227251961,80,50.803383588790894,,0.1,(-0.05740000000000001 + (0.0308 * ((((((3.88 + (-2.607576225625796 + (0.8674919590149963 * x_0))) * (-0.5810000000000001 + (-0.00033999999999999997 * ((0.0868 + (0.0553 * ((1.33 + (8.86 * (-2.6016772606856007 + (0.8656380990547297 * x_1)))))**2)))**2))) * (6.55 + (4.23 * (-2.6016772606856007 + (0.8656380990547297 * x_1))))) - (-0.0040999999999999995 + (1.0 * (-2.594917908738414 + (0.8648973263214449 * x_5))))) - (((31.8 + (42.9 * inv((0.006889999999999999 + (-0.274 * ((-0.0042 + (-0.65 * inv((0.09790000000000001 + (-0.00876 * cos((9.28 + (-83.4 * (-2.598989467994095 + (0.8663580502199112 * x_2)))))))))))**2))))) + (0.005399999999999999 + (3.0500000000000003 * (-2.5985813648168903 + (0.868297898382069 * x_4))))) - ((36.300000000000004 + (-24.2 * (-2.5954520127536047 + (0.8656193695190691 * x_3)))) * (0.199 + (0.0459 * (-2.5985813648168903 + (0.868297898382069 * x_4))))))))**2))
feynman_test_17,ok,6,NoRef,0.9816239937577603,201.2812650248843,45,58.44729518890381,,0.1,((0.02 + (0.006999999999999999 * (-2.599681133279834 + (0.8672894097299448 * x_0)))) * (0.09000000000000001 + (0.09000000000000001 * (((0.2 + (0.08 * (-2.5934594651271343 + (0.8659437824534428 * x_1)))) * ((0.9 + (0.4 * (-2.597994572203499 + (0.8659609080140189 * x_4)))) * ((0.01 + (-0.9 * (-2.5978511452262882 + (0.8671910040716095 * x_2)))) + ((60.0 + (9.9 * (-2.597041906483149 + (0.8667595490746139 * x_5)))) * (30.0 + (9.0 * inv((0.4 + (0.14 * (-2.5918957113370653 + (0.8652405478742957 * x_3))))))))))))**2)))
feynman_test_18,ok,5,NoRef,0.914171581501558,0.21780806286444404,53,47.99739384651184,,0.1,(0.05 + (0.004 * (((8.0 + (3.2 * (-2.589521399159271 + (0.8665728688575879 * x_3)))) - ((0.1 + (-0.9 * sin((3.2 * (-2.603650024673923 + (0.8672648850451954 * x_4)))))) + (0.1 + (-0.030000000000000002 * (((8.0 + (-5.6000000000000005 * (-2.5890272137153483 + (0.8639310891554289 * x_0)))) + ((0.060000000000000005 + (0.04 * (-2.603650024673923 + (0.8672648850451954 * x_4)))) * ((40.0 + (20.0 * (-2.6024997872504994 + (0.8670047547324098 * x_1)))) + (-9.0 + (0.09000000000000001 * ((0.01 + (-6.5 * (-2.585604952940931 + (0.8629438152521096 * x_2)))))**3))))))**2)))))**2))
feynman_test_19,ok,6,NoRef,0.9413710852123574,2.893137480061161,57,55.91426372528076,,0.1,(((2.0 + (-2.5993911809287535 + (0.8663341175539908 * x_4))) * (0.01 + (0.0047 * (-2.6042880517983984 + (0.8681460559395869 * x_5))))) * ((0.01 + (0.003 * (-2.6042880517983984 + (0.8681460559395869 * x_5)))) * ((0.09000000000000001 + (90.0 * inv((2.6 + (-2.592366610336322 + (0.8632143461690074 * x_0)))))) * ((9.9 + (2.0 * (-2.6046517249014727 + (0.8670926142388201 * x_3)))) * ((80.0 + (43.1 * (-2.6046517249014727 + (0.8670926142388201 * x_3)))) - ((0.2 + (-0.2 * (-2.60574371073167 + (0.8689851533899914 * x_2)))) * ((0.01 + (60.0 * sin((-6.4 * (-2.6006514497943303 + (0.8661269753534652 * x_1)))))) + (0.02 + (-63.7 * (-2.60574371073167 + (0.8689851533899914 * x_2)))))))))))
feynman_test_2,ok,6,NoRef,0.9365686396974803,0.5131397744156435,43,52.68034052848816,,0.1,(((4.0 + (-3.4582322675314647 + (1.7311420374266462 * x_1))) + (-0.01 + (-5.5 * sin(((-0.7000000000000001 + (1.7 * (-1.7337668264442576 + (0.5772717020612474 * x_5)))) + (-0.9 + (-1.8 * (-1.7273320427229448 + (0.576284874615333 * x_4))))))))) * (0.1 + (0.3 * exp(((-0.3 + (-0.6 * (-3.4726601176557352 + (1.7308021547710963 * x_2)))) + ((0.005 + (-0.0003 * (-3.4646041500698703 + (1.7330405779403493 * x_3)))) * (0.001 + (53.0 * (-3.461130966246928 + (1.7311567565712187 * x_0))))))))))
feynman_test_20,ok,7,NoRef,0.9365007657157786,3.2058284734668248,48,52.260815382003784,,0.1,((0.01 + (0.0047 * (-2.5936198094335436 + (0.8660758094397234 * x_2)))) * (0.01 + (0.9 * exp((((0.9 * (-2.602048348520706 + (0.866295994732581 * x_1))) + (2.0 + (0.7000000000000001 * (-2.596236257682979 + (0.8653447239069034 * x_3))))) + (((-1.2 * (-2.587816331320761 + (0.8641211825943108 * x_4))) + (-0.01 + (0.3 * (-2.5936198094335436 + (0.8660758094397234 * x_2))))) + ((0.01 + (-0.01 * (-2.606761796359611 + (0.8662456642733478 * x_0)))) * ((70.0 + (-70.0 * (-2.5933038356437486 + (0.866296485686175 * x_5)))) + (-0.3 + (0.1 * (-1.7308116338608592 + (0.577334615248235 * x_6))))))))))))
feynman_test_3,ok,4,NoRef,0.987672814112111,0.20292774310621514,89,44.358689308166504,,0.1,((-2.83 + (-4.3 * inv(((-20.7 + (-0.00513 * (-5.204108697266909 + (1.7364376740283314 * x_1)))) + (0.038700000000000005 + (-0.034100000000000005 * ((0.92 + (0.00297 * ((((-0.09690000000000001 + sin((-75.8 + (-0.8560000000000001 * ((-18.900000000000002 + (8.1 * (-3.4612399428891205 + (1.72953326800354 * x_0)))))**3)))) + ((-4.97 + (0.00778 * (-5.204108697266909 + (1.7364376740283314 * x_1)))) - (-6.0200000000000005 + (0.29400000000000004 * cos((0.061500000000000006 + (-0.776 * (-15.549708726834528 + (3.456348448310929 * x_3))))))))) * (-90.5 + (0.007379999999999999 * (-15.592275067035953 + (3.4659012007171053 * x_2))))))**2)))**2)))))) * ((83.5 + (-8.82 * ((7.7 + (-5.204108697266909 + (1.7364376740283314 * x_1))))**2)) * ((-0.116 + (-0.00754 * (((-0.00233 + (-0.916 * (-15.549708726834528 + (3.456348448310929 * x_3)))) + (-0.0028 + (0.684 * (-15.592275067035953 + (3.4659012007171053 * x_2))))))**2)) * (0.027500000000000004 + (0.008409999999999999 * (-3.4612399428891205 + (1.72953326800354 * x_0)))))))
feynman_test_4,ok,5,NoRef,0.8788124179467132,0.17341466320098295,77,47.599464893341064,,0.1,((0.00426 + (0.398 * log((71.5 + (0.164 * inv(((2.13 + (-1.9100000000000001 * sqrt((0.673 + (-0.07210000000000001 * sin((-0.008199999999999999 + (0.5730000000000001 * inv(((-0.039 + (5.25 * sin((-0.52 * (-3.4567195109498017 + (1.7275998425839234 * x_4)))))) + ((-69.2 + (0.547 * (-3.471095729689513 + (1.7340778453747905 * x_2)))) * (0.226 + (0.0013 * (-3.4655107404253496 + (1.731683986653483 * x_3))))))))))))))) * (0.020200000000000003 + (0.0049299999999999995 * sin((-9.950000000000001 + (93.2 * (-3.4655107404253496 + (1.731683986653483 * x_3)))))))))))))) - (-0.0893 + (-4.58 * ((((-0.13 * (-8.636130317030096 + (0.863951916032847 * x_1))) + (-0.451 + (0.0853 * (-8.636130317030096 + (0.863951916032847 * x_1))))) + (0.00839 + (0.0864 * (-3.465456598854826 + (1.7346677108227329 * x_0))))))**2)))
feynman_test_5,ok,4,NoRef,0.9586747689650584,0.6501739974772432,73,49.59979271888733,,0.1,((-0.0659 + (-0.007639999999999999 * inv((2.2600000000000002 + (-3.4521714931075325 + (1.7276075377987816 * x_2)))))) * (((6.4 + cos((-94.10000000000001 * (-3.4521714931075325 + (1.7276075377987816 * x_2))))) + ((0.318 + (-0.9 * (-3.472413170356827 + (1.7358644565404915 * x_3)))) + (-0.33 + (0.78 * abs((((0.686 * arctan((0.00356 + (-4.37 * (-3.459496789006234 + (1.7316116078612522 * x_0)))))) - (((0.631 + inv((11.8 + (-76.8 * arctan((-0.0327 + (0.038200000000000005 * (-3.472413170356827 + (1.7358644565404915 * x_3))))))))) + (0.07300000000000001 + (-0.0531 * (-3.4521714931075325 + (1.7276075377987816 * x_2))))) * (12.3 + (-5.03 * (-3.477330278232354 + (1.7380839905640877 * x_1)))))) + (0.559 + (-0.659 * (-3.477330278232354 + (1.7380839905640877 * x_1)))))))))) * (-7.3 + (-2.79 * (-3.459496789006234 + (1.7316116078612522 * x_0))))))
feynman_test_6,ok,7,NoRef,0.8165206163488561,0.19306032247972701,68,50.9079110622406,,0.1,(((0.812 * arctan((0.0081 + (0.228 * sin((4.38 + (0.08 * abs((-0.638 + (-0.441 * ((2.92 + (77.9 * (-3.46787142120215 + (1.731154255564323 * x_1)))))**2)))))))))) + (1.02 + (0.116 * exp((((0.398 * (-3.46787142120215 + (1.731154255564323 * x_1))) + (-0.00117 + (-0.997 * (-3.46790263422093 + (1.7333896724676598 * x_5))))) + (((0.5900000000000001 + (-0.549 * (-3.4630673581781792 + (1.7338804854260446 * x_4)))) + (-0.00654 + (-0.41400000000000003 * (-3.4545419859644113 + (1.7280083124647658 * x_3))))) - ((0.673 + (-0.437 * (-3.454466238363757 + (1.7265595844049317 * x_0)))) + (0.00485 + (0.15 * (-3.4747784880401205 + (1.7329182156371994 * x_2))))))))))) + (-0.010700000000000001 + (-0.00485 * (-3.464512747759358 + (1.728270169328964 * x_6)))))
feynman_test_7,ok,5,NoRef,0.9273060712320629,0.33420172123217035,90,46.181476354599,,0.1,((((6.68 + (0.5650000000000001 * (-3.467033579266226 + (1.73265887002927 * x_0)))) + ((-0.06820000000000001 + (0.008499999999999999 * (-5.188249537567646 + (3.4579821791728467 * x_2)))) * ((-0.00773 + (-0.004889999999999999 * cos((((-3.459403011159204 + (1.73125927522626 * x_4)) + (0.00401 + (-0.0030299999999999997 * inv((-0.5820000000000001 + (86.9 * (-3.445911134577542 + (1.7258881087887064 * x_1)))))))) + ((-0.00648 + (5.49 * (-3.459403011159204 + (1.73125927522626 * x_4)))) - (72.10000000000001 + (-9.74 * inv((1.95 + (7.68 * (-3.459403011159204 + (1.73125927522626 * x_4)))))))))))) * (97.60000000000001 + (-0.06630000000000001 * ((0.049100000000000005 + (0.054700000000000006 * (-3.445911134577542 + (1.7258881087887064 * x_1)))))**3))))) - (3.0300000000000002 + (0.52 * sin(((0.037500000000000006 + (-0.006059999999999999 * (-3.445911134577542 + (1.7258881087887064 * x_1)))) - (9.39 + (0.164 * tan((-0.00443 + (-9.67 * (-5.209053283428308 + (3.469434439373854 * x_3)))))))))))) * (-0.0449 + (0.171 * sqrt((79.2 + (25.3 * (-3.445911134577542 + (1.7258881087887064 * x_1))))))))
feynman_test_8,ok,4,NoRef,0.8879534810287019,0.15116663926644644,69,45.397727966308594,,0.1,(((4.83 + (-3.4643482339936145 + (1.731877471219282 * x_0))) - (0.755 + (0.0883 * (-3.4583757348863178 + (1.7309100354043234 * x_1))))) * (((0.047900000000000005 * (-3.47598652491577 + (1.7384180587343998 * x_2))) + ((0.108 + (-0.559 * sin(((-0.00257 + (0.00346 * (-3.4583757348863178 + (1.7309100354043234 * x_1)))) + (0.00211 + (-5.01 * (-3.4583757348863178 + (1.7309100354043234 * x_1)))))))) * ((-0.07200000000000001 + (0.00201 * (-3.4583757348863178 + (1.7309100354043234 * x_1)))) - (0.00105 + (-0.00852 * ((-0.0028599999999999997 + (-3.31 * cos((-78.0 + (6.8 * (-3.4643482339936145 + (1.731877471219282 * x_0))))))))**2))))) + ((0.35800000000000004 + (-0.030000000000000002 * (-3.460478352813991 + (1.729579382370561 * x_3)))) + (-0.09400000000000001 + (-0.061700000000000005 * inv((-0.788 + (0.26 * (-3.4583757348863178 + (1.7309100354043234 * x_1))))))))))
feynman_test_9,ok,5,NoRef,0.989636369861591,702.6112698875567,44,48.79902362823486,,0.1,(-0.1 + (-0.01 * (((0.2 + (0.09000000000000001 * (-2.5982850146190395 + (0.8672756595655778 * x_2)))) * ((0.2 + (0.084 * (-2.6051385367940294 + (0.8670786466194952 * x_3)))) * (0.09000000000000001 + (-9.0 * (((0.4 + (0.07700000000000001 * (-5.208685770110276 + (3.4744164577647076 * x_0)))) * (0.01 + (-44.0 * inv(((0.2 + (0.046000000000000006 * (-5.187931550973729 + (3.4602636092693673 * x_4)))) * (3.8000000000000003 + (0.8 * (-5.202741260856805 + (3.4673648514389166 * x_1))))))))))**2)))))**2))
first_principles_absorption,ok,1,NoRef,0.9680917878878312,0.07856622435978503,22,4.050288438796997,,0.1,((0.030000000000000002 + (-0.0075 * (-0.7949314364629688 + (0.07034791473123617 * x_0)))) * ((69.0 + (84.8 * (-0.7949314364629688 + (0.07034791473123617 * x_0)))) + (0.1 + (2.0 * sin((0.01 + (6.7 * (-0.7949314364629688 + (0.07034791473123617 * x_0)))))))))
first_principles_bode,ok,1,BFGS,-0.6261570961111758,11.285596535414845,37,5.726313591003418,,0.1,(3.3601089629038707 + (6.96348642453778 * inv(((0.3034697485307676 + (-0.23426877013036437 * (0.43758394892034747 + (0.0026736290158066037 * x_0)))) - (-0.8296697296701493 + (-10.072549900125072 * ((56.028769486023144 + (-77.96585539484515 * sin(((-0.1083563453945499 + (89.9963622022866 * (0.43758394892034747 + (0.0026736290158066037 * x_0)))) * (-59.90192677696339 + (-0.13497921483930558 * arctan((-0.029865166006269286 + (1.0486330732829883 * (0.43758394892034747 + (0.0026736290158066037 * x_0))))))))))))**2))))))
first_principles_hubble,ok,1,BFGS,0.2994027331906547,246.00559440784158,44,7.447166919708252,,0.1,((-9.079536633899538 + (-5.037472012550827 * sin(((2.495363632227328 + (-5.5811808665142335 * (-1.4147200704841647 + (1.533510140509918 * x_0)))) * (8.716644596234461 + (-0.10643344337600402 * (-1.4147200704841647 + (1.533510140509918 * x_0)))))))) * ((-3.5074340195525884 + (-37.43800435620542 * (-1.4147200704841647 + (1.533510140509918 * x_0)))) - (50.31410401955259 + (3.962207437468437 * arctan((1.546391235206917 + (-1.8073265401621694 * tan(((0.46108691699667087 + (-62.459122463073975 * (-1.4147200704841647 + (1.533510140509918 * x_0)))) - (0.7619130830033259 + (-1.1978775369260197 * (-1.4147200704841647 + (1.533510140509918 * x_0)))))))))))))
first_principles_ideal_gas,ok,3,NoRef,0.5709318730368178,1.1136137752385113,46,4.396061420440674,,0.1,((7.3100000000000005 + (1.22 * (-1.6588753782029562 + (0.03804183545297043 * x_0)))) - ((((-0.05910000000000001 + ((-21.5 * (-1.6342268228683934 + (0.03140699204206439 * x_2))))**2) + (5.76 + (-0.016 * abs((0.00648 + (-0.0057799999999999995 * (-14.04159107070147 + (0.03926342614867825 * x_1)))))))) * ((-0.0728 + (-0.00895 * (-1.6342268228683934 + (0.03140699204206439 * x_2)))) * (0.0108 + (-0.00873 * (-1.6342268228683934 + (0.03140699204206439 * x_2)))))) + (-0.00864 + (-0.8430000000000001 * sin((-0.054000000000000006 + (-51.6 * (-1.6588753782029562 + (0.03804183545297043 * x_0)))))))))
first_principles_kepler,ok,1,NoRef,0.9930942976567932,443.4008810931777,37,5.050954341888428,,0.1,((0.0641 + (9.77 * sqrt((3.0700000000000003 + (-1.1695234273884498 + (0.5537516228165008 * x_0)))))) * ((2.95 + (76.8 * (-1.1695234273884498 + (0.5537516228165008 * x_0)))) + (69.2 + (-0.048400000000000006 * inv(((-0.0093 + (0.0171 * (-1.1695234273884498 + (0.5537516228165008 * x_0)))) + ((7.2700000000000005 + (0.00886 * (-1.1695234273884498 + (0.5537516228165008 * x_0)))) * (85.0 + (0.8400000000000001 * (-1.1695234273884498 + (0.5537516228165008 * x_0)))))))))))
first_principles_leavitt,ok,1,BFGS,-2.7254065628237916,0.9302464655554538,10,4.720750570297241,,0.1,(13.421056874284115 + (1.0802535670410289e-06 * sin((-0.0024939156964065624 + (-7.9969917082979975 * (-1.675361170435023 + (1.909966697366354 * x_0)))))))
first_principles_newton,ok,3,BFGS,-0.17731515520222363,12.410100142925293,42,4.853652477264404,,0.1,((-0.5449964815770588 + (-9.6952437483245e-05 * (-0.34168074105967394 + (2.2853314771144052e-30 * x_2)))) - ((0.973845829360233 + (-1.423064529151409e-06 * inv((-2.3571383509308244 + (-4.609744724828619 * sin((0.24888486240490848 + (47.6120014683368 * abs((-3.481010112460614 + (-21.515166556726086 * (-0.28037183712908537 + (4.46984705736738e-30 * x_1))))))))))))) * (3.232212538164111 + (-59.08575556258094 * inv((0.9187892912613517 + (0.18612551271110744 * arctan((44.1944922064277 + (0.08502650717245847 * (-0.745600483892919 + (8.109954698250198e-13 * x_0))))))))))))
first_principles_planck,ok,2,BFGS,0.20629827330085115,244.4013209049573,75,6.777453660964966,,0.1,(0.7649904690224008 + (-93.29911113230737 * abs(((-0.003080023073596779 + (7.4001912264063705 * inv((((-0.9370257782655669 + cos((-77.80000386640782 * (-0.9280851198273783 + (0.0006667251257322843 * x_1))))) + (55.799974221734445 + (0.39997433960310524 * cos((0.08860098241969813 + (0.007970900609610894 * (-0.9280851198273783 + (0.0006667251257322843 * x_1)))))))) * (-0.39423880792127647 + (-0.10050160462951266 * sin((-0.026929521290219267 + (56.29997883418916 * cos((1.376215614151307 + (0.946021463263442 * sqrt((0.22357572003828025 + (0.07069206241519509 * (-0.9280851198273783 + (0.0006667251257322843 * x_1))))))))))))))))) + (((0.6902514415028296 + (-0.32243081473665985 + (5.869433361210693e-16 * x_0))) * (-0.01346401910749268 + (0.015441384420392865 * (-0.32243081473665985 + (5.869433361210693e-16 * x_0))))) * (-0.5901630311182684 + (44.698097740502426 * inv(((0.15624922548276451 + (4.388498413256038 * (-0.9280851198273783 + (0.0006667251257322843 * x_1)))) - (-3.6172492254827646 + (0.6676588077665332 * (-0.32243081473665985 + (5.869433361210693e-16 * x_0)))))))))))))
first_principles_rydberg,ok,2,NoRef,0.5544141941298628,1.1342269467938282,31,4.097470998764038,,0.1,(((2.72 + (-0.381 * (-2.0975266654762863 + (0.611090445847422 * x_0)))) * (-4.84 + (0.39 * tan(((0.745 + (0.0038399999999999997 * log((33.5 + (-3.8187351939491063 + (0.6664773687552685 * x_1)))))) * (0.00464 + (50.9 * (-2.0975266654762863 + (0.611090445847422 * x_0))))))))) - (0.0072 + (9.999999999999999e-05 * (-2.0975266654762863 + (0.611090445847422 * x_0)))))
first_principles_schechter,ok,1,NoRef,-0.31744439489416965,2.5563592080493627,64,6.013738632202148,,0.1,(-0.013800000000000002 + (-0.0859 * sqrt((0.034800000000000005 + (79.5 * sqrt(((((-69.9 + (0.00516 * (-0.5953676229342441 + (1.451570923777581e-09 * x_0)))) + (-0.9820000000000001 + (-24.8 * sin((0.019100000000000002 + (87.0 * (-0.5953676229342441 + (1.451570923777581e-09 * x_0)))))))) - ((-0.00299 + (-0.0951 * (-0.5953676229342441 + (1.451570923777581e-09 * x_0)))) - (6.72 + (-0.791 * ((-0.038700000000000005 + (4.55 * inv((-7.45 + (-0.41000000000000003 * (-0.5953676229342441 + (1.451570923777581e-09 * x_0))))))))**2)))) * (-0.036300000000000006 + (-77.10000000000001 * sqrt((-0.061000000000000006 + (95.8 * ((39.9 + (54.1 * (-0.5953676229342441 + (1.451570923777581e-09 * x_0)))))**2))))))))))))
first_principles_supernovae_zg,ok,1,NoRef,0.5331540603307243,0.19887132544918892,51,5.277289152145386,,0.1,(0.033 + (0.029 * log(((3.27 + (0.926 * sin((0.41100000000000003 + (-72.3 * inv((-0.00241 + (-0.001 * (-1.187793178685335 + (0.031318702151750866 * x_0)))))))))) + (-1.8900000000000001 + (0.449 * exp((((0.8320000000000001 * (-1.187793178685335 + (0.031318702151750866 * x_0))) * (-8.64 + (6.92 * (-1.187793178685335 + (0.031318702151750866 * x_0))))) + (0.7170000000000001 + (0.7140000000000001 * inv((-9.24 + (68.3 * cos((0.00265 + (25.900000000000002 * (-1.187793178685335 + (0.031318702151750866 * x_0))))))))))))))))))
first_principles_supernovae_zr,ok,1,NoRef,0.5412017797921398,0.13643439292826523,59,6.369942903518677,,0.1,(0.00099 + (0.09920000000000001 * (((-0.027500000000000004 + (0.861 * cos((((-0.0916 + (((-65.2 + (-2.4 * (((-0.09140000000000001 + (0.0035399999999999997 * ((-1.5690960840504913 + (0.03737634545546627 * x_0)))**3)) * (0.00528 + (0.00035999999999999997 * (-1.5690960840504913 + (0.03737634545546627 * x_0))))))**3)) + (-0.216 + (-0.00707 * (-1.5690960840504913 + (0.03737634545546627 * x_0))))))**2) - (-0.026500000000000003 + (0.0019199999999999998 * (-1.5690960840504913 + (0.03737634545546627 * x_0))))) * (0.0125 + (34.2 * ((-0.00511 + (-0.0096 * (-1.5690960840504913 + (0.03737634545546627 * x_0)))))**3)))))) * (-1.77 + (0.924 * (-1.5690960840504913 + (0.03737634545546627 * x_0))))))**2))
first_principles_tully_fisher,ok,1,BFGS,-0.028457442948861544,1.4864026422236025,31,3.132559061050415,,0.1,(0.044759118476311005 + (-7.872042696436692 * abs((((-0.18506447478881044 + (0.026823787425671052 * (-2.20013258087807 + (0.00646231526438688 * x_0)))) - ((0.019082786128248395 + (-0.4156397126298003 * inv((-0.09971135255483882 + (-2.20013258087807 + (0.00646231526438688 * x_0)))))) * (-0.06086095813861012 + (0.6103716783277535 * (-2.20013258087807 + (0.00646231526438688 * x_0)))))) - (2.444824474788812 + (0.015176212574329419 * (-2.20013258087807 + (0.00646231526438688 * x_0))))))))
nikuradse_1,ok,2,NoRef,0.7561002213765384,0.08289326177874383,40,5.85186767578125,,0.1,((0.0383 + (0.09040000000000001 * cos((-71.9 * (-7.7977164157500045 + (1.578046607504265 * x_1)))))) + (0.09250000000000001 + (0.033400000000000006 * sqrt((-0.375 + (-50.2 * inv(((-0.09340000000000001 + (0.00739 * inv((-0.923 + (0.0096 * ((-8.59 + (84.60000000000001 * (-0.8646932551099632 + (0.006372216025855224 * x_0)))))**2))))) * (5.92 + (5.95 * (-0.8646932551099632 + (0.006372216025855224 * x_0))))))))))))
nikuradse_2,ok,1,BFGS,-0.014685834560923539,0.23223892947905556,39,5.415738821029663,,0.1,((-0.0032784040012076186 + (-5.6104489424472275e-09 * (-2.0496709721284985 + (1.283874804081043 * x_0)))) * (((-45.05484636700896 + cos((-52.35791464091392 * (-2.0496709721284985 + (1.283874804081043 * x_0))))) + (-50.42584636893222 + (29.56806539153814 * sin((-1.491071459397527 + (0.0012544084177491001 * (-2.0496709721284985 + (1.283874804081043 * x_0)))))))) * (10.901622404859205 + (-3.298765141657833 * abs((-1.9754007689975983 + (-0.00033100760597228995 * sin((-4.57185935066662 + (-23.1301204553374 * (-2.0496709721284985 + (1.283874804081043 * x_0))))))))))))
strogatz_bacres1,ok,2,NoRef,0.9615223233851555,0.4414357998694898,60,7.7318971157073975,,0.1,((((((-0.09980000000000001 + (-75.3 * (-6.262349407491105 + (0.4541858300590738 * x_0)))) * (0.749 + (0.00344 * inv((-0.0864 + (0.445 * (-6.262349407491105 + (0.4541858300590738 * x_0)))))))) - (-0.75 + (77.0 * (-2.879498286108375 + (0.07514553155101268 * x_1))))) * (0.633 + (0.036000000000000004 * (-6.262349407491105 + (0.4541858300590738 * x_0))))) - (-5.28 + (0.23 * inv((-0.0315 + (0.00688 * sin((-0.0302 + (-8.89 * exp((-0.0921 + (-48.6 * (-2.879498286108375 + (0.07514553155101268 * x_1)))))))))))))) * (0.035 + (0.00528 * arctan((-0.0757 + (-30.5 * (-2.879498286108375 + (0.07514553155101268 * x_1))))))))
strogatz_bacres2,ok,2,NoRef,0.8746173119197956,0.7695703970052409,39,5.70281457901001,,0.1,((4.6000000000000005 + (-2.0 * (-2.879498286108375 + (0.07514553155101268 * x_1)))) + ((0.01 + (-0.01 * cos(((-0.01 + (90.0 * (-2.879498286108375 + (0.07514553155101268 * x_1)))) + (0.01 + (-0.01 * (-6.262349407491105 + (0.4541858300590738 * x_0)))))))) * ((0.01 + (90.0 * (-6.262349407491105 + (0.4541858300590738 * x_0)))) + (0.01 + (-50.0 * cos((0.9 + (-90.0 * (-6.262349407491105 + (0.4541858300590738 * x_0))))))))))
strogatz_barmag1,ok,2,NoRef,0.9244835881789126,0.05237288077711404,42,8.170340538024902,,0.1,(((-0.901 + arctan((-0.046900000000000004 + (-13.749320144176263 + (2.4397466465165905 * x_0))))) * (0.038400000000000004 + (-0.0056099999999999995 * sin((-5.2700000000000005 + (-49.2 * (-0.7763258181607384 + (0.39781013080990546 * x_1)))))))) * (0.0782 + (-0.866 * log((4.14 + (0.921 * (((-9.55 + (-1.3 * inv((-0.09100000000000001 * (-0.7763258181607384 + (0.39781013080990546 * x_1)))))) + (44.9 + (-37.1 * (-13.749320144176263 + (2.4397466465165905 * x_0))))))**2))))))
strogatz_barmag2,ok,2,BFGS,0.16518318736910043,0.22629108233845904,53,6.7138755321502686,,0.1,((-0.00308 + (0.0478 * inv(((0.10700000000000001 + (-4.36 * exp(((0.00228 + (2.45 * tan((-0.063 + (-0.467 * ((0.806 + (4.21 * (-0.7763258181607384 + (0.39781013080990546 * x_1)))))**2))))) * (-70.7 + (0.00031 * (-0.7763258181607384 + (0.39781013080990546 * x_1)))))))) + (-0.034600000000000006 + (-0.0921 * inv((0.8520000000000001 + (0.78 * inv((-0.869 + (-0.195 * (-13.749320144176263 + (2.4397466465165905 * x_0)))))))))))))) + (-0.00904 + (-0.0020499999999999997 * (-0.7763258181607384 + (0.39781013080990546 * x_1)))))
strogatz_glider1,ok,2,NoRef,0.8565134686988158,0.2784543427078281,49,5.344414234161377,,0.1,((-0.248 + (0.8370000000000001 * sin(((-0.0703 + (-6.76 * (-1.8728726161932867 + (0.13763524572636318 * x_1)))) + ((-0.455 + (-0.807 * (-1.8728726161932867 + (0.13763524572636318 * x_1)))) - ((-0.08320000000000001 + (0.00818 * (-2.0479585513057548 + (0.9185478027788039 * x_0)))) * ((-7.69 + (0.0357 * ((0.017400000000000002 * (-2.0479585513057548 + (0.9185478027788039 * x_0))))**2)) + (-0.038500000000000006 + (-0.053000000000000005 * (-2.0479585513057548 + (0.9185478027788039 * x_0))))))))))) - ((-0.0049 + (-0.002 * (-2.0479585513057548 + (0.9185478027788039 * x_0)))) * (-0.48700000000000004 + (-51.4 * (-2.0479585513057548 + (0.9185478027788039 * x_0))))))
strogatz_glider2,ok,2,NoRef,0.534774676616735,0.6530592657207926,37,7.378415107727051,,0.1,(1.0 + (0.01 * abs(((90.0 + (99.0 * (-2.0479585513057548 + (0.9185478027788039 * x_0)))) + ((0.1 + (50.0 * sin((0.07 + (0.9 * tan((0.060000000000000005 + (9.9 * (-1.8728726161932867 + (0.13763524572636318 * x_1)))))))))) + (0.01 + (0.4 * ((6.0 + (5.0 * (-2.0479585513057548 + (0.9185478027788039 * x_0)))))**2)))))))
strogatz_lv1,ok,2,NoRef,0.4993465837384369,1.268753037367742,22,12.141215801239014,,0.1,((0.001 + (0.001 * (-1.8092302962642817 + (1.2608026657501157 * x_1)))) * (-0.01 + (-0.09000000000000001 * (((-60.0 + (-99.0 * (-0.669488742160413 + (0.8024202405723764 * x_0)))) + (0.001 + (-50.0 * (-1.8092302962642817 + (1.2608026657501157 * x_1))))))**2)))
strogatz_lv2,ok,2,NoRef,-0.6680090230995275,1.5615413360207413,58,10.830018758773804,,0.1,((-0.06870000000000001 + (-0.0558 * ((((8.78 + inv((-4.64 + (0.78 * abs(((-0.027600000000000003 + (5.55 * (-0.669488742160413 + (0.8024202405723764 * x_0)))) * (-9.18 + (8.85 * (-1.8092302962642817 + (1.2608026657501157 * x_1)))))))))) * ((7.47 + (6.51 * ((-10.0 + (8.3 * (-0.669488742160413 + (0.8024202405723764 * x_0)))))**2)) - (45.6 + (94.5 * abs((8.46 + (0.001 * (-1.8092302962642817 + (1.2608026657501157 * x_1))))))))) * (0.0098 + (0.0063 * (-1.8092302962642817 + (1.2608026657501157 * x_1))))))**2)) * (0.0019199999999999998 + (-0.0026 * (-1.8092302962642817 + (1.2608026657501157 * x_1)))))
strogatz_predprey1,ok,2,NoRef,0.9010248815412988,0.7394205072990705,59,11.529923915863037,,0.1,((-0.00552 + (-0.0067599999999999995 * (-0.7945524687408121 + (0.8507325088617598 * x_0)))) * ((0.006529999999999999 + (89.10000000000001 * cos((0.00681 + (-0.0717 * ((-11.6 + (2.3000000000000003 * (((-1.71 + (0.602 * (-1.88614632091165 + (0.38086615907634147 * x_1)))) + (0.00714 + (-0.00835 * ((((-0.014 * (-1.88614632091165 + (0.38086615907634147 * x_1))) - (0.00831 + (-0.030600000000000002 * (-0.7945524687408121 + (0.8507325088617598 * x_0))))) + (1.6400000000000001 + (0.526 * (-1.88614632091165 + (0.38086615907634147 * x_1))))))**2))))**2)))**2))))) - ((-5.9 + (-0.004 * (-1.88614632091165 + (0.38086615907634147 * x_1)))) * (0.0181 + (39.2 * (-1.88614632091165 + (0.38086615907634147 * x_1)))))))
strogatz_predprey2,ok,2,NoRef,0.9307523497774446,0.4127689268788274,56,10.519969463348389,,0.1,((-0.021500000000000002 + (0.17200000000000001 * exp(((-0.051000000000000004 + (-0.233 * (-0.7945524687408121 + (0.8507325088617598 * x_0)))) - (0.09490000000000001 + (-0.030400000000000003 * (-1.88614632091165 + (0.38086615907634147 * x_1)))))))) * ((-0.5870000000000001 + (-9.82 * (-1.88614632091165 + (0.38086615907634147 * x_1)))) - ((0.053500000000000006 + (-14.5 * (-0.7945524687408121 + (0.8507325088617598 * x_0)))) + (0.24400000000000002 + (2.77 * cos((((0.00665 + (-52.1 * ((0.0251 + (-0.00998 * (-1.88614632091165 + (0.38086615907634147 * x_1)))))**3)) - (0.35100000000000003 + (-2.91 * (-1.88614632091165 + (0.38086615907634147 * x_1))))) - (-3.83 + (23.5 * (-0.7945524687408121 + (0.8507325088617598 * x_0)))))))))))
strogatz_shearflow1,ok,2,BFGS,-0.0007062802169246485,0.3192562828024678,49,10.685996294021606,,0.1,(((0.26041306310147777 + tan((-77.58674982333874 + (0.5799747510223856 + (0.709259269968821 * x_1))))) * (0.47712269201337565 + (7.933389839705007 * exp((-0.1609409724921754 + (-0.9038327305022217 * sqrt((8.421707234340946 + (73.50031133477273 * (((1.4073948887512648 + (-6.634648646594514 * (0.2165174357325378 + (0.3626875714686538 * x_0)))) - (-0.012304888751264738 + (1.4495589031094167 * tan((-29.61859458068898 + (-68.6347776839319 * (0.2165174357325378 + (0.3626875714686538 * x_0)))))))))**2))))))))) * (-0.24607909421093999 + (0.36676148551756643 * exp((-0.5198434179843392 + (0.2240500780506668 * (0.5799747510223856 + (0.709259269968821 * x_1))))))))
strogatz_shearflow2,ok,2,BFGS,0.0030784081268642183,0.23987753436091308,54,6.270500183105469,,0.1,((-0.09314393641044307 + (-69.10001896598008 * sin((-0.024984791686249407 + (0.2165174357325378 + (0.3626875714686538 * x_0)))))) * ((0.012035407684846913 + (0.7429535477769754 * inv((-0.040155902440029395 + (0.2165174357325378 + (0.3626875714686538 * x_0)))))) * (0.0006601220534022215 + (-1.6508677822497466e-05 * arctan(((-2.0300625830556998 + (0.7650198185355226 * ((-0.002515868733333327 + (-95.10000047104423 * inv((-9.900009010765102 + (45.89999708054679 * ((-0.005836167687110305 + (-2.1598109237351504 * (0.5799747510223856 + (0.709259269968821 * x_1)))))**3))))))**3)) * (0.08225317548758403 + (-0.5367471735143959 * tan((1.077735082457709 + (-9.039019855297173 * (0.5799747510223856 + (0.709259269968821 * x_1)))))))))))))
strogatz_vdp1,ok,2,NoRef,0.12089121089053434,1.512760444530014,27,7.265144109725952,,0.1,((0.02 + (-0.023000000000000003 * (-0.6415222350099536 + (1.1042715579288094 * x_0)))) * (6.0 + (0.09000000000000001 * (((0.3 + (0.5 * (-0.43631478095961607 + (3.6409165496093783 * x_1)))) * (70.0 + (-0.9 * abs((0.001 + (-63.7 * (-0.6415222350099536 + (1.1042715579288094 * x_0)))))))))**2)))
strogatz_vdp2,ok,2,NoRef,0.989502600842823,0.009451108026577226,74,7.503337383270264,,0.1,(((-0.35500000000000004 + sqrt(((79.60000000000001 + (0.0429 * (-0.43631478095961607 + (3.6409165496093783 * x_1)))) + ((-0.549 + (-9.1 * cos(((-2.9 + (-6.24 * ((-0.0019199999999999998 + (63.9 * (-0.6415222350099536 + (1.1042715579288094 * x_0)))))**2)) - (-0.738 + (0.0251 * (-0.43631478095961607 + (3.6409165496093783 * x_1)))))))) * (-2.23 + (0.5 * sin(((10.0 + (-2.39 * (-0.6415222350099536 + (1.1042715579288094 * x_0)))) + (6.4 + (0.008 * (-0.6415222350099536 + (1.1042715579288094 * x_0)))))))))))) * (0.0159 + (-0.046400000000000004 * sqrt((9.07 + (2.49 * sin((0.0507 + (-0.438 * sin((-0.007699999999999999 + (-58.4 * (-0.43631478095961607 + (3.6409165496093783 * x_1)))))))))))))) * (0.0543 + (0.083 * (-0.6415222350099536 + (1.1042715579288094 * x_0)))))
solar_flare,ok,10,BFGS,0.00070347439988383,0.8677685962392792,102,77.17074608802795,,0.1,((-0.591462484425317 + (0.06301266687411619 * inv((0.7594631103403018 + (33.10010343385657 * (-0.18406077053764514 + (3.0638449095745512 * x_5))))))) - (-2.7683375155746828 + (-1.018335984066513 * inv((-0.5441481201990608 + (0.07116231760641127 * exp((8.230108737305404 + (-4.329764355249224 * ((((-0.06132668361329932 + (-0.023159702011619605 * ((0.03209698858504797 + (-2.2104561943408627 + (1.5896980191524297 * x_4))))**2)) * (((((56.79995598569882 + (-0.025875842776611303 * (-0.4245077086254412 + (2.7801775343584225 * x_3)))) + ((0.0031259856988240147 + (-0.0007223754080916982 * (-1.3042787219993834 + (0.44176290753603537 * x_0)))) + (36.69995598569882 + (99.69998259930216 * (-2.5294560972960465 + (2.924798005411782 * x_7)))))) - (68.00004401430118 + (-0.0073 * (0.0 + (0.0 * x_9))))) + ((-0.006744014301175985 + (-0.05588206874705552 * (-1.189105842835749 + (1.2387165168523644 * x_2)))) + (-0.006554014301175985 + (1.5171031842302415e-05 * ((-3.6999960401707446 + (0.0034091880696925253 * (-0.1602308988614113 + (6.4012244095133815 * x_8)))))**3)))) - (-0.09625598569882401 + (0.009252375408091696 * (-1.3042787219993834 + (0.44176290753603537 * x_0)))))) - ((-0.01641419641785523 + (0.39357499345118013 * (-1.598090132402021 + (0.8361977837519415 * x_1)))) + ((0.10809061205458152 + (0.05475581354916646 * ((-0.3922084785932876 + (-0.8109724708938756 + (2.0440599502971817 * x_6))))**3)) * (-0.023507102883066174 + (62.8999912383758 * (-0.8109724708938756 + (2.0440599502971817 * x_6))))))))**2)))))))))
