dataset,status,n_features,beam_size,attempt,refinement_type,r2,rmse,complexity,seconds,error,noise_strength,expr
1027_ESL,ok,4,256,4,BFGS,0.8767026839028811,0.5106330205238245,126,124.19,,0.0,(14.170468713340803 + ((3.391322318555962 * sin((-0.2805028783395448 + (-0.18241937266491465 * (-6.146798559422659 + (1.0976425998969035 * x_3)))))) - ((0.5868637856605632 * (-6.146798559422659 + (1.0976425998969035 * x_3))) - (((((((((1.6599677949718303 * (-3.689442089095961 + (0.6641659926365366 * x_0))) - (-1.8289371342380096 * (-6.146798559422659 + (1.0976425998969035 * x_3)))) - (((2.383709049242963 * (-3.689442089095961 + (0.6641659926365366 * x_0))) - (-0.03125670890863186 + (1.9109298726943655 * (-4.543727322540949 + (0.8485018342746871 * x_2))))) - (0.3882998391093818 * (-3.1650294675520123 + (0.6187740894529837 * x_1))))) - (4.552493062336146 + (-1.8656306087116776 * (-6.146798559422659 + (1.0976425998969035 * x_3))))) - (0.9128893757140666 * (-6.146798559422659 + (1.0976425998969035 * x_3)))) - ((1.4627154126294777 * (-4.543727322540949 + (0.8485018342746871 * x_2))) - (1.0186547908056287 * (-3.689442089095961 + (0.6641659926365366 * x_0))))) - (3.533091372724334 + (-1.5690365451129482 * (-6.146798559422659 + (1.0976425998969035 * x_3))))) - (1.3204072320386913 * (-6.146798559422659 + (1.0976425998969035 * x_3)))) - (-0.13684362904778008 + (1.3397400584404662 * (-6.146798559422659 + (1.0976425998969035 * x_3))))))))
1028_SWD,ok,10,64,2,BFGS,0.4331448057120434,0.6081252574539746,138,192.61,,0.0,(2.263295164429482 + ((-0.5173459174451546 * ((-2.6745450995191127 + (1.3046561461068844 * x_9)) * sin((3.0013613497646334 + (-0.1254994915435728 * (-2.6745450995191127 + (1.3046561461068844 * x_9))))))) - ((((((-0.051602895303021284 * (-2.7885115085974532 + (1.4154880754301793 * x_0))) - (0.014842104065293259 * (-2.6745450995191127 + (1.3046561461068844 * x_9)))) - (((1.109917939642707 * sin((2.3337058796182415 + (-0.3103414661011498 * (-2.3736872687394746 + (1.012233376861183 * x_4)))))) - (-0.8663255200232611 * (-2.6745450995191127 + (1.3046561461068844 * x_9)))) - (1.528285875003609 * (-2.6745450995191127 + (1.3046561461068844 * x_9))))) - ((0.04207877850450026 * (-2.4841136395988146 + (1.2451697441598069 * x_3))) - sin((1.3807695184049922 + (-0.3145319919533136 * (-2.8621521711176414 + (1.2806049982629268 * x_1))))))) - ((0.8384059699794968 * (-2.6745450995191127 + (1.3046561461068844 * x_9))) - ((0.31534930172878495 * (-2.1689364464787513 + (0.972617240573431 * x_2))) - (-0.22589436813015934 * ((-2.6745450995191127 + (1.3046561461068844 * x_9)) * sin(((5.147569725610367 * (-2.3736872687394746 + (1.012233376861183 * x_4))) - (2.4233871371802786 * (-2.1689364464787513 + (0.972617240573431 * x_2)))))))))) - (2.5947048814948586 * sin((0.8374774376205548 + (0.4310308908026633 * (-2.1689364464787513 + (0.972617240573431 * x_2)))))))))
1029_LEV,ok,4,128,3,BFGS,0.6286568022759077,0.5915689558582199,100,166.68,,0.0,(2.2922350285438826 + ((0.4326806450768459 * sin((-0.035012461856444334 + (1.6100043465386795 * (-1.3777422408758337 + (0.721331016165358 * x_3)))))) - (0.17049728295192235 * ((((-1.4940310227027958 * (-1.490881128154221 + (0.7665198602335326 * x_1))) - ((((2.313936053024123 * (-1.3537592065395143 + (0.7317617332646023 * x_0))) - (2.0149669708241733 * sin((4.229077749061652 + (1.5575738293373043 * (-1.490881128154221 + (0.7665198602335326 * x_1))))))) - (-1.6196250697950667 * (-1.490881128154221 + (0.7665198602335326 * x_1)))) - (1.9377468784537708 * sin((1.4890040953805768 + (0.6578612954172982 * (-1.490881128154221 + (0.7665198602335326 * x_1)))))))) - ((1.0862906711918185 * (-1.338219395737549 + (0.6915862510271571 * x_2))) - (3.432511539942949 * sin((1.9611702793567503 + (-0.9057800320298455 * (-1.490881128154221 + (0.7665198602335326 * x_1)))))))) - (0.7546470472490783 * sin((0.2099788732513077 + (0.9940177826097725 * (-1.490881128154221 + (0.7665198602335326 * x_1))))))))))
1030_ERA,ok,4,128,3,BFGS,0.5072118545816031,1.4091232144298995,130,173.17,,0.0,(3.5088573644917034 + (((0.1797801485111855 * (-1.4098777764544617 + (0.21377979931075994 * x_3))) - (((-0.5133781265333065 * sin((0.6141112787014911 + (1.8892869772313006 * ((-1.6821592654348876 + (0.2229502008528678 * x_0)) * (1.0038534665196426 + (1.1352266940887035 * (-1.4098777764544617 + (0.21377979931075994 * x_3))))))))) - (-1.8026202153614108 + (0.2599308169230585 * x_1))) - ((-0.3885552646806479 * sin((1.2532986521309954 + (2.11521620267023 * (-1.775251610451698 + (0.26918144207000727 * x_2)))))) - (((1.5812280057535597 * sin((3.390819433050916 + (0.46529765861508765 * (-1.6821592654348876 + (0.2229502008528678 * x_0)))))) - (0.8474937016397179 * (-1.8026202153614108 + (0.2599308169230585 * x_1)))) - (0.5346741751909595 * (-1.8026202153614108 + (0.2599308169230585 * x_1))))))) - ((1.6941095934413295 * (-1.775251610451698 + (0.26918144207000727 * x_2))) - ((-0.8629496744799545 * (-1.775251610451698 + (0.26918144207000727 * x_2))) - ((2.279165390940178 * sin((-0.20118162658086944 + (0.6403901772044716 * (-1.8026202153614108 + (0.2599308169230585 * x_1)))))) - ((2.76241009930086 * (-1.775251610451698 + (0.26918144207000727 * x_2))) - (-0.6219257428185203 * sin((-0.5797535033989888 + (2.607307116130642 * (-1.8026202153614108 + (0.2599308169230585 * x_1))))))))))))
1096_FacultySalaries,ok,4,64,2,BFGS,0.9371854507938369,1.145707313379512,105,39.32,,0.0,(43.91787339824603 + ((((8.234518652671884 * sin((-4.2414070073077585 + (1.938767073851305 * (-9.112288776127002 + (0.17718880655098507 * x_3)))))) - (-1.9265422951376499 * (-8.427043203926056 + (0.14480699704232594 * x_1)))) - ((5.755637340119765 * (-8.427043203926056 + (0.14480699704232594 * x_1))) - (((-8.144810584488017 * sin((1.9059525248743165 + (2.0565005452288725 * (-9.112288776127002 + (0.17718880655098507 * x_3)))))) - ((1.4205236162337602 * (-8.427043203926056 + (0.14480699704232594 * x_1))) - ((1.4407444186498024 * sin((3.4680822502378508 + (2.049956109390232 * ((-9.112288776127002 + (0.17718880655098507 * x_3)) * (-8.427043203926056 + (0.14480699704232594 * x_1))))))) - (2.6219310707432326 * sin(((3.3764339303586457 * (-7.346234106637792 + (0.09939270487749849 * x_2))) - (3.8957737406866784 * (-8.427043203926056 + (0.14480699704232594 * x_1))))))))) - (1.594505923825844 * (-8.427043203926056 + (0.14480699704232594 * x_1)))))) - (-10.742934347306019 * (-8.427043203926056 + (0.14480699704232594 * x_1)))))
1193_BNG_lowbwt,ok,9,256,4,BFGS,0.6314433597698623,439.87462273753385,133,353.16,,0.0,(620.8283580162472 + ((71.42809570301299 * (-0.9231403599700084 + (0.7474820728502092 * x_8))) - ((-27.28124535072967 * (-0.7018100265975371 + (2.126697050295567 * x_0))) - (8.36753140610405 * ((((-36.44974986670189 * (-0.8422598823413764 + (2.029541885159943 * x_4))) - (((8.181442542554606 * (-0.7018100265975371 + (2.126697050295567 * x_0))) - (2.109685444909747 * (-1.7565107319733801 + (1.3459852352286439 * x_3)))) - ((6.1825463865309 * (-0.8422598823413764 + (2.029541885159943 * x_4))) - ((19.355829469984826 * sin((14.284865201442528 + (-0.985671921274867 * (-0.8422598823413764 + (2.029541885159943 * x_4)))))) - ((43.18107641957826 * (-0.8422598823413764 + (2.029541885159943 * x_4))) - ((20.528122683797704 * ((-0.8422598823413764 + (2.029541885159943 * x_4)) * sin((7.829061058915311 + (-0.18425003433252862 * (-1.7565107319733801 + (1.3459852352286439 * x_3))))))) - ((7.133817557039146 * (-0.8422598823413764 + (2.029541885159943 * x_4))) - (-0.7018100265975371 + (2.126697050295567 * x_0))))))))) - (1.9673282169348365 + (2.284609203620218 * (-1.7565107319733801 + (1.3459852352286439 * x_3))))) * ((21.655973898120443 * (-0.7018100265975371 + (2.126697050295567 * x_0))) - (37.70083638264619 + (0.028398043312516136 * (-0.7018100265975371 + (2.126697050295567 * x_0))))))))))
1196_BNG_pharynx,ok,10,256,4,BFGS,0.460219491587906,281.4372670065579,144,154.99,,0.0,(144.52464642931486 + (((11.560191529952995 * (-0.5927489783638191 + (2.279803762937766 * x_9))) - ((-8.657274186617276 * (-0.5927489783638191 + (2.279803762937766 * x_9))) - ((-16.702121253333573 * (-0.5927489783638191 + (2.279803762937766 * x_9))) - ((-20.011064817071592 * (-0.5927489783638191 + (2.279803762937766 * x_9))) - ((168.4729786312653 * sin((7.722375107437049 + (-0.018165562094842894 * (-0.5927489783638191 + (2.279803762937766 * x_9)))))) - (19.065334739440402 * (-0.5927489783638191 + (2.279803762937766 * x_9)))))))) - (((8.430030078914761 * ((-0.5927489783638191 + (2.279803762937766 * x_9)) * (((((12.95693461218246 * sin((4.2265661845402605 + (1.753636721564273 * (-1.3193830297679 + (0.5890102811463838 * x_0)))))) - (1.2410987503818625 * (-0.5927489783638191 + (2.279803762937766 * x_9)))) - ((1.2722397863824173 * (-5.275654998591812 + (0.08600904883651646 * x_4))) - (31.392838142982363 * sin((1.2782778956448588 + (1.4289946055930647 * (-0.5927489783638191 + (2.279803762937766 * x_9)))))))) - (15.046571618172567 * (-0.5927489783638191 + (2.279803762937766 * x_9)))) - ((-6.158044760283407 * (-1.020204061220407 + (2.000400120040014 * x_2))) - (0.8136325086965663 * (-0.5927489783638191 + (2.279803762937766 * x_9))))))) - (0.790741230391798 * (-0.5927489783638191 + (2.279803762937766 * x_9)))) - (12.550188795243212 * (-0.5927489783638191 + (2.279803762937766 * x_9))))))
1199_BNG_echoMonths,ok,9,128,3,BFGS,0.5503859611059447,10.398374820136736,145,165.39,,0.0,(18.972817263153573 + (((-5.208696044946098 * (-0.7018100265975372 + (2.1266970502955673 * x_0))) - ((1.302459758142358 * (-1.7077351386697883 + (0.1433472945228545 * x_4))) - ((((1.6051139207363998 * ((-2.7393118696321914 + (0.1834262746734647 * x_6)) * (-3.0702386426579005 + (2.0989423382322308 * x_7)))) - ((13.881429128837922 * sin((2.0141124827889554 + (0.5265676457033115 * (-1.7077351386697883 + (0.1433472945228545 * x_4)))))) - ((((4.7596154672950775 * sin((0.36128456775929574 + (0.3244433888711824 * (-1.7077351386697883 + (0.1433472945228545 * x_4)))))) - ((2.66948551179747 * (-1.7077351386697883 + (0.1433472945228545 * x_4))) - (1.0658789329216023 * (-0.7018100265975372 + (2.1266970502955673 * x_0))))) - (0.8995668618108748 * (-7.068403061162645 + (0.11366866615016445 * x_1)))) - (((4.27224460056571 * (-1.7077351386697883 + (0.1433472945228545 * x_4))) - (0.15205252936356428 * (-0.7018100265975372 + (2.1266970502955673 * x_0)))) - (0.5229593613445664 * (-1.7077351386697883 + (0.1433472945228545 * x_4))))))) - (0.7222316370244899 * sin((-1.2109136501324675 + (1.335782794489592 * (-0.7018100265975372 + (2.1266970502955673 * x_0))))))) - ((1.6167633034839408 * (-0.7018100265975372 + (2.1266970502955673 * x_0))) - (17.014033487995995 * sin((1.526995740171742 + (0.7371002325110094 * (-0.5850486126764433 + (2.29430828500566 * x_8)))))))))) - (-0.7018100265975372 + (2.1266970502955673 * x_0))))
1201_BNG_breastTumor,ok,9,128,3,BFGS,0.14322576093539563,9.806116451405163,137,188.18,,0.0,(41.6555293452216 + ((((1.5211014893063515 * (-0.5388159060803247 + (2.3947373603569986 * x_3))) - ((((17.444087954096524 * sin(((2.6164185288254815 * (-0.6081636405595373 + (2.2524579279982864 * x_7))) - (((0.02732404724311923 * (-5.513793854744495 + (0.10828748668207969 * x_0))) - (1.118632558246799 * (-1.061913167103641 + (2.0036097492521527 * x_5)))) - (1.9744467746018106 * (-1.061913167103641 + (2.0036097492521527 * x_5))))))) - (0.6638050301009275 * (-1.061913167103641 + (2.0036097492521527 * x_5)))) - (-0.37907520188380806 * (-0.5388159060803247 + (2.3947373603569986 * x_3)))) - (0.2422603198441288 * ((((-11.714702583412716 * sin(((2.2607070189478593 * (-1.6200683918739798 + (1.270641875979592 * x_4))) - (0.42394472333665667 * (-1.061913167103641 + (2.0036097492521527 * x_5)))))) - ((-0.5276683072835399 * (-0.5388159060803247 + (2.3947373603569986 * x_3))) - ((6.484204115035634 * (-0.75 + (2.0833333333333335 * x_8))) - (2.6060242604610977 * (-1.061913167103641 + (2.0036097492521527 * x_5)))))) - (1.273240973102134 * (-1.061913167103641 + (2.0036097492521527 * x_5)))) - (1.1942948198351004 * (-1.061913167103641 + (2.0036097492521527 * x_5))))))) - (-0.7704821677188509 * (-1.061913167103641 + (2.0036097492521527 * x_5)))) - (0.818834611956663 * (-1.061913167103641 + (2.0036097492521527 * x_5)))))
1203_BNG_pwLinear,ok,10,256,4,BFGS,0.5985984213479016,2.7804126077572087,138,147.01,,0.0,(-0.8098659814336441 + ((-1.1511806784834975 * (0.103834826330233 + (1.2979353291279123 * x_9))) - ((((-0.8683295657388581 * (-0.032157832069216574 + (1.286313282768663 * x_4))) - (1.25084618574603 * sin(((1.8954641654576363 * (-0.07017213284715496 + (1.0024590406736422 * x_0))) - (5.618849038891125 * (0.23480352857641618 + (1.2692082625752226 * x_1))))))) - ((-0.860624553865074 * (0.103834826330233 + (1.2979353291279123 * x_9))) - (2.9394548061493007 * (0.103834826330233 + (1.2979353291279123 * x_9))))) - (((((-0.2799215331881202 * (0.103834826330233 + (1.2979353291279123 * x_9))) - (((1.6096884136721852 * (-0.07017213284715496 + (1.0024590406736422 * x_0))) - (1.514431042288011 * (0.103834826330233 + (1.2979353291279123 * x_9)))) - (0.38029136607238 * (0.23480352857641618 + (1.2692082625752226 * x_1))))) - ((0.6120486459618308 * ((-0.012127673025267264 + (1.2127673025267265 * x_2)) * ((-0.07017213284715496 + (1.0024590406736422 * x_0)) * (1.8580882804142185 + (-2.051468833195419 * (-0.07017213284715496 + (1.0024590406736422 * x_0))))))) - (1.505466338760422 * (0.103834826330233 + (1.2979353291279123 * x_9))))) - ((0.28388107835749077 * (-0.012127673025267264 + (1.2127673025267265 * x_2))) - (2.107510278048345 * (0.103834826330233 + (1.2979353291279123 * x_9))))) - (-0.07017213284715496 + (1.0024590406736422 * x_0))))))
192_vineyard,ok,2,64,2,BFGS,0.7751994007414535,2.0634048032990067,85,87.04,,0.0,(14.214226660759895 + (((3.7032148179062117 * (-1.7076703227012184 + (0.5208144092695798 * x_0))) - ((4.348931491446926 * ((-1.7076703227012184 + (0.5208144092695798 * x_0)) * (((1.8035555776196268 * (-1.7076703227012184 + (0.5208144092695798 * x_0))) - (1.8596021771321745 * sin((-0.4236762078371574 + (-0.20931740251364278 * (-4.169458226011473 + (0.431896071220312 * x_1))))))) - ((1.3225558297380253 * (-1.7076703227012184 + (0.5208144092695798 * x_0))) - (0.7583619593585066 * sin((2.6154274440978575 + (0.7177487512458725 * (-1.7076703227012184 + (0.5208144092695798 * x_0)))))))))) - ((5.614535940919871 * (-1.7076703227012184 + (0.5208144092695798 * x_0))) - (-5.310460704895986 + (-1.3466406397786694 * (-1.7076703227012184 + (0.5208144092695798 * x_0))))))) - (3.2361521970391482 * (-1.7076703227012184 + (0.5208144092695798 * x_0)))))
210_cloud,ok,5,256,4,BFGS,0.9071399909442379,0.3267249252851071,85,97.17,,0.0,(1.0842805722325781 + ((((0.05632658838593027 * (-1.0570827394885711 + (0.7017329636726495 * x_2))) - (0.7798051991379469 + (1.1692800951137374 * (-1.0570827394885711 + (0.7017329636726495 * x_2))))) - (-0.4004238488242947 * (-1.3542915032506988 + (1.1265769290074164 * x_3)))) - (((0.8829801481334589 * sin((1.8932101073422736 + (1.1296430453619255 * ((-1.3542915032506988 + (1.1265769290074164 * x_3)) * sin((1.6063383666068929 + (1.323497917259032 * (-1.3542915032506988 + (1.1265769290074164 * x_3)))))))))) - ((0.9170701462514084 * (-1.0570827394885711 + (0.7017329636726495 * x_2))) - ((1.4879643479374423 * (-1.0570827394885711 + (0.7017329636726495 * x_2))) - (1.587624206787993 * (-1.0570827394885711 + (0.7017329636726495 * x_2)))))) - (1.6682952599714789 + (0.5642595771273662 * (-1.0570827394885711 + (0.7017329636726495 * x_2)))))))
215_2dplanes,ok,10,256,4,BFGS,0.8949617363988907,1.5079368583573196,135,262.37,,0.0,(0.8260632686755858 + ((((12.63614095864137 * (((-0.0525124509121406 * (0.07603639459945774 + (1.1697906861455036 * x_4))) - (((4.351188720977147 * (0.02000400120040014 + (1.000200060020007 * x_0))) - (-0.0969910643198475 * (-0.03114373299321498 + (1.2457493197285991 * x_6)))) - ((0.24628433166353259 * (0.02000400120040014 + (1.000200060020007 * x_0))) - (3.5035863865948453 + (0.221896850322155 * (0.047524845652175754 + (1.1881211413043937 * x_5))))))) * (((0.31118440446539375 * (0.02000400120040014 + (1.000200060020007 * x_0))) - (0.3428531465729976 + (-2.3898837103913584 * (-0.03138824102871723 + (1.2555296411486891 * x_1))))) - (((-3.0427875450188377 * (0.07603639459945774 + (1.1697906861455036 * x_4))) - (0.6842857024119668 * (-0.03138824102871723 + (1.2555296411486891 * x_1)))) - ((-3.022012435190156 * (0.07603639459945774 + (1.1697906861455036 * x_4))) - (3.0946477824358887 * (-0.03138824102871723 + (1.2555296411486891 * x_1)))))))) - (0.4423461855675024 * (-0.03138824102871723 + (1.2555296411486891 * x_1)))) - (3.2016232170116155 * (-0.03138824102871723 + (1.2555296411486891 * x_1)))) - (((-1.9362093350631229 * (0.07603639459945774 + (1.1697906861455036 * x_4))) - (7.58078576044247 * (-0.03138824102871723 + (1.2555296411486891 * x_1)))) - (-3.574591733779645 * (-0.03138824102871723 + (1.2555296411486891 * x_1))))))
218_house_8L,ok,8,256,4,BFGS,0.5200872537631883,28076.246972717272,122,288.67,,0.0,(198.7847594269674 + ((((9.462503879731464 * ((18.899774139242282 + (2.87327892849426 * (-0.4354479563349125 + (54.54681096758018 * x_1)))))**3) - ((24.816837652043034 * (-0.2735558448495786 + (0.00011731984031014947 * x_0))) - (-135.4124710377215 * (-0.4354479563349125 + (54.54681096758018 * x_1))))) - (2.621151015934384 * ((9.670008209514467 * (-8.051727895827435 + (16.731591247493967 * x_2))) - (45.63919008727365 * (((-11.84143875534032 * (-0.4354479563349125 + (54.54681096758018 * x_1))) - (((1.9528302682793077 * (-0.2735558448495786 + (0.00011731984031014947 * x_0))) - (11.83442535766909 * exp(((-3.8256345379021646 * (-0.2735558448495786 + (0.00011731984031014947 * x_0))) - (3.1155419848467396 * (-0.4354479563349125 + (54.54681096758018 * x_1))))))) - (29.175660780340948 * (sin((11.416000467399577 + (1.3993786228686282 * (-0.4354479563349125 + (54.54681096758018 * x_1))))) * ((1.8554562246993012 * (-8.051727895827435 + (16.731591247493967 * x_2))) - (0.5247371558036713 * (-0.4354479563349125 + (54.54681096758018 * x_1)))))))) * (4.109231389493216 * (-0.4354479563349125 + (54.54681096758018 * x_1)))))))) - (1.6564170271748173 * (-0.4354479563349125 + (54.54681096758018 * x_1)))))
225_puma8NH,ok,8,256,4,BFGS,0.697135456625404,3.095226134621634,119,206.61,,0.0,(-4.593482727827045 + ((5.035481674557985 * sin(((1.3753543747177925 * (-0.06585661692848528 + (0.8959411617355382 * x_2))) - (-1.035811810212799 * (-0.07710723083161697 + (0.9234518833549156 * x_1)))))) - (((-2.208064612152917 * sin((2.9577870227951273 + (-1.3296112879838642 * (-0.07710723083161697 + (0.9234518833549156 * x_1)))))) - (((9.769148842185182 * sin((2.407496120292241 + (0.7482940277502599 * (-0.07710723083161697 + (0.9234518833549156 * x_1)))))) - ((4.711062836932321 * sin((3.1732446390509175 + (0.5188750054412847 * (-0.07710723083161697 + (0.9234518833549156 * x_1)))))) - (1.929213581557284 * (-0.07710723083161697 + (0.9234518833549156 * x_1))))) - (1.080262997019167 * (-0.07710723083161697 + (0.9234518833549156 * x_1))))) - (0.24556496926571802 * (((-0.6125795384114552 * (-0.01549372006853783 + (0.9102782276193362 * x_0))) - (0.8005023457955791 * (-0.07710723083161697 + (0.9234518833549156 * x_1)))) - (((-1.8723799714231335 * (-0.022023529833178766 + (0.8877592340102415 * x_4))) - (2.026662568973789 * (-0.07710723083161697 + (0.9234518833549156 * x_1)))) - (4.840616094977051 + (3.4622413313591025 * (-0.07710723083161697 + (0.9234518833549156 * x_1))))))))))
228_elusage,ok,2,256,4,BFGS,0.8686579908758638,8.621711849749953,81,111.45,,0.0,(35.19922109172846 + (((0.24323860612743387 * ((-1.588178110693536 + (0.281773535768208 * x_1)) * (((2.2960046103946965 * (-3.494368107086116 + (0.06492913712491094 * x_0))) - (21.301795115225502 * sin((0.9187141847867022 + (3.618326364671092 * (-3.494368107086116 + (0.06492913712491094 * x_0))))))) - (-1.4660435060019443 * (-1.588178110693536 + (0.281773535768208 * x_1)))))) - (((1.0060277170930458 * ((-1.588178110693536 + (0.281773535768208 * x_1)) * (0.6261827417508599 + (0.46988780991427026 * (-3.494368107086116 + (0.06492913712491094 * x_0)))))) - (-1.588178110693536 + (0.281773535768208 * x_1))) - ((0.5376613139557622 + (-2.6519154137624934 * (-3.494368107086116 + (0.06492913712491094 * x_0)))))**2)) - (17.303845310938726 * (-3.494368107086116 + (0.06492913712491094 * x_0)))))
229_pwLinear,ok,10,64,2,BFGS,0.8030982604175739,1.9806180527392645,109,127.16,,0.0,(-3.104273274399664 + (((0.7381445658124441 * (0.024625761678892605 + (1.2312880839446303 * x_6))) - ((-2.7563782966418637 * (0.07877919836271194 + (1.2119876671186451 * x_9))) - ((1.0578118826309422 * (-0.12885860791431716 + (1.227224837279211 * x_5))) - (((-1.6716915642664734 * (-0.0708881205008336 + (1.2888749181969743 * x_4))) - (-0.7271077014413577 * ((((0.38893560623124557 * (0.07877919836271194 + (1.2119876671186451 * x_9))) - (((0.6049708002861391 * (-0.0708881205008336 + (1.2888749181969743 * x_4))) - (0.013088047666127962 * (-0.07017213284715496 + (1.0024590406736422 * x_0)))) - (3.7835890403203063 + (1.4416339878182642 * (-0.07017213284715496 + (1.0024590406736422 * x_0)))))) - (-1.253691426717769 * (0.1308442961026054 + (1.2461361533581465 * x_1)))) * (-0.07017213284715496 + (1.0024590406736422 * x_0))))) - (3.877690348231427 + (2.01138702330167 * (0.1308442961026054 + (1.2461361533581465 * x_1)))))))) - ((2.5132921766851393 * (0.07877919836271194 + (1.2119876671186451 * x_9))) - (-0.9268668692095527 * (0.1308442961026054 + (1.2461361533581465 * x_1))))))
230_machine_cpu,ok,6,32,1,BFGS,0.9473917693111424,37.44547770242132,96,12.22,,0.0,(125.61694656619136 + ((((-11.419529754626929 * (-1.0157486231470525 + (8.41758769093056e-05 * x_2))) - (-38.86889776379725 * (-1.0157486231470525 + (8.41758769093056e-05 * x_2)))) - (26.240949547569745 + ((-0.6323138508124196 + (0.02430107036173788 * x_3)) * (((-49.240279042511396 * (-1.0157486231470525 + (8.41758769093056e-05 * x_2))) - (((-7.919210757053268 * (-1.0157486231470525 + (8.41758769093056e-05 * x_2))) - (21.52810502632603 * (-0.7539783429454673 + (0.00025457276565311854 * x_1)))) - ((-0.8474871698627042 * (-1.0157486231470525 + (8.41758769093056e-05 * x_2))) - ((550.2357934921009 * abs((-0.086655687578062 + (0.0970360499374388 * (-1.0157486231470525 + (8.41758769093056e-05 * x_2)))))) - (1.861896780593379 * (-1.0157486231470525 + (8.41758769093056e-05 * x_2))))))) - (-18.77890517606979 + (6.530402217614665 * (-1.0157486231470525 + (8.41758769093056e-05 * x_2)))))))) - (-61.0738605288968 * (-0.7539783429454673 + (0.00025457276565311854 * x_1)))))
344_mv,ok,10,128,3,BFGS,0.7057074608174408,5.197486100130177,131,167.33,,0.0,(2.7473065455892733 + ((3.127715360718957 * (0.9175113942281458 + (0.09481017314613248 * x_5))) - ((23.743361059720257 * ((0.9175113942281458 + (0.09481017314613248 * x_5)) * sin((0.5699322167741423 + (0.12182995256335405 * (0.9175113942281458 + (0.09481017314613248 * x_5))))))) - (((40.56815768942384 * sin((-0.1322934343155407 + (0.44261056033393964 * (0.9175113942281458 + (0.09481017314613248 * x_5)))))) - ((((1.33203088522931 * (((0.07176828705486599 + (1.6917112741967857 * x_4)) * (0.9175113942281458 + (0.09481017314613248 * x_5))) * ((1.069314404520362 * (-0.08262425328176871 + (0.3485338209019501 * x_0))) - (1.8532481844962412 * (0.9175113942281458 + (0.09481017314613248 * x_5)))))) - ((2.360073303053073 * (-0.08262425328176871 + (0.3485338209019501 * x_0))) - (-1.6070301165881968 * (0.9175113942281458 + (0.09481017314613248 * x_5))))) - (((2.7092278667652776 * (-0.08262425328176871 + (0.3485338209019501 * x_0))) - (-1.9012390477869014 + (0.9864347861908116 * (0.9175113942281458 + (0.09481017314613248 * x_5))))) - (2.240942190390009 * (-0.08262425328176871 + (0.3485338209019501 * x_0))))) - (-5.244202099389447 + (0.4324396404902552 * (0.9175113942281458 + (0.09481017314613248 * x_5)))))) - (1.9493391372713562 * (0.9175113942281458 + (0.09481017314613248 * x_5)))))))
485_analcatdata_vehicle,ok,4,128,3,BFGS,0.7635600051807918,136.8126720389488,129,154.85,,0.0,(-54.090271199809166 + (((33.548589949560636 * (-1.0 + (2.0 * x_2))) - ((34.30738681495387 * (((-1.0 + (2.0 * x_2)) * sin((-0.828106517165125 + (0.7773041975903423 * (-1.4638501094227998 + (0.5855400437691199 * x_3)))))) * ((-2.921954268293529 + (0.3604270469270878 * (-1.0 + (2.0 * x_1)))))**2)) - (((11.626622198481265 * ((-1.0 + (2.0 * x_2)) * (-1.0 + (2.0 * x_1)))) - ((1.454442093094972 * (-1.0 + (2.0 * x_2))) - (((4.378724327902775 * (-1.0 + (2.0 * x_0))) - (51.19885787108487 * ((4.397430527207312 + (0.5491613206281123 * (-1.0 + (2.0 * x_1)))))**2)) - (2.5047264621965386 * (-1.0 + (2.0 * x_1)))))) - ((-34.57834713751936 * (-1.0 + (2.0 * x_0))) - (-0.3940504567425622 + (1.222736827259709 * (-1.0 + (2.0 * x_2)))))))) * ((0.18854618813102808 * (-1.0 + (2.0 * x_0))) - (4.1985127291297175 * sin((3.0455085591048316 + (0.010435982866904565 * (-1.0 + (2.0 * x_1)))))))))
519_vinnie,ok,2,256,4,BFGS,0.7523324186567034,1.5063304130351833,52,130.98,,0.0,(6.177919109730066 + (((0.16985193475891924 * sin((-1.7618359424450456 + (-2.321409438918785 * (-128.04990782468957 + (1.4940774496784266 * x_0)))))) - (-1.6418985293726092 * (-3.050344651934337 + (0.22536717044213794 * x_1)))) - ((0.5357384733913817 * sin(((-1.0110772271239838 * (-128.04990782468957 + (1.4940774496784266 * x_0))) - (4.990524641290731 * sin((2.8325851634742394 + (2.8464560416769773 * (-3.050344651934337 + (0.22536717044213794 * x_1))))))))) - (-3.050344651934337 + (0.22536717044213794 * x_1)))))
522_pm10,ok,7,256,4,BFGS,0.3223333239548153,0.7173291048301992,129,206.84,,0.0,(2.863593792841842 + (((0.595817850697921 * (-1.7456009505041916 + (0.5312236624740025 * x_2))) - ((-0.660074284881762 * sin((0.3402328330064448 + ((0.9710241269782278 * (-7.079162907839687 + (0.987710095069961 * x_0))) - (0.8064869909015329 * sin((1.7030035273998223 + (2.6289728876118534 * (-0.12981253370068688 + (0.9947320404949649 * x_3)))))))))) - (0.30408417251590425 + (0.20514935392982858 * (((2.2792091029272132 * (-1.7456009505041916 + (0.5312236624740025 * x_2))) - ((0.48108039677814696 * (-1.7456009505041916 + (0.5312236624740025 * x_2))) - ((3.484141261937962 * (-1.7456009505041916 + (0.5312236624740025 * x_2))) - (((0.7964179057406131 * (-7.079162907839687 + (0.987710095069961 * x_0))) - ((-0.1062979685528252 * (-1.6816570543158895 + (0.011591759038935135 * x_4))) - (1.622854682119807 * (-1.7456009505041916 + (0.5312236624740025 * x_2))))) - (1.032788007256051 * (-1.7456009505041916 + (0.5312236624740025 * x_2))))))) * (0.5591628441333896 * sin((2.5485307269090374 + (0.7492993456709418 * (-0.12981253370068688 + (0.9947320404949649 * x_3))))))))))) - ((0.9282887031227447 * (-1.7456009505041916 + (0.5312236624740025 * x_2))) - (-0.1141286161965584 * sin((1.073066793416638 + (2.5613952250652563 * (-0.12981253370068688 + (0.9947320404949649 * x_3)))))))))
523_analcatdata_neavote,ok,2,32,1,BFGS,0.9543738035628395,0.8432960026871693,51,7.23,,0.0,(-38.63208627490865 + (((66.28410702409542 * sin((2.470218968141726 + (-0.09050273568607242 * (-1.1000004629242885 + (1.0091747366277877 * x_0)))))) - ((7.909223882836003 * (-1.1000004629242885 + (1.0091747366277877 * x_0))) - (-3.6006635473802016 * sin((0.6047643227599824 + (0.7688812921370665 * ((-1.1000004629242885 + (1.0091747366277877 * x_0)) * (0.03681873101403768 + (-3.0435299207510935 * (-1.1000004629242885 + (1.0091747366277877 * x_0))))))))))) - (-1.1000004629242885 + (1.0091747366277877 * x_0))))
529_pollen,ok,4,128,3,BFGS,0.8096245293392854,1.4749453758996502,125,116.52,,0.0,(-0.11806901470276931 + ((-17.71967605732754 * (-0.14240534481180597 + (0.1466357845322108 * x_0))) - (((((-3.2660835568726574 * (-0.14240534481180597 + (0.1466357845322108 * x_0))) - (0.8197581052909142 * (0.13411228300539055 + (0.09366364070564696 * x_3)))) - ((2.938300672093721 * (-0.14240534481180597 + (0.1466357845322108 * x_0))) - (0.7852649287050522 * (0.13411228300539055 + (0.09366364070564696 * x_3))))) - (((((1.4145912982440332 * (-0.14240534481180597 + (0.1466357845322108 * x_0))) - (1.3410806934551935 * (0.13411228300539055 + (0.09366364070564696 * x_3)))) - ((0.6765384212619847 * sin((-1.560950304579678 + (2.6607692115513526 * (0.13411228300539055 + (0.09366364070564696 * x_3)))))) - ((1.938494572167588 * (-0.14240534481180597 + (0.1466357845322108 * x_0))) - (-1.0448095790717522 * (0.008717172475124766 + (0.20153683119485272 * x_1)))))) - (0.5292950636299316 * sin((1.2096284116758151 + (1.6604428627240728 * (0.13411228300539055 + (0.09366364070564696 * x_3))))))) - (1.0354253374589106 * (0.13411228300539055 + (0.09366364070564696 * x_3))))) - ((2.0053934108164544 * (-0.14240534481180597 + (0.1466357845322108 * x_0))) - (0.024085987015662655 + (2.007157628930062 * (0.13411228300539055 + (0.09366364070564696 * x_3))))))))
537_houses,ok,8,128,3,BFGS,0.7483959293527217,50205.029004433905,119,209.17,,0.0,(-34.03589230927763 + (((82.85000224524333 * ((14.048473386281572 + (-0.6779952580953736 * (-1.516023044552607 + (0.4819862123055841 * x_0)))))**3) - (-5.343970623508444 * (4732.105772728812 + (38.70787762899494 * x_7)))) - ((23.59308225590452 * (((((24.651134308018243 * (-1.516023044552607 + (0.4819862123055841 * x_0))) - (11.999296855939171 * (4732.105772728812 + (38.70787762899494 * x_7)))) - ((4.4371683293840345 * (-1.616400063304611 + (0.0017131956155851734 * x_4))) - ((27.603803574045685 * ((-1931.3382469098758 + (51.06894768888684 * x_6)) * sin((11.944209970795278 + (-1.7206034881191936 * (4732.105772728812 + (38.70787762899494 * x_7))))))) - ((45.55450281224273 * (-1.516023044552607 + (0.4819862123055841 * x_0))) - (15.160512645005383 + (0.6894062014632416 * (4732.105772728812 + (38.70787762899494 * x_7)))))))) - ((30.794174604477405 * (-1.516023044552607 + (0.4819862123055841 * x_0))) - (-4.097349116068525 * (-1.516023044552607 + (0.4819862123055841 * x_0))))) * (73.09636545906761 + (-2.2909508752879724 * (-1.516023044552607 + (0.4819862123055841 * x_0)))))) - (-20.31803727192959 * (-1.5066316366506536 + (0.0007951087204436459 * x_2))))))
547_no2,ok,7,256,4,BFGS,0.5781525276297739,0.47922482247221465,144,184.90,,0.0,(4.863499470539369 + (((-0.8035441023738128 * (-1.593513108814246 + (0.5093537168700765 * x_2))) - (((3.0459999094071355 * (-1.593513108814246 + (0.5093537168700765 * x_2))) - ((((0.34195998475944256 * sin((-0.5837688955976457 + (0.8306288494828139 * (-6.654222247738914 + (0.9476037076783185 * x_0)))))) - (0.9014207428121284 * ((-6.654222247738914 + (0.9476037076783185 * x_0)) * (-0.36276622721457463 + (0.18160000148247793 * (-0.1634556815138494 + (0.9729504782544822 * x_3))))))) - ((1.068314961258237 * sin((0.759750251635412 + (-0.2586101582527188 * (-0.1634556815138494 + (0.9729504782544822 * x_3)))))) - ((2.5066029873720166 * (-1.593513108814246 + (0.5093537168700765 * x_2))) - ((1.2909542786696186 * (-1.593513108814246 + (0.5093537168700765 * x_2))) - (0.012537165053917068 * ((-0.16485779278081106 + (0.16091536708568774 * x_1)) * ((-0.9414089596547456 * (-6.654222247738914 + (0.9476037076783185 * x_0))) - (2.7818355346010972 + (4.31570582254753 * ((-1.664176255098275 + (0.011106799904836887 * x_4)) * (-1.664176255098275 + (0.011106799904836887 * x_4)))))))))))) - (-1.593513108814246 + (0.5093537168700765 * x_2)))) - (3.8766130609305627 * (-1.593513108814246 + (0.5093537168700765 * x_2))))) - ((0.7595564474881089 * (-1.593513108814246 + (0.5093537168700765 * x_2))) - (0.6149562284944039 * sin((-0.9408671344078379 + (0.658786358483928 * (-1.593513108814246 + (0.5093537168700765 * x_2)))))))))
556_analcatdata_apnea2,ok,3,32,1,BFGS,0.9120894390377631,908.6270052952576,114,16.63,,0.0,(12.827974682761287 + ((((2.5278822435553607 * (-1.414213562373095 + (0.7071067811865475 * x_1))) - exp(((-1.1124580530192811 * (-1.414213562373095 + (0.7071067811865475 * x_0))) - (13.852913684539992 * ((-1.414213562373095 + (0.7071067811865475 * x_1)) * sin((0.4344051800900961 + (0.058761816067452954 * (-1.414213562373095 + (0.7071067811865475 * x_1)))))))))) - ((-0.639154767038492 * exp((-0.3431758983009119 + (-0.4969295653385951 * (-1.414213562373095 + (0.7071067811865475 * x_1)))))) - (-48.5234055141688 * exp(((0.9719482235992885 * (-1.414213562373095 + (0.7071067811865475 * x_0))) - (4.248380858045179 * sin(((1.5257616102459086 * sin((0.87737532149188 + (3.084826154530603 * (-1.414213562373095 + (0.7071067811865475 * x_0)))))) - (2.6245001811726034 * sin((0.9399970389279917 + (2.1134141874994814 * (-1.414213562373095 + (0.7071067811865475 * x_1)))))))))))))) * ((3.159485393324317 * sin((2.7062817256923175 + (-2.4310605685659787 * (-1.414213562373095 + (0.7071067811865475 * x_1)))))) - exp((0.28259495392036227 + (1.8317974066009142 * (-1.414213562373095 + (0.7071067811865475 * x_1))))))))
557_analcatdata_apnea1,ok,3,128,3,BFGS,0.8843095023654304,1051.6583765887704,128,441.54,,0.0,(45.297269101974365 + (exp(((((12.685862966842137 * sin((-0.28457483954765195 + (2.6862188850438002 * ((-1.414213562373095 + (0.7071067811865475 * x_1)) * sin((0.5394302598377088 + (0.4568351462775426 * (-1.414213562373095 + (0.7071067811865475 * x_0)))))))))) - (-0.48106055630332234 * (-1.414213562373095 + (0.7071067811865475 * x_1)))) - (1.1650119243890336 * (-1.414213562373095 + (0.7071067811865475 * x_1)))) - ((-0.12564875532411074 * (-1.9639610121239315 + (0.4364357804719848 * x_2))) - (((-3.0641827146232963 * exp((-1.483819789823123 + (2.003501478283212 * (-1.414213562373095 + (0.7071067811865475 * x_0)))))) - (1.4709442912213753 * (-1.414213562373095 + (0.7071067811865475 * x_1)))) - (-1.414213562373095 + (0.7071067811865475 * x_1)))))) * (((-0.012345551315051911 * exp((1.2021090390969782 + (0.2887367126471858 * (-1.414213562373095 + (0.7071067811865475 * x_0)))))) - ((-0.017162138458666557 * (-1.9639610121239315 + (0.4364357804719848 * x_2))) - exp(((2.5534694859245777 * (-1.414213562373095 + (0.7071067811865475 * x_0))) - (3.3814932500223023 * sin((3.598838006515802 + (-0.07303633431327583 * (-1.414213562373095 + (0.7071067811865475 * x_1)))))))))) - (2.280150720365995 * (-1.414213562373095 + (0.7071067811865475 * x_1))))))
561_cpu,ok,7,32,1,BFGS,0.9831715612451671,20.38590164888094,134,15.53,,0.0,(64.5354538713452 + ((-0.8679557116528794 * (-1.0157486231470525 + (8.41758769093056e-05 * x_3))) - (((-16.290071977111232 * (-0.7539783429454673 + (0.00025457276565311854 * x_2))) - ((35.54108672064502 * (-1.0157486231470525 + (8.41758769093056e-05 * x_3))) - (((-8.38715801591573 * (-0.7539783429454673 + (0.00025457276565311854 * x_2))) - ((35.4459195585047 * (-0.6323138508124196 + (0.02430107036173788 * x_4))) - (-10.418217588896441 * ((-0.9977552416423165 + (1.842785332620751 * (-1.0157486231470525 + (8.41758769093056e-05 * x_3)))))**2))) - ((-1.0157486231470525 + (8.41758769093056e-05 * x_3)) * ((((2.5643505454562465 * ((1.3032747017619082 + (-0.4599206634452331 * (-1.0157486231470525 + (8.41758769093056e-05 * x_3)))))**2) - (3.626937208178738 * (-1.0157486231470525 + (8.41758769093056e-05 * x_3)))) - (((0.7601525526600297 * (-0.7539783429454673 + (0.00025457276565311854 * x_2))) - (2.089679782105579 * ((4.511165299800668 + (-0.2217217496896919 * (-1.0157486231470525 + (8.41758769093056e-05 * x_3)))))**2)) - ((3.5919832225690125 * (-0.7539783429454673 + (0.00025457276565311854 * x_2))) - (-2.822899368351508 * (-0.7539783429454673 + (0.00025457276565311854 * x_2)))))) - (-0.2825494783695848 + (2.684369159865317 * (-1.0157486231470525 + (8.41758769093056e-05 * x_3))))))))) - (-1.0157486231470525 + (8.41758769093056e-05 * x_3)))))
564_fried,ok,10,256,4,BFGS,0.879428727110665,1.7106738225932037,115,253.05,,0.0,(-3.4600561906195466 + (((-7.821231584807972 * (-1.7072590503875993 + (3.406682733645306 * x_3))) - ((((51.35690982692117 * sin((0.7029945915638405 + (0.28356327402317294 * (-1.6828104573254623 + (3.7222908179660887 * x_2)))))) - (((1.4070737903352537 * (-1.7104407863161182 + (3.5565645061896443 * x_4))) - (2.242872939989547 * (-1.962363239855984 + (3.5856659102912434 * x_1)))) - ((-5.617385076740913 * (-1.7072590503875993 + (3.406682733645306 * x_3))) - ((1.483577073896992 * (-1.7072590503875993 + (3.406682733645306 * x_3))) - ((-3.795379464634461 * (-1.6828104573254623 + (3.7222908179660887 * x_2))) - (6.548128591395173 * (-1.6828104573254623 + (3.7222908179660887 * x_2)))))))) - (-0.356524302839359 * (-1.7072590503875993 + (3.406682733645306 * x_3)))) - (4.093629119023635 * (-1.962363239855984 + (3.5856659102912434 * x_1))))) - (((-51.85948616141616 * sin((1.385642612322787 + (0.20034659921676135 * (-1.773506662490512 + (3.508247186303262 * x_0)))))) - (2.957329739736407 * (-1.7072590503875993 + (3.406682733645306 * x_3)))) - (0.9602340233124469 * (-1.7072590503875993 + (3.406682733645306 * x_3))))))
579_fri_c0_250_5,ok,5,256,4,BFGS,0.6888535404620832,0.5497129053463011,91,185.39,,0.0,(-3.304717120206882 + ((3.308218514974043 * sin(((0.39136672453823057 * (-0.013457740978846304 + (0.9847731451468804 * x_0))) - (-1.2461086751974193 + (0.026271173750654013 * (-0.06946253611908115 + (1.0023314177985747 * x_3))))))) - ((4.304337092712119 * (-0.06946253611908115 + (1.0023314177985747 * x_3))) - ((((1.55136469498722 * (-0.06946253611908115 + (1.0023314177985747 * x_3))) - ((-2.766907742985958 * (-0.06946253611908115 + (1.0023314177985747 * x_3))) - (((2.741220073520327 * (-0.06946253611908115 + (1.0023314177985747 * x_3))) - (0.8849697423641818 * sin((4.121357282186866 + (0.9495447383255198 * (-0.02274143198027288 + (1.0121437364720292 * x_1))))))) - (0.47896387400699414 * (-0.06946253611908115 + (1.0023314177985747 * x_3)))))) - (0.775356836566204 * (-0.06946253611908115 + (1.0023314177985747 * x_3)))) - (0.8887367580131562 * (-0.06946253611908115 + (1.0023314177985747 * x_3)))))))
591_fri_c1_100_10,ok,10,64,2,BFGS,0.8817752848409495,0.3421146985317689,126,172.20,,0.0,(0.15432090456667233 + (((0.12807187302568618 * sin(((2.446576111965368 * (1.020255702066691e-09 + (1.005037815122467 * x_4))) - (5.279130692900437 * (2.134112838164798e-09 + (1.0050378109985483 * x_3)))))) - (((4.3762162760884085 * (2.134112838164798e-09 + (1.0050378109985483 * x_3))) - (((0.17264861118494268 * (1.020255702066691e-09 + (1.005037815122467 * x_4))) - (0.7310653757102861 * (2.134112838164798e-09 + (1.0050378109985483 * x_3)))) - ((-1.426136183197361 * (-6.294696838797298e-10 + (1.0050378125173551 * x_2))) - (1.858011611739498 * (2.134112838164798e-09 + (1.0050378109985483 * x_3)))))) - ((((-0.555515401865698 * sin((-0.04532731205571647 + (2.5209190184754346 * (2.8080432239977528e-09 + (1.0050378175357129 * x_0)))))) - (0.3003226555546256 * (-3.2198895784854976e-09 + (1.00503782205916 * x_1)))) - ((-0.1302604966363783 * (-6.294696838797298e-10 + (1.0050378125173551 * x_2))) - (3.550653630259339 * (2.134112838164798e-09 + (1.0050378109985483 * x_3))))) - (-0.7326860182896342 * sin((3.1146814731704016 + (2.4655729876503774 * (-3.2198895784854976e-09 + (1.00503782205916 * x_1))))))))) - ((1.219144930500322 * (-6.294696838797298e-10 + (1.0050378125173551 * x_2))) - (-0.4366471257986406 * (-6.294696838797298e-10 + (1.0050378125173551 * x_2))))))
593_fri_c1_1000_10,ok,10,256,4,BFGS,0.891110026403233,0.3272100302042652,120,192.01,,0.0,(-0.3647466687456222 + ((2.564705270242774 * (-0.10952305202408649 + (0.9907329152448134 * x_3))) - ((1.1871389645144195 * (-0.10952305202408649 + (0.9907329152448134 * x_3))) - (((1.0848917075634628 * sin((1.6480175896898355 + (0.9437884027746617 * (-0.031232891696203968 + (1.0079763143256126 * x_0)))))) - ((1.8982204803174985 * (-0.10952305202408649 + (0.9907329152448134 * x_3))) - ((1.8953150233047702 * (-0.10952305202408649 + (0.9907329152448134 * x_3))) - ((0.9471956141886477 * (-0.10952305202408649 + (0.9907329152448134 * x_3))) - ((2.1842142798005213 * (sin((0.2738076423234894 + (0.3864666246096331 * (0.03184790765809063 + (1.0100220814643854 * x_1))))) * ((-0.05821876697581743 * (-0.10952305202408649 + (0.9907329152448134 * x_3))) - (sin((0.4775077939299164 + (2.2310676441579442 * (-0.031232891696203968 + (1.0079763143256126 * x_0))))) - (-0.080623549249347 * (-0.16354271824973488 + (0.9842858800610822 * x_2))))))) - (-1.704221710468886 * sin((1.7709672569788424 + (-2.2952800966437863 * (0.03184790765809063 + (1.0100220814643854 * x_1))))))))))) - (2.0390715938767014 * sin((1.0255309163830368 + (2.0822730095401223 * (0.03184790765809063 + (1.0100220814643854 * x_1))))))))))
594_fri_c2_100_5,ok,5,128,3,BFGS,0.883303504345186,0.3398963500436125,117,212.56,,0.0,(-1.5997051746038622 + ((1.648520327045957 * (sin((0.4382626839746795 + (2.951488145152961 * (1.4789027717446586e-09 + (1.005037819531248 * x_1))))) * ((2.141156583390214 * (1.4789027717446586e-09 + (1.005037819531248 * x_1))) - (((1.8032818304886842 * ((-2.5740396230235096e-09 + (1.0050378181358313 * x_0)) * (0.38464203307612266 + (0.25348932962257864 * (1.4789027717446586e-09 + (1.005037819531248 * x_1)))))) - sin((0.08603308442554147 + (0.6697527010327156 * (1.4789027717446586e-09 + (1.005037819531248 * x_1)))))) - (-2.3336572333640166 * (1.4789027717446586e-09 + (1.005037819531248 * x_1))))))) - ((-0.3201348055414027 * (-5.056086547415916e-09 + (1.0050378116639687 * x_3))) - ((2.947799634885561 * sin((2.647145653783399 + (0.09781296943959666 * (1.4789027717446586e-09 + (1.005037819531248 * x_1)))))) - (((2.159867176426011 * (2.8870194710416236e-09 + (1.0050378286556427 * x_2))) - ((2.0165764703724207 * (2.8870194710416236e-09 + (1.0050378286556427 * x_2))) - (0.8295964644035569 * sin((-1.246988287293723 + (2.559034525959442 * (1.4789027717446586e-09 + (1.005037819531248 * x_1)))))))) - (-0.7146513978484561 * (1.4789027717446586e-09 + (1.005037819531248 * x_1))))))))
595_fri_c0_1000_10,ok,10,256,4,BFGS,0.8396107901193025,0.42284786897047844,163,100.26,,0.0,(0.49309378866527787 + ((1.9260432896350363 * (-0.1211406374101396 + (1.023594826503582 * x_3))) - (((-0.4060798185238831 * (0.08331357934160229 + (1.0244910011465165 * x_0))) - (-5.124693170002942 * (-0.1211406374101396 + (1.023594826503582 * x_3)))) - (((5.867239359367673 * (-0.1211406374101396 + (1.023594826503582 * x_3))) - (((((3.9280533719775756 * (-0.1211406374101396 + (1.023594826503582 * x_3))) - ((1.0955946427779497 * (-0.1211406374101396 + (1.023594826503582 * x_3))) - (-0.023302906778104836 * ((0.02614878476186862 + (1.0238590584883367 * x_2)) * (((14.141243920492187 * (0.02614878476186862 + (1.0238590584883367 * x_2))) - (4.011157043363335 * (-0.06702131565911112 + (0.9599333061403312 * x_1)))) - (((((-1.9273287771720913 * (0.08331357934160229 + (1.0244910011465165 * x_0))) - (-1.1524553151862005 * (0.08331357934160229 + (1.0244910011465165 * x_0)))) - (-0.9551218754768662 + (2.1800743142105565 * (-0.06702131565911112 + (0.9599333061403312 * x_1))))) - (2.729921205582467 * (-0.06702131565911112 + (0.9599333061403312 * x_1)))) - (-1.827114848058565 * (-0.06702131565911112 + (0.9599333061403312 * x_1))))))))) - (-1.1916646525325179 * (-0.06702131565911112 + (0.9599333061403312 * x_1)))) - (-0.7554851409439529 + (3.4836259592105403 * (-0.1211406374101396 + (1.023594826503582 * x_3))))) - (-0.06702131565911112 + (0.9599333061403312 * x_1)))) - (((-0.36187914415867745 * (0.023677204900816835 + (1.0365983191687715 * x_4))) - (0.6331502911478697 * (-0.06702131565911112 + (0.9599333061403312 * x_1)))) - (-2.755714258697133 * (-0.1211406374101396 + (1.023594826503582 * x_3))))))))
596_fri_c2_250_5,ok,5,128,3,BFGS,0.8995941060045178,0.320661366307219,109,179.88,,0.0,(-0.1893761213813832 + ((0.2756778887491196 * (0.030239726957857333 + (1.0089704881333104 * x_3))) - (1.5944871776161613 * sin(((0.669670734180795 + (0.7887624613250687 * (-0.05566958792821793 + (1.0085802753375575 * x_1)))) - ((((1.092503439355371 * sin((1.5806823903281775 + (1.7054879878122409 * ((-0.00836934259429335 + (0.9826060373461664 * x_0)) * (0.877261870536656 + (0.12379127602895418 * ((-0.00836934259429335 + (0.9826060373461664 * x_0)) * (0.7339879364253348 + (0.23801149666500407 * (-0.05566958792821793 + (1.0085802753375575 * x_1)))))))))))) - (-0.05566958792821793 + (1.0085802753375575 * x_1))) - ((1.581150656366559 * (0.030239726957857333 + (1.0089704881333104 * x_3))) - (0.7518417980676912 * sin((1.9357294714915572 + (1.7744444789512546 * (-0.05566958792821793 + (1.0085802753375575 * x_1)))))))) - (((1.024608148380442 * sin((0.8539786524162319 + (1.1118581534277845 * (-0.00836934259429335 + (0.9826060373461664 * x_0)))))) - (1.5682773758087576 * (0.030239726957857333 + (1.0089704881333104 * x_3)))) - (-0.05566958792821793 + (1.0085802753375575 * x_1)))))))))
597_fri_c2_500_5,ok,5,256,4,BFGS,0.9256604516414111,0.2717779698143086,125,185.80,,0.0,(-0.41172830832354346 + (((0.3664507102218815 * (0.051318081308249455 + (1.014644489729816 * x_3))) - ((2.2594884961219535 * sin((0.35671568824122873 + ((1.3169737047294459 * (0.05371846994181401 + (0.9861750482670715 * x_0))) - (1.0697110916101256 * sin((2.267780366491661 + (1.11605680989072 * (0.06629972590880558 + (1.0075976137302378 * x_1)))))))))) - ((((0.9692980004473117 * sin((-0.12860869444524292 + (1.6834139331211317 * (0.05371846994181401 + (0.9861750482670715 * x_0)))))) - (-2.1198961145299595 * (0.06629972590880558 + (1.0075976137302378 * x_1)))) - ((-0.27011854650946177 * sin((1.7697988712420383 + (1.6527736384986222 * (0.06629972590880558 + (1.0075976137302378 * x_1)))))) - (((0.19497442652736494 * (-0.002414032778585222 + (0.9938074619432425 * x_4))) - (2.1103435778725466 * (0.06629972590880558 + (1.0075976137302378 * x_1)))) - (((0.2814229906691199 * (0.10122870033412179 + (1.0080699070194354 * x_2))) - (1.5298139064633776 * (0.06629972590880558 + (1.0075976137302378 * x_1)))) - (1.360307524212343 * (0.06629972590880558 + (1.0075976137302378 * x_1))))))) - (1.2755149135658863 * (0.06629972590880558 + (1.0075976137302378 * x_1)))))) - (1.1759194927556862 * (0.06629972590880558 + (1.0075976137302378 * x_1)))))
599_fri_c2_1000_5,ok,5,64,2,BFGS,0.8991894570240944,0.3184138424256435,87,177.76,,0.0,(0.07208568902075341 + ((((-1.7353651481976078 * sin(((1.1289506197898902 * (0.009574705784042063 + (1.0477984342708666 * x_1))) - (-0.6610541904519236 * ((-0.037314603346356716 + (1.0738698362097465 * x_0)) * (0.9307352934362796 + (0.9016712017226021 * (0.009574705784042063 + (1.0477984342708666 * x_1))))))))) - (sin((3.479043721672216 + (0.21044951666803413 * (0.009574705784042063 + (1.0477984342708666 * x_1))))) - sin((0.6747436435640282 + (0.853187728429829 * (0.009574705784042063 + (1.0477984342708666 * x_1))))))) - (0.41884427488967213 * (0.009574705784042063 + (1.0477984342708666 * x_1)))) - ((-0.2202426034465026 * (-0.0758845730996851 + (1.0498897117688875 * x_3))) - (1.758280587792254 * sin((3.5760674625387594 + (0.5024280956628364 * ((0.009574705784042063 + (1.0477984342708666 * x_1)) * (-0.037314603346356716 + (1.0738698362097465 * x_0))))))))))
601_fri_c1_250_5,ok,5,256,4,BFGS,0.900883959589991,0.31525923993138394,112,285.63,,0.0,(0.3095269162463441 + (((1.4661485501085791 * (0.02676101383347822 + (1.0066664369813325 * x_3))) - sin((-0.7481534268492491 + (1.7999529933636538 * (-0.010397483526896342 + (0.9882031183917349 * x_1)))))) - ((((0.40020021793780314 * (0.02676101383347822 + (1.0066664369813325 * x_3))) - (1.0656465988180344 * sin((3.1478531621031607 + (0.7211420141053106 * ((-0.018291418326324048 + (0.9901403382934644 * x_0)) * (1.0032217717347456 + (1.8868287507842632 * (-0.010397483526896342 + (0.9882031183917349 * x_1)))))))))) - sin((1.9757455074996746 + (1.145870457770565 * (-0.010397483526896342 + (0.9882031183917349 * x_1)))))) - ((2.0014287416522034 * (0.02676101383347822 + (1.0066664369813325 * x_3))) - ((((2.089305651906879 * sin((1.6520396085031894 + (1.055683277833333 * (-0.010397483526896342 + (0.9882031183917349 * x_1)))))) - (2.2357907298608923 * sin((0.3135929696504043 + (0.07240348144756759 * (-0.010397483526896342 + (0.9882031183917349 * x_1))))))) - (-1.4841004126960855 * (0.02676101383347822 + (1.0066664369813325 * x_3)))) - (-1.1933646922921506 * (0.02676101383347822 + (1.0066664369813325 * x_3))))))))
602_fri_c3_250_10,ok,10,256,4,BFGS,0.913796886919202,0.29097485692505853,151,174.24,,0.0,(0.3477477304774188 + ((-1.4044801207790165 * (-0.038189884319498046 + (1.0024011477798893 * x_3))) - ((((1.3662551096828233 * sin((0.07587239820820482 + (0.40168338124303593 * ((0.027897516398397815 + (0.998073099323104 * x_0)) * (2.114364634853935 + (2.991039165769356 * (-0.006149085570662245 + (1.0063481202601992 * x_1))))))))) - (-0.006149085570662245 + (1.0063481202601992 * x_1))) - ((1.7078927945974283 * (-0.038189884319498046 + (1.0024011477798893 * x_3))) - ((4.905956358201907 * sin((-0.009855593642530875 + (0.7345682478662667 * (-0.006149085570662245 + (1.0063481202601992 * x_1)))))) - (((-0.6692909081450424 * (0.001312719251571377 + (1.0174709357351936 * x_4))) - (0.1076837107576186 * (-0.006149085570662245 + (1.0063481202601992 * x_1)))) - (((1.0600925208381993 * (-0.006149085570662245 + (1.0063481202601992 * x_1))) - (((((-0.1075942772427706 * (0.027897516398397815 + (0.998073099323104 * x_0))) - (-1.2109245484853786 * (-0.006149085570662245 + (1.0063481202601992 * x_1)))) - ((-1.423548970791997 * (0.001312719251571377 + (1.0174709357351936 * x_4))) - (5.726871019499632 * (-0.006149085570662245 + (1.0063481202601992 * x_1))))) - (-0.006149085570662245 + (1.0063481202601992 * x_1))) - (-0.006149085570662245 + (1.0063481202601992 * x_1)))) - ((-0.4423093531049598 * (-0.017542067075762977 + (1.005717915331683 * x_2))) - (2.738540321963689 * (-0.006149085570662245 + (1.0063481202601992 * x_1))))))))) - (0.4824513381203014 * (-0.006149085570662245 + (1.0063481202601992 * x_1))))))
604_fri_c4_500_10,ok,10,32,1,BFGS,0.9186141334016213,0.30058931584678195,141,14.04,,0.0,(-0.7661165769674028 + (((3.033077109089085 * (-0.1348550604363206 + (1.0036996856535505 * x_3))) - (2.7300490487001383 * (-0.1348550604363206 + (1.0036996856535505 * x_3)))) - (((((4.568124451642843 * (-0.1348550604363206 + (1.0036996856535505 * x_3))) - (2.167856583487486 * sin((0.2087764103938029 + (-0.23352227317348107 * (-0.026510329997847516 + (1.0228802703832585 * x_1))))))) - ((0.15202790204870592 * (-0.0473754174576671 + (1.0002900627489233 * x_4))) - (0.8010264123648574 * (-0.1348550604363206 + (1.0036996856535505 * x_3))))) - ((1.246048831975902 * sin(((-1.0498254270144336 * (-0.0022548934118654575 + (0.9992501517389518 * x_0))) - (-0.5801751676365446 + (1.6585332418550949 * (-0.026510329997847516 + (1.0228802703832585 * x_1))))))) - ((-0.032872120085008116 * (-0.0022548934118654575 + (0.9992501517389518 * x_0))) - (5.416384894001053 * (-0.1348550604363206 + (1.0036996856535505 * x_3)))))) - (((-0.18369085701021914 * (-0.0473754174576671 + (1.0002900627489233 * x_4))) - (0.1549807740213202 * ((-0.026510329997847516 + (1.0228802703832585 * x_1)) * ((-2.0973419112540936 * (-0.08584083487448184 + (0.9845918227850837 * x_2))) - ((1.810618177239356 * (-0.0022548934118654575 + (0.9992501517389518 * x_0))) - (0.3760513287213123 + (0.20771733869844175 * (-0.026510329997847516 + (1.0228802703832585 * x_1))))))))) - (-0.3527790222640593 * (-0.026510329997847516 + (1.0228802703832585 * x_1)))))))
606_fri_c2_1000_10,ok,10,64,2,BFGS,0.9305722680406026,0.26900639005152494,144,41.90,,0.0,(0.4798168292052212 + ((0.15323229643533082 * (-0.03206380168427523 + (0.9877428384944221 * x_3))) - (((((0.8999695443778175 * (-0.03206380168427523 + (0.9877428384944221 * x_3))) - ((0.2142869681616516 * (0.04487244154167024 + (0.9667189833408681 * x_4))) - (0.2910349314299484 * (-0.05715499640265298 + (0.9507785937602312 * x_2))))) - (0.00040399045605488365 * (-0.10240413058209644 + (0.9803959075788435 * x_9)))) - (1.273086432743915 * (-0.02308872793518898 + (1.0310028958909718 * x_1)))) - (((((1.143625479782747 * sin((3.7227055830030196 + (2.0499739803221706 * ((-0.043264314038292014 + (1.0227224598746503 * x_0)) * (0.21956812154639338 + (0.6114243827660726 * (-0.02308872793518898 + (1.0310028958909718 * x_1))))))))) - sin((-0.21793521656198006 + (1.7371720876818246 * (-0.02308872793518898 + (1.0310028958909718 * x_1)))))) - ((0.05402014170323405 * (-0.02308872793518898 + (1.0310028958909718 * x_1))) - (((1.2106507515721683 * (-0.03206380168427523 + (0.9877428384944221 * x_3))) - ((-0.5696516303775165 * sin((8.739387492105113 + (1.5925017040281553 * (-0.043264314038292014 + (1.0227224598746503 * x_0)))))) - (0.8607638105069257 * (-0.02308872793518898 + (1.0310028958909718 * x_1))))) - (3.1071815294800462 * (-0.02308872793518898 + (1.0310028958909718 * x_1)))))) - (-3.0000069529329174 * (-0.02308872793518898 + (1.0310028958909718 * x_1)))) - (1.6673351793281737 * (-0.02308872793518898 + (1.0310028958909718 * x_1)))))))
608_fri_c3_1000_10,ok,10,32,1,BFGS,0.9101577975377784,0.3245802144226777,128,15.65,,0.0,(0.4438341051648953 + ((3.920471001375863 * (sin((0.06444395728686375 + (0.0315361165975465 * (-0.11377932602934616 + (1.0194947829765149 * x_1))))) * (((1.70315196485918 * (-0.07485137802023327 + (0.928236161918507 * x_4))) - (-3.2213433746296714 * (0.03929049529360136 + (1.0101045661619172 * x_3)))) - ((((((2.322605577367428 * sin((-0.027283317449412137 + (2.751489182702908 * (-0.12080387897699611 + (1.046689364019702 * x_0)))))) - ((0.6822384647986022 * sin((-1.1494248664507198 + (0.7586157572519678 * (-0.11377932602934616 + (1.0194947829765149 * x_1)))))) - ((3.810488116288939 * (-0.07485137802023327 + (0.928236161918507 * x_4))) - (-3.661293718475025 * (0.03929049529360136 + (1.0101045661619172 * x_3)))))) - (-0.023871301062420226 * (0.03929049529360136 + (1.0101045661619172 * x_3)))) - (5.794179175151847 * sin((-2.604853005070625 + (1.7941024898610287 * (-0.11377932602934616 + (1.0194947829765149 * x_1))))))) - ((2.5924306273476088 * (-0.07485137802023327 + (0.928236161918507 * x_4))) - (1.1987865407261955 * (-0.11377932602934616 + (1.0194947829765149 * x_1))))) - (1.900224861628094 * (0.03929049529360136 + (1.0101045661619172 * x_3))))))) - sin((-2.6200924395728604 + (1.4007937572008968 * (-0.11377932602934616 + (1.0194947829765149 * x_1)))))))
609_fri_c0_1000_5,ok,5,64,2,BFGS,0.7733877860656575,0.4838308497552407,77,117.76,,0.0,(-2.385995683361954 + (((-0.12115333217990586 * (0.15003226178161752 + (1.0307127080102405 * x_3))) - ((-0.22853998471542697 * (0.15003226178161752 + (1.0307127080102405 * x_3))) - ((3.2265156718138774 * (0.15003226178161752 + (1.0307127080102405 * x_3))) - (2.7918713124618026 * (0.15003226178161752 + (1.0307127080102405 * x_3)))))) - (((4.696485008406503 * sin((1.5636009585042476 + (0.38060053659999027 * (-0.026199140277906246 + (1.011143035371021 * x_2)))))) - (0.835856218461394 * sin((0.740140599007209 + (1.0993664635720102 * (-0.056662208270947687 + (1.0093749014959992 * x_1))))))) - ((0.3525040399368031 * (-0.03328608761079923 + (0.9930031921598278 * x_0))) - (-6.356765646652848 + (0.11313139885664598 * (-0.056662208270947687 + (1.0093749014959992 * x_1))))))))
611_fri_c3_100_5,ok,5,128,3,BFGS,0.9142271246262023,0.2914020340776458,118,192.80,,0.0,(-0.5306522492621173 + ((((1.4757693600866055 * sin((1.7287817267687293 + (-0.4918265484889113 * (-5.485044449520766e-09 + (1.0050378211517923 * x_1)))))) - ((-0.4457000934461184 * (2.2651548670983395e-09 + (1.0050378215807587 * x_3))) - (0.14004115356814717 * ((3.3696518741937506e-10 + (1.0050378176809236 * x_0)) * (((((0.14645885910815687 * (2.2651548670983395e-09 + (1.0050378215807587 * x_3))) - ((0.1381895772087927 * (2.2651548670983395e-09 + (1.0050378215807587 * x_3))) - (1.2026442950722158 * (2.2651548670983395e-09 + (1.0050378215807587 * x_3))))) - (6.524937087113734 * sin((1.472868765650217 + (2.3795257940646533 * (-5.485044449520766e-09 + (1.0050378211517923 * x_1))))))) - (sin((1.2263940471597374 + (2.760255027498996 * (-5.485044449520766e-09 + (1.0050378211517923 * x_1))))) * (3.3696518741937506e-10 + (1.0050378176809236 * x_0)))) + (0.6345603069658714 + (0.1926407842169353 * (-5.485044449520766e-09 + (1.0050378211517923 * x_1))))))))) - (1.2971601256845737 * sin((0.4594694484457089 + (1.5263237646791374 * (-5.485044449520766e-09 + (1.0050378211517923 * x_1))))))) - sin((0.8176663934897181 + (0.08600314282267862 * (-5.485044449520766e-09 + (1.0050378211517923 * x_1)))))))
612_fri_c1_1000_5,ok,5,128,3,BFGS,0.8964878111785135,0.31268152894052814,117,184.34,,0.0,(1.1061408605073695 + (((0.5126145667036488 * (-0.0455437593761508 + (0.9567051152908453 * x_3))) - ((2.4767753058948125 * sin((0.25847072326236925 + (1.2863504620630493 * (0.05379249346486988 + (0.9813329069621656 * x_1)))))) - sin((0.9714453323303623 + (1.8632383554917509 * (0.05379249346486988 + (0.9813329069621656 * x_1))))))) - (-0.9970488138993445 * (((0.2430058920571005 * (-0.0455437593761508 + (0.9567051152908453 * x_3))) - ((0.6075873195810926 * sin((1.1737160949149286 + (1.0165674281409314 * (0.05379249346486988 + (0.9813329069621656 * x_1)))))) - (((2.061724626841926 * (-0.0455437593761508 + (0.9567051152908453 * x_3))) - (1.3262433674264442 * sin((0.13025087886989936 + (0.6327278782307517 * ((0.058764461739031826 + (0.9941862663105345 * x_0)) * (1.0544103912564085 + (1.8327259005661998 * (0.05379249346486988 + (0.9813329069621656 * x_1)))))))))) - (0.05379249346486988 + (0.9813329069621656 * x_1))))) - (((2.4081272718656948 * (-0.0455437593761508 + (0.9567051152908453 * x_3))) - (0.9038166869813542 * (0.05379249346486988 + (0.9813329069621656 * x_1)))) - (1.2859709161597257 * (0.05379249346486988 + (0.9813329069621656 * x_1))))))))
613_fri_c3_250_5,ok,5,256,4,BFGS,0.8829593298547184,0.3353383962261186,109,192.20,,0.0,(0.4711241927805381 + ((0.521154605254454 * (0.011376775246438027 + (0.9978400925361779 * x_3))) - ((((1.3290409045512916 * sin((0.6405646242861469 + (2.5041165262251166 * (-0.028948889952718215 + (1.0093385016897576 * x_1)))))) - (1.1772808735799982 * sin((-2.792016785972539 + (0.5317702350338314 * ((-0.00583196890049992 + (0.9920083120873421 * x_0)) * (1.565069571532017 + (2.074022261371695 * (-0.028948889952718215 + (1.0093385016897576 * x_1)))))))))) - (-0.028948889952718215 + (1.0093385016897576 * x_1))) - ((((0.7217053102346664 * (0.011376775246438027 + (0.9978400925361779 * x_3))) - ((0.801228901280963 * (0.011376775246438027 + (0.9978400925361779 * x_3))) - (-1.1115781927694783 * (-0.028948889952718215 + (1.0093385016897576 * x_1))))) - (-0.22428851050205934 * (-0.028948889952718215 + (1.0093385016897576 * x_1)))) - ((1.040297997924668 * sin((-2.1805116695030016 + (2.7232257909609947 * (-0.028948889952718215 + (1.0093385016897576 * x_1)))))) - (0.6840411899609957 * sin((3.164442205408892 + (0.7985585951497978 * (-0.028948889952718215 + (1.0093385016897576 * x_1)))))))))))
615_fri_c4_250_10,ok,10,256,4,BFGS,0.8970006397401001,0.31727716247473436,139,275.96,,0.0,(0.40691322333009305 + ((0.21974687216046668 * (0.030508266623949246 + (1.0184149844080637 * x_3))) - ((((1.1956610456162324 * sin((-0.08249951266795147 + (1.3673071709097708 * (0.008561553372822423 + (1.001972468388772 * x_1)))))) - (((4.565600831742013 * (0.030508266623949246 + (1.0184149844080637 * x_3))) - ((0.11636731114777782 * (0.018442320333777653 + (1.0043892364385394 * x_0))) - (0.9977261683074129 * (0.008561553372822423 + (1.001972468388772 * x_1))))) - (((4.015918779618996 * (0.030508266623949246 + (1.0184149844080637 * x_3))) - ((1.7805128801174215 * (0.016849843417703382 + (1.0050181313033926 * x_4))) - (1.9725531128849982 * (0.008561553372822423 + (1.001972468388772 * x_1))))) - (((-1.5053082745779593 * (0.030981082827633125 + (1.0037440958902806 * x_2))) - ((0.9821417092871438 * (0.016849843417703382 + (1.0050181313033926 * x_4))) - (0.40419049293386633 * (0.008561553372822423 + (1.001972468388772 * x_1))))) - (1.2741654284105421 * sin((0.19130244761574366 + (1.93065886529874 * ((0.018442320333777653 + (1.0043892364385394 * x_0)) * (0.4057492557682161 + (0.6178229796679883 * (0.008561553372822423 + (1.001972468388772 * x_1))))))))))))) - (0.008561553372822423 + (1.001972468388772 * x_1))) - ((0.9747019653449613 * (0.030981082827633125 + (1.0037440958902806 * x_2))) - (0.3299683395615399 * (0.030508266623949246 + (1.0184149844080637 * x_3)))))))
617_fri_c3_500_5,ok,5,128,3,BFGS,0.9112622730001243,0.2841742370418908,127,91.20,,0.0,(-0.4739713960484364 + ((((0.3491629732575863 * (0.03177150349695045 + (1.0457474271073812 * x_3))) - (((((1.439682660320969 * sin((((1.1731323692498594 * (0.06189277847607138 + (1.0463141535655052 * x_0))) - (-0.4459767702590516 * (0.06884697124093933 + (1.0266038989481894 * x_1)))) - (1.3387524351561382 * sin((1.4432754361627884 + (-1.435674455503957 * (0.06884697124093933 + (1.0266038989481894 * x_1))))))))) - ((0.18527155101910442 * (0.07378384716018162 + (1.066710481333945 * x_4))) - (-1.0121143243742172 * (0.06884697124093933 + (1.0266038989481894 * x_1))))) - (1.2543501886160309 * (0.03177150349695045 + (1.0457474271073812 * x_3)))) - (0.2856095710366432 * sin((3.4297818031961516 + (3.1351281348162257 * (0.06884697124093933 + (1.0266038989481894 * x_1))))))) - (sin((0.0933300058930207 + (-0.0670387891728853 * (0.06884697124093933 + (1.0266038989481894 * x_1))))) * ((2.2472315102762144 * (0.06884697124093933 + (1.0266038989481894 * x_1))) - ((3.227651390594991 * (0.06583752182489036 + (1.0614816774443865 * x_2))) - (1.6027430945819958 * (0.06884697124093933 + (1.0266038989481894 * x_1)))))))) - (1.1779804990142781 * (0.03177150349695045 + (1.0457474271073812 * x_3)))) - (0.06884697124093933 + (1.0266038989481894 * x_1))))
621_fri_c0_100_10,ok,10,256,4,BFGS,0.799592303732832,0.44542520818358544,173,113.97,,0.0,(-1.5607960447312181 + (((0.44211305449674376 * (2.316635645158825e-09 + (1.005037811384345 * x_3))) - ((((1.436675031821489 * (2.316635645158825e-09 + (1.005037811384345 * x_3))) - ((6.683561138374397 * (2.316635645158825e-09 + (1.005037811384345 * x_3))) - ((2.5236175112286903 * (2.316635645158825e-09 + (1.005037811384345 * x_3))) - (((-0.06083582581184195 * ((2.3868367447602294e-10 + (1.0050378172229721 * x_2)) * ((2.3868367447602294e-10 + (1.0050378172229721 * x_2)) * (1.4976230557380417e-10 + (1.0050378197078866 * x_1))))) - ((1.7804624969776364 * (2.316635645158825e-09 + (1.005037811384345 * x_3))) - ((0.3666603542162805 * ((2.3868367447602294e-10 + (1.0050378172229721 * x_2)) * (2.3868367447602294e-10 + (1.0050378172229721 * x_2)))) - (-0.09547314994896602 * ((1.4976230557380417e-10 + (1.0050378197078866 * x_1)) * (((1.0722270613383755 * (3.369651839070239e-09 + (1.0050378086193497 * x_0))) - (2.8475101929018383 + (-0.610019893644019 * (2.3868367447602294e-10 + (1.0050378172229721 * x_2))))) - (2.7564061236311606 * (1.4976230557380417e-10 + (1.0050378197078866 * x_1))))))))) - (((-1.4178162574138815 * (3.369651839070239e-09 + (1.0050378086193497 * x_0))) - (-1.4349259760630728 * (2.3868367447602294e-10 + (1.0050378172229721 * x_2)))) - (0.8759793472461725 * (1.4976230557380417e-10 + (1.0050378197078866 * x_1)))))))) - ((0.5140467468667077 * (2.3868367447602294e-10 + (1.0050378172229721 * x_2))) - (1.0156714586562074 * (3.369651839070239e-09 + (1.0050378086193497 * x_0))))) - (1.4751757858976227 + (-0.09015721342923938 * (1.4976230557380417e-10 + (1.0050378197078866 * x_1)))))) - ((0.8227987800135843 * (2.316635645158825e-09 + (1.005037811384345 * x_3))) - (2.3868367447602294e-10 + (1.0050378172229721 * x_2)))))
623_fri_c4_1000_10,ok,10,256,4,BFGS,0.8869549662310313,0.28912428882848074,154,179.36,,0.0,(0.019432476578533843 + ((-0.7391660941034082 * (0.09947925414942209 + (1.0205751432371792 * x_3))) - ((1.0196918389846417 * (0.09947925414942209 + (1.0205751432371792 * x_3))) - ((((((2.9662863458732907 * (0.09947925414942209 + (1.0205751432371792 * x_3))) - ((0.7355232186999223 * sin((-0.6950281050116047 + (1.9228623325725611 * (0.13941561426198104 + (1.0104749796278643 * x_0)))))) - (0.4692517236348045 * (0.14278809094854045 + (1.0265951539192182 * x_1))))) - ((((-0.1947114026816663 * (0.1293185428126426 + (1.1237869624512584 * x_4))) - (0.8668549915717718 * (0.14278809094854045 + (1.0265951539192182 * x_1)))) - ((1.4391970550861726 * (0.14278809094854045 + (1.0265951539192182 * x_1))) - ((1.0317788338676315 * ((0.14278809094854045 + (1.0265951539192182 * x_1)) * sin((0.7306721096198238 + (1.3479906232378445 * (0.14278809094854045 + (1.0265951539192182 * x_1))))))) - (0.14278809094854045 + (1.0265951539192182 * x_1))))) - (((2.53969119898996 * (0.13941561426198104 + (1.0104749796278643 * x_0))) - (3.2101673130125965 * (0.14278809094854045 + (1.0265951539192182 * x_1)))) - (0.9002236664709424 * (0.09947925414942209 + (1.0205751432371792 * x_3)))))) - (0.14278809094854045 + (1.0265951539192182 * x_1))) - (0.9145516301686145 * sin((0.6868825499220704 + (1.3697353956993763 * ((0.14278809094854045 + (1.0265951539192182 * x_1)) * (0.13941561426198104 + (1.0104749796278643 * x_0)))))))) - (-0.9326258059477572 + (2.3524090738359984 * (0.13941561426198104 + (1.0104749796278643 * x_0))))))))
624_fri_c0_100_5,ok,5,128,3,BFGS,0.794050390285725,0.45154192715866165,104,149.41,,0.0,(-0.7932226849297916 + ((((0.9505427917369083 * (1.6052646991142874e-09 + (1.005037818082082 * x_3))) - (((-2.821617136115454 * sin((1.1839138850894395 + (0.40465122620427507 * (4.24014525147764e-09 + (1.0050378137630331 * x_0)))))) - (-1.6580960844034847 + (-0.27870642515099553 * (-2.059231685602471e-10 + (1.0050378118806327 * x_1))))) - (((1.5633831357583596 * (1.6052646991142874e-09 + (1.005037818082082 * x_3))) - (1.8965908077962812 * (-2.059231685602471e-10 + (1.0050378118806327 * x_1)))) - ((-1.1485532721151106 * (1.6052646991142874e-09 + (1.005037818082082 * x_3))) - (0.3599229837537855 * sin((2.2677115415695326 + (1.962758064510326 * (-2.059231685602471e-10 + (1.0050378118806327 * x_1)))))))))) - (0.2614724410222159 * ((1.6052646991142874e-09 + (1.005037818082082 * x_3)) * sin((3.614957906556983 + (2.259700172607549 * (1.6052646991142874e-09 + (1.005037818082082 * x_3)))))))) - ((3.1591102736970047 * (1.6052646991142874e-09 + (1.005037818082082 * x_3))) - (2.760698493109923 * (-2.059231685602471e-10 + (1.0050378118806327 * x_1))))))
627_fri_c2_500_10,ok,10,256,4,BFGS,0.8898790316932152,0.3351946428436128,115,276.48,,0.0,(1.1922574509897852 + ((((0.3182052468188258 * (0.033341707614650384 + (0.9827162141673074 * x_3))) - ((1.1776459354359181 * sin((0.11550969842777742 + (0.7063324470516597 * ((-0.03715904788242102 + (0.9873114643136044 * x_0)) * (0.932051569686235 + (1.5792775462076825 * (-0.013129577447021317 + (0.9990856847101941 * x_1))))))))) - ((0.5613276207839633 * (0.026683047888560293 + (0.9757203942515261 * x_2))) - (0.5949851634291303 * sin((-0.7141583672761176 + (2.3683242176742283 * (-0.013129577447021317 + (0.9990856847101941 * x_1))))))))) - (sin((1.7609756203386815 + (0.8291030263214507 * (-0.013129577447021317 + (0.9990856847101941 * x_1))))) - ((1.8450446251741237 * (0.026683047888560293 + (0.9757203942515261 * x_2))) - (-0.11568577813120409 * sin((3.7716891478527295 + (2.050695954248207 * ((-0.03715904788242102 + (0.9873114643136044 * x_0)) * (-0.013129577447021317 + (0.9990856847101941 * x_1)))))))))) - ((2.513298757730854 * (0.026683047888560293 + (0.9757203942515261 * x_2))) - ((0.031280144734525325 * (-0.03715904788242102 + (0.9873114643136044 * x_0))) - (0.6468215698759989 * (-0.013129577447021317 + (0.9990856847101941 * x_1)))))))
628_fri_c3_1000_5,ok,5,64,2,BFGS,0.9068003117574501,0.29976870838295677,123,53.15,,0.0,(0.9008612688766419 + (((1.706673848163358 * (0.07995654940232406 + (1.0305655132338056 * x_3))) - (((0.8989186502476612 * sin((-0.24641198018811836 + (1.560540558293548 * (-0.011951282734320523 + (1.0307417971714052 * x_1)))))) - (0.22869768116768152 * (0.07995654940232406 + (1.0305655132338056 * x_3)))) - ((((0.6554892850408343 * (0.07995654940232406 + (1.0305655132338056 * x_3))) - ((2.171765064608009 * (0.07995654940232406 + (1.0305655132338056 * x_3))) - (((0.7172546769747135 * sin((1.7235286888690236 + (1.0264508463611617 * (-0.006538880888095933 + (1.0173482172539636 * x_0)))))) - (-0.2676009375020294 * (-0.011951282734320523 + (1.0307417971714052 * x_1)))) - ((0.7426116706369988 * sin((0.7716601860580489 + (0.7393490889270433 * (-0.011951282734320523 + (1.0307417971714052 * x_1)))))) - (2.028743789284653 * (-0.011951282734320523 + (1.0307417971714052 * x_1))))))) - (1.7386951420015475 * sin((0.6865783729044058 + (1.0388520884733436 * ((-0.006538880888095933 + (1.0173482172539636 * x_0)) * (0.6672926417370252 + (0.9578187974559607 * (-0.011951282734320523 + (1.0307417971714052 * x_1)))))))))) - (-0.011951282734320523 + (1.0307417971714052 * x_1))))) - (-0.011951282734320523 + (1.0307417971714052 * x_1))))
631_fri_c1_500_5,ok,5,256,4,BFGS,0.90844083159738,0.3128030186414343,117,212.60,,0.0,(0.5940178558543134 + (((-1.6887865148013612 * (0.011619934130194394 + (1.0130552558033206 * x_3))) - (0.6217203269486368 * (((-6.216998765927325 * (0.011619934130194394 + (1.0130552558033206 * x_3))) - (3.2224988084132953 * (0.051813494666047274 + (0.9930497282225305 * x_1)))) - ((3.0276465502091696 * (0.011619934130194394 + (1.0130552558033206 * x_3))) - ((6.7100303745758705 * (0.011619934130194394 + (1.0130552558033206 * x_3))) - ((-0.4380629804709777 * (0.011619934130194394 + (1.0130552558033206 * x_3))) - (((-1.2066821539808072 * (0.011619934130194394 + (1.0130552558033206 * x_3))) - (-1.4379246230190454 * sin((-0.21404837131737164 + (1.5723570425779188 * (0.051813494666047274 + (0.9930497282225305 * x_1))))))) - (((1.590607774596243 * (0.06765066243771634 + (0.9954469854695703 * x_0))) - (3.108372853136369 * (0.051813494666047274 + (0.9930497282225305 * x_1)))) - (2.286125004203675 * sin((0.1199409036803971 + (0.3993910222776507 * ((0.06765066243771634 + (0.9954469854695703 * x_0)) * (1.2053552117448278 + (3.037605861080849 * (0.051813494666047274 + (0.9930497282225305 * x_1))))))))))))))))) - (0.06765066243771634 + (0.9954469854695703 * x_0))))
634_fri_c2_100_10,ok,10,256,4,BFGS,0.869945541331245,0.3588229541515272,120,197.10,,0.0,(0.2339635050860912 + ((((2.1749452649588923 * (-1.984350541638051e-09 + (1.0050378174665446 * x_9))) - ((-2.4514237576699234 * (-1.984350541638051e-09 + (1.0050378174665446 * x_9))) - ((((0.3145989137405488 * (-2.040511411673613e-09 + (1.0050378188363487 * x_4))) - (0.3869134354988699 * (-1.984350541638051e-09 + (1.0050378174665446 * x_9)))) - (0.33351060048824355 * (-1.984350541638051e-09 + (1.0050378174665446 * x_9)))) - (3.862166790639151 * (-1.984350541638051e-09 + (1.0050378174665446 * x_9)))))) - ((0.5379247506083913 * sin((-0.4931544075513956 + (2.732654352992757 * (-3.891699263916169e-09 + (1.005037812523656 * x_0)))))) - (0.6160430163127835 * (-3.5942953176591e-09 + (1.0050378169186154 * x_1))))) - ((0.6510868019923277 * sin((-1.0573671811433636 + (2.8615605070865726 * (-3.5942953176591e-09 + (1.0050378169186154 * x_1)))))) - ((3.496391074198028 * (-2.040511411673613e-09 + (1.0050378188363487 * x_4))) - (1.929526526559055 * (((1.8893551100500403 * (-2.040511411673613e-09 + (1.0050378188363487 * x_4))) - (0.11548927392239605 * (8.096524631093754e-10 + (1.005037812430936 * x_3)))) - sin((3.293651205094932 + (0.8204763210597226 * (-3.5942953176591e-09 + (1.0050378169186154 * x_1)))))))))))
635_fri_c0_250_10,ok,10,128,3,BFGS,0.8533005393778725,0.3773970683131137,159,186.72,,0.0,(-2.3111904248359707 + ((((1.6652815127937721 * (3.284185646600527e-05 + (1.0134618852695818 * x_3))) - ((4.886214641921256 * (3.284185646600527e-05 + (1.0134618852695818 * x_3))) - ((((1.0416977116603334 * sin((2.4356825743893413 + (-0.343590191446945 * (0.05626701566663447 + (0.984972246146817 * x_4)))))) - (-4.198539057831596 * (3.284185646600527e-05 + (1.0134618852695818 * x_3)))) - ((-1.8271060562557029 * (3.284185646600527e-05 + (1.0134618852695818 * x_3))) - (1.4378355576059922 * (3.284185646600527e-05 + (1.0134618852695818 * x_3))))) - ((6.455308631386636 * (3.284185646600527e-05 + (1.0134618852695818 * x_3))) - (((-0.3577021258623527 * (-0.0158002831059501 + (1.035825655276819 * x_0))) - (9.087550224378226 * (3.284185646600527e-05 + (1.0134618852695818 * x_3)))) - ((-9.164873564078967 * sin((0.8122694759728368 + (0.2816504234186501 * (-0.0158002831059501 + (1.035825655276819 * x_0)))))) - (5.822596139445768 * (3.284185646600527e-05 + (1.0134618852695818 * x_3))))))))) - ((-2.419715664817674 * (3.284185646600527e-05 + (1.0134618852695818 * x_3))) - ((((9.36285163498625 * (3.284185646600527e-05 + (1.0134618852695818 * x_3))) - (-0.0158002831059501 + (1.035825655276819 * x_0))) - (5.025650352739138 + (-1.362857626448748 * (0.0299533659358918 + (1.026432356260368 * x_1))))) - ((-0.31618742048549153 * ((0.03710033285164021 + (0.9862754867919485 * x_2)) * (0.03710033285164021 + (0.9862754867919485 * x_2)))) - (-5.703977186496804 * (3.284185646600527e-05 + (1.0134618852695818 * x_3))))))) - (0.0299533659358918 + (1.026432356260368 * x_1))))
641_fri_c1_500_10,ok,10,256,4,BFGS,0.9177023536694071,0.273954103538224,155,213.18,,0.0,(0.668119260178986 + ((3.310160867289401 * (-0.041244311805811756 + (0.9881424498527619 * x_3))) - (((-1.14759224212303 * sin(((-1.151777055650331 * (-0.00754624478365389 + (0.9836753950133191 * x_0))) - (1.2655992572287262 * (0.00805487804850231 + (0.9968997576834833 * x_1)))))) - ((((((2.1509732315839285 * ((-0.041244311805811756 + (0.9881424498527619 * x_3)) * sin((3.499249706984621 + (0.009626707901446183 * (0.00805487804850231 + (0.9968997576834833 * x_1))))))) - (((7.654517199717793 * (-0.041244311805811756 + (0.9881424498527619 * x_3))) - ((0.027538331937187722 * (-0.0007699340761739147 + (1.0247051180741429 * x_4))) - (-0.24616714582637952 * sin((1.9696473887751977 + (1.8792687876065153 * (0.00805487804850231 + (0.9968997576834833 * x_1)))))))) - ((0.9740913519544636 * (-0.010538602807564558 + (1.0101551525364498 * x_2))) - ((-0.12069696122989021 * (-0.00754624478365389 + (0.9836753950133191 * x_0))) - (3.2558392247678047 * (-0.041244311805811756 + (0.9881424498527619 * x_3))))))) - (1.3862393606404741 * (-0.041244311805811756 + (0.9881424498527619 * x_3)))) - (-1.9190320064731163 * (-0.041244311805811756 + (0.9881424498527619 * x_3)))) - (-1.6530856463467165 * (-0.041244311805811756 + (0.9881424498527619 * x_3)))) - sin((0.6895011080776657 + (1.1072769365354056 * ((-0.00754624478365389 + (0.9836753950133191 * x_0)) * (0.00805487804850231 + (0.9968997576834833 * x_1)))))))) - ((0.15021048246072882 * (-0.0007699340761739147 + (1.0247051180741429 * x_4))) - (-0.010538602807564558 + (1.0101551525364498 * x_2))))))
646_fri_c3_500_10,ok,10,256,4,BFGS,0.9010896586203259,0.3092585123813607,118,178.13,,0.0,(-0.0007736980040506352 + ((-0.5505683058973037 * (-0.0010674995282084277 + (0.9888977016014616 * x_3))) - ((-1.030601306109327 * (-0.0010674995282084277 + (0.9888977016014616 * x_3))) - (1.4200235572870574 * sin(((1.50711785847239 * (-0.07566403615497733 + (1.0061982190189063 * x_1))) - (((5.820130403635897 * sin((1.9086515003858038 + (0.41899088215054014 * (-0.08580614110746695 + (0.9764867799745204 * x_0)))))) - (4.353011859216872 * (-0.07566403615497733 + (1.0061982190189063 * x_1)))) - (((1.5384236946686327 * (-0.07566403615497733 + (1.0061982190189063 * x_1))) - (((0.9149416945944948 * (-0.07566403615497733 + (1.0061982190189063 * x_1))) - (((-0.13842198796527838 * sin((2.321106462231966 + (3.33885456499279 * (-0.07566403615497733 + (1.0061982190189063 * x_1)))))) - (-0.6206953204365537 * ((-0.07566403615497733 + (1.0061982190189063 * x_1)) * (-0.07566403615497733 + (1.0061982190189063 * x_1))))) - (-2.247220245247558 + (0.19272034303831442 * (-0.07566403615497733 + (1.0061982190189063 * x_1)))))) - (-1.8884506562117052 * (-0.07566403615497733 + (1.0061982190189063 * x_1))))) - (3.5652741505975296 * (-0.07566403615497733 + (1.0061982190189063 * x_1)))))))))))
647_fri_c1_250_10,ok,10,128,3,BFGS,0.9040045851244934,0.3127525091207765,139,83.19,,0.0,(-0.9994549306782696 + ((0.9059011777479671 * (0.012771660018394299 + (0.9916244828062031 * x_3))) - ((((0.7322340155881508 * (0.04259752720332055 + (1.0063005627788042 * x_4))) - (1.6183307408428504 * sin((3.403318609981989 + (0.8599189187898695 * ((-0.0661680238763467 + (0.9883772642250066 * x_0)) * (1.189944788192073 + (1.416313065110085 * (-0.06563464502751039 + (0.9806987438418552 * x_1)))))))))) - (-0.06563464502751039 + (0.9806987438418552 * x_1))) - (((2.154386742239536 * (0.04259752720332055 + (1.0063005627788042 * x_4))) - (1.2765447853452558 * (0.012771660018394299 + (0.9916244828062031 * x_3)))) - (((2.363535989365161 * (0.012771660018394299 + (0.9916244828062031 * x_3))) - ((((((0.10178099272679264 * (-0.0661680238763467 + (0.9883772642250066 * x_0))) - (1.2389143833831713 * (0.04259752720332055 + (1.0063005627788042 * x_4)))) - (1.8261976522008494 * (-0.06563464502751039 + (0.9806987438418552 * x_1)))) - ((1.6661939122063938 * sin((-1.2874412512891462 + (0.3367139730187505 * (-0.0661680238763467 + (0.9883772642250066 * x_0)))))) - (0.2949730269675397 * (-0.06563464502751039 + (0.9806987438418552 * x_1))))) - (-0.3937667632647617 * (0.012771660018394299 + (0.9916244828062031 * x_3)))) - (-1.7815294624763336 * (0.012771660018394299 + (0.9916244828062031 * x_3))))) - (0.9623653242546406 * (0.012771660018394299 + (0.9916244828062031 * x_3))))))))
649_fri_c0_500_5,ok,5,64,2,BFGS,0.7820347473935598,0.4527091508927274,141,146.23,,0.0,(-2.256675541261731 + (((0.44926644591457837 * (-0.06639078434904079 + (1.0571454595405074 * x_3))) - (((1.3025346121578587 * (-0.06639078434904079 + (1.0571454595405074 * x_3))) - ((((((0.5758165791600427 * (-0.06639078434904079 + (1.0571454595405074 * x_3))) - ((0.5417272586048203 * sin((1.657682003068766 + (1.242734252969536 * (-0.021789259863661356 + (1.0063983944922867 * x_2)))))) - ((2.1649940016065807 * (0.05231147534006627 + (1.0066634887399533 * x_1))) - ((-0.24229853996310824 * (-0.06639078434904079 + (1.0571454595405074 * x_3))) - (0.12421736354897935 * (0.05231147534006627 + (1.0066634887399533 * x_1))))))) - (4.144588043265948 * (0.05231147534006627 + (1.0066634887399533 * x_1)))) - (-3.867551255435611 * sin((0.8118165659265733 + (0.40786691579050205 * (0.05231147534006627 + (1.0066634887399533 * x_1))))))) - ((0.45573147653383705 * (-0.06639078434904079 + (1.0571454595405074 * x_3))) - (3.686411235574904 * (-0.06639078434904079 + (1.0571454595405074 * x_3))))) - (0.40002016803033336 * (0.05231147534006627 + (1.0066634887399533 * x_1))))) - ((0.4284059685023476 * (-0.08932909934794814 + (1.0023846504648501 * x_0))) - (0.046928498957417714 + (1.9490737612743065 * (-0.06639078434904079 + (1.0571454595405074 * x_3))))))) - ((0.718461296215037 * (-0.06639078434904079 + (1.0571454595405074 * x_3))) - (1.6042890609479246 * (0.05231147534006627 + (1.0066634887399533 * x_1))))))
654_fri_c0_500_10,ok,10,128,3,BFGS,0.7888163844559583,0.47094777379323194,149,122.83,,0.0,(-2.2287450047969766 + (((-1.6941636696055087 * sin((1.0385632696900633 + (0.8690255509983026 * (-0.04407831859558271 + (1.0230621218787368 * x_2)))))) - ((-0.12037389272717883 * sin((1.4421078561068004 + (2.055109386724487 * (-0.04407831859558271 + (1.0230621218787368 * x_2)))))) - ((0.07367910426243245 * (0.0007491783139851028 + (0.9893417119088128 * x_3))) - ((0.7411895037733722 * (0.0007491783139851028 + (0.9893417119088128 * x_3))) - (((0.8561452732952135 * (0.0007491783139851028 + (0.9893417119088128 * x_3))) - (((-0.5864055586445407 * (0.0007491783139851028 + (0.9893417119088128 * x_3))) - ((1.6381745350322487 * (-0.04407831859558271 + (1.0230621218787368 * x_2))) - (-0.26770552234715594 * ((-0.06393432606302606 + (0.9998031220651009 * x_1)) * (((((2.0470847663071883 * (-0.027601897422796586 + (1.0061636075716038 * x_0))) - (1.370842538621756 + (2.050205263903528 * (-0.027601897422796586 + (1.0061636075716038 * x_0))))) - (0.47513537169262976 * (-0.04407831859558271 + (1.0230621218787368 * x_2)))) - (-0.6086879931572038 * (-0.04407831859558271 + (1.0230621218787368 * x_2)))) - (1.0173185745203797 * (-0.06393432606302606 + (0.9998031220651009 * x_1)))))))) - (0.722689562966342 * (-0.06393432606302606 + (0.9998031220651009 * x_1))))) - ((-0.38768767608887245 * (-0.027601897422796586 + (1.0061636075716038 * x_0))) - (3.4892580725924938 + (-0.19670726732179405 * (0.0007491783139851028 + (0.9893417119088128 * x_3)))))))))) - (-0.04407831859558271 + (1.0230621218787368 * x_2))))
656_fri_c1_100_5,ok,5,32,1,BFGS,0.9000891449445766,0.3145023819050303,112,15.23,,0.0,(-0.2707413322700928 + (((1.7563342348298732 * (-2.334185930610602e-09 + (1.005037817059757 * x_3))) - (0.002818098626242837 * (-2.334185930610602e-09 + (1.005037817059757 * x_3)))) - ((((((0.64875749949316 * sin((-0.19212157002326657 + (-0.7348627317980292 * (2.6302004833736337e-09 + (1.0050378148437342 * x_0)))))) - (0.5203696205255801 * (-2.334185930610602e-09 + (1.005037817059757 * x_3)))) - ((1.109635100112877 * sin((2.988117479432219 + (1.2257930931646288 * (2.6302004833736337e-09 + (1.0050378148437342 * x_0)))))) - (1.0604468793855415 * sin((-0.2638679390239236 + (1.4690597430665826 * (-2.4523577450329915e-09 + (1.0050378152122343 * x_1)))))))) - (1.6206597221773076 * (-2.334185930610602e-09 + (1.005037817059757 * x_3)))) - ((1.0303707777637432 * sin((2.9082350061102806 + (1.3278071428096019 * ((-2.4523577450329915e-09 + (1.0050378152122343 * x_1)) * (2.6302004833736337e-09 + (1.0050378148437342 * x_0))))))) - (-0.006687045687277453 + (3.4903775292948183 * (-2.334185930610602e-09 + (1.005037817059757 * x_3)))))) - sin((0.1446778486726752 + (0.9326394795432447 * (-2.4523577450329915e-09 + (1.0050378152122343 * x_1))))))))
657_fri_c2_250_10,ok,10,256,4,BFGS,0.8936669021763248,0.3185889531940873,155,300.26,,0.0,(-0.1826123131426316 + ((((1.5401035330201869 * sin((1.3755352150795987 + (3.0568547283895673 * (0.009016765386932166 + (0.9975550945917872 * x_0)))))) - (((((1.886571958278692 * (0.004078747777071304 + (0.9820351885905952 * x_3))) - ((2.262784557598125 * (0.004078747777071304 + (0.9820351885905952 * x_3))) - (((0.046026408501105245 * (0.004078747777071304 + (0.9820351885905952 * x_3))) - (((-0.037582608011145234 + (0.9993401832171055 * x_6)) * (0.022131640344706344 + (1.009302535480512 * x_1))) * ((0.0011136897934003864 * (0.018254636074701108 + (0.9942750378113397 * x_4))) - (-0.04330117040236646 * (0.022131640344706344 + (1.009302535480512 * x_1)))))) - ((-0.6180603074892836 * (0.021508000057596278 + (0.9976225312856856 * x_2))) - (1.5115301960371352 * sin((1.0313925848399323 + (2.8264034584930005 * (0.009016765386932166 + (0.9975550945917872 * x_0)))))))))) - (2.4230969510871168 * ((0.022131640344706344 + (1.009302535480512 * x_1)) * sin((-1.3356410236979517 + (2.2649874816013518 * (0.022131640344706344 + (1.009302535480512 * x_1)))))))) - (1.197645471642885 * (0.022131640344706344 + (1.009302535480512 * x_1)))) - ((0.46792264534615124 * (0.021508000057596278 + (0.9976225312856856 * x_2))) - (1.9993500593216265 * (0.022131640344706344 + (1.009302535480512 * x_1)))))) - ((-0.1728490821172318 * (0.018254636074701108 + (0.9942750378113397 * x_4))) - sin((0.7596206809149739 + (3.6672600041083365 * (0.022131640344706344 + (1.009302535480512 * x_1))))))) - (0.022131640344706344 + (1.009302535480512 * x_1))))
659_sleuth_ex1714,ok,7,64,2,BFGS,0.8935123491575684,889.1494617172564,149,255.38,,0.0,(191.17840737292113 + (((((-120.5773552641449 * (-1.5864294781793549 + (0.23528616482898382 * x_5))) - ((((-42.548219424474496 * (-1.5864294781793549 + (0.23528616482898382 * x_5))) - ((-4.439487388334477 * (-1.5864294781793549 + (0.23528616482898382 * x_5))) - (-23.414008005450242 * (-1.5864294781793549 + (0.23528616482898382 * x_5))))) - (13.816622655100922 * ((27.93630314299216 + (0.9132473668233474 * (-1.5864294781793549 + (0.23528616482898382 * x_5)))))**2)) - ((15.697416147249712 * ((-2.1195565262766687 + (0.06927618688108722 * x_0)) * (36.94676902373308 + (13.400391827213028 * (-1.5864294781793549 + (0.23528616482898382 * x_5)))))) - (((58.42672268446654 * (-1.5864294781793549 + (0.23528616482898382 * x_5))) - (((11.85581288391461 * (-1.085177167929372 + (0.031018261473926296 * x_4))) - (-3.9217945535332017 * (-1.5864294781793549 + (0.23528616482898382 * x_5)))) - (-1.6391321525073197 * (-2.1195565262766687 + (0.06927618688108722 * x_0))))) - (-67.43393094718573 + (30.8903223334367 * (-1.5864294781793549 + (0.23528616482898382 * x_5)))))))) - (-11.103852242637458 * (-1.5864294781793549 + (0.23528616482898382 * x_5)))) - (-0.036014649720587544 * (-1.5864294781793549 + (0.23528616482898382 * x_5)))) + ((8.369278020022726 * ((-1.5864294781793549 + (0.23528616482898382 * x_5)) * ((-3.9937684645845106 + (9.407058187406584 * (-1.5864294781793549 + (0.23528616482898382 * x_5)))))**2)) - (-74.58075535336104 * (-1.5864294781793549 + (0.23528616482898382 * x_5))))))
663_rabe_266,ok,2,32,1,BFGS,0.9855314698390953,6.278185723387741,111,18.99,,0.0,(-13.8476835122854 + (((0.0025754182596114845 * (((5.299854966223194 * (0.14484136487558028 + (0.028968272975116057 * x_0))) - (7.702195010337273 * (0.14484136487558028 + (0.028968272975116057 * x_0)))) * ((4.72617479388728 * (0.14484136487558028 + (0.028968272975116057 * x_0))) - ((-0.6147075832792377 * (0.14484136487558028 + (0.028968272975116057 * x_0))) - (6.007542685395931 + (2.0250582194816182 * (0.14484136487558028 + (0.028968272975116057 * x_0)))))))) - (1.7628599436695733 * (0.14484136487558028 + (0.028968272975116057 * x_0)))) - ((((-22.428061552060775 * (0.14484136487558028 + (0.028968272975116057 * x_0))) - (13.982180347149246 * sin((0.5350362689661273 + (1.4869941368536645 * (-1.9148542155126762 + (0.06963106238227913 * x_1))))))) - ((-1.259329228883253 * (0.14484136487558028 + (0.028968272975116057 * x_0))) - ((-30.61670479985014 * (0.14484136487558028 + (0.028968272975116057 * x_0))) - (-1.0099757201669004 * (0.14484136487558028 + (0.028968272975116057 * x_0)))))) - (-60.063025321135115 * sin((0.8655304517122603 + (0.7423608523880236 * (-1.9148542155126762 + (0.06963106238227913 * x_1)))))))))
665_sleuth_case2002,ok,6,128,3,BFGS,0.4074031984309977,7.394050604286311,94,220.12,,0.0,(-13.36250923345403 + ((33.197765832833056 * sin(((3.1098014706318278 * (-0.9151502608861564 + (2.0078669903024626 * x_2))) - (0.5681875968667915 * (((2.3455380071590994 * (-0.9151502608861564 + (2.0078669903024626 * x_2))) - ((0.00805685752539549 * (-0.6642111641550715 + (2.1697564695732336 * x_3))) - ((((0.03424104921350343 * (-7.778182412958265 + (0.1365408185699624 * x_4))) - (1.6476350159429698 * (-0.9151502608861564 + (2.0078669903024626 * x_2)))) - (28.24675847230221 * sin((0.7665506296683087 + (0.34234202312340234 * (-0.9151502608861564 + (2.0078669903024626 * x_2))))))) - (5.836642868970934 * sin((-0.3961294117958314 + (1.1502117623154873 * (-0.9151502608861564 + (2.0078669903024626 * x_2))))))))) - (0.695000332589256 * (-1.9995832060131968 + (0.0717974429125403 * x_5)))))))) - (-0.6503345111258292 * ((-0.9151502608861564 + (2.0078669903024626 * x_2)) * (-0.6642111641550715 + (2.1697564695732336 * x_3))))))
666_rmftsa_ladata,ok,10,256,4,BFGS,0.8113000912634,1.492940913122044,95,204.77,,0.0,(7.680983137880583 + ((((2.4663113154664043 * (-3.8354583612121833 + (0.07161043279702374 * x_7))) - (((2.7107046871311784 * (-3.8354583612121833 + (0.07161043279702374 * x_7))) - (((1.525471496757938 * (-11.545971418891767 + (0.06591093670668177 * x_0))) - (-0.8664932521440324 * (-11.545971418891767 + (0.06591093670668177 * x_0)))) - (-0.07568252834153841 * (-9.53752739277275 + (0.10189589818207269 * x_1))))) - (0.5926860184336697 * (((-0.5640840611083184 * (-11.545971418891767 + (0.06591093670668177 * x_0))) - ((2.442831958414047 * (-11.545971418891767 + (0.06591093670668177 * x_0))) - (4.059389194721911 * (-11.545971418891767 + (0.06591093670668177 * x_0))))))**2))) - (-1.042509988647128 * ((-9.53752739277275 + (0.10189589818207269 * x_1)) * sin((0.39114130001406977 + (2.4722739242801506 * (-9.53752739277275 + (0.10189589818207269 * x_1)))))))) - (0.0532866627718553 * (-9.53752739277275 + (0.10189589818207269 * x_1)))))
678_visualizing_environmental,ok,3,256,4,BFGS,0.4889011712889718,2.5330389006354976,105,160.83,,0.0,(9.958675167563566 + (((-1.4438645149468696 * (-1.2708878931061365 + (0.03018800687669188 * x_0))) - ((5.312597893524021 * (-1.2708878931061365 + (0.03018800687669188 * x_0))) - (-0.7832981715282692 * sin(((-0.634522265729994 * sin((5.057033675664055 + (1.9828490359797222 * (-1.2708878931061365 + (0.03018800687669188 * x_0)))))) - (0.9134279663658122 * (-2.0365904670492747 + (0.011020403736287696 * x_1)))))))) - (((1.8965105076452566 * sin(((2.948974543702203 * (-8.199984227605405 + (0.1054080196021077 * x_2))) - ((2.591695422500024 * sin((1.1091054122449782 + (2.247475436710161 * (-2.0365904670492747 + (0.011020403736287696 * x_1)))))) - ((-0.3637216793641731 * (-1.2708878931061365 + (0.03018800687669188 * x_0))) - (1.408118290519842 * (-2.0365904670492747 + (0.011020403736287696 * x_1)))))))) - ((-8.563406742842893 * (-1.2708878931061365 + (0.03018800687669188 * x_0))) - (-7.821205613622549 * (-1.2708878931061365 + (0.03018800687669188 * x_0))))) - (5.322672702087797 * (-1.2708878931061365 + (0.03018800687669188 * x_0))))))
687_sleuth_ex1605,ok,5,256,4,BFGS,0.7294147891142624,7.92841384347503,109,209.47,,0.0,(95.15576707757299 + ((11.897775685692032 * (-8.4556341730914 + (0.07385873749389502 * x_4))) - (((((-1.3189784207998891 * (-8.4556341730914 + (0.07385873749389502 * x_4))) - (((20.536054624570752 * sin((14.994111464243492 + (-0.5605923182377799 * (-8.4556341730914 + (0.07385873749389502 * x_4)))))) - (-1.4655038654261414 * ((-4.273294241464471 + (0.34678565833873976 * x_0)) * (0.7948351867302343 + (2.039734752762092 * (-8.4556341730914 + (0.07385873749389502 * x_4))))))) - sin((1.798306401430771 + (3.9380247097809873 * (-8.688995392983172 + (0.07749104061636315 * x_3))))))) - ((-8.751205319751538 * sin((0.8906347694518975 + (4.465616729462331 * (-8.4556341730914 + (0.07385873749389502 * x_4)))))) - (5.04055481365479 * (-8.4556341730914 + (0.07385873749389502 * x_4))))) - ((2.7471362873947758 * sin((2.0695808871136228 + (-4.32348721151129 * (-8.4556341730914 + (0.07385873749389502 * x_4)))))) - (4.140377886543353 * (-8.4556341730914 + (0.07385873749389502 * x_4))))) - (-0.4112985871781766 * (-8.944849837562757 + (0.07735816570356965 * x_2))))))
690_visualizing_galaxy,ok,4,32,1,BFGS,0.9672127364037786,17.72308159949657,82,29.57,,0.0,(252.81234479742034 + ((51.190170838997574 * sin(((1.3745820661033905 * (0.00041221357154477725 + (0.041221155529185684 * x_3))) - (0.610345669241974 * (-0.014811247445722082 + (0.04714572537817882 * x_1)))))) - (32.82876658527614 * ((((2.249438013438718 * (-0.014811247445722082 + (0.04714572537817882 * x_1))) - ((6.836491792236458 * sin((10.940819341576322 + (-0.6682485084193397 * (-0.014811247445722082 + (0.04714572537817882 * x_1)))))) - (9.598898800158672 * (-0.014811247445722082 + (0.04714572537817882 * x_1))))) - (24.49169170362967 + (-1.0054297294986068 * (-0.014811247445722082 + (0.04714572537817882 * x_1))))) - ((7.364655926786007 * (-0.014811247445722082 + (0.04714572537817882 * x_1))) - (24.713078204852835 * sin((10.646183954574962 + (0.3426748385307148 * (-0.014811247445722082 + (0.04714572537817882 * x_1)))))))))))
706_sleuth_case1202,ok,6,256,4,BFGS,0.7815784300706687,42.275476076074945,138,202.68,,0.0,(-574.5018906317644 + ((((113.44165726333591 * (-3.4018077595745577 + (0.007170790852930344 * x_4))) - (25.875605091853004 * (-1.3806701271484079 + (2.1049560954885562 * x_2)))) - ((-3.8039611633867594 * (-1.3806701271484079 + (2.1049560954885562 * x_2))) - ((8.62050094126812 * (((4.195230215486205 * (-3.4018077595745577 + (0.007170790852930344 * x_4))) - (4.451314179715915 * (-3.4018077595745577 + (0.007170790852930344 * x_4)))) * ((((-12.75699480122811 * sin((-4.38060306990911 + (11.136587350491332 * (-3.4018077595745577 + (0.007170790852930344 * x_4)))))) - ((-5.168468127353286 * (-3.4018077595745577 + (0.007170790852930344 * x_4))) - (-137.27679173942522 * (-3.4018077595745577 + (0.007170790852930344 * x_4))))) - ((-0.08727365956080463 * ((9.355123447061061 + (5.624048430880258 * (-3.4018077595745577 + (0.007170790852930344 * x_4)))))**2) - (0.9551348543755083 * (-1.3806701271484079 + (2.1049560954885562 * x_2))))) - ((-118.86032726249829 * (-3.4018077595745577 + (0.007170790852930344 * x_4))) - (10.32000726681703 * (-1.3806701271484079 + (2.1049560954885562 * x_2))))))) - ((-56.081816520744724 * (-3.4018077595745577 + (0.007170790852930344 * x_4))) - (7.397515698568494 * ((9.527823946757312 + (-0.6420008247263711 * (-3.4018077595745577 + (0.007170790852930344 * x_4)))))**2))))) - (-23.15677426357145 * (-3.4018077595745577 + (0.007170790852930344 * x_4)))))
712_chscase_geyser1,ok,2,32,1,BFGS,0.7909598821893481,5.770876198887241,78,178.45,,0.0,(69.72118443804732 + (((21.000691791164 * (-3.3935425619618167 + (0.94461866768293 * x_1))) - ((3.864047212812805 * (-3.3935425619618167 + (0.94461866768293 * x_1))) - (7.322347131276992 * sin((0.649087708851511 + (1.469763381120635 * (-3.3935425619618167 + (0.94461866768293 * x_1)))))))) - (((9.13983307635937 * (-3.3935425619618167 + (0.94461866768293 * x_1))) - ((0.5914692559579626 * (-3.3935425619618167 + (0.94461866768293 * x_1))) - (1.9703505011445044 * (-3.3935425619618167 + (0.94461866768293 * x_1))))) - (3.5505158876605414 * sin(((1.3368817971606664 * sin((2.179498698274813 + (11.426367477888768 * (-1.5024884050165992 + (0.13469192335424468 * x_0)))))) - (1.6040480615696628 * (-3.3935425619618167 + (0.94461866768293 * x_1)))))))))
feynman_III_10_19,ok,4,32,1,BFGS,0.9633694337708972,1.377043440473553,95,11.16,,0.0,(14.573012418855434 + ((1.9401387056251127 * (-2.7632761273837882 + (0.8839173948987078 * x_3))) - (((6.806238903016871 * (-2.673971965623433 + (0.8898553227888648 * x_0))) - (1.8760776832386035 + (0.39347825493726746 * (-2.673971965623433 + (0.8898553227888648 * x_0))))) - ((((2.510867537705848 * (-2.7632761273837882 + (0.8839173948987078 * x_3))) - ((1.5183838339796007 * (-2.7632761273837882 + (0.8839173948987078 * x_3))) - (((13.534296964434738 * (-2.673971965623433 + (0.8898553227888648 * x_0))) - (0.33290290205371365 + (0.7416733420120547 * (-2.673971965623433 + (0.8898553227888648 * x_0))))) - (0.22948877738214857 * (-2.673971965623433 + (0.8898553227888648 * x_0)))))) - (-0.33821701772571744 + (0.9786946822406659 * (-2.7632761273837882 + (0.8839173948987078 * x_3))))) - ((-1.8464564521815965 * (-2.6890810491196837 + (0.8961237359346407 * x_2))) - (1.7708399014808607 * (-2.5928212263706856 + (0.8757205925655337 * x_1))))))))
feynman_III_12_43,ok,2,32,1,BFGS,0.9999999999999724,1.3607241760410962e-07,55,8.50,,0.0,(1.3229423843136217 + ((-1.4457055651767343 * ((-2.5465486207773664 + (0.8639978684630047 * x_1)) * (-0.38569503949331174 + (-0.04061257513670104 * (((3.570162039865582 * (-2.6600860698602395 + (0.8787782072695123 * x_0))) - (0.5660667401573218 * (-2.5465486207773664 + (0.8639978684630047 * x_1)))) - (-0.566064533292755 * (-2.5465486207773664 + (0.8639978684630047 * x_1)))))))) - ((2.6744035748572434 * (-2.6600860698602395 + (0.8787782072695123 * x_0))) - (0.09701690598204853 + (3.2082055438197545 * (-2.6600860698602395 + (0.8787782072695123 * x_0)))))))
feynman_III_13_18,ok,4,64,2,BFGS,0.9284742880179554,147.8577271756586,98,55.43,,0.0,(115.91575079546541 + (((11.764267767937854 * ((-2.538907955679724 + (0.8360455927136513 * x_1)) * (-2.538907955679724 + (0.8360455927136513 * x_1)))) - (((-41.529840397630565 * (-2.557360784962865 + (0.8860604608557809 * x_2))) - (7.581344230581099 * exp(((2.192792643209147 * sin((1.2961231156048227 + (-0.26701918501825106 * (-2.4699294639154807 + (0.8560964559950999 * x_3)))))) - (0.4837343077283066 * (-2.4699294639154807 + (0.8560964559950999 * x_3))))))) - ((7.277177340612109 * ((-2.538907955679724 + (0.8360455927136513 * x_1)) * (-2.538907955679724 + (0.8360455927136513 * x_1)))) - ((-44.16867161506798 * (-2.559111498086225 + (0.8438989755780321 * x_0))) - (0.1969497521109228 * (-2.538907955679724 + (0.8360455927136513 * x_1))))))) * ((3.2488847268535284 * (-2.538907955679724 + (0.8360455927136513 * x_1))) - (-4.868666832640903 * exp((-0.2621678929546724 + (-0.23561239203558457 * (-2.4699294639154807 + (0.8560964559950999 * x_3)))))))))
feynman_III_14_14,ok,5,256,4,BFGS,0.881095478748479,2.450595925777656,108,263.87,,0.0,(1.3332333881788259 + (((-1.2096515457947392 * (-5.111852970749168 + (3.3644339378306247 * x_2))) - ((5.546253788045295 * exp((((-0.509094919009945 * (-5.1655723252122225 + (3.434279417769823 * x_4))) - (-3.19212167870503 * sin((3.4774381993225205 + (0.5585538616497279 * (-5.170473117636555 + (3.4111455044222505 * x_3))))))) - (-1.3242817250127148 * (-5.170473117636555 + (3.4111455044222505 * x_3)))))) - exp((-4.438742576167341 + (-2.0219014627791942 * (-5.170473117636555 + (3.4111455044222505 * x_3))))))) * ((1.2075113554315422 * (-4.857485252493451 + (3.2877290201094715 * x_1))) - (((0.7836061043351013 * (-2.668504578371374 + (0.895141141763398 * x_0))) - (2.1113021664489278 * (-4.857485252493451 + (3.2877290201094715 * x_1)))) - (((0.7756663533790928 * exp((-5.0475644892116325 + (-2.1776153766443933 * (-5.170473117636555 + (3.4111455044222505 * x_3)))))) - (4.239937338888794 * (-4.857485252493451 + (3.2877290201094715 * x_1)))) - exp((0.5084956919327519 + (-0.3947011197025334 * (-5.170473117636555 + (3.4111455044222505 * x_3))))))))))
feynman_III_15_12,ok,3,64,2,BFGS,0.24832740987515434,4.243542580602863,78,162.33,,0.0,(6.554125735870835 + ((-0.5135070849630153 * (-2.433749339868416 + (0.8313595104823411 * x_2))) - (((-2.644139740967711 * (-2.6957874627590446 + (0.884057098270909 * x_0))) - ((-0.045390651291786974 * ((-2.6957874627590446 + (0.884057098270909 * x_0)) * (6.987660524018699 + (4.057638534259114 * (-2.6957874627590446 + (0.884057098270909 * x_0)))))) - sin((-0.6462955703580588 + (3.09010843246572 * ((-2.6957874627590446 + (0.884057098270909 * x_0)) * (1.782960177979521 + (1.189307201781539 * (-2.6957874627590446 + (0.884057098270909 * x_0)))))))))) - sin((1.8689237974391104 + (-7.188488576840431 * (sin((1.6113188273627004 + (0.9955905690656786 * (-2.6957874627590446 + (0.884057098270909 * x_0))))) * (-2.6957874627590446 + (0.884057098270909 * x_0)))))))))
feynman_III_15_14,ok,3,256,4,BFGS,0.9800843529898944,0.0029959615456308293,110,167.71,,0.0,(0.0034582917325976393 + ((exp(((1.5995798819246292 * (-2.34578704306449 + (0.8008218224036182 * x_0))) - ((-2.113702492616245 * sin((-0.4112265379912155 + (-1.3290843919517414 * (-2.600944791990059 + (0.8402356442102845 * x_2)))))) - (((1.3470074609494507 * sin((1.4944192173227222 + (-2.133708153432259 * (-2.600944791990059 + (0.8402356442102845 * x_2)))))) - (0.45995390399915015 * (-2.7086572108381093 + (0.888939095052541 * x_1)))) - (((1.2286216682633242 * (-2.34578704306449 + (0.8008218224036182 * x_0))) - (2.5437141969270307 * sin((-0.5174744121120145 + (0.9026732579125094 * (-2.600944791990059 + (0.8402356442102845 * x_2))))))) - (0.9526453119333345 * sin((1.181012471908468 + (-1.509459555552964 * (-2.600944791990059 + (0.8402356442102845 * x_2))))))))))) * ((0.02115691760523352 * (-2.34578704306449 + (0.8008218224036182 * x_0))) - (-0.035976226531291 * sin((-0.2886122075783057 + (-1.0322570663157566 * (-2.600944791990059 + (0.8402356442102845 * x_2)))))))) * exp((-2.7569683339069053 + (-2.6598568818084507 * (-2.600944791990059 + (0.8402356442102845 * x_2)))))))
feynman_III_15_27,ok,3,32,1,BFGS,0.9830444125963287,0.35335043583409437,115,16.28,,0.0,(1.1285698097855295 + ((-5.563572157096022 * sin((1.2420397619168746 + (-1.390743234394078 + (-0.02425675320051432 * (-2.4879626933927046 + (0.833693497064789 * x_0))))))) - ((0.7125547600199389 * (-2.4879626933927046 + (0.833693497064789 * x_0))) - ((((1.9771737792869715 * (-2.4879626933927046 + (0.833693497064789 * x_0))) - ((-0.5774763458137344 * (-2.533070086737555 + (0.8625339673768139 * x_2))) - ((1.3036931227365183 * sin((4.231825602283937 + (0.7102695532539185 * (-2.533070086737555 + (0.8625339673768139 * x_2)))))) - (1.322864880174894 * (-2.4893777348254535 + (0.8762245096472185 * x_1)))))) - ((1.264580456749263 * (-2.533070086737555 + (0.8625339673768139 * x_2))) - ((2.3009828917591193 * sin((1.4887461162552071 + (0.10215953434035063 * (-2.533070086737555 + (0.8625339673768139 * x_2)))))) - sin((0.9324386941916485 + (-0.607519866318603 * (-2.4893777348254535 + (0.8762245096472185 * x_1)))))))) * exp(((-0.3578757734099103 * (-2.533070086737555 + (0.8625339673768139 * x_2))) - (0.5515832545415993 * sin((2.6100854562431106 + (-0.9398015248488609 * (-2.4893777348254535 + (0.8762245096472185 * x_1))))))))))))
feynman_III_17_37,ok,3,64,2,BFGS,0.9431519908130787,1.2732595741580208,83,32.75,,0.0,(-5.067251557280905 + ((((5.474526066010364 * (-2.5686713329782953 + (0.862001671169859 * x_1))) - (((0.15996496605326443 * (-2.491499110603535 + (0.8386271442685918 * x_0))) - (-4.274468162122921 * (-2.5686713329782953 + (0.862001671169859 * x_1)))) - (-2.491499110603535 + (0.8386271442685918 * x_0)))) - (0.0612496304782944 + (3.844299083866752 * ((-2.551596122504234 + (0.8474189011325017 * x_2)) * sin((-0.21993374022192214 + (0.8140969543387067 * (-2.551596122504234 + (0.8474189011325017 * x_2))))))))) * (((-0.02071109868879306 * ((4.338741414311521 + (3.0847318036168296 * (-2.491499110603535 + (0.8386271442685918 * x_0)))))**2) - (0.9045676912344208 * (-2.5686713329782953 + (0.862001671169859 * x_1)))) - (1.4818162013578995 + (-0.4044997909166893 * (-2.5686713329782953 + (0.862001671169859 * x_1)))))))
feynman_III_19_51,ok,5,64,2,BFGS,0.7889009388829759,0.838228501462109,100,258.04,,0.0,(-0.24680171604985618 + (exp(((-4.332805374488986 * (-2.6537424167771304 + (0.8886083008934242 * x_3))) - ((((0.934150151263992 * (-2.6622629714337247 + (0.9132238574171417 * x_4))) - (-0.6822445984943022 * sin((1.2849562399851227 + (-2.681704285511115 * (-2.6537424167771304 + (0.8886083008934242 * x_3))))))) - (1.6296097159864713 * (-2.7325304403218103 + (0.9024643506596678 * x_1)))) - exp((-4.871602582879955 + (2.5617453209948176 * (-2.7325304403218103 + (0.9024643506596678 * x_1)))))))) * ((-2.6921021909976828 * exp((-4.553507789104957 + (-0.5157136217839093 * (-2.7325304403218103 + (0.9024643506596678 * x_1)))))) - ((-1.5331911169244767 * (-2.7325304403218103 + (0.9024643506596678 * x_1))) - (((0.010717806570806104 * exp((0.9320105950688218 + (-0.5637518159651833 * (-2.7325304403218103 + (0.9024643506596678 * x_1)))))) - (2.5462974050225116 * (-2.7325304403218103 + (0.9024643506596678 * x_1)))) - (-1.0138791446570905 * (-2.7325304403218103 + (0.9024643506596678 * x_1))))))))
feynman_III_21_20,ok,4,32,1,BFGS,0.9715210741922063,2.2527907152663107,108,19.55,,0.0,(-3.987440375566319 + ((((-2.089543061596201 * (-2.5656360395809217 + (0.8550844648633008 * x_2))) - ((-0.5566325095915694 * (-2.5656360395809217 + (0.8550844648633008 * x_2))) - (-0.9790279171743683 * (-2.6240687793748685 + (0.8890183185341883 * x_1))))) - ((5.3484546814793035 * (-2.4948596073666858 + (0.8712831628673021 * x_0))) - (-6.2955241004852205 * exp(((-0.35415579042988754 * (-2.545412639486553 + (0.8474318891943581 * x_3))) - (2.778996841065945 * sin((3.2627213838089357 + (-0.12203081375183633 * (-2.545412639486553 + (0.8474318891943581 * x_3))))))))))) * ((-1.8603417704337426 * (-2.5656360395809217 + (0.8550844648633008 * x_2))) - (((-0.2084545563948348 * (-2.4948596073666858 + (0.8712831628673021 * x_0))) - (0.3260480847117384 * (-2.6240687793748685 + (0.8890183185341883 * x_1)))) - ((2.0603490866447576 * (-2.5656360395809217 + (0.8550844648633008 * x_2))) - ((-0.14190137883763465 * (-2.5656360395809217 + (0.8550844648633008 * x_2))) - exp((-1.5693607857848741 + (-0.7343157336404902 * (-2.545412639486553 + (0.8474318891943581 * x_3)))))))))))
feynman_III_4_32,ok,4,32,1,BFGS,0.9193019753662814,2.2487539140285575,80,20.12,,0.0,(0.9406937162039162 + (((0.07582168264511041 * exp((0.15677235829191405 + (-1.0578147641151716 * (-2.784131327119264 + (0.9215893303699773 * x_0)))))) - ((2.7472018207237916 * exp((-2.5648717971721258 + (-0.4968276136479972 * (-2.6466365775727345 + (0.8707401267392567 * x_2)))))) - (1.5408863427099613 * exp((-1.5445807456294913 + (0.14421084773047232 * (-2.6174887738802006 + (0.8670829091630897 * x_3)))))))) * ((-0.1355743492090089 * (-2.6174887738802006 + (0.8670829091630897 * x_3))) - (((-3.5537507805146973 * exp((-5.812013755630641 + (-0.5875579546759699 * (-2.612511512350074 + (0.8627753949982891 * x_1)))))) - exp((3.1829824818092227 + (-0.6095771000110837 * (-2.612511512350074 + (0.8627753949982891 * x_1)))))) - (7.269067596552546 * (-2.6174887738802006 + (0.8670829091630897 * x_3)))))))
feynman_III_4_33,ok,4,32,1,BFGS,0.9971224481231429,0.2549917587090601,93,8.92,,0.0,(-0.5321283802154463 + (((((-0.27456444537993285 * (-2.5251798266511916 + (0.8626981754077024 * x_0))) - (-5.893909544469592 + (-0.9856371215326674 * (-2.60734931142082 + (0.9073764005796643 * x_2))))) - (-1.3899329785046688 * (-2.60734931142082 + (0.9073764005796643 * x_2)))) - (6.095030371817389 * ((-2.60734931142082 + (0.9073764005796643 * x_2)) * (0.7526488489162831 + (-0.19118769782116637 * (-2.866571611099702 + (0.9433028392921154 * x_3))))))) - ((((0.1921502667541503 * (-2.60734931142082 + (0.9073764005796643 * x_2))) - (5.370314366580274 * (-2.60734931142082 + (0.9073764005796643 * x_2)))) - (3.335642696601459 * (-2.866571611099702 + (0.9433028392921154 * x_3)))) - (((1.3378950542300307 * (-2.60734931142082 + (0.9073764005796643 * x_2))) - (-2.60734931142082 + (0.9073764005796643 * x_2))) - (-2.674058462317878 + (0.2871925751800226 * (-2.866571611099702 + (0.9433028392921154 * x_3))))))))
feynman_III_7_38,ok,3,32,1,BFGS,0.9710059842436506,6.5446947153460835,88,23.76,,0.0,(17.477978102461222 + (((18.44357473408151 * (-2.7136530652251984 + (0.8943526615139876 * x_0))) - ((13.48699934463543 * (-2.7136530652251984 + (0.8943526615139876 * x_0))) - (49.55238709938228 * sin((0.1598658159214107 + (-0.0680850280596207 * (-2.402628220576974 + (0.8031476298129983 * x_2)))))))) * ((6.424478463522201 * (sin((0.035719354446607135 + (-0.7231545026176209 * (-2.402628220576974 + (0.8031476298129983 * x_2))))) * abs((2.821321117729825 + (-0.685387331334137 * (-2.402628220576974 + (0.8031476298129983 * x_2))))))) - ((14.674539171666222 * sin((0.4931272826261063 + (-0.88707967018226 * (-2.402628220576974 + (0.8031476298129983 * x_2)))))) - ((9.113332697700507 * sin((1.452440483642648 + (1.0575106530722511 * (-2.402628220576974 + (0.8031476298129983 * x_2)))))) - (-2.0746562822164645 * (-2.809767375781024 + (0.9075827176016882 * x_1))))))))
feynman_III_8_54,ok,3,256,4,BFGS,0.4430491888218885,0.261592944737611,107,215.04,,0.0,(0.20425510152152593 + (((0.42224982273653666 * sin((-3.849789353618636 + (0.4426808986503463 * (-5.232329981974955 + (3.4582056648935673 * x_0)))))) - ((0.6775967288444367 * sin(((0.2936071383565153 * (-5.232329981974955 + (3.4582056648935673 * x_0))) - (0.49224690674862637 * (-5.232329981974955 + (3.4582056648935673 * x_0)))))) - (0.34160023495254643 * sin(((3.4591781783604763 * (-2.957250588126034 + (1.1919718312766996 * x_2))) - ((1.8797904043223839 * (-5.0517738838657475 + (3.3789723250614414 * x_1))) - ((0.9008170076170976 * sin((1.3252934820244908 + (1.6112838688081688 * (-2.957250588126034 + (1.1919718312766996 * x_2)))))) - (((3.180492179795123 * (-5.232329981974955 + (3.4582056648935673 * x_0))) - (1.7698304139978145 * sin((5.363122950867687 + (0.39259824537441623 * (-5.232329981974955 + (3.4582056648935673 * x_0))))))) - (0.8356886052759926 * (-5.232329981974955 + (3.4582056648935673 * x_0))))))))))) - (-0.028265052615546862 * sin((0.04095954780531404 + (0.5737594376175805 * (-5.0517738838657475 + (3.3789723250614414 * x_1))))))))
feynman_III_9_52,ok,6,256,4,BFGS,0.4092187517445781,11.393743549971576,78,298.23,,0.0,(14.86608867199184 + ((4.723210793510802 * (-3.302270063999335 + (1.711027822918682 * x_0))) - (-14.942023330560897 * (exp((-3.288125340783928 + (-0.5957159290595979 * (-3.3150879840966465 + (1.6834333936891284 * x_3))))) * ((-0.08573909615554948 * ((((5.8927839980987375 * (-2.575743190255727 + (0.8722576541805873 * x_4))) - (-6.171239646932772 * sin((9.121350373408458 + (11.97773837687716 * (-3.3150879840966465 + (1.6834333936891284 * x_3))))))) - (-0.011551639140474565 * (-3.3150879840966465 + (1.6834333936891284 * x_3)))))**2) - ((-7.486730675273497 * (-3.282722642559414 + (1.6493480484584218 * x_1))) - ((-2.835642105478974 * (-3.3150879840966465 + (1.6834333936891284 * x_3))) - (7.650625033478542 * (-3.3150879840966465 + (1.6834333936891284 * x_3))))))))))
feynman_II_10_9,ok,3,64,2,BFGS,0.9790889045353814,0.031456105742476245,96,58.76,,0.0,(0.05884871254733587 + ((0.5444009193792143 * (((0.529206084266689 * (-2.4407479823350755 + (0.8808833990454653 * x_0))) - (1.4218663313225592 * sin((4.35494249973368 + (-0.6451632226779038 * (-2.595419809290695 + (0.8588576606135521 * x_1))))))) * (0.5018480382196404 * exp(((-0.38825128370368156 * (-2.6474767240232993 + (0.8825746761428329 * x_2))) - ((1.6009176736576962 * sin((0.8708909006512453 + (0.5042491986712203 * (-2.595419809290695 + (0.8588576606135521 * x_1)))))) - ((1.5471400314334236 * sin((1.1453160880330726 + (-0.2903785798971872 * (-2.595419809290695 + (0.8588576606135521 * x_1)))))) - sin((0.8953603503218828 + (-0.700212904791599 * (-2.595419809290695 + (0.8588576606135521 * x_1)))))))))))) - ((1.0356205958007827 * sin((1.0340000195993588 + (-1.2954304691558463 * (-2.595419809290695 + (0.8588576606135521 * x_1)))))) - sin((1.0264595656651938 + (-1.2857047729121196 * (-2.595419809290695 + (0.8588576606135521 * x_1))))))))
feynman_II_11_20,ok,5,64,2,BFGS,0.7156505838436682,3.9361035492424077,110,265.73,,0.0,(0.7363202130853352 + (exp((1.6314771860505104 + (-1.074021888337629 * (-2.6316919296321113 + (0.8710897992152611 * x_3))))) * ((13.180454116454456 * exp(((0.5279101387362422 * sin((2.9266830667458272 + (-0.8921467860357435 * (-2.6316919296321113 + (0.8710897992152611 * x_3)))))) - ((2.2495594167817776 * (((1.0701549090831222 + (0.003038814870774304 * (-2.6316919296321113 + (0.8710897992152611 * x_3)))))**3 * (((0.7138804361054021 * (-2.539565017471692 + (0.8482516330389377 * x_2))) - ((0.8868695612740112 * (-2.539565017471692 + (0.8482516330389377 * x_2))) - (1.6777829304092347 * sin((0.8551750857446727 + (-0.02679521595911266 * (-2.594902082535144 + (0.8534005543784765 * x_1)))))))) - (1.0581658215739322 * (-2.594902082535144 + (0.8534005543784765 * x_1)))))) - (((0.36291969909890653 * (-2.4569814526637677 + (0.8240340107265285 * x_0))) - (1.1196224677676359 * (-2.594902082535144 + (0.8534005543784765 * x_1)))) - (1.09020178279166 * (-2.594902082535144 + (0.8534005543784765 * x_1)))))))) - (-0.03763856506547836 * (-2.594902082535144 + (0.8534005543784765 * x_1))))))
feynman_II_11_27,ok,4,32,1,BFGS,0.9138018276339871,0.17025639128444225,87,13.34,,0.0,(0.06429525614357173 + (((0.06436280083297058 * (-5.0422201628750365 + (3.42921855514138 * x_3))) - (((((1.2770357964379482 * (-1.648775206320855 + (3.466849046719344 * x_0))) - (1.2291639577487898 * (-1.648775206320855 + (3.466849046719344 * x_0)))) - (-1.906231771526536 + (-1.1894785732947 * (-1.7252785901711232 + (3.536305764059484 * x_1))))) - (3.371854216945507 * (-1.7252785901711232 + (3.536305764059484 * x_1)))) - ((0.08216060814833842 * (-1.648775206320855 + (3.466849046719344 * x_0))) - (-2.1500435289103503 + (2.0150817871795765 * (-1.7252785901711232 + (3.536305764059484 * x_1))))))) * (((1.0343280131008137 * (-1.648775206320855 + (3.466849046719344 * x_0))) - (-0.31060111829906023 * (-1.648775206320855 + (3.466849046719344 * x_0)))) - (-1.8090062969815495 + (-0.25123430379547024 * (-1.7252785901711232 + (3.536305764059484 * x_1)))))))
feynman_II_11_28,ok,2,32,1,BFGS,0.9977658562012182,0.014501744603804378,68,8.55,,0.0,(0.9525529597670234 + (((2.868899498112287 * (-1.6870985985358635 + (3.439169193273224 * x_0))) - (6.195361089716677 * ((-0.3790180158078788 + (0.0032537798507997553 * ((-1.6870985985358635 + (3.439169193273224 * x_0)) * (-4.240261919386855 + (-13.737899508748178 * (-1.8075189031076848 + (3.462610195906584 * x_1))))))))**3)) - ((2.712007553593094 * (-1.6870985985358635 + (3.439169193273224 * x_0))) - (14.591331187639447 * ((-1.8075189031076848 + (3.462610195906584 * x_1)) * (0.011881343876715942 + (1.6338506847067492e-05 * ((-1.8075189031076848 + (3.462610195906584 * x_1)) * (2.426524138867646 + (6.084287994282253 * (-1.8075189031076848 + (3.462610195906584 * x_1))))))))))))
feynman_II_11_3,ok,5,32,1,BFGS,0.9280390013302438,0.034153284511075764,77,21.87,,0.0,(0.05391726268715859 + ((-0.1703679591912161 * (exp((-2.105930274247573 + (-0.45009805889793186 * (-6.973914079319447 + (1.7326948094237948 * x_3))))) * ((0.37311372552519695 * ((-0.6134276435410828 + (-0.13437641982285264 * (-6.973914079319447 + (1.7326948094237948 * x_3)))))**3) - (((1.3440204564338343 * (-3.4858296098647474 + (1.725550340478727 * x_0))) - (0.40878749178968743 * ((-1.7806653095493217 + (0.5778792004538491 * (-3.4159175484317243 + (1.6763635427586012 * x_2)))))**3)) - (-2.1602869424289466 * (-3.639820054101914 + (1.8353488983603912 * x_1))))))) - ((-0.017714647049275896 * (-3.4858296098647474 + (1.725550340478727 * x_0))) - (0.6994526574256223 * exp((-2.882496156053473 + (-0.7694630090364634 * (-6.973914079319447 + (1.7326948094237948 * x_3)))))))))
feynman_II_13_17,ok,4,64,2,BFGS,0.906535187283087,0.007844105413677697,103,56.00,,0.0,(0.004365188296087487 + (exp((-1.7690032257139774 + (-0.5778480986297917 * (-2.753414723144747 + (0.8791399948500996 * x_1))))) * ((0.01701774425343873 * exp((-1.401864799096665 + (-0.9692659974105018 * (-2.753414723144747 + (0.8791399948500996 * x_1)))))) - ((-0.5668309656259316 * (exp((-2.9054971806989895 + (-0.5306022768541405 * (-2.753414723144747 + (0.8791399948500996 * x_1))))) * (((((-1.755437153000881 * (-2.7051143752950964 + (0.8640897171000568 * x_0))) - (-1.1442737076210072 * (-2.7051143752950964 + (0.8640897171000568 * x_0)))) - (-0.7644428621791026 * (-2.652627881283846 + (0.864138855771416 * x_2)))) - (0.6047872089058259 * (-2.4024694168052316 + (0.8219116109543148 * x_3)))) - (exp((-0.906322414357608 + (0.5295635890333814 * (-2.753414723144747 + (0.8791399948500996 * x_1))))) * exp((-1.167425906242721 + (-1.0011846578608408 * (-2.753414723144747 + (0.8791399948500996 * x_1))))))))) - exp((-4.003418042999209 + (-1.0716735035529354 * (-2.753414723144747 + (0.8791399948500996 * x_1)))))))))
feynman_II_13_23,ok,3,32,1,BFGS,0.9942220282076307,0.09006819469025387,50,24.91,,0.0,(2.649042420199298 + (((3.4490025978445145 * (-2.6798415562573763 + (0.9000715575381649 * x_0))) - (-1.6286622305380036 + (1.8239627514980654 * (-2.6798415562573763 + (0.9000715575381649 * x_0))))) - (0.2987248298717985 * (sin((-1.3152208273730466 + (-0.3484320793419947 * (-3.3391022807239796 + (0.5111737659041323 * x_2))))) * ((-0.39174078817824 * (-2.6798415562573763 + (0.9000715575381649 * x_0))) - (4.2758284175403904 + (1.3384879066746787 * (-2.6798415562573763 + (0.9000715575381649 * x_0)))))))))
feynman_II_13_34,ok,3,32,1,BFGS,0.9866541577121851,0.23509954975958613,83,13.49,,0.0,(3.1035936658151506 + ((((1.304405515963155 * (-2.635228193647432 + (0.8916572161096509 * x_0))) - (((1.1493277420385293 * (-4.940481638693344 + (3.3437624554237626 * x_1))) - (((1.9995548582205398 * (-2.635228193647432 + (0.8916572161096509 * x_0))) - (0.36639007432588633 * sin((1.3053300513978021 + (1.534256587285424 * (-4.940481638693344 + (3.3437624554237626 * x_1))))))) - ((1.2993787634413234 * (-2.635228193647432 + (0.8916572161096509 * x_0))) - (1.166133251077071 * sin((1.5198237400854113 + (0.7972490609832921 * (-4.940481638693344 + (3.3437624554237626 * x_1))))))))) - (1.6196473300241552 * (-4.940481638693344 + (3.3437624554237626 * x_1))))) - (-2.635228193647432 + (0.8916572161096509 * x_0))) * (1.7405355228547021 + (0.36097235737429 * (-4.940481638693344 + (3.3437624554237626 * x_1))))))
feynman_II_15_4,ok,3,32,1,BFGS,0.9807171282370102,0.731985811777385,66,9.34,,0.0,(0.8792994377297336 + ((((0.04073628602686025 * (-2.555131165694161 + (0.8589482126346254 * x_0))) - ((14.30115713962175 * sin((1.4241463470066198 + (1.380542432753321 * (-2.5228635593411757 + (0.8363867496115811 * x_2)))))) - ((0.407001167514242 * (-2.555131165694161 + (0.8589482126346254 * x_0))) - (0.8698870351237564 + (1.414794041794794 * (-2.555131165694161 + (0.8589482126346254 * x_0))))))) - (1.270855857484066 * (-2.6459797016564632 + (0.8727188941478409 * x_1)))) * ((-0.19991593437240823 * (-2.555131165694161 + (0.8589482126346254 * x_0))) - (0.5200922863352475 + (0.18690244334310135 * (-2.6459797016564632 + (0.8727188941478409 * x_1)))))))
feynman_II_15_5,ok,3,128,3,BFGS,0.9545076197127548,1.0937316801455395,64,57.99,,0.0,(-0.7336861206255096 + (((1.5458538852189188 * (-2.623128343020264 + (0.8714830687709064 * x_0))) - ((1.6011228483474622 * (-2.623128343020264 + (0.8714830687709064 * x_0))) - (-1.8439414166312913 + (2.752873332217213 * ((-2.7404864706467325 + (0.873550869340621 * x_2)) * sin((-0.006760736778189436 + (0.3390100593876417 * (-2.7404864706467325 + (0.873550869340621 * x_2)))))))))) * (((0.358913199538033 * (-2.623128343020264 + (0.8714830687709064 * x_0))) - (2.0872670003080884 * (-2.623128343020264 + (0.8714830687709064 * x_0)))) - (5.085593598608144 + (1.4097641666584586 * (-2.516678448150414 + (0.8505212082765151 * x_1)))))))
feynman_II_21_32,ok,5,32,1,BFGS,0.9103455457372805,0.01268410123840841,81,15.29,,0.0,(0.03798674185115243 + ((exp((-1.2670505515520287 + (-1.801579111594986 * (-2.6284161408483433 + (0.8564019147978089 * x_1))))) * exp((0.018951654109223975 + (-1.0553612559919099 * ((4.100253651015851 * sin((1.1629426828615452 + (0.18694186087698167 * (-2.593522633521764 + (0.8605783448462752 * x_2)))))) - (1.215056545714563 * (-2.6284161408483433 + (0.8564019147978089 * x_1)))))))) * ((3.476022265397651 * ((-2.593522633521764 + (0.8605783448462752 * x_2)) * ((-0.962781939573158 + (-0.08168768426591438 * (-2.6284161408483433 + (0.8564019147978089 * x_1)))))**3)) - ((2.643964275221192 * (-2.6284161408483433 + (0.8564019147978089 * x_1))) - ((3.0583674290077525 * (-2.66672674421076 + (0.8799980575686334 * x_0))) - (-0.2849722808355162 * (-2.6284161408483433 + (0.8564019147978089 * x_1))))))))
feynman_II_24_17,ok,3,32,1,BFGS,0.9894415088159962,0.0888792164423698,87,15.10,,0.0,(1.4359103989548274 + ((0.015758545331402286 * ((-5.098632543293196 + (3.429833828411375 * x_1)) * ((((-2.6097180328477885 * (-8.642683837968443 + (1.736310748726112 * x_0))) - ((-5.098632543293196 + (3.429833828411375 * x_1)) * (-5.098632543293196 + (3.429833828411375 * x_1)))) - (-5.098632543293196 + (3.429833828411375 * x_1))) - (((-2.914133875788432 * (-8.642683837968443 + (1.736310748726112 * x_0))) - (-3.247356878011646 + (-5.0463397069269575 * (-8.642683837968443 + (1.736310748726112 * x_0))))) - (10.21511290567588 * (-5.098632543293196 + (3.429833828411375 * x_1))))))) - ((1.4406578795851899 * (-5.098632543293196 + (3.429833828411375 * x_1))) - ((0.42543564944631734 * (-8.642683837968443 + (1.736310748726112 * x_0))) - (-1.703095032515392 + (-0.7674548236278691 * (-5.098632543293196 + (3.429833828411375 * x_1))))))))
feynman_II_27_16,ok,3,256,4,BFGS,0.7782677376606972,41.945881877382256,73,157.59,,0.0,(-28.07837392538306 + ((9.598379018502925 * (((-0.6785189225243426 * (-2.596743687374026 + (0.8682775866518997 * x_0))) - (2.184527295357622 + (-0.23066029514553466 * (-2.587341142699831 + (0.8786098444979417 * x_2))))) * (((0.19364581249235568 * (-2.596743687374026 + (0.8682775866518997 * x_0))) - (5.1548446766044655 + (1.2083363179021358 * (-2.587341142699831 + (0.8786098444979417 * x_2))))) - ((0.6068370679187367 * ((-2.587341142699831 + (0.8786098444979417 * x_2)) * (5.633954577631069 + (1.40264231919513 * (-2.587341142699831 + (0.8786098444979417 * x_2)))))) - (-2.587341142699831 + (0.8786098444979417 * x_2)))))) - (-3.376470582030249 + (1.3119361819352284 * (-2.587341142699831 + (0.8786098444979417 * x_2))))))
feynman_II_27_18,ok,2,32,1,BFGS,0.9999999992755768,0.0005988131461143115,53,10.90,,0.0,(-0.002869221225385972 + (((0.5803561180416266 + (0.20886126696348756 * (-2.778749929216607 + (0.9202757116769661 * x_1)))))**2 * ((3.210423116226165 * (-2.778749929216607 + (0.9202757116769661 * x_1))) - (1.9651266276484265 * ((-8.853846443695108 * ((2.206116320239062 + (-0.016842369362228327 * (-2.778749929216607 + (0.9202757116769661 * x_1)))))**2) - ((14.78966786714782 * (-2.854039588936294 + (0.9313688748574931 * x_0))) - (0.8758225229665955 + (0.9818915960506742 * (-2.778749929216607 + (0.9202757116769661 * x_1))))))))))
feynman_II_2_42,ok,5,64,2,BFGS,0.9144860414607098,2.3410075359775995,97,58.55,,0.0,(0.36629183651004393 + (exp((0.6667585579878565 + (-0.4799915138694507 * (-2.56184837158364 + (0.8868667655691996 * x_4))))) * (((1.9449996611703053 * (-2.47728704926582 + (0.8237116622497856 * x_2))) - (0.6446057415165933 * (-2.4653835903384924 + (0.8610943117784253 * x_1)))) - (1.0030812112649679 * ((((3.3716972001224104 * (-2.47728704926582 + (0.8237116622497856 * x_2))) - ((0.5560520523807764 * (-2.47728704926582 + (0.8237116622497856 * x_2))) - ((2.0727994795175606 * ((0.9734047789480438 + (0.003223928753700086 * (-2.56184837158364 + (0.8868667655691996 * x_4)))))**3) - (((2.763306045126004 * (-2.47728704926582 + (0.8237116622497856 * x_2))) - (-0.15016882234959802 * (-2.4653835903384924 + (0.8610943117784253 * x_1)))) - (-2.5324236435326513 + (0.8576874007117519 * x_0)))))) - (0.41851261521744104 + (-0.9512473854212617 * (-2.8444438062869346 + (0.9035352009803069 * x_3))))) * (-2.4653835903384924 + (0.8610943117784253 * x_1)))))))
feynman_II_34_11,ok,4,128,3,BFGS,0.9423720113605065,1.2149666255874068,117,113.82,,0.0,(0.8095616898061397 + ((1.9574646661415294 * (((4.181264620712973 * sin((-2.483270332845792 + (-0.20338670776264345 * (-2.624623356535676 + (0.8656711223164797 * x_3)))))) - (((1.0662746466445223 * (-2.4185743585385087 + (0.8288773353226235 * x_0))) - (-0.5699397728964382 * (-2.546466339622496 + (0.8415241486134336 * x_2)))) - ((-0.32725182323678936 * (-2.4185743585385087 + (0.8288773353226235 * x_0))) - (0.166664904972677 * (-2.624623356535676 + (0.8656711223164797 * x_3)))))) * ((((1.794398819545357 * sin((-0.5072189230121624 + (0.348259406699442 * (-2.624623356535676 + (0.8656711223164797 * x_3)))))) - ((1.072888898907184 * (-2.546466339622496 + (0.8415241486134336 * x_2))) - (0.5375843008448031 * sin((0.7938048276899214 + (-1.7410903172702978 * (-2.624623356535676 + (0.8656711223164797 * x_3)))))))) - (0.38172100801274667 * (-2.7443676432466564 + (0.9199324290158198 * x_1)))) - ((-0.6869376368269864 * (-2.546466339622496 + (0.8415241486134336 * x_2))) - (0.23839620795963395 * sin((-2.223185438180172 + (-2.552918152687501 * (-2.624623356535676 + (0.8656711223164797 * x_3)))))))))) - (-2.546466339622496 + (0.8415241486134336 * x_2))))
feynman_II_34_2,ok,3,32,1,BFGS,0.9870557984400865,1.305741267644241,55,12.15,,0.0,(3.4527637368010478 + (((0.1675471951256466 * (-2.6504816977325447 + (0.8726425668692686 * x_0))) - (-0.540348850288138 + (-0.2150336686190934 * (-2.593258549923045 + (0.8476444061960484 * x_2))))) * (((3.380505031120924 * (-2.593258549923045 + (0.8476444061960484 * x_2))) - ((-5.053944020423909 * (-2.6504816977325447 + (0.8726425668692686 * x_0))) - (-3.6887595767687156 + (2.705839730700108 * (-2.602940375995324 + (0.8496500991704193 * x_1)))))) - (-20.972294030187612 + (-7.62405413586564 * (-2.602940375995324 + (0.8496500991704193 * x_1)))))))
feynman_II_34_29a,ok,3,32,1,BFGS,0.9338253026559096,0.052757693609860594,79,12.67,,0.0,(0.4604209698252416 + ((-1.5368959467412453 * (((0.35216181237177424 * sin((-0.2605447441427101 + (0.21685493967705788 * (-2.5921353812207917 + (0.8811099449187398 * x_2)))))) - ((1.6216029500781666 * (-2.6340162306931827 + (0.8915777577347517 * x_0))) - (((1.4322558609657519 * (-2.6340162306931827 + (0.8915777577347517 * x_0))) - (2.1823800562203677 * sin((-1.2346006976747912 + (-0.4448772968224558 * (-2.5921353812207917 + (0.8811099449187398 * x_2))))))) - (0.21577644510273913 * (-2.614432269470226 + (0.8616494128817651 * x_1)))))) * (-0.1541932853750902 + (-2.130022487717061 * sin((-2.9034143102445316 + (-0.07221748322611013 * (-2.5921353812207917 + (0.8811099449187398 * x_2))))))))) - sin((-2.1620678464376004 + (-0.598890919940696 * (-2.5921353812207917 + (0.8811099449187398 * x_2)))))))
feynman_II_34_29b,ok,5,128,3,BFGS,0.8317556939518098,88.43084869773486,110,272.19,,0.0,(51.862783423266166 + (((0.98369611756819 * (-2.3522871959349114 + (0.8097388077046674 * x_4))) - ((-24.700147096276382 * (-2.5155816435325256 + (0.8566223922776196 * x_3))) - ((((32.30997555582685 * exp(((0.4823136027630649 * (-2.3522871959349114 + (0.8097388077046674 * x_4))) - (2.2842390095806264 * sin((0.668447005074182 + (0.4086794107421663 * (-2.580173613126937 + (0.8625475822840215 * x_1))))))))) - (2.498497702749309 * (-2.5155816435325256 + (0.8566223922776196 * x_3)))) - (17.536365580524233 * (-2.5155816435325256 + (0.8566223922776196 * x_3)))) - ((0.3017261627011508 + (0.5597632668964381 * (-2.5155816435325256 + (0.8566223922776196 * x_3)))))**3))) * ((((1.6028853018520133 * (-2.3522871959349114 + (0.8097388077046674 * x_4))) - (-4.276190886797281 * ((-1.584439585657921 + (-0.4183923047070046 * (-2.6979419603958954 + (0.9090787910735363 * x_2)))))**2)) - (1.7137968023795827 * (-2.5155816435325256 + (0.8566223922776196 * x_3)))) - (28.559269819187776 * ((0.11680766256076458 + (-0.4354040446542906 * (-2.5155816435325256 + (0.8566223922776196 * x_3)))))**3))))
feynman_II_34_2a,ok,3,32,1,BFGS,0.9788321566656316,0.07034450487042193,94,16.97,,0.0,(0.4891545293520462 + ((((0.19083044492918305 * (-2.7480241256459648 + (0.9048374383921544 * x_0))) - (-0.0862366994936404 * (-2.5836604135273715 + (0.8398765027159596 * x_1)))) - ((0.10238756833833357 * (-2.7480241256459648 + (0.9048374383921544 * x_0))) - (0.2152837794265794 * sin((-0.028936269956187782 + (-0.47856360165318024 * (-2.595184874485386 + (0.8744180518029964 * x_2)))))))) * ((1.2692161374683995 * sin((-1.7289469826126904 + (0.8591416897074347 * (-2.595184874485386 + (0.8744180518029964 * x_2)))))) - (((-0.610212684871505 * ((-2.5836604135273715 + (0.8398765027159596 * x_1)) * sin((2.489666882239689 + (0.39293966429378757 * (-2.595184874485386 + (0.8744180518029964 * x_2))))))) - sin((-2.5257138132615315 + (-1.2229199623764053 * (-2.595184874485386 + (0.8744180518029964 * x_2)))))) - (5.552792551625039 * sin((0.7557269810635499 + (-0.38937613695975903 * (-2.595184874485386 + (0.8744180518029964 * x_2))))))))))
feynman_II_35_18,ok,5,128,3,BFGS,0.7357740908093853,0.1574680267734145,104,136.12,,0.0,(0.681572676351343 + ((-1.976400703262529 * (-3.273392609849695 + (1.652817435825319 * x_3))) - ((((1.1139778328163215 * ((-3.4918091935735216 + (1.6972309630916704 * x_0)) * (-1.0473483713458123 + (0.05129485410006568 * (-3.273392609849695 + (1.652817435825319 * x_3)))))) - ((-0.1181672356964236 * (-3.7134592839832528 + (1.8246293748275135 * x_4))) - (-0.3239928328941388 * sin((-0.23171720360401538 + (-0.8369259010448791 * (-3.273392609849695 + (1.652817435825319 * x_3)))))))) - ((((-1.5110031787161708 * (-3.579403689568145 + (1.7747930310678999 * x_2))) - (-2.535433021992322 * (-3.273392609849695 + (1.652817435825319 * x_3)))) - (-3.4918091935735216 + (1.6972309630916704 * x_0))) - (0.025824669937422842 + (-2.7002775693306917 * (-3.273392609849695 + (1.652817435825319 * x_3)))))) - ((-1.1245148285758861 * (-3.273392609849695 + (1.652817435825319 * x_3))) - ((-1.6438401486170249 * (-3.579403689568145 + (1.7747930310678999 * x_2))) - (-2.034521042414914 * (-3.273392609849695 + (1.652817435825319 * x_3))))))))
feynman_II_35_21,ok,5,256,4,BFGS,0.903772072784023,1.5156824597823124,93,151.11,,0.0,(-1.3914584846694071 + ((-0.7301857914693031 * (-2.658226127563016 + (0.8861982062595278 * x_3))) - (((-14.35988867070741 * (-2.6574893155775725 + (0.8639895682372307 * x_0))) - (-1.8213858985564295 + (-15.03415069991874 * (-2.6574893155775725 + (0.8639895682372307 * x_0))))) * ((2.6233162152484386 * (-2.585304710315294 + (0.8870094272288953 * x_1))) - (((7.406436433102439 * (-2.585304710315294 + (0.8870094272288953 * x_1))) - ((((0.5810765324706939 * (-2.7937445951572557 + (0.9077777236188819 * x_4))) - (-4.484539542913676 * (-2.585304710315294 + (0.8870094272288953 * x_1)))) - (6.567604849106107 * (-2.6574893155775725 + (0.8639895682372307 * x_0)))) - (4.556802209992698 + (6.573524420192692 * (-2.585304710315294 + (0.8870094272288953 * x_1)))))) - ((5.010390878259431 * (-2.585304710315294 + (0.8870094272288953 * x_1))) - (-6.911056365818986 * (-2.6574893155775725 + (0.8639895682372307 * x_0)))))))))
feynman_II_36_38,ok,8,256,4,BFGS,0.7705511808017069,0.4612467290035709,96,253.77,,0.0,(1.3212333592795522 + ((((7.548435951779668 * (-3.25539613447203 + (1.6780200106390297 * x_0))) - (10.125825900931826 * ((1.9080502349601662 * (-3.471793038256991 + (1.7179484625381287 * x_3))) - exp((-3.2574808747705424 + (1.0337502897342854 * (-3.471793038256991 + (1.7179484625381287 * x_3)))))))) - ((-3.4281012209358854 * exp((-4.938873991188577 + (-1.2261919648152049 * (-3.471793038256991 + (1.7179484625381287 * x_3)))))) - (((-3.468478812360922 * (-3.644144276541765 + (1.820082555589773 * x_2))) - (-4.321218866641747 * (-3.512647543149536 + (1.747231500909104 * x_1)))) - ((2.189766404360344 * (-3.644144276541765 + (1.820082555589773 * x_2))) - (11.937406256416406 * (-3.471793038256991 + (1.7179484625381287 * x_3))))))) * ((1.8584799608840714 * exp((-3.3067545964958427 + (-0.143971620022407 * (-3.644144276541765 + (1.820082555589773 * x_2)))))) - (0.01775067807841765 * (-3.471793038256991 + (1.7179484625381287 * x_3))))))
feynman_II_37_1,ok,3,32,1,BFGS,0.9699732899071545,4.061835438827775,94,22.39,,0.0,(-0.5569813197484357 + (abs((6.776016300878269 + (2.6854159930814796 * (-2.4748604028134427 + (0.8522855070971659 * x_0))))) * ((((((1.5354052990414888 * (-2.5838719309788227 + (0.8503387114696592 * x_2))) - (-2.4748604028134427 + (0.8522855070971659 * x_0))) - (-7.456564748226921 + (1.5290494011104272 * (-2.624301235128215 + (0.8456908079177562 * x_1))))) - ((((-1.730753223241229 * (-2.4748604028134427 + (0.8522855070971659 * x_0))) - (1.9129431345479646 * (-2.4748604028134427 + (0.8522855070971659 * x_0)))) - (3.7158103420045387 * (-2.624301235128215 + (0.8456908079177562 * x_1)))) - ((-1.637290019628705 * (-2.4748604028134427 + (0.8522855070971659 * x_0))) - (1.5293177660670338 + (2.0733263488241964 * (-2.624301235128215 + (0.8456908079177562 * x_1))))))) - (-2.4748604028134427 + (0.8522855070971659 * x_0))) - (0.46179066735328844 + (-1.9917185904169514 * (-2.624301235128215 + (0.8456908079177562 * x_1)))))))
feynman_II_38_14,ok,2,32,1,BFGS,0.9995917367233528,0.0045914426755455364,69,21.94,,0.0,(0.40107149296869027 + ((1.1614454304602897 * sin((-0.9513243749873772 + (-0.620562303118142 * (-2.680159988684729 + (0.8643223760263921 * x_1)))))) - ((1.0735567694794992 * sin((-0.9159607890868582 + (-0.760335498529896 * (-2.680159988684729 + (0.8643223760263921 * x_1)))))) - (((1.338626263191209 * (-2.5507774690309435 + (0.8335657750653932 * x_0))) - (-0.9266683560586291 + (1.2322860094518013 * ((-2.5507774690309435 + (0.8335657750653932 * x_0)) * sin((1.316384758382954 + (0.15877949219975462 * (-2.680159988684729 + (0.8643223760263921 * x_1))))))))) - (0.9435703872720942 * sin((1.9930601853439018 + (-0.46254807464355974 * (-2.680159988684729 + (0.8643223760263921 * x_1))))))))))
feynman_II_38_3,ok,4,32,1,BFGS,0.9567121753312494,1.8424614699857493,122,27.99,,0.0,(2.9692827864699285 + ((((-0.856753033032383 * exp((-0.34605875740839964 + (0.1250915473424783 * (-2.697549234125539 + (0.8870470474820004 * x_2)))))) - (0.10901846423905551 + (2.8580128521329082 * (-2.616783341122097 + (0.8781832314186395 * x_3))))) - ((1.4350766385646807 * exp((-0.20406656733216627 + (-0.7373162810333855 * (-2.697549234125539 + (0.8870470474820004 * x_2)))))) - (2.030766501031053 * (-2.616783341122097 + (0.8781832314186395 * x_3))))) * (((((((0.5905222064478137 * (-2.495679074949545 + (0.8362537246328503 * x_0))) - (2.4506039222662763 * (-2.495679074949545 + (0.8362537246328503 * x_0)))) - (3.9822015520625174 * (-2.5857619137828576 + (0.8827117374437846 * x_1)))) - ((1.9754974788198276 * (-2.616783341122097 + (0.8781832314186395 * x_3))) - (0.38717467412957673 * (-2.5857619137828576 + (0.8827117374437846 * x_1))))) - (-1.9335166111446216 * (-2.5857619137828576 + (0.8827117374437846 * x_1)))) - (19.800349178991468 * exp((-2.0114323047489737 + (-0.24688590042364683 * (-2.697549234125539 + (0.8870470474820004 * x_2))))))) - ((0.4398826699840049 * (-2.616783341122097 + (0.8781832314186395 * x_3))) - (1.7839106834472767 * (-2.616783341122097 + (0.8781832314186395 * x_3)))))))
feynman_II_3_24,ok,2,32,1,BFGS,0.996553133983981,0.003417466551938793,59,11.60,,0.0,(0.005129936603441222 + (exp((-5.633688975085087 + (-1.5106295289578942 * (-2.4932298491024527 + (0.8505516213027529 * x_1))))) * ((1.997957334421132 * ((1.700810441523244 + (2.936893794421117 * (sin((-0.028899398537315997 + (-0.062176595629571174 * (-2.4932298491024527 + (0.8505516213027529 * x_1))))) * sin((-2.226162073671577 + (0.695754392534117 * (-2.4932298491024527 + (0.8505516213027529 * x_1)))))))))**3) - ((-1.976689897548918 * (-2.5176695361224137 + (0.8572007920001259 * x_0))) - (-4.722848684315364 + (0.4548069538008416 * (-2.4932298491024527 + (0.8505516213027529 * x_1))))))))
feynman_II_4_23,ok,3,64,2,BFGS,0.916750712082156,0.009940805607125998,54,51.73,,0.0,(1.8382375157293107 + ((1.8105046074980677 * sin((-1.6318948659344317 + (0.06099562970120423 * (-2.833389203949172 + (0.92120344499104 * x_2)))))) - (exp((-3.841055730009886 + (-0.7539987392859248 * (-2.6450480349990975 + (0.875105235568507 * x_1))))) * ((-0.626468583273915 * sin((-0.7827217982725607 + (-0.8162017442841658 * (-2.833389203949172 + (0.92120344499104 * x_2)))))) - ((0.46665299160467877 * (-2.726174070301242 + (0.8855813319350537 * x_0))) - (0.6054962338370383 * (-2.6450480349990975 + (0.875105235568507 * x_1))))))))
feynman_II_6_11,ok,4,128,3,BFGS,0.8929692178938347,0.00638788425314049,75,208.78,,0.0,(-0.0006689578777660727 + (exp((-4.040083035137823 + (-0.6238638146685931 * (-3.466501049439632 + (1.7135096701193169 * x_3))))) * (((1.7378431371498104 * exp((0.22760107957904246 + (-0.33235397325037125 * (-3.473970884806541 + (1.7576736275678213 * x_0)))))) - (0.32248814301320183 * (-3.423012712168896 + (1.7317141236151294 * x_2)))) * (((2.643405109507207 * ((0.0022400480700711352 + (0.18805300467998765 * (-3.423012712168896 + (1.7317141236151294 * x_2)))))**3) - (0.7588656407616916 * (-3.423012712168896 + (1.7317141236151294 * x_2)))) - ((0.6928484480475389 * sin((-3.4620323756853733 + (0.00863772740408023 * (-3.466501049439632 + (1.7135096701193169 * x_3)))))) - (0.4237492681225583 * (-3.423012712168896 + (1.7317141236151294 * x_2))))))))
feynman_II_6_15a,ok,6,64,2,BFGS,0.9015213627481882,0.11379112212594336,115,60.88,,0.0,(0.02894776977072508 + (exp(((-3.4872354909907166 * (-3.5442362624045955 + (1.7290625791858034 * x_2))) - (6.35513611783594 * cos((0.1731486807200222 + (0.2423359456170232 * (-3.5442362624045955 + (1.7290625791858034 * x_2)))))))) * ((((0.1260028853995787 * (-3.3402239085436296 + (1.6902763339957814 * x_0))) - (0.003645221117977975 * ((-3.5442362624045955 + (1.7290625791858034 * x_2)) * (exp((-1.2647012014337595 + (-1.5187245509297673 * (-3.5442362624045955 + (1.7290625791858034 * x_2))))) * ((0.37844927787588234 * (-3.5442362624045955 + (1.7290625791858034 * x_2))) - exp((-1.1495372135713704 + (-2.975616308529556 * (-3.5442362624045955 + (1.7290625791858034 * x_2)))))))))) - (((0.37620059238569814 * (-3.3402239085436296 + (1.6902763339957814 * x_0))) - (1.1458138173203078 + (0.7646720596232264 * (-3.5442362624045955 + (1.7290625791858034 * x_2))))) - ((-3.5442362624045955 + (1.7290625791858034 * x_2)) * (-3.4212794043995127 + (1.7310890036930104 * x_1))))) - ((1.8091351743766042 * (-3.5442362624045955 + (1.7290625791858034 * x_2))) - (2.399294270409727 * (-3.4212794043995127 + (1.7310890036930104 * x_1)))))))
feynman_II_6_15b,ok,4,128,3,BFGS,0.8495481944483513,0.011949025021003336,57,184.14,,0.0,(-0.006978772157035046 + (((-0.09998049629629097 + (0.09510169753183897 * (-3.6124386164696762 + (1.7575565979989267 * x_3)))))**3 * ((((2.8320999754294114 * (-3.574168123804971 + (1.7856360285208566 * x_2))) - (2.134755237722884 * ((-3.574168123804971 + (1.7856360285208566 * x_2)) * (-3.574168123804971 + (1.7856360285208566 * x_2))))) - (0.030687601853048946 * ((-0.388387171229051 + (2.5849099328824408 * (-3.5132747487246787 + (1.7460712803704583 * x_0)))))**3)) - (0.47470509809985406 + (2.644979048396991 * (-3.6124386164696762 + (1.7575565979989267 * x_3)))))))
feynman_II_8_31,ok,2,32,1,BFGS,0.9999999999999984,5.05174879260842e-07,78,9.38,,0.0,(9.262771667577637e-07 + (((-4.044491792036764e-07 * (-2.653907254924258 + (0.8509274823888617 * x_1))) - (4.230571196227311 * ((1.4640656654105224 + (0.5516641604050905 * (-2.653907254924258 + (0.8509274823888617 * x_1)))))**2)) * ((3.2513421202766537 * (-2.653907254924258 + (0.8509274823888617 * x_1))) - ((1.2601007101453265 * (-2.653907254924258 + (0.8509274823888617 * x_1))) - ((((-0.29740264707509584 * (-2.653907254924258 + (0.8509274823888617 * x_1))) - ((0.5927644560033074 * (-2.752389043981485 + (0.9048032319317431 * x_0))) - (1.4208416412909317 * (-2.653907254924258 + (0.8509274823888617 * x_1))))) - (-2.653907254924258 + (0.8509274823888617 * x_1))) - (1.6315182152416754 + (2.1146804875586636 * (-2.653907254924258 + (0.8509274823888617 * x_1)))))))))
feynman_II_8_7,ok,3,64,2,BFGS,0.9001314793218463,0.029182594349238276,64,41.85,,0.0,(0.015689095336765865 + (((-0.005964227293559649 * (-2.817692762706578 + (0.922060438168705 * x_0))) - (0.057946091651961754 * sin((0.2224443852945483 + (-0.14153714211606283 * (-2.669435878248962 + (0.9227695518217146 * x_2))))))) * ((0.40450993170488725 * sin((-3.162251892996368 + (-4.785710650282084 * (-2.669435878248962 + (0.9227695518217146 * x_2)))))) - (exp((-0.7082092533303571 + (-1.9305062950646616 * (-2.6690271729427253 + (0.8807282537045857 * x_1))))) - ((4.800576872653918 * (-2.817692762706578 + (0.922060438168705 * x_0))) - (1.8950551941989813 + (7.048766913528484 * (-2.817692762706578 + (0.922060438168705 * x_0)))))))))
feynman_I_10_7,ok,3,32,1,BFGS,0.9954449077595694,0.07985266367220989,74,16.47,,0.0,(6.2963452246312155 + ((0.0693671498741146 * (((2.0423862178871635 * (-2.588106740665522 + (0.887566173182724 * x_0))) - (1.7884207313268305 + (2.4098062236214823 * (sin((4.246573457033113 + (0.5264006516780546 * (-3.468260823868103 + (0.5144108989083627 * x_2))))) * ((-1.086344900706758 * (-2.588106740665522 + (0.887566173182724 * x_0))) - (2.427613626085971 * sin((1.0723989236179745 + (0.032429230839177065 * (-2.588106740665522 + (0.887566173182724 * x_0))))))))))) - (sin((0.35914631199259994 + (-0.011952366201023462 * (-2.588106740665522 + (0.887566173182724 * x_0))))) * (-2.588106740665522 + (0.887566173182724 * x_0))))) - (2.863111623472652 + (-1.2019958671620106 * (-2.588106740665522 + (0.887566173182724 * x_0))))))
feynman_I_11_19,ok,6,32,1,BFGS,0.931608303279174,2.4094579454594705,135,15.60,,0.0,(46.011755935792614 + ((((((0.4188067629897636 * ((-2.6471928306298094 + (0.885966881026239 * x_4)) * (-2.7479829985177977 + (0.8948864386578299 * x_3)))) - (((((-4.512671560416001 * (-2.4827020613216004 + (0.8474431728639252 * x_0))) - (-8.382027703012234 + (2.190168177722893 * (-2.4827020613216004 + (0.8474431728639252 * x_0))))) - (13.720087188968076 + (0.5496077850669234 * (-2.4909796979027035 + (0.8495365704084542 * x_1))))) - ((0.795462617851029 * (-2.676096923467062 + (0.9079286415109341 * x_2))) - (1.6378723494274647 * (-2.676096923467062 + (0.9079286415109341 * x_2))))) - (3.2197098752742175 * (-2.7479829985177977 + (0.8948864386578299 * x_3))))) - ((24.779042928137063 + (-4.195558597490324 * (-2.4909796979027035 + (0.8495365704084542 * x_1)))) - ((3.3731422673364104 * (-2.6471928306298094 + (0.885966881026239 * x_4))) - (7.29494655705207 * (-2.4827020613216004 + (0.8474431728639252 * x_0)))))) - (-0.6790125724320477 + (-3.7304211813665757 * (-2.695030893403317 + (0.8307952953518407 * x_5))))) - (1.2539287529142198 * (-2.4909796979027035 + (0.8495365704084542 * x_1)))) - (((-1.5415162037980876 * (-2.676096923467062 + (0.9079286415109341 * x_2))) - (2.836902678481364 * (-2.676096923467062 + (0.9079286415109341 * x_2)))) - (4.409620522024868 * (-2.4827020613216004 + (0.8474431728639252 * x_0))))))
feynman_I_12_1,ok,2,32,1,BFGS,0.9999999999999997,8.400933085789399e-08,47,7.97,,0.0,(-15.409857011541051 + ((6.819630752432484 * (((-1.79222365931296e-09 * (-2.566602023658053 + (0.8997949016063425 * x_0))) - (1.1881091929399723 + (0.41269116156201124 * (-2.878930580317207 + (0.928002407756839 * x_1))))) * ((2.735209340940806 * (-2.566602023658053 + (0.8997949016063425 * x_0))) - (2.9940164123714768 + (3.160730673473683 * (-2.566602023658053 + (0.8997949016063425 * x_0))))))) - (5.352632455461847 * (-2.878930580317207 + (0.928002407756839 * x_1)))))
feynman_I_12_11,ok,5,32,1,BFGS,0.9370703872655726,6.403865146326818,111,18.25,,0.0,(6.122333025206588 + (((-0.17653198548861843 * sin((-0.24969858274377593 + (1.045328862321448 * (-2.5860302835261004 + (0.8650529647164638 * x_4)))))) - (0.009626159580760664 * (-2.577161210079287 + (0.8594599513383012 * x_3)))) * ((((((446.35332579264355 * sin((0.3609531482088798 + (-0.2813345239465007 * (-2.5860302835261004 + (0.8650529647164638 * x_4)))))) - (0.6276059313099318 * (-2.577161210079287 + (0.8594599513383012 * x_3)))) - ((18.22057426561622 * (-2.7336069787470243 + (0.8973963259979115 * x_0))) - (-16.784657422772007 + (37.60967378630181 * (-2.6603944928985346 + (0.9006524322203873 * x_2)))))) - (-62.24968201461925 * (-2.577161210079287 + (0.8594599513383012 * x_3)))) - ((-126.54210916098396 * (-2.5860302835261004 + (0.8650529647164638 * x_4))) - (-2.4366400826689896 * (-2.577161210079287 + (0.8594599513383012 * x_3))))) - (((25.165050038079272 * (-2.5860302835261004 + (0.8650529647164638 * x_4))) - (84.00666838501056 * (-2.7336069787470243 + (0.8973963259979115 * x_0)))) - (30.389943446481936 + (22.614664853276295 * (-2.6603944928985346 + (0.9006524322203873 * x_2))))))))
feynman_I_12_2,ok,4,128,3,BFGS,0.9031289078096196,0.03670424319584474,55,85.74,,0.0,(0.03020536121899266 + (exp(((-1.3085578553483361 * (-2.5317902960514966 + (0.853150896025948 * x_3))) - ((0.22062906676341354 * sin((-1.8206537454744547 + (-3.022899297594954 * (-2.5317902960514966 + (0.853150896025948 * x_3)))))) - ((-0.7642056381548816 * (-2.556480029432039 + (0.8349043469624741 * x_2))) - (0.23377773779710864 * (-2.5317902960514966 + (0.853150896025948 * x_3))))))) * ((0.007770012190075865 * (-2.8539742313544565 + (0.9239149687966296 * x_0))) - (0.010328556958789672 * (-2.5317902960514966 + (0.853150896025948 * x_3))))))
feynman_I_12_4,ok,3,256,4,BFGS,0.9309412547207001,0.0064490230115426496,69,237.63,,0.0,(0.05078886197047425 + (exp((-2.491880322763741 + (-0.22515071977593004 * (-2.6386330449565643 + (0.8571845166463317 * x_2))))) * ((1.3316957598024013 * exp(((0.2736277751976024 * (-2.610281525456201 + (0.8563534632402007 * x_0))) - (2.6898307663858727 * sin((2.515142816541184 + (-0.18673517001457118 * (-2.6386330449565643 + (0.8571845166463317 * x_2))))))))) - ((0.33931370915212145 * ((-0.38844997354556754 + (0.13091635468668694 * ((-2.6386330449565643 + (0.8571845166463317 * x_2)) * (2.0146439756444723 + (-1.4812216951561101 * (-2.506670832800553 + (0.8357722543545856 * x_1))))))))**3) - (-0.8213127500802915 + (-0.06097013770126611 * (-2.6386330449565643 + (0.8571845166463317 * x_2))))))))
feynman_I_12_5,ok,2,32,1,BFGS,0.9999999999999999,4.51883419818586e-08,63,8.95,,0.0,(1.8896765046142705 + (((26.8430162182813 * (-2.643473215745853 + (0.8815481695584527 * x_0))) - (1.1882584150592894 * (((((5.836267519910706 * (-2.643473215745853 + (0.8815481695584527 * x_0))) - (2.612186179210129 + (-2.916397244913174 * (-2.643473215745853 + (0.8815481695584527 * x_0))))) - (0.4297374926255712 * (-2.7429584544718253 + (0.9245535089554948 * x_1)))) - (-0.4297375137573552 * (-2.7429584544718253 + (0.9245535089554948 * x_1)))) * (2.257366984130779 + (-0.11796976598936959 * (-2.7429584544718253 + (0.9245535089554948 * x_1))))))) - (-3.6095449660340186 * (-2.7429584544718253 + (0.9245535089554948 * x_1)))))
feynman_I_13_12,ok,5,64,2,BFGS,0.8184950225717056,4.139054835053308,107,263.34,,0.0,(0.3207462774575156 + (((1.2860126391136424 * (-2.7093703865142946 + (0.8748960358981902 * x_2))) - (0.9943561281712667 * ((1.364003563179251 + (-0.21580462774548104 * (-2.5612832345666563 + (0.8379805705041466 * x_3)))))**3)) * (((1.2386783936627577 * ((1.7460993894652823 + (0.45181363336774805 * (-2.5612832345666563 + (0.8379805705041466 * x_3)))))**3) - ((1.192943218794933 * (-2.5612832345666563 + (0.8379805705041466 * x_3))) - (((1.3565939415082493 * (-2.7093703865142946 + (0.8748960358981902 * x_2))) - ((1.174657451994741 * (-2.7093703865142946 + (0.8748960358981902 * x_2))) - (0.09587849040792085 * (-2.5612832345666563 + (0.8379805705041466 * x_3))))) - ((1.7637905299258367 * ((1.5529180240902747 + (0.39926667186322495 * (-2.5612832345666563 + (0.8379805705041466 * x_3)))))**3) - (0.8924053108151613 * (-2.5612832345666563 + (0.8379805705041466 * x_3))))))) * ((0.2170907055492084 * (-2.7093703865142946 + (0.8748960358981902 * x_2))) - ((2.0603416027103165 + (0.3065900070240173 * (-2.668801708030412 + (0.8819198439156285 * x_0)))))**3))))
feynman_I_13_4,ok,4,32,1,BFGS,0.9251715389747674,6.991045795671327,130,15.71,,0.0,(27.165140710089346 + (((14.01748894339768 * ((-2.7370812263130415 + (0.902756266590703 * x_0)) * (1.6856664763206357 + (0.26791420792392184 * (-2.7370812263130415 + (0.902756266590703 * x_0)))))) - ((((11.70588723543431 * (((1.2460939551859207 + (-0.023873043807525765 * (-2.5379950056480767 + (0.8946994347622791 * x_3)))))**3 * ((1.8464346996566778 + (-0.0536851071443942 * (-2.548140169947589 + (0.8525284766606351 * x_2)))))**3)) - (1.1260797883488567 * (-2.5379950056480767 + (0.8946994347622791 * x_3)))) - ((11.387307945364107 * (-2.548140169947589 + (0.8525284766606351 * x_2))) - (((15.015693359582663 * (-2.7370812263130415 + (0.902756266590703 * x_0))) - (20.743284540487977 * exp((2.1609448976423815 + (-0.09349920829443886 * (-2.548140169947589 + (0.8525284766606351 * x_2))))))) - ((24.316753877335003 * (-2.7370812263130415 + (0.902756266590703 * x_0))) - (9.693622531258043 * ((-0.16969686547789864 + (-0.4637383323237416 * (-2.548140169947589 + (0.8525284766606351 * x_2)))))**3))))) - (10.330214930659153 * (-2.6220737557332443 + (0.8728146501207767 * x_1))))) - ((23.354443618629873 * ((0.9478013795037588 + (0.25230639283987255 * (-2.7370812263130415 + (0.902756266590703 * x_0)))))**3) - (1.8278864293573713 * (-2.548140169947589 + (0.8525284766606351 * x_2))))))
feynman_I_14_3,ok,3,32,1,BFGS,0.9756863474899564,2.8692973385525957,45,8.20,,0.0,(4.398285751817217 + ((3.1197359004534984 * (((-0.6879350703405218 * (-2.428453058567591 + (0.8889549158624802 * x_0))) - (2.520342815042926 + (1.2028221382941546 * (-2.6760694322662943 + (0.8805989180487918 * x_1))))) * ((-0.720799695668124 * (-2.428453058567591 + (0.8889549158624802 * x_0))) - (2.5060662680600765 + (1.2117886787098022 * (-2.722875886256813 + (0.8863816221636266 * x_2))))))) - (-2.428453058567591 + (0.8889549158624802 * x_0))))
feynman_I_14_4,ok,2,32,1,BFGS,0.9999999999999956,8.810264580240565e-07,79,11.91,,0.0,(-4.4446796953526966e-07 + (((-4.692835285804806 * (-2.630906588185309 + (0.8633123577016952 * x_1))) - ((1.1323865263949628 * ((-2.630906588185309 + (0.8633123577016952 * x_1)) * ((0.8059425465862219 * (-2.630906588185309 + (0.8633123577016952 * x_1))) - (2.3805505398306797 + (0.09684611008777713 * (-2.630906588185309 + (0.8633123577016952 * x_1))))))) - ((1.6174083950843208 * (-2.630906588185309 + (0.8633123577016952 * x_1))) - (5.557903366013237 + (3.8453620755674436 * (-2.630906588185309 + (0.8633123577016952 * x_1))))))) * (((-0.9476713166731114 * (-2.626437502441532 + (0.8816095514609437 * x_0))) - (-1.6317724338170532 * (-2.630906588185309 + (0.8633123577016952 * x_1)))) - (2.4889993073252135 + (1.631772447106147 * (-2.630906588185309 + (0.8633123577016952 * x_1)))))))
feynman_I_15_10,ok,3,32,1,BFGS,0.9861929814461201,0.23701692116706646,98,20.29,,0.0,(4.770994832934296 + ((0.06232382806719607 * (((-2.2018232637960535 * (-2.644856021421248 + (0.8646173589431646 * x_0))) - (-0.4352786308309521 * (-2.644856021421248 + (0.8646173589431646 * x_0)))) * (((-1.0200396099892814 * (-2.644856021421248 + (0.8646173589431646 * x_0))) - (4.962840113428275 + (0.9615798446416813 * (-2.644856021421248 + (0.8646173589431646 * x_0))))) - (((4.296673848115907 * (-2.644856021421248 + (0.8646173589431646 * x_0))) - (2.1418926738887865 + (6.0079368033261655 * (-2.644856021421248 + (0.8646173589431646 * x_0))))) - ((0.6509643333601522 * sin((-2.156173921513399 + (3.2776981420687026 * ((-5.457180456861609 + (3.6446002602554834 * x_1)) * (-5.457180456861609 + (3.6446002602554834 * x_1))))))) - (3.275641525034117 * (-5.457180456861609 + (3.6446002602554834 * x_1)))))))) - ((-1.4840873380691488 * (-2.644856021421248 + (0.8646173589431646 * x_0))) - (0.9520095228824099 * (-5.457180456861609 + (3.6446002602554834 * x_1))))))
feynman_I_15_3t,ok,4,32,1,BFGS,0.9966301054479564,0.06998751737246156,71,24.77,,0.0,(15.048997132359641 + ((0.07339069530576596 * (-2.419137422785296 + (0.862311797425404 * x_3))) - ((0.6375870112960449 * (((-2.9290251929764075 + (0.9917994270325623 * (((0.5615611649243565 + (-0.0011647642830354223 * (-3.34115030979141 + (0.5107587437264599 * x_1)))))**3 * (-2.7096162980653453 + (0.08310181130983757 * (-2.419137422785296 + (0.862311797425404 * x_3))))))))**2 * (((-0.7069892010460455 * (-2.419137422785296 + (0.862311797425404 * x_3))) - (-0.0071136953306915815 * (-2.717105569629776 + (0.8849901747612658 * x_0)))) - (-1.6621200448749731 + (-0.7441923114622611 * (-2.419137422785296 + (0.862311797425404 * x_3))))))) - (1.302387648364891 * (-2.419137422785296 + (0.862311797425404 * x_3))))))
feynman_I_15_3x,ok,4,32,1,BFGS,0.977029334392686,0.24949366070419415,106,12.20,,0.0,(8.07589931059897 + ((1.0954695185855425 * (-5.31046149851653 + (0.7020053706524357 * x_0))) - (((-3.3239459055250618 * (-5.31046149851653 + (0.7020053706524357 * x_0))) - (6.127585225969144 + (-2.1931932347655145 * (-5.406940417278592 + (3.651746841581515 * x_3))))) - (((-4.453987056507799 * sin((1.65584833426401 + (0.12969311728567606 * ((-5.406940417278592 + (3.651746841581515 * x_3)) * (-2.178268316616358 + (0.18522376390576137 * x_2))))))) - (((-0.4466997460795563 * (-5.31046149851653 + (0.7020053706524357 * x_0))) - (1.755812417381331 * (-5.406940417278592 + (3.651746841581515 * x_3)))) - ((((-0.06106280368408164 * (-5.31046149851653 + (0.7020053706524357 * x_0))) - (1.9175859703657325 + (1.3950950940506264 * (-5.31046149851653 + (0.7020053706524357 * x_0))))) - (1.93858488112964 * (-5.31046149851653 + (0.7020053706524357 * x_0)))) - (2.419927816076272 + (-1.320131027042628 * (-5.10499948290293 + (3.3738543444755535 * x_1))))))) - (1.7195666994901804 * (-5.10499948290293 + (3.3738543444755535 * x_1)))))))
feynman_I_16_6,ok,3,32,1,BFGS,0.952680385078753,0.26151332639306574,106,14.92,,0.0,(2.788624159507304 + ((0.19023736017050796 * (sin((-3.092511066804512 + (0.4220057527520278 * (-2.338683200901609 + (0.839476836958178 * x_0))))) * ((0.659998880220511 * (((((2.355263615003963 * (-2.338683200901609 + (0.839476836958178 * x_0))) - (0.4803917129059849 * (-2.338683200901609 + (0.839476836958178 * x_0)))) - ((3.0402387879070187 * (-2.338683200901609 + (0.839476836958178 * x_0))) - (1.0440655153360536 * (-2.338683200901609 + (0.839476836958178 * x_0))))) - (-0.14456657868839604 * (-2.338683200901609 + (0.839476836958178 * x_0)))) - (2.915884064451351 * (-2.550087265129937 + (0.8894335703382671 * x_1))))) - ((-1.3044108862147858 * (-2.338683200901609 + (0.839476836958178 * x_0))) - (-3.0495187808299713 + (1.315743531928693 * (-2.338683200901609 + (0.839476836958178 * x_0)))))))) - ((0.8644029290754847 * (-2.338683200901609 + (0.839476836958178 * x_0))) - ((0.6520948962567097 * (-2.338683200901609 + (0.839476836958178 * x_0))) - (-1.1690453874498887 * (-2.338683200901609 + (0.839476836958178 * x_0)))))))
feynman_I_18_12,ok,3,32,1,BFGS,0.9216468675568393,1.944432257936351,111,15.65,,0.0,(12.859039128267241 + ((-9.328055100727799 * sin((1.4202051507439295 + (0.6540561416275402 * (-1.725396682298155 + (0.6944642421502414 * x_2)))))) - (((-2.0566868206323816 * (-2.421696017227875 + (0.8519542273871007 * x_0))) - (-0.1524814412309772 * ((-1.725396682298155 + (0.6944642421502414 * x_2)) * (((1.5869944788081025 * (-2.421696017227875 + (0.8519542273871007 * x_0))) - (6.007632253929076 * ((((-2.096449279228543 * ((-1.725396682298155 + (0.6944642421502414 * x_2)) * sin((0.1462271891246771 + (1.1420404076772952 * (-2.421696017227875 + (0.8519542273871007 * x_0))))))) - (2.1262338220049246 * (-2.421696017227875 + (0.8519542273871007 * x_0)))) - (0.8767631155764652 + (4.154838392858284 * (-1.725396682298155 + (0.6944642421502414 * x_2))))) - (2.2616226074232904 * (-2.548286892362978 + (0.86026417115375 * x_1)))))) - (16.155023735197307 * sin((-4.666750327630249 + (2.276149362860311 * (-1.725396682298155 + (0.6944642421502414 * x_2)))))))))) - (4.446558003067663 * sin((0.32517154608275367 + (-2.16267194634733 * (-1.725396682298155 + (0.6944642421502414 * x_2)))))))))
feynman_I_18_14,ok,4,32,1,BFGS,0.931681489365854,6.6689247586381075,83,13.41,,0.0,(0.03962054358755081 + (((-2.7962163559154027 + (0.9041044335611569 * x_3)) * ((((5.966649640685313 * (-2.6000499735222258 + (0.8575648261012243 * x_0))) - (-0.9656320484692822 + (0.5982934119289468 * (-2.7962163559154027 + (0.9041044335611569 * x_3))))) - (((((0.287422811817423 * (-2.6000499735222258 + (0.8575648261012243 * x_0))) - (-3.033486294681003 * (-2.6000499735222258 + (0.8575648261012243 * x_0)))) - (3.819754029300995 + (1.3050447800142104 * (-2.613124523709804 + (0.8658355855259678 * x_2))))) - (0.38011830330108315 * (-2.613124523709804 + (0.8658355855259678 * x_2)))) - (1.8086292555720989 * (-2.6321438473229772 + (0.8768714116868315 * x_1))))) - (-2.6000499735222258 + (0.8575648261012243 * x_0)))) * (-4.49594833509071 + (-0.5736843165179368 * (-2.7962163559154027 + (0.9041044335611569 * x_3))))))
feynman_I_18_4,ok,4,32,1,BFGS,0.9668443430491872,0.16151741863708008,65,6.94,,0.0,(5.373930932385743 + (((1.7036581099838295 * (-2.604761631720367 + (0.8569951062057086 * x_2))) - (((0.3309149389922197 * (-2.604761631720367 + (0.8569951062057086 * x_2))) - (-2.301620760318207 + (1.3264210817971103 * (-2.8149539998910376 + (0.9007791820199235 * x_3))))) - (((-2.8149539998910376 + (0.9007791820199235 * x_3)) - (-2.604761631720367 + (0.8569951062057086 * x_2))) * ((-0.1286669094289916 * (-2.664498595282067 + (0.8920120394009231 * x_0))) - (-0.7912086373674558 + (0.003295452643927595 * (-2.604761631720367 + (0.8569951062057086 * x_2)))))))) - (1.5655950030463228 * (-2.8149539998910376 + (0.9007791820199235 * x_3)))))
feynman_I_24_6,ok,4,64,2,BFGS,0.8705757080863625,5.304171311822129,86,200.53,,0.0,(-58.45754666399742 + (((0.9933581766867738 + (0.15340408302796 * (-3.567613329038069 + (1.7349021460027578 * x_3)))))**3 * ((1.5159550788669205 * ((3.742481451417394 + (-0.6973879637388214 * (-3.567613329038069 + (1.7349021460027578 * x_3)))))**3) - ((((-7.080438783651907 * (-3.6425304974630017 + (1.7917824686289467 * x_2))) - ((3.0210777905687127 * (-3.4568449343419667 + (1.721945283087779 * x_0))) - (-2.9999012955579856 * (-3.528758604253555 + (1.7555246602223264 * x_1))))) - ((10.042983395117801 * (-3.567613329038069 + (1.7349021460027578 * x_3))) - ((0.0861420315345012 * ((0.11579868818283492 + (2.2111956813071894 * (-3.567613329038069 + (1.7349021460027578 * x_3)))))**3) - (4.291719794537553 * (-3.567613329038069 + (1.7349021460027578 * x_3)))))) - (2.2320502768437995 * (-3.567613329038069 + (1.7349021460027578 * x_3)))))))
feynman_I_25_13,ok,2,32,1,BFGS,0.9988371881145867,0.028204768668137398,119,13.16,,0.0,(0.899083551804807 + ((-0.022703374972078888 * sin((1.018965114453235 + (-6.207293759773631 * (-2.400742498290202 + (0.8003923054356457 * x_1)))))) - ((-1.9366778300656038 * (((0.19736500082160835 * (-2.5512487222767346 + (0.8665706977286725 * x_0))) - (0.17241690509297702 * (-2.400742498290202 + (0.8003923054356457 * x_1)))) * ((((2.0139443936651586 * (-2.5512487222767346 + (0.8665706977286725 * x_0))) - (-2.3687039997834827 + (-0.46148564183086094 * ((-2.400742498290202 + (0.8003923054356457 * x_1)) * (-2.400742498290202 + (0.8003923054356457 * x_1)))))) - (0.7010790290884621 * (-2.400742498290202 + (0.8003923054356457 * x_1)))) - ((2.0281967577865947 * (-2.5512487222767346 + (0.8665706977286725 * x_0))) - (0.29075692490550775 * sin((2.2705502508554423 + (-2.0714558122532054 * (-2.400742498290202 + (0.8003923054356457 * x_1)))))))))) - ((0.814835080705173 * sin((0.17738637158741577 + (0.5317061850176392 * (-2.400742498290202 + (0.8003923054356457 * x_1)))))) - ((0.588985776789837 * (-2.5512487222767346 + (0.8665706977286725 * x_0))) - (-0.06694815656821479 * sin((1.3640093903242652 + (-1.7923250851577328 * (-2.400742498290202 + (0.8003923054356457 * x_1)))))))))))
feynman_I_26_2,ok,2,32,1,BFGS,0.9636468340986447,0.09209180025660538,75,7.44,,0.0,(0.13372225474752614 + ((0.006210493567338535 * (((7.741875140770501 * (-1.564164953504747 + (3.41799237175793 * x_0))) - (1.1797514108404437 + (-1.5289272593831864 * (-2.401625007900688 + (0.840568848454874 * x_1))))) * ((((-1.9146496742710546 * (-1.564164953504747 + (3.41799237175793 * x_0))) - (-2.1912818595242287 + (0.05031447837017922 * (-1.564164953504747 + (3.41799237175793 * x_0))))) - ((-1.4001499920819076 * (-1.564164953504747 + (3.41799237175793 * x_0))) - (-1.9876373175322162 + (0.4478939274415745 * (-1.564164953504747 + (3.41799237175793 * x_0)))))) - (-0.6596645491121549 + (5.454551877334243 * (-2.401625007900688 + (0.840568848454874 * x_1))))))) - (0.4258664066467603 * (-2.401625007900688 + (0.840568848454874 * x_1)))))
feynman_I_27_6,ok,3,32,1,BFGS,0.9537974440665646,0.08599192648213883,77,19.33,,0.0,(1.640132647048552 + ((0.33570579383945187 * (-2.3985862823410833 + (0.8064518581298143 * x_1))) - ((0.8559366592519955 * (sin((-0.04849018186598067 + (-0.017428838641356553 * (-2.7198734845172403 + (0.8655823842985322 * x_2))))) * (((0.77910058532327 * (-2.5212812957632926 + (0.8269424556449783 * x_0))) - (2.7273571642314884 * (-2.7198734845172403 + (0.8655823842985322 * x_2)))) - (2.3870678799386713 * (-2.3985862823410833 + (0.8064518581298143 * x_1)))))) - sin((0.20738859800136566 + (0.6095664428169645 * ((0.6495072961635682 * sin((0.8644842078797619 + (1.0217484531715169 * (-2.5212812957632926 + (0.8269424556449783 * x_0)))))) - (3.0263249107601755 * sin((1.3437303117081516 + (0.5188857649492669 * (-2.7198734845172403 + (0.8655823842985322 * x_2)))))))))))))
feynman_I_29_16,ok,4,128,3,BFGS,0.831433865997616,0.8240480927312346,103,186.67,,0.0,(1.3167764487200917 + ((((-0.10838748694532002 * (-2.4962836392515335 + (0.8671704050930179 * x_2))) - (2.231489571591145 * sin(((0.4016340131189625 * (-2.4962836392515335 + (0.8671704050930179 * x_2))) - ((5.037900620453488 * sin((0.3528793983101173 + (0.2708308192411303 * (-2.585674534025608 + (0.8767406575303234 * x_3)))))) - ((0.8607784900964952 * (-2.4962836392515335 + (0.8671704050930179 * x_2))) - (0.005359066465075099 * ((-2.473258734932819 * (-2.585674534025608 + (0.8767406575303234 * x_3))) - (((2.6424846956094967 * (-2.4962836392515335 + (0.8671704050930179 * x_2))) - (1.6989217187943275 * (-2.4962836392515335 + (0.8671704050930179 * x_2)))) - (5.7796319845380015 * (-2.719956086378315 + (0.8786412216232687 * x_0)))))))))))) - (2.670164180084602 + (-0.014841195976794792 * (-2.585674534025608 + (0.8767406575303234 * x_3))))) * ((-0.2595904793061179 * (-2.719956086378315 + (0.8786412216232687 * x_0))) - (1.0205410147351053 + (-0.00477853484869829 * (-2.4962836392515335 + (0.8671704050930179 * x_2)))))))
feynman_I_29_4,ok,2,32,1,BFGS,0.9917666985107899,0.11715955218927784,95,15.07,,0.0,(2.815622784940726 + ((-2.852017319799878 * (-2.1650620520807715 + (0.38592391333961634 * x_0))) - ((-3.7772081418105214 * (-2.1650620520807715 + (0.38592391333961634 * x_0))) - ((0.44497551715095696 * (sin((0.3751768640252029 + (-0.6294411333058507 * (-1.9951431992266675 + (0.3861777173669346 * x_1))))) * ((1.392420613137567 * (-2.1650620520807715 + (0.38592391333961634 * x_0))) - (3.7964535136879825 * (-1.9951431992266675 + (0.3861777173669346 * x_1)))))) - ((2.349027316092167 * sin((-2.5123511567461456 + (1.0085191048749875 * (sin((0.9837568584252765 + (-0.35159177845836886 * (-1.9951431992266675 + (0.3861777173669346 * x_1))))) * ((0.3484199430075713 * (-2.1650620520807715 + (0.38592391333961634 * x_0))) - (4.890643235208634 + (2.13135354451346 * (-1.9951431992266675 + (0.3861777173669346 * x_1)))))))))) - (3.4086485536811333 * sin((-0.8056086421526845 + (-0.7608831781945078 * (-1.9951431992266675 + (0.3861777173669346 * x_1)))))))))))
feynman_I_30_3,ok,3,128,3,BFGS,0.515111406991597,1.5993922468945663,86,158.21,,0.0,(0.10947093987707451 + (((4.30688994350105 * sin((0.333048125297299 + (0.5649284544281994 * (-2.713917252913514 + (0.9120507374530804 * x_1)))))) - ((4.86019892484833 * (-2.713917252913514 + (0.9120507374530804 * x_1))) - ((0.01347679086677436 * ((-2.0833809528921545 + (4.3802822707059565 * ((-2.713917252913514 + (0.9120507374530804 * x_1)) * (-2.713917252913514 + (0.9120507374530804 * x_1))))))**2) - ((-4.342952716820244 * (-2.713917252913514 + (0.9120507374530804 * x_1))) - ((-0.04381717000865247 * (-2.7051468847223092 + (0.8846863425384316 * x_0))) - (2.213446236479153 * sin((0.37064773012044727 + (0.8533465991631559 * (-2.713917252913514 + (0.9120507374530804 * x_1))))))))))) * ((-2.7051468847223092 + (0.8846863425384316 * x_0)) - (-2.59575310992612 + (0.5883473226300533 * (-2.713917252913514 + (0.9120507374530804 * x_1)))))))
feynman_I_30_5,ok,3,32,1,BFGS,0.9044085186978711,0.04321178824776478,95,13.76,,0.0,(1.3040895167757207 + ((-0.572160930219898 * exp(((0.5100904604632868 * sin((1.7112484554824614 + (-0.7593544094054563 * (-2.503496805650597 + (0.8524201121194467 * x_2)))))) - ((((1.6667237870307932 * sin((1.4027661189184695 + (-1.4625569898231565 * (-2.503496805650597 + (0.8524201121194467 * x_2)))))) - (0.04733326201769053 * (-4.072826686636155 + (1.186008527663161 * x_1)))) - ((0.24256879366242684 * sin((2.3908974475231166 + (-2.010595284482615 * (-2.503496805650597 + (0.8524201121194467 * x_2)))))) - ((1.2848968535274485 * sin((-0.9487877910886076 + (-0.6438434165974214 * (-2.503496805650597 + (0.8524201121194467 * x_2)))))) - (0.11784606916366044 * (-5.1465134878527214 + (3.4065737547807147 * x_0)))))) - (-0.47370298641784603 + (1.3956136319356474 * sin((0.8909257439316385 + (-1.410384956811622 * (-2.503496805650597 + (0.8524201121194467 * x_2))))))))))) - (-0.17500046464155825 * (-5.1465134878527214 + (3.4065737547807147 * x_0)))))
feynman_I_32_17,ok,6,32,1,BFGS,0.9323219655820272,1.334288767464601,83,29.35,,0.0,(0.32759077045497786 + ((((6.104184632275669 * (-5.377145912979087 + (3.5490731972883967 * x_4))) - (-8.49024601718006 * (-5.422314254425465 + (3.6430504379238773 * x_3)))) - ((((1.582046100961302 * exp((-5.90940823273883 + (3.8574439794537896 * (-5.377145912979087 + (3.5490731972883967 * x_4)))))) - (4.155379548727339 * exp((-3.2305212421034604 + (-0.16555589362785636 * (-7.094423785619939 + (1.79517298980545 * x_5))))))) - (0.12698157519394293 * exp((4.919508967539086 + (0.12301095585008118 * (-7.094423785619939 + (1.79517298980545 * x_5))))))) - (5.900577193170187 * (-5.22090641103695 + (3.5546784205957644 * x_2))))) * (0.060791992396099684 * exp(((0.6901989700947981 * (-5.377145912979087 + (3.5490731972883967 * x_4))) - (1.0821091328263308 * (-7.094423785619939 + (1.79517298980545 * x_5))))))))
feynman_I_32_5,ok,4,32,1,BFGS,0.9204805814333938,0.1814537042062606,114,20.35,,0.0,(0.03892145130482352 + (exp((((((-3.538324511556132 * (-2.7279182964428794 + (0.9289890799688245 * x_3))) - ((-1.8011830309897174 * (-2.7279182964428794 + (0.9289890799688245 * x_3))) - ((2.2461737937384196 * (-2.5999126994662913 + (0.8603722624673278 * x_0))) - (0.38690943265725575 * exp(((-4.496796331483086 * (-2.7279182964428794 + (0.9289890799688245 * x_3))) - (-2.102928145997973 * (-2.7279182964428794 + (0.9289890799688245 * x_3))))))))) - ((1.0337546006324896 + (2.2094572037176503 * (-2.7279182964428794 + (0.9289890799688245 * x_3)))))**3) - (-0.9805341158985863 * (-2.6293091772736408 + (0.8973551875146073 * x_1)))) + ((2.6916885551784553 * sin((-1.4907594436847322 + (-0.0917504378888434 * (-2.7279182964428794 + (0.9289890799688245 * x_3)))))) - ((1.299873723565415 * (-2.5999126994662913 + (0.8603722624673278 * x_0))) - (-1.4881895018347553 * exp(((-0.8753107062917773 * (-2.5999126994662913 + (0.8603722624673278 * x_0))) - (3.0067019110058535 + (-2.076930005814475 * (-2.7279182964428794 + (0.9289890799688245 * x_3))))))))))) * (-3.012651509765657 * (-2.7279182964428794 + (0.9289890799688245 * x_3)))))
feynman_I_34_1,ok,3,32,1,BFGS,0.9509163048262773,0.4124681522878851,97,14.58,,0.0,(8.181817007743202 + (((1.3107748660230278 * (-2.588994719877589 + (0.8403804552900841 * x_2))) - (4.577775115618824 * sin((2.105241040410382 + (1.494052271905426 * (((((-1.5890301685649555 * (-2.588994719877589 + (0.8403804552900841 * x_2))) - (0.1637622639989642 * sin((0.8545703466908408 + (-1.1692116949434155 * (-3.213191526129124 + (0.49872911299177847 * x_0))))))) - ((0.27443625503748015 * (-3.213191526129124 + (0.49872911299177847 * x_0))) - (-0.1768326090256926 + (-1.2833361079787755 * (-2.588994719877589 + (0.8403804552900841 * x_2)))))) - ((3.6431145378852197 * (-2.588994719877589 + (0.8403804552900841 * x_2))) - (6.220173427160507 * (-2.588994719877589 + (0.8403804552900841 * x_2))))) - (0.899813488407466 * sin((-0.22276882360798655 + (-0.5447192233731726 * (-2.588994719877589 + (0.8403804552900841 * x_2)))))))))))) - (-0.022878242218371078 * sin((-0.43313508007820145 + (-0.0989279824613504 * (-2.588994719877589 + (0.8403804552900841 * x_2))))))))
feynman_I_34_14,ok,3,32,1,BFGS,0.9667075743505007,0.266540586205108,125,18.15,,0.0,(3.6845469656664616 + ((1.7510831227649377 * (-2.704855709187059 + (0.914044649674877 * x_2))) - ((((0.5995205122497698 * (-2.704855709187059 + (0.914044649674877 * x_2))) - (0.14520277328220677 * ((-2.704855709187059 + (0.914044649674877 * x_2)) * sin((1.2538197415723142 + (0.8701522504501926 * (-2.704855709187059 + (0.914044649674877 * x_2)))))))) - ((((1.8033864950194345 * sin((0.3526234045586606 + (-0.834904327114796 * (-3.4548575752247537 + (0.523026255492135 * x_0)))))) - ((0.27942405770697376 * ((-2.704855709187059 + (0.914044649674877 * x_2)) * sin((2.289164254227666 + (-0.7544266819553069 * (-3.4548575752247537 + (0.523026255492135 * x_0))))))) - exp((-1.2182508328343111 + (-1.0489145123631065 * ((-2.704855709187059 + (0.914044649674877 * x_2)) * (-2.704855709187059 + (0.914044649674877 * x_2)))))))) - (-2.704855709187059 + (0.914044649674877 * x_2))) - ((1.265645824443526 * sin((0.5803317303227 + (-1.1348433465951686 * (-3.4548575752247537 + (0.523026255492135 * x_0)))))) - (0.632264815340198 * cos((4.397081841248465 + (-0.9089781650589774 * (-2.704855709187059 + (0.914044649674877 * x_2))))))))) - (1.7575884340623142 * (-2.704855709187059 + (0.914044649674877 * x_2))))))
feynman_I_34_27,ok,2,32,1,BFGS,0.9999999999940437,2.0135185799864694e-06,37,8.38,,0.0,(1.5051604439157815 + ((0.5205625828558664 * (-2.89141769643402 + (0.898356770850574 * x_0))) - (1.231455658066504 * (((2.104795787513103 * (-2.89141769643402 + (0.898356770850574 * x_0))) - (-0.5110314938880836 + (1.9280539868781603 * (-2.89141769643402 + (0.898356770850574 * x_0))))) * (-0.9437469943973944 * (-2.534319111975044 + (0.8625028469077035 * x_1)))))))
feynman_I_34_8,ok,4,32,1,BFGS,0.9096526488925637,3.434261142636999,113,30.65,,0.0,(-1.6898101269564278 + ((((3.8148523890877746 * (exp((1.4765506388511191 + (0.182111198898952 * (-2.7058039597000527 + (0.8963922028654532 * x_3))))) * ((0.4262514376513982 * exp((-1.7341208229939165 + (-0.5525135299601474 * (-2.7058039597000527 + (0.8963922028654532 * x_3)))))) - (((12.962901420310622 * exp((-5.230894314300312 + (-1.047865618122716 * (-2.5134922366209222 + (0.8456834090766008 * x_2)))))) - (1.9666952314932007 * (-2.466227921875975 + (0.8316291782707262 * x_1)))) - ((1.4805488203661543 * (-2.5127584990667504 + (0.8365681778083426 * x_0))) - (0.28795742650911904 * (-2.466227921875975 + (0.8316291782707262 * x_1)))))))) - (4.0298922868107745 * ((-2.8307090748845054 + (-0.17901616392758893 * ((1.6949103680762443 * (-2.5134922366209222 + (0.8456834090766008 * x_2))) - (-2.666836736868854 * sin((-0.4519757067355257 + (0.9788109059076833 * (-2.7058039597000527 + (0.8963922028654532 * x_3))))))))))**3)) - (1.471255284279176 * (-2.466227921875975 + (0.8316291782707262 * x_1)))) * (2.064682711561643 * exp((-2.6702766255702715 + (-0.660009361931361 * (-2.7058039597000527 + (0.8963922028654532 * x_3))))))))
feynman_I_37_4,ok,3,32,1,BFGS,0.9360274404000772,0.7469416057545923,82,16.16,,0.0,(-0.09801370505139007 + ((3.475302030801585 * (((-0.6962445674569651 * (-2.764987122967051 + (0.900490337034228 * x_2))) - ((5.563975233378278 * sin((0.04033155769063575 + (2.044107624392917e-07 * (-2.764987122967051 + (0.900490337034228 * x_2)))))) - (-2.764987122967051 + (0.900490337034228 * x_2)))) * (0.756993038155346 + (2.419356014714641 * (-2.764987122967051 + (0.900490337034228 * x_2)))))) - (((((-0.6177713638621471 * (-2.6571366887356653 + (0.8822946483881516 * x_0))) - (1.781478823974176 * (-2.764987122967051 + (0.900490337034228 * x_2)))) - (-2.595274808237587 * (-2.764987122967051 + (0.900490337034228 * x_2)))) - (0.613917187916843 * (-2.383406815788065 + (0.839276951330772 * x_1)))) - (1.2422827410214414 + (1.4750901813750765 * (-2.764987122967051 + (0.900490337034228 * x_2)))))))
feynman_I_38_12,ok,4,64,2,BFGS,0.85736821354944,0.47911008988954223,80,255.06,,0.0,(0.358772958774519 + (exp(((-1.417567337402387 * sin((0.8681952540471096 + (0.445702157620945 * (-2.669105088819141 + (0.8929834841209456 * x_1)))))) - (((1.0756343820719483 * sin((3.4418368922361218 + (-1.634066073028352 * (-2.669105088819141 + (0.8929834841209456 * x_1)))))) - ((-0.04615635644118246 * (-2.698955835159459 + (0.8870284288875848 * x_2))) - ((1.4920447439998767 * (-2.698955835159459 + (0.8870284288875848 * x_2))) - ((-0.6278177857738316 + (-0.6486187261690621 + (1.4173901930086723 * (-2.698955835159459 + (0.8870284288875848 * x_2))))))**3))) - (1.535061424396586 * exp((-3.8970540457686837 + (-2.639330031313296 * (-2.669105088819141 + (0.8929834841209456 * x_1))))))))) * (2.223082669715562 + (1.165937232980971 * (-2.6009675945637225 + (0.8457372940431475 * x_3))))))
feynman_I_39_1,ok,2,32,1,BFGS,0.9999999999999998,1.0539744343105698e-07,82,10.59,,0.0,(-10.601450471958128 + ((10.711432625252932 * (-2.5210522670128928 + (0.8376322027194677 * x_1))) - (((((-6.9794058994318195 * abs((3.342654191945459 + (0.520372155758975 * (-2.7062751395259212 + (0.8763906451326979 * x_0)))))) - (-12.893631153690112 * (-2.5210522670128928 + (0.8376322027194677 * x_1)))) - (0.9397573209875763 + (0.9682750035598082 * (-2.5210522670128928 + (0.8376322027194677 * x_1))))) - ((1.5194727994689927 * (-2.7062751395259212 + (0.8763906451326979 * x_0))) - (0.8560448503941651 * ((-2.5210522670128928 + (0.8376322027194677 * x_1)) * ((-2.3869518627207356 * (-2.7062751395259212 + (0.8763906451326979 * x_0))) - (3.055061034121385e-09 * (-2.5210522670128928 + (0.8376322027194677 * x_1)))))))) - (0.27295374194610583 + (6.743757655010517 * (-2.5210522670128928 + (0.8376322027194677 * x_1)))))))
feynman_I_39_11,ok,3,32,1,BFGS,0.9977385683486685,0.14629725658101028,92,15.01,,0.0,(0.8466915641296113 + (exp((-0.18704446478628833 + (-0.3990361235434273 * (-4.32559571055069 + (1.2368194563105266 * x_0))))) * (((1.6136683160098029 * (-2.625098388323601 + (0.8546158887138439 * x_2))) - ((-0.6607192029340578 * ((-2.625098388323601 + (0.8546158887138439 * x_2)) * (-2.6135216143256805 + (0.855921153581978 * x_1)))) - ((1.2945822562068119 * exp((1.051085582545804 + (0.05073186181321121 * (-2.625098388323601 + (0.8546158887138439 * x_2)))))) - (((2.0034683889698757 * exp((0.13617151007673822 + (-1.1510485261789687 * (-4.32559571055069 + (1.2368194563105266 * x_0)))))) - exp((1.898695513954956 + (-1.4229701770351344 * (-4.32559571055069 + (1.2368194563105266 * x_0)))))) - (1.7990668362823472 * (-2.6135216143256805 + (0.855921153581978 * x_1))))))) - (0.9377938782269344 * exp((1.5840930108501574 + (-1.493779125780986 * (-4.32559571055069 + (1.2368194563105266 * x_0)))))))))
feynman_I_39_22,ok,4,32,1,BFGS,0.9812919886242937,1.2384772140034994,110,22.22,,0.0,(1.880356192295996 + ((7.224596231898484 * exp(((4.163216829092171 * (abs((-2.6327988447528012 + (-1.3917374724706484 * (-2.8938465905050474 + (0.9115319998776715 * x_2))))) * sin((-0.02962769682056042 + (0.006970608466905268 * (-2.515464031129917 + (0.8571865699921215 * x_3))))))) - ((((0.6116891118006449 * (-2.515464031129917 + (0.8571865699921215 * x_3))) - (((0.8374557145628252 * sin((-2.2758918049970536 + (0.6502142666783595 * (-2.8938465905050474 + (0.9115319998776715 * x_2)))))) - (-1.6010085251474244 * (-2.673320419181644 + (0.862997113312146 * x_1)))) - (0.6538660390106732 * sin((-1.731380096092387 + (0.5805241850719225 * (-2.515464031129917 + (0.8571865699921215 * x_3)))))))) - ((0.4237609980772683 * (-2.7095154921239692 + (0.8898156980890322 * x_0))) - (1.2574893217163488 * (-2.515464031129917 + (0.8571865699921215 * x_3))))) - ((2.304498256626837 * (-2.515464031129917 + (0.8571865699921215 * x_3))) - (1.2004611224579032 * (-2.673320419181644 + (0.862997113312146 * x_1)))))))) - (-0.8541801204501702 * (-2.673320419181644 + (0.862997113312146 * x_1)))))
feynman_I_40_1,ok,6,128,3,BFGS,0.84456698375438,0.2647032529849968,113,251.54,,0.0,(-0.15463009834222902 + (((-1.2116960769003118 + (-0.15101254090864538 * (-2.505577383670409 + (0.8487705948021765 * x_5)))))**3 * (1.7500322999585438 * (((-0.2772194456419833 + (-0.044781422268565865 * (-2.7566779457259827 + (0.9431878324167259 * x_3)))))**3 * ((((2.7411767493845014 * (-2.7566779457259827 + (0.9431878324167259 * x_3))) - ((((-2.149662223628721 * ((0.44982820719578465 + (-0.7545021218578978 * (-2.632057227943042 + (0.8533082368996687 * x_4)))))**3) - (1.406166508706812 * ((1.2345766521237447 + (-0.9294886002076406 * (-2.685752135038517 + (0.8737632076877316 * x_1)))))**2)) - (-1.6117405020199234 * (-2.7566779457259827 + (0.9431878324167259 * x_3)))) - (1.685663585385397 * (-2.7566779457259827 + (0.9431878324167259 * x_3))))) - (((0.2116797962424816 + (-0.2920105274773074 * (-2.685752135038517 + (0.8737632076877316 * x_1)))))**3 - ((3.0843378811835103 * ((0.6971958826698326 + (-0.8273790624688837 * (-2.604274673300914 + (0.8774717798506494 * x_2)))))**2) - (2.6255088889589504 * (-2.7566779457259827 + (0.9431878324167259 * x_3)))))) - (-2.7566779457259827 + (0.9431878324167259 * x_3)))))))
feynman_I_41_16,ok,5,128,3,BFGS,0.8505487834394361,1.0674201357623574,124,262.34,,0.0,(-0.003440875491655661 + (((((2.9269079790658226 * (-2.7591720371449497 + (0.8901706115839029 * x_0))) - (0.7101748712112127 * (-2.4195199750154344 + (0.8276034912250019 * x_3)))) - (((0.7367587869600756 * (-2.4195199750154344 + (0.8276034912250019 * x_3))) - ((-0.3372409119623758 * (-2.4195199750154344 + (0.8276034912250019 * x_3))) - (((1.6163587062112819 * exp((-0.3604585736025635 + (-0.7403311257275678 * (-2.5141252122709137 + (0.8254257004395766 * x_4)))))) - ((0.33597913579597327 * ((-1.4450013087614342 + (-0.612127526329324 * (-2.5141252122709137 + (0.8254257004395766 * x_4)))))**3) - (0.981532832031909 * (-2.4195199750154344 + (0.8276034912250019 * x_3))))) - (2.7213444390095294 * (-2.4195199750154344 + (0.8276034912250019 * x_3)))))) - (((-2.038963567029711 * (-2.7591720371449497 + (0.8901706115839029 * x_0))) - (4.313220652654431 * exp((-3.374451091822001 + (-0.2827108390272245 * (-2.5141252122709137 + (0.8254257004395766 * x_4))))))) - (-2.4195199750154344 + (0.8276034912250019 * x_3))))) * exp((-0.3694188464058715 + (-0.9541428853094079 * (-2.5141252122709137 + (0.8254257004395766 * x_4)))))) * ((-0.7965267813480859 + (-0.26026296250590664 * (-2.7591720371449497 + (0.8901706115839029 * x_0)))))**3))
feynman_I_43_16,ok,4,64,2,BFGS,0.9369070246618065,2.4687521652650237,98,62.85,,0.0,(3.893389140106662 + (((13.036224040396029 * exp((-1.3388768473899684 + (-0.6011319076252518 * (-2.5275619323503817 + (0.8733293130547708 * x_3)))))) - ((1.001192106654444 * (-2.5325929527992206 + (0.8680939467859502 * x_2))) - ((0.6735612312742716 * (-2.5394232640311034 + (0.8623533219956532 * x_0))) - (((16.669299806366496 * exp((-2.3375157442029204 + (-0.8005835019117781 * (-2.5275619323503817 + (0.8733293130547708 * x_3)))))) - (2.4989547732894417 * (-2.5325929527992206 + (0.8680939467859502 * x_2)))) - (1.593631333877225 * (-2.569119086945987 + (0.8611156813888292 * x_1))))))) * (((1.399168863345229 * exp((0.02886893981897605 + (-0.8714892053494354 * (-2.5275619323503817 + (0.8733293130547708 * x_3)))))) - (-1.1729546460999065 * (-2.5394232640311034 + (0.8623533219956532 * x_0)))) - (1.4531749094432507 * ((-0.25601805584653586 + (0.6678324065735111 * sin((-2.211957772984978 + (0.49884973041397096 * (-2.5275619323503817 + (0.8733293130547708 * x_3))))))))**3))))
feynman_I_43_31,ok,3,32,1,BFGS,0.9809034360899005,2.4983247745835797,103,10.30,,0.0,(6.251207971213297 + (((-8.631844135684346 * (-2.5655275384794733 + (0.8491796334579955 * x_2))) - ((1.5521775721417284 * (-2.620848157697589 + (0.877041434042821 * x_0))) - (-4.083718170809661 + (7.206274429255328 * (-2.5655275384794733 + (0.8491796334579955 * x_2)))))) * ((((3.337630139422158 * (-2.5655275384794733 + (0.8491796334579955 * x_2))) - (((1.8903177773747744 * (-2.5655275384794733 + (0.8491796334579955 * x_2))) - (((2.2018002603152516 * (-2.620848157697589 + (0.877041434042821 * x_0))) - (4.9252551981726835 * (-2.620848157697589 + (0.877041434042821 * x_0)))) - (1.378327251749584 + (-3.330277569507541 * (-2.766978367774217 + (0.8922886932012777 * x_1)))))) - (-4.28637377547008 * (-2.766978367774217 + (0.8922886932012777 * x_1))))) - ((-1.8401828163643987 * (-2.620848157697589 + (0.877041434042821 * x_0))) - (-3.2473506860251606 + (-2.500297940452061 * (-2.5655275384794733 + (0.8491796334579955 * x_2)))))) - (1.5299984679467187 * (-2.766978367774217 + (0.8922886932012777 * x_1))))))
feynman_I_43_43,ok,4,32,1,BFGS,0.9076651876734757,0.5608266638803385,124,51.97,,0.0,(0.6111840749527429 + ((((((1.4221339957747805 * (-2.721103044426544 + (0.8903757010329937 * x_3))) - ((-0.8948445080283867 * (-2.721103044426544 + (0.8903757010329937 * x_3))) - (((((2.9143938389291426 * exp((-0.4368878214558896 + (-1.0815367493192798 * (-3.9875563203078572 + (1.133381419000807 * x_0)))))) - (-1.8616983270991612 * (-2.3535395914566313 + (0.8333798952873859 * x_1)))) - (0.17863423591538696 * (-2.3535395914566313 + (0.8333798952873859 * x_1)))) - (-2.5031137233070018 * (-2.3535395914566313 + (0.8333798952873859 * x_1)))) - (0.04373943173055524 * (-2.3535395914566313 + (0.8333798952873859 * x_1)))))) - (1.345593915900063 * (-2.3535395914566313 + (0.8333798952873859 * x_1)))) - (0.4622921830060668 * exp((-2.889437385446199 + (-3.30866237229215 * (-2.5887400075603013 + (0.8587029602822143 * x_2))))))) - ((exp((-4.451241708562319 + (-0.20888149947573148 * (-2.5887400075603013 + (0.8587029602822143 * x_2))))) * (-2.5887400075603013 + (0.8587029602822143 * x_2))) * ((3.504608863863403 + (-1.8602938956836859 * (-2.5887400075603013 + (0.8587029602822143 * x_2)))))**3)) * (5.366334784798044 * exp((-3.237846187466978 + (-0.5641531264619029 * (-2.5887400075603013 + (0.8587029602822143 * x_2))))))))
feynman_I_44_4,ok,5,256,4,BFGS,0.8770428125721411,7.846028585125424,90,286.41,,0.0,(4.115563075084189 + ((((0.3352132872178095 * ((-3.2304535009622786 + (0.9301702703569159 * (-2.74648864990375 + (0.8845625750500153 * x_4)))))**2) - (1.5956570619786303 * ((-1.1606749131112606 + (0.23954685139741938 * (-2.672702249888496 + (0.8826010950824924 * x_3)))))**3)) * ((3.704529440035536 * ((-0.4223876096295589 + (0.17275172060575317 * (-2.672702249888496 + (0.8826010950824924 * x_3)))))**2) - ((0.5772456666424008 * (-2.672702249888496 + (0.8826010950824924 * x_3))) - ((0.5396742944161586 * (-2.672702249888496 + (0.8826010950824924 * x_3))) - ((1.9022840322684056 * (-2.74648864990375 + (0.8845625750500153 * x_4))) - (2.9505029605195006 * (-2.672702249888496 + (0.8826010950824924 * x_3)))))))) * ((-0.31259876973334855 * (-2.772098215480759 + (0.9125155363496182 * x_0))) - (0.7257042951266381 + (0.32522151161144075 * (-2.499546494011863 + (0.8393835285754679 * x_2)))))))
feynman_I_47_23,ok,3,32,1,BFGS,0.9794725249132521,0.0961008387247692,77,13.15,,0.0,(2.54492242891748 + ((((0.9749794433779164 * (-2.592997202582427 + (0.837398763532969 * x_0))) - ((0.8337752634457625 * sin((-1.2351184461623408 + (-1.2753659461169837 * (-2.5724828174692225 + (0.8432476442733219 * x_2)))))) - (0.7949232100430099 * (-2.6165659297933477 + (0.8878935966391123 * x_1))))) - ((0.13408049571254654 * (-2.592997202582427 + (0.837398763532969 * x_0))) - (3.797301331128507 * sin((-0.8872382125410356 + (-0.6850003410362921 * (-2.5724828174692225 + (0.8432476442733219 * x_2)))))))) * ((0.8367889289375552 * sin((-1.2696346828852407 + (-0.27535676288201116 * (-2.5724828174692225 + (0.8432476442733219 * x_2)))))) - (2.00570189796544 * sin((-0.6472560743783107 + (0.017154097371451932 * (-2.5724828174692225 + (0.8432476442733219 * x_2)))))))))
feynman_I_48_2,ok,3,32,1,BFGS,0.9996795112822381,1.65376973133031,98,16.10,,0.0,(-0.3165732678327008 + (((15.759045765227917 * ((2.5372101319408618 + (0.06702964974044606 * (-3.391832487704957 + (0.5210116748906156 * x_2)))))**2) - ((5.016870984907172 * (-3.391832487704957 + (0.5210116748906156 * x_2))) - (((25.51451449285529 * (-2.552294993039161 + (0.8647831399427154 * x_0))) - (24.05796540372903 + (0.7051686400916273 * (-3.391832487704957 + (0.5210116748906156 * x_2))))) - (11.913871839756638 + (-0.13684853898164118 * (-3.391832487704957 + (0.5210116748906156 * x_2))))))) * (((-0.48545278355742016 * (-3.391832487704957 + (0.5210116748906156 * x_2))) - (((0.0016281660418438395 * (-2.552294993039161 + (0.8647831399427154 * x_0))) - (0.1731899767805981 * ((-3.391832487704957 + (0.5210116748906156 * x_2)) * (-3.391832487704957 + (0.5210116748906156 * x_2))))) - (1.966611073345395 + (2.905388359129086 * (-3.391832487704957 + (0.5210116748906156 * x_2)))))) - (1.2931470916449737 * (-3.391832487704957 + (0.5210116748906156 * x_2))))))
feynman_I_50_26,ok,4,128,3,BFGS,0.5577786004557759,1.319963421972076,110,221.62,,0.0,(0.5064568234605409 + ((0.6394219935781088 * (-3.3328522910623977 + (1.7072811432647408 * x_3))) - ((-0.3999419996560349 * ((((1.595563800655074 * sin((0.40330390382334225 + (2.114748681542882 * (-3.536023516680619 + (1.75533069780533 * x_2)))))) - (1.679042521908916 * sin((4.170159083374584 + (0.9465384592789983 * (-3.3181470678994196 + (1.6324912473197704 * x_1))))))) - (-0.18304629083487572 * (-3.3328522910623977 + (1.7072811432647408 * x_3)))) * ((1.012140358160186 * sin((1.6387563410416386 + (-0.002397787452837445 * (-3.3328522910623977 + (1.7072811432647408 * x_3)))))) - ((1.6180813790657878 * ((-3.3181470678994196 + (1.6324912473197704 * x_1)) * (((1.6427638830165556 * (-3.6514817749949793 + (1.80323135783928 * x_0))) - (-1.1167790717088901 + (2.015185004096109 * (-3.6514817749949793 + (1.80323135783928 * x_0))))) - (0.0881323995884146 * (-3.6514817749949793 + (1.80323135783928 * x_0)))))) - (0.6815222387448725 + (3.102739522575869 * (-3.3181470678994196 + (1.6324912473197704 * x_1)))))))) - (-0.11062658403377001 * (-3.3328522910623977 + (1.7072811432647408 * x_3))))))
feynman_I_6_2,ok,2,32,1,BFGS,0.9679022473943156,0.007688400391342891,47,14.78,,0.0,(0.11638208740650102 + (((-0.2878378039777894 + (0.052697203896532964 * (-3.514115234431094 + (1.739810398745664 * x_0)))))**3 * (((-1.8849224650697645 * (-3.405357073342636 + (1.6986630633987225 * x_1))) - (-2.0674076744335936 * (-3.405357073342636 + (1.6986630633987225 * x_1)))) - ((-1.2281520476504262 * (-3.405357073342636 + (1.6986630633987225 * x_1))) - ((0.16351458199329735 + (-0.3976010258761753 * (-3.514115234431094 + (1.739810398745664 * x_0)))))**3))))
feynman_I_6_2a,ok,1,32,1,BFGS,0.9999903153539891,0.00022409536954045173,38,8.34,,0.0,(0.1401116265952379 + (((-2.961797905667582 * (-3.3043792546673862 + (1.6591429555496728 * x_0))) - (-0.4372365482446262 * (-3.3043792546673862 + (1.6591429555496728 * x_0)))) - ((-2.4378469989607208 * (-3.3043792546673862 + (1.6591429555496728 * x_0))) - (-0.08848362408241361 * sin((1.2979996935414038 + (-0.8354875049788889 * (-3.3043792546673862 + (1.6591429555496728 * x_0)))))))))
feynman_I_6_2b,ok,3,128,3,BFGS,0.7618006537739395,0.026614934045379072,91,117.17,,0.0,(0.25674526157481004 + ((-0.0015983291576337063 * sin((-3.1043962315494324 + (-5.221710246697176 * (-3.648690234065757 + (1.810834389535367 * x_0)))))) - ((4.183073241443198 * (-3.648690234065757 + (1.810834389535367 * x_0))) - (((((0.18626996238479637 * sin((-2.7125864580147647 + (-0.5842191862280448 * (-3.648690234065757 + (1.810834389535367 * x_0)))))) - (0.763305712443568 * (-3.648690234065757 + (1.810834389535367 * x_0)))) - ((-0.0407854293359855 * (-3.648690234065757 + (1.810834389535367 * x_0))) - (0.06046714554336799 * ((-3.5208095926375687 + (1.7955920545817259 * x_1)) * ((-1.4192378120178297 * (-3.648690234065757 + (1.810834389535367 * x_0))) - (-1.477116015011863 * (-3.648690234065757 + (1.810834389535367 * x_0)))))))) - (-1.1411413433780164 * (-3.648690234065757 + (1.810834389535367 * x_0)))) - (-3.6302732746759343 * (-3.648690234065757 + (1.810834389535367 * x_0)))))))
feynman_I_8_14,ok,4,32,1,BFGS,0.8202000857936625,0.40263957373217074,80,152.04,,0.0,(1.4676327914145126 + (((-1.9702009030065724 * (-2.6197762566691063 + (0.8822041138208964 * x_3))) - ((-0.7467010052985326 * abs(((1.0256346500610485 * (-2.599248084478257 + (0.8845884196557181 * x_2))) - (1.1761699600368725 * (-2.6197762566691063 + (0.8822041138208964 * x_3)))))) - ((-0.3594833866120716 * ((-2.8502199266344257 + (0.9130456171320038 * x_0)) * (1.6132108945380812 + (1.5230370700576032 * (-2.7225380020541645 + (0.925073228466846 * x_1)))))) - (((0.31643297569972634 * (-2.8502199266344257 + (0.9130456171320038 * x_0))) - (0.9590929049028741 + (1.9931477766209251 * (-2.6197762566691063 + (0.8822041138208964 * x_3))))) - (-2.8502199266344257 + (0.9130456171320038 * x_0)))))) - (1.3460762944178817 + (0.018582665014817343 * (-2.7225380020541645 + (0.925073228466846 * x_1))))))
feynman_I_9_18,ok,9,128,3,BFGS,0.7102107606366459,0.06409085034011926,105,245.05,,0.0,(0.29431036833680035 + ((-0.766241426294384 * (((-5.392816095681697 + (3.542785928524673 * x_6)) * sin((-1.2246378354938923 + (-0.5099689459723248 * (-5.425315389628147 + (3.544367204983429 * x_4)))))) * ((-0.21723370770616923 + (-0.0296531902084537 * (-5.454952378167819 + (3.5597416854716295 * x_2)))))**2)) - (((-1.4102460560853998 * (-5.454952378167819 + (3.5597416854716295 * x_2))) - ((-2.0906679510639603 * (-5.454952378167819 + (3.5597416854716295 * x_2))) - ((0.796559148816073 * (-5.0619378650438245 + (3.429332041613027 * x_0))) - (-0.7910314491938526 * ((((-0.9268244561115038 * (-5.454952378167819 + (3.5597416854716295 * x_2))) - ((1.0777123564832956 * (-5.0619378650438245 + (3.429332041613027 * x_0))) - (1.7654597765195281 * (-5.280887282031235 + (3.517700762370517 * x_1))))) - (-1.4350332172567528 * (-5.280887282031235 + (3.517700762370517 * x_1)))) - (1.293389655771883 * (-5.280887282031235 + (3.517700762370517 * x_1)))))))) - (1.5602660999552231 * (-5.280887282031235 + (3.517700762370517 * x_1))))))
feynman_test_1,ok,7,128,3,BFGS,0.7097548861724841,4.677963012419335,122,450.57,,0.0,(1.075778362581452 + ((0.3232649900874397 * (((-0.9908979007247773 * ((-3.366539535406591 + (1.6550803839109154 * x_6)) * (-3.366539535406591 + (1.6550803839109154 * x_6)))) - ((((1.1854792491198216 * (-5.138990131434707 + (3.418222117248415 * x_3))) - ((0.039175754784065486 * (-5.227781264550111 + (3.4955479802810143 * x_0))) - (-1.2399764073086867 * (-5.138990131434707 + (3.418222117248415 * x_3))))) - ((-3.366539535406591 + (1.6550803839109154 * x_6)) * (-3.366539535406591 + (1.6550803839109154 * x_6)))) - (exp((-1.206161981780852 + (0.1895483235274822 * (-3.366539535406591 + (1.6550803839109154 * x_6))))) * (((0.8515368143878099 * exp((2.473170600751306 + (-0.05498560284321405 * (-3.366539535406591 + (1.6550803839109154 * x_6)))))) - (0.23859200707657202 * (-3.537848367214543 + (1.7762555305867092 * x_5)))) - (-0.0011426956356132894 * exp((-0.011976219786545887 + (-2.1594256591881074 * (-3.366539535406591 + (1.6550803839109154 * x_6)))))))))) * exp((3.6154231932433323 + (-1.6399899929886743 * (-3.366539535406591 + (1.6550803839109154 * x_6))))))) - (1.1042751313000614 * exp((3.4392919763475103 + (-1.5229598308035728 * (-3.366539535406591 + (1.6550803839109154 * x_6))))))))
feynman_test_10,ok,3,32,1,BFGS,0.9571291966207656,0.10470120709568241,60,12.46,,0.0,(3.313147840493473 + (((-1.407003771395261 * cos((-0.5767534748096086 + (0.18835020422106852 * (-3.3460345348848217 + (1.6375695874502416 * x_2)))))) - (0.9175673512220448 * ((0.08203095358255047 * ((-3.3460345348848217 + (1.6375695874502416 * x_2)) * (-2.267828492394308 + (0.7758979240341635 * (-3.3460345348848217 + (1.6375695874502416 * x_2)))))) - ((-1.2020401066643163 * (-3.3460345348848217 + (1.6375695874502416 * x_2))) - (0.9892108068413163 * (-3.3460345348848217 + (1.6375695874502416 * x_2))))))) - (-0.24523076504164676 + (-2.4695531119628162 * (-3.3460345348848217 + (1.6375695874502416 * x_2))))))
feynman_test_11,ok,4,64,2,BFGS,0.8616132585454777,0.4271656254141183,97,138.06,,0.0,(4.339652779818669 + ((0.09783987257000584 * ((((((0.2311304816669392 * (-3.346469913588077 + (1.6850115584239587 * x_2))) - ((1.0429325541361143 * (-3.3954474918985897 + (1.6980452382715512 * x_0))) - (-1.5861429231247457 + (0.9305396121419922 * (-3.3954474918985897 + (1.6980452382715512 * x_0)))))) - (-3.117263752767206 * (-3.346469913588077 + (1.6850115584239587 * x_2)))) - ((-0.7958202543569346 * (-3.346469913588077 + (1.6850115584239587 * x_2))) - (-1.0923204023034652 * (-3.3954474918985897 + (1.6980452382715512 * x_0))))) - (0.3603200880750004 + (-1.7897724073658672 * ((-3.346469913588077 + (1.6850115584239587 * x_2)) * (-3.3954474918985897 + (1.6980452382715512 * x_0)))))) * (-0.7695741304451025 + (-1.1815675352528123 * (-5.236612109883896 + (3.481438590813907 * x_3)))))) - ((-0.403625798645644 * (-3.3954474918985897 + (1.6980452382715512 * x_0))) - (-2.7102534818421438 + (-0.27849982188328365 * (-3.346469913588077 + (1.6850115584239587 * x_2)))))))
feynman_test_12,ok,5,32,1,BFGS,0.9777825152287164,2.1614007850194965,67,33.53,,0.0,(3.9055535312369365 + (((-0.47602656374121133 * (-2.5428592207713114 + (0.8562284556356499 * x_2))) - ((-11.734583533174913 * exp((-2.6734099217722775 + (-0.6682034650653226 * (-3.5635370620943165 + (1.7939317028206654 * x_1)))))) - ((0.7915322898400106 * (-2.5428592207713114 + (0.8562284556356499 * x_2))) - (-0.20455832428748671 * (-8.932695855907657 + (1.8116048195913816 * x_3)))))) * ((3.5033491945604194 * (-2.5428592207713114 + (0.8562284556356499 * x_2))) - ((-5.2575291036503256 * (-2.6977268572244775 + (0.8745901392683244 * x_0))) - (7.571037528787983 * exp((-0.015493219882274749 + (-0.40220525895972103 * (-3.5635370620943165 + (1.7939317028206654 * x_1))))))))))
feynman_test_13,ok,5,64,2,BFGS,0.8937255345952584,0.004980374423821779,116,265.83,,0.0,(0.02942078061886859 + ((0.018123490447270626 * sin((-1.6564123827121402 + (-0.8920363344154356 * (-2.6325494804343417 + (0.8669522048421392 * x_4)))))) - (((-0.003657963498742785 * (-2.6250159024465325 + (0.8809471830218581 * x_0))) - (0.00020862195251492016 * ((-2.412863078935702 + (-1.2951526958336468 * (-2.6325494804343417 + (0.8669522048421392 * x_4)))))**3)) - (1.4959531136385036 * (((1.1980440901055558 * sin((-0.8294071557393363 + (-1.6388174668049316 * (-1.746642865264792 + (0.5896839391773017 * x_3)))))) - (((1.3549690231321911 * sin((-3.9057968890008112 + (-0.7425092880353514 * (-2.6325494804343417 + (0.8669522048421392 * x_4)))))) - ((2.5996501683896795 * (-1.746642865264792 + (0.5896839391773017 * x_3))) - ((2.561086168546835 * (-2.6250159024465325 + (0.8809471830218581 * x_0))) - (0.15493684558008847 * ((0.32819470988146116 + (-3.622249566595923 * (-1.746642865264792 + (0.5896839391773017 * x_3)))))**3)))) - (0.13771919836952962 * ((-1.118942541301855 + (3.5038930490996574 * (-1.746642865264792 + (0.5896839391773017 * x_3)))))**3))) * ((-0.09389054240375633 + (0.02752463388489225 * (-2.6325494804343417 + (0.8669522048421392 * x_4)))))**3)))))
feynman_test_14,ok,5,256,4,BFGS,0.6322029220846012,8.084317175106603,96,223.12,,0.0,(2.616795822339851 + (((((0.0036417511919666946 * (-2.4971016599479787 + (0.8755177320464741 * x_0))) - (40.89781189172746 * sin((-0.061282251523365916 + (0.05137130072923389 * (-2.82933830080293 + (0.9019774465276317 * x_2))))))) - (3.6013746608314428 * sin((1.8869531417760612 + (0.7455906219131532 * (-2.82933830080293 + (0.9019774465276317 * x_2))))))) - (-0.7769314629160178 * (-2.7343051092784583 + (0.8676802164640326 * x_3)))) * (((-4.488008388737553 * (-2.82933830080293 + (0.9019774465276317 * x_2))) - (6.611682450472189 * sin((1.6343954331337773 + (1.7266568588153373 * (-1.8362504524212548 + (0.5886238536748217 * x_1))))))) - (((5.305213445082671 * (-2.82933830080293 + (0.9019774465276317 * x_2))) - ((7.154788939134711 * (-2.82933830080293 + (0.9019774465276317 * x_2))) - (-3.6602214264569453 * (-2.82933830080293 + (0.9019774465276317 * x_2))))) - (-0.727112063279916 * (-2.7343051092784583 + (0.8676802164640326 * x_3)))))))
feynman_test_15,ok,4,32,1,BFGS,0.958195087367073,0.2704830249773281,86,11.26,,0.0,(2.6869362429908286 + ((1.0041988772581272 * (-2.6083629970816253 + (0.8614753242282561 * x_2))) - (0.9798050433478371 * ((((1.4710835249840617 * (-2.6083629970816253 + (0.8614753242282561 * x_2))) - (0.999688334479695 * (-2.6083629970816253 + (0.8614753242282561 * x_2)))) - ((((1.3325557257228065 * (-2.6083629970816253 + (0.8614753242282561 * x_2))) - (0.21772304748702598 * sin((1.3245996472118433 + (1.1010328424762887 * (-2.6083629970816253 + (0.8614753242282561 * x_2))))))) - (0.8773053001000264 * sin((1.6972931547503896 + (-0.7993212561752792 * (-1.6328865507846893 + (0.5623491845950379 * x_3))))))) - (-2.6083629970816253 + (0.8614753242282561 * x_2)))) * ((-0.15719977196766066 * (-2.6083629970816253 + (0.8614753242282561 * x_2))) - sin((1.75776278514049 + (-1.3835217889572835 * (-1.6328865507846893 + (0.5623491845950379 * x_3))))))))))
feynman_test_16,ok,6,32,1,BFGS,0.921014744966196,7.373343543128782,104,17.09,,0.0,(31.405165814039762 + (((32.813148993060324 * (-2.8339070085508693 + (0.8963785096562519 * x_3))) - (((23.923292077310634 * (-2.8339070085508693 + (0.8963785096562519 * x_3))) - ((3.5740513917051295 * (-2.4906875140014773 + (0.8274788980025466 * x_0))) - (29.166820763065672 * (-2.5646829966487252 + (0.8976314789223115 * x_1))))) - (28.1123625807583 * (-2.5646829966487252 + (0.8976314789223115 * x_1))))) - (((0.5602139598016118 * ((1.8486130893119905 + (-0.7873051657977672 * (-2.5646829966487252 + (0.8976314789223115 * x_1)))))**3) - ((3.0193017329257295 * (-2.754039946388614 + (0.9247900733006543 * x_4))) - (0.8351280350060304 * (((-2.708897785416129 + (-1.5330504860362737 * (-2.5646829966487252 + (0.8976314789223115 * x_1)))))**3 * ((0.17636504437159395 * (-2.4906875140014773 + (0.8274788980025466 * x_0))) - (-0.0008799699459539102 * (-2.5646829966487252 + (0.8976314789223115 * x_1)))))))) - (2.261284438843984 * ((2.595997059588681 + (1.4348282524452824 * (-2.5646829966487252 + (0.8976314789223115 * x_1)))))**2))))
feynman_test_17,ok,6,128,3,BFGS,0.8341464476555498,446.8558508450745,125,287.07,,0.0,(-6.053885288622169 + ((((3.873693149188817 * ((3.4194861242506356 + (2.9416204535627024 * (-2.7108630841762187 + (0.8830372164530217 * x_4)))))**3) - ((17.509142417254324 * (((-0.07755177041719796 + (0.1682520106887994 * (-2.781416348213264 + (0.8769741774113623 * x_3)))))**3 * (((23.935225335636886 * ((2.147254553175088 + (1.1771182814704346 * (-2.7108630841762187 + (0.8830372164530217 * x_4)))))**3) - (0.36890724927207796 * (-2.765478966339881 + (0.9329498472453334 * x_1)))) - ((1.4633803013116626 * (-2.7108630841762187 + (0.8830372164530217 * x_4))) - (1.081155973013865 * ((0.4133506059306211 + (0.8332315223638624 * (-2.7108630841762187 + (0.8830372164530217 * x_4)))))**3))))) - (-7.536496315146785 * ((-2.7108630841762187 + (0.8830372164530217 * x_4)) * ((2.939720607380412 + (1.2865095124772066 * (-2.7108630841762187 + (0.8830372164530217 * x_4)))))**3)))) - (0.4932712354279839 * (-2.765478966339881 + (0.9329498472453334 * x_1)))) * ((1.6371656281371365 * (-2.765478966339881 + (0.9329498472453334 * x_1))) - ((1.9687390876290243 * (-2.7108630841762187 + (0.8830372164530217 * x_4))) - (7.593277358781041 * ((0.766439874218996 + (0.09740984471457101 * (-2.7108630841762187 + (0.8830372164530217 * x_4)))))**3)))))
feynman_test_18,ok,5,256,4,BFGS,0.811444040649125,0.3380269541860864,109,422.70,,0.0,(0.3849857603881287 + (((-0.07222412754646967 * (-2.649399129385902 + (0.8900528640090624 * x_3))) - (-0.0026726033946830006 * (((1.179240033050422 * (-2.649399129385902 + (0.8900528640090624 * x_3))) - ((((1.1999192828133687 * exp((0.4469766818580604 + (-0.5961801995437019 * (-2.8325456789844874 + (0.8985308040340149 * x_0)))))) - (2.5106976206733114 * (-2.649399129385902 + (0.8900528640090624 * x_3)))) - exp((-1.005614593261127 + (-2.9940237614701184 * (-2.391519112253692 + (0.8163618698332834 * x_2)))))) - ((4.587937111330072 * exp((-0.07669965900447397 + (-0.7224982417078598 * (-2.8325456789844874 + (0.8985308040340149 * x_0)))))) - ((0.9245447757451986 * (-2.649399129385902 + (0.8900528640090624 * x_3))) - (1.3411710214793118 * (-2.649399129385902 + (0.8900528640090624 * x_3))))))) * ((0.5993551405343189 * ((2.6592492019689535 + (-0.8001708730401362 * (-2.8325456789844874 + (0.8985308040340149 * x_0)))))**3) - (1.3758364594389567 * (-2.649399129385902 + (0.8900528640090624 * x_3))))))) - (-0.23054404147012086 * (-2.649399129385902 + (0.8900528640090624 * x_3)))))
feynman_test_19,ok,6,64,2,BFGS,0.9476789500881733,3.574259269372621,127,194.92,,0.0,(1.2112283389749887 + ((((0.23787282192851644 * (-2.5340806714331805 + (0.8433488361089256 * x_3))) - ((0.0664072682807336 * ((3.3857510385218 + (0.2805344049226155 * (-2.586608786405093 + (0.8513854795762903 * x_5)))))**3) - (((1.2385693845973202 * (-2.5340806714331805 + (0.8433488361089256 * x_3))) - (((0.08937526842690557 * ((-1.9512764760959795 + (-0.47644522635713227 * (-2.586608786405093 + (0.8513854795762903 * x_5)))))**3) - (((-0.3047285637912903 * (-2.5340806714331805 + (0.8433488361089256 * x_3))) - ((((0.4961260886705945 * (-2.563942402759304 + (0.8359465135192651 * x_4))) - (2.933883176135823 * (-2.5340806714331805 + (0.8433488361089256 * x_3)))) - (0.8776627574089759 * (-2.5340806714331805 + (0.8433488361089256 * x_3)))) - (1.2980417631667893 * (-2.5340806714331805 + (0.8433488361089256 * x_3))))) - (2.1632384590960463 * (-2.5340806714331805 + (0.8433488361089256 * x_3))))) - (-0.2837438308519453 * (-2.5340806714331805 + (0.8433488361089256 * x_3))))) - (4.549450551732013 * (-2.5340806714331805 + (0.8433488361089256 * x_3)))))))**3 * (((0.1765446815109747 * (-2.470148202109449 + (0.8643710414180056 * x_0))) - (0.7809194296987643 + (0.21085431705033997 * (-2.586608786405093 + (0.8513854795762903 * x_5))))))**3))
feynman_test_2,ok,6,64,2,BFGS,0.30555708674932647,1.574556440417576,74,245.94,,0.0,(1.5291187865309355 + ((0.6622834139302676 * (-3.442291868563275 + (1.728032016896608 * x_2))) - ((0.4211774426550109 * (exp((0.5806163513056845 + (-1.036327809190491 * (-3.442291868563275 + (1.728032016896608 * x_2))))) * (0.5755577751459491 * sin((1.1761334836890036 + (2.2328691279663584 * ((-3.442291868563275 + (1.728032016896608 * x_2)) * (1.0969806576814207 + (2.0042134034180403 * (-3.442291868563275 + (1.728032016896608 * x_2))))))))))) - (((0.6348302910139332 * sin((3.33677665481334 + (1.0116949930999397 * (-3.442291868563275 + (1.728032016896608 * x_2)))))) - (1.210843350852557 * (-3.442291868563275 + (1.728032016896608 * x_2)))) - (-0.22752493961321119 * (-3.484219578395549 + (1.7515960242856556 * x_1)))))))
feynman_test_20,ok,7,256,4,BFGS,0.9379096000361059,1.0160448578885095,76,249.24,,0.0,(0.011202526881317999 + (exp(((((-0.8629568769670555 * (-2.6907610883925144 + (0.890707011566884 * x_4))) - ((3.385982428700678 * (-2.4913618241411206 + (0.870112794150215 * x_0))) - (1.8089140864685542 * (-2.4913618241411206 + (0.870112794150215 * x_0))))) - (2.834488820967856 + (0.5613622391505622 * (-2.783570439639793 + (0.9233358890323494 * x_5))))) - (-0.8093627354631763 * (-2.5052288861366203 + (0.8487810534637035 * x_1))))) * ((1.4703895696382632 * (-2.7376235059154497 + (0.8673671831208826 * x_2))) - ((0.5836684791968385 * exp((-1.2850082055369572 + (-1.3101305015396316 * (-2.5572280095030715 + (0.8621049992891755 * x_3)))))) - exp((1.3241224481447373 + (0.31537582057811764 * (-2.5572280095030715 + (0.8621049992891755 * x_3)))))))))
feynman_test_3,ok,4,32,1,BFGS,0.9470940262392418,0.4477177488610373,92,15.65,,0.0,(-2.3231915585470073 + (((0.0071661628697485946 * ((-15.032047874287718 + (3.353815118292767 * x_3)) * (-4.859006065813082 + (1.6427931891012966 * x_1)))) - (((-15.032047874287718 + (3.353815118292767 * x_3)) * ((-15.032047874287718 + (3.353815118292767 * x_3)) * ((0.21991420621071128 + (0.21508326221891752 * (-15.032047874287718 + (3.353815118292767 * x_3)))))**3)) - ((1.1241219905255706 * (-1.7773444575610435 + (0.8774297777973792 * (-4.859006065813082 + (1.6427931891012966 * x_1))))) - ((3.4670100640424666 * (((2.565446061339521 * (-3.471159570853373 + (1.6737506595930596 * x_0))) - (2.641149122166615 * (-3.471159570853373 + (1.6737506595930596 * x_0)))) * (-4.750211120307701 + (-1.5837098643621377 * (-4.859006065813082 + (1.6427931891012966 * x_1)))))) - (-4.859006065813082 + (1.6427931891012966 * x_1)))))) - (3.409045561549179 * (-4.859006065813082 + (1.6427931891012966 * x_1)))))
feynman_test_4,ok,5,32,1,BFGS,0.9792680320527463,0.07270119564717091,96,11.46,,0.0,(4.608544344088333 + (((0.21530175495599213 * (-8.409856081703799 + (0.8421415637065467 * x_1))) - (((0.09589956143459188 * (-3.4980833203229977 + (1.8537679695560751 * x_2))) - (2.6405792784834734 * sin((-2.3947963033627317 + (-0.2910578636098581 * (-3.434758293955252 + (1.7338496667716403 * x_0))))))) - (0.012230248631069078 * (((-3.3956721904323857 + (1.6818367301853963 * x_3)) - (((-2.7842265951425986 * (-3.434758293955252 + (1.7338496667716403 * x_0))) - (-0.9355872413848005 + (-1.2444656622405295 * (-8.409856081703799 + (0.8421415637065467 * x_1))))) - ((2.5747162700906623 * (-8.409856081703799 + (0.8421415637065467 * x_1))) - ((0.6684092509916573 * (-3.434758293955252 + (1.7338496667716403 * x_0))) - (0.21061547426223381 * (-8.409856081703799 + (0.8421415637065467 * x_1))))))) * (-0.9582502815937848 * (-8.409856081703799 + (0.8421415637065467 * x_1))))))) - (0.9701830481659184 * (-3.434758293955252 + (1.7338496667716403 * x_0)))))
feynman_test_5,ok,4,32,1,BFGS,0.9826587892814177,0.4062972948103627,81,22.44,,0.0,(2.014596616933412 + ((((0.5742904966281732 * (-3.23468266994482 + (1.6591241874943665 * x_0))) - (((0.8567079091709338 * (-3.23468266994482 + (1.6591241874943665 * x_0))) - (0.1905008498779987 * (-3.23468266994482 + (1.6591241874943665 * x_0)))) - (-0.0486560587824786 * sin((6.280619876217891 + (-1.267882295156693 * (-3.5715645968617267 + (1.7740534831014714 * x_3)))))))) - sin((2.808581928166518 + (0.08077921627508433 * (-3.463507310340305 + (1.7558292590522568 * x_1)))))) * ((1.6585608196127941 * (-3.5243486716001864 + (1.7355707966666627 * x_2))) - ((-24.82442128547759 * sin((-0.5519930484033455 + (-0.2587332329996809 * (-3.23468266994482 + (1.6591241874943665 * x_0)))))) - sin((-0.6965536469629012 + (-7.066798413576759 * (-3.463507310340305 + (1.7558292590522568 * x_1)))))))))
feynman_test_6,ok,7,64,2,BFGS,0.7570031875571603,0.2525552280310461,142,369.21,,0.0,(0.5683547579785213 + ((1.904984000561765 * exp(((-0.1726189089543507 * (-3.464097052656947 + (1.740799776652784 * x_5))) - ((-0.770345632387829 * (-3.464097052656947 + (1.740799776652784 * x_5))) - ((((2.7691275641194437 * (-3.464097052656947 + (1.740799776652784 * x_5))) - (((0.9362681397038257 * (-3.464097052656947 + (1.740799776652784 * x_5))) - (((0.9939008078191809 * (-3.495416236538771 + (1.7382917673746647 * x_1))) - ((-0.40428740669240776 * (-3.564003084010684 + (1.7270366227340548 * x_0))) - (-0.6149483410654228 * exp((2.3202161223569733 + (1.138034963888598 * (-3.464097052656947 + (1.740799776652784 * x_5)))))))) - ((0.851175406699124 * (-3.4017177863831747 + (1.6461681118362466 * x_3))) - (((0.0719959530184715 * (-3.564003084010684 + (1.7270366227340548 * x_0))) - (1.3770895388729887 * (-3.464097052656947 + (1.740799776652784 * x_5)))) - (2.6231041779707525 * (-3.464097052656947 + (1.740799776652784 * x_5))))))) - (2.365610279171601 * (-3.464097052656947 + (1.740799776652784 * x_5))))) - (0.2779305964999263 * (-3.464097052656947 + (1.740799776652784 * x_5)))) * (1.2237853796257692 * exp((-1.8365837468067525 + (-0.9716374195169477 * (-3.464097052656947 + (1.740799776652784 * x_5))))))))))) - ((1.5569053739019212 * (-3.464097052656947 + (1.740799776652784 * x_5))) - (1.2140285388912286 * (-3.464097052656947 + (1.740799776652784 * x_5))))))
feynman_test_7,ok,5,32,1,BFGS,0.9910319642021563,0.11087099765542167,123,11.76,,0.0,(4.248289890257048 + ((((1.771095778985944 * (-3.5817515635104775 + (1.71294374453043 * x_1))) - (((-0.601926384041056 * (-3.5817515635104775 + (1.71294374453043 * x_1))) - (((1.5248434011675167 * (-3.5817515635104775 + (1.71294374453043 * x_1))) - sin((-0.9472191407621517 + (1.082118360450929 * (-3.5817515635104775 + (1.71294374453043 * x_1)))))) - (((1.8724448453635167 * (-3.5817515635104775 + (1.71294374453043 * x_1))) - ((0.08961498700867154 * ((-3.5817515635104775 + (1.71294374453043 * x_1)) * ((1.0790860601299777 * (-4.01008885957154 + (1.9368236560367404 * x_0))) - (0.3996107971374514 * (-3.5817515635104775 + (1.71294374453043 * x_1)))))) - (1.1347914846187175 * (-3.5817515635104775 + (1.71294374453043 * x_1))))) - ((2.370930932471456 * sin((-0.793073693594367 + (0.6559279076895055 * (-3.5817515635104775 + (1.71294374453043 * x_1)))))) - (1.24294537082874 * (-3.5817515635104775 + (1.71294374453043 * x_1))))))) - (1.3216758595898144 * (-3.5817515635104775 + (1.71294374453043 * x_1))))) - (-0.7822858941446791 * (-4.01008885957154 + (1.9368236560367404 * x_0)))) - (-2.535241431722122 + (0.6010832298580588 * (-3.5817515635104775 + (1.71294374453043 * x_1))))))
feynman_test_8,ok,4,64,2,BFGS,0.9178451238611212,0.13623834885584915,54,30.16,,0.0,(0.5447230865415531 + (((((-4.031381592996777 * (-3.3653065153557096 + (1.6809530999057976 * x_0))) - (-17.744446895655337 * sin((-4.032512939743926 + (-0.3551026700263171 * (-3.3575040445859767 + (1.7014291673085824 * x_2))))))) - ((-5.405494678639471 * (-3.3653065153557096 + (1.6809530999057976 * x_0))) - (-2.2658696890832646 * (-3.4646197585343543 + (1.7925414576254786 * x_3))))) - (-3.3653065153557096 + (1.6809530999057976 * x_0))) * (0.0650452286930518 + (0.024040696633000333 * (-3.3653065153557096 + (1.6809530999057976 * x_0))))))
feynman_test_9,ok,5,64,2,BFGS,0.9345755231160449,2754.265619519595,139,172.97,,0.0,(-56.85165542814603 + (((15.52987135015379 * (-2.5627625663383364 + (0.8211078402482829 * x_3))) - (((15.064296366018107 * (-2.5627625663383364 + (0.8211078402482829 * x_3))) - (((5.746324848495808 * exp(((-1.1295639601808327 * (-5.185088551029865 + (3.40858213908487 * x_4))) - (3.279614218243765 * (-5.229820704398722 + (3.505187093079862 * x_1)))))) - (2.604566710959987 * (-2.5627625663383364 + (0.8211078402482829 * x_3)))) - ((0.5908562307599938 * exp((3.2184633768886353 + (-1.9246311705098296 * (-2.5627625663383364 + (0.8211078402482829 * x_3)))))) - ((-4.32078148047273 * (-2.4930593469502407 + (0.8452017443213172 * x_2))) - ((1.6025138036661146 * (-2.4930593469502407 + (0.8452017443213172 * x_2))) - (7.333659450677619 * exp((2.3881411673626287 + (0.676335379109249 * (-2.5627625663383364 + (0.8211078402482829 * x_3))))))))))) * ((0.8249228895307419 * (-5.657145228365777 + (3.711512297913349 * x_0))) - (-1.2425741560344739 * (-2.5627625663383364 + (0.8211078402482829 * x_3)))))) * (((-1.641195136368196 * (-2.4930593469502407 + (0.8452017443213172 * x_2))) - ((3.0552918275919527 * (-2.4930593469502407 + (0.8452017443213172 * x_2))) - (2.179097201337801 * (-2.4930593469502407 + (0.8452017443213172 * x_2))))) - (2.669993262490051 * exp((0.19686276244454165 + (0.6255296090325585 * (-2.5627625663383364 + (0.8211078402482829 * x_3)))))))))
first_principles_absorption,ok,1,32,1,BFGS,0.9996138512912764,0.021839778628924195,44,10.95,,0.0,(1.298190057165421 + ((0.15224749736830145 * sin(((1.8014298163979527 * (-0.748484636380034 + (0.08019887424858779 * x_0))) - sin((2.0582543047383206 + (-2.4597007109170965 * (-0.748484636380034 + (0.08019887424858779 * x_0)))))))) - ((-1.1292510679802268 * (-0.748484636380034 + (0.08019887424858779 * x_0))) - (1.0539125187330398 * sin((2.441667596774247 + (-1.3094497309139288 * (-0.748484636380034 + (0.08019887424858779 * x_0)))))))))
first_principles_bode,ok,1,32,1,BFGS,0.9995258204685751,0.1324245503654901,48,18.55,,0.0,(-133.74995647761006 + ((122.44674559188664 * exp((-83.48730153998085 + (211.09069714675587 * (0.3659119885901363 + (0.0030116213052686115 * x_0)))))) - ((-94.31820955609231 * (0.3659119885901363 + (0.0030116213052686115 * x_0))) - ((-229.98623419370256 * exp((-709.8170448946889 + (503.5547987717489 * (0.3659119885901363 + (0.0030116213052686115 * x_0)))))) - (388.2006595873954 * sin((-0.43814947236714064 + (0.48598089328903593 * (0.3659119885901363 + (0.0030116213052686115 * x_0))))))))))
first_principles_hubble,ok,1,256,4,BFGS,0.879720485506531,116.65037713114995,55,175.12,,0.0,(198.66732898009957 + (((562.4132062670096 * sin((6.882166766333173 + (0.49962980490996767 * (-1.4730662843564242 + (1.6521438540845628 * x_0)))))) - (72.66093790403201 * ((-3.1695266045714883 * sin((5.26121254725024 + (6.194293154448044 * ((-1.4730662843564242 + (1.6521438540845628 * x_0)) * (1.4409170391942698 + (1.3539027644166728 * (-1.4730662843564242 + (1.6521438540845628 * x_0))))))))) - (-1.4730662843564242 + (1.6521438540845628 * x_0))))) - (-6.387315856530163 + (0.5852844963038175 * (-1.4730662843564242 + (1.6521438540845628 * x_0))))))
first_principles_ideal_gas,ok,3,32,1,BFGS,0.9853976731435046,0.1622621672901899,79,16.97,,0.0,(10.119319500830251 + ((0.48734829615279374 * sin((0.4144613592974599 + (1.625965875479071 * (-1.7269481113159797 + (0.03158325643002412 * x_2)))))) - ((2.971125070086181 * sin((1.0662668759316274 + (1.1555932905260973 * (-1.6525414953354425 + (0.03695931216347938 * x_0)))))) - (1.5903750802688985 * ((((0.9579507191949816 * (-1.6525414953354425 + (0.03695931216347938 * x_0))) - (1.2924562438747702 + (1.10797510892202 * (-1.7269481113159797 + (0.03158325643002412 * x_2))))) - ((-0.1251170557079238 * (-1.6525414953354425 + (0.03695931216347938 * x_0))) - (-0.021655330324999653 + (1.6597736816462605 * (-1.7269481113159797 + (0.03158325643002412 * x_2)))))) * ((0.5333051386256247 * (-1.7269481113159797 + (0.03158325643002412 * x_2))) - (-1.6525414953354425 + (0.03695931216347938 * x_0))))))))
first_principles_kepler,ok,1,32,1,BFGS,0.9999999564082568,0.8088932113770122,59,15.24,,0.0,(140.18891978417003 + (((2.1833813937371698 * ((5.633881692719513 + (5.3881512721582965 * (-0.9263602581597056 + (0.3029466151936684 * x_0)))))**2) - ((1.5696961374014196 * (-0.9263602581597056 + (0.3029466151936684 * x_0))) - ((22.723891185595903 * (-0.9263602581597056 + (0.3029466151936684 * x_0))) - (14.71912701824138 * (-0.9263602581597056 + (0.3029466151936684 * x_0)))))) * ((4.310296131339644 * ((2.4698058215777454 + (0.5470366924571692 * (-0.9263602581597056 + (0.3029466151936684 * x_0)))))**2) - (18.30405112488085 * (-0.9263602581597056 + (0.3029466151936684 * x_0))))))
first_principles_leavitt,ok,1,32,1,BFGS,0.9807322700647855,0.13705412331746872,35,7.66,,0.0,(13.269108371650667 + (((1.27629531658091 * sin((3.6980292861408715 + (-1.4734656889481095 * (-1.7400037114235716 + (2.09864284243919 * x_0)))))) - (0.009230074782774156 * (-1.7400037114235716 + (2.09864284243919 * x_0)))) - (-2.6788092509994232 * sin((0.5889879565759091 + (-1.1354017551839748 * (-1.7400037114235716 + (2.09864284243919 * x_0))))))))
first_principles_newton,ok,3,256,4,BFGS,0.7914845459828654,4.965410862559476,74,291.43,,0.0,(41.01304733324582 + ((-12.050943903089617 * sin((13.46641000210876 + (9.593369725639583 * (-0.2899960593046727 + (2.629351402398742e-30 * x_2)))))) - ((17.757249040572844 * sin(((9.727243860474374 * sin((1.1535180460062326 + (0.7003689523750309 * (-0.613759874811038 + (7.12682274600027e-13 * x_0)))))) - (8.538218943460219 * sin((1.214849910594297 + (1.118492390866626 * (-0.2899960593046727 + (2.629351402398742e-30 * x_2))))))))) - ((8.633809746840658 * sin((1.0948486759207992 + (8.267921486853695 * (-0.2899960593046727 + (2.629351402398742e-30 * x_2)))))) - ((6.233453704691975 * (-0.613759874811038 + (7.12682274600027e-13 * x_0))) - (0.7461987708671409 + (1.015448822199244 * (-0.2899960593046727 + (2.629351402398742e-30 * x_2)))))))))
first_principles_planck,ok,2,32,1,BFGS,0.9852715111783258,24.122878081567116,92,14.56,,0.0,(-28.616495471744862 + ((-4.6456337430055115 * sin((-0.4787248781586795 + (2.1034690785503347 * (-0.34842883289438253 + (6.020477322376928e-16 * x_0)))))) - (3.041133771324181 * ((((-0.07636621780354261 * (-0.34842883289438253 + (6.020477322376928e-16 * x_0))) - (15.393649042611532 * ((0.1608620711253415 + (1.735244196248491 * ((0.1407020860928238 * (-0.34842883289438253 + (6.020477322376928e-16 * x_0))) - (0.2191616246379532 * sin((1.1754839632856573 + (1.6555962541054914 * (-0.34842883289438253 + (6.020477322376928e-16 * x_0))))))))))**2)) - (0.4244096949726459 * (-0.34842883289438253 + (6.020477322376928e-16 * x_0)))) * (((3.4181267324999105 * (-0.34842883289438253 + (6.020477322376928e-16 * x_0))) - (49.46227706453675 * sin((2.655000387427455 + (0.17460649447196103 * (-0.9222249154556069 + (0.0006349597364519323 * x_1))))))) - sin((-0.6856562297458777 + (4.916590854171503 * (-0.9222249154556069 + (0.0006349597364519323 * x_1))))))))))
first_principles_rydberg,ok,2,32,1,BFGS,0.9943509172470535,0.12273508627928084,99,12.44,,0.0,(-11.075462332427378 + (((2.8662005926960425 * (-1.95961510923864 + (0.5974436308654391 * x_0))) - ((0.34074461233472597 * sin((1.4359565008053137 + (1.8620531147725439 * (-1.95961510923864 + (0.5974436308654391 * x_0)))))) - (((-0.5676138686319288 * ((-1.95961510923864 + (0.5974436308654391 * x_0)) * (-1.95961510923864 + (0.5974436308654391 * x_0)))) - (((1.735187878432098 * sin((-0.023809365387310683 + (0.8187955278807348 * (-1.95961510923864 + (0.5974436308654391 * x_0)))))) - ((1.971706710459987 * (-1.95961510923864 + (0.5974436308654391 * x_0))) - (0.17731106617951142 * (-3.60108467081408 + (0.6407623969420071 * x_1))))) - ((0.3234842039415382 * (-1.95961510923864 + (0.5974436308654391 * x_0))) - (1.9605951651873355 + (1.092830305707519 * (-1.95961510923864 + (0.5974436308654391 * x_0))))))) - (-1.95961510923864 + (0.5974436308654391 * x_0))))) - (0.035990832785845694 + (0.1317836072573237 * (-1.95961510923864 + (0.5974436308654391 * x_0))))))
first_principles_schechter,ok,1,32,1,BFGS,0.9622731467293141,0.9669644693220344,39,8.63,,0.0,(-18.869805793723202 + ((-6.359220927988949 * (-0.5152265363826667 + (1.6261733659552068e-09 * x_0))) - ((13.789738182598175 * sin(((0.6026491778254703 * (-0.5152265363826667 + (1.6261733659552068e-09 * x_0))) - (-0.7139839479925254 * sin((1.9064394112247287 + (1.416453521064724 * (-0.5152265363826667 + (1.6261733659552068e-09 * x_0))))))))) - (-0.5152265363826667 + (1.6261733659552068e-09 * x_0)))))
first_principles_supernovae_zg,ok,1,32,1,BFGS,0.9983577416978534,0.011776828226661432,45,11.09,,0.0,(0.39581419501400134 + (((0.40192515033384246 * sin((0.24555322205064029 + (-1.3801924903301104 * (-1.0690083287768268 + (0.03814143456527167 * x_0)))))) - (-0.1586630618698474 * (-1.0690083287768268 + (0.03814143456527167 * x_0)))) - (0.36463611397925233 * sin((1.7103600613419343 + (0.7994853116195809 * ((-1.0690083287768268 + (0.03814143456527167 * x_0)) * (2.38008615339756 + (-1.1538228327109288 * (-1.0690083287768268 + (0.03814143456527167 * x_0)))))))))))
first_principles_supernovae_zr,ok,1,32,1,BFGS,0.9277323034156844,0.05897098490366836,45,11.39,,0.0,(4.4075524990155195 + ((-1.7954024419528922 * sin((-3.225661124884586 + (-1.2440175091295504 * (-1.6026515238622114 + (0.046431321645507846 * x_0)))))) - ((4.02487573763216 + (-0.8069740679246745 * sin((-3.1537251319812034 + (-1.7798145270176355 * (-1.6026515238622114 + (0.046431321645507846 * x_0))))))) - ((-0.526953630838158 * (-1.6026515238622114 + (0.046431321645507846 * x_0))) - (-1.1681292797024774 * (-1.6026515238622114 + (0.046431321645507846 * x_0)))))))
first_principles_tully_fisher,ok,1,32,1,BFGS,0.9463304746498971,0.3290171489203195,30,11.78,,0.0,(-16.69941040196515 + ((-6.1032996557842925 * (-2.139304033980945 + (0.006687978646939128 * x_0))) - (2.4956098219369984 + (5.242275513584682 * ((-2.139304033980945 + (0.006687978646939128 * x_0)) * sin((-1.1770812467477154 + (-0.20283112873865444 * (-2.139304033980945 + (0.006687978646939128 * x_0))))))))))
nikuradse_1,ok,2,128,3,BFGS,0.794178180198512,0.04193934501268014,57,90.74,,0.0,(1.4383172214980846 + (((1.1561380516152089 * sin((0.9651422715404262 + (0.08259922168173253 * ((-1.3445265834704199 + (0.005918071145166688 * x_0)) * (-1.3445265834704199 + (0.005918071145166688 * x_0))))))) - (2.539520759107277 + (0.2775967942980001 * (-1.3445265834704199 + (0.005918071145166688 * x_0))))) - ((-1.1802262717594936 * (-1.3445265834704199 + (0.005918071145166688 * x_0))) - ((0.5691369583963417 * sin((2.006269196984256 + (0.055621908170031584 * (-1.3445265834704199 + (0.005918071145166688 * x_0)))))) - (-1.3445265834704199 + (0.005918071145166688 * x_0))))))
nikuradse_2,ok,1,32,1,BFGS,0.9838645229338719,0.040048187776318696,56,8.43,,0.0,(2.0274701097524934 + ((-0.2392255077808399 * sin((-2.905229148829184 + (-2.0569698304580464 * (-1.9879774008876716 + (1.6574136973190292 * x_0)))))) - ((3.458165133694293 * (-1.9879774008876716 + (1.6574136973190292 * x_0))) - ((-0.9061089958728799 * ((-1.9879774008876716 + (1.6574136973190292 * x_0)) * ((-1.169944699357105 * (-1.9879774008876716 + (1.6574136973190292 * x_0))) - (-2.281946825567075 + (-1.4020061726011857 * (-1.9879774008876716 + (1.6574136973190292 * x_0))))))) - (-5.718051294857739 * (-1.9879774008876716 + (1.6574136973190292 * x_0)))))))
solar_flare,ok,10,256,4,BFGS,nan,nan,100,131.13,,0.0,(-1.7431026650270276 + (((1.5096760855876052 * ((-0.0689369254072978 * (-1.1997483391631258 + (0.4751478570943073 * x_0))) - (0.26660218373274097 * (((0.15866858095392503 * (((2.0655789916099327 * (-2.207994968177486 + (1.5549260339278073 * x_4))) - (((1.0597212934817635 * (-2.207994968177486 + (1.5549260339278073 * x_4))) - (1.775255418808559 * (nan + (inf * x_9)))) - ((nan + (inf * x_9)) * (-2.207994968177486 + (1.5549260339278073 * x_4))))) * (-1.4326457214253776 + (0.7744030926623663 * x_1)))) - (-0.6207199194614523 * (nan + (inf * x_9)))) - ((1.429774201513496 + (0.1106782096122364 * (-1.4326457214253776 + (0.7744030926623663 * x_1)))))**3)))) - (0.8313287030703187 * ((nan + (inf * x_9)) * (-1.1997483391631258 + (0.4751478570943073 * x_0))))) * (1.9235052194606088 + (1.514830734432663 * (nan + (inf * x_9))))))
strogatz_bacres1,ok,2,32,1,BFGS,0.9997730211436233,0.036941641577609693,30,19.42,,0.0,(-2.4520005457652783 + ((-3.354220134062431 * (-3.1009340740058042 + (0.07848210426397985 * x_1))) - (5.851784014633703 * sin(((0.30918492383485774 * (-6.2652814930864 + (0.45765203318264863 * x_0))) - (0.5830363622220478 + (0.2941089471613252 * (-3.1009340740058042 + (0.07848210426397985 * x_1)))))))))
strogatz_bacres2,ok,2,32,1,BFGS,0.9934537774829744,0.17249394417103317,56,14.23,,0.0,(-6.285833444294122 + ((-21.193946958337754 * (-3.1009340740058042 + (0.07848210426397985 * x_1))) - ((41.209485686083625 * sin((-0.2795477566574496 + (-0.4913930452709627 * (-3.1009340740058042 + (0.07848210426397985 * x_1)))))) - ((0.08307294133196974 * ((-3.1009340740058042 + (0.07848210426397985 * x_1)) * (5.442292455253849 + (-6.3429799160593845 * (-6.2652814930864 + (0.45765203318264863 * x_0)))))) - ((-6.602636947931458 * (-3.1009340740058042 + (0.07848210426397985 * x_1))) - (-6.878733398811001 * (-3.1009340740058042 + (0.07848210426397985 * x_1))))))))
strogatz_barmag1,ok,2,128,3,BFGS,0.8634796898150007,0.09131112741505899,69,91.00,,0.0,(0.1883053947307477 + ((-0.6217627861848726 * sin(((-1.1080257247188625 * (-15.844310416841397 + (2.7805581875467364 * x_0))) - (-1.7359845127166524 * (-15.844310416841397 + (2.7805581875467364 * x_0)))))) - (-0.10540209257335015 * sin((-2.3056941790880723 + (-0.664139322363539 * ((-15.844310416841397 + (2.7805581875467364 * x_0)) * ((-1.3706043078009298 * ((-15.844310416841397 + (2.7805581875467364 * x_0)) * (-1.5691663079707525 + (-1.16286484529963 * (-15.844310416841397 + (2.7805581875467364 * x_0)))))) - ((-1.2209892329977783 * (-15.844310416841397 + (2.7805581875467364 * x_0))) - (1.4295776359252317 + (-0.058954264270073345 * (-15.844310416841397 + (2.7805581875467364 * x_0)))))))))))))
strogatz_barmag2,ok,2,32,1,BFGS,0.9615263384907698,0.07416881580908719,99,8.89,,0.0,(-0.767828238763042 + (((2.4918198066065447 * sin((-1.0583193568656135 + (0.4029546923226144 * (-15.844310416841397 + (2.7805581875467364 * x_0)))))) - ((1.490179820706552 * (-15.844310416841397 + (2.7805581875467364 * x_0))) - ((1.4552655337659868 * (-15.844310416841397 + (2.7805581875467364 * x_0))) - (0.6720421803516783 * (-1.2538429920116652 + (0.3484404828044345 * x_1)))))) * ((1.0086098756841109 * ((-15.844310416841397 + (2.7805581875467364 * x_0)) * (((0.9456861624331268 * (-15.844310416841397 + (2.7805581875467364 * x_0))) - (0.27429910673824387 + (-0.7437946543506997 * (-15.844310416841397 + (2.7805581875467364 * x_0))))) - (1.826218780846359 * (-15.844310416841397 + (2.7805581875467364 * x_0)))))) - (0.5031092081015227 * sin((0.6545137820690667 + (1.4501050202999828 * ((-1.2538429920116652 + (0.3484404828044345 * x_1)) * ((0.46214360186028136 * (-15.844310416841397 + (2.7805581875467364 * x_0))) - (-15.844310416841397 + (2.7805581875467364 * x_0)))))))))))
strogatz_glider1,ok,2,256,4,BFGS,0.2941836544015407,0.6617626341558832,74,144.77,,0.0,(-2.279763610871022 + ((-0.5015477447382601 * sin(((0.7133907444950454 * (-1.8084175385794719 + (0.8984434651839722 * x_0))) - (0.6137532685787206 + (5.339178689103883 * (sin((1.5404169928680829 + (1.4043100682550684 * (-1.836876920436821 + (0.13306474919016115 * x_1))))) * sin((-0.7537736862080917 + (2.371094545723662 * (-1.8084175385794719 + (0.8984434651839722 * x_0))))))))))) - (((-0.6896099169329186 * (-1.8084175385794719 + (0.8984434651839722 * x_0))) - (1.4410520249729901 + (-1.4659738835729454 * (-1.8084175385794719 + (0.8984434651839722 * x_0))))) - ((1.168286988868199 * (-1.8084175385794719 + (0.8984434651839722 * x_0))) - (-0.436797811811969 + (0.6236981716029464 * (-1.8084175385794719 + (0.8984434651839722 * x_0))))))))
strogatz_glider2,ok,2,128,3,BFGS,0.7915690056222464,0.4835612024818766,66,101.45,,0.0,(2.1374679134316166 + (((2.074961904485062 * sin((1.0033475509877041 + (1.078657836879152 * (-1.8084175385794719 + (0.8984434651839722 * x_0)))))) - (0.9537837023116613 * (((1.6759819918597643 * ((-1.8084175385794719 + (0.8984434651839722 * x_0)) * (1.204465899480574 + (-0.08351539023859758 * (-1.8084175385794719 + (0.8984434651839722 * x_0)))))) - (-1.8084175385794719 + (0.8984434651839722 * x_0))) * ((0.35330713771814337 * (-1.8084175385794719 + (0.8984434651839722 * x_0))) - (1.7651657464150885 * (-1.8084175385794719 + (0.8984434651839722 * x_0))))))) - (2.0120022903732693 + (0.017544673586325298 * (-1.836876920436821 + (0.13306474919016115 * x_1))))))
strogatz_lv1,ok,2,32,1,BFGS,0.9920669263444952,0.08572451914925742,87,26.92,,0.0,(0.021729103670436466 + ((((-0.7733113278905539 * (-1.0185100736451067 + (0.7243342361165919 * x_0))) - (0.8470743747966591 * sin((0.9613431542777948 + (0.8414421878282536 * (-1.1210540200500059 + (1.0527256234139701 * x_1))))))))**3 * ((1.128213830531375 * (-1.1210540200500059 + (1.0527256234139701 * x_1))) - ((((1.0875803558042603 * (((0.5533848176845784 * (-1.0185100736451067 + (0.7243342361165919 * x_0))) - (1.7098402217576343 * ((-1.1210540200500059 + (1.0527256234139701 * x_1)) * (0.37050365596526036 + (1.1891091088482102 * (-1.1210540200500059 + (1.0527256234139701 * x_1))))))))**3) - (-1.1210540200500059 + (1.0527256234139701 * x_1))) - (1.8257868222104916 + (0.9262994592734979 * (-1.1210540200500059 + (1.0527256234139701 * x_1))))) - sin((1.4671001162665243 + (1.5285384261030681 * (-1.1210540200500059 + (1.0527256234139701 * x_1)))))))))
strogatz_lv2,ok,2,32,1,BFGS,0.9949967090157655,0.038773135560071566,65,11.84,,0.0,(-0.6168060891650974 + ((((-1.1816766387148094 * sin((-2.7694648576445724 + (0.48403695620582754 * (-1.0185100736451067 + (0.7243342361165919 * x_0)))))) - (0.9936184564886087 * sin((-1.0580453120248943 + (1.073014947625325 * (-1.0185100736451067 + (0.7243342361165919 * x_0))))))) - (((-1.1118832612578018 + (-0.16398126999248064 * (-1.1210540200500059 + (1.0527256234139701 * x_1)))))**3 * sin((-1.4015547978965022 + (0.9210051987095822 * (-1.1210540200500059 + (1.0527256234139701 * x_1))))))) * ((1.2504035757612328 * (-1.0185100736451067 + (0.7243342361165919 * x_0))) - (0.8150276340169768 * (-1.1210540200500059 + (1.0527256234139701 * x_1))))))
strogatz_predprey1,ok,2,32,1,BFGS,0.9884451188928854,0.2709949324575664,60,11.70,,0.0,(-0.06372013053402537 + ((-0.44610532667126 * ((0.3464479149073607 + (1.6355705908727263 * (-1.8083916054835167 + (0.37798488323581947 * x_1)))))**3) - (0.7056256577245161 * (((-0.8267753412325254 * (-0.7749611889583518 + (0.8276419259871193 * x_0))) - (-1.8586411058198617 * (-1.8083916054835167 + (0.37798488323581947 * x_1)))) * (2.519193445140088 * (((-3.008651298874815 * (-1.8083916054835167 + (0.37798488323581947 * x_1))) - (4.215570460403395 + (2.7160057404579483 * (-0.7749611889583518 + (0.8276419259871193 * x_0))))) * (0.14233591346403318 * (-1.8083916054835167 + (0.37798488323581947 * x_1)))))))))
strogatz_predprey2,ok,2,32,1,BFGS,0.976261669725677,0.25042724290550394,81,10.35,,0.0,(0.12168831429823426 + ((-0.14093981258075045 * (((((0.4327525130473472 * (-0.7749611889583518 + (0.8276419259871193 * x_0))) - (-0.7749611889583518 + (0.8276419259871193 * x_0))) - (0.28460568916360685 + (-1.2114170507290687 + (2.4260038173927203 * (-1.8083916054835167 + (0.37798488323581947 * x_1)))))) - (-1.4418452398075217 + (-2.6853408731835806 * (-1.8083916054835167 + (0.37798488323581947 * x_1))))) * (((-0.030921573962637318 * (-1.8083916054835167 + (0.37798488323581947 * x_1))) - (-0.7486437494686562 + (2.668671381996082 * (-0.7749611889583518 + (0.8276419259871193 * x_0))))) - ((2.5525855123214543 * (-0.7749611889583518 + (0.8276419259871193 * x_0))) - (2.418001345468319 * (-1.8083916054835167 + (0.37798488323581947 * x_1))))))) - (0.5040214973462438 * (-1.8083916054835167 + (0.37798488323581947 * x_1)))))
strogatz_shearflow1,ok,2,32,1,BFGS,0.9922893132118914,0.04299168176013941,41,23.20,,0.0,(-0.030401016530297073 + (((-0.07228914502678677 + (-0.3896664790143727 * (0.1425865318514197 + (0.5727827728700499 * x_1)))))**3 * (((0.8594354227827441 * (1.0787725150702083 + (0.4912165308203284 * x_0))) - (1.7742365487667668 * (0.1425865318514197 + (0.5727827728700499 * x_1)))) - (2.154476361506492 * tan((0.6782492087817988 + (1.4912663786242053 * (0.1425865318514197 + (0.5727827728700499 * x_1)))))))))
strogatz_shearflow2,ok,2,32,1,BFGS,0.9944216485324915,0.01640417906989268,85,10.78,,0.0,(0.06053505025107225 + (((0.68450828961846 * (1.0787725150702083 + (0.4912165308203284 * x_0))) - (1.4294395234721362 * sin((2.4736789417960097 + (0.4408727997193571 * (0.1425865318514197 + (0.5727827728700499 * x_1))))))) * ((1.4554364406219396 * sin((0.3737915191572596 + (1.6880793158062524 * (1.0787725150702083 + (0.4912165308203284 * x_0)))))) - ((-0.5148304744345515 * (0.1425865318514197 + (0.5727827728700499 * x_1))) - (((1.739280261465387 * sin((-0.22338464337251862 + (1.199175087059062 * (0.1425865318514197 + (0.5727827728700499 * x_1)))))) - ((1.1313686851943858 * (1.0787725150702083 + (0.4912165308203284 * x_0))) - (-0.018130895100353046 * sin((0.8174788513614009 + (1.9058228235200358 * (0.1425865318514197 + (0.5727827728700499 * x_1)))))))) - (1.732932540173067 * (0.1425865318514197 + (0.5727827728700499 * x_1))))))))
strogatz_vdp1,ok,2,32,1,BFGS,0.9997504748536062,0.01630814568443798,35,19.56,,0.0,(-66.40733201839689 + (((-44.84920311730254 * (-0.44260024914922197 + (1.069046206513926 * x_0))) - (80.25073739109632 * sin((-0.26572543505638646 + (-0.5988510318889746 * (-0.44260024914922197 + (1.069046206513926 * x_0))))))) - (132.77921017495314 * sin((-0.36413050159710775 + (-0.01883175071658364 * (-0.3313309365474487 + (4.278311300708479 * x_1))))))))
strogatz_vdp2,ok,2,32,1,BFGS,0.999999999994082,2.2755785363222084e-07,17,9.80,,0.0,(-0.04140118677504037 + ((1.3513721369493892 * (-0.44260024914922197 + (1.069046206513926 * x_0))) - (1.4449134601600702 * (-0.44260024914922197 + (1.069046206513926 * x_0)))))
