dataset,status,n_features,refinement_type,r2,rmse,complexity,seconds,error,noise_strength,expr
1027_ESL,ok,4,NoRef,0.7964402811464291,0.5970100315440583,37,9.265172481536865,,0.0,(0.9740000000000001 + (0.7160000000000001 * abs(((1.92 + (-0.534 * (-3.2646780146027847 + (0.640682119755828 * x_1)))) - ((8.08 + (0.267 * tan((0.0015899999999999998 + (48.5 * (-3.5866482951028424 + (0.6488943529449531 * x_0))))))) - (((-0.011500000000000002 + (-5.984639666737496 + (1.0617441192563855 * x_3))) - (-0.010900000000000002 + (-0.542 * (-4.597176476102773 + (0.8602078682278196 * x_2))))) * (-0.9700000000000001 + (-0.20700000000000002 * (-4.597176476102773 + (0.8602078682278196 * x_2))))))))))
1028_SWD,ok,10,BFGS,-0.0006062454478119594,0.8090368173465368,73,11.323543548583984,,0.0,(((0.1503998300034718 * tan((46.58246125551229 + (2.672492016428271e-05 * (-2.1373666733018415 + (0.9662597980568902 * x_2)))))) - (((-8.279105205618025 * inv(((((-3.667050132483762 + (-7.154895107061349 * (-2.7596764375814526 + (1.367982371570449 * x_7)))) - (0.026150132483763244 + (3.469584218298958 * (-2.600553656918532 + (1.2550934637637703 * x_8))))) - (0.08715013248376326 + (0.5164148228269819 * (-2.426926571290108 + (1.2290310117944503 * x_3))))) + (-4.4470501324837635 + (-0.0006532567218767861 * (-2.9081003152529648 + (2.0120620262359075 * x_5))))))) * (5.383268706681742e-07 + (1.3490822541737956e-07 * (-2.6342106133194694 + (1.2394341028792988 * x_9))))) + (-0.40572298029737586 + (1.2287534605470714e-06 * arctan((0.001721848600306001 + (-9.157361846273336 * cos((((0.027895004484724442 + (-2.8215915534304346 + (1.2833193845196034 * x_1))) - (-0.3046650044847245 + (44.83304882333389 * (-2.697450793320586 + (1.3559571682241551 * x_0))))) * (0.24537099300442386 + (-7.883032329912391 * (-2.569944899053485 + (1.3329589725381146 * x_6))))))))))))) + (3.4807229802973763 + (-1.4777279477228487e-06 * (-2.268186844778958 + (0.9771051887330375 * x_4)))))
1029_LEV,ok,4,BFGS,0.00014794193666578526,0.9233687478925715,89,7.760056018829346,,0.0,(0.7403101757802302 + (6.797606961686084 * inv(((4.444517065177756 + (-0.015019860381136613 * (-1.4856411796560651 + (0.7038729530903657 * x_2)))) + (-0.05048306238817456 + (2.5251870160398218 * sin(((-0.012544925844371953 + (-0.5740575553540294 * sqrt((0.4568679659125452 + (-0.000447233632153331 * sin((((-0.002909022691044191 + (-9.949922855642155 * (-1.43051090044895 + (0.7293563394539174 * x_3)))) - (27.199919022653404 + (0.07601489359347426 * (-1.453122682939075 + (0.7314375920834271 * x_1))))) - ((-0.006860976681608285 + (0.03671787880430521 * abs((-0.3740100659016007 + (36.09999230479419 * (-1.453122682939075 + (0.7314375920834271 * x_1))))))) - (((0.00392407691926361 + exp((20.497646779327063 + (-1.2447225684250052 + (0.7356516361849913 * x_0))))) * ((9.810651537366551 + (-12.13708884373729 * (-1.453122682939075 + (0.7314375920834271 * x_1)))) + (-2.839348474884942 + (2.2568966764370173 * (-1.43051090044895 + (0.7293563394539174 * x_3)))))) * (-0.07414717270987999 + (0.07924353966108684 * (-1.43051090044895 + (0.7293563394539174 * x_3))))))))))))) * (-99.90056441383871 + (0.9029247395388201 * exp((-0.06823037795010624 + (0.8046485523524785 * tan((69.64757209492709 + (-93.56411195840803 * (-1.43051090044895 + (0.7293563394539174 * x_3))))))))))))))))))
1030_ERA,ok,4,BFGS,-0.0024633098826938316,2.1786968376164473,50,5.957511901855469,,0.0,((0.0038984866922337756 + (6.807279068454663e-08 * (-1.6699147855983014 + (0.21789076012503933 * x_0)))) - (-0.016548486692233782 + (-7.809059736466517 * (((1.2055677812457222 + (1.5092338367905818e-08 * sin((0.08720628409773695 + (-9.045272300278326 * (-1.7229002393230515 + (0.2634941230612334 * x_1))))))) - (0.48243221875427783 + (6.85582007223955e-09 * sin(((-0.06252826079605567 + (-51.001673499792396 * (-1.3791511341247022 + (0.2190519590414076 * x_3)))) - (((0.02305563554961023 + (1.5976596258470568 * (-1.848228685399118 + (0.2762949001493599 * x_2)))) * (0.5402649528433354 + (18.90337432345373 * (-1.6699147855983014 + (0.21789076012503933 * x_0))))) - (-5.010828260796056 + (-16.505386503815892 * (-1.6699147855983014 + (0.21789076012503933 * x_0)))))))))))**2)))
1096_FacultySalaries,ok,4,NoRef,0.6884140654279811,2.2029518898922666,29,4.55484676361084,,0.0,((-14.700000000000001 + (-0.00114 * (-0.483045891539648 + (2.5532425695667107 * x_0)))) * (((0.008369999999999999 + (-0.0007 * (-8.294162598512163 + (0.14200756008222232 * x_1)))) - ((0.00535 + (-0.248 * (-7.228378749769162 + (0.09741892258588145 * x_2)))) - (-0.619 + (-0.0043 * (-8.294162598512163 + (0.14200756008222232 * x_1)))))) - (2.39 + (0.516 * (-8.294162598512163 + (0.14200756008222232 * x_1))))))
1193_BNG_lowbwt,ok,9,NoRef,0.5389314893411754,487.60844352605596,105,68.52355170249939,,0.0,((-0.06430000000000001 + (-0.728 * sqrt((6.8 + (0.00548 * cos((-0.09340000000000001 + (-3.91 * (-0.8753177193754129 + (0.7228622117526775 * x_8)))))))))) - ((((9.89 * sqrt((10.9 + (0.556 * inv((((0.00232 * (-2.2954917666927157 + (2.7311282671192774 * x_7))) * (-0.0267 + (-25.1 * inv((25.400000000000002 + (6.75 * sqrt((98.10000000000001 + (-0.8450000000000001 * (-1.8663682181069738 + (1.3843764003815417 * x_3))))))))))) + (0.29500000000000004 + (41.7 * ((-0.171 + (0.686 * (-0.42492690553036766 + (1.646080181370378 * x_5)))))**3)))))))) * ((0.00703 + (16.5 * cos((0.07 + (-9.35 * (-0.8258478427120429 + (2.0367246511033446 * x_4))))))) - ((0.36100000000000004 + (0.023500000000000004 * (-0.6709061034818435 + (2.1614276456324326 * x_0)))) * (((-0.731 + (-0.8258478427120429 + (2.0367246511033446 * x_4))) + (0.053200000000000004 + (-4.5200000000000005 * (-4.248422047977351 + (0.032784099878693275 * x_2))))) * (-0.0021999999999999997 + (-0.8 * (-0.2743552436594544 + (3.9192646197720467 * x_6)))))))) + ((-51.300000000000004 + (-0.00819 * (-4.379396026233055 + (0.18873184169507426 * x_1)))) * (55.9 + (-9.5 * (-0.6709061034818435 + (2.1614276456324326 * x_0)))))) - (74.10000000000001 + (98.3 * (-2.2954917666927157 + (2.7311282671192774 * x_7))))))
1196_BNG_pharynx,ok,10,NoRef,0.3720861905995414,331.42491915388416,97,92.30952525138855,,0.0,((((-0.053200000000000004 + (-1.4884195962629418 + (1.0396411615340688 * x_8))) - (9.21 + (-0.055400000000000005 * inv((-0.917 + (59.0 * (-0.9748807203728533 + (2.0006472363190704 * x_2)))))))) * (-0.00376 + (0.0675 * (-0.9787621505210815 + (0.9861318424906281 * x_7))))) + (((((-2.0100000000000002 + (-0.549 * inv((-33.1 + (-7.2 * exp((0.05160000000000001 + (-0.067 * sqrt((25.400000000000002 + (0.17600000000000002 * (-1.4145987963010245 + (1.5251980225035269 * x_3))))))))))))) + ((0.906 + (0.883 * sin(((74.10000000000001 + (68.9 * (-0.6062755085208393 + (2.2556906439594284 * x_9)))) * (-0.0181 + (-72.7 * ((-0.676 + (-0.00085 * (-1.768313735831374 + (2.3338242443666983 * x_1)))))**2)))))) * (-9.05 + (86.0 * log((71.8 + (0.00516 * (-1.2335146302106939 + (1.2276236734098909 * x_6))))))))) - (0.061500000000000006 + (-0.0873 * (-1.4884195962629418 + (1.0396411615340688 * x_8))))) + (0.0074399999999999996 + (-0.00381 * (-1.3024072194677068 + (0.5724276438596108 * x_0))))) - (0.9390000000000001 + (42.300000000000004 * inv((-0.09680000000000001 + (-0.0025399999999999997 * (-0.5294352082530241 + (1.2636529607062625 * x_5)))))))))
1199_BNG_echoMonths,ok,9,NoRef,0.31331840088822516,13.13940486277466,68,46.936689376831055,,0.0,((0.1 + (0.002 * (((30.0 + (-20.0 * (-0.7006903278735214 + (2.1278543120472913 * x_0)))) + (0.01 + (-99.9 * sin(((0.01 + (5.0 * (-0.5017378935864184 + (2.494810397741941 * x_8)))) + (0.006 + (0.01 * inv(((0.060000000000000005 + (0.060000000000000005 * (-5.895898785165648 + (1.2318638071644166 * x_5)))) + ((0.060000000000000005 + (0.060000000000000005 * (-0.49911869021357436 + (2.5026501539864436 * x_2)))) + ((0.060000000000000005 + (-0.060000000000000005 * (-7.592359124770964 + (0.12102999837163637 * x_1)))) + (0.060000000000000005 + (-0.060000000000000005 * (-2.0328645278907476 + (9.118566531730082 * x_3))))))))))))))))**2)) + ((0.001 + (-0.002 * (-3.067944714584882 + (2.164750004991396 * x_7)))) * ((90.0 + (0.02 * (-1.6574444047673307 + (0.13888828634554612 * x_4)))) + (0.001 + (0.02 * (-2.6721771408958337 + (0.18194219588543792 * x_6)))))))
1201_BNG_breastTumor,ok,9,BFGS,0.0033300177941545384,10.376173999970472,98,68.45140314102173,,0.0,((-0.0052582738680924945 + (-15.499032941109245 * arctan((((-0.017089779555562172 + (0.08470606140979518 * (-1.0518934400831168 + (2.002560077875804 * x_5)))) - (91.20018977955557 + (81.19988112130167 * (-0.5638320098201588 + (2.337409924133613 * x_3))))) - ((-0.08461022044443785 + (-0.94804123177968 * (-0.7087067259517521 + (0.22582626161959693 * x_2)))) - ((-0.0030597795555621686 + (-0.006414483042031012 * inv((0.129476620876653 + (-0.01524121329659167 * (-5.250497014027723 + (0.10319273787661308 * x_0))))))) - ((-9.319811398304253 + (-0.36100815349536336 * (-0.7262194085300238 + (2.103213727676835 * x_8)))) * ((0.4972355759287405 + (-0.658704010602191 * (-0.9189845014450806 + (1.6390296272383873 * x_1)))) + (((0.004386243323900387 + (-0.5638320098201588 + (2.337409924133613 * x_3))) * (0.04291969489602274 + (8.669997516298892 * (-1.1088808592176158 + (0.7610555194479648 * x_6))))) * (-0.0021318725129448875 + (0.012449459883717194 * abs((((-0.969984933620876 * (-1.5180585447871628 + (1.2488927483023398 * x_4))) + (-0.9529977614699751 + (0.0001431073835790491 * (-1.1088808592176158 + (0.7610555194479648 * x_6))))) + (-0.0059377614699749875 + (-0.328984933620876 * (-1.5180585447871628 + (1.2488927483023398 * x_4))))))))))))))))) * (0.9000380478639234 + (-0.6423426112285097 * sin(((-48.81127838020514 + (-0.6347357779066245 * tan((0.05359987283734908 + (7.670743728794232 * (-1.0518934400831168 + (2.002560077875804 * x_5))))))) - (0.5012783802051296 + (-0.001368301751581611 * (-0.6252646835076331 + (2.224587380561564 * x_7)))))))))
1203_BNG_pwLinear,ok,10,NoRef,0.4808807205336537,3.2162116541682426,83,63.369032859802246,,0.0,(((0.5 * (0.09327695722231513 + (1.1935641468320128 * x_2))) - ((((0.503 + (-0.07806305361583178 + (1.0030422923983957 * x_0))) - (0.541 + (0.6980000000000001 * inv((((39.5 * inv((-6.07 + (-0.192 * (-0.026755910949340968 + (1.191283622228365 * x_7)))))) - (0.368 + (-0.016800000000000002 * cos((7.34 + (0.0664 * ((0.00199 + (-8.39 * (0.05301294397079258 + (1.1962125910257306 * x_8)))))**2)))))) + (0.0874 + (80.60000000000001 * (0.017023356996386664 + (1.214022120525997 * x_3))))))))) * (-0.0010199999999999999 + (20.8 * inv((8.17 + (0.00013 * (0.08136827226570918 + (1.214127207235189 * x_9)))))))) - (-0.056 + (-2.0300000000000002 * sin((0.054200000000000005 + (7.8 * (0.021079400064747105 + (1.2326624527298857 * x_6))))))))) + ((0.00389 + (0.35700000000000004 * (-0.10672377789578776 + (1.219307002427927 * x_5)))) - ((2.91 + (0.00656 * (0.13590670909093983 + (1.2475172979012206 * x_1)))) * (0.0028599999999999997 + (-0.40700000000000003 * (-0.07012326027132888 + (1.2885997731187766 * x_4)))))))
192_vineyard,ok,2,NoRef,0.36730392229698927,2.745895161802187,38,5.981156587600708,,0.0,((0.095 + (-1.86 * (-1.8307543886114104 + (0.5534838849290311 * x_0)))) + (((0.034800000000000005 * (-1.8307543886114104 + (0.5534838849290311 * x_0))) * (31.400000000000002 + (-68.4 * (-4.117027889192704 + (0.42817090047604117 * x_1))))) + ((0.48900000000000005 + (4.84 * (-1.8307543886114104 + (0.5534838849290311 * x_0)))) + (18.8 + (-3.24 * cos(((-64.4 + (1.33 * (-1.8307543886114104 + (0.5534838849290311 * x_0)))) - (-0.08380000000000001 + (27.400000000000002 * (-4.117027889192704 + (0.42817090047604117 * x_1)))))))))))
210_cloud,ok,5,NoRef,0.9496564764528076,0.2718409639445156,70,10.876238107681274,,0.0,((((-0.00173 * (-1.5014210843154818 + (0.9501180299183909 * x_1))) - ((((0.00615 + (-0.0178 * (-1.364220250476025 + (0.7075287476063205 * x_4)))) + (0.048400000000000006 + (-0.046900000000000004 * (-1.5014210843154818 + (0.9501180299183909 * x_1))))) - ((17.400000000000002 + (9.36 * (-1.0027588296430885 + (0.754864913942272 * x_2)))) * (0.057300000000000004 + (-0.0012 * (-1.364220250476025 + (0.7075287476063205 * x_4)))))) + (-0.07390000000000001 + (0.00406 * inv((-0.08040000000000001 + (0.09680000000000001 * sin(((-0.8 + (-0.265 * sin((1.9100000000000001 * (-1.364220250476025 + (0.7075287476063205 * x_4)))))) + (0.0673 + (-29.8 * (-1.063756996389881 + (2.0038213187809384 * x_0))))))))))))) + ((-0.0012 + (8.4 * (-1.387200735049868 + (1.1821489699211438 * x_3)))) * (0.059300000000000005 + (0.006339999999999999 * (-1.387200735049868 + (1.1821489699211438 * x_3)))))) + (-0.00883 + (0.00528 * (-1.063756996389881 + (2.0038213187809384 * x_0)))))
215_2dplanes,ok,10,NoRef,0.7532172159691631,2.187119685704717,75,74.73529815673828,,0.0,(((1.0 * (-0.0035612308857941688 + (1.2234628715060953 * x_5))) + ((0.01 + (0.04 * (-0.007391620021877722 + (1.0000273176501469 * x_0)))) * ((90.0 + (30.0 * (0.006181758858160029 + (1.227360122383773 * x_1)))) + ((-0.030000000000000002 + (20.0 * (-0.005790737562637947 + (1.2210868394152956 * x_2)))) + (-0.002 + (-40.0 * (-0.00564753644310365 + (1.2246742857045192 * x_4)))))))) + ((0.01 + (-0.003 * (-0.0035612308857941688 + (1.2234628715060953 * x_5)))) * ((-0.09000000000000001 + (60.0 * (-0.007542546838105635 + (1.2267069793719036 * x_3)))) + ((-0.09000000000000001 + (0.9 * (-0.004608156951370428 + (1.225208756044367 * x_8)))) + ((-0.09000000000000001 + (90.0 * (-0.00564753644310365 + (1.2246742857045192 * x_4)))) + ((-0.09000000000000001 + (90.0 * (0.006181758858160029 + (1.227360122383773 * x_1)))) + ((-0.09000000000000001 + (0.9 * (-0.00852028187603578 + (1.223080463106432 * x_9)))) + ((-0.08 + (90.0 * (0.005300190578787094 + (1.227716872249956 * x_6)))) + (-0.08 + (0.2 * (0.000961008687445924 + (1.224325067806107 * x_7))))))))))))
218_house_8L,ok,8,NoRef,0.23204121179695958,45861.404277763744,98,57.22259306907654,,0.0,((0.499 + (-0.0047 * (-0.10801988988219374 + (3.588704079356121e-05 * x_0)))) + (-0.008749999999999999 + (0.272 * ((((((-0.679 + (0.0758 * (-0.24262960728424587 + (23.204458944211208 * x_1)))) * (49.6 + (8.05 * (-8.061701010163619 + (16.662839295296614 * x_2))))) - (3.33 + (-7.6000000000000005 * sin(((-0.0625 + (0.7000000000000001 * (-1.4778853576677324 + (3.018530617638108 * x_7)))) - ((-0.097 + (0.393 * (-8.061701010163619 + (16.662839295296614 * x_2)))) * (92.8 + (-0.00904 * (-0.4086541858731071 + (7.12287344247703 * x_4)))))))))) - (9.02 + (-0.008539999999999999 * inv((-65.6 + (-6.7 * (-1.2342016972307135 + (7.193407984280178 * x_5)))))))) * ((-7.09 + (0.04 * inv((-0.9710000000000001 + (0.885 * ((-6.84 + (0.0551 * (-8.206877177793153 + (11.45494412822042 * x_3)))))**2))))) - (((-0.0093 + cos((5.51 + (2e-05 * (-8.061701010163619 + (16.662839295296614 * x_2)))))) - (-2.3000000000000003 + (-7.36 * arctan((-0.020900000000000002 + (7.5 * (-0.24262960728424587 + (23.204458944211208 * x_1)))))))) * (0.49400000000000005 + (0.19 * (-7.875622162830448 + (1.3179634777497748 * x_6))))))))**2)))
225_puma8NH,ok,8,NoRef,0.40908686954344153,4.300982171361966,108,18.65607786178589,,0.0,((((0.00213 + (0.06920000000000001 * (-0.005039616277208504 + (0.9178329412505182 * x_3)))) * (-0.07440000000000001 + (-0.00455 * (-0.015994000316161727 + (0.9193579336569845 * x_5))))) - ((-0.060000000000000005 + (-7.28 * cos(((-0.0014 + (1.57 * (-0.018781624818002968 + (0.9162726245952064 * x_1)))) + ((-1.26 + (0.8 * (0.008547353604208574 + (0.9232330594593369 * x_2)))) + (0.00212 + (-0.0322 * inv((0.00747 + (6.37 * inv((-0.0199 + (0.00247 * sqrt((13.9 + (-0.7000000000000001 * (0.0012648121662612872 + (2.920123009202326 * x_6)))))))))))))))))) - (0.00406 + (1.45 * arctan(((-0.0105 + (3.2 * arctan((0.07930000000000001 + (0.008547353604208574 + (0.9232330594593369 * x_2)))))) * ((((-0.025 + (0.01992068983137916 + (0.9167847738784176 * x_4))) - (-6.32 + (0.323 * (-0.0030518723807430284 + (2.885758453397036 * x_7))))) * ((66.6 + (0.663 * (0.008547353604208574 + (0.9232330594593369 * x_2)))) + ((0.00743 + (0.0228 * (-0.005039616277208504 + (0.9178329412505182 * x_3)))) - (-0.0816 + (-89.10000000000001 * inv((0.00831 + (2.95 * (-0.0030518723807430284 + (2.885758453397036 * x_7)))))))))) * (0.05720000000000001 + (0.006869999999999999 * (0.004591935970961835 + (0.9196169463114232 * x_0))))))))))) + (0.07690000000000001 + (-0.00419 * (-0.0030518723807430284 + (2.885758453397036 * x_7)))))
228_elusage,ok,2,NoRef,0.11265326495800976,20.49583377328947,25,3.986635446548462,,0.0,((0.2 + (-0.07 * (-3.4184354857600585 + (0.06440985979603052 * x_0)))) * ((90.0 + (70.0 * cos((9.9 * (-3.4184354857600585 + (0.06440985979603052 * x_0)))))) + (99.9 + (0.6 * abs((30.0 + (-99.0 * (-1.5860891132720205 + (0.27209060102156 * x_1)))))))))
229_pwLinear,ok,10,NoRef,0.6043247252183763,2.827051446262627,90,8.734326601028442,,0.0,((((((-75.60000000000001 * (-0.09374252720097653 + (1.004384220010463 * x_0))) - (0.0395 + (0.027800000000000002 * (-0.0 + (1.1785113019775793 * x_8))))) + (((0.0636 * (0.10840487404402506 + (1.2508254697387506 * x_1))) + (-0.07100000000000001 + (0.0033599999999999997 * (0.032042066805600074 + (1.2015775052100026 * x_3))))) + (((0.7100000000000001 + (-0.0 + (1.1785113019775793 * x_8))) + ((-8.68 + (-0.621 * inv((3.3000000000000003 * (-0.047637054444277724 + (1.1909263611069432 * x_7)))))) + (-0.0013499999999999999 + (-4.82 * (0.10840487404402506 + (1.2508254697387506 * x_1)))))) * (((0.906 + (-0.333 * (-0.0 + (1.1785113019775793 * x_8)))) + (-0.48500000000000004 + (-2.89 * (-0.13044826891964448 + (1.2229525211216667 * x_5))))) - (2.91 + (-0.926 * ((0.02 + (-0.215 * (0.04719291781830087 + (1.1798229454575218 * x_9)))))**3)))))) - (-0.00681 + (-18.8 * (0.07482095568419428 + (1.2470159280699047 * x_6))))) + ((-24.1 + (22.7 * (0.11923929502757463 + (1.1923929502757462 * x_2)))) - (0.04700000000000001 + (-40.800000000000004 * (-0.05290092118939488 + (1.3225230297348718 * x_4)))))) * (0.041400000000000006 + (0.017300000000000003 * cos((0.00941 + (43.5 * (0.032042066805600074 + (1.2015775052100026 * x_3))))))))
230_machine_cpu,ok,6,NoRef,0.6586887527310475,123.66207141631746,85,10.156843185424805,,0.0,((-4.82 + (-0.008579999999999999 * (-0.7523809190467288 + (0.00365791203201576 * x_0)))) + (-3.45 + (0.131 * sqrt((((-80.7 + (-0.7899624088287077 + (0.046874909006191866 * x_5))) - (-0.019100000000000002 + (-4.0600000000000005 * (-0.7899624088287077 + (0.046874909006191866 * x_5))))) * ((1.01 + (97.2 * (-0.6999071030152427 + (0.15710145046097534 * x_4)))) + (-35.800000000000004 + (-5.32 * ((((((0.09570000000000001 + ((0.06570000000000001 + (-16.4 * cos((-0.00573 + (43.300000000000004 * (-1.060880889671478 + (9.099434385113344e-05 * x_2))))))))**2) + (0.79 + (-0.006829999999999999 * (-0.7360505640725639 + (0.00025722312374903104 * x_1))))) * (-0.93 + (0.44 * (-0.7523809190467288 + (0.00365791203201576 * x_0))))) + (41.1 + (4.89 * ((3.45 + (58.4 * inv((7.29 + (-0.018500000000000003 * (-1.060880889671478 + (9.099434385113344e-05 * x_2))))))))**2))) * ((-0.00838 + (-0.0051199999999999996 * (-0.6188760554008702 + (0.025534161502918738 * x_3)))) * (-4.34 + (-3.04 * (-1.060880889671478 + (9.099434385113344e-05 * x_2)))))))**2))))))))
344_mv,ok,10,NoRef,0.9889346770156212,1.0952756495615286,81,71.71564364433289,,0.0,((0.227 + (0.0018399999999999998 * (8.669798976904845 + (0.6937949743206628 * x_1)))) - ((((-4.1 + (0.037000000000000005 * sin((((-92.60000000000001 + (-0.049300000000000004 * (-0.6501808197826888 + (2.1882145014502465 * x_6)))) + ((-8.41 + (5.01 * (0.003947964926438745 + (1.7283978578198171 * x_4)))) - ((0.55 + (-93.7 * (-0.7392532856638294 + (1.4300524144285236 * x_2)))) - ((0.325 + (-74.0 * (-18.96847235950167 + (0.017240880942593916 * x_9)))) + (-0.0012 + (-0.627 * (0.003947964926438745 + (1.7283978578198171 * x_4)))))))) - (0.00125 + (0.00328 * (1.4557788337674649 + (0.330909716064055 * x_3)))))))) - (0.432 + (0.00941 * (-18.96847235950167 + (0.017240880942593916 * x_9))))) - (-0.057600000000000005 + (0.00658 * (-2.5960627430376877 + (0.00867351563626663 * x_8))))) * ((0.024200000000000003 + (0.5800000000000001 * (0.0022175599008513354 + (0.34533070842535996 * x_0)))) - ((-0.165 + (0.097 * (-0.5734730257178989 + (2.3172342056760247 * x_7)))) * (-0.0383 + (-0.20500000000000002 * abs((-56.4 + (49.6 * (1.0227026043797813 + (0.0925111276654878 * x_5)))))))))))
485_analcatdata_vehicle,ok,4,NoRef,0.44718630940294535,204.73675859098987,59,12.291874170303345,,0.0,((-0.0352 + (0.00362 * abs(((-0.0013 + (90.3 * (((8.86 + (-8.78 * cos((0.0327 + (-27.6 * (-0.9459053029269173 + (2.0030935826687664 * x_2))))))) - ((32.5 + (-0.028600000000000004 * inv((-0.14 + (0.221 * (-1.3728129459672882 + (0.5883484054145521 * x_3))))))) - (-0.7020000000000001 + (7.44 * (-0.8944271909999157 + (2.0124611797498106 * x_0)))))))**2)) * (-0.0512 + (-2.1 * (-0.8944271909999157 + (2.0124611797498106 * x_0)))))))) * (0.917 + (0.00017999999999999998 * ((-0.06380000000000001 + (1.01 * ((-0.0084 + (-0.00843 * (-0.9459053029269173 + (2.0030935826687664 * x_1)))))**2)))**3)))
519_vinnie,ok,2,NoRef,0.5815114127833756,2.03460778132846,51,16.777453660964966,,0.0,((25.7 + (0.0244 * (-79.38435189356406 + (0.9162329522401391 * x_0)))) - (((-7.29 + (-2.8402692515564407 + (0.22687128270560133 * x_1))) - ((0.0859 + (0.9840000000000001 * arctan((-0.027100000000000003 + (0.64 * inv(((-0.0366 + (9.41 * sin((-83.3 * (-79.38435189356406 + (0.9162329522401391 * x_0)))))) + (-0.07400000000000001 + (5.49 * (-2.8402692515564407 + (0.22687128270560133 * x_1))))))))))) + (-0.0049 + (-0.783 * inv((40.1 + (93.0 * (-79.38435189356406 + (0.9162329522401391 * x_0))))))))) * (-2.69 + (0.0714 * (-2.8402692515564407 + (0.22687128270560133 * x_1))))))
522_pm10,ok,7,BFGS,0.06785871540592292,0.8743615586537733,92,20.64500069618225,,0.0,(((-0.023847946007268632 * (-6.902456158433731 + (0.9765081725805418 * x_0))) + (0.08690745408535921 + (-0.028979574317538018 * (-0.1632080108509325 + (1.0890214172962316 * x_3))))) + (((0.0035684794627866244 * sin((-0.02848056851842566 + (-96.6251875710211 * (-0.1645443304327228 + (0.15911326622439212 * x_1)))))) - ((-3.339307454085359 + (26.493637964669865 * inv((((-0.5857212219874927 * ((0.07208793045168783 + (-0.06158339939217405 * inv((0.3340933860036466 + (-0.08246525706680387 * (-0.1645443304327228 + (0.15911326622439212 * x_1))))))))**2) - (-0.015857574506467475 + (-0.0023651662906983987 * (-1.5365899944590466 + (0.00493078372714948 * x_6))))) + (-0.004782425493532525 + (24.10702513191024 * sqrt((2.9949295882310327 + (0.26485331670356377 * ((0.011899364692502062 + (-30.40068680248247 * (-0.1632080108509325 + (1.0890214172962316 * x_3)))))**2))))))))) - (0.02961745408535936 + (0.0129617564028204 * cos(((0.545353789470036 + (78.31453499387683 * (-0.1632080108509325 + (1.0890214172962316 * x_3)))) + (7.211353789470037 + (-40.507903984928774 * (-1.8465566017011974 + (0.14483554186110628 * x_5)))))))))) + (((-0.004058587848785245 + (-1.7263842862869363 + (0.5282693663353025 * x_2))) * (-0.3215420529308612 + (-0.054457452341131474 * (-1.6583857971143587 + (0.011969986709086652 * x_4))))) * (0.04889699146843053 + (-0.004888114272358293 * (-1.5365899944590466 + (0.00493078372714948 * x_6)))))))
523_analcatdata_neavote,ok,2,NoRef,0.7631987037236536,1.897802148761751,43,7.802188873291016,,0.0,(5.59 + (5.22 * sin((0.012600000000000002 + (8.08 * cos((0.07400000000000001 + (6.37 * sqrt((0.668 + (54.800000000000004 * sqrt(((-6.67 + (-0.10200000000000001 * (-29.69625249321158 + (2.9976028761653684 * x_1)))) + ((-0.318 + (-0.0137 * (-1.0981267472114393 + (1.004384220010463 * x_0)))) - ((0.023100000000000002 + (20.1 * (-1.0981267472114393 + (1.004384220010463 * x_0)))) - (43.300000000000004 + (-0.04650000000000001 * (-29.69625249321158 + (2.9976028761653684 * x_1)))))))))))))))))))
529_pollen,ok,4,NoRef,0.6652883186924534,1.866910222902428,48,11.946576595306396,,0.0,((((((37.9 * (-0.0025386365415667506 + (0.09917020022412927 * x_3))) + (-3.94 + (47.4 * (-0.002663363260045555 + (0.15711645677982072 * x_0))))) + (-0.037500000000000006 + (-7.76 * (0.003050335580315188 + (0.1932987332901908 * x_1))))) + (0.044000000000000004 + (-0.0961 * sqrt((6.26 + (0.562 * ((9.68 + (-0.049400000000000006 * (-0.013345361811539617 + (0.12700379671541098 * x_2)))))**2)))))) - (-0.059000000000000004 + (-9.68 * (-0.002663363260045555 + (0.15711645677982072 * x_0))))) * (-0.09290000000000001 + (0.0463 * sin((-70.10000000000001 + (-29.0 * (0.003050335580315188 + (0.1932987332901908 * x_1))))))))
537_houses,ok,8,NoRef,0.389620237252167,90405.38486377499,107,53.874146938323975,,0.0,((0.00407 + (-3.2 * (((9.67 + (0.0863 * inv((0.0316 + (0.008799999999999999 * abs((7.1000000000000005 + (-0.171 * abs(((-68.2 + (-97.5 * (59.491539791662554 + (0.49754504517747405 * x_7)))) - ((-0.082 + (0.40700000000000003 * inv((9.35 + (0.0017599999999999998 * (59.491539791662554 + (0.49754504517747405 * x_7))))))) - (((-0.0357 + (8.47 * (-16.646127423136736 + (0.46716190107648103 * x_6)))) * (-0.7000000000000001 + (-0.7100000000000001 * (-1.2981631449097488 + (0.0025999100676634126 * x_5))))) - (-0.0024 + (-87.0 * (-16.646127423136736 + (0.46716190107648103 * x_6)))))))))))))))) + (-0.00801 + (0.517 * (-1.2686865683874369 + (0.002360725591800611 * x_3))))))**3)) * ((-21.400000000000002 + (0.48500000000000004 * (-1.2686865683874369 + (0.002360725591800611 * x_3)))) + ((0.34700000000000003 + (0.00794 * (-16.646127423136736 + (0.46716190107648103 * x_6)))) * ((((-0.0122 + (-62.1 * sin((0.49200000000000005 + (-0.0458 * (-1.2016435368981164 + (0.00045582731147629903 * x_2))))))) - (-0.0917 + (-0.00433 * (-1.2715203416733818 + (0.0008925111958354638 * x_4))))) - (67.5 + (69.3 * (-2.051179386400735 + (0.5302508492737142 * x_0))))) + ((-2.2800000000000002 + (-6.7700000000000005 * (-2.2697702193245584 + (0.07945340348319206 * x_1)))) - (0.00010999999999999999 + (0.164 * (-16.646127423136736 + (0.46716190107648103 * x_6)))))))))
547_no2,ok,7,BFGS,0.0528348614279498,0.7826161556748071,93,11.833787202835083,,0.0,((0.063 + (0.006339999999999999 * sqrt((-0.00178 + (91.5 * abs(((((((0.07590000000000001 * arctan((-6.74 * (-1.7233010789213195 + (0.5619948722095159 * x_2))))) + (-0.07010000000000001 + (-5.97 * (-6.389979434269805 + (0.9171578323886973 * x_0))))) + ((-0.0296 + (2.0100000000000002 * (-1.5509274781858433 + (0.004978282454566935 * x_6)))) - (6.6000000000000005 + (5.7 * (-0.18347261685282978 + (0.9399211834797822 * x_3)))))) - ((0.008709999999999999 + (7.51 * sin((-0.375 + (-40.2 * (-0.14061081742291648 + (0.15526813120444868 * x_1))))))) - (-17.1 + (0.07 * (-1.618666665620929 + (0.011680264768206942 * x_4)))))) - (0.868 + (-0.00296 * sqrt((8.2 + (-1.03 * (-0.14061081742291648 + (0.15526813120444868 * x_1)))))))) - (0.00443 + (-3.74 * (-1.7233010789213195 + (0.5619948722095159 * x_2))))))))))) * (0.0096 + (45.6 * sqrt((0.05500000000000001 + (0.00357 * inv(((-0.00246 + (10.700000000000001 * ((-0.313 * (-1.836698179159212 + (0.1466386666350233 * x_5))))**2)) + (0.057100000000000005 + (-5.8100000000000005 * (-1.836698179159212 + (0.1466386666350233 * x_5))))))))))))
556_analcatdata_apnea2,ok,3,NoRef,0.05538104401970345,3459.434225953419,54,8.347340106964111,,0.0,(3.83 + (1.08 * ((-0.5800000000000001 + (0.00241 * exp((-0.0073999999999999995 + (-9.3 * sin(((-72.0 + (-0.009819999999999999 * (-1.8764006559483637 + (0.18386970369326106 * x_2)))) + ((0.0073 + (-0.541 * (-1.4304867133245485 + (0.7172581266810412 * x_0)))) * ((0.00568 + (0.00265 * (-1.4262823734899885 + (0.705217395781161 * x_1)))) + (0.892 + (-39.300000000000004 * cos((0.878 + (-0.795 * sqrt(((0.057800000000000004 + (-0.00035 * (-1.4262823734899885 + (0.705217395781161 * x_1)))) - (-8.39 + (-0.0369 * (-1.8764006559483637 + (0.18386970369326106 * x_2)))))))))))))))))))))**3))
557_analcatdata_apnea1,ok,3,BFGS,-0.006098012434460287,3256.29361670347,51,9.080097198486328,,0.0,(108.49797558952898 + (5.851518692746376 * abs((-260.94525981957395 + (0.060524260667181945 * sqrt((54.51223284947209 + (0.009271525764504686 * exp((21.207187887976172 + (-1.2509012162724151 * sin((((0.019248859516298997 * (-1.4262823734899885 + (0.705217395781161 * x_1))) - (13.208803632847573 + (8.92882107149668 * (-1.4262823734899885 + (0.705217395781161 * x_1))))) + ((-81.53293868106334 + (0.06740967599275341 * abs((77.63904637742836 + (-0.008195860553702925 * inv((0.01051976961834398 + (3.107906984843441e-09 * (-1.8764006559483637 + (0.18386970369326106 * x_2)))))))))) * (0.33068005111202003 + (0.7457586063307666 * (-1.4304867133245485 + (0.7172581266810412 * x_0))))))))))))))))))
561_cpu,ok,7,NoRef,0.9484949043578947,45.06384388003671,97,11.84489107131958,,0.0,((-0.0869 + (0.203 * (((((7.26 + (0.0869 * (-0.6188760554008702 + (0.025534161502918738 * x_4)))) + (((((7.3100000000000005 * inv((0.48300000000000004 + (-0.00648 * (-0.7899624088287077 + (0.046874909006191866 * x_6)))))) - (-97.7 + (-2.82 * (-0.7360505640725639 + (0.00025722312374903104 * x_2))))) + (-96.4 + (-0.0023599999999999997 * (-0.7360505640725639 + (0.00025722312374903104 * x_2))))) - (9.61 + (-2.8000000000000003 * (-0.6188760554008702 + (0.025534161502918738 * x_4))))) + ((2.71 + (0.509 * cos((9.58 + (-0.7523809190467288 + (0.00365791203201576 * x_1)))))) * (2.39 + (2.59 * (-1.060880889671478 + (9.099434385113344e-05 * x_3))))))) - (-0.013600000000000001 + (-0.0378 * arctan((0.00365 + (-0.682 * (-1.060880889671478 + (9.099434385113344e-05 * x_3)))))))) + (0.009859999999999999 + (0.645 * arctan(((-8.58 + (8.46 * (-0.6999071030152427 + (0.15710145046097534 * x_5)))) - (-0.042100000000000005 + (0.329 * inv((0.311 + (-2.43 * (-0.6188760554008702 + (0.025534161502918738 * x_4)))))))))))))**2)) - ((-1.61 + (-0.925 * (-0.7899624088287077 + (0.046874909006191866 * x_6)))) * (0.030900000000000004 + (-0.0015 * (-2.086290452647615 + (0.1320865708656769 * x_0))))))
564_fried,ok,10,NoRef,0.8358891373137483,2.0240196672855317,74,61.070650815963745,,0.0,(((-2.34 * cos((-0.00864 + (1.79 * (-1.7306025303085084 + (3.4810851356477173 * x_2)))))) - (-2.83 + (0.06910000000000001 * abs((((((-2.5 + (-1.733625748063093 + (3.4676683965677952 * x_0))) + (-0.0675 + (-0.00011999999999999999 * (-1.7361856340062896 + (3.460908254197098 * x_6))))) * ((-2.5100000000000002 + (-0.048 * (-1.7389950139682637 + (3.470470221314242 * x_5)))) * ((-0.0732 + (-0.0012 * (-1.7320837632415944 + (3.4662480011342827 * x_7)))) + (-0.00707 + (-5.58 * (-1.733625748063093 + (3.4676683965677952 * x_0))))))) + (((0.00443 * (-1.7334173736542413 + (3.4631828660639683 * x_9))) + (17.2 + (-34.2 * (-1.7376138146088433 + (3.4631318113519547 * x_1))))) + (46.4 + (-26.400000000000002 * (-1.7203195648658454 + (3.460743040826408 * x_4)))))) - (-0.0178 + (0.00258 * ((-0.0809 + (3.34 * (-1.730086874860504 + (3.4694118993409164 * x_8)))))**2))))))) + (17.0 + (3.18 * (-1.7317380629139767 + (3.4570816100128163 * x_3)))))
579_fri_c0_250_5,ok,5,NoRef,0.3647245911008328,0.7656103788258327,60,7.042453050613403,,0.0,(((-0.084 + (0.665 * (0.001545802874342008 + (1.0108692273054292 * x_3)))) + (-0.0067399999999999995 + (-0.617 * sin((6.98 + (3.64 * (0.023766315349668304 + (1.01780740293125 * x_2)))))))) - ((0.07890000000000001 + (-0.38 * (0.04540899642107328 + (0.9930197422332582 * x_4)))) - (((-0.0649 + (0.438 * (0.009839275916090176 + (0.9978407458402175 * x_1)))) - (((-0.07440000000000001 + (0.023766315349668304 + (1.01780740293125 * x_2))) - (((0.033100000000000004 + (-0.014862916611118899 + (1.0103690000527863 * x_0))) * (-0.0859 + (-0.0057799999999999995 * (0.009839275916090176 + (0.9978407458402175 * x_1))))) * (-64.3 + (-2.8000000000000003 * (0.04540899642107328 + (0.9930197422332582 * x_4)))))) * (0.0758 + (-0.057600000000000005 * (0.009839275916090176 + (0.9978407458402175 * x_1)))))) - (0.034600000000000006 + (-0.00645 * (0.04540899642107328 + (0.9930197422332582 * x_4)))))))
591_fri_c1_100_10,ok,10,NoRef,-0.11408008929416447,1.1056090646948822,95,8.345706939697266,,0.0,((-0.23 + (0.882 * sin((0.00712 + (-1.61 * (0.023957407126269925 + (1.008438568786406 * x_1))))))) - (-0.445 + (0.9620000000000001 * sin(((((0.126 + (-0.013921742064165538 + (0.9857119324123377 * x_4))) - (0.00243 + (-50.4 * (0.03382957891636247 + (1.0176746705026154 * x_6))))) * (((((((0.00496 + (0.39 * (0.08252571544706172 + (1.0816107049280999 * x_5)))) * (0.09620000000000001 + (-3.67 * (-0.03780457963308972 + (1.029923637313083 * x_9))))) - (0.4 + (-0.00043999999999999996 * (0.023957407126269925 + (1.008438568786406 * x_1))))) + (((-0.09790000000000001 * (-0.09290737103458516 + (1.031958156269465 * x_2))) - ((-4.8 + (-0.009 * (-0.0573536423056041 + (1.0302122227744204 * x_3)))) * ((0.662 + (0.55 * (-0.014184533809794076 + (1.0179703111385348 * x_0)))) * (-0.42200000000000004 + (4.3 * (-0.09290737103458516 + (1.031958156269465 * x_2))))))) + (-0.00569 + (0.024900000000000002 * (-0.12512215543641755 + (1.0477901096230489 * x_8)))))) * (4.89 + (-0.0335 * (-0.12512215543641755 + (1.0477901096230489 * x_8))))) * (86.9 + (-0.517 * (-0.027138908246964612 + (1.0016489423346386 * x_7))))) - (0.659 + (0.00486 * (-0.0573536423056041 + (1.0302122227744204 * x_3)))))) * (-0.7250000000000001 + (0.0194 * (-0.027138908246964612 + (1.0016489423346386 * x_7)))))))))
593_fri_c1_1000_10,ok,10,NoRef,0.7675514687557852,0.4929771481455379,73,10.857364416122437,,0.0,((0.015000000000000001 + (0.005 * (0.01605377987540209 + (1.0097294742830483 * x_1)))) * (((30.0 * (-0.014398606213345927 + (0.9973686862453554 * x_3))) + (-0.01 + (84.0 * sin(((0.3 + (-2.0 * (0.01605377987540209 + (1.0097294742830483 * x_1)))) + (0.030000000000000002 + (-0.6 * (0.02584841970639163 + (1.0157575312005551 * x_0))))))))) + ((-0.01 + (9.0 * (-0.001593381729548922 + (1.0070370698496123 * x_4)))) + (0.01 + (-20.0 * sin(((0.060000000000000005 + (0.2 * (0.005091200530134842 + (1.0013364315770596 * x_8)))) + ((0.030000000000000002 + (0.2 * (-0.02552583270288602 + (1.011101800244494 * x_5)))) + ((0.030000000000000002 + (0.2 * (0.02983208584086124 + (0.991180014269566 * x_2)))) + ((0.060000000000000005 + (0.01 * (-0.012367529823537449 + (0.9944087598140563 * x_7)))) + ((0.060000000000000005 + (0.01 * (0.014957214312650844 + (1.003239468164466 * x_9)))) + (0.060000000000000005 + (0.060000000000000005 * (0.020771142018303983 + (1.006948258920335 * x_6)))))))))))))))
594_fri_c2_100_5,ok,5,BFGS,-0.017275927984941486,0.9585348260626669,70,5.837089776992798,,0.0,(((0.5204105403734823 + (0.08033704082024885 * (0.06761805754582709 + (1.0053402274731527 * x_2)))) + ((-0.8315894596265179 + (0.00013270080954302466 * (0.003532520300817216 + (0.9962952978109351 * x_3)))) - ((29.500454465262823 + (0.007736717395128866 * (-0.007940850755760532 + (0.991444651270151 * x_4)))) * (-0.009922015421547494 + (2.6641271555517827e-08 * abs(((0.7361151412599787 + (8.319703194149046 * (0.07525924471975529 + (1.0422694177904375 * x_1)))) - ((-85.79992612646214 + (0.0020895514097975074 * (0.07525924471975529 + (1.0422694177904375 * x_1)))) * (0.006379741390928471 + (-11.899977328980933 * ((0.0019201055753157086 + (-0.08217522755006894 * (0.059172121142651225 + (1.058020268789069 * x_0)))))**2)))))))))) - (((9.568432791466298 + inv((-7.419954728486598 + (0.003532520300817216 + (0.9962952978109351 * x_3))))) * (-0.0415509182617741 + (0.06716579434403316 * (0.06761805754582709 + (1.0053402274731527 * x_2))))) * ((0.059923223368397976 + (-7.898979040913845e-05 * (0.07525924471975529 + (1.0422694177904375 * x_1)))) - (-0.06702322336839804 + (-0.00020115919993152787 * (0.06761805754582709 + (1.0053402274731527 * x_2)))))))
595_fri_c0_1000_10,ok,10,NoRef,0.5403099516652812,0.6256676251368288,101,8.408523559570312,,0.0,(((0.7040000000000001 * (0.013542379830591022 + (0.9960388829592827 * x_3))) - (-0.0206 + (0.871 * cos((87.7 + (-0.001 * inv((-0.09200000000000001 + (0.00315 * (-0.015790702039104078 + (0.9955002435906101 * x_8))))))))))) + (((-0.08560000000000001 + (-0.029 * abs((((-15.3 * (0.0013776812215936672 + (0.981622276946545 * x_1))) - (0.00173 + (0.0956 * (-0.0010410835911537015 + (1.0180561384154634 * x_0))))) + ((20.1 + (-25.1 * (-0.0010410835911537015 + (1.0180561384154634 * x_0)))) + (-0.0015999999999999999 + (-0.084 * (-0.022120537282747144 + (1.0096396893340729 * x_9))))))))) + (-0.07440000000000001 + (0.301 * (-0.007874789400257076 + (0.9923552046780444 * x_4))))) - (((0.00556 * (-0.022120537282747144 + (1.0096396893340729 * x_9))) - (-0.00218 + (0.07590000000000001 * (0.01851697998179921 + (1.0023054996314156 * x_5))))) + (-0.8380000000000001 + (-0.754 * abs(((-0.16 + (-0.008669999999999999 * sin(((-0.226 + (-0.00158 * (-0.00694386061922123 + (0.9937825877298289 * x_7)))) * (0.0019 + (-0.684 * abs(((46.1 + (0.35900000000000004 * (0.017202001564991225 + (0.9925934684989274 * x_2)))) - (6.2700000000000005 + (-13.5 * (-0.004406990766161616 + (0.9961074269383714 * x_6)))))))))))) * (0.09330000000000001 + (-5.83 * (0.017202001564991225 + (0.9925934684989274 * x_2)))))))))))
596_fri_c2_250_5,ok,5,NoRef,0.1520085336171657,0.9588414692790547,67,5.919023036956787,,0.0,((-0.028 + (-0.00671 * (-0.0028595658841998293 + (1.0209950031193176 * x_1)))) * (((-1.5 * (0.012923134393778358 + (0.9771917787108815 * x_0))) + (0.0015999999999999999 + (-9.67 * (0.006225346346397276 + (1.017118865752266 * x_3))))) + ((((-0.0714 + (-0.8200000000000001 * (-0.016254618443318096 + (0.9910777960291338 * x_2)))) - (-81.2 + (5.96 * (-0.051982931308086906 + (1.0248931886511705 * x_4))))) - ((0.17800000000000002 + (0.00465 * (-0.051982931308086906 + (1.0248931886511705 * x_4)))) - (-1.12 + (-47.5 * sin(((0.672 + (-1.51 * (0.012923134393778358 + (0.9771917787108815 * x_0)))) - (0.5750000000000001 + (61.9 * ((-0.0007999999999999999 + (0.159 * (-0.0028595658841998293 + (1.0209950031193176 * x_1)))))**2)))))))) - ((-8.01 + (0.31 * (0.012923134393778358 + (0.9771917787108815 * x_0)))) * (-9.78 + (0.0017499999999999998 * (-0.051982931308086906 + (1.0248931886511705 * x_4))))))))
597_fri_c2_500_5,ok,5,BFGS,0.7101221392832837,0.5583073900453241,55,5.664886474609375,,0.0,(((0.89 + (0.674 * (-0.02635367553067046 + (0.9699948409936098 * x_1)))) * (0.536 + (-0.728 * sin((3.61 + (-3.34 * (-0.023255933401365076 + (0.9755371435218841 * x_0)))))))) - ((((0.00086 + (-0.42100000000000004 * (-0.007318019282952631 + (0.9937597747103427 * x_3)))) + (0.09240000000000001 + (0.51 * (-0.018391923078629857 + (0.9679110276121853 * x_2))))) - (0.007379999999999999 + (-0.9580000000000001 * sin((9.450000000000001 + (-58.0 * sqrt((0.037700000000000004 + (-0.0649 * sqrt((0.17 + (-0.0985 * (-0.02635367553067046 + (0.9699948409936098 * x_1)))))))))))))) - (-0.529 + (0.129 * (-0.01989675537925552 + (0.9994270508062848 * x_4))))))
599_fri_c2_1000_5,ok,5,NoRef,0.42732737507121077,0.7035727863978132,56,7.645385503768921,,0.0,(((-0.08950000000000001 * cos((-0.0434 + (-0.02181696735271353 + (0.9947246711561577 * x_1))))) * (6.84 + (-17.3 * cos(((((-0.0067399999999999995 + (-0.022600000000000002 * (-0.01926419293919688 + (0.9929528981749398 * x_3)))) * (0.0645 + (0.23700000000000002 * (-0.02181696735271353 + (0.9947246711561577 * x_1))))) - (0.018400000000000003 + (0.04530000000000001 * (-0.02181696735271353 + (0.9947246711561577 * x_1))))) * ((-8.6 + (5.36 * abs((0.00154 * (-0.03440778921459298 + (1.0042549176985838 * x_2)))))) + (57.300000000000004 + (34.6 * (-0.02352725278318891 + (0.9994382833844507 * x_0)))))))))) + ((-4.4 + (-0.744 * (-0.02054392051970226 + (0.98830361068273 * x_4)))) * (0.00065 + (-0.09980000000000001 * (-0.01926419293919688 + (0.9929528981749398 * x_3))))))
601_fri_c1_250_5,ok,5,NoRef,-0.04461623109181634,1.0032709595832257,54,6.20060396194458,,0.0,(((0.182 * (-0.016594463510465417 + (1.0158013697433474 * x_4))) - (0.77 + (-0.335 * (0.025635528178704497 + (0.96920553005278 * x_3))))) + ((-74.4 + (8.56 * cos(((-0.009139999999999999 + (0.09960000000000001 * (-0.024294262440642228 + (0.9894939519910674 * x_2)))) + (3.0500000000000003 + (8.66 * (-0.011311983981500613 + (1.0114596703893468 * x_0)))))))) * (-0.00487 + (-0.0172 * sin(((-0.522 + (-71.60000000000001 * inv((2.44 + (-0.0291 * (-0.011311983981500613 + (1.0114596703893468 * x_0))))))) - ((60.0 + (-0.681 * (-0.024294262440642228 + (0.9894939519910674 * x_2)))) * (-0.646 + (-0.032 * (-0.006934093437570976 + (0.9935797951849735 * x_1)))))))))))
602_fri_c3_250_10,ok,10,NoRef,0.30657245725581816,0.8252987912348002,70,13.271190881729126,,0.0,((-0.3 + (0.3 * (-0.062301124106462095 + (1.026072345096802 * x_3)))) + ((0.02 + (0.01 * (-0.0019419209876484118 + (1.0102414239500976 * x_1)))) * ((20.0 + (-60.0 * sin(((-0.7000000000000001 + (1.6 * (0.0008424608236839697 + (1.020253771137929 * x_0)))) + (0.030000000000000002 + (1.5 * (-0.0019419209876484118 + (1.0102414239500976 * x_1)))))))) + ((0.001 + (0.2 * (-0.0321306609826703 + (1.0171204494954607 * x_2)))) * ((-60.0 + (60.0 * (-0.03354802892354229 + (0.9982560051104585 * x_4)))) + ((0.001 + (0.01 * (-0.0009000718129920188 + (0.9837450752294318 * x_5)))) + ((0.01 + (0.01 * (0.01106901342971983 + (0.9994693299932381 * x_8)))) + ((0.01 + (0.01 * (0.07697369017522888 + (1.0106026217622155 * x_7)))) + ((0.01 + (-0.001 * (0.04732723074157652 + (1.0069295825441027 * x_9)))) + (0.01 + (-0.001 * (-0.017380280715068894 + (0.9989589776179207 * x_6)))))))))))))
604_fri_c4_500_10,ok,10,NoRef,0.6684266875031822,0.5455302928488024,75,9.42142653465271,,0.0,((-0.1 + (0.36000000000000004 * (-0.022848327088621792 + (1.0073587733856983 * x_3)))) + ((0.02 + (0.01 * (-0.03245279511128268 + (1.0095284608921509 * x_1)))) * ((0.1 + (-60.0 * sin(((-0.7000000000000001 + (1.7 * (-0.03245279511128268 + (1.0095284608921509 * x_1)))) + (0.1 + (1.2 * (-0.050549634428622446 + (1.0078389511755876 * x_0)))))))) + ((0.3 + (-9.0 * (-0.03767780720009564 + (0.9909042877629544 * x_2)))) + (0.3 + (9.0 * cos(((0.07 + (0.9 * (-0.010470490532380217 + (0.9636735314323082 * x_5)))) + ((0.02 + (0.6 * (-0.013830974870376093 + (1.0327682986131717 * x_8)))) + ((0.02 + (0.060000000000000005 * (-0.0376470033191177 + (0.9863282966003358 * x_7)))) + ((0.02 + (-0.9 * (-0.009823851215936841 + (0.9955489275653595 * x_9)))) + ((0.02 + (0.6 * (-0.03251203820478602 + (0.9771543770200576 * x_4)))) + (0.01 + (-0.8 * (0.02075802544730086 + (0.9816377912546365 * x_6))))))))))))))))
606_fri_c2_1000_10,ok,10,NoRef,0.6713155456440527,0.5711304893691327,67,8.137141704559326,,0.0,(((0.3 * (-0.0275091714814239 + (0.9988153273470957 * x_3))) + (-0.6 + (1.4000000000000001 * cos(((0.02 + (0.4 * (-0.006445880621819959 + (0.9982658964011801 * x_2)))) + ((0.02 + (0.030000000000000002 * (0.0037464654537897103 + (1.012988434525157 * x_1)))) * ((40.0 + (30.0 * (0.015595446846595199 + (1.0046282529166428 * x_0)))) + (-0.001 + (0.002 * inv(((0.09000000000000001 + (0.030000000000000002 * (0.037916365349855555 + (1.0026808223650083 * x_5)))) + ((0.060000000000000005 + (0.030000000000000002 * (-0.012690920055838294 + (0.9983431343713091 * x_8)))) + ((0.060000000000000005 + (0.060000000000000005 * (-0.0010830797303034308 + (0.994623528530151 * x_9)))) + ((-0.02 + (0.060000000000000005 * (0.013762012772497802 + (0.9951732801125363 * x_7)))) + (0.060000000000000005 + (0.060000000000000005 * (-0.007153342007069419 + (0.9860449185539343 * x_6)))))))))))))))))) + (0.2 + (0.16 * (0.0252246007148082 + (1.0000293451870816 * x_4)))))
608_fri_c3_1000_10,ok,10,NoRef,0.7401113888710407,0.4837183390397351,75,13.695664167404175,,0.0,((-0.222 + (-0.00731 * (9.850256791180024e-05 + (0.9994665635306073 * x_2)))) - ((0.00049 + (-0.323 * (0.009416248145216315 + (0.9939440659322935 * x_3)))) - ((((1.28 + (-0.037030762194222154 + (0.9980651797732937 * x_1))) - (-0.0882 + (-0.00415 * (-0.037030762194222154 + (0.9980651797732937 * x_1))))) * (0.00435 + (0.787 * sin(((((0.001 * (-0.00860951487468421 + (1.003076378727523 * x_5))) * (-0.171 + (0.611 * (0.0062216902779914035 + (1.0038563736198347 * x_8))))) + (5.83 + (-1.71 * (-0.038014874657902376 + (0.995631325319176 * x_0))))) + ((0.037200000000000004 + (74.10000000000001 * exp((-45.7 + (0.779 * (-0.011745172498116557 + (1.0005269079029677 * x_7))))))) - (((-0.54 + (-0.037030762194222154 + (0.9980651797732937 * x_1))) + (0.042 + (0.08750000000000001 * (-0.007896361688964043 + (0.9867918456797293 * x_4))))) * (1.08 + (0.0097 * (0.03318772373889045 + (1.0071590974129074 * x_9))))))))))) - (0.00793 + (0.00131 * (0.0266839591768938 + (1.011117815457634 * x_6)))))))
609_fri_c0_1000_5,ok,5,NoRef,0.6653821695380617,0.594643174382599,60,7.780604600906372,,0.0,(((0.595 * (0.0012925350246148406 + (0.9984346905011474 * x_1))) + (((0.52 + (-2.19 * (-0.015771485409499013 + (0.9973437162088609 * x_0)))) * (-0.1 + (0.07490000000000001 * (-0.015771485409499013 + (0.9973437162088609 * x_0))))) - (((0.014300000000000002 * (-0.020513198281139136 + (1.0063765365979762 * x_3))) * (-54.800000000000004 + (0.21100000000000002 * (0.02682848393576792 + (0.9988482731565229 * x_2))))) + ((-0.00652 + (-0.381 * cos((-0.00937 + (-5.45 * (-0.015771485409499013 + (0.9973437162088609 * x_0))))))) - (0.0878 + (0.281 * (0.02545764035481813 + (1.0018713256073921 * x_4)))))))) + ((-0.08660000000000001 + (-4.44 * (0.02682848393576792 + (0.9988482731565229 * x_2)))) * ((-0.624 + (0.00887 * (0.02682848393576792 + (0.9988482731565229 * x_2)))) * (0.0291 + (0.09960000000000001 * (0.02682848393576792 + (0.9988482731565229 * x_2)))))))
611_fri_c3_100_5,ok,5,NoRef,0.35235207305976723,0.7737678989949317,77,9.516342878341675,,0.0,(((((0.05 + cos((0.015584268546261893 + (1.0091697615373485 * x_1)))) * (((((0.029663122756589853 + (1.0696983666003432 * x_4)) - (-0.0010999999999999998 + (37.300000000000004 * (0.015584268546261893 + (1.0091697615373485 * x_1))))) + (-0.48700000000000004 + (-3.39 * (0.04537614058860511 + (1.0326351702933254 * x_0))))) + (-0.0032099999999999997 + (-4.66 * sin((0.00994 + (71.5 * (0.015584268546261893 + (1.0091697615373485 * x_1)))))))) * (-0.0052 + (-0.0052 * (0.015584268546261893 + (1.0091697615373485 * x_1)))))) * (0.0497 + (-8.33 * cos((-32.2 + (-1.1 * (0.04537614058860511 + (1.0326351702933254 * x_0)))))))) + ((0.0033 + (0.765 * cos((0.07110000000000001 * (-0.018599824173813412 + (0.9568658063032687 * x_3)))))) + (1.09 + (-0.00806 * inv((66.0 + (0.029 * (-0.007694919552952136 + (1.0408884431674685 * x_2))))))))) - (2.35 + (-0.168 * ((0.9380000000000001 + (0.655 * (-0.018599824173813412 + (0.9568658063032687 * x_3)))))**3)))
612_fri_c1_1000_5,ok,5,NoRef,0.5082410100445893,0.7194413565902513,40,5.686966896057129,,0.0,((0.01 + (0.3 * (-0.007550662853764807 + (0.9990080055034967 * x_4)))) + ((0.01 + (0.4 * (-0.0099129025292929 + (1.0056673076801952 * x_3)))) + ((0.02 + (0.01 * (0.04414941363141431 + (0.9949537479694303 * x_1)))) * (0.01 + (-73.10000000000001 * sin(((-0.4 + (1.7 * (0.04414941363141431 + (0.9949537479694303 * x_1)))) + ((0.02 + (0.002 * (-0.01290481159238879 + (0.9997798316071159 * x_2)))) * (0.01 + (63.7 * (0.028361073163695686 + (1.0029582976000542 * x_0))))))))))))
613_fri_c3_250_5,ok,5,NoRef,0.3686114922069693,0.767789090570386,49,7.153684854507446,,0.0,(((3.35 + (-0.05175139571751824 + (0.9816906897843751 * x_0))) * (-0.004569999999999999 + (0.00876 * inv((-4.7700000000000005 + (-0.529 * (0.025125842183089057 + (1.0346361112433717 * x_4)))))))) * ((0.9720000000000001 + (-76.2 * cos((((0.799 + (0.00374 * (-0.05175139571751824 + (0.9816906897843751 * x_0)))) + (0.00547 + (2.17 * (-0.04591569486596349 + (1.0103725666904486 * x_1))))) - (-0.811 + (-0.6990000000000001 * (-0.05175139571751824 + (0.9816906897843751 * x_0)))))))) + ((0.00966 + (-20.0 * (0.031268182803062344 + (1.0349005634692294 * x_3)))) + (-0.00453 + (23.2 * (0.03802528343698435 + (1.0322330990819262 * x_2)))))))
615_fri_c4_250_10,ok,10,NoRef,0.12411361284505718,0.9901115545743756,69,12.24738597869873,,0.0,((0.02 + (0.005 * (0.02084051935637448 + (1.0142844267617235 * x_0)))) * ((-9.0 + (30.0 * (-0.06901304466924271 + (0.996624963368569 * x_3)))) + ((-0.01 + (-57.0 * cos(((0.060000000000000005 + (0.04 * (0.0273811460321043 + (0.9910631942451028 * x_1)))) * (68.4 + (0.030000000000000002 * (0.03886957905877324 + (1.0217230038556153 * x_8)))))))) + ((-0.01 + (-20.0 * (-0.004740925081355005 + (1.002936400338501 * x_2)))) + ((-0.01 + (20.0 * cos(((0.9 + (0.9 * (-0.02442660701689463 + (0.9870696003842095 * x_5)))) * (0.8 + (2.0 * (-0.007831908098131403 + (1.0357138669912045 * x_4)))))))) + ((-0.01 + (0.6 * (0.0018846001376492192 + (1.0141889608765993 * x_7)))) + ((-0.1 + (0.3 * (0.01676436701027655 + (1.0197945928384138 * x_6)))) + (-0.1 + (-0.6 * (-0.004920383790809412 + (0.9834695552998227 * x_9)))))))))))
617_fri_c3_500_5,ok,5,NoRef,0.535842273834654,0.6768297524911233,71,8.378887414932251,,0.0,((0.00765 + (0.017 * cos((-0.622 + (-0.035621285825188004 + (1.0011902687099414 * x_1)))))) * ((0.8340000000000001 + (-0.00113 * (-0.004681777591221509 + (0.9998938308860388 * x_3)))) * ((0.00027 + (22.3 * (-0.004681777591221509 + (0.9998938308860388 * x_3)))) + (((0.86 + (0.0011099999999999999 * (-0.013931525512858223 + (0.9936422075905179 * x_4)))) + (2.13 + (-57.1 * sin((0.09980000000000001 + (2.67 * (-0.019156019806006844 + (1.002772642325463 * x_0)))))))) - (((20.3 + (-0.14 * sqrt((0.878 + (-0.00277 * (-0.004681777591221509 + (0.9998938308860388 * x_3))))))) - (50.1 + (0.029300000000000003 * inv((0.116 + (0.4 * (-0.004681777591221509 + (0.9998938308860388 * x_3)))))))) - ((0.0103 + (0.023600000000000003 * (-0.010819450708285803 + (0.9912637284491312 * x_2)))) + (-0.0234 + (-64.6 * (-0.035621285825188004 + (1.0011902687099414 * x_1))))))))))
621_fri_c0_100_10,ok,10,NoRef,0.40173804171478555,0.7096092324825694,98,7.163501977920532,,0.0,((((((0.014 + (-0.030100000000000002 * (0.016962889800984267 + (0.972426783739522 * x_9)))) * ((-0.00921 + (-64.9 * (-0.05827754169242096 + (0.968576372828663 * x_4)))) - (-1.55 + (-0.0041199999999999995 * (0.048338139762825014 + (1.0198506354457109 * x_2)))))) - ((-0.0261 + (-0.00142 * inv(((((0.00688 + ((0.13191308996748569 + (1.008935854862172 * x_8)))**3) * (0.455 + (-23.5 * (0.017612061173265667 + (0.993948174270799 * x_6))))) * (0.00327 + (-91.8 * (-0.06727071528521915 + (0.99834634102141 * x_7))))) + ((-0.00413 + (0.00778 * (0.06536656227346585 + (0.9847252211306581 * x_3)))) + (0.00125 + (-0.8210000000000001 * ((((-0.873 + (0.00242 * (-0.06727071528521915 + (0.99834634102141 * x_7)))) + (0.9850000000000001 + (1.22 * (0.0418894885218307 + (1.0037247672811866 * x_5))))) - (-0.003 + (0.00407 * (-0.06727071528521915 + (0.99834634102141 * x_7))))))**2))))))) - ((-0.5870000000000001 + (-0.7120000000000001 * (-0.009843263047722437 + (0.9635854950149011 * x_1)))) * (-7.3100000000000005 + (-9.86 * (-0.001896316636310188 + (0.9985119984737308 * x_0))))))) - (-0.05450000000000001 + (-8.06 * (0.06536656227346585 + (0.9847252211306581 * x_3))))) + (-4.7 + (0.803 * (-0.05827754169242096 + (0.968576372828663 * x_4))))) * (0.084 + (-0.00235 * (0.016962889800984267 + (0.972426783739522 * x_9)))))
623_fri_c4_1000_10,ok,10,NoRef,0.6826090858657492,0.566267677056235,74,10.763513326644897,,0.0,((((-0.54 + (0.8210000000000001 * (0.019883269201272067 + (1.0341914933586906 * x_4)))) * (0.00039999999999999996 + (-8.96 * (-0.018850326435166848 + (1.014306403397221 * x_1))))) - ((-0.14400000000000002 + (6.4 * (0.02665567913072425 + (1.0062320933252393 * x_3)))) + ((-0.00039999999999999996 + (0.0047799999999999995 * (-0.008076131752791182 + (0.9949326698782162 * x_8)))) - (-0.028100000000000003 + (23.0 * sin((((-0.0069 + (-0.004974917793724438 + (1.0081423757486816 * x_0))) + ((-0.40900000000000003 + (1.28 * (-0.018850326435166848 + (1.014306403397221 * x_1)))) - (0.006549999999999999 + (-0.006019999999999999 * (0.011887893201643289 + (1.0086532708387865 * x_5)))))) * (0.9900000000000001 + (-0.00507 * (-0.002838271784008534 + (0.9998793454702908 * x_9))))))))))) * ((-0.009389999999999999 + (-0.0015 * (-0.004974917793724438 + (1.0081423757486816 * x_0)))) * ((0.46 + (-0.0188 * (0.01199578620874977 + (0.9959138956934073 * x_6)))) + ((4.9 + (1.09 * (0.015313099948762496 + (1.026598602598494 * x_2)))) + (-0.00172 + (-0.053500000000000006 * (0.0024445073601457785 + (0.9937439048915868 * x_7))))))))
624_fri_c0_100_5,ok,5,NoRef,0.17772416913242495,0.8501806529008257,39,5.180782318115234,,0.0,((0.01 + (0.5 * (0.026415944924684017 + (1.0337130785348498 * x_1)))) + ((0.01 + (0.5 * (0.0477177767408467 + (1.0173968744905992 * x_3)))) + (-0.1 + (1.0 * cos(((1.0 + (-1.3 * (0.08609077295340371 + (0.9899087827016909 * x_0)))) + ((0.01 + (-0.001 * (-0.05377504205902622 + (1.0348540819808323 * x_4)))) * (0.01 + (-0.7000000000000001 * ((0.01 + (8.8 * (-0.0027416392382741015 + (1.0185229383309313 * x_2)))))**2)))))))))
627_fri_c2_500_10,ok,10,NoRef,0.7436512210395262,0.5094372704270769,73,7.252132415771484,,0.0,((0.02 + (0.008 * (0.03783047061169431 + (0.984868799068989 * x_1)))) * (((16.0 * (-0.02214686087686114 + (0.9927216126457311 * x_3))) + ((-0.01 + (70.0 * sin(((0.7000000000000001 + (-1.6 * (0.03783047061169431 + (0.984868799068989 * x_1)))) + (0.01 + (-1.2 * (0.02057766815454052 + (0.9884808762880251 * x_0)))))))) + (-0.1 + (9.0 * (0.02529182167728417 + (0.9857221072692208 * x_4)))))) + ((-6.0 + (-13.0 * (0.004239975824385418 + (0.9811108441784172 * x_2)))) + (0.1 + (-0.001 * inv(((0.030000000000000002 + (0.030000000000000002 * (-0.03110995760099501 + (0.993015608156509 * x_8)))) + ((0.030000000000000002 + (0.030000000000000002 * (0.030990580326735594 + (1.0100895021119929 * x_5)))) + ((0.030000000000000002 + (0.060000000000000005 * (0.0442256063316944 + (0.9804835323660217 * x_7)))) + ((0.060000000000000005 + (0.060000000000000005 * (-0.01184796204652521 + (0.9973838179785073 * x_9)))) + (0.060000000000000005 + (-0.060000000000000005 * (0.05544799730846634 + (1.0058075266837374 * x_6))))))))))))))
628_fri_c3_1000_5,ok,5,NoRef,0.45440058724552623,0.7196595208517979,40,6.557607650756836,,0.0,((-0.3 + (0.5 * (-0.008331133790759272 + (1.0032992619505186 * x_3)))) + ((0.02 + (0.006999999999999999 * (-0.010282230545387482 + (0.9971902771250829 * x_0)))) * ((0.01 + (-62.0 * sin(((-0.7000000000000001 + (2.3000000000000003 * (-0.004376121238925437 + (1.004182159679096 * x_1)))) + (0.01 + (1.0 * (-0.010282230545387482 + (0.9971902771250829 * x_0)))))))) + ((0.1 + (-20.0 * (-0.015114831231098764 + (0.9757726387040605 * x_2)))) + (0.3 + (0.01 * (-0.018512678086582805 + (0.9792496109971017 * x_4))))))))
631_fri_c1_500_5,ok,5,NoRef,0.4035587526253529,0.7544901901525776,34,5.535299301147461,,0.0,((0.001 + (0.4 * (-0.042937717179456034 + (0.9983426300511196 * x_3)))) + (-0.1 + (1.6 * sin(((0.02 + (0.01 * (-0.0039939418357916945 + (1.0084124975439617 * x_0)))) * ((30.0 + (-90.0 * (-0.03206677512928165 + (1.0129911571116028 * x_1)))) - ((0.01 + (-9.0 * (-0.005713687936860914 + (1.0182021235040317 * x_4)))) + (0.02 + (9.0 * (0.046884630964772786 + (0.994030441990353 * x_2)))))))))))
634_fri_c2_100_10,ok,10,BFGS,-0.006553092689542517,0.8863713113964838,81,10.734519720077515,,0.0,((((0.9947068859480866 + (0.08802312230468394 + (1.0301009280273568 * x_7))) + (6.256706885936192 + (-9.36917494504634 * (-0.022821587410394806 + (0.9780503006776734 * x_3))))) * (-0.0013001536803999058 + (7.576003082180199 * ((0.01263514717165939 + (-7.29991798941845e-05 * (-0.014298651727035755 + (1.00612092999361 * x_4)))))**2))) - ((((((inv((1.4772385139396476 * (0.0015757073595106422 + (1.0294988474779494 * x_5)))) + (-0.03527011487474409 + (2.8221306038857614 * (0.0011302767579470716 + (0.9655861384285174 * x_2))))) * ((-0.8672606941240115 + (0.7089123145197058 * (-0.046136040507862186 + (0.9982157756036302 * x_6)))) * (0.9767500951529191 + (-4.789415280455917 * (-0.020062360233855284 + (0.9870878067315619 * x_1)))))) + (2.3970568272725994 + (-89.21658922724279 * arctan((-92.00280163217332 + (0.002769029496271931 * (-0.13483358610552693 + (1.0170777103159825 * x_8)))))))) + (0.2683468272719715 + (41.76079411274691 * (0.05538423510963775 + (1.0426344054040162 * x_9))))) * ((9.635092860342228 + (-0.4905129526110206 * arctan((-7.511063057988703 * (0.015738714047980426 + (0.9821675782499821 * x_0)))))) + (9.672842862071455 + (-1.1010218975108956 * (0.0011302767579470716 + (0.9655861384285174 * x_2)))))) * (5.6167394401420464e-06 + (7.381540641299629e-08 * (-0.046136040507862186 + (0.9982157756036302 * x_6))))))
635_fri_c0_250_10,ok,10,NoRef,0.595150565793271,0.6921682761851082,79,9.17259430885315,,0.0,((0.01 + (0.6 * (0.000503454045596793 + (1.0075331403923988 * x_3)))) + ((0.01 + (0.8 * cos(((0.7000000000000001 + (-1.2 * (0.006458287809097258 + (1.0071002968569993 * x_1)))) + (0.01 + (-1.4000000000000001 * (0.045051625792485145 + (0.9970908251043785 * x_0)))))))) + (0.01 + (0.5 * sin(((0.01 + (1.0 * (-0.017008204424994344 + (1.0238011449840445 * x_4)))) + ((-0.3 + (0.001 * (-0.005633965029450988 + (0.9982732837290494 * x_8)))) + (-0.3 + (0.001 * (((0.01 + (26.0 * (0.05305292880630936 + (0.9890520169160456 * x_2)))) + (0.2 + (0.001 * inv(((0.09000000000000001 + (0.060000000000000005 * (0.026813324838421335 + (0.984911187101232 * x_7)))) + ((0.060000000000000005 + (-0.060000000000000005 * (-0.057224350624999754 + (1.0138270465132404 * x_5)))) + ((0.060000000000000005 + (0.060000000000000005 * (-0.08418155085129458 + (0.9854745612424454 * x_9)))) + (0.060000000000000005 + (-0.060000000000000005 * (0.05527469846367338 + (1.002201784919085 * x_6))))))))))))**2)))))))))
641_fri_c1_500_10,ok,10,NoRef,0.8177825683259381,0.43231201121725754,75,13.152088642120361,,0.0,((0.01 + (0.3 * (0.0218401702271338 + (1.018242464264746 * x_3)))) + ((0.02 + (0.01 * (0.007826966485183674 + (0.9829622259298316 * x_1)))) * ((-0.01 + (70.0 * sin(((0.7000000000000001 + (-1.6 * (0.019896274875136167 + (0.9745598642997607 * x_0)))) + (-0.3 + (-1.3 * (0.007826966485183674 + (0.9829622259298316 * x_1)))))))) + ((0.01 + (7.0 * (0.015642611930150884 + (1.0103661739791232 * x_4)))) + (0.1 + (-0.01 * inv(((0.030000000000000002 + (0.02 * (-0.0028731163287085944 + (0.9904419577876276 * x_8)))) + ((0.030000000000000002 + (0.02 * (-0.007583313060476561 + (0.9973808146225875 * x_5)))) + ((0.02 + (0.02 * (-0.005557031062078642 + (1.0079251900616422 * x_7)))) + ((0.02 + (0.02 * (0.020323314468205945 + (1.0031509434323806 * x_2)))) + ((0.02 + (0.060000000000000005 * (-0.048578741260496196 + (0.9979350289913953 * x_9)))) + (0.01 + (0.060000000000000005 * (-0.02668410743747469 + (1.0413559083722945 * x_6))))))))))))))))
646_fri_c3_500_10,ok,10,NoRef,0.860406261579532,0.42105158517725394,75,11.540070056915283,,0.0,((0.01 + (0.3 * (0.03291328870436813 + (1.0254769258175003 * x_3)))) + ((0.02 + (0.01 * (0.0235994997262849 + (0.9867340922937519 * x_1)))) * ((0.1 + (60.0 * sin(((0.7000000000000001 + (-1.7 * (0.0235994997262849 + (0.9867340922937519 * x_1)))) + (-0.3 + (-1.5 * (0.00420641405966326 + (0.9838464730442519 * x_0)))))))) + (-0.01 + (-0.01 * inv(((0.060000000000000005 + (0.030000000000000002 * (-0.007327175116697621 + (0.9853706346464876 * x_8)))) + ((0.030000000000000002 + (0.02 * (0.004730352359302697 + (0.9935824649015499 * x_5)))) + ((0.030000000000000002 + (0.02 * (0.03242585857870305 + (1.0013662205043137 * x_7)))) + ((0.02 + (0.02 * (0.04490320249013104 + (1.0121575520843222 * x_2)))) + ((0.02 + (0.02 * (-0.005039675962509788 + (0.9970237887537743 * x_9)))) + ((0.02 + (0.6 * (0.03828415425471091 + (1.008051502763653 * x_4)))) + (0.060000000000000005 + (0.060000000000000005 * (0.011104492757759751 + (0.9857143239576172 * x_6))))))))))))))))
647_fri_c1_250_10,ok,10,NoRef,0.7216868994452645,0.5342579737874931,78,11.005276918411255,,0.0,((0.038400000000000004 + (0.016 * (0.0024098369158797994 + (1.0312239018547233 * x_1)))) * ((-0.9790000000000001 + (9.6 * cos((6.65 * (0.009856838698683387 + (1.0219090423814292 * x_9)))))) + ((1.51 + (6.87 * (0.00926853629182155 + (1.029558347994599 * x_3)))) - ((0.0762 + (33.1 * sin(((0.0941 + (1.6400000000000001 * (0.0024098369158797994 + (1.0312239018547233 * x_1)))) - (((0.00612 + (0.00147 * (0.017678081601831517 + (1.0284691584190526 * x_5)))) * ((0.068 + (-0.727 * (0.051940320392527085 + (1.0023329458323915 * x_6)))) + ((-0.154 + (-5.97 * (-0.01693540425922177 + (1.0097639424795237 * x_7)))) - (5.0200000000000005 + (-9.46 * (-0.011900398819567283 + (0.9957813451792754 * x_8))))))) - ((0.0356 + (0.8230000000000001 * (-0.013849575199182597 + (1.031980850678823 * x_0)))) - (0.47100000000000003 + (0.0068 * (-0.02179914737024201 + (0.9874574938618017 * x_2)))))))))) + (0.0952 + (0.199 * cos((-0.021800000000000003 + (-0.327 * (-0.020345585247676906 + (1.0317250496662531 * x_4)))))))))))
649_fri_c0_500_5,ok,5,NoRef,0.5856662051731953,0.6369313050891032,67,5.620447635650635,,0.0,(((-0.0635 + (0.201 * (-0.025829085600351787 + (0.9895386278979034 * x_4)))) + (0.07020000000000001 + (-0.0826 * (0.02299833218190762 + (1.0104957724946804 * x_2))))) - (((-0.0206 * (0.05015569787835444 + (0.9869308794430666 * x_0))) + (-0.0473 + (0.448 * cos(((-0.5 + (-2.82 * (0.0072901157284913 + (0.996924162832105 * x_1)))) - (0.0096 + (2.29 * (0.02299833218190762 + (1.0104957724946804 * x_2))))))))) + (((0.00814 + (0.0065699999999999995 * (0.0072901157284913 + (0.996924162832105 * x_1)))) * (-0.00083 + (0.009389999999999999 * ((-0.0505 + (60.800000000000004 * (0.05015569787835444 + (0.9869308794430666 * x_0)))))**2))) - ((0.00731 + (0.61 * (0.05015569787835444 + (0.9869308794430666 * x_0)))) + ((0.068 + (0.6900000000000001 * (0.0018581852272154726 + (0.9934119916616311 * x_3)))) - (-0.00479 + (-0.371 * (0.0072901157284913 + (0.996924162832105 * x_1)))))))))
654_fri_c0_500_10,ok,10,NoRef,0.6011711058197394,0.6724101174878053,65,9.863520622253418,,0.0,((-0.644 + (-0.019100000000000002 * (-0.007674634411478118 + (0.9884796052956638 * x_6)))) * ((((-0.5710000000000001 * (0.0032869731384947538 + (1.006978889636899 * x_4))) - (((3.86 + (-0.004591155046089351 + (0.9881623143555801 * x_5))) - ((0.06180000000000001 + (0.04820000000000001 * (0.024910778448662917 + (1.0055109392321329 * x_9)))) * (4.3500000000000005 + (3e-05 * log((3.08 + (0.0030399999999999997 * (0.008879295678918877 + (0.9961950824963652 * x_8))))))))) * ((0.00043999999999999996 + (0.26 * (0.051629217268438055 + (0.9900092947870005 * x_0)))) - (0.032100000000000004 + (-0.23600000000000002 * (-0.013561235525464553 + (1.0086379940980401 * x_1))))))) + (0.0095 + (-0.006679999999999999 * (((0.003 + (0.00045999999999999996 * (-0.01857497398298538 + (1.0010733122977842 * x_7)))) + (0.007899999999999999 + (9.69 * (-0.0034804442256793485 + (0.9952038941624249 * x_2))))))**2))) + (0.00357 + (-0.934 * (0.010953160930060992 + (0.9873931070092284 * x_3))))))
656_fri_c1_100_5,ok,5,BFGS,-0.008438535684351933,1.1241854996020733,60,5.038917541503906,,0.0,((((((-1.2332774073843265 * sin(((0.41520402252467853 + (1.5431941882431264e-07 * (0.06600070131993077 + (1.071902415041507 * x_0)))) * (8.217452977324148 + (0.012731662729046102 * (0.08299416227210835 + (1.0136373453285177 * x_1))))))) + (0.007667544437603267 + (0.4922139848105277 * (0.08299416227210835 + (1.0136373453285177 * x_1))))) + (0.8175675444374669 + (2.3244484188501206e-05 * (-0.020181692064190633 + (1.0062386048353007 * x_4))))) + (-0.5644324555624847 + (-0.4984960151896021 * (0.08299416227210835 + (1.0136373453285177 * x_1))))) + (((-61.509429221402875 + (-0.00838932676916017 + (1.0287898502013348 * x_3))) + (0.17257077859711287 + (9.352401942188118 * (0.01408358703485725 + (1.0601479689944844 * x_2))))) * ((-0.1629378975764824 + (-0.031073994432433395 * (0.01408358703485725 + (1.0601479689944844 * x_2)))) * (1.8834311548058974e-07 + (-2.3429224721692883e-06 * (-0.020181692064190633 + (1.0062386048353007 * x_4))))))) + (-0.564432455562455 + (-5.12267586573272e-07 * (-0.00838932676916017 + (1.0287898502013348 * x_3)))))
657_fri_c2_250_10,ok,10,NoRef,-0.056279623831161585,0.8903683186257046,80,9.709195375442505,,0.0,((((((-0.018771572258106054 + (1.0023424695141 * x_0)) + ((-58.300000000000004 + (0.806 * (-0.008973033226763504 + (1.005752836938309 * x_8)))) + (((0.747 + (0.044613028682963 + (1.0349622569817305 * x_4))) + (9.61 + (0.28800000000000003 * (0.0005911679441084991 + (0.986584160839145 * x_5))))) * (0.00062 + (-0.0989 * (0.044613028682963 + (1.0349622569817305 * x_4))))))) + (-0.607 + (9.22 * sin(((75.0 + (0.00633 * (0.020268922039895613 + (1.0330735986332134 * x_6)))) - (-0.37 + (-2.27 * (-0.018771572258106054 + (1.0023424695141 * x_0))))))))) + (57.2 + (-1.96 * (0.0008151052004195677 + (0.9877892476990678 * x_3))))) * (-0.051500000000000004 + (-0.07880000000000001 * cos((-3.81 + (-2.04 * (-0.008166477752058105 + (1.0221141213026677 * x_1)))))))) - ((7.54 + (0.0495 * abs(((-5.39 + (-0.00467 * (0.014480916335308092 + (1.0204173795461642 * x_9)))) - (-0.992 + (0.00873 * (0.038373688758975996 + (1.0315161162983169 * x_7)))))))) * (0.035800000000000005 + (0.033400000000000006 * (0.004963541047008135 + (0.9718174543157911 * x_2))))))
659_sleuth_ex1714,ok,7,NoRef,0.5751916827059615,1132.4081533887745,100,10.162162065505981,,0.0,(((-0.044000000000000004 + (23.1 * (-2.007866717453049 + (0.06513006034370408 * x_2)))) - (0.00436 + (-0.07200000000000001 * ((((18.5 * sin((((0.42400000000000004 + (0.914 * (-1.0750369602297871 + (0.03178433349252993 * x_4)))) - ((62.800000000000004 + (0.00844 * (-2.6669029972402725 + (0.0446375615975613 * x_3)))) * (0.73 + (-0.08120000000000001 * (-2.265740757609649 + (0.07005382201089905 * x_0)))))) - (0.006209999999999999 + (-0.0582 * (-1.2387522571517329 + (0.10036187257512587 * x_1))))))) * (0.012700000000000001 + (1.94 * (-2.265740757609649 + (0.07005382201089905 * x_0))))) + (-94.60000000000001 + (0.00924 * inv((((-3.2 * ((2.46 + (2.98 * sqrt((34.300000000000004 + (0.0095 * cos((-86.7 + (0.00198 * (-2.6669029972402725 + (0.0446375615975613 * x_3)))))))))))**3) + (0.00043999999999999996 + (0.8210000000000001 * (-0.8932896617930492 + (1.6455335920304204 * x_6))))) + (-6e-05 + (-0.00745 * (-2.265740757609649 + (0.07005382201089905 * x_0))))))))))**2))) - ((32.6 + (5.0 * (-1.5257143527990529 + (0.2294800279967313 * x_5)))) * ((53.6 + (0.462 * inv((-0.07600000000000001 + (-1.2387522571517329 + (0.10036187257512587 * x_1)))))) * (-5.47 + (0.523 * (-1.0750369602297871 + (0.03178433349252993 * x_4)))))))
663_rabe_266,ok,2,NoRef,0.996272790913934,2.752196103671906,40,8.529707193374634,,0.0,((-60.0 + (52.6 * (0.23213123244534775 + (0.028232176919028785 * x_0)))) + ((0.3 + (-0.1 * (-1.8941837957844347 + (0.06698488865249475 * x_1)))) * ((9.0 + (-40.0 * (-1.8941837957844347 + (0.06698488865249475 * x_1)))) + ((0.1 + (-0.2 * (0.23213123244534775 + (0.028232176919028785 * x_0)))) * ((0.01 + (-90.0 * (-1.8941837957844347 + (0.06698488865249475 * x_1)))) + (0.01 + (60.0 * cos((0.7000000000000001 + (-3.4 * (0.23213123244534775 + (0.028232176919028785 * x_0))))))))))))
665_sleuth_case2002,ok,6,NoRef,0.14367715355884936,10.52201138289542,81,8.364254713058472,,0.0,(0.881 + (0.036300000000000006 * abs(((((exp((0.019000000000000003 + (-7.499403812488581 + (0.13230704400541202 * x_4)))) * ((-0.053500000000000006 + (-0.029400000000000003 * (-0.5703518254720301 + (2.323655585256419 * x_0)))) * (0.00244 + (-0.93 * (-1.966690083380685 + (0.07225648268933713 * x_5)))))) + (0.789 + (3.17 * inv((-6.62 + (43.800000000000004 * inv((32.8 + (86.7 * sin((0.439 + (-93.10000000000001 * (-0.9297347899594901 + (2.005310331285175 * x_2)))))))))))))) * (10.4 + (-0.0897 * arctan(((0.007989999999999999 + (8.31 * (-0.6405126152203485 + (2.201762114819948 * x_3)))) * (-0.00307 + (0.00039999999999999996 * inv((0.06480000000000001 + (-36.7 * sqrt((0.00761 + (-0.0040999999999999995 * (-0.8011186209146053 + (2.0493732162931764 * x_1))))))))))))))) * ((-99.60000000000001 + (-0.264 * (-0.9297347899594901 + (2.005310331285175 * x_2)))) - (0.86 + (0.6930000000000001 * (-1.966690083380685 + (0.07225648268933713 * x_5)))))))))
666_rmftsa_ladata,ok,10,NoRef,-0.05101573515225133,2.6074044483115815,87,9.839941024780273,,0.0,(0.7190000000000001 + (0.0897 * (((-1.79 + (0.00019999999999999998 * exp(((0.9890000000000001 + (0.0178 * (-1.9070514863890549 + (0.2285833974119307 * x_8)))) * (4.5200000000000005 + (-0.511 * (-3.7220158904894394 + (0.07444129473712054 * x_7)))))))) * (0.05280000000000001 + (-0.008669999999999999 * ((((26.900000000000002 + (-0.0882 * (-2.7047222528815356 + (0.957784200727936 * x_5)))) + ((0.00229 + (0.00347 * (-2.0749977972706373 + (0.2660414727009863 * x_4)))) - ((-0.536 + (-12.700000000000001 * abs(((-0.00016999999999999999 + (3.62 * cos((((-85.8 * (-8.656669375171052 + (0.097737731845179 * x_1))) * (4.94 + (2.12 * abs((-0.0679 + (65.4 * (-2.7470892936648195 + (0.24562522593401634 * x_6)))))))) + (-23.5 + (-0.5900000000000001 * (-8.639123151347368 + (0.1160768295904296 * x_2)))))))) + (-0.065 + (-5.4 * (-11.595964183347181 + (0.06868853484182603 * x_0)))))))) * (0.0291 + (-0.00586 * (-3.0609331884660427 + (0.06470520453189736 * x_9))))))) - (4.48 + (-0.049400000000000006 * (-5.1667783402781176 + (0.08859239679134086 * x_3))))))**2))))**2))
678_visualizing_environmental,ok,3,NoRef,-0.28192635704486535,4.468060759266971,52,6.356594085693359,,0.0,((0.09340000000000001 + (-0.05040000000000001 * sin((0.792 + (0.5880000000000001 * ((-0.058 + (-1.84 * cos((-0.274 + (-82.10000000000001 * (-1.9226622139094462 + (0.010475315987559672 * x_1))))))))**2))))) * ((-0.00779 + (-60.5 * inv((-0.0466 + (-0.459 * inv((-3.2800000000000002 + (0.5830000000000001 * (-1.2118036560247196 + (0.030068670687608885 * x_0)))))))))) * (0.00416 + (-0.00991 * sqrt((-0.00329 + (6.47 * ((-9.700000000000001 + (-0.00775 * (-8.583359542036419 + (0.11053822218603923 * x_2)))))**2)))))))
687_sleuth_ex1605,ok,5,BFGS,0.20830834279661747,15.589642990758147,69,7.298731088638306,,0.0,(8.398024380483452 + (74.69475931196376 * sqrt((((((-0.741822813741766 * inv((-0.06382616308200355 + (0.1805076388265993 * abs(((0.0030040344963784106 + (-92.90008527979953 * (((0.03905249678915789 + (-1.0018962034137147 * (-4.049896687626732 + (0.32856304696795363 * x_0)))) + (7.4865824967891585 + (-9.390539209220464 * (-9.263042114999775 + (0.08054819230434587 * x_2))))))**3)) - (-3.139664034496379 + (-0.01041956767817935 * inv((0.6646208852753489 + (0.7526674112728353 * (-5.189141954524958 + (0.060476445378299486 * x_1))))))))))))) + (1.7334102868246748 + (0.029276544671296825 * sin((2.6286332318485117 + (-37.493903276576596 * (-8.835765526970595 + (0.0790288186351638 * x_3)))))))) + (0.05181028682467484 + (0.010819718360373064 * (-9.263042114999775 + (0.08054819230434587 * x_2))))) - (0.00026971317532517645 + (-0.06235922160887872 * (-9.072731171399425 + (0.07949440645416639 * x_4))))) + (-0.06798971317532515 + (-7.602325859057402e-06 * (-8.835765526970595 + (0.0790288186351638 * x_3))))))))
690_visualizing_galaxy,ok,4,NoRef,0.8410119939256184,35.86111604497611,33,9.695725917816162,,0.0,(((-14.6 + sin((-0.00832 + (-0.0318602065231178 + (0.043303946113430164 * x_1))))) * (((-0.79 + (-0.010814612326497604 + (0.038374432100343386 * x_3))) + (54.2 + (-0.098 * (-0.024844570978524928 + (0.08297300048543822 * x_0))))) * (-0.372 + (-0.00728 * cos((0.0031799999999999997 + (-90.0 * (-0.0318602065231178 + (0.043303946113430164 * x_1))))))))) * (5.5200000000000005 + (0.00219 * (-2.0870014034303055 + (0.026078761760263025 * x_2)))))
706_sleuth_case1202,ok,6,BFGS,0.648229825303877,58.65345677867209,73,6.7590720653533936,,0.0,((-99.1053239233692 + (-54.54279435777352 * (-3.604001953163224 + (0.0074972454631813575 * x_4)))) * (-0.8147659685002261 + (0.030475174263007596 * cos(((5.032168612554082 + (0.03374128527434895 * (-1.3266499161421599 + (2.080428277586569 * x_2)))) * ((((-3.199414674921419 + (-10.994879495695043 * log(((31.836033156887282 + (-0.14916470615221955 * sqrt((0.3955164331953599 + (0.040163034968638545 * (-8.164957072807557 + (0.09897787034851044 * x_3))))))) - (0.057486843112725665 + (0.17367534988565386 * inv((-9.698754049868539 + (0.899399956029382 * (-8.029887324898368 + (0.001462175666793306 * x_0))))))))))) * ((0.26306096008345137 + (-2.8456930229199537 * (-5.549295017812063 + (0.0005258044966915793 * x_1)))) * (-1.0875067193172288 + (6.2942088127218705 * (-1.3266499161421599 + (2.080428277586569 * x_2)))))) - ((0.43981645483889137 + (0.009268231316169174 * (-8.164957072807557 + (0.09897787034851044 * x_3)))) * (41.11084569717566 + (-1.8257776847483533 * (-8.164957072807557 + (0.09897787034851044 * x_3)))))) + (0.054829200449675174 + (-6.261404171590093 * (-2.114831822692076 + (0.9994753134640633 * x_5))))))))))
712_chscase_geyser1,ok,2,NoRef,0.6588813739986226,8.249427683918608,68,5.714356184005737,,0.0,((0.0274 + (-0.29600000000000004 * (-1.5371717065599722 + (0.1266983631027584 * x_0)))) + ((-3.1 + (7.29 * sqrt(((-0.00434 + (9.42 * (-3.3729050952987207 + (0.9362913804092706 * x_1)))) - (-32.1 + (-0.00137 * abs(((22.2 + (-0.08120000000000001 * (-1.5371717065599722 + (0.1266983631027584 * x_0)))) + (-71.8 + (-0.0522 * (-3.3729050952987207 + (0.9362913804092706 * x_1)))))))))))) * (1.86 + (84.60000000000001 * ((0.0007999999999999999 + (-0.153 * sin(((-0.022400000000000003 + (-5.45 * inv((0.0029 + (-3.3729050952987207 + (0.9362913804092706 * x_1)))))) * (-0.057 + (-0.0644 * sqrt((43.7 + (-0.009389999999999999 * exp((0.004079999999999999 + (0.388 * (-1.5371717065599722 + (0.1266983631027584 * x_0)))))))))))))))**3))))
feynman_III_10_19,ok,4,NoRef,0.9937015807357632,0.5737230981980498,45,42.90604901313782,,0.0,((((0.627 * (-2.595675079647924 + (0.8647593963458762 * x_0))) - (-0.108 + (-3.63 * (-2.595675079647924 + (0.8647593963458762 * x_0))))) + (10.700000000000001 + (-0.07500000000000001 * (-2.5988055551471723 + (0.8674342969803297 * x_3))))) * (((2.72 + (0.00919 * (-2.6031890825882913 + (0.8669198439354064 * x_2)))) - ((-0.0497 + (0.00911 * (-2.6031890825882913 + (0.8669198439354064 * x_2)))) * ((60.1 + (-9.84 * (-2.5988055551471723 + (0.8674342969803297 * x_3)))) * (-0.402 + (0.0616 * (-2.589385032771437 + (0.8645015143712196 * x_1))))))) - (-0.0047599999999999995 + (0.0632 * (-2.6031890825882913 + (0.8669198439354064 * x_2))))))
feynman_III_12_43,ok,2,NoRef,0.9999958744738519,0.001635302308156966,11,20.534353494644165,,0.0,((-0.202 + (-0.0775 * (-2.603159879275623 + (0.8683768222038629 * x_1)))) * (-7.09 + (-2.73 * (-2.5901196900779673 + (0.8632681606651428 * x_0)))))
feynman_III_13_18,ok,4,NoRef,0.9991951877463549,15.650806019215263,29,44.16049265861511,,0.0,(((0.111 + ((2.5500000000000003 + (-2.590089743866982 + (0.8634447109751857 * x_1))))**2) * ((-1.1 + (-0.42000000000000004 * (-2.594611178671891 + (0.863997207988362 * x_0)))) * (-0.728 + (6.8 * inv((0.098 + (0.0386 * (-2.5984300060086274 + (0.8647584059169913 * x_3))))))))) * (-0.667 + (-0.251 * (-2.597470846548522 + (0.8665495151180956 * x_2)))))
feynman_III_14_14,ok,5,NoRef,0.9760450085958355,1.060131816448771,65,44.3527307510376,,0.0,((2.1 + (0.8200000000000001 * (-2.608171291533975 + (0.8680219491089829 * x_0)))) * (0.00468 + (8.42 * inv((((3.68 + (-5.204087613296749 + (3.466934123187892 * x_4))) - (-0.0075699999999999995 + (-0.63 * (-5.20457176252679 + (3.4673025878558907 * x_3))))) * ((((-23.7 + inv(((-0.9 + (-4.9 * (-5.204087613296749 + (3.466934123187892 * x_4)))) + (14.3 + (0.008409999999999999 * (-5.20457176252679 + (3.4673025878558907 * x_3))))))) + (0.061000000000000006 + (3.3200000000000003 * (-5.195550762214879 + (3.463205526441301 * x_2))))) * (((-6.6000000000000005 + (1.01 * (-5.195550762214879 + (3.463205526441301 * x_2)))) - (-0.0869 + (-0.8380000000000001 * (-5.19211016655459 + (3.4588894294081984 * x_1))))) - (0.022500000000000003 + (0.8310000000000001 * (-5.20457176252679 + (3.4673025878558907 * x_3)))))) * (0.00645 + (-0.0012 * (-5.19211016655459 + (3.4588894294081984 * x_1))))))))))
feynman_III_15_12,ok,3,NoRef,0.09693299381120113,4.865605521689645,27,39.697962284088135,,0.0,((0.002 + (0.0007999999999999999 * (-2.593304460990531 + (0.8635386115747442 * x_0)))) * (0.030000000000000002 + (0.7000000000000001 * ((6.0 + (-88.8 * cos(((0.01 + (-2.0 * (-2.605014023454783 + (0.866318952004638 * x_1)))) + (0.01 + (-1.8 * (-2.6020424844049055 + (0.8643687609683721 * x_2)))))))))**2)))
feynman_III_15_14,ok,3,NoRef,0.996561734737652,0.0010057266095329217,38,41.33885478973389,,0.0,((0.001 + (0.00039999999999999996 * (-2.6035535442633173 + (0.8679488672885353 * x_0)))) * ((0.02 + (0.0083 * (-2.6035535442633173 + (0.8679488672885353 * x_0)))) * (0.01 + (0.9 * ((0.2 + (-9.0 * inv(((0.2 + (0.07500000000000001 * (-2.597537119806788 + (0.8655890773351206 * x_2)))) * (0.3 + (-3.8000000000000003 * cos((0.5700000000000001 + (-0.26 * (-2.592651034022415 + (0.8644529213018987 * x_1))))))))))))**2))))
feynman_III_15_27,ok,3,NoRef,0.99982721443088,0.03521177346682964,34,29.644870042800903,,0.0,((3.8000000000000003 + (1.48 * (-2.593768391778343 + (0.8653530862251808 * x_0)))) * (-0.00291 + (-4.3100000000000005 * inv((((-0.0952 + (-0.037000000000000005 * (-2.5943208740350783 + (0.8668355676349394 * x_2)))) * ((-0.030100000000000002 + (0.878 * (-2.590009321613727 + (0.863877005419952 * x_1)))) - (-82.3 + (-30.7 * (-2.590009321613727 + (0.863877005419952 * x_1)))))) - (-0.00473 + (0.00015999999999999999 * (-2.593768391778343 + (0.8653530862251808 * x_0)))))))))
feynman_III_17_37,ok,3,NoRef,0.9908816378481667,0.4798421856943749,37,37.73020958900452,,0.0,((((-94.9 * cos(((-94.10000000000001 + (-1.25 * (-2.583164435932138 + (0.8622522300374365 * x_2)))) + (0.030100000000000002 + (0.00019999999999999998 * arctan((0.6910000000000001 + (-16.7 * (-2.5910678123699937 + (0.8645301603875495 * x_0)))))))))) * (-0.021400000000000002 + (-0.00853 * (-2.6014585251141953 + (0.8665648325944011 * x_1))))) + (-0.531 + (-0.0874 * (-2.583164435932138 + (0.8622522300374365 * x_2))))) * (-4.24 + (-1.67 * (-2.5910678123699937 + (0.8645301603875495 * x_0)))))
feynman_III_19_51,ok,5,NoRef,0.9594241908606796,0.41886098638527836,67,49.5152428150177,,0.0,((-0.044300000000000006 + (-0.0161 * (-2.601979890362099 + (0.8670812889763767 * x_1)))) * (0.00923 + (1.3 * exp((((1.04 * (-2.601979890362099 + (0.8670812889763767 * x_1))) + ((((0.0006399999999999999 + (0.458 * (-2.586598291379658 + (0.8644771447609795 * x_0)))) - ((-0.641 + (0.182 * (-2.5980344780512077 + (0.8655538613146133 * x_3)))) * (-0.00273 + (-1.22 * (-2.5980344780512077 + (0.8655538613146133 * x_3)))))) - ((-0.7230000000000001 + (0.778 * (-2.601830800830659 + (0.8655948843991712 * x_2)))) * (-0.004399999999999999 + (-0.228 * (-2.601830800830659 + (0.8655948843991712 * x_2)))))) + (0.0502 + (-0.42300000000000004 * sqrt(((95.7 + (46.7 * (-2.6010639485940437 + (0.8665398862335241 * x_4)))) - (-0.00564 + (0.00571 * (-2.601830800830659 + (0.8655948843991712 * x_2)))))))))) + (3.17 + (-0.75 * (-2.601830800830659 + (0.8655948843991712 * x_2)))))))))
feynman_III_21_20,ok,4,NoRef,0.9999216245285937,0.09068344320813436,26,38.20611572265625,,0.0,(((2.6 + (-2.588487050222574 + (0.8632922495334688 * x_2))) * (0.2 + (0.078 * (-2.59734001646025 + (0.8658903655433385 * x_1))))) * ((0.2 + (0.07600000000000001 * (-2.607486869894172 + (0.8704860176332444 * x_0)))) * (-0.4 + (-0.6 * inv((0.006999999999999999 + (0.0026999999999999997 * (-2.6060555065418627 + (0.8677300287789851 * x_3)))))))))
feynman_III_4_32,ok,4,NoRef,0.9986492481123671,0.34178734591030946,35,37.699628829956055,,0.0,((-0.46900000000000003 + (-0.0026 * (-2.601856751893165 + (0.8666067310329927 * x_0)))) + (((0.007659999999999999 + inv((2.5300000000000002 + (-2.601856751893165 + (0.8666067310329927 * x_0))))) * (-0.0094 + (0.0679 * inv((-0.0942 + (-0.036300000000000006 * (-2.600007560975531 + (0.8671764042169674 * x_1)))))))) * ((-0.22 + (-0.0887 * (-2.6000187122068077 + (0.865615195337042 * x_2)))) * (93.60000000000001 + (36.1 * (-2.594715066701814 + (0.86544176389977 * x_3)))))))
feynman_III_4_33,ok,4,NoRef,0.9998375052360067,0.06470012551694543,47,39.23373365402222,,0.0,(((((14.5 + (6.0 * (-2.5969569860681374 + (0.8646009136693547 * x_2)))) - (((0.0942 + (0.0956 * (-2.590014767641521 + (0.8675729142015532 * x_0)))) - (-0.54 + (-0.0024 * (-2.5934650336784837 + (0.8652079382692376 * x_3))))) - (0.761 + (0.0369 * (-2.5934650336784837 + (0.8652079382692376 * x_3)))))) - (-0.00696 + (0.33 * (-2.5969569860681374 + (0.8646009136693547 * x_2))))) * (0.607 + (0.23800000000000002 * (-2.5934650336784837 + (0.8652079382692376 * x_3))))) - ((0.266 + (0.09820000000000001 * (-2.590014767641521 + (0.8675729142015532 * x_0)))) * (2.19 + (0.9720000000000001 * (-2.6053160090618936 + (0.8673183317702835 * x_1))))))
feynman_III_7_38,ok,3,NoRef,0.999889330894081,0.3743646702417307,20,33.419620990753174,,0.0,(((2.6 + (-2.5961519695423974 + (0.8654084315743407 * x_1))) * (0.2 + (0.07600000000000001 * (-2.610444420054463 + (0.8676674060282604 * x_0))))) * (-0.1 + (0.7000000000000001 * inv((0.0096 + (0.0036999999999999997 * (-2.605718721038121 + (0.8680470283192115 * x_2))))))))
feynman_III_8_54,ok,3,BFGS,-0.00019264090569381942,0.3540775189335094,28,36.0951247215271,,0.0,(0.48215053690540577 + (-6.195329029057652e-08 * cos(((((-0.07144194390198842 + (-2.294268157967925 * (-5.192457305488689 + (3.4606619440701656 * x_0)))) + (-4.2087419439019875 + (-2.743013998237536 * (-5.202160712612211 + (3.4637479825081123 * x_1))))) - (0.8747419439019885 + (-0.10441835380782402 * (-2.882257612968942 + (1.1543435372185 * x_2))))) + (6.701258056098013 + (2.2684183538078244 * (-2.882257612968942 + (1.1543435372185 * x_2))))))))
feynman_III_9_52,ok,6,NoRef,0.9429812340369299,3.3897937224292796,49,52.74721431732178,,0.0,(0.00077 + (0.001 * ((((7.0 + (-3.465335565868304 + (1.730512037480293 * x_1))) + (-0.1 + (1.2 * (-3.4652183289257827 + (1.7331572247646594 * x_2))))) * ((-9.0 + (-4.0 * (-3.470947490593213 + (1.7337857840927098 * x_0)))) + ((-0.01 + (4.0 * (-3.4665866275632466 + (1.7375818573155892 * x_3)))) + (-0.01 + (-14.200000000000001 * cos(((0.02 + (0.006999999999999999 * (-3.4652183289257827 + (1.7331572247646594 * x_2)))) * ((0.01 + (-46.7 * (-2.600766997418986 + (0.8670016250155116 * x_5)))) + (0.1 + (46.7 * (-2.6044607290783226 + (0.8670558945534738 * x_4)))))))))))))**2))
feynman_II_10_9,ok,3,NoRef,0.9997294852945587,0.004062691833299074,39,29.550037622451782,,0.0,((1.27 + (0.49500000000000005 * (-2.5884119893225717 + (0.863580171671816 * x_0)))) * (-0.00958 + (-3.41 * inv(((0.5660000000000001 + (0.158 * (-2.6007013318739114 + (0.8665864877888373 * x_2)))) * ((0.9850000000000001 + (-0.00116 * inv(((0.371 + (-80.60000000000001 * (-2.610867254638592 + (0.8675666410146483 * x_1)))) * (-0.0747 + (5.58 * (-2.5884119893225717 + (0.863580171671816 * x_0)))))))) + (-30.3 + (-11.1 * (-2.610867254638592 + (0.8675666410146483 * x_1))))))))))
feynman_II_11_20,ok,5,NoRef,0.9972120610750177,0.3758449907462643,55,45.31117582321167,,0.0,((-0.674 + (33.1 * inv(((0.24200000000000002 + (0.0956 * (-2.6007346363871573 + (0.8676472648222499 * x_4)))) * (9.16 + (3.49 * (-2.6020910767244025 + (0.8663094145939032 * x_3)))))))) * (((((-2.597633301679201 + (0.8653118132693743 * x_2)) * (-37.9 + (-0.0066 * (-2.6012980731603075 + (0.8663878839568657 * x_0))))) + (-91.9 + (0.00681 * (-2.597633301679201 + (0.8653118132693743 * x_2))))) * (0.059000000000000004 + (0.00819 * (-2.6036895651901433 + (0.8675474094301431 * x_1))))) * (((-0.007699999999999999 + ((2.9 + (-2.6036895651901433 + (0.8675474094301431 * x_1))))**2) * (-0.0059 + (-0.0023 * (-2.6012980731603075 + (0.8663878839568657 * x_0))))) * (0.746 + (-0.0644 * (-2.6036895651901433 + (0.8675474094301431 * x_1)))))))
feynman_II_11_27,ok,4,NoRef,0.9982380455035186,0.02930258744615322,41,39.90764021873474,,0.0,((((-32.1 + (-1.739155254973971 + (3.477331538907362 * x_0))) - (-0.273 + (0.00926 * (-5.18890945866278 + (3.458537184126156 * x_3))))) * (((5.48 + (-5.219343890438042 + (3.4734842134719535 * x_2))) * (-0.0791 + (-0.006719999999999999 * (-1.7278197330051435 + (3.465249167320299 * x_1))))) * (4.75 + (0.751 * (-1.739155254973971 + (3.477331538907362 * x_0)))))) * (((1.71 + (-1.7278197330051435 + (3.465249167320299 * x_1))) * (-0.00694 + (-0.00123 * (-5.18890945866278 + (3.458537184126156 * x_3))))) * (-0.777 + (-0.43 * (-1.739155254973971 + (3.477331538907362 * x_0))))))
feynman_II_11_28,ok,2,NoRef,0.9985621015433626,0.011014727074041152,16,27.436258554458618,,0.0,(0.045000000000000005 + (0.9690000000000001 * exp(((-0.0245 + (-0.014700000000000001 * (-1.7345462968149234 + (3.4615560571301773 * x_0)))) * (-9.3 + (-5.5200000000000005 * (-1.7349425187576448 + (3.4626186221740825 * x_1))))))))
feynman_II_11_3,ok,5,NoRef,0.9972965744240194,0.006446004602633697,32,44.60881328582764,,0.0,(((3.5 + (-3.466353422115428 + (1.7308764850767546 * x_0))) * (0.02 + (0.005699999999999999 * (-3.4808992290218614 + (1.7385786178265445 * x_1))))) * (-0.3 + (9.0 * inv(((0.4 + (0.11 * (-3.461233731377711 + (1.730881966245243 * x_2)))) * ((9.4 + (2.6 * (-6.92014222195854 + (1.7286209350593402 * x_3)))) - (0.1 + (0.54 * (-5.199553592319454 + (3.4612357622429495 * x_4))))))))))
feynman_II_13_17,ok,4,NoRef,0.9982159471989588,0.001063375731688693,39,37.918312072753906,,0.0,((-0.017 + (-0.006509999999999999 * (-2.597674142804184 + (0.8659203271276166 * x_2)))) * (0.00671 + (-8.700000000000001 * inv(((0.191 + (-7.4 * (((-0.04 + (4.38 * (-2.6055704523274246 + (0.8676397489603255 * x_1)))) - (-11.5 + (-0.00397 * (-2.5994658858174335 + (0.8657707724586062 * x_3))))))**2)) * ((0.381 + (0.149 * (-2.5994658858174335 + (0.8657707724586062 * x_3)))) * (-0.065 + (-0.0239 * (-2.5957572654281957 + (0.8652962957305357 * x_0))))))))))
feynman_II_13_23,ok,3,NoRef,0.999751687404068,0.0191127705637719,22,32.250853300094604,,0.0,((-33.7 + (-0.14100000000000001 * inv(((0.09190000000000001 + (-0.00842 * (-5.200283917104196 + (3.4624672967094225 * x_1)))) - (0.030000000000000002 + (-0.021900000000000003 * (-3.211076379933289 + (0.4944300005413971 * x_2)))))))) * (-0.08600000000000001 + (-0.033100000000000004 * (-2.5920812529103787 + (0.8645409217304649 * x_0)))))
feynman_II_13_34,ok,3,NoRef,0.9992543533953537,0.05752419913562734,37,39.53866195678711,,0.0,((0.00929 + (0.00364 * (-2.5975470566740215 + (0.8663681118651275 * x_0)))) * ((4.75 + (0.9540000000000001 * (-5.209731689124816 + (3.4746076277106677 * x_1)))) * (99.4 + (-45.6 * inv((((-0.222 * sin((0.5 + (-0.9870000000000001 * (-2.5975470566740215 + (0.8663681118651275 * x_0)))))) - (-0.0274 + (3.59 * (-3.21473447749444 + (0.4942943720217439 * x_2))))) + (-9.1 + (0.8190000000000001 * (-5.209731689124816 + (3.4746076277106677 * x_1))))))))))
feynman_II_15_4,ok,3,NoRef,0.9996878935641195,0.09284625046780395,20,36.25040674209595,,0.0,(((2.6 + (-2.5987893119651093 + (0.8660848979416299 * x_1))) * (0.2 + (0.07700000000000001 * (-2.5993269325962003 + (0.8672012639855557 * x_0))))) * (-0.2 + (17.3 * cos((0.13 + (-1.1500000000000001 * (-2.586598214097152 + (0.8612674838932523 * x_2))))))))
feynman_II_15_5,ok,3,NoRef,0.999874979576239,0.058508094608481276,20,33.57094168663025,,0.0,(((2.59 + (-2.599410139623092 + (0.8659872483948012 * x_1))) * (-0.047700000000000006 + (-0.0181 * (-2.5901226458099837 + (0.8653794416601365 * x_0))))) * (-0.00344 + (-72.7 * cos((0.14100000000000001 + (-1.1500000000000001 * (-2.5981860504990513 + (0.8665145431946906 * x_2))))))))
feynman_II_21_32,ok,5,NoRef,0.9962037450022706,0.003007376674531693,39,43.9894323348999,,0.0,((0.02 + (0.008 * (-2.595017840036571 + (0.8661397199295369 * x_0)))) * (-0.02 + (9.0 * inv(((0.2 + (0.07700000000000001 * (-2.5973090554009937 + (0.8654740552732318 * x_1)))) * ((2.5 + (0.9600000000000001 * (-2.5972274545339453 + (0.8664619821400085 * x_2)))) * (12.0 + (-0.7000000000000001 * exp(((0.7000000000000001 + (0.2 * (-5.1820460237701065 + (3.4570932094864597 * x_3)))) - (0.1 + (0.8 * (-3.2203941162886225 + (0.4959158360422318 * x_4))))))))))))))
feynman_II_24_17,ok,3,NoRef,0.9982982302032269,0.035549960455144816,25,41.33572006225586,,0.0,((-0.0918 + (-0.161 * exp((-0.51 * (-5.189848384331843 + (1.7307457966042825 * x_2)))))) + ((-64.5 + (-7.79 * (-8.65335653973537 + (1.7310678698387563 * x_0)))) * (-0.002 + (-0.20900000000000002 * inv((4.14 + (0.8480000000000001 * (-5.19079797081511 + (3.4620834728738354 * x_1)))))))))
feynman_II_27_16,ok,3,NoRef,0.9999881588249321,0.30476009485927463,20,32.62473964691162,,0.0,(((2.6 + (-2.590685056747548 + (0.8656950783561495 * x_0))) * (0.2 + (0.07700000000000001 * (-2.6053496233402025 + (0.8667046217728607 * x_1))))) * (-0.01 + (0.02 * ((88.10000000000001 + (34.0 * (-2.6021114212583667 + (0.8674758321934541 * x_2)))))**2)))
feynman_II_27_18,ok,2,NoRef,0.9999828650409541,0.10526027167893393,22,29.562777996063232,,0.0,((0.02 + (0.007699999999999999 * (-2.5903293345089 + (0.8647521351495433 * x_0)))) * (-0.01 + (0.2 * (((82.0 + (31.8 * (-2.5968225494290453 + (0.8649647169072636 * x_1)))) + (0.1 + (-0.002 * (-2.5903293345089 + (0.8647521351495433 * x_0))))))**2)))
feynman_II_2_42,ok,5,NoRef,0.9999380706355734,0.05956293125307713,32,41.703858375549316,,0.0,(((2.6 + (-2.590357754969827 + (0.8652104734904551 * x_0))) * ((0.02 + (0.007699999999999999 * (-2.5983997350900876 + (0.8653690887785789 * x_3)))) * (0.02 + (-0.6 * inv((0.07 + (0.027000000000000003 * (-2.6013857481973996 + (0.8666432178566211 * x_4))))))))) * ((0.01 + (7.7 * (-2.5965568722005115 + (0.8661621604895 * x_1)))) - (-0.01 + (7.7 * (-2.6085653656704544 + (0.868806148253277 * x_2))))))
feynman_II_34_11,ok,4,NoRef,0.9999842635198413,0.0201046616329472,26,40.381656646728516,,0.0,(((2.6 + (-2.5948859475573696 + (0.8658294130247899 * x_2))) * (0.2 + (0.07700000000000001 * (-2.5902859470042587 + (0.8653653241025926 * x_1))))) * ((0.2 + (0.07700000000000001 * (-2.5934242890293002 + (0.8649168229966994 * x_0)))) * (0.2 + (0.3 * inv((0.006999999999999999 + (0.0026999999999999997 * (-2.5963949089458125 + (0.865444087420903 * x_3)))))))))
feynman_II_34_2,ok,3,NoRef,0.9999936569043103,0.02443431790531239,15,30.700114250183105,,0.0,(((2.6 + (-2.6013546381409616 + (0.8677473991420683 * x_1))) * (0.060000000000000005 + (0.023000000000000003 * (-2.6060951305547317 + (0.8677687417413945 * x_2))))) * (86.7 + (33.4 * (-2.606650389056198 + (0.8673085303842745 * x_0)))))
feynman_II_34_29a,ok,3,NoRef,0.999842966737757,0.002875885331219658,26,32.336668252944946,,0.0,((-0.006999999999999999 + (-2.4 * inv((2.61 + (-2.594310419152839 + (0.8654958272163299 * x_2)))))) * ((-0.0081 + (-0.00312 * (-2.5984299478194286 + (0.8660082007114862 * x_0)))) * ((-2.57 + (-0.00296 * (-2.594310419152839 + (0.8654958272163299 * x_2)))) - (-34.6 + (-12.4 * (-2.612491525484051 + (0.868564028067122 * x_1)))))))
feynman_II_34_29b,ok,5,NoRef,0.9998346649026127,2.8422384916039327,30,44.592042684555054,,0.0,(((2.61 + (-2.600906716531438 + (0.8669187797121793 * x_4))) * (-80.4 + (-31.1 * (-2.5995738749671244 + (0.8655882097484616 * x_2))))) * ((-0.0044399999999999995 + (74.10000000000001 * inv((2.61 + (-2.607005935690464 + (0.8671396783378055 * x_1)))))) * ((-0.0884 + (-0.0342 * (-2.5955858143260153 + (0.8642408159369542 * x_0)))) * (0.326 + (0.124 * (-2.607968163735475 + (0.8675704466820467 * x_3)))))))
feynman_II_34_2a,ok,3,NoRef,0.9998883946697505,0.0048756215401440485,35,29.796346187591553,,0.0,((((2.54 + (-2.598243857445774 + (0.8657150319652017 * x_1))) + (0.06630000000000001 + (0.00363 * (-2.598243857445774 + (0.8657150319652017 * x_1))))) * (-0.060000000000000005 + (-0.023500000000000004 * (-2.592934274244674 + (0.8630118497720846 * x_0))))) * (-0.0257 + (36.300000000000004 * inv(((-12.0 + (0.00964 * sin((20.400000000000002 * (-2.592934274244674 + (0.8630118497720846 * x_0)))))) + (-0.00513 + (-4.66 * (-2.594518666239565 + (0.8642216629310018 * x_2)))))))))
feynman_II_35_18,ok,5,NoRef,0.9779656130693644,0.047003666784911934,40,45.24969410896301,,0.0,((94.8 + (28.3 * (-3.4562920198414946 + (1.7306719224770948 * x_0)))) * (0.00466 + (-0.00428 * arctan(((-1.25 + (-0.562 * (-3.467551660270528 + (1.7331124112989802 * x_1)))) + ((0.5640000000000001 + (0.468 * (-3.459460827248759 + (1.728963213723657 * x_4)))) + (((0.00112 + (-0.5680000000000001 * (-3.458262908846139 + (1.7317525604401383 * x_2)))) - (-0.07600000000000001 + (-0.023500000000000004 * (-3.459460827248759 + (1.728963213723657 * x_4))))) - (-0.033600000000000005 + (-0.47200000000000003 * (-3.4599789364556433 + (1.7321747531028424 * x_3)))))))))))
feynman_II_35_21,ok,5,NoRef,0.9851393456821013,0.611001182255408,46,46.379892349243164,,0.0,((0.9 + (0.36000000000000004 * (-2.605803542790485 + (0.8672839199170996 * x_0)))) * (8.2 + (7.1000000000000005 * arctan(((0.001 + (0.7000000000000001 * (-2.5975936541530675 + (0.8644639123146133 * x_1)))) + ((0.04 + (-0.013000000000000001 * (-2.605849634797703 + (0.8673366555310302 * x_2)))) * ((-2.0 + (-5.9 * (-2.5966030954412895 + (0.8659303719450882 * x_4)))) + ((0.09000000000000001 + (0.02 * (-2.5966030954412895 + (0.8659303719450882 * x_4)))) * ((-0.01 + (-63.7 * (-2.5889507000353738 + (0.8647695173479677 * x_3)))) - (0.01 + (-73.10000000000001 * (-2.605849634797703 + (0.8673366555310302 * x_2)))))))))))))
feynman_II_36_38,ok,8,NoRef,0.9650547422810852,0.20742658560883165,55,61.10650873184204,,0.0,((0.030000000000000002 + (0.009 * (-3.4676994797729073 + (1.733578912746499 * x_0)))) * ((0.3 + (0.02 * (-3.4684907910594056 + (1.7317207667784684 * x_4)))) * (((4.0 + (-3.4636734662793733 + (1.7313173648170714 * x_1))) + (0.1 + (2.0 * ((0.6 + (-0.4 * (-3.4653817046691597 + (1.7314781175925666 * x_6)))))**2))) * (0.2 + (90.0 * inv(((0.3 + (0.09000000000000001 * (-3.4594042135055076 + (1.7308558949614197 * x_3)))) * ((9.9 + (2.7 * (-3.4524572010154646 + (1.7288752114960375 * x_2)))) - ((0.1 + (0.6 * (-3.4729457562252377 + (1.7359310010655866 * x_7)))) + (-0.1 + (-0.7000000000000001 * (-3.4728048570452246 + (1.7339887681618564 * x_5)))))))))))))
feynman_II_37_1,ok,3,NoRef,0.999963060643602,0.1431315355017643,15,31.957346439361572,,0.0,(((2.6 + (-2.5990440720790113 + (0.8667698966674856 * x_0))) * (0.2 + (0.057 * (-2.609085462369114 + (0.869096047815585 * x_2))))) * (69.0 + (26.8 * (-2.589924505416426 + (0.8650155463910425 * x_1)))))
feynman_II_38_14,ok,2,NoRef,0.9999816644093421,0.0009147602477560998,19,22.65579342842102,,0.0,((0.0575 + (0.768 * abs((2.5300000000000002 + (-2.598990942841578 + (0.8664660338520245 * x_0)))))) * (0.00413 + (0.323 * inv((1.76 + (0.515 * (-2.599121661835128 + (0.867658242604959 * x_1))))))))
feynman_II_38_3,ok,4,NoRef,0.9999151662292881,0.09406424625195497,26,39.56090807914734,,0.0,(((2.6 + (-2.60200840736039 + (0.8681628784310511 * x_0))) * (0.2 + (0.07700000000000001 * (-2.60513779830767 + (0.8698485195204876 * x_1))))) * ((0.2 + (0.07700000000000001 * (-2.6022544957721383 + (0.8686542242169122 * x_3)))) * (0.2 + (0.8 * inv((0.0093 + (0.0036 * (-2.600635279240289 + (0.8678703068561665 * x_2)))))))))
feynman_II_3_24,ok,2,NoRef,0.9999233426942078,0.0004921319860520488,21,28.749163150787354,,0.0,((-0.022500000000000003 + (-0.008579999999999999 * (-2.5973337242206833 + (0.8663478799495643 * x_0)))) * (-0.07400000000000001 + (-56.800000000000004 * ((-0.00682 + (0.7180000000000001 * inv((4.9 + (1.8800000000000001 * (-2.5967996978056815 + (0.8652566440786205 * x_1))))))))**2)))
feynman_II_4_23,ok,3,NoRef,0.9998348910095987,0.00042822722350340333,22,31.323829412460327,,0.0,((0.02 + (0.0076 * (-2.598351657887101 + (0.8662906941538828 * x_0)))) * (0.01 + (0.9 * inv(((0.2 + (0.07700000000000001 * (-2.614162387459212 + (0.8700131171819241 * x_1)))) * (3.4 + (1.3 * (-2.596337834217202 + (0.8662329880311779 * x_2)))))))))
feynman_II_6_11,ok,4,NoRef,0.9990491223150335,0.0006271983882232883,43,42.68853306770325,,0.0,((-3.83 + (-4.99 * (-3.4565991657811312 + (1.7307163679280013 * x_2)))) * ((0.0961 + (0.028700000000000003 * (-3.464014085669444 + (1.731609754792183 * x_1)))) * ((-0.00903 + (1.36 * inv(((0.0709 + (0.028 * (-3.4622829152579717 + (1.7316027606957747 * x_3)))) * (70.5 + (20.400000000000002 * (-3.456691676548104 + (1.7303556480887887 * x_0)))))))) * ((0.07780000000000001 + (-0.00324 * exp((0.389 + (-3.4565991657811312 + (1.7307163679280013 * x_2)))))) * (1.18 + (-0.17600000000000002 * (-3.4622829152579717 + (1.7316027606957747 * x_3))))))))
feynman_II_6_15a,ok,6,NoRef,0.9878220111811868,0.04129695605585977,51,49.79755163192749,,0.0,((0.030000000000000002 + (0.00715 * arctan((0.00966 + (-3.4580073549283297 + (1.7320491335420232 * x_4)))))) * ((((9.38 + (-3.465338005376212 + (1.731140622814794 * x_3))) - (0.038400000000000004 + (-2.59 * (-3.4605654796930345 + (1.7276430314887348 * x_1))))) * (0.187 + (-28.400000000000002 * inv((3.67 + (0.918 * (-3.456659468356758 + (1.7297523911338488 * x_0)))))))) * ((-0.659 + (-0.185 * (-3.4560737802928836 + (1.733187796132529 * x_5)))) * (0.0003 + (0.00259 * exp((-1.54 + (0.5900000000000001 * ((2.5 + (-0.607 * (-3.470858975376867 + (1.7333302864363656 * x_2)))))**2))))))))
feynman_II_6_15b,ok,4,NoRef,0.9865304981949669,0.003459918356860757,42,43.396318197250366,,0.0,((0.009179999999999999 + (0.0023 * (-3.461084561319301 + (1.731153565723354 * x_1)))) * ((-0.53 + (5.19 * cos((-0.683 + (-3.4586863189575285 + (1.7289520813778299 * x_2)))))) * (0.04650000000000001 + (-0.00936 * ((-0.908 + (-0.00879 * inv(((0.738 + (0.0931 * (-3.4615254830237094 + (1.732744661965213 * x_0)))) * ((-0.00264 + (-0.0009199999999999999 * (-3.4622927964131365 + (1.7301997360137467 * x_3)))) * (0.615 + (-0.00364 * (-3.4622927964131365 + (1.7301997360137467 * x_3))))))))))**2))))
feynman_II_8_31,ok,2,NoRef,0.9999942960530267,0.030818517292563016,14,27.203441858291626,,0.0,((-0.00324 + (-0.561 * ((2.59 + (-2.597313811381679 + (0.8640915651287518 * x_1))))**2)) * (-3.59 + (-1.3800000000000001 * (-2.598574822103499 + (0.8662440641333019 * x_0)))))
feynman_II_8_7,ok,3,NoRef,0.9991600508217017,0.0026139543915266266,28,36.16580510139465,,0.0,((0.01 + (0.0045 * (-2.59234558867767 + (0.8643385526007886 * x_0)))) * ((0.01 + (0.003 * (-2.59234558867767 + (0.8643385526007886 * x_0)))) * (0.01 + (9.0 * inv(((0.02 + (0.007699999999999999 * (-2.5959033503366853 + (0.865754758832984 * x_1)))) * (0.9 + (0.34 * (-2.5985512463066853 + (0.8656453907751338 * x_2))))))))))
feynman_I_10_7,ok,3,NoRef,0.9998306916651049,0.0157031213454254,27,31.908838510513306,,0.0,((0.3 + (0.116 * (-2.5943886006272194 + (0.8645563970293073 * x_0)))) * (9.9 + (0.4 * exp(((0.2 + (0.4 * (-5.212611949693749 + (3.4745621307865266 * x_1)))) + (-0.9 + (0.9 * exp((-0.5 + (-0.8 * (-3.2201156043655415 + (0.4949724789068148 * x_2))))))))))))
feynman_I_11_19,ok,6,NoRef,0.9972266500122574,0.4630239597290027,35,40.1075541973114,,0.0,(((0.6 + (0.2 * (-2.595029961244835 + (0.8655686546328268 * x_5)))) * (17.8 + (6.0 * (-2.606398370694138 + (0.8683463570293316 * x_2))))) - (((0.6 + (0.24000000000000002 * (-2.5922028582672625 + (0.865539439787479 * x_0)))) * (-13.8 + (-5.9 * (-2.596295032158583 + (0.8643678791778807 * x_3))))) - ((1.3 + (0.6 * (-2.5882059191204165 + (0.8647762767948904 * x_4)))) * (6.0 + (2.5 * (-2.5932425988339483 + (0.8649258075795154 * x_1)))))))
feynman_I_12_1,ok,2,NoRef,0.9999813309326095,0.021984867339328862,36,21.758268356323242,,0.0,(((75.7 + inv(((0.811 + (0.0383 * (-2.5966097197723297 + (0.8658511885072011 * x_1)))) + (-0.06580000000000001 + (0.00331 * (-2.5966097197723297 + (0.8658511885072011 * x_1))))))) + (((-0.21000000000000002 * (-2.5966097197723297 + (0.8658511885072011 * x_1))) - (-0.914 + (-0.0568 * (-2.6022331378432146 + (0.8680155861481728 * x_0))))) + (0.9680000000000001 + (30.1 * (-2.6022331378432146 + (0.8680155861481728 * x_0)))))) * (0.114 + (0.0442 * (-2.5966097197723297 + (0.8658511885072011 * x_1)))))
feynman_I_12_11,ok,5,NoRef,0.9992557223419416,0.7037292910585945,34,36.583067655563354,,0.0,((0.2 + (0.07400000000000001 * (-2.596171364595932 + (0.8659228189703265 * x_0)))) * ((46.0 + (17.8 * (-2.5973503200260373 + (0.8651327513799799 * x_1)))) - ((2.0 + (0.75 * (-2.600831027775535 + (0.8667787060545616 * x_2)))) * ((0.9 + (0.34 * (-2.602244795057994 + (0.8660188107915093 * x_3)))) * (-0.3 + (75.4 * sin((-0.14 + (1.1300000000000001 * (-2.5916186957998932 + (0.8640791854170146 * x_4)))))))))))
feynman_I_12_2,ok,4,NoRef,0.9989597910819282,0.0028722450321307276,31,43.332868814468384,,0.0,(((2.6 + (-2.6032424791452806 + (0.867540162398266 * x_1))) * (0.02 + (0.0076 * (-2.5964027361349205 + (0.8654017862005553 * x_0))))) * (0.01 + (0.5 * inv(((0.02 + (0.008 * (-2.5939430909913965 + (0.864085818879647 * x_2)))) * (0.3 + (0.7000000000000001 * ((8.5 + (3.3000000000000003 * (-2.605313929955178 + (0.8666691417633031 * x_3)))))**2)))))))
feynman_I_12_4,ok,3,NoRef,0.9997044628478505,0.00046193307357688974,25,33.994038343429565,,0.0,((0.060300000000000006 + (0.023500000000000004 * (-2.600235356127227 + (0.867891054443712 * x_0)))) * (-0.0019 + (-8.1 * inv(((0.007339999999999999 + (-0.36200000000000004 * ((2.62 + (-2.592196217141038 + (0.8658032042638372 * x_2))))**2)) * (21.6 + (8.3 * (-2.5982387493748735 + (0.8667457765117664 * x_1)))))))))
feynman_I_12_5,ok,2,NoRef,0.9999995195602603,0.0035296184394604867,17,22.801716089248657,,0.0,((-0.008579999999999999 + (-0.00017999999999999998 * (-2.5965519073487515 + (0.8667581522832599 * x_1)))) - ((-0.9510000000000001 + (-0.365 * (-2.6020908648144743 + (0.8670984233486104 * x_0)))) * (9.46 + (3.64 * (-2.5965519073487515 + (0.8667581522832599 * x_1))))))
feynman_I_13_12,ok,5,NoRef,0.991462117613379,0.834997171483509,53,49.90746355056763,,0.0,((((3.13 + (-2.5951626702919115 + (0.8654498049007153 * x_1))) * ((-1.84 + (-0.7010000000000001 * (-2.595253856863847 + (0.8664564962922465 * x_0)))) * ((8.01 + (-0.057 * (-2.595253856863847 + (0.8664564962922465 * x_0)))) + (-2.74 + (1.9100000000000001 * (-2.595657398561907 + (0.8677186126450679 * x_4))))))) * (-0.0032099999999999997 + (-0.14 * inv((-0.199 + (-0.06670000000000001 * (-2.5937984500477653 + (0.864055990680985 * x_2)))))))) * (((0.0017699999999999999 + (-2.5937984500477653 + (0.864055990680985 * x_2))) + (-0.00872 + (-0.9790000000000001 * (-2.6019570780315906 + (0.866162158231066 * x_3))))) * (-0.00437 + (3.39 * inv((-18.5 + (-6.57 * (-2.6019570780315906 + (0.866162158231066 * x_3)))))))))
feynman_I_13_4,ok,4,NoRef,0.9995561589452934,0.5590416265310345,52,42.626721143722534,,0.0,((-0.00498 + (0.0025399999999999997 * (-2.5938087604534315 + (0.8658639996442419 * x_0)))) - (((-1.42 + (-2.592406574234562 + (0.8651626879415284 * x_2))) + (((-0.031700000000000006 * (-2.5938087604534315 + (0.8658639996442419 * x_0))) + ((-0.0021999999999999997 + (-55.800000000000004 * exp((0.276 * (-2.592406574234562 + (0.8651626879415284 * x_2)))))) + ((-0.006039999999999999 + (-54.4 * (-2.5934358246029423 + (0.8660817834496153 * x_1)))) * (0.272 + (0.0492 * (-2.5934358246029423 + (0.8660817834496153 * x_1))))))) + ((0.5 + (0.09640000000000001 * (-2.5920333375316558 + (0.865165494945584 * x_3)))) * (-0.028100000000000003 + (-29.5 * (-2.5920333375316558 + (0.865165494945584 * x_3))))))) * (0.7120000000000001 + (0.276 * (-2.5938087604534315 + (0.8658639996442419 * x_0))))))
feynman_I_14_3,ok,3,NoRef,0.99998932131891,0.06286180175850084,15,28.97569990158081,,0.0,(((2.6 + (-2.602560612244737 + (0.8682284850825933 * x_2))) * (0.2 + (0.07700000000000001 * (-2.595910032384874 + (0.8660524112758267 * x_0))))) * (52.0 + (20.0 * (-2.6059237411364964 + (0.8670696817443886 * x_1)))))
feynman_I_14_4,ok,2,NoRef,0.999980349674369,0.05657360447668681,21,30.062392234802246,,0.0,(((2.68 + (-2.600887612956215 + (0.8665924149464357 * x_1))) * ((0.0531 + (-11.9 * (-2.600887612956215 + (0.8665924149464357 * x_1)))) - (39.2 + (3.48 * (-2.600887612956215 + (0.8665924149464357 * x_1)))))) * (-0.129 + (-0.05 * (-2.590928418128674 + (0.865183972325344 * x_0)))))
feynman_I_15_10,ok,3,NoRef,0.9993921614567101,0.05227207465687753,52,35.460684061050415,,0.0,((((3.7800000000000002 + inv(((((0.0008399999999999999 + sqrt((-0.06130000000000001 + (-0.509 * arctan((-0.327 + (-0.0010199999999999999 * (-3.215587655657226 + (0.4943578775927227 * x_2))))))))) - (-0.275 + (0.09880000000000001 * (-5.18792637014484 + (3.459317054402296 * x_1))))) * (3.5 + (1.59 * (-3.215587655657226 + (0.4943578775927227 * x_2))))) * (2.81 + (-0.00711 * (-5.18792637014484 + (3.459317054402296 * x_1))))))) * (0.561 + (-0.0009599999999999999 * (-5.18792637014484 + (3.459317054402296 * x_1))))) * (0.025900000000000003 + (0.00989 * (-2.6035236050388675 + (0.8686126940812349 * x_0))))) * (80.8 + (16.4 * (-5.18792637014484 + (3.459317054402296 * x_1)))))
feynman_I_15_3t,ok,4,NoRef,0.9990436109629979,0.037488322033170964,42,37.988062143325806,,0.0,((((0.00365 + inv((2.07 + (-3.221526261274899 + (0.49577450215155433 * x_1))))) * ((-0.195 + (-37.7 * (-2.608517610200856 + (0.8679752746047078 * x_0)))) - ((3.4 + (-38.4 * (-2.6008891320513654 + (0.8667068488417029 * x_3)))) - (-0.00942 + (0.096 * (-2.608517610200856 + (0.8679752746047078 * x_0))))))) * (0.0024 + (0.00075 * (-5.197091772326957 + (3.463619450364364 * x_2))))) - ((-0.0869 + (-0.011500000000000002 * (-5.197091772326957 + (3.463619450364364 * x_2)))) - (2.88 + (1.12 * (-2.6008891320513654 + (0.8667068488417029 * x_3))))))
feynman_I_15_3x,ok,4,NoRef,0.9977924848183974,0.07518675581276793,65,39.33726620674133,,0.0,(((0.5650000000000001 + (0.08770000000000001 * (-5.197758810917438 + (3.4679879098814306 * x_1)))) * (-4.99 + (-0.763 * (-5.203106141035298 + (3.4693195052403323 * x_3))))) - ((0.043000000000000003 + (-1.45 * (-5.194610157002627 + (0.6923898347740892 * x_0)))) + (-8.120000000000001 + (-0.00878 * sqrt(((0.0473 + (-0.00754 * exp((0.004889999999999999 * (-5.203106141035298 + (3.4693195052403323 * x_3)))))) + ((-0.00154 + (0.06720000000000001 * exp(((0.0012799999999999999 + (-0.6970000000000001 * (-2.335999277112323 + (0.20302468541715302 * x_2)))) + ((-0.037000000000000005 + (-5.44 * (-2.335999277112323 + (0.20302468541715302 * x_2)))) - (-1.04 + (-0.55 * (-5.197758810917438 + (3.4679879098814306 * x_1))))))))) + (0.8180000000000001 + (-0.8390000000000001 * arctan((-60.2 + (28.7 * (-2.335999277112323 + (0.20302468541715302 * x_2))))))))))))))
feynman_I_16_6,ok,3,NoRef,0.9950464433634882,0.08039652645862556,48,35.4613151550293,,0.0,((-0.233 + (1.18 * (-2.601312324797946 + (0.8671074578408348 * x_0)))) - (-3.19 + (3.91 * arctan(((((-0.41300000000000003 + (-2.5928691179048866 + (0.8655607823710851 * x_1))) - (6.2 + (-1.67 * (-2.6014888037924595 + (0.8661504749928541 * x_2))))) * ((-0.0060799999999999995 + (0.56 * (-2.601312324797946 + (0.8671074578408348 * x_0)))) + (0.0666 + (-0.6 * (-2.5928691179048866 + (0.8655607823710851 * x_1)))))) * (((-0.218 * (-2.6014888037924595 + (0.8661504749928541 * x_2))) * (-0.0604 + (-0.00105 * (-2.5928691179048866 + (0.8655607823710851 * x_1))))) + (-0.00273 + (-0.01 * (-2.601312324797946 + (0.8671074578408348 * x_0))))))))))
feynman_I_18_12,ok,3,NoRef,0.9995917408417522,0.1505824191733112,20,37.95433735847473,,0.0,(((2.7 + (-2.5991405355654997 + (0.8649070395109617 * x_0))) * (0.1 + (0.04 * (-2.6050801918740474 + (0.867370369003125 * x_1))))) * (-0.01 + (-33.6 * sin((-0.65 + (1.44 * (-1.7274550713367882 + (0.6928670693827444 * x_2))))))))
feynman_I_18_14,ok,4,NoRef,0.9998102512633146,0.34921565007970506,26,39.58774495124817,,0.0,(((2.6 + (-2.600412693322325 + (0.8669911107198401 * x_2))) * (0.2 + (0.07700000000000001 * (-2.5944367780687636 + (0.8654948886733715 * x_1))))) * ((0.9 + (0.35000000000000003 * (-2.6037165074757103 + (0.8655596913719785 * x_0)))) * (-0.2 + (-58.5 * sin((-0.14 + (1.1500000000000001 * (-2.598196381366317 + (0.8653128087362989 * x_3)))))))))
feynman_I_18_4,ok,4,NoRef,0.9951889036180306,0.05879924239217607,43,34.60679006576538,,0.0,((96.10000000000001 + (0.0021 * (-2.5972038853188995 + (0.8652179604558722 * x_0)))) * (((0.00264 * (-2.593469336339158 + (0.8649376919387801 * x_3))) * ((2.05 + (-0.35900000000000004 * (-2.5972038853188995 + (0.8652179604558722 * x_0)))) + (0.20800000000000002 + (0.433 * (-2.6029625406530927 + (0.8668512595107257 * x_1)))))) + (((0.00741 * (-2.60706730646365 + (0.8680059222482197 * x_2))) * ((0.0075 + (-0.153 * (-2.6029625406530927 + (0.8668512595107257 * x_1)))) + (-0.0611 + (0.2 * (-2.5972038853188995 + (0.8652179604558722 * x_0)))))) + (0.0313 + (0.0065 * (-2.60706730646365 + (0.8680059222482197 * x_2)))))))
feynman_I_24_6,ok,4,NoRef,0.9986467298250122,0.5340235907417565,36,48.34436535835266,,0.0,((-0.0177 + (2.21 * ((3.6 + (-3.4830959236628876 + (1.734975175102356 * x_3))))**2)) * ((0.08600000000000001 + (0.024700000000000003 * (-3.4589167097681504 + (1.7306203686785993 * x_0)))) * ((-0.00664 + (0.037000000000000005 * ((8.67 + (3.11 * (-3.473416667436356 + (1.7367774080437897 * x_1)))))**2)) - (0.932 + (-0.9680000000000001 * ((-2.21 + (-0.456 * (-3.479147470956827 + (1.7410199533292803 * x_2)))))**2)))))
feynman_I_25_13,ok,2,NoRef,0.9999416014296019,0.005944043444213451,14,24.681784629821777,,0.0,((-0.00899 + (-21.6 * inv((2.58 + (-2.594777846607204 + (0.865852636549753 * x_1)))))) * (-0.11900000000000001 + (-0.0459 * (-2.605033837913406 + (0.8664970762521155 * x_0)))))
feynman_I_26_2,ok,2,NoRef,0.9953438008426503,0.034004060006731736,31,36.550947427749634,,0.0,(((0.878 + inv((24.900000000000002 + (-13.700000000000001 * (-1.7407571789245355 + (3.475083744440562 * x_0)))))) - ((-0.0737 + (-0.553 * (-1.7407571789245355 + (3.475083744440562 * x_0)))) - (0.08120000000000001 + (0.043000000000000003 * (-1.7407571789245355 + (3.475083744440562 * x_0)))))) * (0.00452 + (0.524 * sin((0.116 + (-1.1 * (-2.600015246440371 + (0.8654498220886182 * x_1))))))))
feynman_I_27_6,ok,3,BFGS,0.988816910836328,0.03762069916886005,39,37.569512367248535,,0.0,(-0.01 + (0.6 * sqrt(((0.02 + (0.0093 * (-2.5930907874002256 + (0.8674131152512952 * x_1)))) * ((0.2 + (0.08 * (-2.596991877323595 + (0.8643577630053706 * x_0)))) * ((0.01 + (9.0 * (-2.5930907874002256 + (0.8674131152512952 * x_1)))) + ((0.01 + (-50.0 * (-2.596991877323595 + (0.8643577630053706 * x_0)))) + (-90.0 + (3.0 * inv((0.006 + (0.0024 * (-2.5972636729654104 + (0.8654580008471298 * x_2))))))))))))))
feynman_I_29_16,ok,4,NoRef,0.903174566085202,0.5983575593378658,47,41.80462908744812,,0.0,(0.39 + (0.634 * abs((((4.66 + (-2.593190200078626 + (0.863969471263479 * x_0))) + (0.457 + (0.9600000000000001 * (-2.5996355969513414 + (0.867415336500999 * x_1))))) * (-0.00582 + (1.73 * sin(((-0.0471 + (-0.555 * (-2.5964772188494316 + (0.8662246457768173 * x_2)))) + ((1.94 + (32.2 * (-2.5923340000351716 + (0.8642510753106671 * x_3)))) * (-0.00244 + (0.00835 * sqrt((0.49300000000000005 + (-34.4 * inv((-7.43 + (0.7030000000000001 * (-2.5996355969513414 + (0.867415336500999 * x_1)))))))))))))))))))
feynman_I_29_4,ok,2,NoRef,0.9999819169819468,0.005614164566318592,51,25.154471397399902,,0.0,((-0.0033 + (-3.0 * inv((2.11 + (-2.1085393677566087 + (0.3842231922338835 * x_1)))))) * ((-0.732 + (0.00452 * inv(((0.00419 + (5.23 * (-2.1085393677566087 + (0.3842231922338835 * x_1)))) * (-0.014100000000000001 + (-76.5 * inv(((-61.800000000000004 + (-0.6900000000000001 * (-2.1199447693051976 + (0.38435904264497023 * x_0)))) * ((0.006039999999999999 + (0.749 * inv((-55.1 + (-2.1199447693051976 + (0.38435904264497023 * x_0)))))) * (0.09690000000000001 + (-0.00275 * (-2.1085393677566087 + (0.3842231922338835 * x_1))))))))))))) + (0.023100000000000002 + (-0.334 * (-2.1199447693051976 + (0.38435904264497023 * x_0))))))
feynman_I_30_3,ok,3,NoRef,0.25382110439519756,2.2075231637227026,65,43.36255669593811,,0.0,(-0.00018999999999999998 + (6.48 * abs(((-0.229 + (-0.0912 * (-2.6024260752663895 + (0.8678711519806617 * x_0)))) * ((0.7080000000000001 + (-0.0067399999999999995 * ((4.78 * (-2.603936609092604 + (0.8668701194329798 * x_1))))**3)) + (0.7030000000000001 + (-0.0463 * ((-1.04 + (6.08 * sin((-0.084 + (-77.3 * sqrt((((0.398 * (-2.6024260752663895 + (0.8678711519806617 * x_0))) + (77.9 + (0.00545 * abs((0.0684 + (67.0 * (-2.592868831978815 + (0.866789899890511 * x_2)))))))) + (-0.019000000000000003 + (-0.61 * inv((74.9 + (-0.0333 * sin((-50.4 + (-0.030600000000000002 * (-2.592868831978815 + (0.866789899890511 * x_2))))))))))))))))))**2)))))))
feynman_I_30_5,ok,3,NoRef,0.9982483571443305,0.005006905787943265,22,36.995147466659546,,0.0,((0.0026 + (0.784 * inv(((3.95 + (1.58 * (-2.6000292981085495 + (0.8664825631329316 * x_2)))) * (0.5 + (0.132 * (-4.051746539098795 + (1.1557736640614436 * x_1)))))))) * (0.34700000000000003 + (0.068 * (-5.211479054849089 + (3.4657298198181583 * x_0)))))
feynman_I_32_17,ok,6,NoRef,0.9932879051762843,0.3809777347086764,67,51.4703688621521,,0.0,(3e-05 + (0.9 * exp(((-0.00025 + (0.65 * (-5.191719920241431 + (3.4612079800580897 * x_0)))) + ((((-0.00633 + (0.382 * (-5.191071404034526 + (3.4612841621060095 * x_2)))) + ((((-95.8 + (-5.20949847392854 + (3.473689331430739 * x_3))) + (-0.759 + (0.0035199999999999997 * (-5.196568868821396 + (3.4665310675943437 * x_1))))) * ((0.0057399999999999994 + (-0.019700000000000002 * (-6.903710429639748 + (1.7280287053142276 * x_5)))) * (-0.34700000000000003 + (0.07020000000000001 * (-6.903710429639748 + (1.7280287053142276 * x_5)))))) - (-0.0354 + (1.02 * exp((0.07780000000000001 + (-0.203 * (-5.196568868821396 + (3.4665310675943437 * x_1))))))))) - (-0.032400000000000005 + (-0.40900000000000003 * (-5.20949847392854 + (3.473689331430739 * x_3))))) - ((-0.059000000000000004 + (-0.9500000000000001 * (-5.201669202926287 + (3.465101365376907 * x_4)))) + (-0.891 + (0.444 * (-5.191719920241431 + (3.4612079800580897 * x_0))))))))))
feynman_I_32_5,ok,4,NoRef,0.9892250053014358,0.077978540479317,49,45.96672773361206,,0.0,(0.00075 + (0.009689999999999999 * (((((-0.040900000000000006 + inv(((0.00895 + (0.00409 * (-2.5972272333763238 + (0.8657216311569121 * x_3)))) * ((-0.051800000000000006 + (0.09400000000000001 * (-2.5947855666029613 + (0.8646509662068468 * x_2)))) + (7.8 + (1.54 * (-2.5947855666029613 + (0.8646509662068468 * x_2)))))))) * ((0.078 + (-0.464 * (-2.5956032453005653 + (0.8663265211647279 * x_0)))) + (-1.3800000000000001 + (-0.0042 * (-2.5947855666029613 + (0.8646509662068468 * x_2)))))) * (-0.14 + (-0.056600000000000004 * (-2.603468037069962 + (0.8675760952226889 * x_1))))) - (0.00624 + (0.0756 * (-2.5972272333763238 + (0.8657216311569121 * x_3))))))**2))
feynman_I_34_1,ok,3,NoRef,0.9980520099750306,0.0784922523319611,39,35.21813893318176,,0.0,((3.54 + (0.0878 * (-5.187248614612834 + (3.458815107969585 * x_1)))) * ((-0.019100000000000002 + (-0.00758 * (-2.603126956247802 + (0.8663199113075305 * x_2)))) * (-48.6 + (21.2 * inv(((-0.338 + (0.00117 * (-5.187248614612834 + (3.458815107969585 * x_1)))) - (-0.16 + (6.42 * (((0.5920000000000001 + (-0.0611 * (-5.187248614612834 + (3.458815107969585 * x_1)))) - (-0.0021 + (-0.20600000000000002 * (-3.2156428217072808 + (0.493982490446171 * x_0))))))**2))))))))
feynman_I_34_14,ok,3,NoRef,0.9992994819158367,0.043038844949077906,28,35.95252251625061,,0.0,((0.2 + (0.07700000000000001 * (-2.596508900456545 + (0.8655927557137691 * x_2)))) * (14.6 + (9.0 * inv(((0.030000000000000002 + (-0.004 * (-5.200727401982708 + (3.4652785097369945 * x_1)))) * ((70.0 + (25.0 * (-3.217417259857548 + (0.49581360047227363 * x_0)))) + (0.1 + (-4.4 * (-5.200727401982708 + (3.4652785097369945 * x_1))))))))))
feynman_I_34_27,ok,2,NoRef,0.9999950281613214,0.0017977729217884943,29,20.30998420715332,,0.0,((2.69 + (1.03 * (-2.601721072207188 + (0.8658740456715549 * x_0)))) * (((-0.0033399999999999997 + (-0.00592 * (-2.601721072207188 + (0.8658740456715549 * x_0)))) - (0.0030199999999999997 + (-0.00062 * (-2.601721072207188 + (0.8658740456715549 * x_0))))) - ((-0.00902 + (-0.0062 * (-2.601721072207188 + (0.8658740456715549 * x_0)))) + (-0.531 + (-0.20500000000000002 * (-2.599464215197715 + (0.8656278272918196 * x_1)))))))
feynman_I_34_8,ok,4,NoRef,0.9999383479979472,0.07990290373402378,26,39.88841891288757,,0.0,(((2.6 + (-2.5995638320080134 + (0.8665371443934287 * x_2))) * (0.2 + (0.07700000000000001 * (-2.5941060262875544 + (0.8659265416962691 * x_0))))) * ((0.2 + (0.07700000000000001 * (-2.610854427324785 + (0.8688802145143643 * x_1)))) * (0.5 + (0.6 * inv((0.006999999999999999 + (0.0026999999999999997 * (-2.592703288912454 + (0.863667000506222 * x_3)))))))))
feynman_I_37_4,ok,3,NoRef,0.9965337576191982,0.16958300418996583,49,43.64589476585388,,0.0,(0.001 + (0.08 * abs((((0.8 * (-2.598697221694573 + (0.8672851262518042 * x_0))) * ((0.01 + (-2.3000000000000003 * (-2.598697221694573 + (0.8672851262518042 * x_0)))) + (0.01 + (4.0 * (-2.5963963854242444 + (0.8636975739939898 * x_1)))))) + ((0.2 + (-0.9900000000000001 * (-2.608990752165148 + (0.8672418288011203 * x_2)))) * ((0.030000000000000002 + (0.006 * (-2.5963963854242444 + (0.8636975739939898 * x_1)))) * ((20.0 + (4.0 * (-2.598697221694573 + (0.8672851262518042 * x_0)))) * (0.01 + (94.5 * arctan((0.01 + (1.0 * (-2.608990752165148 + (0.8672418288011203 * x_2))))))))))))))
feynman_I_38_12,ok,4,NoRef,0.9997571768716573,0.022251716271893502,38,43.02982783317566,,0.0,((0.02 + (0.007899999999999999 * (-2.590897410092625 + (0.8639945549422658 * x_3)))) * (-0.1 + (0.9 * (((0.02 + (0.007699999999999999 * (-2.5932063297649695 + (0.8659794708196648 * x_2)))) * (0.2 + (-9.0 * inv(((0.02 + (0.0078 * (-2.5868571845469264 + (0.8640732966669972 * x_1)))) * (0.002 + (-2.8000000000000003 * sqrt((0.6 + (0.23 * (-2.597649580940835 + (0.8664652887628652 * x_0)))))))))))))**2)))
feynman_I_39_1,ok,2,NoRef,0.9999955080837698,0.016288998120238124,15,22.670153379440308,,0.0,(((0.597 + (-2.5874491946314144 + (0.8643957645163813 * x_1))) + (-7.0 + (-3.47 * (-2.5874491946314144 + (0.8643957645163813 * x_1))))) * (-2.11 + (-0.81 * (-2.610852218913775 + (0.8679709645462175 * x_0)))))
feynman_I_39_11,ok,3,NoRef,0.9999528322557185,0.020961507491837027,26,30.46749234199524,,0.0,((((5.8500000000000005 + (-4.042145585388573 + (1.1529712948484019 * x_0))) + (0.0952 + (-71.3 * inv((-0.07780000000000001 + (-0.027100000000000003 * (-4.042145585388573 + (1.1529712948484019 * x_0)))))))) * (0.008749999999999999 + (0.0034 * (-2.5983696326171515 + (0.8665976040967962 * x_1))))) * (0.442 + (0.171 * (-2.595455730790419 + (0.866426729766743 * x_2)))))
feynman_I_39_22,ok,4,NoRef,0.9999648703076028,0.059374331724647025,26,40.44906735420227,,0.0,(((2.6 + (-2.6001512081637608 + (0.8662530217502574 * x_1))) * (0.2 + (0.07700000000000001 * (-2.5985038632400053 + (0.8665570472054581 * x_3))))) * ((0.2 + (0.07700000000000001 * (-2.596070702664301 + (0.8650880429565314 * x_0)))) * (0.01 + (0.8 * inv((0.0093 + (0.0036 * (-2.594772924775114 + (0.8647969376103314 * x_2)))))))))
feynman_I_40_1,ok,6,NoRef,0.8585483347832155,0.24350023273616875,58,61.69980263710022,,0.0,((-0.028 + (-0.00945 * (-2.593762843943772 + (0.8633889797343528 * x_0)))) * (4e-05 + (-0.166 * ((-0.00234 + (-16.0 * arctan(((0.0771 + (-0.00681 * (-2.593469833365188 + (0.865297365330787 * x_4)))) * (((-2.73 * inv((((2.97 + (-2.5902351602969307 + (0.863398538363021 * x_2))) + ((-0.010400000000000001 + (-0.00949 * (-2.593469833365188 + (0.865297365330787 * x_4)))) * (-80.60000000000001 + (-0.0965 * (-2.5902351602969307 + (0.863398538363021 * x_2)))))) * (-0.07440000000000001 + (-0.0239 * (-2.5929241422208316 + (0.8658317901602302 * x_1))))))) - (-0.883 + (-2.99 * (-2.6013353723946078 + (0.8665187813107157 * x_3))))) + (-6.07 + (3.02 * (-2.605099304803638 + (0.8660630967141432 * x_5))))))))))**2)))
feynman_I_41_16,ok,5,NoRef,0.9985123232993273,0.11520905535312047,37,50.665170431137085,,0.0,(((2.4 + (-2.592351292025184 + (0.8655312921921307 * x_1))) * (0.01 + (0.004 * (-2.603711618701996 + (0.8674885206161763 * x_3))))) * (0.1 + (0.6 * (((0.2 + (0.07500000000000001 * (-2.5931837624863285 + (0.8657331983549267 * x_0)))) * ((0.1 + (-0.6 * (-2.60464797628463 + (0.8670300800654245 * x_2)))) + (0.1 + (0.3 * inv((0.008 + (0.0031 * (-2.5969195540429015 + (0.864196781959517 * x_4))))))))))**2)))
feynman_I_43_16,ok,4,NoRef,0.9998228784681087,0.13677347303823362,26,43.86310148239136,,0.0,(((2.6 + (-2.585499294221134 + (0.8634310324335459 * x_0))) * (0.2 + (0.07700000000000001 * (-2.5954715034473734 + (0.8651373322140715 * x_2))))) * ((0.2 + (0.07600000000000001 * (-2.5950676865865727 + (0.8661889340740903 * x_1)))) * (-0.01 + (0.8 * inv((0.0093 + (0.0036 * (-2.6072652398574374 + (0.8674247728795685 * x_3)))))))))
feynman_I_43_31,ok,3,NoRef,0.9999929556601969,0.05124000511832488,15,30.40869665145874,,0.0,(((2.6 + (-2.6038063676091725 + (0.8666070223321088 * x_2))) * (0.2 + (0.07700000000000001 * (-2.6003021680462277 + (0.8659603112778517 * x_1))))) * (52.0 + (20.0 * (-2.600324815345727 + (0.8660964222800557 * x_0)))))
feynman_I_43_43,ok,4,NoRef,0.9987353325505808,0.057433202734911086,42,41.77131700515747,,0.0,(((0.112 + inv(((-0.9570000000000001 + (-0.374 * (-2.6024921348019188 + (0.8680437692783521 * x_2)))) * (-0.08230000000000001 + (-0.028600000000000004 * (-4.045917629676047 + (1.1547216614123907 * x_0))))))) * ((35.0 + (10.9 * (-2.594745462551926 + (0.8670165491222759 * x_3)))) - (8.22 + (-0.21200000000000002 * sqrt((0.518 + (9.31 * sqrt((1.02 + (0.00276 * (-2.594745462551926 + (0.8670165491222759 * x_3)))))))))))) * (0.0034 + (0.00133 * (-2.5907331018540765 + (0.8648811648028888 * x_1)))))
feynman_I_44_4,ok,5,NoRef,0.9965159006202937,1.2308659163276856,37,45.828335762023926,,0.0,(((2.5 + (-2.5924133518336228 + (0.8656835791937864 * x_1))) * ((0.2 + (0.08 * (-2.597239947840183 + (0.8666424223859154 * x_2)))) * (((-5.0 + (-2.6022615917644 + (0.8678845667806578 * x_4))) + (-0.1 + (1.0 * (-2.6083911975870233 + (0.867304939606311 * x_3))))) * (0.05 + (0.02 * (-2.5947630838170954 + (0.8666353404234534 * x_0))))))) * ((2.0 + (89.7 * (-2.6083911975870233 + (0.867304939606311 * x_3)))) + (0.01 + (-87.2 * (-2.6022615917644 + (0.8678845667806578 * x_4))))))
feynman_I_47_23,ok,3,NoRef,0.9992729755600339,0.01809025215552774,47,36.73776340484619,,0.0,(0.006699999999999999 + (0.064 * sqrt(((-0.00071 + (0.099 * inv((-0.00949 + (-95.4 * inv(((-0.00554 + (0.0070999999999999995 * (-2.600972805803329 + (0.86643926880612 * x_2)))) - (57.2 + (0.069 * (-2.602396933235228 + (0.867364334715105 * x_1))))))))))) + (((2.58 + (-2.602396933235228 + (0.867364334715105 * x_1))) * (7.4 + (2.8000000000000003 * (-2.594784151036023 + (0.8635111426388773 * x_0))))) * (0.00825 + (-0.8300000000000001 * inv((-0.022000000000000002 + (-0.00839 * (-2.600972805803329 + (0.86643926880612 * x_2))))))))))))
feynman_I_48_2,ok,3,NoRef,0.9999735192910559,0.5179361525555762,22,32.90971803665161,,0.0,((0.2 + (0.07700000000000001 * (-2.601785593820433 + (0.8664200787290204 * x_0)))) * ((90.0 + (7.0 * (-5.1920045067996075 + (3.4585979688833226 * x_1)))) - (80.0 + (-0.08 * ((89.7 + (27.6 * (-3.2078667727278103 + (0.4931890083806296 * x_2)))))**2))))
feynman_I_50_26,ok,4,NoRef,0.8584882495056569,0.7370121190480046,58,48.27031421661377,,0.0,((((53.1 + (-0.009049999999999999 * (-3.471446720238075 + (1.7357161611310474 * x_0)))) + ((6.16 + (-2.84 * (-3.468706366434954 + (1.7331233838790523 * x_2)))) - ((0.0858 + (0.0733 * (-3.4667004473007936 + (1.7325786628094648 * x_3)))) - (-65.8 + (-8.540000000000001 * (-3.4715413106520487 + (1.73433128986549 * x_1))))))) - (22.6 + (8.28 * (-3.4667004473007936 + (1.7325786628094648 * x_3))))) * ((0.096 + (0.0268 * (-3.471446720238075 + (1.7357161611310474 * x_0)))) * ((0.0656 + (-0.0777 * cos(((3e-05 + (-2.39 * (-3.468706366434954 + (1.7331233838790523 * x_2)))) + (0.912 + (-2.5 * (-3.4715413106520487 + (1.73433128986549 * x_1)))))))) * (-8.01 + (-2.17 * (-3.468706366434954 + (1.7331233838790523 * x_2)))))))
feynman_I_6_2,ok,2,NoRef,0.9846120682744021,0.005266367969887894,31,31.735875844955444,,0.0,((0.030000000000000002 + (-0.005 * (-3.462110544326176 + (1.729328029993355 * x_0)))) * (4.1 + (-3.0 * arctan(((0.01 + (0.006 * ((-0.9 + (-3.462110544326176 + (1.729328029993355 * x_0))))**2)) * ((2.0 + (23.900000000000002 * (-3.468585872724307 + (1.7314793085659557 * x_1)))) + (-0.1 + (-15.0 * (-3.462110544326176 + (1.729328029993355 * x_0))))))))))
feynman_I_6_2a,ok,1,NoRef,0.9997888625793655,0.0010192197524688102,16,27.69364094734192,,0.0,(-0.00094 + (0.0641 * exp(((-8.38 + (-54.7 * (-3.470910868678602 + (1.732857094277297 * x_0)))) * (0.02 + (0.00264 * (-3.470910868678602 + (1.732857094277297 * x_0))))))))
feynman_I_6_2b,ok,3,NoRef,0.9848630700306524,0.007448360002444649,43,34.46902370452881,,0.0,(0.00679 + (-5.51 * inv(((-27.900000000000002 + (-0.00479 * ((-0.007209999999999999 + (0.24700000000000003 * abs((0.6920000000000001 + (-0.524 * abs(((-45.1 + (7.0200000000000005 * (-3.4600421973243503 + (1.7301765128823121 * x_0)))) * ((0.268 + (-3.7 * (-3.457026632957993 + (1.7304967892953864 * x_1)))) + (-0.218 + (3.5300000000000002 * (-3.455422316505992 + (1.7277871527789268 * x_2)))))))))))))**2)) - (0.0073 + (8.2 * (-3.4600421973243503 + (1.7301765128823121 * x_0))))))))
feynman_I_8_14,ok,4,NoRef,0.9919338478913758,0.08930697982309228,63,40.6791877746582,,0.0,(0.0349 + (0.003 * sqrt(((4.75 + (38.5 * (((((0.00409 * (-2.5962357444155417 + (0.8656059527840082 * x_2))) + (-0.036500000000000005 + (-0.0023899999999999998 * (-2.5972992641317947 + (0.866813136124122 * x_3))))) + (0.07600000000000001 + (-58.0 * (-2.591322338895596 + (0.8659844760747512 * x_1))))) + (-0.07590000000000001 + (56.300000000000004 * (-2.587030782887259 + (0.8635818587980626 * x_0))))))**2)) + (99.60000000000001 + (98.10000000000001 * ((((-0.0038199999999999996 + (-2.3000000000000003 * (-2.5962357444155417 + (0.8656059527840082 * x_2)))) * (-17.2 + (0.304 * (-2.5972992641317947 + (0.866813136124122 * x_3))))) - ((-0.866 + (-0.00864 * inv((-0.00057 + (-2.5972992641317947 + (0.866813136124122 * x_3)))))) * (-0.0308 + (-45.6 * (-2.5972992641317947 + (0.866813136124122 * x_3)))))))**2))))))
feynman_I_9_18,ok,9,NoRef,0.9840475870545962,0.015497011462796228,54,54.949049949645996,,0.0,(((5.3 + (-5.183126801215437 + (3.45902755545072 * x_1))) * (0.04 + (0.008 * (-5.19791257215078 + (3.463985048326718 * x_2))))) * ((0.05 + (0.004 * (-5.1980651812140355 + (3.461161787310603 * x_8)))) * ((0.6 + (0.060000000000000005 * (-5.197942647920325 + (3.464640759295191 * x_4)))) * (0.001 + (0.006 * ((((9.0 + (-5.201136898215401 + (3.4692740319829647 * x_0))) + (1.0 + (-0.5 * (-12.129465360542154 + (3.46509674588269 * x_3))))) * ((0.09000000000000001 + (-0.0046 * (-12.106995126570085 + (3.4604859724870347 * x_7)))) * ((-94.0 + (4.7 * (-12.1081552329878 + (3.458318784346319 * x_5)))) - (0.1 + (4.7 * (-5.191356172187918 + (3.4632607635794375 * x_6))))))))**2)))))
feynman_test_1,ok,7,NoRef,0.9824658313795883,1.514278080919794,54,49.21392774581909,,0.0,(-0.0059299999999999995 + (0.00675 * ((((((5.5 + (-5.192758087801672 + (3.4653045767440007 * x_1))) - (0.097 + (-0.999 * (-5.173020343261829 + (3.451708893018753 * x_3))))) * (0.08470000000000001 + (-2.99 * inv((1.48 + (0.533 * (-3.463508927254234 + (1.7332526268020165 * x_6)))))))) * (6.78 + (1.09 * (-5.188585704211708 + (3.4592298181316656 * x_0))))) * ((0.07100000000000001 + (0.013000000000000001 * (-5.210388894594045 + (3.4693589154600812 * x_4)))) * ((0.025500000000000002 + (0.0046099999999999995 * (-5.196367544723068 + (3.4643990218042506 * x_2)))) * (0.0405 + (62.7 * inv((-0.431 + (-0.11800000000000001 * (-3.460048757753357 + (1.7305561479444396 * x_5)))))))))))**2))
feynman_test_10,ok,3,NoRef,0.9977249813170072,0.022850048291047757,29,32.775201082229614,,0.0,((2.0 + (0.56 * (-3.4663846320280816 + (1.733004655788856 * x_2)))) + ((0.02 + (-0.009 * (-3.4663846320280816 + (1.733004655788856 * x_2)))) * ((0.3 + (0.09000000000000001 * (-3.474545790359206 + (1.7366932594611142 * x_1)))) * ((57.0 + (-7.3 * (-8.666558684084404 + (1.7327766715458885 * x_0)))) + (0.1 + (9.0 * (-3.4663846320280816 + (1.733004655788856 * x_2))))))))
feynman_test_11,ok,4,NoRef,0.9935772324916132,0.0834024770637325,48,37.46892547607422,,0.0,((0.447 + (0.131 * (-3.4620757521674967 + (1.7294106689625721 * x_0)))) * ((-8.45 + (1.8 * (-3.4597330139230125 + (1.730857729029121 * x_1)))) * ((((-0.10400000000000001 + (-3.457008979902463 + (1.7318033499428651 * x_2))) * (16.9 + (0.35700000000000004 * sqrt((8.16 + (-0.056 * cos((0.3 + (0.55 * (-5.192787040340471 + (3.462846496210976 * x_3))))))))))) * (0.00864 + (0.00609 * (-5.192787040340471 + (3.462846496210976 * x_3))))) + (-0.49400000000000005 + (61.4 * ((0.007379999999999999 + (-0.022000000000000002 * (-5.192787040340471 + (3.462846496210976 * x_3)))))**2)))))
feynman_test_12,ok,5,NoRef,0.9996700340084329,0.26313245734745183,37,44.50860071182251,,0.0,(((((0.791 + (-8.636467106356106 + (1.7278675275806958 * x_3))) + (8.15 + (0.0087 * (-2.5934094480374767 + (0.8666191571414548 * x_4))))) * (61.0 + (23.900000000000002 * (-2.600274227105955 + (0.8647593507353445 * x_2))))) * (0.21000000000000002 + (0.07970000000000001 * (-2.6079133489989257 + (0.8670765019819886 * x_0))))) * (-0.0070599999999999994 + (-0.672 * inv((-0.0037099999999999998 + (-73.9 * ((0.29300000000000004 + (0.0819 * (-3.465751447823704 + (1.7337737207879285 * x_1)))))**2))))))
feynman_test_13,ok,5,NoRef,0.9598788046803202,0.003085659018253991,63,44.220802545547485,,0.0,(((0.00246 + inv((((-4.62 + (0.011200000000000002 * (-1.735352586321092 + (0.5776779463263362 * x_3)))) + (-1.58 + (-0.896 * (-8.669310155131752 + (1.7331409662559334 * x_2))))) - (7.62 + (4.97 * (-2.600546402820211 + (0.8656696702546386 * x_4))))))) * (0.648 + (0.22 * (-2.595647899152766 + (0.8670223177467486 * x_0))))) * ((0.00045999999999999996 + (-0.00021999999999999998 * ((45.4 + (0.114 * ((((7.5600000000000005 + (-3.456005863244659 + (1.7319050533163773 * x_1))) * (0.0105 + (-0.0931 * (-1.735352586321092 + (0.5776779463263362 * x_3))))) * (-8.950000000000001 + (-0.0051199999999999996 * (-8.669310155131752 + (1.7331409662559334 * x_2))))))**2)))**2)) - (-0.376 + (0.06630000000000001 * inv((0.304 + (0.025300000000000003 * (-3.456005863244659 + (1.7319050533163773 * x_1)))))))))
feynman_test_14,ok,5,NoRef,0.9077979761012616,4.040679043594378,37,47.987411975860596,,0.0,(((2.6 + (-2.5807218209279115 + (0.8646445276947492 * x_0))) * (0.3 + (-0.3 * abs((-0.060000000000000005 + (1.2 * (-1.7281430473121373 + (0.5780989126738106 * x_1)))))))) * (15.0 + (-7.0 * exp(((-0.1 + (0.7000000000000001 * (-2.6003955731210637 + (0.8671588288279284 * x_3)))) + ((0.1 + (-1.2 * (-2.6012995035446833 + (0.8678273378728254 * x_2)))) - (0.01 + (-0.3 * (-2.5950337066370333 + (0.8649481549229002 * x_4))))))))))
feynman_test_15,ok,4,NoRef,0.9850127004634224,0.15398140290325366,42,42.23998999595642,,0.0,((24.900000000000002 + (9.57 * (-2.597814313727642 + (0.864950047042019 * x_2)))) * (0.0893 + (-0.5660000000000001 * inv((((((-1.7328237987603805 + (0.5769159116291948 * x_3)) * (0.36000000000000004 + (0.035 * (-3.460119249637148 + (1.728283886141443 * x_1))))) * (0.29100000000000004 + (-0.08220000000000001 * (-2.889949988314344 + (0.23098203212286275 * x_0))))) * (9.4 + (-95.7 * (-1.7328237987603805 + (0.5769159116291948 * x_3))))) + ((-10.3 + (-2.66 * (-2.889949988314344 + (0.23098203212286275 * x_0)))) - (0.437 + (-0.9580000000000001 * (-3.460119249637148 + (1.728283886141443 * x_1))))))))))
feynman_test_16,ok,6,NoRef,0.9803686151995881,4.017069006961764,59,47.36779284477234,,0.0,(((((30.0 + (((5.0600000000000005 + (2.6 * (-2.598989467994095 + (0.8663580502199112 * x_2)))) + (-44.800000000000004 + (-8.83 * (-2.5985813648168903 + (0.868297898382069 * x_4))))))**2) * (-0.262 + (-0.0751 * (-2.5954520127536047 + (0.8656193695190691 * x_3))))) * (-0.0335 + (-0.00906 * (-2.5954520127536047 + (0.8656193695190691 * x_3))))) - ((0.00522 + (0.00857 * (-2.598989467994095 + (0.8663580502199112 * x_2)))) + (-0.553 + (-3.29 * (-2.594917908738414 + (0.8648973263214449 * x_5)))))) - ((0.013600000000000001 + (0.155 * ((2.22 + (-2.6016772606856007 + (0.8656380990547297 * x_1))))**2)) * ((0.00329 + (-0.007039999999999999 * (-2.594917908738414 + (0.8648973263214449 * x_5)))) + (-33.1 + (-10.200000000000001 * (-2.607576225625796 + (0.8674919590149963 * x_0)))))))
feynman_test_17,ok,6,NoRef,0.9910471717131362,140.49404476878993,60,53.97280788421631,,0.0,((0.20600000000000002 + (0.07830000000000001 * (-2.599681133279834 + (0.8672894097299448 * x_0)))) * ((-0.009009999999999999 + (-0.8140000000000001 * ((6.37 + (-2.597041906483149 + (0.8667595490746139 * x_5))))**2)) * ((43.0 + (0.9700000000000001 * (((0.08650000000000001 + (-0.00016999999999999999 * ((-0.34500000000000003 + (-2.5978511452262882 + (0.8671910040716095 * x_2))))**2)) * (0.0059299999999999995 + (-34.300000000000004 * (-2.5918957113370653 + (0.8652405478742957 * x_3))))))**2)) * (0.00228 + (0.0076 * ((((2.9 + (-2.597994572203499 + (0.8659609080140189 * x_4))) * (-10.1 + (1.01 * (-2.5918957113370653 + (0.8652405478742957 * x_3))))) * (-0.05890000000000001 + (0.739 * sqrt((0.127 + (0.05280000000000001 * (-2.5934594651271343 + (0.8659437824534428 * x_1)))))))))**3)))))
feynman_test_18,ok,5,NoRef,0.9442461939925301,0.1755479075596972,54,47.47327756881714,,0.0,(((0.647 * inv((((-0.00796 + (-2.5890272137153483 + (0.8639310891554289 * x_0))) - (-2.7 + (0.131 * (-2.603650024673923 + (0.8672648850451954 * x_4))))) * ((-69.9 + (7.4 * (-2.6024997872504994 + (0.8670047547324098 * x_1)))) * (0.00518 + (0.0023599999999999997 * (-2.585604952940931 + (0.8629438152521096 * x_2)))))))) * (-0.053500000000000006 + (-0.28300000000000003 * exp((0.00815 + (0.554 * (-2.603650024673923 + (0.8672648850451954 * x_4)))))))) + (((-0.0014399999999999999 + inv((2.7 + (-2.5890272137153483 + (0.8639310891554289 * x_0))))) * (8.15 + (6.7 * (-2.589521399159271 + (0.8665728688575879 * x_3))))) * (0.096 + (0.0171 * (-2.589521399159271 + (0.8665728688575879 * x_3))))))
feynman_test_19,ok,6,NoRef,0.9599912073627233,2.389961289106304,63,56.13701415061951,,0.0,(((1.96 + (-2.5993911809287535 + (0.8663341175539908 * x_4))) * (((-0.6 + (1.75 * (-2.60574371073167 + (0.8689851533899914 * x_2)))) * (9.999999999999999e-05 + (-0.028900000000000002 * (-2.6006514497943303 + (0.8661269753534652 * x_1))))) - (9.61 + (4.7 * (-2.6042880517983984 + (0.8681460559395869 * x_5)))))) * ((((-5.58 + (-2.6006514497943303 + (0.8661269753534652 * x_1))) + (-14.700000000000001 + (60.2 * inv((-0.09870000000000001 + (-0.0386 * (-2.592366610336322 + (0.8632143461690074 * x_0)))))))) * (((1.32 + (-2.6046517249014727 + (0.8670926142388201 * x_3))) - (-0.07790000000000001 + (7.65 * ((0.056400000000000006 + (-0.261 * (-2.60574371073167 + (0.8689851533899914 * x_2)))))**3))) * (0.0936 + (0.030100000000000002 * (-2.6042880517983984 + (0.8681460559395869 * x_5)))))) * (0.0026999999999999997 + (0.00061 * (-2.6046517249014727 + (0.8670926142388201 * x_3))))))
feynman_test_2,ok,6,NoRef,0.9336250714440933,0.5249110311897682,43,54.78381133079529,,0.0,((0.030000000000000002 + (0.006999999999999999 * (-3.461130966246928 + (1.7311567565712187 * x_0)))) * (((5.0 + (-3.4582322675314647 + (1.7311420374266462 * x_1))) + (-2.0 + (5.1000000000000005 * cos(((-0.6 + (1.7 * (-1.7337668264442576 + (0.5772717020612474 * x_5)))) + (0.5 + (-1.7 * (-1.7273320427229448 + (0.576284874615333 * x_4))))))))) * (0.003 + (90.0 * inv(((8.0 + (3.1 * (-3.4726601176557352 + (1.7308021547710963 * x_2)))) - (0.01 + (0.5 * (-3.4646041500698703 + (1.7330405779403493 * x_3))))))))))
feynman_test_20,ok,7,NoRef,0.9256219508928683,3.469592171023867,70,56.52862501144409,,0.0,(-0.00207 + (0.06520000000000001 * exp(((0.47600000000000003 + (-0.28900000000000003 * inv((-0.20900000000000002 + (-0.08310000000000001 * (-2.606761796359611 + (0.8662456642733478 * x_0))))))) - ((((5.63 + (0.111 * exp((-0.015000000000000001 + (-1.7308116338608592 + (0.577334615248235 * x_6)))))) * (-0.00153 + (-0.079 * (-2.5936198094335436 + (0.8660758094397234 * x_2))))) - ((-0.018600000000000002 + (0.757 * (-2.587816331320761 + (0.8641211825943108 * x_4)))) + ((((0.063 + (-2.587816331320761 + (0.8641211825943108 * x_4))) - (-0.40800000000000003 + (-0.7230000000000001 * (-2.5933038356437486 + (0.866296485686175 * x_5))))) * (-1.37 + (0.336 * (-2.5933038356437486 + (0.866296485686175 * x_5))))) + (-0.135 + (0.765 * (-2.596236257682979 + (0.8653447239069034 * x_3))))))) - ((1.71 + (0.154 * (-2.5936198094335436 + (0.8660758094397234 * x_2)))) + (-2.42 + (0.9 * (-2.602048348520706 + (0.866295994732581 * x_1))))))))))
feynman_test_3,ok,4,NoRef,0.9994836426485423,0.04153217115564612,28,45.23693490028381,,0.0,((0.3 + (0.08800000000000001 * (-5.204108697266909 + (1.7364376740283314 * x_1)))) * ((0.2 + (0.058 * (-3.4612399428891205 + (1.72953326800354 * x_0)))) * (-65.9 + (-0.0006 * (((0.1 + (-67.7 * (-15.592275067035953 + (3.4659012007171053 * x_2)))) + (0.1 + (65.5 * (-15.549708726834528 + (3.456348448310929 * x_3))))))**2))))
feynman_test_4,ok,5,NoRef,0.9930691827918043,0.04147142696968306,44,48.99302315711975,,0.0,((0.01 + (0.0007999999999999999 * (-8.636130317030096 + (0.863951916032847 * x_1)))) * (0.02 + (9.0 * sqrt(((0.9 + (-0.065 * (-3.471095729689513 + (1.7340778453747905 * x_2)))) * (0.09000000000000001 + (90.0 * inv(((0.08 + (0.023000000000000003 * (-3.465456598854826 + (1.7346677108227329 * x_0)))) + (0.001 + (0.002 * exp(((0.1 + (-0.9 * (-3.4567195109498017 + (1.7275998425839234 * x_4)))) - (-0.02 + (-0.6 * (-3.4655107404253496 + (1.731683986653483 * x_3)))))))))))))))))
feynman_test_5,ok,4,NoRef,0.9970310582727269,0.1742700630686012,34,43.09880828857422,,0.0,((0.2 + (0.07 * (-3.459496789006234 + (1.7316116078612522 * x_0)))) * (9.0 + (90.0 * inv(((0.05 + (0.0106 * (-3.477330278232354 + (1.7380839905640877 * x_1)))) * ((80.0 + (8.2 * (-3.4521714931075325 + (1.7276075377987816 * x_2)))) - ((-0.1 + (-8.3 * (-3.472413170356827 + (1.7358644565404915 * x_3)))) + (-0.1 + (7.1000000000000005 * (-3.459496789006234 + (1.7316116078612522 * x_0)))))))))))
feynman_test_6,ok,7,NoRef,0.9364764120919581,0.11359701011679922,66,52.62332320213318,,0.0,(1.0 + (0.001 * (((0.060000000000000005 + (0.016 * (-3.46787142120215 + (1.731154255564323 * x_1)))) * ((-0.01 + (-9.0 * (-3.4747784880401205 + (1.7329182156371994 * x_2)))) + ((0.6 + (9.0 * (-3.464512747759358 + (1.728270169328964 * x_6)))) + (0.01 + (0.009 * (((0.07 + (9.0 * (-3.464512747759358 + (1.728270169328964 * x_6)))) + ((70.0 + (-9.0 * (-3.4747784880401205 + (1.7329182156371994 * x_2)))) - ((-0.01 + (-20.0 * (-3.454466238363757 + (1.7265595844049317 * x_0)))) + ((-0.01 + (-50.0 * exp((-0.7000000000000001 * (-3.46790263422093 + (1.7333896724676598 * x_5)))))) + ((0.1 + (21.2 * (-3.4545419859644113 + (1.7280083124647658 * x_3)))) + (0.1 + (21.900000000000002 * (-3.4630673581781792 + (1.7338804854260446 * x_4))))))))))**2))))))**2))
feynman_test_7,ok,5,NoRef,0.9989831917812435,0.03952566047310487,79,42.94802522659302,,0.0,(-0.509 + (0.06680000000000001 * sqrt(((0.061200000000000004 + (-0.00754 * (-5.209053283428308 + (3.469434439373854 * x_3)))) + ((((-4.34 + (-20.900000000000002 * exp((0.052000000000000005 + (-92.0 * sqrt(((0.0092 + (-3.22 * (-3.467033579266226 + (1.73265887002927 * x_0)))) + (32.3 + (-0.00392 * (-5.188249537567646 + (3.4579821791728467 * x_2))))))))))) * ((-1.57 + (-0.41200000000000003 * (-3.445911134577542 + (1.7258881087887064 * x_1)))) * (-35.6 + (-9.39 * (-3.467033579266226 + (1.73265887002927 * x_0)))))) - (-3.1 + (4.97 * (((-0.457 + (-0.202 * (-5.209053283428308 + (3.469434439373854 * x_3)))) + ((-0.0106 + (0.0015 * (-3.445911134577542 + (1.7258881087887064 * x_1)))) + ((0.006229999999999999 + (0.651 * (-3.459403011159204 + (1.73125927522626 * x_4)))) - (0.00817 + (0.09920000000000001 * (-5.188249537567646 + (3.4579821791728467 * x_2))))))))**3))) * (-36.2 + (0.007809999999999999 * (-5.209053283428308 + (3.469434439373854 * x_3)))))))))
feynman_test_8,ok,4,NoRef,0.9754044207230567,0.07082479097464663,46,42.41957712173462,,0.0,((0.030000000000000002 + (0.008 * (-3.4643482339936145 + (1.731877471219282 * x_0)))) * ((60.0 + (3.0 * (-3.4583757348863178 + (1.7309100354043234 * x_1)))) + (0.1 + (-0.002 * (((70.0 + (-29.0 * (-3.47598652491577 + (1.7384180587343998 * x_2)))) - ((0.001 + (-9.9 * (-3.4643482339936145 + (1.731877471219282 * x_0)))) + ((0.001 + (6.0 * (-3.4583757348863178 + (1.7309100354043234 * x_1)))) + ((-0.2 + (0.05 * (-3.460478352813991 + (1.729579382370561 * x_3)))) * (0.001 + (73.10000000000001 * (-3.460478352813991 + (1.729579382370561 * x_3)))))))))**2))))
feynman_test_9,ok,5,NoRef,0.993846830173968,541.3879806622303,44,48.961150884628296,,0.0,(-0.3 + (-0.001 * (((0.2 + (0.09000000000000001 * (-2.5982850146190395 + (0.8672756595655778 * x_2)))) * ((0.2 + (0.085 * (-2.6051385367940294 + (0.8670786466194952 * x_3)))) * (0.02 + (-0.9 * (((0.4 + (0.08 * (-5.208685770110276 + (3.4744164577647076 * x_0)))) * (0.02 + (-99.0 * inv(((0.04 + (0.009 * (-5.187931550973729 + (3.4602636092693673 * x_4)))) * (7.6000000000000005 + (1.7 * (-5.202741260856805 + (3.4673648514389166 * x_1))))))))))**2)))))**2))
first_principles_absorption,ok,1,NoRef,0.9103547276014157,0.13168864930898275,10,3.883173704147339,,0.0,(1.8 + (1.3 * arctan((0.4 + (2.7 * (-0.7949314364629688 + (0.07034791473123617 * x_0)))))))
first_principles_bode,ok,1,NoRef,-0.7151175353507848,11.590180894296337,45,4.338800430297852,,0.0,(-9.870000000000001 + (9.26 * arctan((8.96 + (7.88 * cos((0.0033699999999999997 + (-0.9680000000000001 * sqrt(((-0.0006 + (66.8 * ((0.054700000000000006 + (0.43758394892034747 + (0.0026736290158066037 * x_0))))**2)) * (-0.00365 + (3.0100000000000002 * abs((-0.00558 + (-0.0698 * (((-0.0031 + (0.9390000000000001 * (0.43758394892034747 + (0.0026736290158066037 * x_0)))) - (-46.4 + (-0.599 * (0.43758394892034747 + (0.0026736290158066037 * x_0))))))**3)))))))))))))))
first_principles_hubble,ok,1,NoRef,0.1631318553740274,268.8681026916332,68,7.603042840957642,,0.0,((-25.0 + (-0.5900000000000001 * inv((-0.0010199999999999999 + (-1.4147200704841647 + (1.533510140509918 * x_0)))))) * ((((0.0444 + (0.00933 * (((7.0 + (0.00389 * (-1.4147200704841647 + (1.533510140509918 * x_0)))) + (-0.049300000000000004 + (33.8 * sin((0.6 + (94.0 * (-1.4147200704841647 + (1.533510140509918 * x_0)))))))))**2)) - (8.27 + (14.8 * (-1.4147200704841647 + (1.533510140509918 * x_0))))) - (7.8500000000000005 + (-5.3100000000000005 * (-1.4147200704841647 + (1.533510140509918 * x_0))))) + (-7.38 + (-0.554 * cos((-0.07200000000000001 + (-0.00976 * inv((-0.00872 + (5.1000000000000005 * sqrt((0.0223 + (73.60000000000001 * arctan((0.8500000000000001 + (-0.0357 * (-1.4147200704841647 + (1.533510140509918 * x_0))))))))))))))))))
first_principles_ideal_gas,ok,3,NoRef,0.5599895054769268,1.1277244194402776,33,7.600123882293701,,0.0,((7.21 + (-0.225 * sin((77.8 + (8.9 * inv((0.00276 + (-0.13 * (-14.04159107070147 + (0.03926342614867825 * x_1)))))))))) - (((-0.859 + (0.515 * (-1.6342268228683934 + (0.03140699204206439 * x_2)))) * (0.00988 + (-1.1 * (-1.6342268228683934 + (0.03140699204206439 * x_2))))) - (0.454 + (0.68 * (-1.6588753782029562 + (0.03804183545297043 * x_0))))))
first_principles_kepler,ok,1,NoRef,0.9831119634452092,693.397392942565,26,5.509437084197998,,0.0,((79.4 + (62.5 * (-1.1695234273884498 + (0.5537516228165008 * x_0)))) * ((-4.3 + (-0.00654 * (-1.1695234273884498 + (0.5537516228165008 * x_0)))) * ((0.00811 + (0.027800000000000002 * sqrt((88.5 + (-1.1695234273884498 + (0.5537516228165008 * x_0)))))) * (-11.6 + (-4.33 * (-1.1695234273884498 + (0.5537516228165008 * x_0)))))))
first_principles_leavitt,ok,1,NoRef,0.3608204507139161,0.3853209537093651,16,4.764462947845459,,0.0,((14.0 + (-1.1 * (-1.675361170435023 + (1.909966697366354 * x_0)))) + (-0.1 + (-0.34 * sin((0.3 + (9.0 * (-1.675361170435023 + (1.909966697366354 * x_0))))))))
first_principles_newton,ok,3,BFGS,-0.14220318793246145,12.223641457086206,39,4.812206268310547,,0.0,((4.392645755064706 + (-7.126002738706491e-06 * sin(((33.48548797707481 + (-0.602284818359597 * (-0.745600483892919 + (8.109954698250198e-13 * x_0)))) + ((0.0665879770748077 + (4.74281720123672 * (-0.28037183712908537 + (4.46984705736738e-30 * x_1)))) - ((2.654512022925213 + (62.222717636820605 * (-0.34168074105967394 + (2.2853314771144052e-30 * x_2)))) - (0.020487977074799237 + (0.2910806792267728 * inv((57.92773088211379 + (77.27029535887817 * (-0.745600483892919 + (8.109954698250198e-13 * x_0))))))))))))) - (-40.09264575506472 + (1.0780705593141805e-05 * (-0.745600483892919 + (8.109954698250198e-13 * x_0)))))
first_principles_planck,ok,2,NoRef,-0.014574814699752636,276.3229297641437,41,6.405320405960083,,0.0,(-24.900000000000002 + (-0.61 * abs((((-0.0148 + (-0.32243081473665985 + (5.869433361210693e-16 * x_0))) + (0.23700000000000002 + (0.227 * inv((-4.33 + (-6.04 * (-0.9280851198273783 + (0.0006667251257322843 * x_1)))))))) * (-0.049 + (-79.10000000000001 * cos(((-0.0407 + (95.60000000000001 * (-0.9280851198273783 + (0.0006667251257322843 * x_1)))) - (-0.00456 + (-4.69 * arctan((46.5 + (0.00953 * (-0.32243081473665985 + (5.869433361210693e-16 * x_0)))))))))))))))
first_principles_rydberg,ok,2,NoRef,0.9802486533685086,0.23879907622184,22,5.647050619125366,,0.0,(-5.0 + (-8.0 * exp(((0.030000000000000002 + (-0.006999999999999999 * (-3.8187351939491063 + (0.6664773687552685 * x_1)))) * ((0.01 + (-7.0 * (-2.0975266654762863 + (0.611090445847422 * x_0)))) + (0.01 + (1.9000000000000001 * (-3.8187351939491063 + (0.6664773687552685 * x_1)))))))))
first_principles_schechter,ok,1,NoRef,-1.0550484910733031,3.192763639018613,38,5.5407044887542725,,0.0,((((6.8500000000000005 + (-2.87 * (-0.5953676229342441 + (1.451570923777581e-09 * x_0)))) - (0.05670000000000001 + (0.195 * abs((51.0 + (-0.00885 * (-0.5953676229342441 + (1.451570923777581e-09 * x_0)))))))) - (23.1 + (-0.0038399999999999997 * (-0.5953676229342441 + (1.451570923777581e-09 * x_0))))) - (0.00421 + (-5.04 * sin((9.52 + (-0.06570000000000001 * exp((62.300000000000004 + (-85.60000000000001 * (-0.5953676229342441 + (1.451570923777581e-09 * x_0)))))))))))
first_principles_supernovae_zg,ok,1,BFGS,-0.006977499483850957,0.29207558724053706,44,7.764538526535034,,0.0,((-0.053054925617903995 + (6.501974892857604 * inv(((9.206408041361966 + (0.02356508897600273 * (-1.187793178685335 + (0.031318702151750866 * x_0)))) - ((-27.816408041361967 + (-10.923405088976 * (-1.187793178685335 + (0.031318702151750866 * x_0)))) - ((0.22629804136196785 + (69.83402665763764 * sin((0.02539909248913109 + (0.34721184648559866 * (-1.187793178685335 + (0.031318702151750866 * x_0))))))) - (-0.208858041361969 + (34.27659491102403 * (-1.187793178685335 + (0.031318702151750866 * x_0)))))))))) - (-0.09314507438208103 + (-0.00020600318891157235 * sin((0.07733399463716144 + (-86.19438347643724 * (-1.187793178685335 + (0.031318702151750866 * x_0))))))))
first_principles_supernovae_zr,ok,1,NoRef,0.5711263915265106,0.13190998214116922,67,5.06939697265625,,0.0,(-0.00997 + (0.0383 * inv((0.08760000000000001 + (0.00402 * (((-0.0154 + (-0.992 * log((97.8 + (-44.5 * cos((-0.022000000000000002 + (-25.900000000000002 * sqrt((0.00588 + (9.05 * ((0.00481 + (-0.0393 * abs((((-1.54 * (-1.5690960840504913 + (0.03737634545546627 * x_0))) * (-7.5 + (-0.09090000000000001 * (-1.5690960840504913 + (0.03737634545546627 * x_0))))) + (-0.08030000000000001 + (23.7 * (-1.5690960840504913 + (0.03737634545546627 * x_0)))))))))**2))))))))))) + ((-0.68 + (7.44 * ((-1e-05 + (0.005379999999999999 * (-1.5690960840504913 + (0.03737634545546627 * x_0)))))**2)) - (0.082 + (6.33 * (-1.5690960840504913 + (0.03737634545546627 * x_0)))))))**2)))))
first_principles_tully_fisher,ok,1,NoRef,0.7930370955751156,0.6667907417589496,21,4.236145734786987,,0.0,(-13.0 + (-0.8 * sqrt(((57.0 + (23.900000000000002 * (-2.20013258087807 + (0.00646231526438688 * x_0)))) + (-0.01 + (9.9 * sin((0.01 + (-90.0 * (-2.20013258087807 + (0.00646231526438688 * x_0)))))))))))
nikuradse_1,ok,2,NoRef,0.7381127468450144,0.08589555818989802,37,5.946750640869141,,0.0,(((-0.0092 + (-0.048600000000000004 * sin((0.0019 + (-5.99 * (-7.7977164157500045 + (1.578046607504265 * x_1))))))) - (-0.0708 + (-0.0752 * inv((0.8540000000000001 + (8.86 * sin((-0.044700000000000004 + (0.050800000000000005 * (-0.8646932551099632 + (0.006372216025855224 * x_0))))))))))) - (-0.0854 + (0.0524 * inv((-0.7020000000000001 + (0.168 * (-0.8646932551099632 + (0.006372216025855224 * x_0))))))))
nikuradse_2,ok,1,NoRef,0.851808406309203,0.08875258404551294,70,4.9719109535217285,,0.0,(2.11 + (-3.62 * abs(((0.1 + (-0.09440000000000001 * ((0.00314 + (0.9650000000000001 * ((-0.6930000000000001 + (0.41400000000000003 * (-2.0496709721284985 + (1.283874804081043 * x_0)))))**2)))**2)) + (0.00422 + (0.015300000000000001 * sin((((0.913 + (-0.00539 * (-2.0496709721284985 + (1.283874804081043 * x_0)))) - ((-0.6890000000000001 + (0.0070799999999999995 * inv((0.052300000000000006 + (-0.0034999999999999996 * sqrt((69.2 + (-0.0049099999999999994 * (-2.0496709721284985 + (1.283874804081043 * x_0)))))))))) - ((0.276 + (0.00389 * (-2.0496709721284985 + (1.283874804081043 * x_0)))) * (-0.755 + (0.07 * (-2.0496709721284985 + (1.283874804081043 * x_0))))))) - (0.786 + (-0.00017999999999999998 * exp((55.4 + (0.547 * (-2.0496709721284985 + (1.283874804081043 * x_0)))))))))))))))
solar_flare,ok,10,BFGS,-0.0009949777973301543,0.8685057336707805,87,11.76065707206726,,0.0,(0.31918181781270344 + (-5.784018340263818 * inv((-5.71586060035202 + (0.05402789889714591 * (((1.1740142185576186 + (-0.025857423153698215 * (((1.9456733846268297 + (0.12666650660483653 * inv((-0.04855670193598529 * (-0.18406077053764514 + (3.0638449095745512 * x_5)))))) + ((1.8356733846187339 + (0.08477788520455447 * (-1.3042787219993834 + (0.44176290753603537 * x_0)))) + ((1.9156733846256206 + (-0.3567638744525762 * (-1.598090132402021 + (0.8361977837519415 * x_1)))) + (1.9356733846206464 + (-0.1303070940797983 * (((0.2899257807446096 + (-0.2514321086139802 * inv((0.12752321734912736 * (-0.1602308988614113 + (6.4012244095133815 * x_8)))))) + ((0.3099257807456859 + (-89.96860259637624 * inv((-11.456384262129962 * (-2.2104561943408627 + (1.5896980191524297 * x_4)))))) + ((0.3099257807408721 + (-0.040198738738806195 * (-1.189105842835749 + (1.2387165168523644 * x_2)))) + (0.3699257807442247 + (89.1416725613326 * inv((2.3299845342087266 + (11.241105736252218 * (-0.8109724708938756 + (2.0440599502971817 * x_6)))))))))))**2))))))**2)) + ((71.08401421855363 + (0.43432639289684283 * (-0.4245077086254412 + (2.7801775343584225 * x_3)))) - (-1.0740142185553188 + (0.1760193571995793 * (-2.5294560972960465 + (2.924798005411782 * x_7)))))))**2)))))
strogatz_bacres1,ok,2,NoRef,0.9653367704379996,0.4189841966956249,36,4.712763547897339,,0.0,((0.6900000000000001 + (-0.9390000000000001 * (-6.262349407491105 + (0.4541858300590738 * x_0)))) + ((0.0009199999999999999 + (0.20600000000000002 * arctan((-0.001 + (-2.879498286108375 + (0.07514553155101268 * x_1)))))) * ((((-1.69 + (-2.879498286108375 + (0.07514553155101268 * x_1))) - (8.14 + (-2.66 * (-6.262349407491105 + (0.4541858300590738 * x_0))))) * (1.1400000000000001 + (0.0879 * (-6.262349407491105 + (0.4541858300590738 * x_0))))) - (-0.0577 + (-0.93 * (-6.262349407491105 + (0.4541858300590738 * x_0)))))))
strogatz_bacres2,ok,2,NoRef,0.9916808694760323,0.19822961354298904,27,7.427502155303955,,0.0,(((((-28.8 * (-2.879498286108375 + (0.07514553155101268 * x_1))) + (-0.917 + (23.7 * (-6.262349407491105 + (0.4541858300590738 * x_0))))) + (-0.0059 + (-6.46 * (-6.262349407491105 + (0.4541858300590738 * x_0))))) * (0.0451 + (-0.00945 * (-6.262349407491105 + (0.4541858300590738 * x_0))))) + (4.59 + (-0.5740000000000001 * (-2.879498286108375 + (0.07514553155101268 * x_1)))))
strogatz_barmag1,ok,2,NoRef,0.94274488685777,0.04560294904862901,30,9.734898805618286,,0.0,((0.002 + (-0.0024 * arctan((0.1 + (-13.749320144176263 + (2.4397466465165905 * x_0)))))) * ((99.0 + (9.0 * (-0.7763258181607384 + (0.39781013080990546 * x_1)))) + (0.001 + (-9.0 * inv((-0.09000000000000001 + (0.01 * ((0.1 + (7.5 * (-0.7763258181607384 + (0.39781013080990546 * x_1)))))**3)))))))
strogatz_barmag2,ok,2,NoRef,0.4588058436934299,0.18220000958385524,45,12.52229380607605,,0.0,((-0.0048 + (-0.368 * cos(((-0.037000000000000005 + (0.9400000000000001 * inv(((0.0077599999999999995 + (1.53 * (-0.7763258181607384 + (0.39781013080990546 * x_1)))) - (-0.00919 + (0.07310000000000001 * (-13.749320144176263 + (2.4397466465165905 * x_0)))))))) * (-1.33 + (0.00747 * (-0.7763258181607384 + (0.39781013080990546 * x_1)))))))) * ((0.24000000000000002 + (-0.095 * (-0.7763258181607384 + (0.39781013080990546 * x_1)))) + ((-85.4 + (46.0 * (-13.749320144176263 + (2.4397466465165905 * x_0)))) * (0.00752 + (-0.005399999999999999 * (-13.749320144176263 + (2.4397466465165905 * x_0)))))))
strogatz_glider1,ok,2,NoRef,0.9726425170502002,0.12158681876269894,28,5.673834323883057,,0.0,((-0.006339999999999999 + (0.9890000000000001 * sin((-8.38 + (7.390000000000001 * (-1.8728726161932867 + (0.13763524572636318 * x_1))))))) - ((-0.08130000000000001 + (-0.08120000000000001 * (-2.0479585513057548 + (0.9185478027788039 * x_0)))) * ((7.72 + (-0.604 * (-2.0479585513057548 + (0.9185478027788039 * x_0)))) - (11.0 + (0.14500000000000002 * (-1.8728726161932867 + (0.13763524572636318 * x_1)))))))
strogatz_glider2,ok,2,NoRef,0.7228155485546366,0.5040868346081676,39,5.945314407348633,,0.0,((-0.556 + (0.9690000000000001 * (-2.0479585513057548 + (0.9185478027788039 * x_0)))) - (((-8.48 + (-3.5500000000000003 * inv(((0.9490000000000001 + (37.5 * (-2.0479585513057548 + (0.9185478027788039 * x_0)))) - (-82.10000000000001 + (-0.00967 * (-1.8728726161932867 + (0.13763524572636318 * x_1)))))))) + (5.53 + (0.027500000000000004 * (-1.8728726161932867 + (0.13763524572636318 * x_1))))) - (-0.05670000000000001 + (0.42200000000000004 * sin((-7.13 + (7.18 * (-1.8728726161932867 + (0.13763524572636318 * x_1)))))))))
strogatz_lv1,ok,2,NoRef,0.4706379783061134,1.3046225866449594,22,9.799336194992065,,0.0,((0.001 + (0.001 * (-1.8092302962642817 + (1.2608026657501157 * x_1)))) * (-0.01 + (-0.09000000000000001 * (((70.0 + (99.9 * (-0.669488742160413 + (0.8024202405723764 * x_0)))) + (-0.01 + (40.0 * (-1.8092302962642817 + (1.2608026657501157 * x_1))))))**2)))
strogatz_lv2,ok,2,NoRef,0.881532658654924,0.4161535543612263,59,8.883678674697876,,0.0,((0.007319999999999999 + (0.502 * ((((0.41500000000000004 * arctan((0.598 + (2.7800000000000002 * inv((-0.008029999999999999 + (0.044000000000000004 * (-0.669488742160413 + (0.8024202405723764 * x_0))))))))) + (-0.00281 + (-8.11 * (-1.8092302962642817 + (1.2608026657501157 * x_1))))) + ((0.040900000000000006 + (0.00054 * (-0.669488742160413 + (0.8024202405723764 * x_0)))) - (((0.9890000000000001 + (-1.5 * (-0.669488742160413 + (0.8024202405723764 * x_0)))) + (0.00853 + (-9.9 * (-1.8092302962642817 + (1.2608026657501157 * x_1))))) - (-0.0039 + (0.00535 * (-0.669488742160413 + (0.8024202405723764 * x_0))))))))**2)) * (0.308 + (0.9450000000000001 * cos((-8.17 + (-0.5740000000000001 * (-1.8092302962642817 + (1.2608026657501157 * x_1))))))))
strogatz_predprey1,ok,2,NoRef,0.973060217456375,0.3857673956117505,43,11.498245239257812,,0.0,((-0.00898 + (-0.052700000000000004 * arctan((0.636 + (-0.7945524687408121 + (0.8507325088617598 * x_0)))))) * ((-16.9 + (-2.41 * abs((0.24300000000000002 * (-0.7945524687408121 + (0.8507325088617598 * x_0)))))) + (((35.300000000000004 * (-1.88614632091165 + (0.38086615907634147 * x_1))) - (((-0.0791 + (-0.7945524687408121 + (0.8507325088617598 * x_0))) - (0.008499999999999999 + (-0.17500000000000002 * (-1.88614632091165 + (0.38086615907634147 * x_1))))) * (-0.00654 + (-9.6 * (-0.7945524687408121 + (0.8507325088617598 * x_0)))))) + (0.038900000000000004 + (2.73 * (-1.88614632091165 + (0.38086615907634147 * x_1)))))))
strogatz_predprey2,ok,2,NoRef,0.9128386405512419,0.4630911414582059,27,12.958568096160889,,0.0,(2.0 + (-3.0 * exp(((-0.3 + (-0.8 * (-0.7945524687408121 + (0.8507325088617598 * x_0)))) + ((-0.1 + (0.5 * (-1.88614632091165 + (0.38086615907634147 * x_1)))) + (-0.001 + (-0.09000000000000001 * arctan((60.0 + (94.9 * (-0.7945524687408121 + (0.8507325088617598 * x_0))))))))))))
strogatz_shearflow1,ok,2,NoRef,-0.3096437383653976,0.3652268734314649,35,9.821019411087036,,0.0,((0.003 + (0.006 * (0.5799747510223856 + (0.709259269968821 * x_1)))) * ((0.2 + (0.4 * (0.5799747510223856 + (0.709259269968821 * x_1)))) * ((0.9 + (0.6 * (0.2165174357325378 + (0.3626875714686538 * x_0)))) * ((9.0 + (6.0 * (0.2165174357325378 + (0.3626875714686538 * x_0)))) * ((-0.9 + (-99.0 * (0.5799747510223856 + (0.709259269968821 * x_1)))) + (-80.0 + (-0.060000000000000005 * (0.2165174357325378 + (0.3626875714686538 * x_0)))))))))
strogatz_shearflow2,ok,2,BFGS,0.023688191022187777,0.23738503998223653,45,4.865738391876221,,0.0,(((-0.6628696960428208 + (0.2165174357325378 + (0.3626875714686538 * x_0))) * (3.667098870264672 + (-5.857559839693659 * sin(((68.87488794075624 + (-0.06399939474127653 * sin((0.6334025202738778 * (0.5799747510223856 + (0.709259269968821 * x_1)))))) + (((-0.23122432841564827 + (0.5799747510223856 + (0.709259269968821 * x_1))) * ((12.488386928445731 + (-0.5715212659945368 * (0.5799747510223856 + (0.709259269968821 * x_1)))) + (0.08238692844573046 + (0.0317516706019042 * (0.2165174357325378 + (0.3626875714686538 * x_0)))))) * (-0.33548582678644207 + (0.10200489501923654 * (0.2165174357325378 + (0.3626875714686538 * x_0)))))))))) * (0.0060503716527334425 + (0.0032995604973476513 * (0.2165174357325378 + (0.3626875714686538 * x_0)))))
strogatz_vdp1,ok,2,NoRef,-4.856449738015936,3.904505682961445,48,7.68383526802063,,0.0,((0.778 + (-0.658 * (((0.184 + (0.55 * (-0.43631478095961607 + (3.6409165496093783 * x_1)))) * (5.03 + (-0.34 * abs((((0.0985 + (-0.00949 * sqrt((3.84 + (-0.43631478095961607 + (3.6409165496093783 * x_1)))))) * (74.8 + (0.0072 * (-0.6415222350099536 + (1.1042715579288094 * x_0))))) - ((1.16 + (0.030400000000000003 * (-0.43631478095961607 + (3.6409165496093783 * x_1)))) * (-0.005209999999999999 + (-7.17 * (-0.6415222350099536 + (1.1042715579288094 * x_0)))))))))))**3)) * (-0.164 + (-0.021400000000000002 * (-0.6415222350099536 + (1.1042715579288094 * x_0)))))
strogatz_vdp2,ok,2,NoRef,0.9999744832310149,0.0004659665188939694,16,2.9515340328216553,,0.0,((-0.0015099999999999998 + (0.00912 * inv((-51.4 + (0.0666 * (-0.43631478095961607 + (3.6409165496093783 * x_1))))))) - (0.0563 + (0.09010000000000001 * (-0.6415222350099536 + (1.1042715579288094 * x_0)))))
