dataset,status,n_features,beam_size,attempt,refinement_type,r2,rmse,complexity,seconds,error,noise_strength,expr
1027_ESL,ok,4,64,2,BFGS,0.8790043040640592,0.5058445145229207,82,291.81,,0.1,(3.8972153603517556 + (((2.2690139404364738 * (-4.543727322540949 + (0.8485018342746871 * x_2))) - (1.0036770266481603 * sin((1.7171338597192896 + (2.4936344178656435 * (-6.146798559422659 + (1.0976425998969035 * x_3))))))) - ((1.8276995402399532 * (-4.543727322540949 + (0.8485018342746871 * x_2))) - (((0.344399883489771 * ((-3.689442089095961 + (0.6641659926365366 * x_0)) * (1.0024174237947059 + (0.4554548471370615 * (-6.146798559422659 + (1.0976425998969035 * x_3)))))) - ((-0.1515449985621916 * sin((-1.043120613674421 + (3.5311379218140617 * (-4.543727322540949 + (0.8485018342746871 * x_2)))))) - (0.4427190045846068 * (-3.1650294675520123 + (0.6187740894529837 * x_1))))) - (-1.7317103210800484 * sin((1.209312566375572 + (0.6930613697481256 * (-6.146798559422659 + (1.0976425998969035 * x_3))))))))))
1028_SWD,ok,10,256,4,BFGS,0.43854383725319246,0.6052222736945636,123,431.96,,0.1,(3.811872559739766 + ((((0.13095640555001417 * (-2.4841136395988146 + (1.2451697441598069 * x_3))) - ((0.40025525739796064 * sin(((1.3364005185604917 + (3.7579859542838863 * (-2.6745450995191127 + (1.3046561461068844 * x_9)))) - ((-0.36479149092239327 * (-2.3736872687394746 + (1.012233376861183 * x_4))) - (2.6698641974750688 * (sin((-0.1447330641186388 + (0.2947903146537609 * (-2.8621521711176414 + (1.2806049982629268 * x_1))))) * ((1.3456321926370718 * (-2.6745450995191127 + (1.3046561461068844 * x_9))) - ((1.562639085511543 * sin((1.505771041895757 + (2.5073345360945867 * (-2.7885115085974532 + (1.4154880754301793 * x_0)))))) - (1.463809056370045 * sin(((1.3651885667630634 * (-2.3736872687394746 + (1.012233376861183 * x_4))) - (-0.037056601972691026 * (-2.8621521711176414 + (1.2806049982629268 * x_1)))))))))))))) - ((0.2339657513887196 * (-2.3736872687394746 + (1.012233376861183 * x_4))) - (-0.1461519909185532 * (-2.8621521711176414 + (1.2806049982629268 * x_1)))))) - ((0.7485910392886941 * (-2.1689364464787513 + (0.972617240573431 * x_2))) - (1.0584429784282043 * (-2.1689364464787513 + (0.972617240573431 * x_2))))) - (-0.2311700031036455 * (-2.6745450995191127 + (1.3046561461068844 * x_9)))))
1029_LEV,ok,4,128,3,BFGS,0.6648132489127696,0.5620320224191908,104,243.89,,0.1,(1.713948201217281 + ((0.42392842236463923 * sin((-0.13118922562138097 + (1.5764440689081907 * (-1.3777422408758337 + (0.721331016165358 * x_3)))))) - (((0.2586665572282256 * sin(((1.2902339440347466 * sin((2.549468179306186 + (1.673928955390597 * (-1.3777422408758337 + (0.721331016165358 * x_3)))))) - ((1.6385898288416985 * (-1.490881128154221 + (0.7665198602335326 * x_1))) - ((0.9489258893281256 * (-1.490881128154221 + (0.7665198602335326 * x_1))) - ((3.6896774384036535 * (-1.338219395737549 + (0.6915862510271571 * x_2))) - (1.5667978739291792 * (-1.490881128154221 + (0.7665198602335326 * x_1))))))))) - ((0.2530551417131059 * ((-1.3537592065395143 + (0.7317617332646023 * x_0)) * (1.3665425063794867 + (-0.18175841518906538 * (-1.490881128154221 + (0.7665198602335326 * x_1)))))) - ((-0.2406768841970257 * (-1.338219395737549 + (0.6915862510271571 * x_2))) - (0.7011178569977127 * (-1.490881128154221 + (0.7665198602335326 * x_1)))))) - (-0.1176251610730889 * (-1.490881128154221 + (0.7665198602335326 * x_1))))))
1030_ERA,ok,4,128,3,BFGS,0.5021634215543507,1.4163227962842504,93,209.18,,0.1,(4.4853093133583375 + (((-0.8423915523973893 * sin(((1.6065234786947968 * sin((3.1689204367051054 + (2.0348896251829647 * (-1.6821592654348876 + (0.2229502008528678 * x_0)))))) - (1.495149587517057 * (-1.4098777764544617 + (0.21377979931075994 * x_3)))))) - ((0.1413940493369456 * sin((3.9716780627187642 + (-0.10777106680615564 * (-1.4098777764544617 + (0.21377979931075994 * x_3)))))) - ((1.4742340842619157 * sin((-0.1470196649148518 + (1.0131460377191313 * (-1.8026202153614108 + (0.2599308169230585 * x_1)))))) - ((-0.5034863670426044 * (-1.6821592654348876 + (0.2229502008528678 * x_0))) - ((0.32952209576935 * (-1.775251610451698 + (0.26918144207000727 * x_2))) - (-0.06580766562053986 * sin((2.0488057387586855 + (2.4150585614916524 * (-1.8026202153614108 + (0.2599308169230585 * x_1))))))))))) - (0.331826889801023 * sin((1.8874584545044686 + (-1.566779995406027 * (-1.8026202153614108 + (0.2599308169230585 * x_1))))))))
1096_FacultySalaries,ok,4,256,4,BFGS,0.5645028617790147,3.016728417690982,80,170.39,,0.1,(43.23521405394942 + (((0.9584518349421018 * (-9.112288776127002 + (0.17718880655098507 * x_3))) - (3.797749142575503 * sin(((1.2919967532337062 * (-0.5619514869490163 + (2.341464528954235 * x_0))) - (1.182885982397262 * (((10.448067034416944 * sin((1.422144559396238 + (0.6139203856840281 * (-7.346234106637792 + (0.09939270487749849 * x_2)))))) - ((0.13843621063771017 * (-9.112288776127002 + (0.17718880655098507 * x_3))) - (9.075072476496857 * sin((0.9166484597568676 + (1.5085364804349606 * (-8.427043203926056 + (0.14480699704232594 * x_1)))))))) - (1.3518164270374928 * (-9.112288776127002 + (0.17718880655098507 * x_3))))))))) - ((-0.5619514869490163 + (2.341464528954235 * x_0)) - (0.972265562166291 + (1.5442590888283627 * (-8.427043203926056 + (0.14480699704232594 * x_1)))))))
1193_BNG_lowbwt,ok,9,128,3,BFGS,0.621974822279004,445.4891697202426,123,181.80,,0.1,(195.55365291433293 + ((17.55036654790686 * (((((11.711067279025684 * (-0.8422598823413764 + (2.029541885159943 * x_4))) - ((-1.6663692188465342 * (-0.7018100265975371 + (2.126697050295567 * x_0))) - (-12.423791546549822 * (-0.8422598823413764 + (2.029541885159943 * x_4))))) - (22.938392519692627 * sin((9.707098614660154 + (-0.4618839165380053 * (-0.7018100265975371 + (2.126697050295567 * x_0))))))) - (-0.5560937811615148 * (-1.7565107319733801 + (1.3459852352286439 * x_3)))) * ((24.66308052141642 * sin((7.029205091376344 + (1.8833220326072775 * (-1.7565107319733801 + (1.3459852352286439 * x_3)))))) - ((-0.6460485247211167 * (-0.8422598823413764 + (2.029541885159943 * x_4))) - (((0.2803949246899642 * ((-0.8422598823413764 + (2.029541885159943 * x_4)) * (-4.7670358854990456 + (0.20452064575820186 * x_1)))) - (15.208103860574006 * (-0.7018100265975371 + (2.126697050295567 * x_0)))) - (11.08865724043526 * (-1.7565107319733801 + (1.3459852352286439 * x_3)))))))) - (((22.694597368553048 * (-0.8422598823413764 + (2.029541885159943 * x_4))) - (21.549365832973024 * (-0.7018100265975371 + (2.126697050295567 * x_0)))) - (2.7903485617643735 * (-0.7018100265975371 + (2.126697050295567 * x_0))))))
1196_BNG_pharynx,ok,10,256,4,BFGS,0.46057525047294534,281.3445067923477,101,417.44,,0.1,(340.3258874862919 + ((((0.8118365101208608 * (-0.5927489783638191 + (2.279803762937766 * x_9))) - (((18.748473798529304 * (-0.5927489783638191 + (2.279803762937766 * x_9))) - (-26.63388239073054 * (-0.5927489783638191 + (2.279803762937766 * x_9)))) - (-45.71000272247346 * (((1.3047587087836712 * (-0.5927489783638191 + (2.279803762937766 * x_9))) - (0.32424208094732376 * (-1.020204061220407 + (2.000400120040014 * x_2)))) * (((2.8498918136609834 * sin((4.381237758926744 + (1.2251258300825851 * (-1.3193830297679 + (0.5890102811463838 * x_0)))))) - (2.1047734593404455 * (-0.5927489783638191 + (2.279803762937766 * x_9)))) - (1.7259489452357086 * (-0.5927489783638191 + (2.279803762937766 * x_9)))))))) - ((4.029632207203666 * ((0.12010051142340698 + (1.9139268046476632 * (-0.5927489783638191 + (2.279803762937766 * x_9)))))**2) - (0.9137668016095908 * (-0.5927489783638191 + (2.279803762937766 * x_9))))) - (15.303618755458402 * (-0.5927489783638191 + (2.279803762937766 * x_9)))))
1199_BNG_echoMonths,ok,9,256,4,BFGS,0.5691588306306359,10.178977029043233,145,211.12,,0.1,(51.45998258171751 + (((-5.514720601087921 * sin((2.0345667767293794 + (1.0030337436647665 * (-1.7077351386697883 + (0.1433472945228545 * x_4)))))) - (((-3.010298289997463 * (-0.7018100265975372 + (2.1266970502955673 * x_0))) - (-0.9352714575216706 * (-3.0702386426579005 + (2.0989423382322308 * x_7)))) - ((((-0.18581650959065016 * (-1.7077351386697883 + (0.1433472945228545 * x_4))) - (((25.23201612612185 * sin((1.5745645351492423 + (0.34517250273195144 * (-2.7393118696321914 + (0.1834262746734647 * x_6)))))) - (((-1.9627825668871184 * (-1.7077351386697883 + (0.1433472945228545 * x_4))) - (4.638754327650178 * ((-0.7018100265975372 + (2.1266970502955673 * x_0)) * (2.287467005747248 + (0.478764891423491 * (-0.5850486126764433 + (2.29430828500566 * x_8))))))) - (-7.068403061162645 + (0.11366866615016445 * x_1)))) - sin((1.5661620713322462 + (1.4981130343367566 * (-0.7018100265975372 + (2.1266970502955673 * x_0))))))) - (-4.126300040045048 * ((-2.7393118696321914 + (0.1834262746734647 * x_6)) * sin((0.9990046747812524 + (6.0115445887197865 * (-7.068403061162645 + (0.11366866615016445 * x_1)))))))) - ((-0.22166758161904157 * (-1.7077351386697883 + (0.1433472945228545 * x_4))) - (-1.072062870274924 * (-7.068403061162645 + (0.11366866615016445 * x_1))))))) - ((3.7839907451621455 * (-1.7077351386697883 + (0.1433472945228545 * x_4))) - (1.6305362575740925 * (-1.7077351386697883 + (0.1433472945228545 * x_4))))))
1201_BNG_breastTumor,ok,9,32,1,BFGS,0.1604963145980126,9.70677917885378,139,239.84,,0.1,(44.885965042851716 + ((((((-0.5585667735192705 * (-1.6200683918739798 + (1.270641875979592 * x_4))) - (2.4784315173855083 * (-0.5388159060803247 + (2.3947373603569986 * x_3)))) - (-6.073750855221617 * (-0.5388159060803247 + (2.3947373603569986 * x_3)))) - (-1.0909024202327604 * (-0.5388159060803247 + (2.3947373603569986 * x_3)))) - ((((-2.8186969073189365 * sin((-4.343111224609615 + (9.746836234132338 * (-5.513793854744495 + (0.10828748668207969 * x_0)))))) - (2.801326339452724 * ((-1.061913167103641 + (2.0036097492521527 * x_5)) * ((0.046898289547915764 * (-1.061913167103641 + (2.0036097492521527 * x_5))) - ((0.8058920976736258 * (-1.061913167103641 + (2.0036097492521527 * x_5))) - (12.699213377744687 * sin((3.2604365793218975 + (2.655854520360531 * (-1.061913167103641 + (2.0036097492521527 * x_5))))))))))) - (0.8799176294707729 * (-0.5388159060803247 + (2.3947373603569986 * x_3)))) - ((-1.1222035041343617 * (-1.6200683918739798 + (1.270641875979592 * x_4))) - (3.2781534338722853 * (-0.5388159060803247 + (2.3947373603569986 * x_3)))))) - ((26.851680461391858 * sin((1.7794247151785874 + (2.7109560961161216 * (-0.6081636405595373 + (2.2524579279982864 * x_7)))))) - (-3.1860120750679117 * sin(((2.9768304682194446 * (-5.513793854744495 + (0.10828748668207969 * x_0))) - (1.6469751465629163 * (-1.061913167103641 + (2.0036097492521527 * x_5)))))))))
1203_BNG_pwLinear,ok,10,256,4,BFGS,0.5487586189247233,2.9479775436549174,123,323.10,,0.1,(-2.646902056189713 + ((-1.3032728528068132 * (((1.3837242742700981 * (-0.07017213284715496 + (1.0024590406736422 * x_0))) - (0.9300293200755516 * (0.103834826330233 + (1.2979353291279123 * x_9)))) - ((((2.0811297296950024 * (-0.032157832069216574 + (1.286313282768663 * x_4))) - ((-0.012127673025267264 + (1.2127673025267265 * x_2)) * (-0.07017213284715496 + (1.0024590406736422 * x_0)))) - (0.27797038541516594 + (1.5697992752935757 * (0.103834826330233 + (1.2979353291279123 * x_9))))) - (0.08676800996251285 * ((0.103834826330233 + (1.2979353291279123 * x_9)) * (0.23480352857641618 + (1.2692082625752226 * x_1))))))) - (((((1.0800246763008232 * (-0.032157832069216574 + (1.286313282768663 * x_4))) - (0.7278732855283725 * (0.103834826330233 + (1.2979353291279123 * x_9)))) - ((-0.6134046949384563 * (-0.032157832069216574 + (1.286313282768663 * x_4))) - (0.17686517947888666 * (-0.07017213284715496 + (1.0024590406736422 * x_0))))) - (2.521764304462471 + (0.37106556616481934 * (0.23480352857641618 + (1.2692082625752226 * x_1))))) - (-0.294231898783584 * ((-0.07017213284715496 + (1.0024590406736422 * x_0)) * (1.2192466150402812 + (2.143271140920003 * (0.23480352857641618 + (1.2692082625752226 * x_1)))))))))
192_vineyard,ok,2,256,4,BFGS,0.7283022008347657,2.2684476699793343,98,189.36,,0.1,(6.186428388781682 + ((((13.674059709690914 * sin((0.559290952050164 + (0.5888605797137275 * (-1.7076703227012184 + (0.5208144092695798 * x_0)))))) - (1.4151846666863208 * (-1.7076703227012184 + (0.5208144092695798 * x_0)))) - ((-1.3370105911912697 * (-1.7076703227012184 + (0.5208144092695798 * x_0))) - ((26.923329678250116 * sin((-0.2358655970708804 + (0.20136107439126186 * (-1.7076703227012184 + (0.5208144092695798 * x_0)))))) - (-12.74075175852703 * sin((1.2730289023282817 + (0.32631059443947663 * (-4.169458226011473 + (0.431896071220312 * x_1))))))))) - ((0.9652172738542397 * (-1.7076703227012184 + (0.5208144092695798 * x_0))) - (((0.22812578977022824 * (-1.7076703227012184 + (0.5208144092695798 * x_0))) - (2.4703680240304884 * sin((2.8744789783530367 + (1.6670952781296238 * (-1.7076703227012184 + (0.5208144092695798 * x_0))))))) - (13.938894160940901 * sin((-0.054285980992509225 + (1.047055333555655 * (-1.7076703227012184 + (0.5208144092695798 * x_0))))))))))
210_cloud,ok,5,128,3,BFGS,0.8995226498912232,0.33986151804457815,55,129.52,,0.1,(1.219338250480651 + (((2.521965586118127 * (-1.0570827394885711 + (0.7017329636726495 * x_2))) - ((7.29936726941948 * (-1.0570827394885711 + (0.7017329636726495 * x_2))) - (5.211402631926614 * (-1.0570827394885711 + (0.7017329636726495 * x_2))))) - (-1.0886113904379564 * ((-1.3542915032506988 + (1.1265769290074164 * x_3)) * sin((0.943637960813613 + (0.5870202514045543 * ((-1.3542915032506988 + (1.1265769290074164 * x_3)) * sin((2.6632243270270566 + (1.7879308575493724 * (-1.3542915032506988 + (1.1265769290074164 * x_3)))))))))))))
215_2dplanes,ok,10,256,4,BFGS,0.884305532117714,1.5825800486882982,107,193.37,,0.1,(2.1166265198541154 + (((1.6999831368568832 * (-0.03114373299321498 + (1.2457493197285991 * x_6))) - ((0.12216995453240148 * (0.07603639459945774 + (1.1697906861455036 * x_4))) - (8.896046732577854 * ((((((-0.0925269781904321 * (0.07603639459945774 + (1.1697906861455036 * x_4))) - (1.0761803243236887 * (0.02000400120040014 + (1.000200060020007 * x_0)))) - (-0.07246168561338945 * (0.07603639459945774 + (1.1697906861455036 * x_4)))) - (1.7093712014025653 * (0.02000400120040014 + (1.000200060020007 * x_0)))) - (2.7383802831916215 + (0.013738861364234519 * (0.047524845652175754 + (1.1881211413043937 * x_5))))) * ((7.540579005852917 * (0.02000400120040014 + (1.000200060020007 * x_0))) - (7.784965681383554 + (0.031522697893644605 * ((-0.03138824102871723 + (1.2555296411486891 * x_1)) * (1.53453648533318 + (-0.18722495851201365 * (-0.03114373299321498 + (1.2457493197285991 * x_6)))))))))))) - ((-1.6234988777631498 * (0.02000400120040014 + (1.000200060020007 * x_0))) - (-5.084307831917837 + (-1.4292159310331414 * (-0.03114373299321498 + (1.2457493197285991 * x_6)))))))
218_house_8L,ok,8,128,3,BFGS,0.49677832724621773,28749.982202923256,113,298.69,,0.1,(119.869772783862 + (((121.64904066480759 * exp(((1.7971936492184284 * (-8.745399041277315 + (1.4579020752294582 * x_6))) - (0.32060750491255496 * (-0.2735558448495786 + (0.00011731984031014947 * x_0)))))) - (24.644958512480045 * ((-8.051727895827435 + (16.731591247493967 * x_2)) * ((-7.135905521046068 + (-0.6865903515015805 * (-0.4354479563349125 + (54.54681096758018 * x_1)))))**3))) - (((-3.285671592664377 * (-7.96909359589554 + (11.183243963289556 * x_3))) - ((((21.63153365779005 * ((15.296956004962972 + (-1.0301531173505865 * (-0.2735558448495786 + (0.00011731984031014947 * x_0)))))**3) - (15.276980434852906 * ((-1.5921459009440166 + (0.049229295443108306 * (-0.4354479563349125 + (54.54681096758018 * x_1)))))**3)) - (-1.3048725763556623 * (-0.4354479563349125 + (54.54681096758018 * x_1)))) - (13.058478779798257 * (((14.367264916559133 * sin((2.2268384993997836 + (1.7825712269810916 * (-0.2735558448495786 + (0.00011731984031014947 * x_0)))))) - (3.3031064817308824 * (-0.4354479563349125 + (54.54681096758018 * x_1)))))**3))) - (1.0541486562027402 * (-0.4354479563349125 + (54.54681096758018 * x_1))))))
225_puma8NH,ok,8,256,4,BFGS,0.6970825321286733,3.095496562661503,118,260.80,,0.1,(0.4260156525343781 + (((((5.578560928387031 * (-0.06585661692848528 + (0.8959411617355382 * x_2))) - ((0.2860583053858891 * (-0.01549372006853783 + (0.9102782276193362 * x_0))) - (0.9919207404958914 * (sin((1.5582866206484858 + (1.23907242415345 * (-0.07710723083161697 + (0.9234518833549156 * x_1))))) * (((((20.514785443747847 * sin((0.22245229294285657 + (0.6869864238023022 * (-0.06585661692848528 + (0.8959411617355382 * x_2)))))) - (-3.9972505550654587 * (-0.07710723083161697 + (0.9234518833549156 * x_1)))) - (3.0484348623117867 * (-0.07710723083161697 + (0.9234518833549156 * x_1)))) - (4.7410674029249895 * (-0.07710723083161697 + (0.9234518833549156 * x_1)))) - ((2.4670149325080417 * (-0.06585661692848528 + (0.8959411617355382 * x_2))) - (1.3985594384785376 * (-0.07710723083161697 + (0.9234518833549156 * x_1))))))))) - (19.314340740989337 * sin(((0.6431136813515919 * (-0.06585661692848528 + (0.8959411617355382 * x_2))) - (0.8789952245042449 * (-0.07710723083161697 + (0.9234518833549156 * x_1))))))) - (15.259046744433707 * (-0.07710723083161697 + (0.9234518833549156 * x_1)))) - (-6.678931871601817 * (-0.07710723083161697 + (0.9234518833549156 * x_1)))))
228_elusage,ok,2,128,3,BFGS,0.8717581972626252,8.519350447666499,84,155.13,,0.1,(17.618006199071317 + ((6.925370699497893 * sin((21.750501909560114 + (6.072241041805519 * ((-1.588178110693536 + (0.281773535768208 * x_1)) * sin((-0.27746425959766907 + (-1.0503585508033293 * (-3.494368107086116 + (0.06492913712491094 * x_0)))))))))) - (-0.12225786521905263 * (((-2.1489165459311224 * (-3.494368107086116 + (0.06492913712491094 * x_0))) - (0.8262669389000403 * ((-5.344111752051383 * (-3.494368107086116 + (0.06492913712491094 * x_0))) - (1.1759098192576651 + (-0.2076764232713627 * (-3.494368107086116 + (0.06492913712491094 * x_0))))))) - ((2.81464285181635 * (-1.588178110693536 + (0.281773535768208 * x_1))) - ((15.49266655611845 * ((3.4194960853698166 + (-1.6190831516384367 * (-3.494368107086116 + (0.06492913712491094 * x_0)))))**2) - (-3.8104840342446558 * (-1.588178110693536 + (0.281773535768208 * x_1)))))))))
229_pwLinear,ok,10,256,4,BFGS,0.84988441663709,1.7293736832889037,163,143.42,,0.1,(0.16264905622463022 + (((1.6165655863525963 * (-0.0708881205008336 + (1.2888749181969743 * x_4))) - (0.4569177149141135 * (((0.35033475256916335 * (-0.12885860791431716 + (1.227224837279211 * x_5))) - ((((0.6140873820885502 * (0.1308442961026054 + (1.2461361533581465 * x_1))) - ((-0.05212730227911143 * (0.07877919836271194 + (1.2119876671186451 * x_9))) - ((1.7169715409960329 * (-0.07017213284715496 + (1.0024590406736422 * x_0))) - (0.1403266066763874 + (2.1164546317892237 * (0.1308442961026054 + (1.2461361533581465 * x_1))))))) - ((0.2928689407887278 * (0.13630961003872036 + (1.1853009568584378 * x_2))) - (1.9783817240562591 * (0.1308442961026054 + (1.2461361533581465 * x_1))))) - ((0.5632979638917088 * (-0.07017213284715496 + (1.0024590406736422 * x_0))) - (-0.21017771150372527 * (0.1308442961026054 + (1.2461361533581465 * x_1)))))) * ((((((1.4547807595352982 * (-0.0708881205008336 + (1.2888749181969743 * x_4))) - (1.4945054141362775 * (-0.07017213284715496 + (1.0024590406736422 * x_0)))) - (5.472560493479801 + (-0.16453780352299563 * ((0.1308442961026054 + (1.2461361533581465 * x_1)) * (0.1308442961026054 + (1.2461361533581465 * x_1)))))) - (0.1308442961026054 + (1.2461361533581465 * x_1))) - ((1.9888534752857279 * (0.13630961003872036 + (1.1853009568584378 * x_2))) - (0.8024978501196292 * (0.1308442961026054 + (1.2461361533581465 * x_1))))) - (0.8347301783115779 * (0.1308442961026054 + (1.2461361533581465 * x_1))))))) - ((0.055070340484032754 * (0.13630961003872036 + (1.1853009568584378 * x_2))) - (1.7441385950806616 * (0.1308442961026054 + (1.2461361533581465 * x_1))))))
230_machine_cpu,ok,6,32,1,BFGS,0.9315494190212915,42.713100415952916,93,16.03,,0.1,(-32.48238415506188 + ((18.803678410832667 * abs((5.578644710680971 + (0.2665023360703447 * (-0.6323138508124196 + (0.02430107036173788 * x_3)))))) - (((((-13.426953286161321 * (-1.0157486231470525 + (8.41758769093056e-05 * x_2))) - (46.71347968366466 * (-1.0157486231470525 + (8.41758769093056e-05 * x_2)))) - (64.56639097957047 * (-1.0157486231470525 + (8.41758769093056e-05 * x_2)))) - (20.062925231485302 * (-0.7539783429454673 + (0.00025457276565311854 * x_1)))) - ((-41.45983822681816 * (-1.0157486231470525 + (8.41758769093056e-05 * x_2))) - (-11.619322775463846 * abs((-0.041941109733836246 + (-0.5003407604805565 * ((-0.6323138508124196 + (0.02430107036173788 * x_3)) * (((-4.99274696414109 * (-0.7692023071461158 + (0.003791788953692772 * x_0))) - (-2.28047468236128 + (10.14075003439562 * (-1.0157486231470525 + (8.41758769093056e-05 * x_2))))) - (-0.4469555973920866 * (-0.7539783429454673 + (0.00025457276565311854 * x_1)))))))))))))
344_mv,ok,10,64,2,BFGS,0.7807679825954852,4.485963138631647,53,211.58,,0.1,(-13.25063482223599 + (((((2.0502466415885996 * (-0.08262425328176871 + (0.3485338209019501 * x_0))) - (19.295730845887903 * sin((1.0715660637857436 + (2.384053607641988 * (-0.5619514869490163 + (2.341464528954235 * x_7))))))) - ((0.9175113942281458 + (0.09481017314613248 * x_5)) * (0.9175113942281458 + (0.09481017314613248 * x_5)))) - sin((7.844463383673923 + (2.894043954405744e-08 * (0.9175113942281458 + (0.09481017314613248 * x_5)))))) - (-6.4691791431152375 * (0.9175113942281458 + (0.09481017314613248 * x_5)))))
485_analcatdata_vehicle,ok,4,256,4,BFGS,0.7450846333890868,142.0574002381127,127,204.20,,0.1,(237.7042650333603 + ((28.44613875011979 * (-1.0 + (2.0 * x_2))) - (((35.176569552560295 * ((((1.8336746807190871 * (-1.0 + (2.0 * x_0))) - (-0.47811454974046763 * (-1.0 + (2.0 * x_2)))) - (1.095539753460108 * (-1.0 + (2.0 * x_0)))) * (0.13939762780711942 + (0.829243504703004 * (-1.0 + (2.0 * x_1)))))) - ((-0.6704862577479465 * (-1.0 + (2.0 * x_2))) - ((-7.502947168985314 * sin((-0.38409564715511235 + (2.1605908584258806 * (-1.0 + (2.0 * x_2)))))) - ((25.947580268824783 * sin((0.3811745946298607 + (0.8873737633417869 * (-1.0 + (2.0 * x_1)))))) - ((4.8171142281224455 * (-1.0 + (2.0 * x_1))) - ((0.27702822365249585 * (-1.0 + (2.0 * x_0))) - (3.2676019505801386 * (-1.0 + (2.0 * x_1))))))))) * ((1.1710128873751267 * (-1.0 + (2.0 * x_2))) - ((-0.7325815112061485 * (-1.0 + (2.0 * x_2))) - (9.346259893908499 * (-1.0 + (2.0 * x_1))))))))
519_vinnie,ok,2,64,2,BFGS,0.7476710147473877,1.520439815083232,77,181.42,,0.1,(6.327433585400376 + (((0.8196004302939273 * sin(((0.8314677407256419 * (-3.050344651934337 + (0.22536717044213794 * x_1))) - (-3.2018915601586384 * sin((-0.8126309984572512 + (2.150426128034894 * ((2.8457118724821173 * sin((1.0787470131091998 + (0.9736577357868434 * (-3.050344651934337 + (0.22536717044213794 * x_1)))))) - (2.651651367677899 * (-3.050344651934337 + (0.22536717044213794 * x_1))))))))))) - ((2.085299016361496 * (-3.050344651934337 + (0.22536717044213794 * x_1))) - ((3.0578739465131486 * (-3.050344651934337 + (0.22536717044213794 * x_1))) - (0.40491640973971466 * sin((3.064644356286088 + (1.501486963034552 * (-3.050344651934337 + (0.22536717044213794 * x_1))))))))) - (-1.4454899367221663 * (-3.050344651934337 + (0.22536717044213794 * x_1)))))
522_pm10,ok,7,128,3,BFGS,0.3045530322718667,0.7266786424287396,123,229.07,,0.1,(3.571324834079217 + (sin((0.9137997606116659 + (1.4090978809922086 * (-0.12981253370068688 + (0.9947320404949649 * x_3))))) * (((((((0.9041038775669403 * (-7.079162907839687 + (0.987710095069961 * x_0))) - (0.046674981180385496 * (-1.5591481867057306 + (0.005027969450348218 * x_6)))) - ((0.6716833835960369 * (-1.7456009505041916 + (0.5312236624740025 * x_2))) - ((-0.2323199069415564 * sin(((1.2417744977879748 * (-1.6816570543158895 + (0.011591759038935135 * x_4))) - (0.8397804398974645 * (-1.7456009505041916 + (0.5312236624740025 * x_2)))))) - (0.9268912144963715 * sin((2.5280375060228293 + (1.4186243846394295 * (-0.12981253370068688 + (0.9947320404949649 * x_3))))))))) - (-7.079162907839687 + (0.987710095069961 * x_0))) - (0.8503018182687461 + (0.630752123752276 * sin((3.7107186374597374 + (1.2964469464638424 * (-7.079162907839687 + (0.987710095069961 * x_0)))))))) - (0.5676885953693509 * sin((1.5831204325454065 + (1.6318118399008932 * (-0.19671235889801858 + (0.1523720850826871 * x_1))))))) - ((-0.3936722353427977 * (-1.7456009505041916 + (0.5312236624740025 * x_2))) - (0.4671023136875816 * sin((1.5030818057486626 + (-0.11770779171932866 * (-7.079162907839687 + (0.987710095069961 * x_0))))))))))
523_analcatdata_neavote,ok,2,32,1,BFGS,0.9538560826725524,0.8480669507960614,33,8.49,,0.1,(0.7298640970302577 + ((9.08207560632478 * (-1.1000004629242885 + (1.0091747366277877 * x_0))) - (4.153230511231419 * (((-1.1000004629242885 + (1.0091747366277877 * x_0)) - (-2.9097861801702765 + (2.1785350841381868 * (-1.1000004629242885 + (1.0091747366277877 * x_0))))) * (-1.1000004629242885 + (1.0091747366277877 * x_0))))))
529_pollen,ok,4,256,4,BFGS,0.8017178149035133,1.505262664296795,118,128.45,,0.1,(-1.7294963304157616 + ((((-1.8745318582685115 * (-0.14240534481180597 + (0.1466357845322108 * x_0))) - (-5.065779977672571 * (((0.13411228300539055 + (0.09366364070564696 * x_3)) - (-0.14240534481180597 + (0.1466357845322108 * x_0))) * (1.0003613960600188 + (0.025801896235375113 * (0.13411228300539055 + (0.09366364070564696 * x_3))))))) - (1.8844156506299434 * (0.13411228300539055 + (0.09366364070564696 * x_3)))) - ((((9.905201538704478 * (0.13411228300539055 + (0.09366364070564696 * x_3))) - ((-1.5910449762317018 * sin((-0.75114881599744 + (0.7151077083620452 * (0.13411228300539055 + (0.09366364070564696 * x_3)))))) - (((2.540847799011977 * (-0.14240534481180597 + (0.1466357845322108 * x_0))) - (2.2244648260897737 * (-0.14240534481180597 + (0.1466357845322108 * x_0)))) - (1.0055436927245145 * (0.008717172475124766 + (0.20153683119485272 * x_1)))))) - (((1.8786101281828955 * (-0.14240534481180597 + (0.1466357845322108 * x_0))) - (-0.22962476363747464 * (0.13411228300539055 + (0.09366364070564696 * x_3)))) - (-0.14240534481180597 + (0.1466357845322108 * x_0)))) - (0.4323851585905292 + (2.4974767637356994 * (0.13411228300539055 + (0.09366364070564696 * x_3)))))))
537_houses,ok,8,256,4,BFGS,0.708863013726738,54005.38689959887,116,265.75,,0.1,(144.72067898029587 + ((89.46396256566737 * (((0.21501872212804907 * ((-7.104674012773039 + (8.593183073105969 * (4732.105772728812 + (38.70787762899494 * x_7)))))**3) - (((-1.8338445817620137 * (-1.5066316366506536 + (0.0007951087204436459 * x_2))) - ((-5.827991185363853 * (-1.516023044552607 + (0.4819862123055841 * x_0))) - (40.4495309118342 * (4732.105772728812 + (38.70787762899494 * x_7))))) - ((0.34536707615232953 * ((-22.43598917835675 + (0.14426102100781768 * (-1.616400063304611 + (0.0017131956155851734 * x_4)))))**3) - ((16.942254807613736 * (-1.616400063304611 + (0.0017131956155851734 * x_4))) - (((12.878681962620085 * ((24.245289470996852 + (-0.5249490918368451 * (-1.516023044552607 + (0.4819862123055841 * x_0)))))**2) - (15.872322215333256 * (-1.616400063304611 + (0.0017131956155851734 * x_4)))) - (15.096505590595982 * (-1.516023044552607 + (0.4819862123055841 * x_0)))))))) * (0.6649677296138172 + (0.30837686424487865 * (-1.516023044552607 + (0.4819862123055841 * x_0)))))) - ((20.001777566474203 * (-1.5066316366506536 + (0.0007951087204436459 * x_2))) - (5.480359333028687 * (-1.5066316366506536 + (0.0007951087204436459 * x_2))))))
547_no2,ok,7,128,3,BFGS,0.5334010200248896,0.5040034068235448,97,233.08,,0.1,(4.661653447971233 + (((((0.8585589252140577 * (-6.654222247738914 + (0.9476037076783185 * x_0))) - (-0.15517552696592607 * (-0.1634556815138494 + (0.9729504782544822 * x_3)))) - (((1.0345126144956085 * (-1.593513108814246 + (0.5093537168700765 * x_2))) - ((0.5469395875250807 * sin((-0.8647179665372531 + (0.6631083264199829 * (-1.593513108814246 + (0.5093537168700765 * x_2)))))) - (0.7054641863147342 * (-1.593513108814246 + (0.5093537168700765 * x_2))))) - (1.2189376509338254 * (-1.593513108814246 + (0.5093537168700765 * x_2))))) - (0.27859846708018654 * sin(((1.7929970506743538 * (-1.664176255098275 + (0.011106799904836887 * x_4))) - (3.3494734080001463 * sin(((4.071553451362426 * (-1.664176255098275 + (0.011106799904836887 * x_4))) - (0.5426681252586525 * (-1.593513108814246 + (0.5093537168700765 * x_2)))))))))) - (0.9446923400132166 * sin((0.9221839022828213 + (0.6204170302077261 * (-6.654222247738914 + (0.9476037076783185 * x_0))))))))
556_analcatdata_apnea2,ok,3,32,1,BFGS,0.9152447703108809,892.1715440878235,98,30.76,,0.1,(8.636262284064664 + ((0.9423835261387845 * (-1.414213562373095 + (0.7071067811865475 * x_0))) - (0.21057467887637682 * (exp((-1.3433774819859705 + (10.643152976968373 * ((-1.414213562373095 + (0.7071067811865475 * x_1)) * sin((2.5500515051165884 + (1.2887578563402333 * (-1.414213562373095 + (0.7071067811865475 * x_1))))))))) * (((1.554659861933862 * exp(((0.3381039222027147 * sin((0.4171576091497824 + (-0.4709273319449745 * (-1.414213562373095 + (0.7071067811865475 * x_0)))))) - (1.7387585844600606 * (-1.414213562373095 + (0.7071067811865475 * x_1)))))) - (4.334429848323316 * (-1.414213562373095 + (0.7071067811865475 * x_1)))) - exp((-0.9417942746896371 + (29.875972956436144 * ((-1.414213562373095 + (0.7071067811865475 * x_1)) * sin(((1.1768136487377712 * sin((0.4379662600144032 + (1.3695901090409182 * (-1.414213562373095 + (0.7071067811865475 * x_0)))))) - (0.4459268235376006 * (-1.414213562373095 + (0.7071067811865475 * x_1))))))))))))))
557_analcatdata_apnea1,ok,3,128,3,BFGS,0.9444235465455221,728.9055473989177,110,298.38,,0.1,(8.109990837482153 + (exp((((1.0575864817468128 * (-1.414213562373095 + (0.7071067811865475 * x_0))) - (-10.808380593022052 * sin(((1.8226032739734577 * sin((1.9106078718546389 + (1.4159356853738947 * (-1.414213562373095 + (0.7071067811865475 * x_0)))))) - ((0.09809957894131405 * (-1.414213562373095 + (0.7071067811865475 * x_0))) - (1.4729084853297252 * (-1.414213562373095 + (0.7071067811865475 * x_1)))))))) - exp(((1.142758380420382 * sin((1.495872956309302 + (-0.7393057170470888 * (-1.9639610121239315 + (0.4364357804719848 * x_2)))))) - exp(((2.9879775009848384 * sin((1.372843067587005 + (0.9644518514458483 * (-1.414213562373095 + (0.7071067811865475 * x_1)))))) - ((2.901144413123303 * (-1.414213562373095 + (0.7071067811865475 * x_1))) - (((-0.053701652881348136 * (-1.414213562373095 + (0.7071067811865475 * x_0))) - (0.5348475873194969 * (-1.414213562373095 + (0.7071067811865475 * x_0)))) - (0.7124571711266356 * (-1.414213562373095 + (0.7071067811865475 * x_1))))))))))) * (0.7443781211431788 * (-1.414213562373095 + (0.7071067811865475 * x_1)))))
561_cpu,ok,7,32,1,BFGS,0.9794210962833195,22.543385048735278,130,17.12,,0.1,(73.26878871322538 + (((22.199672022726617 * (-0.7539783429454673 + (0.00025457276565311854 * x_2))) - ((23.35777741495371 * (-0.7539783429454673 + (0.00025457276565311854 * x_2))) - (15.868299165272312 * (-1.0157486231470525 + (8.41758769093056e-05 * x_3))))) - ((-0.40928239385335385 * (-0.7539783429454673 + (0.00025457276565311854 * x_2))) - ((31.12872094180345 * (-0.7539783429454673 + (0.00025457276565311854 * x_2))) - ((-19.9091381535672 * ((-0.5333816095633326 + (-1.1391087440692411 * (-1.0157486231470525 + (8.41758769093056e-05 * x_3)))))**2) - (((((36.475040087936094 * (-0.6323138508124196 + (0.02430107036173788 * x_4))) - (-13.661242580035896 * (-1.0157486231470525 + (8.41758769093056e-05 * x_3)))) - ((-0.26921055299442587 * ((-0.7539783429454673 + (0.00025457276565311854 * x_2)) * (3.9658373449206517 + (-0.013466024076760858 * (-1.0157486231470525 + (8.41758769093056e-05 * x_3)))))) - (((1.7397593766435961 * (-2.133033539448027 + (0.13828418408090937 * x_0))) - (2.983820176613282 + (1.3332180692573368 * (-1.0157486231470525 + (8.41758769093056e-05 * x_3))))) - (-1.4045241874471768 * (-0.7539783429454673 + (0.00025457276565311854 * x_2)))))) - (1.6728922265119985 * (-0.7539783429454673 + (0.00025457276565311854 * x_2)))) - (10.863786395163253 * (-1.0157486231470525 + (8.41758769093056e-05 * x_3)))))))))
564_fried,ok,10,128,3,BFGS,0.8762776199863187,1.732883712081147,104,359.08,,0.1,(5.028583669358849 + ((0.8962045138301975 * (-1.7072590503875993 + (3.406682733645306 * x_3))) - (((-1.0804555546304413 * (-1.7072590503875993 + (3.406682733645306 * x_3))) - ((0.8815021536785368 * (-1.7072590503875993 + (3.406682733645306 * x_3))) - (((((15.553813024228397 * sin((4.363158181927169 + (0.3860160218527606 * (-1.773506662490512 + (3.508247186303262 * x_0)))))) - (-0.8206493698746247 * (-1.6828104573254623 + (3.7222908179660887 * x_2)))) - (37.750574913008506 * sin((0.11532690967890274 + (0.05347685976382863 * (-1.962363239855984 + (3.5856659102912434 * x_1))))))) - (((1.2037851872231253 * (-1.7104407863161182 + (3.5565645061896443 * x_4))) - (-2.151909838196506 * (-1.6828104573254623 + (3.7222908179660887 * x_2)))) - (0.2278038166452968 * (-1.6828104573254623 + (3.7222908179660887 * x_2))))) - (2.1416999522973903 * (-1.6828104573254623 + (3.7222908179660887 * x_2)))))) - (-12.049596396953554 * sin((0.9183566678597885 + (0.5336336086782525 * (-1.6828104573254623 + (3.7222908179660887 * x_2)))))))))
579_fri_c0_250_5,ok,5,256,4,BFGS,0.645493568122075,0.586766837289488,98,165.36,,0.1,(-0.34690680422518616 + (((-0.12332948622981632 * (-0.06946253611908115 + (1.0023314177985747 * x_3))) - (-0.018560390627127197 * ((-0.013457740978846304 + (0.9847731451468804 * x_0)) * (-5.055054900025102 + (1.8789590350530814 * (-0.06946253611908115 + (1.0023314177985747 * x_3))))))) - ((-2.146993573072929 * (-0.06946253611908115 + (1.0023314177985747 * x_3))) - (((0.10766225372615898 * (-0.06946253611908115 + (1.0023314177985747 * x_3))) - (-0.3328276532313398 * (-0.06946253611908115 + (1.0023314177985747 * x_3)))) - ((1.2791143337746802 * (-0.06946253611908115 + (1.0023314177985747 * x_3))) - (((1.8968419677282606 * ((-0.013457740978846304 + (0.9847731451468804 * x_0)) * (0.2664422133239839 + (0.01336974118271058 * (-0.02274143198027288 + (1.0121437364720292 * x_1)))))) - (0.8331455275381795 * sin((4.070169273327344 + (0.9924621266525522 * (-0.02274143198027288 + (1.0121437364720292 * x_1))))))) - (0.568026313223368 * (-0.06946253611908115 + (1.0023314177985747 * x_3)))))))))
591_fri_c1_100_10,ok,10,256,4,BFGS,0.9006202595778796,0.3136653346008204,126,205.28,,0.1,(-0.9837143395118919 + ((2.517598240505027 * (2.134112838164798e-09 + (1.0050378109985483 * x_3))) - ((-0.49965032899968786 * (-6.364898005776579e-10 + (1.0050378226906627 * x_9))) - (((((1.141439761969702 * (1.020255702066691e-09 + (1.005037815122467 * x_4))) - (-0.4932346349422021 * (-6.364898005776579e-10 + (1.0050378226906627 * x_9)))) - ((1.0192160575725704 * (-6.364898005776579e-10 + (1.0050378226906627 * x_9))) - (((1.973326260174474 * (1.020255702066691e-09 + (1.005037815122467 * x_4))) - (1.1047881879112484 * sin(((1.040523346680974 * (2.8080432239977528e-09 + (1.0050378175357129 * x_0))) - (-1.4873846908234167 * (-3.2198895784854976e-09 + (1.00503782205916 * x_1))))))) - ((-1.113270628824949 * sin((2.9995371567974747 + (0.6856194871405044 * (1.020255702066691e-09 + (1.005037815122467 * x_4)))))) - (2.3637526875620622 * sin((2.704143658936202 + (0.12341038695170164 * (-3.2198895784854976e-09 + (1.00503782205916 * x_1)))))))))) - (((2.2888450230794115 * (1.020255702066691e-09 + (1.005037815122467 * x_4))) - (-1.6702308386500375 * (-6.294696838797298e-10 + (1.0050378125173551 * x_2)))) - (1.5487705360494335 * (-6.294696838797298e-10 + (1.0050378125173551 * x_2))))) - (2.217816118596147 * (2.134112838164798e-09 + (1.0050378109985483 * x_3)))))))
593_fri_c1_1000_10,ok,10,256,4,BFGS,0.9018920601337724,0.3105880483846045,134,352.84,,0.1,(-0.08236596935709983 + ((-1.9732393650122937 * (-0.10952305202408649 + (0.9907329152448134 * x_3))) - ((1.1614255208754263 * sin(((0.6704044015705564 * (-0.10952305202408649 + (0.9907329152448134 * x_3))) - ((3.076034937871008 * (-0.10952305202408649 + (0.9907329152448134 * x_3))) - (((2.3927368574348318 * (-0.10952305202408649 + (0.9907329152448134 * x_3))) - (2.278525491768435 * sin(((-0.3702406006561637 * (((-0.031232891696203968 + (1.0079763143256126 * x_0)) * (1.6376499480993767 + (0.3245205387775697 * (-0.1223375680664318 + (1.011933155780458 * x_4))))) * (0.03184790765809063 + (1.0100220814643854 * x_1)))) - ((1.6868961595617566 * (-0.031232891696203968 + (1.0079763143256126 * x_0))) - (2.464754702341131 + (1.003551676516742 * (-0.031232891696203968 + (1.0079763143256126 * x_0))))))))) - (2.185782556003831 * sin((0.6655279304194582 + (0.9964319499823215 * (0.03184790765809063 + (1.0100220814643854 * x_1))))))))))) - (((2.119139973036784 * (-0.10952305202408649 + (0.9907329152448134 * x_3))) - ((-0.388819756702658 * (-0.10952305202408649 + (0.9907329152448134 * x_3))) - ((0.050800461501758945 * (-0.16354271824973488 + (0.9842858800610822 * x_2))) - (-0.0384042430155308 * (-0.10952305202408649 + (0.9907329152448134 * x_3)))))) - (0.11795233318618095 * (-0.10952305202408649 + (0.9907329152448134 * x_3)))))))
594_fri_c2_100_5,ok,5,256,4,BFGS,0.8889032446291201,0.331641049908273,100,209.62,,0.1,(-0.19651973057178496 + ((0.2944945966468313 * (-5.056086547415916e-09 + (1.0050378116639687 * x_3))) - (((1.0517014446117985 * sin((1.4174849993537384 + (0.6729751090777865 * (1.4789027717446586e-09 + (1.005037819531248 * x_1)))))) - ((1.9026541114868802 * sin((2.3013223111878602 + (0.463396456600198 * (1.4789027717446586e-09 + (1.005037819531248 * x_1)))))) - ((0.7975599564712463 * sin((1.3937171445209682 + (0.9786387867906203 * (-2.5740396230235096e-09 + (1.0050378181358313 * x_0)))))) - (0.6257547050670729 * (1.4789027717446586e-09 + (1.005037819531248 * x_1)))))) - ((0.8367641275688893 * sin((2.243243049467064 + (2.2181050289859954 * (1.4789027717446586e-09 + (1.005037819531248 * x_1)))))) - ((-0.26279750752952424 * (2.3236557527311636e-09 + (1.0050378111926093 * x_4))) - (0.9890801360744526 * sin((2.1053229656748034 + (2.0754102903244807 * ((-2.5740396230235096e-09 + (1.0050378181358313 * x_0)) * (1.096867922593431 + (0.33383254490132086 * (1.4789027717446586e-09 + (1.005037819531248 * x_1))))))))))))))
595_fri_c0_1000_10,ok,10,64,2,BFGS,0.8386261742440846,0.42414379687442627,125,137.43,,0.1,(-1.0806671488341482 + ((((((2.850665034628082 * (-0.1211406374101396 + (1.023594826503582 * x_3))) - ((0.7421821917272413 * (-0.1211406374101396 + (1.023594826503582 * x_3))) - (-0.11186509084040008 * ((0.02614878476186862 + (1.0238590584883367 * x_2)) * ((-0.15834642526888637 * (0.08331357934160229 + (1.0244910011465165 * x_0))) - (-0.023497567290426485 + (2.98315344295186 * (0.02614878476186862 + (1.0238590584883367 * x_2))))))))) - (1.875027939865371 * (-0.06702131565911112 + (0.9599333061403312 * x_1)))) - ((((0.667657456558037 * (0.08331357934160229 + (1.0244910011465165 * x_0))) - (0.8199360288506838 + (1.0646581213902888 * (0.08331357934160229 + (1.0244910011465165 * x_0))))) - (0.10762328365525839 * (-0.1211406374101396 + (1.023594826503582 * x_3)))) - (1.2452420018592703 * (-0.06702131565911112 + (0.9599333061403312 * x_1))))) - (((1.6623804101786424 * (-0.1211406374101396 + (1.023594826503582 * x_3))) - ((0.35424185871486175 * (0.023677204900816835 + (1.0365983191687715 * x_4))) - (1.5204892465670434 * (-0.06702131565911112 + (0.9599333061403312 * x_1))))) - (2.1515649967470205 * (-0.06702131565911112 + (0.9599333061403312 * x_1))))) - (-0.43549276305306245 * (-0.06702131565911112 + (0.9599333061403312 * x_1)))))
596_fri_c2_250_5,ok,5,256,4,BFGS,0.9066279796854222,0.30922558012904566,110,235.21,,0.1,(-0.9171826425045047 + ((1.9149565723799036 * sin(((0.37979817799895144 * (0.030239726957857333 + (1.0089704881333104 * x_3))) - ((((1.1072084225417607 * (0.030239726957857333 + (1.0089704881333104 * x_3))) - (0.5015790203645676 * (-0.05566958792821793 + (1.0085802753375575 * x_1)))) - (((0.7040539627636715 * sin((-0.5107076152027967 + (1.4307899828382293 * (-0.00836934259429335 + (0.9826060373461664 * x_0)))))) - (1.9477881414235139 * sin((1.1128780475735205 + (-0.07158260205662204 * (-0.05566958792821793 + (1.0085802753375575 * x_1))))))) - ((-0.7651868072466841 * (0.030239726957857333 + (1.0089704881333104 * x_3))) - (5.234534083796463 * sin((0.9770251633199782 + (0.32206538986302347 * ((-0.05566958792821793 + (1.0085802753375575 * x_1)) * (-0.00836934259429335 + (0.9826060373461664 * x_0)))))))))) - (0.7203357614244115 + (0.8754418577776915 * (-0.05566958792821793 + (1.0085802753375575 * x_1)))))))) - ((-0.27973831189962783 * (0.030239726957857333 + (1.0089704881333104 * x_3))) - sin((0.9084928026679204 + (0.9462304619093156 * (-0.05566958792821793 + (1.0085802753375575 * x_1))))))))
597_fri_c2_500_5,ok,5,128,3,BFGS,0.9084927925049902,0.3015309820417013,88,129.01,,0.1,(-0.5252915842022756 + ((1.4765432456438043 * sin(((0.6805963479916994 * ((0.05371846994181401 + (0.9861750482670715 * x_0)) * (1.6756398042550842 + (0.838499053019778 * (0.06629972590880558 + (1.0075976137302378 * x_1)))))) - ((0.21218271342507333 * (0.05371846994181401 + (0.9861750482670715 * x_0))) - (2.3597248639837733 + (1.3573217720163546 * (0.06629972590880558 + (1.0075976137302378 * x_1)))))))) - ((((0.531513174262745 * sin((1.2747012018247403 + (1.4398600054711101 * (0.06629972590880558 + (1.0075976137302378 * x_1)))))) - ((-0.2880539485867454 * (0.10122870033412179 + (1.0080699070194354 * x_2))) - (0.3303398059266074 * (0.06629972590880558 + (1.0075976137302378 * x_1))))) - (0.39821620772250355 * (0.051318081308249455 + (1.014644489729816 * x_3)))) - sin((0.72127642874629 + (1.1609520610573352 * (0.06629972590880558 + (1.0075976137302378 * x_1))))))))
599_fri_c2_1000_5,ok,5,256,4,BFGS,0.8993257791081005,0.31819848041310395,77,228.79,,0.1,(-0.008311155786662328 + ((-2.7628777673515166 * (-0.0758845730996851 + (1.0498897117688875 * x_3))) - (((1.645627154029364 * sin(((1.311435772640416 * (-0.037314603346356716 + (1.0738698362097465 * x_0))) - (-1.7234716308283669 * (0.009574705784042063 + (1.0477984342708666 * x_1)))))) - sin(((1.5338756450688753 * (-0.037314603346356716 + (1.0738698362097465 * x_0))) - (-0.5441291666989687 + (-2.065479892198353 * (0.009574705784042063 + (1.0477984342708666 * x_1))))))) - ((-1.3762608145690616 * (0.009574705784042063 + (1.0477984342708666 * x_1))) - (((0.19063478782440316 * (-0.0602307402531005 + (1.0089516501853955 * x_2))) - (3.0647334894474434 * (-0.0758845730996851 + (1.0498897117688875 * x_3)))) - (0.009574705784042063 + (1.0477984342708666 * x_1)))))))
601_fri_c1_250_5,ok,5,256,4,BFGS,0.91908382267196,0.28484823374260443,93,248.35,,0.1,(1.188147418767787 + (((0.5406249610213062 * (0.02676101383347822 + (1.0066664369813325 * x_3))) - ((1.8540228540551584 * (0.02676101383347822 + (1.0066664369813325 * x_3))) - ((1.7141692764979368 * (0.02676101383347822 + (1.0066664369813325 * x_3))) - (1.49597207632242 * (sin((1.3109149683882837 + (0.7038895788736104 * (-0.010397483526896342 + (0.9882031183917349 * x_1))))) * (((1.1640427524076087 * (-0.010397483526896342 + (0.9882031183917349 * x_1))) - ((1.0288748420376042 * sin((3.168115167648595 + (1.742418796165499 * ((-0.018291418326324048 + (0.9901403382934644 * x_0)) * (0.33071766891865106 + (0.8174137307861731 * (-0.010397483526896342 + (0.9882031183917349 * x_1))))))))) - (-0.010397483526896342 + (0.9882031183917349 * x_1)))) - (-0.4082172226254739 + (0.42494475946795685 * (-0.010397483526896342 + (0.9882031183917349 * x_1)))))))))) - (-1.3231269935132173 * (-0.010397483526896342 + (0.9882031183917349 * x_1)))))
602_fri_c3_250_10,ok,10,128,3,BFGS,0.9036083308769977,0.3076902528237386,145,239.46,,0.1,(0.5632011387291642 + ((-0.31763724767038193 * sin((2.5150236067346627 + (-2.322854987433222 * (-0.006149085570662245 + (1.0063481202601992 * x_1)))))) - (((0.7729170427445864 * (-0.038189884319498046 + (1.0024011477798893 * x_3))) - (((3.8618289852839673 * (-0.038189884319498046 + (1.0024011477798893 * x_3))) - ((((2.798220914349563 * sin((-1.7677130769239704 + (2.03947168437095 * (-0.006149085570662245 + (1.0063481202601992 * x_1)))))) - (((-1.2428626628968211 * (0.027897516398397815 + (0.998073099323104 * x_0))) - (1.3212188011494819 * ((-0.006149085570662245 + (1.0063481202601992 * x_1)) * sin((1.168589686266884 + (1.6826243068246933 * (0.027897516398397815 + (0.998073099323104 * x_0)))))))) - (1.3367663347745928 * (-0.006149085570662245 + (1.0063481202601992 * x_1))))) - (((1.9846669735214992 * (0.001312719251571377 + (1.0174709357351936 * x_4))) - (2.939061044277338 * sin((1.2916981192221457 + (1.77354911882773 * (-0.006149085570662245 + (1.0063481202601992 * x_1))))))) - (-0.006149085570662245 + (1.0063481202601992 * x_1)))) - ((-0.28682443268174185 * (-0.017542067075762977 + (1.005717915331683 * x_2))) - (0.24032466070640912 * (-0.006149085570662245 + (1.0063481202601992 * x_1)))))) - ((1.4815506872587783 * (0.001312719251571377 + (1.0174709357351936 * x_4))) - (3.3137816942761384 * (-0.006149085570662245 + (1.0063481202601992 * x_1)))))) - (-2.769655581128762 * (-0.038189884319498046 + (1.0024011477798893 * x_3))))))
604_fri_c4_500_10,ok,10,256,4,BFGS,0.9216365241049002,0.2949550861851564,118,248.19,,0.1,(-0.19226404514475937 + ((((0.27086893874322193 * ((2.663085824278319 * (-0.1348550604363206 + (1.0036996856535505 * x_3))) - ((0.7634271372135966 * (-0.1348550604363206 + (1.0036996856535505 * x_3))) - ((-1.8988544391160929 * (-0.1348550604363206 + (1.0036996856535505 * x_3))) - ((-0.555660226151939 * (-0.0473754174576671 + (1.0002900627489233 * x_4))) - (1.2029090052376996 * (-0.1348550604363206 + (1.0036996856535505 * x_3)))))))) - (0.21587637763996181 * (sin((0.9728485995540277 + (2.5118310504781833 * (-0.026510329997847516 + (1.0228802703832585 * x_1))))) * (((5.121619386754922 * (-0.0022548934118654575 + (0.9992501517389518 * x_0))) - (0.841458025760689 * (-0.026510329997847516 + (1.0228802703832585 * x_1)))) - ((2.412748184945354 * sin((1.1919746247262992 + (2.2168447727198686 * (-0.0022548934118654575 + (0.9992501517389518 * x_0)))))) - (0.8632320692558411 * ((-0.0473754174576671 + (1.0002900627489233 * x_4)) * (-0.026510329997847516 + (1.0228802703832585 * x_1))))))))) - sin((-0.4372553284812757 + (1.9318835515420716 * (-0.026510329997847516 + (1.0228802703832585 * x_1)))))) - (0.3939349567254218 * (-0.026510329997847516 + (1.0228802703832585 * x_1)))))
606_fri_c2_1000_10,ok,10,256,4,BFGS,0.8932378095719005,0.3335837182706006,126,212.05,,0.1,(-0.7271144266238629 + ((((-1.8420672722926308 * (-0.03206380168427523 + (0.9877428384944221 * x_3))) - ((-2.075593387676386 * (-0.03206380168427523 + (0.9877428384944221 * x_3))) - ((1.177351542133729 * (sin((1.970429263228914 + (1.1587612998601666 * (-0.02308872793518898 + (1.0310028958909718 * x_1))))) * (((0.005165050806665421 * (-0.10240413058209644 + (0.9803959075788435 * x_9))) - ((-0.22839613812869522 * (-0.03206380168427523 + (0.9877428384944221 * x_3))) - ((0.02119925876941233 * (-0.05715499640265298 + (0.9507785937602312 * x_2))) - ((0.3374471383533325 * (-0.05715499640265298 + (0.9507785937602312 * x_2))) - (1.5273104736938619 * sin((2.1283151300218988 + (1.1886226066777728 * (-0.043264314038292014 + (1.0227224598746503 * x_0)))))))))) - (0.41281186258212704 * (-0.02308872793518898 + (1.0310028958909718 * x_1)))))) - ((0.5806056562024358 * sin((0.0840318904132826 + (2.0397942022945856 * ((-0.043264314038292014 + (1.0227224598746503 * x_0)) * (-0.02308872793518898 + (1.0310028958909718 * x_1))))))) - (3.5698034672424215 * (-0.02308872793518898 + (1.0310028958909718 * x_1))))))) - (0.725471462782483 * (-0.02308872793518898 + (1.0310028958909718 * x_1)))) - (3.1496592707198388 * (-0.02308872793518898 + (1.0310028958909718 * x_1)))))
608_fri_c3_1000_10,ok,10,32,1,BFGS,0.9124558536770613,0.3204021368571881,146,32.85,,0.1,(-1.7034243972006435 + (((-0.682068144336056 * ((-0.07485137802023327 + (0.928236161918507 * x_4)) * (-0.11377932602934616 + (1.0194947829765149 * x_1)))) - (((((0.1423457636034527 * (0.03929049529360136 + (1.0101045661619172 * x_3))) - ((1.0429603387404671 * (0.03929049529360136 + (1.0101045661619172 * x_3))) - sin((1.5370735310298331 + (2.417710633568559 * (-0.12080387897699611 + (1.046689364019702 * x_0))))))) - (1.4742255012892052 * (0.03929049529360136 + (1.0101045661619172 * x_3)))) - (1.5647759435159043 + ((-0.07485137802023327 + (0.928236161918507 * x_4)) * (-0.11377932602934616 + (1.0194947829765149 * x_1))))) - ((((0.06946867175682218 * (-0.07485137802023327 + (0.928236161918507 * x_4))) - (-1.008783346607713 * (0.03929049529360136 + (1.0101045661619172 * x_3)))) - (-0.7170550343675437 * sin((2.803884185244665 + (2.5670646063167273 * (-0.11377932602934616 + (1.0194947829765149 * x_1))))))) - (((3.0889070372867393 * (0.03929049529360136 + (1.0101045661619172 * x_3))) - ((0.049129295430831846 * (-0.07485137802023327 + (0.928236161918507 * x_4))) - (1.6601159475321694 * (-0.11377932602934616 + (1.0194947829765149 * x_1))))) - (1.808124986079274 * (-0.11377932602934616 + (1.0194947829765149 * x_1))))))) - ((1.109605083380573 * sin((-1.0583130002841359 + (2.6522939334741498 * (-0.12080387897699611 + (1.046689364019702 * x_0)))))) - (-0.298656519585525 * (-0.11377932602934616 + (1.0194947829765149 * x_1))))))
609_fri_c0_1000_5,ok,5,256,4,BFGS,0.7493980873832331,0.5087964704269998,82,129.93,,0.1,(-0.48598944109276754 + (((((-0.387427341266126 * (0.15003226178161752 + (1.0307127080102405 * x_3))) - (1.0016197721740485 * sin((-1.2477691549988945 + (1.2406232806535593 * (-0.056662208270947687 + (1.0093749014959992 * x_1))))))) - ((1.0298175003819492 * (0.15003226178161752 + (1.0307127080102405 * x_3))) - (1.503783046121998 * sin((-0.530579349387406 + (0.9139044964561649 * (-0.056662208270947687 + (1.0093749014959992 * x_1)))))))) - (((0.6420348071290398 * sin((-2.492311136807464 + (1.4376896585528018 * (-0.03328608761079923 + (0.9930031921598278 * x_0)))))) - (0.3697688780211539 + (0.6956197730101348 * (-0.056662208270947687 + (1.0093749014959992 * x_1))))) - (2.0000828222583333 * (0.15003226178161752 + (1.0307127080102405 * x_3))))) - (1.0209294255665706 * (-0.056662208270947687 + (1.0093749014959992 * x_1)))))
611_fri_c3_100_5,ok,5,64,2,BFGS,0.9357725194361992,0.25216106934445,116,56.33,,0.1,(-0.24572565394732082 + (((1.753657309042198 * (2.2651548670983395e-09 + (1.0050378215807587 * x_3))) - ((0.18110794320788043 * ((3.3696518741937506e-10 + (1.0050378176809236 * x_0)) * (-0.8552010234702045 + (1.6952837795885833 * (((3.0592700625977702 * sin((1.4310636745169942 + (2.1394192702742725 * (-5.485044449520766e-09 + (1.0050378211517923 * x_1)))))) - (2.0700940467866458 * (-5.485044449520766e-09 + (1.0050378211517923 * x_1)))) - (((1.1152151203322855 * (2.2651548670983395e-09 + (1.0050378215807587 * x_3))) - ((0.7258402256663006 * (2.2651548670983395e-09 + (1.0050378215807587 * x_3))) - (-1.274151486619885 * (-5.485044449520766e-09 + (1.0050378211517923 * x_1))))) - (0.932383235911133 * sin((2.7490894543206696 + (1.4050195157579886 * (-5.485044449520766e-09 + (1.0050378211517923 * x_1)))))))))))) - ((1.6152347480346663 * (2.2651548670983395e-09 + (1.0050378215807587 * x_3))) - (-0.581040099466964 * (-5.485044449520766e-09 + (1.0050378211517923 * x_1)))))) - ((2.9250392676377652 * (2.2651548670983395e-09 + (1.0050378215807587 * x_3))) - (1.7822710889427111 * sin((-0.09545483409883004 + (-1.2274311462419645 * (-5.485044449520766e-09 + (1.0050378211517923 * x_1)))))))))
612_fri_c1_1000_5,ok,5,128,3,BFGS,0.9113329049062195,0.2893927994841753,90,119.82,,0.1,(1.5861615239954359 + (((-0.603784901114974 * sin((-0.7638334635010067 + (1.5968184353285912 * (0.05379249346486988 + (0.9813329069621656 * x_1)))))) - ((0.8579831162473974 * sin((2.8234859397177194 + (0.8801798926804261 * (0.058764461739031826 + (0.9941862663105345 * x_0)))))) - (-0.7554887256323563 + (0.4202967373068307 * (-0.0455437593761508 + (0.9567051152908453 * x_3)))))) - (-0.775175143813668 * (sin((1.3806275623716615 + (0.8853038765573877 * (0.05379249346486988 + (0.9813329069621656 * x_1))))) * (((2.5535521425390186 * sin((2.991996290275555 + (0.8633198400929111 * ((0.058764461739031826 + (0.9941862663105345 * x_0)) * (0.8497330968722959 + (1.2949578156613142 * (0.05379249346486988 + (0.9813329069621656 * x_1))))))))) - (0.05379249346486988 + (0.9813329069621656 * x_1))) - sin((0.9498704595088594 + (-0.2834084448326882 * (0.05379249346486988 + (0.9813329069621656 * x_1))))))))))
613_fri_c3_250_5,ok,5,64,2,BFGS,0.8933404366467435,0.32012145619825905,125,255.19,,0.1,(0.45814976575389776 + (((3.542591743619597 * (0.011376775246438027 + (0.9978400925361779 * x_3))) - ((-1.6575484958749627 * (0.011376775246438027 + (0.9978400925361779 * x_3))) - ((-0.10125179630615588 * (0.011376775246438027 + (0.9978400925361779 * x_3))) - (1.3171149339712427 * sin((-1.0141955177489712 + (2.25188230206453 * (-0.028948889952718215 + (1.0093385016897576 * x_1))))))))) - ((-1.0472782527044648 * (0.011376775246438027 + (0.9978400925361779 * x_3))) - (((-0.660984885541527 * sin((1.850284986684465 + (-2.1987563972063278 * (-0.028948889952718215 + (1.0093385016897576 * x_1)))))) - (((0.8625234242889004 * sin((-0.5343120661863097 + (2.0698270520451993 * (-0.00583196890049992 + (0.9920083120873421 * x_0)))))) - (1.1540630314018205 * sin((-1.2603010481506822 + (0.14432693397419055 * ((-0.00583196890049992 + (0.9920083120873421 * x_0)) * (2.630312196968543 + (6.721012419667769 * (-0.028948889952718215 + (1.0093385016897576 * x_1)))))))))) - (-0.028948889952718215 + (1.0093385016897576 * x_1)))) - ((2.1015676229967246 * (-0.028948889952718215 + (1.0093385016897576 * x_1))) - ((1.1325985738637092 * (-0.028948889952718215 + (1.0093385016897576 * x_1))) - (5.701352977307067 * (0.011376775246438027 + (0.9978400925361779 * x_3)))))))))
615_fri_c4_250_10,ok,10,64,2,BFGS,0.9239690715267197,0.2725942534245327,139,52.39,,0.1,(0.053348779210812755 + (((0.36029294265566025 * (0.030508266623949246 + (1.0184149844080637 * x_3))) - (0.004339780360113673 * (-0.01918538936707431 + (0.9784295203960635 * x_9)))) - (((((-0.08036887026313502 * (0.018442320333777653 + (1.0043892364385394 * x_0))) - (0.06962719018647814 * (0.030508266623949246 + (1.0184149844080637 * x_3)))) - (((((1.3624902895730422 * (0.016849843417703382 + (1.0050181313033926 * x_4))) - (0.6147987829093717 * (0.030981082827633125 + (1.0037440958902806 * x_2)))) - (-0.8780887745848442 * sin((2.5147957223607085 + (2.3829955265039935 * ((0.018442320333777653 + (1.0043892364385394 * x_0)) * (0.8428839031365655 + (0.3219027133744423 * (0.008561553372822423 + (1.001972468388772 * x_1)))))))))) - (0.008561553372822423 + (1.001972468388772 * x_1))) - sin((2.1513281557068886 + (-0.749967483990811 * (0.008561553372822423 + (1.001972468388772 * x_1))))))) - (((0.8463574661246273 * (0.016849843417703382 + (1.0050181313033926 * x_4))) - (-0.34014561730249515 * sin((2.0426158662446947 + (3.4414968615959767 * (0.008561553372822423 + (1.001972468388772 * x_1))))))) - ((1.292931645460952 * (0.016849843417703382 + (1.0050181313033926 * x_4))) - (2.4619832375406077 * (0.008561553372822423 + (1.001972468388772 * x_1)))))) - (1.7429027727138648 * sin((2.753745887648055 + (1.2595572089822367 * (0.008561553372822423 + (1.001972468388772 * x_1)))))))))
617_fri_c3_500_5,ok,5,256,4,BFGS,0.9157198095624757,0.2769448584144398,107,214.50,,0.1,(1.3864081298425752 + (((1.3804042494051947 * sin(((-0.1641886305798621 * (0.03177150349695045 + (1.0457474271073812 * x_3))) - (0.8681620282452922 * ((0.06189277847607138 + (1.0463141535655052 * x_0)) * (0.536799722163245 + (1.1851932481081668 * (0.06884697124093933 + (1.0266038989481894 * x_1))))))))) - (sin((1.3612314386362936 + (0.3304614270069548 * (0.06884697124093933 + (1.0266038989481894 * x_1))))) - ((0.46603077470028276 * (sin((1.2702186320813929 + (1.907101943952565 * (0.06884697124093933 + (1.0266038989481894 * x_1))))) * ((0.8649886482429401 * sin((1.263438091786604 + (2.165488091078789 * (0.06189277847607138 + (1.0463141535655052 * x_0)))))) - (1.3451593635974728 * (0.06884697124093933 + (1.0266038989481894 * x_1)))))) - ((0.9949534658188952 * (0.03177150349695045 + (1.0457474271073812 * x_3))) - ((1.550441895750847 * (0.03177150349695045 + (1.0457474271073812 * x_3))) - (0.769186948464502 * (0.06884697124093933 + (1.0266038989481894 * x_1)))))))) - (-0.07831058651970968 * (0.06884697124093933 + (1.0266038989481894 * x_1)))))
621_fri_c0_100_10,ok,10,32,1,BFGS,0.7452422109621063,0.5022053435153742,145,146.82,,0.1,(-0.350721655959217 + ((3.1311808850663145 * (2.316635645158825e-09 + (1.005037811384345 * x_3))) - (((-2.1650252056044943 * (2.316635645158825e-09 + (1.005037811384345 * x_3))) - ((((-0.2910621620059227 * (3.369651839070239e-09 + (1.0050378086193497 * x_0))) - (2.045967896298487 * (2.316635645158825e-09 + (1.005037811384345 * x_3)))) - ((-0.10026003404103598 * ((2.3868367447602294e-10 + (1.0050378172229721 * x_2)) * (6.348848784611315 + (1.631495246763034 * ((2.316635645158825e-09 + (1.005037811384345 * x_3)) * (2.316635645158825e-09 + (1.005037811384345 * x_3))))))) - (3.369651839070239e-09 + (1.0050378086193497 * x_0)))) - (-0.3173274240095215 + (1.3083564570492974 * (2.316635645158825e-09 + (1.005037811384345 * x_3)))))) - ((((-0.26650526729782864 * (3.369651839070239e-09 + (1.0050378086193497 * x_0))) - (1.3136723078207342 * (2.316635645158825e-09 + (1.005037811384345 * x_3)))) - ((-4.06249816809434 * (1.4976230557380417e-10 + (1.0050378197078866 * x_1))) - (((((0.2982263819228111 * (8.330528184386568e-10 + (1.0050378147807428 * x_4))) - (0.8608580021790282 * (2.3868367447602294e-10 + (1.0050378172229721 * x_2)))) - (-2.0076042863116164 * (1.4976230557380417e-10 + (1.0050378197078866 * x_1)))) - (4.653933507109638 * (1.4976230557380417e-10 + (1.0050378197078866 * x_1)))) - (1.7638213110265275 * (1.4976230557380417e-10 + (1.0050378197078866 * x_1)))))) - (-0.8460674890440314 * (1.4976230557380417e-10 + (1.0050378197078866 * x_1)))))))
623_fri_c4_1000_10,ok,10,256,4,BFGS,0.9033916797236885,0.26727977628809496,155,233.80,,0.1,(0.3780716905231247 + ((2.600752051047605 * (0.09947925414942209 + (1.0205751432371792 * x_3))) - ((-1.1110820569041313 * sin((2.7897539197097396 + (1.3961861582090904 * ((0.13941561426198104 + (1.0104749796278643 * x_0)) * (0.4627488517994046 + (0.983832436115659 * (0.14278809094854045 + (1.0265951539192182 * x_1))))))))) - (((((-1.5821112471719259 * ((0.14278809094854045 + (1.0265951539192182 * x_1)) * sin((0.7610288049017881 + (0.45195687242407456 * (0.14278809094854045 + (1.0265951539192182 * x_1))))))) - (0.14278809094854045 + (1.0265951539192182 * x_1))) - ((((3.9095027337576784 * (0.09947925414942209 + (1.0205751432371792 * x_3))) - ((1.593530490873306 * (0.09947925414942209 + (1.0205751432371792 * x_3))) - (((-0.04065268820897089 * (0.13941561426198104 + (1.0104749796278643 * x_0))) - (0.2690891612620314 * ((0.1293185428126426 + (1.1237869624512584 * x_4)) * (0.14278809094854045 + (1.0265951539192182 * x_1))))) - (0.5241081877312359 * ((0.14278809094854045 + (1.0265951539192182 * x_1)) * sin((2.6858027754692806 + (2.930726356394845 * (0.14278809094854045 + (1.0265951539192182 * x_1)))))))))) - (0.9989743627913037 * (0.14278809094854045 + (1.0265951539192182 * x_1)))) - (0.6030277891723184 * (0.14278809094854045 + (1.0265951539192182 * x_1))))) - ((0.037804841147414184 * sin((0.7293976654635965 + (0.16182932916041426 * (0.14278809094854045 + (1.0265951539192182 * x_1)))))) - (0.14278809094854045 + (1.0265951539192182 * x_1)))) - (0.14278809094854045 + (1.0265951539192182 * x_1))))))
624_fri_c0_100_5,ok,5,128,3,BFGS,0.8063461141813626,0.43785539327852174,121,236.48,,0.1,(-0.25242178443913377 + ((0.8016800137086787 * (1.6052646991142874e-09 + (1.005037818082082 * x_3))) - (((0.29807153184378266 * (1.6052646991142874e-09 + (1.005037818082082 * x_3))) - ((0.9490773492363522 * sin((((((1.0134769509026427 * (4.24014525147764e-09 + (1.0050378137630331 * x_0))) - (-0.17868880683024513 * (-2.059231685602471e-10 + (1.0050378118806327 * x_1)))) - ((1.7483955828038777 * (-2.059231685602471e-10 + (1.0050378118806327 * x_1))) - (2.439490912531534 * sin((2.733671617022473 + (1.1195253878416183 * (-2.059231685602471e-10 + (1.0050378118806327 * x_1)))))))) - ((-0.0065536144536387925 * (1.6052646991142874e-09 + (1.005037818082082 * x_3))) - (0.6066694692036325 * (-2.059231685602471e-10 + (1.0050378118806327 * x_1))))) + ((2.571159676277711 * (-2.059231685602471e-10 + (1.0050378118806327 * x_1))) - (-0.6520070247249834 * (-2.059231685602471e-10 + (1.0050378118806327 * x_1))))))) - (((2.003747736224046 * (-2.059231685602471e-10 + (1.0050378118806327 * x_1))) - (0.15878494588264092 * (-2.059231685602471e-10 + (1.0050378118806327 * x_1)))) - (1.0722703926006525 * (-2.059231685602471e-10 + (1.0050378118806327 * x_1)))))) - (1.0050800753771523 * (-2.059231685602471e-10 + (1.0050378118806327 * x_1))))))
627_fri_c2_500_10,ok,10,128,3,BFGS,0.870429695903095,0.3635924004011709,93,239.92,,0.1,(-1.0860503994591881 + ((0.3426837961450879 * (0.033341707614650384 + (0.9827162141673074 * x_3))) - ((((2.795757149993678 * ((-0.03715904788242102 + (0.9873114643136044 * x_0)) * (0.15378626495936804 + (-0.08063476051526719 * (-0.013129577447021317 + (0.9990856847101941 * x_1)))))) - ((-0.9361795481129294 * (0.026683047888560293 + (0.9757203942515261 * x_2))) - (2.453824077623125 * (sin((-1.1086361665924391 + (1.3481289504742477 * (-0.013129577447021317 + (0.9990856847101941 * x_1))))) * ((0.8378409789713981 * sin((1.3318552228663778 + (-1.2768026028597586 * (-0.03715904788242102 + (0.9873114643136044 * x_0)))))) - (0.22878340715148926 * (-0.013129577447021317 + (0.9990856847101941 * x_1)))))))) - ((3.56347490061189 * (0.026683047888560293 + (0.9757203942515261 * x_2))) - (2.953292398716135 * (0.026683047888560293 + (0.9757203942515261 * x_2))))) - (0.24206890212461896 * (0.026683047888560293 + (0.9757203942515261 * x_2))))))
628_fri_c3_1000_5,ok,5,256,4,BFGS,0.9056352017773674,0.30163662626600013,107,242.36,,0.1,(2.285524301175519 + (((1.1113830749325775 * (0.07995654940232406 + (1.0305655132338056 * x_3))) - ((0.9381239592606332 * (0.07995654940232406 + (1.0305655132338056 * x_3))) - (0.839567232140678 * (sin((0.5346815367429885 + (0.876876917340383 * ((-0.011951282734320523 + (1.0307417971714052 * x_1)) * sin((0.6223246009924961 + (0.26040797656682735 * (-0.011951282734320523 + (1.0307417971714052 * x_1))))))))) * ((1.7299144689360437 * (-0.011951282734320523 + (1.0307417971714052 * x_1))) - ((5.625795647683464 * (-0.011951282734320523 + (1.0307417971714052 * x_1))) - (((0.525314545637563 * (0.07995654940232406 + (1.0305655132338056 * x_3))) - (2.90958054205098 * sin((0.5747518126224271 + (-0.99018136742554 * (-0.011951282734320523 + (1.0307417971714052 * x_1))))))) - (2.383338042316094 * sin(((1.4975720078941173 * (-0.011951282734320523 + (1.0307417971714052 * x_1))) - (-1.0386991928228575 * (-0.006538880888095933 + (1.0173482172539636 * x_0))))))))))))) - (1.3111941178512168 + (-1.024958974980973 * (-0.011951282734320523 + (1.0307417971714052 * x_1))))))
631_fri_c1_500_5,ok,5,256,4,BFGS,0.911325511449787,0.30783596786458295,75,236.13,,0.1,(1.2871915546169932 + (((1.005336383461242 * (0.011619934130194394 + (1.0130552558033206 * x_3))) - (0.9574587870661149 * (0.011619934130194394 + (1.0130552558033206 * x_3)))) - ((1.25271449010545 * sin((-0.00020308689840417907 + (3.5463870119484238 * ((0.06765066243771634 + (0.9954469854695703 * x_0)) * sin((0.17113648510531776 + (0.3889910325238062 * (0.051813494666047274 + (0.9930497282225305 * x_1)))))))))) - ((-1.2723633825717622 * sin((1.2691079226937978 + (0.8675684384439917 * (0.051813494666047274 + (0.9930497282225305 * x_1)))))) - ((-0.32622885181127337 * (0.011619934130194394 + (1.0130552558033206 * x_3))) - (0.8387364931275769 * sin((2.2866704213845583 + (1.883557823233975 * (0.051813494666047274 + (0.9930497282225305 * x_1)))))))))))
634_fri_c2_100_10,ok,10,32,1,BFGS,0.8637695643669443,0.3672439646094205,110,363.13,,0.1,(0.12982539459653653 + ((0.21202497454923647 * (8.096524631093754e-10 + (1.005037812430936 * x_3))) - ((-0.9003685021785082 * (sin((0.8958059292481813 + (0.456031853918636 * (-3.5942953176591e-09 + (1.0050378169186154 * x_1))))) * ((2.461852075350956 * (-1.984350541638051e-09 + (1.0050378174665446 * x_9))) - ((((2.4245380672255283 * (-2.040511411673613e-09 + (1.0050378188363487 * x_4))) - (0.6650107973435899 * (-1.984350541638051e-09 + (1.0050378174665446 * x_9)))) - ((0.3927109271231538 * (-1.984350541638051e-09 + (1.0050378174665446 * x_9))) - ((3.552487908884962 * (-1.984350541638051e-09 + (1.0050378174665446 * x_9))) - ((2.7113081565700394 * (-2.040511411673613e-09 + (1.0050378188363487 * x_4))) - sin((-0.5357947720433629 + (2.683251681537546 * (-3.891699263916169e-09 + (1.005037812523656 * x_0))))))))) - (-0.6151576163331125 * (-3.5942953176591e-09 + (1.0050378169186154 * x_1))))))) - ((0.018082256355329077 * (-3.891699263916169e-09 + (1.005037812523656 * x_0))) - (0.6011633589643186 * sin((-0.3046985214146415 + (2.2985222642043475 * (-3.5942953176591e-09 + (1.0050378169186154 * x_1))))))))))
635_fri_c0_250_10,ok,10,256,4,BFGS,0.79651750833782,0.44447545903037755,136,163.22,,0.1,(5.40214062994832 + ((((2.1078227828542158 * (3.284185646600527e-05 + (1.0134618852695818 * x_3))) - ((((6.833000289404291 * (3.284185646600527e-05 + (1.0134618852695818 * x_3))) - (1.5178914740169038 * (3.284185646600527e-05 + (1.0134618852695818 * x_3)))) - ((1.8625761141008672 * (3.284185646600527e-05 + (1.0134618852695818 * x_3))) - ((((0.8550039061935115 * (-0.0158002831059501 + (1.035825655276819 * x_0))) - (-0.4133132343549455 * sin((1.5235085840531521 + (1.7854886217585113 * (0.03710033285164021 + (0.9862754867919485 * x_2))))))) - (1.7018478921850395 * (-0.0158002831059501 + (1.035825655276819 * x_0)))) - (-1.0271298008182241 + (0.27987851354381105 * (0.0299533659358918 + (1.026432356260368 * x_1))))))) - ((0.11985451688136045 * (3.284185646600527e-05 + (1.0134618852695818 * x_3))) - (((-0.27396625166244326 * (0.05626701566663447 + (0.984972246146817 * x_4))) - (1.0130214408481772 * (3.284185646600527e-05 + (1.0134618852695818 * x_3)))) - (0.9584285911883275 * (0.0299533659358918 + (1.026432356260368 * x_1))))))) - (((-0.5163992900214085 * (-0.0158002831059501 + (1.035825655276819 * x_0))) - (-4.353418589539064 + (-0.8819150652360712 * (0.0299533659358918 + (1.026432356260368 * x_1))))) - (0.8110773408942511 * (3.284185646600527e-05 + (1.0134618852695818 * x_3))))) - (-0.0158002831059501 + (1.035825655276819 * x_0))))
641_fri_c1_500_10,ok,10,256,4,BFGS,0.9325396098086456,0.24803246368212353,117,245.39,,0.1,(-2.1637774287427494 + ((1.2788937224852261 * cos(((1.383200352260309 * (-0.00754624478365389 + (0.9836753950133191 * x_0))) - (-1.6409421161132824 * sin((0.33088273529996026 + (0.9236275419878344 * (0.00805487804850231 + (0.9968997576834833 * x_1))))))))) - ((((1.3774057811308138 * sin((0.42795775371217504 + (1.4481590720797837 * (0.00805487804850231 + (0.9968997576834833 * x_1)))))) - (((0.19042030757023884 * (-0.0007699340761739147 + (1.0247051180741429 * x_4))) - (-0.01759519357480386 * (0.04604423538072993 + (0.9674549471240764 * x_9)))) - (0.8466029911772093 * (0.00805487804850231 + (0.9968997576834833 * x_1))))) - ((0.33325220166614855 * (-0.041244311805811756 + (0.9881424498527619 * x_3))) - (((0.944828284267542 * sin((1.0502414615011784 + (1.7890215072354099 * (-0.00754624478365389 + (0.9836753950133191 * x_0)))))) - (2.7316838617379515 + (1.44605506954658 * (0.00805487804850231 + (0.9968997576834833 * x_1))))) - ((0.5463488829458647 * (-0.00754624478365389 + (0.9836753950133191 * x_0))) - (1.2849043396459958 * (-0.010538602807564558 + (1.0101551525364498 * x_2))))))) - (1.216760311821099 * (-0.010538602807564558 + (1.0101551525364498 * x_2))))))
646_fri_c3_500_10,ok,10,128,3,BFGS,0.9096142548050876,0.29563155215416054,126,135.91,,0.1,(-0.07855109718294548 + ((((0.7851021597016473 * sin((0.04963947658032462 + (1.073467549794659 * (-0.07566403615497733 + (1.0061982190189063 * x_1)))))) - ((3.1675658336759716 * (-0.0010674995282084277 + (0.9888977016014616 * x_3))) - ((1.1336649370866698 * (-0.0010674995282084277 + (0.9888977016014616 * x_3))) - ((1.093742871334824 * sin(((1.1909628046030116 * (-0.08580614110746695 + (0.9764867799745204 * x_0))) - (-1.6721060982255855 * (-0.07566403615497733 + (1.0061982190189063 * x_1)))))) - (((2.3975690028230066 * (-0.0010674995282084277 + (0.9888977016014616 * x_3))) - (1.156169409863303 * (-0.07566403615497733 + (1.0061982190189063 * x_1)))) - (1.7445071241000019 * (-0.07566403615497733 + (1.0061982190189063 * x_1)))))))) - ((0.08083205052619133 * (-0.07585884095525353 + (0.9394858417435231 * x_4))) - (2.177192162890179 * (-0.07566403615497733 + (1.0061982190189063 * x_1))))) - (-1.206012246628118 * ((-0.07566403615497733 + (1.0061982190189063 * x_1)) * ((0.2488813454694741 * (-0.07585884095525353 + (0.9394858417435231 * x_4))) - ((0.2756419398753267 * sin((0.0319859442428799 + (2.986870317832374 * (-0.08580614110746695 + (0.9764867799745204 * x_0)))))) - (-0.07511717271629877 * (-0.07566403615497733 + (1.0061982190189063 * x_1)))))))))
647_fri_c1_250_10,ok,10,256,4,BFGS,0.9033554014523715,0.31380824556703935,140,238.39,,0.1,(-0.279812924747582 + (((1.6227568346201524 * (0.012771660018394299 + (0.9916244828062031 * x_3))) - ((-0.5869044574747067 * sin((3.0130382572458263 + (-0.7892259624617215 * ((-0.0661680238763467 + (0.9883772642250066 * x_0)) * (-0.06563464502751039 + (0.9806987438418552 * x_1))))))) - (((((-0.3857308845153191 * (0.012771660018394299 + (0.9916244828062031 * x_3))) - (((3.2288554627436827 * (0.012771660018394299 + (0.9916244828062031 * x_3))) - ((0.22972187420817902 * (0.04259752720332055 + (1.0063005627788042 * x_4))) - (-0.9483807103403947 * sin((1.4722025216000638 + (2.5412305298572537 * (-0.06563464502751039 + (0.9806987438418552 * x_1)))))))) - ((1.1416928481690523 * (0.012771660018394299 + (0.9916244828062031 * x_3))) - ((-1.1215041539482886 * sin((1.7007500958377646 + (3.2030400437416056 * (-0.0661680238763467 + (0.9883772642250066 * x_0)))))) - (0.7191471247096395 * (0.012771660018394299 + (0.9916244828062031 * x_3))))))) - sin((0.6296815213603053 + (2.298968028697562 * (-0.06563464502751039 + (0.9806987438418552 * x_1)))))) - ((0.015624285552861744 * (0.04259752720332055 + (1.0063005627788042 * x_4))) - (-0.13169601155471788 * (-0.02629323549384153 + (0.9986094332148666 * x_2))))) - (-0.5265899709792778 * (0.012771660018394299 + (0.9916244828062031 * x_3)))))) - sin((1.0017035204252598 + (2.8663340624493205 * (-0.0661680238763467 + (0.9883772642250066 * x_0)))))))
649_fri_c0_500_5,ok,5,256,4,BFGS,0.7691729970042445,0.4658745079764569,107,155.71,,0.1,(-1.2472647486732233 + ((((0.8980953833863274 * (-0.06639078434904079 + (1.0571454595405074 * x_3))) - (1.0933646564769348 * ((((((((1.7565431365536206 * (-0.06639078434904079 + (1.0571454595405074 * x_3))) - (1.0349199149647665 * (-0.06639078434904079 + (1.0571454595405074 * x_3)))) - (-0.08932909934794814 + (1.0023846504648501 * x_0))) - (0.6947463035565455 + (0.0073040698470481676 * (0.05231147534006627 + (1.0066634887399533 * x_1))))) - (0.4792501969648766 * (0.05231147534006627 + (1.0066634887399533 * x_1)))) - (0.49435410578899985 * sin((1.949274244330038 + (1.2120718262066 * (0.05231147534006627 + (1.0066634887399533 * x_1))))))) - (1.3095758123211745 * (-0.06639078434904079 + (1.0571454595405074 * x_3)))) - (0.7183808934472944 * sin((0.9592566661131567 + (0.37912515253659895 * ((-0.08932909934794814 + (1.0023846504648501 * x_0)) * (2.7470746619315234 + (-0.06685445421479949 * (-0.06639078434904079 + (1.0571454595405074 * x_3)))))))))))) - (-0.06639078434904079 + (1.0571454595405074 * x_3))) - (-0.08932909934794814 + (1.0023846504648501 * x_0))))
654_fri_c0_500_10,ok,10,256,4,BFGS,0.7304923210181926,0.53202030741195,130,133.67,,0.1,(-2.0232981803304186 + ((-4.462608425611901 * sin((1.023399735439701 + (0.4544257151310147 * (-0.04407831859558271 + (1.0230621218787368 * x_2)))))) - (((((((1.9048423544092603 * (4.607929758254672 * (0.0007491783139851028 + (0.9893417119088128 * x_3)))) - ((0.024249173021854344 * ((0.0007491783139851028 + (0.9893417119088128 * x_3)) * (-0.06393432606302606 + (0.9998031220651009 * x_1)))) - (-3.1637533199238854 + (2.480513308065232 * (-0.06393432606302606 + (0.9998031220651009 * x_1)))))) - ((9.33565326168007 * (0.0007491783139851028 + (0.9893417119088128 * x_3))) - (((-4.321693950803978 * (-0.027601897422796586 + (1.0061636075716038 * x_0))) - (0.0577090490090007 * ((-0.04407831859558271 + (1.0230621218787368 * x_2)) * (-0.06393432606302606 + (0.9998031220651009 * x_1))))) - (2.08004141927469 + (0.13808422755045888 * (-0.06393432606302606 + (0.9998031220651009 * x_1))))))) - ((-3.9589965463006496 * (-0.027601897422796586 + (1.0061636075716038 * x_0))) - (-0.21215186700282615 + (-1.044771489385011 * (-0.04407831859558271 + (1.0230621218787368 * x_2)))))) - (-1.5943675377886501 * (-0.06393432606302606 + (0.9998031220651009 * x_1)))) - (0.26119227761427627 * (-0.06393432606302606 + (0.9998031220651009 * x_1)))) - (4.066174951385657 * (-0.06393432606302606 + (0.9998031220651009 * x_1))))))
656_fri_c1_100_5,ok,5,128,3,BFGS,0.9169141475171843,0.2868013169209037,99,94.46,,0.1,(-0.05131171271919487 + (((0.5372373222520495 * (-2.334185930610602e-09 + (1.005037817059757 * x_3))) - (((0.7081363305980952 * (-2.334185930610602e-09 + (1.005037817059757 * x_3))) - ((1.7368162516515087 * (-2.334185930610602e-09 + (1.005037817059757 * x_3))) - (0.5217880785624753 * sin(((2.33702728166232 * (2.6302004833736337e-09 + (1.0050378148437342 * x_0))) - (1.1146145870361668 * (2.6302004833736337e-09 + (1.0050378148437342 * x_0)))))))) - (0.8937328722155236 * (((0.22237323198661416 * (-2.3774765717598145e-09 + (1.005037807353799 * x_4))) - (1.11663256442932 * sin((((0.2169939911183468 * (2.6302004833736337e-09 + (1.0050378148437342 * x_0))) - (1.3530215443106126 * (2.6302004833736337e-09 + (1.0050378148437342 * x_0)))) - (1.9294685574667403 + (1.4505751603697892 * (-2.4523577450329915e-09 + (1.0050378152122343 * x_1)))))))) - (0.04300871079270291 * (-2.4523577450329915e-09 + (1.0050378152122343 * x_1))))))) - (1.1509756833937672 * (-2.334185930610602e-09 + (1.005037817059757 * x_3)))))
657_fri_c2_250_10,ok,10,64,2,BFGS,0.8673135206630911,0.3558851078012742,114,241.03,,0.1,(1.0091732783010405 + (((0.051802666289242044 * (0.021508000057596278 + (0.9976225312856856 * x_2))) - ((1.169294382595682 * sin((0.2021910029023678 + (1.3670228351607099 * ((0.009016765386932166 + (0.9975550945917872 * x_0)) * (0.609534249226942 + (0.8937419708942893 * (0.022131640344706344 + (1.009302535480512 * x_1))))))))) - ((0.1794645326334124 * (0.018254636074701108 + (0.9942750378113397 * x_4))) - (1.8471886331003002 * (0.022131640344706344 + (1.009302535480512 * x_1)))))) - (((2.7697014365944153 * (0.021508000057596278 + (0.9976225312856856 * x_2))) - ((2.5339799830207124 * (0.021508000057596278 + (0.9976225312856856 * x_2))) - ((0.5301579254095774 * (0.021508000057596278 + (0.9976225312856856 * x_2))) - (1.2372876298791105 * (0.022131640344706344 + (1.009302535480512 * x_1)))))) - (((0.8886511083122615 * (0.021508000057596278 + (0.9976225312856856 * x_2))) - (0.8805814753614767 * sin((-0.45275815254365814 + (1.7519524977928853 * (0.022131640344706344 + (1.009302535480512 * x_1))))))) - (1.063118385551375 * sin((2.061249703686891 + (0.9381169815383348 * (0.022131640344706344 + (1.009302535480512 * x_1))))))))))
659_sleuth_ex1714,ok,7,256,4,BFGS,0.8748803507046359,963.8021835577508,112,325.81,,0.1,(-206.64356688669352 + ((((-18.013955272104504 * (-0.9806249362272483 + (1.5947879644085274 * x_6))) - ((26.955887304627204 * (-1.5864294781793549 + (0.23528616482898382 * x_5))) - (17.630378843288796 * ((9.482096866220203 + (0.20900949201565155 * (-1.5864294781793549 + (0.23528616482898382 * x_5)))))**3))) - (((49.312175457884905 * ((5.059397789171756 + (0.1726019726906064 * (-1.5864294781793549 + (0.23528616482898382 * x_5)))))**3) - (-20.530406614291785 * (-1.5864294781793549 + (0.23528616482898382 * x_5)))) - ((25.884152377461064 * ((3.215608417521482 + (6.051205673344171 * ((-1.5864294781793549 + (0.23528616482898382 * x_5)) * sin((9.897983501480383 + (1.1105850019140817 * (-1.5864294781793549 + (0.23528616482898382 * x_5)))))))))**3) - ((-1.7207550811039742 * (-1.5864294781793549 + (0.23528616482898382 * x_5))) - (39.58757354435426 * (((-1.6413255314306987 * (-2.1195565262766687 + (0.06927618688108722 * x_0))) - (6.743179251478832 + (2.8532783555633463 * (-1.5864294781793549 + (0.23528616482898382 * x_5))))))**2))))) - (1.8085919815133256 * (-1.5864294781793549 + (0.23528616482898382 * x_5)))))
663_rabe_266,ok,2,32,1,BFGS,0.9842325440286892,6.553944592401636,122,20.42,,0.1,(2.5101622871665406 + ((-78.21564064229318 * (0.14484136487558028 + (0.028968272975116057 * x_0))) - (((((-138.23751051464387 * (0.14484136487558028 + (0.028968272975116057 * x_0))) - (236.48793528572685 * (0.14484136487558028 + (0.028968272975116057 * x_0)))) - (5.532769197411113 * (((-7.558316553237276 * (0.14484136487558028 + (0.028968272975116057 * x_0))) - (-1.6363144195649189 * (-1.9148542155126762 + (0.06963106238227913 * x_1)))) - ((29.184610815221866 * (-1.9148542155126762 + (0.06963106238227913 * x_1))) - ((-6.859113858733409 * (0.14484136487558028 + (0.028968272975116057 * x_0))) - (-4.0686040008699464 * (-1.9148542155126762 + (0.06963106238227913 * x_1)))))))) - ((5.04261975389381 * (0.14484136487558028 + (0.028968272975116057 * x_0))) - (261.4873190193564 * sin((2.9140182422347873 + (0.4554748661387329 * (-1.9148542155126762 + (0.06963106238227913 * x_1)))))))) - (((-176.4549760344181 * (0.14484136487558028 + (0.028968272975116057 * x_0))) - (-2.9607564289289376 + (-13.294307569696848 * (0.14484136487558028 + (0.028968272975116057 * x_0))))) - ((9.023656876110845 * (0.14484136487558028 + (0.028968272975116057 * x_0))) - (4.54516477092017 * (-1.9148542155126762 + (0.06963106238227913 * x_1))))))))
665_sleuth_case2002,ok,6,256,4,BFGS,0.37952191574787986,7.565993959219861,127,157.20,,0.1,(15.189693783763197 + ((6.434291437852568 * (-1.9995832060131968 + (0.0717974429125403 * x_5))) - ((1.9194055565547572 * ((((0.17497740511491355 * (((-0.6642111641550715 + (2.1697564695732336 * x_3)) * (-0.6642111641550715 + (2.1697564695732336 * x_3))) * sin((-1.1987301161056823 + (3.7724431903640276 * (-0.6642111641550715 + (2.1697564695732336 * x_3))))))) - (-0.9151502608861564 + (2.0078669903024626 * x_2))) - ((-1.2045514445278571 * (-0.9151502608861564 + (2.0078669903024626 * x_2))) - (1.756855491148877 * (-0.9151502608861564 + (2.0078669903024626 * x_2))))) - ((4.356234530535065 * (sin((-1.4657626971991782 + (0.14246675309640933 * (-0.7071067811865475 + (2.1213203435596424 * x_1))))) * ((((0.2520775598786372 * (-7.778182412958265 + (0.1365408185699624 * x_4))) - (2.8467192453770362 * (-0.9151502608861564 + (2.0078669903024626 * x_2)))) - sin((-0.12928841221989007 + (2.8687627784071026 * (-0.9151502608861564 + (2.0078669903024626 * x_2)))))) - (-0.2964244886510454 * (-0.9151502608861564 + (2.0078669903024626 * x_2)))))) - (14.090343748034648 * sin((-0.07165046951032861 + (0.8014293340239305 * (-0.9151502608861564 + (2.0078669903024626 * x_2))))))))) - (-0.728001978407999 * (-0.9151502608861564 + (2.0078669903024626 * x_2))))))
666_rmftsa_ladata,ok,10,256,4,BFGS,0.7905507298378394,1.5728822100121191,133,181.86,,0.1,(8.150123766964231 + (((-0.04344869979434681 * (-3.8354583612121833 + (0.07161043279702374 * x_7))) - ((0.284490221719902 * ((((0.6410024464812073 * ((-5.011682575607894 + (0.08680026844289343 * x_3)) * ((((0.22808686585219556 * (-11.545971418891767 + (0.06591093670668177 * x_0))) - (0.11348360866199475 + (1.9441310521938917 * (-11.545971418891767 + (0.06591093670668177 * x_0))))) - (0.8784653785411433 * (-9.53752739277275 + (0.10189589818207269 * x_1)))) - ((2.226342068608739 * (-3.8354583612121833 + (0.07161043279702374 * x_7))) - ((-11.545971418891767 + (0.06591093670668177 * x_0)) - (2.2787353687910405 + (-1.730982967875343 * (-9.53752739277275 + (0.10189589818207269 * x_1))))))))) - ((1.9801577171335771 * (-11.545971418891767 + (0.06591093670668177 * x_0))) - (0.983037246659058 * (-9.53752739277275 + (0.10189589818207269 * x_1))))) - (1.6125707181531834 * (-9.53752739277275 + (0.10189589818207269 * x_1)))) * ((2.1498744349444356 * (-11.545971418891767 + (0.06591093670668177 * x_0))) - (1.3968197990227202 * (-9.53752739277275 + (0.10189589818207269 * x_1)))))) - ((2.7644573627651026 * (-11.545971418891767 + (0.06591093670668177 * x_0))) - (-0.3475016988169102 * (-9.53752739277275 + (0.10189589818207269 * x_1)))))) - (0.8427576781077117 * (-9.53752739277275 + (0.10189589818207269 * x_1)))))
678_visualizing_environmental,ok,3,128,3,BFGS,0.43576579749965483,2.661454959160059,64,179.86,,0.1,(10.049564813359751 + ((-1.9502734155935733 * (-1.2708878931061365 + (0.03018800687669188 * x_0))) - (-2.0656073195370253 * sin(((-1.7365239534815782 * sin((1.624981635991659 + (2.9907350819709233 * (-8.199984227605405 + (0.1054080196021077 * x_2)))))) - ((4.863499837467705 * (-8.199984227605405 + (0.1054080196021077 * x_2))) - (((2.0799243776468876 * (-1.2708878931061365 + (0.03018800687669188 * x_0))) - (0.6272917674754304 + (1.0533618194414045 * (-1.2708878931061365 + (0.03018800687669188 * x_0))))) - (-0.5637615771355496 * sin((-2.462583790755046 + (1.7811780206197028 * (-2.0365904670492747 + (0.011020403736287696 * x_1)))))))))))))
687_sleuth_ex1605,ok,5,256,4,BFGS,0.6317842626279015,9.248801447914774,94,197.65,,0.1,(107.35065162432579 + (((33.82891674502754 * (-8.4556341730914 + (0.07385873749389502 * x_4))) - (7.08387978621467 * sin(((-0.21130675574955754 * (-8.688995392983172 + (0.07749104061636315 * x_3))) - ((1.533144526676474 * (-8.4556341730914 + (0.07385873749389502 * x_4))) - (((((10.652921063526648 * (-4.273294241464471 + (0.34678565833873976 * x_0))) - (1.3556007074028682 + (-0.08088862703213669 * (-8.4556341730914 + (0.07385873749389502 * x_4))))) - (6.504674568720093 * (-8.688995392983172 + (0.07749104061636315 * x_3)))) - (2.5733483392282457 * (-8.688995392983172 + (0.07749104061636315 * x_3)))) - sin((-0.24957911705996222 + (1.4165335358187117 * (-8.688995392983172 + (0.07749104061636315 * x_3))))))))))) - ((22.662058814658263 * (-8.4556341730914 + (0.07385873749389502 * x_4))) - (8.239103691549385 * sin((-1.023186867170912 + (-4.792321101300477 * (-8.4556341730914 + (0.07385873749389502 * x_4)))))))))
690_visualizing_galaxy,ok,4,128,3,BFGS,0.6215422038721466,60.213708935756394,116,220.76,,0.1,(189.7498263107527 + ((18.433117730138843 * ((((9.51551348914274 * sin((4.941256507028163 + (0.8467069400617703 * (-2.3138420620132027 + (0.025977793443507386 * x_2)))))) - (4.368445860461309 * sin(((1.882054480704619 * (-2.3138420620132027 + (0.025977793443507386 * x_2))) - (8.944494309620485 * (sin((11.243772628616782 + (0.9774533072229885 * (-2.3138420620132027 + (0.025977793443507386 * x_2))))) * sin((12.00822387554999 + (0.6292025964559845 * (-0.014811247445722082 + (0.04714572537817882 * x_1))))))))))) - ((17.245808427304908 * sin((16.373788467709705 + (0.12495550634461854 * (0.048534005474465805 + (0.08506574559780157 * x_0)))))) - (1.4716693557642129 * (-0.014811247445722082 + (0.04714572537817882 * x_1))))) - (4.100639825298526 * ((9.747710909068891 * sin((11.902870816104581 + (0.13398256689668336 * (-0.014811247445722082 + (0.04714572537817882 * x_1)))))) - ((0.437142866742772 * (-2.3138420620132027 + (0.025977793443507386 * x_2))) - (12.216456885650096 * sin((10.73487841346165 + (-0.05321887755731004 * (-0.014811247445722082 + (0.04714572537817882 * x_1))))))))))) - (14.269201048652153 * (-0.014811247445722082 + (0.04714572537817882 * x_1)))))
706_sleuth_case1202,ok,6,32,1,BFGS,0.763453943827687,43.99452171795271,139,179.89,,0.1,(69.7540400234052 + ((35.81919547628843 * (-1.3806701271484079 + (2.1049560954885562 * x_2))) - ((-54.29110591959977 * (-3.4018077595745577 + (0.007170790852930344 * x_4))) - ((-18.211959473302194 * (-1.3806701271484079 + (2.1049560954885562 * x_2))) - ((-7.798044803640217 * (-3.4018077595745577 + (0.007170790852930344 * x_4))) - ((-18.163703420786206 * (-3.4018077595745577 + (0.007170790852930344 * x_4))) - ((((1.8691831460613342 * (-3.4018077595745577 + (0.007170790852930344 * x_4))) - ((-11.74043498675939 * (-1.3806701271484079 + (2.1049560954885562 * x_2))) - ((-49.354159768393004 * (-3.4018077595745577 + (0.007170790852930344 * x_4))) - (51.628605651135075 * (-3.4018077595745577 + (0.007170790852930344 * x_4)))))) - (0.13006547863841988 * ((4.118610693731204 + (5.481196019097702 * (-3.4018077595745577 + (0.007170790852930344 * x_4)))))**2)) - ((((-39.24096769089783 * (-3.4018077595745577 + (0.007170790852930344 * x_4))) - (-0.5022970354666279 * ((-3.403545127136967 + (5.998514245628908 * (-3.4018077595745577 + (0.007170790852930344 * x_4)))))**2)) - (116.00598497326905 * sin((-0.1864004064035648 + (0.004470360806254764 * ((-1.3806701271484079 + (2.1049560954885562 * x_2)) * ((5.367123219856207 + (7.973187101049554 * (-3.4018077595745577 + (0.007170790852930344 * x_4)))))**2)))))) - (-9.651248291151951 * (-7.68010058678442 + (0.0014169083984426412 * x_0)))))))))))
712_chscase_geyser1,ok,2,32,1,BFGS,0.7666194622967073,6.097604541879453,88,207.91,,0.1,(65.42254346294834 + ((((-1.3542850225980083 * sin((-0.49332283316562336 + (1.5149893103597778 * (-1.5024884050165992 + (0.13469192335424468 * x_0)))))) - (17.04312010764106 * (-3.3935425619618167 + (0.94461866768293 * x_1)))) - ((-13.573496124016225 * (-3.3935425619618167 + (0.94461866768293 * x_1))) - (14.468011848748393 * (-3.3935425619618167 + (0.94461866768293 * x_1))))) - (-0.6216447279681244 * abs(((2.3762887318333403 * sin((1.3547716056552694 + (7.597297728800084 * (-1.5024884050165992 + (0.13469192335424468 * x_0)))))) - ((-1.3075836449281577 * sin((-1.5284499256936495 + (0.6497357480458945 * (-1.5024884050165992 + (0.13469192335424468 * x_0)))))) - ((-15.928124949167902 * sin((1.4436555924497734 + (3.175764387010391 * (-3.3935425619618167 + (0.94461866768293 * x_1)))))) - (1.793877583537823 * (-3.3935425619618167 + (0.94461866768293 * x_1))))))))))
feynman_III_10_19,ok,4,32,1,BFGS,0.9621154174081583,1.4004160455136576,125,10.23,,0.1,(18.723704215897378 + ((0.9425951601086 * (-2.7632761273837882 + (0.8839173948987078 * x_3))) - (((((((((0.6899891851072816 * (-2.7632761273837882 + (0.8839173948987078 * x_3))) - ((((10.186301516684575 * (-2.673971965623433 + (0.8898553227888648 * x_0))) - (0.7931595674288241 + (0.5679282855711336 * (-2.673971965623433 + (0.8898553227888648 * x_0))))) - (13.302967844069347 * (-2.673971965623433 + (0.8898553227888648 * x_0)))) - (1.4431204383853569 + (0.7211988585191313 * (-2.673971965623433 + (0.8898553227888648 * x_0)))))) - (0.7880601326981682 * (-2.7632761273837882 + (0.8839173948987078 * x_3)))) - ((1.17657367501511 * (-2.6890810491196837 + (0.8961237359346407 * x_2))) - (0.8503552636312025 * (-2.7632761273837882 + (0.8839173948987078 * x_3))))) - (1.5986250115959115 * (-2.5928212263706856 + (0.8757205925655337 * x_1)))) - ((1.3245902385455124 * (-2.6890810491196837 + (0.8961237359346407 * x_2))) - (0.6839880961672357 * (-2.6890810491196837 + (0.8961237359346407 * x_2))))) - (1.0021618367001779 * (-2.7632761273837882 + (0.8839173948987078 * x_3)))) - (0.9366545346953342 * (-2.7632761273837882 + (0.8839173948987078 * x_3)))) - (10.626110430327312 * (-2.673971965623433 + (0.8898553227888648 * x_0))))))
feynman_III_12_43,ok,2,32,1,BFGS,0.9986432302325579,0.030171370331764126,79,13.51,,0.1,(-0.05909904334942427 + ((((-0.6905359175912889 * (-2.6600860698602395 + (0.8787782072695123 * x_0))) - (-0.681707160984389 + (-0.880498852645955 * (-2.6600860698602395 + (0.8787782072695123 * x_0))))) - ((1.3894760815427745 * (-2.5465486207773664 + (0.8639978684630047 * x_1))) - ((1.9096259430206275 * (-2.5465486207773664 + (0.8639978684630047 * x_1))) - ((2.4378052071660945 * (-2.5465486207773664 + (0.8639978684630047 * x_1))) - (-0.19616066589820935 + (1.9339287591428644 * (-2.5465486207773664 + (0.8639978684630047 * x_1)))))))) * (((2.2044556986805754 * (-2.5465486207773664 + (0.8639978684630047 * x_1))) - (-3.063540909107357 + (0.12049579837115747 * (-2.6600860698602395 + (0.8787782072695123 * x_0))))) - (1.163440048394016 * (-2.5465486207773664 + (0.8639978684630047 * x_1))))))
feynman_III_13_18,ok,4,128,3,BFGS,0.9634488566648627,105.6971834102198,76,150.14,,0.1,(2.4924228890000455 + (((39.289048969767904 * (-2.538907955679724 + (0.8360455927136513 * x_1))) - (((7.376659443936941 * (-2.538907955679724 + (0.8360455927136513 * x_1))) - (-28.892004653589495 * (-2.538907955679724 + (0.8360455927136513 * x_1)))) - ((17.9585894224671 * exp(((0.20412914023763762 * (-2.559111498086225 + (0.8438989755780321 * x_0))) - (0.5044584641333354 * (-2.4699294639154807 + (0.8560964559950999 * x_3)))))) - ((2.248487411597409 + (-0.33513679429530707 * (-2.4699294639154807 + (0.8560964559950999 * x_3)))))**3))) * ((23.8340062959388 * (-2.557360784962865 + (0.8860604608557809 * x_2))) - (-2.022956363063762 * exp((3.1089318844406773 + (0.42206721742674425 * (-2.538907955679724 + (0.8360455927136513 * x_1)))))))))
feynman_III_14_14,ok,5,256,4,BFGS,0.8503345614797375,2.74937059861788,130,273.69,,0.1,(8.416093131646235 + (((-0.3279467113691209 * (-5.111852970749168 + (3.3644339378306247 * x_2))) - ((-0.2435625136757278 * (-5.111852970749168 + (3.3644339378306247 * x_2))) - ((-0.0702930193630033 * (-2.668504578371374 + (0.895141141763398 * x_0))) - (0.32010146055736455 * exp((1.0184725002577577 + (0.61848516673048 * sin((-0.6290346998413571 + (-1.1289625069667573 * (-5.170473117636555 + (3.4111455044222505 * x_3)))))))))))) * ((((((1.408060891774624 * exp((1.8460681724775934 + (0.28421420891931853 * (-5.1655723252122225 + (3.434279417769823 * x_4)))))) - (-1.4173643544964587 * (-2.668504578371374 + (0.895141141763398 * x_0)))) - (1.9308002287021018 * (-2.668504578371374 + (0.895141141763398 * x_0)))) - (3.4511955078963994 * (-4.857485252493451 + (3.2877290201094715 * x_1)))) - ((0.5463202101231353 * exp((3.28062671549646 + (-1.0157436997957996 * (-5.170473117636555 + (3.4111455044222505 * x_3)))))) - (1.6976503318046579 * (-5.170473117636555 + (3.4111455044222505 * x_3))))) - (((2.5860538488679414 * (-2.668504578371374 + (0.895141141763398 * x_0))) - (-3.1135661025711814 * (-5.111852970749168 + (3.3644339378306247 * x_2)))) - (4.463694206858856 * exp((0.778824815482744 + (-1.195165071788612 * (-5.170473117636555 + (3.4111455044222505 * x_3))))))))))
feynman_III_15_12,ok,3,256,4,BFGS,0.2594026170013697,4.212164212265063,88,241.60,,0.1,(6.636429214946492 + (((1.7528612488076059 * sin((2.6291918596579906 + (6.540758901511639 * (-2.433749339868416 + (0.8313595104823411 * x_2)))))) - (((1.4361834611510123 * sin((1.5091902300991986 + (-1.3055480856790158 * (-2.6957874627590446 + (0.884057098270909 * x_0)))))) - (1.0520582124296212 * (-2.433749339868416 + (0.8313595104823411 * x_2)))) - (((-1.8328654091206311 * ((-2.433749339868416 + (0.8313595104823411 * x_2)) * sin((0.2579804153419315 + (1.9253192838055166 * (-2.6957874627590446 + (0.884057098270909 * x_0))))))) - (1.8488739442740507 * (-2.433749339868416 + (0.8313595104823411 * x_2)))) - ((0.9154649128189056 * (-2.6957874627590446 + (0.884057098270909 * x_0))) - (2.9497561642796635 + (0.6872342945049928 * (-2.6957874627590446 + (0.884057098270909 * x_0)))))))) * (0.795425860713217 * (-2.6957874627590446 + (0.884057098270909 * x_0)))))
feynman_III_15_14,ok,3,256,4,BFGS,0.8686058796494032,0.00769532542943759,76,244.91,,0.1,(0.004395964756598808 + ((1.184844274008551 * exp((((1.4505104912469644 * (-1.9886010640617853 + (0.4510439778201192 * (-2.34578704306449 + (0.8008218224036182 * x_0))))) - (-1.3936741899956457 * (-2.600944791990059 + (0.8402356442102845 * x_2)))) - (1.186560440768612 * (((-1.7771522227959782 + (-1.3799281887884671 * (-2.600944791990059 + (0.8402356442102845 * x_2)))))**3 * ((4.322447827457793 * sin((-1.3054150186057614 + (0.20461150959958974 * (-2.600944791990059 + (0.8402356442102845 * x_2)))))) - ((2.3902444279051966 * (-2.34578704306449 + (0.8008218224036182 * x_0))) - (-0.6473110789894125 + (-0.35413582285265877 * (-2.34578704306449 + (0.8008218224036182 * x_0))))))))))) - (-0.003480103478890677 * (-2.34578704306449 + (0.8008218224036182 * x_0)))))
feynman_III_15_27,ok,3,64,2,BFGS,0.9545527893097845,0.5784992872363937,78,69.52,,0.1,(1.3117819875121004 + ((((-1.9491740181715356 * sin((-1.7587618111946552 + (0.34208687762612844 * (-2.533070086737555 + (0.8625339673768139 * x_2)))))) - (((4.378991117191706 * (-2.4879626933927046 + (0.833693497064789 * x_0))) - (0.9670108372114861 * exp((0.4926084891494229 + (-0.9582210314262263 * (-2.533070086737555 + (0.8625339673768139 * x_2))))))) - (8.607737874207324 * (-2.4879626933927046 + (0.833693497064789 * x_0))))) - (2.903726573284687 * (-2.4893777348254535 + (0.8762245096472185 * x_1)))) * ((0.24367493779935512 * exp(((-10.333909564846241 * (-2.533070086737555 + (0.8625339673768139 * x_2))) - (-9.725764025467626 * (-2.533070086737555 + (0.8625339673768139 * x_2)))))) - (0.14301364050277987 * (-2.4893777348254535 + (0.8762245096472185 * x_1))))))
feynman_III_17_37,ok,3,64,2,BFGS,0.976150502237551,0.824705591804013,64,56.32,,0.1,(1.0203508855703074 + (((11.99065959138462 * sin((4.868794691100547 + (1.4746356791412394 * (-2.551596122504234 + (0.8474189011325017 * x_2)))))) - ((3.356758319461191 * (-2.551596122504234 + (0.8474189011325017 * x_2))) - (-1.6177082603325372 * (-2.5686713329782953 + (0.862001671169859 * x_1))))) * (((0.8874806584432853 * (-2.491499110603535 + (0.8386271442685918 * x_0))) - (-0.6040092326640414 + (0.6619826634670014 * (-2.491499110603535 + (0.8386271442685918 * x_0))))) - ((-0.08756483849834895 * (-2.551596122504234 + (0.8474189011325017 * x_2))) - (0.21541596679979502 * (-2.5686713329782953 + (0.862001671169859 * x_1)))))))
feynman_III_19_51,ok,5,128,3,BFGS,0.8281439133622132,0.7563132898844808,121,462.99,,0.1,(-0.02419213194333604 + (exp((-0.9256148096655885 + (((-2.1028762729005788 + (0.39788993623738544 * (-2.6537424167771304 + (0.8886083008934242 * x_3)))))**3 * (((-1.0576243835604928 * (-2.7325304403218103 + (0.9024643506596678 * x_1))) - ((-0.07865166089705095 * (-2.6622629714337247 + (0.9132238574171417 * x_4))) - (-0.8130558458074905 * exp((-1.7285078756764363 + (-2.11976528519369 * (-2.7325304403218103 + (0.9024643506596678 * x_1)))))))) - ((-0.8427978600722255 * exp((0.8758931578135098 + (-1.4349914532673984 * (-2.7325304403218103 + (0.9024643506596678 * x_1)))))) - (((-1.7245086015582998 * exp(((-0.39317857423406494 * (-2.6537424167771304 + (0.8886083008934242 * x_3))) - (1.5262333690111294 * (-2.7325304403218103 + (0.9024643506596678 * x_1)))))) - (0.6858010029218784 * (-2.7325304403218103 + (0.9024643506596678 * x_1)))) - ((-1.9712228442821345 * (-2.7325304403218103 + (0.9024643506596678 * x_1))) - ((-0.20722956402198114 * (-2.7325304403218103 + (0.9024643506596678 * x_1))) - (-2.2639565701509703 * exp((-0.35956272099775627 + (-2.3853682168413766 * (-2.7325304403218103 + (0.9024643506596678 * x_1)))))))))))))) * (-2.8863379589071654 * (-2.7325304403218103 + (0.9024643506596678 * x_1)))))
feynman_III_21_20,ok,4,32,1,BFGS,0.9433418969685212,3.1775329326114603,98,27.65,,0.1,(-2.593387728208312 + ((3.228170931468208 * (((2.8493850287904205 * exp((0.6040193164799945 + (-0.8407909717447555 * (-2.545412639486553 + (0.8474318891943581 * x_3)))))) - ((-3.7189691058843746 * (-2.5656360395809217 + (0.8550844648633008 * x_2))) - ((-0.5060975583793216 * (-2.4948596073666858 + (0.8712831628673021 * x_0))) - (0.13630894690670467 * (-2.545412639486553 + (0.8474318891943581 * x_3)))))) * (((-0.1869384148421238 * (-2.4948596073666858 + (0.8712831628673021 * x_0))) - (0.17769133284643251 * (-2.6240687793748685 + (0.8890183185341883 * x_1)))) - ((-0.03409819900713247 * sin((-2.483007777747764 + (-3.5467680249437477 * (-2.545412639486553 + (0.8474318891943581 * x_3)))))) - ((-0.07458441803530574 * (-2.5656360395809217 + (0.8550844648633008 * x_2))) - (5.886463924122726 * sin((3.0977091987034617 + (0.011908213180940607 * (-2.545412639486553 + (0.8474318891943581 * x_3))))))))))) - (2.1806788348859674 * (-2.545412639486553 + (0.8474318891943581 * x_3)))))
feynman_III_4_32,ok,4,32,1,BFGS,0.9485935954212922,1.7948125400523036,120,18.08,,0.1,(0.728127763807251 + ((((-2.1417631332958935 * (-2.6174887738802006 + (0.8670829091630897 * x_3))) - ((-0.2652466890835208 * (-2.6174887738802006 + (0.8670829091630897 * x_3))) - ((-0.9310706437562457 * (-2.6174887738802006 + (0.8670829091630897 * x_3))) - ((2.507546487618093 * exp((-4.016970595144516 + (-0.8905947746898644 * (-2.784131327119264 + (0.9215893303699773 * x_0)))))) - (1.2913905337643827 * (-2.6174887738802006 + (0.8670829091630897 * x_3))))))) - (((0.9203998021128714 * (-2.6466365775727345 + (0.8707401267392567 * x_2))) - ((3.7311897373696468 * (-2.6466365775727345 + (0.8707401267392567 * x_2))) - (2.455257556265833 * (-2.6174887738802006 + (0.8670829091630897 * x_3))))) - ((22.79620222523063 * sin((-0.12493268551882042 + (-0.24126858391526573 * (-2.6466365775727345 + (0.8707401267392567 * x_2)))))) - exp((1.3955864683912393 + (-0.9461779413268783 * (-2.612511512350074 + (0.8627753949982891 * x_1)))))))) * ((0.6164946138075078 * sin((-0.7757776212137673 + (-0.46450927752759985 * (-2.6466365775727345 + (0.8707401267392567 * x_2)))))) - (0.4632391257990778 * exp((-0.789733572357382 + (-1.2110167381506587 * (-2.784131327119264 + (0.9215893303699773 * x_0)))))))))
feynman_III_4_33,ok,4,32,1,BFGS,0.9929424658767938,0.39933838452149395,79,20.72,,0.1,(3.7426991994181975 + ((-0.0542566414440392 * (((-0.028454033769669103 * (-2.60734931142082 + (0.9073764005796643 * x_2))) - (-11.758360368954673 * (-2.866571611099702 + (0.9433028392921154 * x_3)))) * ((-0.06830138827094655 * (-2.866571611099702 + (0.9433028392921154 * x_3))) - ((((3.09758795301453 * (-2.60734931142082 + (0.9073764005796643 * x_2))) - ((2.531553650435543 * (-2.60734931142082 + (0.9073764005796643 * x_2))) - (4.867449676141618 + (5.401774253494745 * (-2.60734931142082 + (0.9073764005796643 * x_2)))))) - (4.861372240922808 * (-2.60734931142082 + (0.9073764005796643 * x_2)))) - (-0.8582078953856291 * (-2.60734931142082 + (0.9073764005796643 * x_2))))))) - (-4.304233320830875 + (-3.374150759200242 * (-2.60734931142082 + (0.9073764005796643 * x_2))))))
feynman_III_7_38,ok,3,32,1,BFGS,0.9622369875164322,7.469104298908427,131,36.37,,0.1,(19.190353847403394 + ((22.49899476356724 * sin((0.7238151679774671 + (-0.23241199612642216 * (-2.402628220576974 + (0.8031476298129983 * x_2)))))) - ((14.955149726712904 * sin((2.3713710795759564 + (-0.7140883735386625 * (-2.402628220576974 + (0.8031476298129983 * x_2)))))) - (exp((2.1827407099188205 + (-0.5384166605384808 * (-2.402628220576974 + (0.8031476298129983 * x_2))))) * (((7.285365028111805 * sin((0.6158893909985359 + (-0.5765025627615423 * (-2.402628220576974 + (0.8031476298129983 * x_2)))))) - ((((((5.6523623746372245 * sin((0.5576246513856229 + (-1.4590205290008624 * (-2.402628220576974 + (0.8031476298129983 * x_2)))))) - (0.5479550273762293 * (-2.809767375781024 + (0.9075827176016882 * x_1)))) - ((1.714404098174378 * (-2.7136530652251984 + (0.8943526615139876 * x_0))) - (0.07851814135644083 * (-2.809767375781024 + (0.9075827176016882 * x_1))))) - (0.10823369575303332 * (-2.809767375781024 + (0.9075827176016882 * x_1)))) - (1.2306975356657741 * (-2.809767375781024 + (0.9075827176016882 * x_1)))) - (1.592614084584091 * sin((0.38968318889300235 + (-2.2989306879884506 * (-2.402628220576974 + (0.8031476298129983 * x_2)))))))) - (0.46365978105463324 * ((-2.402628220576974 + (0.8031476298129983 * x_2)) * (-2.402628220576974 + (0.8031476298129983 * x_2)))))))))
feynman_III_8_54,ok,3,64,2,BFGS,0.20596308864618695,0.31234744085000216,116,300.80,,0.1,(0.14843462147033287 + (((0.3820236271002223 * sin((0.39161137316893035 + (1.278440239914945 * (-5.232329981974955 + (3.4582056648935673 * x_0)))))) - (1.3817503084646878 * (-2.957250588126034 + (1.1919718312766996 * x_2)))) - (((0.12336084027907894 * sin(((2.938965996752122 * (-5.232329981974955 + (3.4582056648935673 * x_0))) - (0.21887521339307558 * sin((1.892084856679582 + (2.298353084371053 * ((-5.232329981974955 + (3.4582056648935673 * x_0)) * (-2.957250588126034 + (1.1919718312766996 * x_2)))))))))) - (((1.1858791298263764 * sin((2.2255636834064445 + (1.3927992487093515 * (-5.232329981974955 + (3.4582056648935673 * x_0)))))) - (-1.3877900533350982 * (-2.957250588126034 + (1.1919718312766996 * x_2)))) - sin((2.0916039792855803 + (1.816031320876729 * (-5.232329981974955 + (3.4582056648935673 * x_0))))))) - (-0.2105800716962664 * sin((((-1.7169861680725562 * (-5.232329981974955 + (3.4582056648935673 * x_0))) - (2.3539185515054823 * sin((1.0128533210954633 + (1.6221498622421466 * (-2.957250588126034 + (1.1919718312766996 * x_2))))))) - (1.7591738077454413 * (-5.0517738838657475 + (3.3789723250614414 * x_1)))))))))
feynman_III_9_52,ok,6,128,3,BFGS,0.358374297361456,11.873915815939041,94,335.41,,0.1,(0.8553219359824222 + ((0.984182870281745 * (-3.282722642559414 + (1.6493480484584218 * x_1))) - ((21.473991812048 * sin((1.2559333765624494 + (-0.7711795059696915 * (-3.3150879840966465 + (1.6834333936891284 * x_3)))))) - (((0.09355499504424719 * exp(((-0.11201209464539719 * (-2.575743190255727 + (0.8722576541805873 * x_4))) - (3.5280060916155236 * (-3.3150879840966465 + (1.6834333936891284 * x_3)))))) - (3.2361151609541725 * (-3.3150879840966465 + (1.6834333936891284 * x_3)))) - (((-3.0940610888085107 * (-3.302270063999335 + (1.711027822918682 * x_0))) - (33.806430909173514 * sin((1.405822454912511 + (-0.6574051276614103 * (-3.3150879840966465 + (1.6834333936891284 * x_3))))))) - (((1.496861848932074 * (-3.302270063999335 + (1.711027822918682 * x_0))) - (0.11889944310201511 * (-3.3150879840966465 + (1.6834333936891284 * x_3)))) - (-3.916173516941978 * (-3.282722642559414 + (1.6493480484584218 * x_1)))))))))
feynman_II_10_9,ok,3,64,2,BFGS,0.9476003481397366,0.04979442990504945,129,45.57,,0.1,(1.372260868791832 + (((-0.7560437491351264 * (-2.4407479823350755 + (0.8808833990454653 * x_0))) - (sin((-0.14483827717554038 + (-1.1982774552853779 * (-2.595419809290695 + (0.8588576606135521 * x_1))))) - (((((0.2581755756531145 * (-2.4407479823350755 + (0.8808833990454653 * x_0))) - (2.3264594880984184 * sin((-1.3055348154288893 + (0.03662277952451961 * (-2.595419809290695 + (0.8588576606135521 * x_1))))))) - (2.308876026523208 * (-2.595419809290695 + (0.8588576606135521 * x_1)))) - ((((0.00031188121429236333 * (-2.4407479823350755 + (0.8808833990454653 * x_0))) - (0.5537995542486075 * (-2.4407479823350755 + (0.8808833990454653 * x_0)))) - (1.7762589127608264 * (-2.595419809290695 + (0.8588576606135521 * x_1)))) - sin((0.7008679026618554 + (-0.8484470261618844 * (-2.595419809290695 + (0.8588576606135521 * x_1))))))) - sin((2.1437380609217076 + (-1.2593164741890113 * (-2.595419809290695 + (0.8588576606135521 * x_1)))))))) * ((-0.04049710821473684 * (-2.6474767240232993 + (0.8825746761428329 * x_2))) - (((2.815379479358685 * (-2.4407479823350755 + (0.8808833990454653 * x_0))) - (2.8800007823978313 * (-2.4407479823350755 + (0.8808833990454653 * x_0)))) - (-0.49962056980159225 + (-0.19199724726717016 * (-2.595419809290695 + (0.8588576606135521 * x_1))))))))
feynman_II_11_20,ok,5,128,3,BFGS,0.7423473266165808,3.7467754954859687,107,357.36,,0.1,(-0.2049780248093438 + (((-5.9105166890990155 * (-2.6316919296321113 + (0.8710897992152611 * x_3))) - ((0.740787077081043 * (-2.6316919296321113 + (0.8710897992152611 * x_3))) - (((((5.3411111191614715 * (-2.4569814526637677 + (0.8240340107265285 * x_0))) - (-0.6353418175307319 * (-2.594902082535144 + (0.8534005543784765 * x_1)))) - (((-4.1715779088898906 * (-2.539565017471692 + (0.8482516330389377 * x_2))) - (0.9716741440296408 * (-2.6316919296321113 + (0.8710897992152611 * x_3)))) - ((4.239723117247609 + (0.2290456985328727 * (-2.594902082535144 + (0.8534005543784765 * x_1)))))**3)) - (-0.5563551865137861 + (2.204874111140658 * (-2.594902082535144 + (0.8534005543784765 * x_1))))) - (5.456117358002718 * exp(((4.488141886242669 * sin((2.5544397923608777 + (-0.021864687458251292 * (-2.457523520153069 + (0.8701539172876223 * x_4)))))) - (-0.12748464143928162 * (-2.594902082535144 + (0.8534005543784765 * x_1))))))))) * (0.848086055394782 * sin((2.601552735032085 + (-0.33870465237800207 * (-2.594902082535144 + (0.8534005543784765 * x_1))))))))
feynman_II_11_27,ok,4,256,4,BFGS,0.8990792235962703,0.18422335472336418,71,103.43,,0.1,(0.2467502221290978 + (((1.4045622743027222 * ((-1.648775206320855 + (3.466849046719344 * x_0)) * (-14.674223745329492 + (-3.2746536593199664 * (-1.7252785901711232 + (3.536305764059484 * x_1)))))) - ((11.906640568989765 * (-5.0422201628750365 + (3.42921855514138 * x_3))) - (((6.238026678871176 * (-1.648775206320855 + (3.466849046719344 * x_0))) - (10.812837834057817 * (-1.648775206320855 + (3.466849046719344 * x_0)))) - (13.611411588382502 + (20.44643751806639 * (-1.7252785901711232 + (3.536305764059484 * x_1))))))) * ((-0.0034041390810970826 * (-1.648775206320855 + (3.466849046719344 * x_0))) - (0.012771535350784319 + (0.00367053810636077 * (-1.7252785901711232 + (3.536305764059484 * x_1)))))))
feynman_II_11_28,ok,2,256,4,BFGS,0.9817693795531363,0.04142527647929828,64,173.37,,0.1,(1.1054692830249353 + ((((9.791727178125853 * sin((0.20953934901090382 + (0.44024930960140163 * (-1.6870985985358635 + (3.439169193273224 * x_0)))))) - (-0.8743171927915001 * (-1.8075189031076848 + (3.462610195906584 * x_1)))) - ((1.536213951505908 * (-1.8075189031076848 + (3.462610195906584 * x_1))) - (2.5188405946404764 + (1.2258989646020515 * ((-1.8075189031076848 + (3.462610195906584 * x_1)) * (-1.8075189031076848 + (3.462610195906584 * x_1))))))) * ((0.0319415423775148 * (-1.8075189031076848 + (3.462610195906584 * x_1))) - (-0.03400837025258077 + (-0.007469917833556147 * (-1.6870985985358635 + (3.439169193273224 * x_0)))))))
feynman_II_11_3,ok,5,64,2,BFGS,0.9488819004162297,0.028785331477042205,129,63.33,,0.1,(0.04013715936048173 + ((-0.008783446121686364 * (-6.973914079319447 + (1.7326948094237948 * x_3))) - (((((((((-0.8665562800049863 * (-3.4858296098647474 + (1.725550340478727 * x_0))) - (-0.5833282938881552 * ((-0.5287497029619155 + (-0.13950144937795175 * (-6.973914079319447 + (1.7326948094237948 * x_3)))))**3)) - (1.75568681715422 * (-3.639820054101914 + (1.8353488983603912 * x_1)))) - (-3.8453294576837145 * ((-6.973914079319447 + (1.7326948094237948 * x_3)) * sin((3.013748250128822 + (5.4755904962849 * (-6.973914079319447 + (1.7326948094237948 * x_3)))))))) - (((-5.025678629841636 + (0.8561042006426649 * (-6.973914079319447 + (1.7326948094237948 * x_3)))))**3 * ((1.4846738939904986 * (-3.4858296098647474 + (1.725550340478727 * x_0))) - (-4.071016128513398 + (-1.6304372853282465 * (-3.639820054101914 + (1.8353488983603912 * x_1))))))) - (-2.0004494668595654 * (-3.639820054101914 + (1.8353488983603912 * x_1)))) - (-0.1301164721327924 * ((-2.5001171004037155 + (-6.24079609485465 * (-6.973914079319447 + (1.7326948094237948 * x_3)))))**3)) - ((-2.491190885340557 + (-2.843164403783976 * (-6.973914079319447 + (1.7326948094237948 * x_3)))))**3) * ((-0.06069030934522929 + (0.007418405705020526 * (-3.4159175484317243 + (1.6763635427586012 * x_2)))))**3)))
feynman_II_13_17,ok,4,256,4,BFGS,0.9295425859061457,0.006810558084348666,66,224.00,,0.1,(0.0034956045474067027 + (exp((-1.0223111696965876 + (-0.4910138151145549 * (-2.4024694168052316 + (0.8219116109543148 * x_3))))) * (exp((-1.7646893927263747 + (-1.0410140211248855 * (-2.753414723144747 + (0.8791399948500996 * x_1))))) * ((-1.296363318485886 * (-2.652627881283846 + (0.864138855771416 * x_2))) - (((-1.3477414429118824 * (-2.652627881283846 + (0.864138855771416 * x_2))) - ((-0.040992648912266894 * (-2.7051143752950964 + (0.8640897171000568 * x_0))) - (0.009012063364109039 * (-2.4024694168052316 + (0.8219116109543148 * x_3))))) - exp((-2.8933862080799972 + (-0.44295357345875663 * (-2.753414723144747 + (0.8791399948500996 * x_1))))))))))
feynman_II_13_23,ok,3,32,1,BFGS,0.9773411647721341,0.17836208476232948,43,6.40,,0.1,(5.7040155102115495 + ((1.1414974454056037 * ((-2.6798415562573763 + (0.9000715575381649 * x_0)) * ((0.5837307490968522 * ((-2.6798415562573763 + (0.9000715575381649 * x_0)) * (1.716783503577783 + (-0.09424552832915743 * (-2.6798415562573763 + (0.9000715575381649 * x_0)))))) - (-2.6798415562573763 + (0.9000715575381649 * x_0))))) - (2.574819505340355 + (-1.3059893113538683 * (-2.6798415562573763 + (0.9000715575381649 * x_0))))))
feynman_II_13_34,ok,3,32,1,BFGS,0.9823386343596019,0.27045246499975917,61,8.05,,0.1,(3.5499334368694786 + (((-3.2891850524510647e-06 * (-2.635228193647432 + (0.8916572161096509 * x_0))) - (0.09384039901777727 + (0.017429722902173837 * (-4.940481638693344 + (3.3437624554237626 * x_1))))) * (((-10.928042558626167 * (-2.635228193647432 + (0.8916572161096509 * x_0))) - (((10.588235223207832 * (-2.635228193647432 + (0.8916572161096509 * x_0))) - (-9.881126454323375 + (1.7375462043511254 * (-2.635228193647432 + (0.8916572161096509 * x_0))))) - (0.4371544648592902 * (-2.635228193647432 + (0.8916572161096509 * x_0))))) - (8.308151001168351 * (-4.940481638693344 + (3.3437624554237626 * x_1))))))
feynman_II_15_4,ok,3,32,1,BFGS,0.8049698312621514,2.3279181417762493,50,139.47,,0.1,(1.4365106827154446 + ((9.569325736831303 * sin((1.4492583773130319 + (1.1579325566060312 * (-2.5228635593411757 + (0.8363867496115811 * x_2)))))) - ((-1.663425117754987 * (-2.6459797016564632 + (0.8727188941478409 * x_1))) - ((2.4259082436275192 * (-2.555131165694161 + (0.8589482126346254 * x_0))) - (1.940024989829746 + (3.8330559885037014 * ((-2.555131165694161 + (0.8589482126346254 * x_0)) * (0.24342514201851978 + (-0.05338966593399777 * (-2.5228635593411757 + (0.8363867496115811 * x_2)))))))))))
feynman_II_15_5,ok,3,256,4,BFGS,0.9674200325691098,0.9255860151832692,79,109.75,,0.1,(0.3816565448191148 + (((0.23860642846242702 * (-2.623128343020264 + (0.8714830687709064 * x_0))) - (-4.343654146136517 + (2.372467409270799 * ((-2.7404864706467325 + (0.873550869340621 * x_2)) * (-2.7404864706467325 + (0.873550869340621 * x_2)))))) * (((((0.43561460526478923 * (-2.623128343020264 + (0.8714830687709064 * x_0))) - (2.5634046220716993 + (2.488895256542196 * (-2.623128343020264 + (0.8714830687709064 * x_0))))) - (0.4994788830657596 * (-2.623128343020264 + (0.8714830687709064 * x_0)))) - (-0.7955469347422042 + (-0.7311961498553976 * (-2.516678448150414 + (0.8505212082765151 * x_1))))) - ((-3.1461573338481443 * (-2.623128343020264 + (0.8714830687709064 * x_0))) - (3.5841170259678963 + (0.04715504524715225 * (-2.7404864706467325 + (0.873550869340621 * x_2))))))))
feynman_II_21_32,ok,5,64,2,BFGS,0.9252718525749328,0.011580194984018804,93,97.88,,0.1,(0.009843774493921556 + ((exp((-3.2369776501506955 + (-0.6061203395412122 * (-2.593522633521764 + (0.8605783448462752 * x_2))))) * (((1.5054822910747054 * (-2.593522633521764 + (0.8605783448462752 * x_2))) - (((-1.1391778656944869 * (-2.66672674421076 + (0.8799980575686334 * x_0))) - (3.4905878661709195 * sin((0.682604403175973 + (-0.335207513016458 * (-2.593522633521764 + (0.8605783448462752 * x_2))))))) - sin((1.498169282383107 + (0.13060659723154244 * (-2.6284161408483433 + (0.8564019147978089 * x_1))))))) - ((0.32315068447881856 * sin((3.2065152074740073 + (-1.647916370474218 * (-2.593522633521764 + (0.8605783448462752 * x_2)))))) - sin((-0.6795362001806855 + (-1.3944436825728221 * ((-2.593522633521764 + (0.8605783448462752 * x_2)) * (-2.593522633521764 + (0.8605783448462752 * x_2))))))))) * exp((-1.1686208895459433 + (-0.5848282178147346 * (-2.6284161408483433 + (0.8564019147978089 * x_1)))))))
feynman_II_24_17,ok,3,256,4,BFGS,0.9724793727815697,0.14349225155227655,51,178.36,,0.1,(5.586503470585875 + (((-6.499716742417363 * (-5.098632543293196 + (3.429833828411375 * x_1))) - ((-0.3990131634894163 * (-8.642683837968443 + (1.736310748726112 * x_0))) - (-0.12457347881435632 * sin((0.26508910315662837 + (-5.3394275909558075 * (-5.098632543293196 + (3.429833828411375 * x_1)))))))) - ((-4.940569566288495 * (-5.098632543293196 + (3.429833828411375 * x_1))) - (3.3762775235492786 * sin((-0.8163160819749651 + (0.36169598636499073 * (-5.098632543293196 + (3.429833828411375 * x_1)))))))))
feynman_II_27_16,ok,3,64,2,BFGS,0.7778834962413133,41.98221030473362,54,193.26,,0.1,(-1.5443640518568076 + ((((-66.88395265375279 * (-2.596743687374026 + (0.8682775866518997 * x_0))) - (-62.71094883191556 * (-2.596743687374026 + (0.8682775866518997 * x_0)))) - (11.719002603293422 + (-0.9557459445796855 * (-2.587341142699831 + (0.8786098444979417 * x_2))))) * ((5.86321422809489 * (-2.587341142699831 + (0.8786098444979417 * x_2))) - ((17.35315470760893 * (-2.587341142699831 + (0.8786098444979417 * x_2))) - ((-1.933023195679683 + (0.47502296555731 * (-2.587341142699831 + (0.8786098444979417 * x_2)))))**3))))
feynman_II_27_18,ok,2,32,1,BFGS,0.9961549301759746,1.3795812440467732,45,9.15,,0.1,(28.784217800200217 + ((139.9104738099133 * (((-30.392428139966135 * (-2.854039588936294 + (0.9313688748574931 * x_0))) - (12.354951534540925 * (-2.778749929216607 + (0.9202757116769661 * x_1)))) * ((1.0220554002299684 * (-2.778749929216607 + (0.9202757116769661 * x_1))) - (0.0026923467223084674 + (1.0237155176762365 * (-2.778749929216607 + (0.9202757116769661 * x_1))))))) - (-15.092341092791703 * (-2.778749929216607 + (0.9202757116769661 * x_1)))))
feynman_II_2_42,ok,5,64,2,BFGS,0.9648779976256893,1.500285597946032,74,87.82,,0.1,(0.7077154924046405 + (((1.8552108302457393 * (-2.47728704926582 + (0.8237116622497856 * x_2))) - (1.788622099347526 * (-2.4653835903384924 + (0.8610943117784253 * x_1)))) * ((-0.005142402355683667 * exp((-0.6442827678090897 + (-0.7427591258232695 * (-2.47728704926582 + (0.8237116622497856 * x_2)))))) - (0.32886011715030394 * ((((-0.01234269708885858 * ((1.4285450214407378 + (-3.304733701641931 * (-2.56184837158364 + (0.8868667655691996 * x_4)))))**3) - (0.7908034050427188 * ((1.32617329212153 + (0.055743668912573124 * (-2.8444438062869346 + (0.9035352009803069 * x_3)))))**3)) - (-2.5324236435326513 + (0.8576874007117519 * x_0))) * (2.933600490149729 + (0.6876793856273786 * (-2.8444438062869346 + (0.9035352009803069 * x_3)))))))))
feynman_II_34_11,ok,4,128,3,BFGS,0.894918302017388,1.6406319250962285,131,113.73,,0.1,(7.590039467865985 + (sin((0.4271036451146793 + (-0.13337076757501581 * (-2.624623356535676 + (0.8656711223164797 * x_3))))) * ((2.45819857974707 * ((((0.9178952260807753 * (-2.4185743585385087 + (0.8288773353226235 * x_0))) - (4.612342595581 + (-2.4185743585385087 + (0.8288773353226235 * x_0)))) - (1.2513863488916197 * (-2.546466339622496 + (0.8415241486134336 * x_2)))) - (2.822515053614317 * (-2.624623356535676 + (0.8656711223164797 * x_3))))) - (((-5.612898672219164 * (-2.4185743585385087 + (0.8288773353226235 * x_0))) - (6.468306067011705 * (-2.546466339622496 + (0.8415241486134336 * x_2)))) - ((-3.901412725335661 * sin((-0.9651171098298215 + (0.26000832899332343 * (-2.624623356535676 + (0.8656711223164797 * x_3)))))) - (((0.75258192979336 * (-2.546466339622496 + (0.8415241486134336 * x_2))) - (4.901870881306971 * ((-2.546466339622496 + (0.8415241486134336 * x_2)) * ((0.4823342009749526 * (-2.4185743585385087 + (0.8288773353226235 * x_0))) - (0.1910371777006329 * (-2.624623356535676 + (0.8656711223164797 * x_3))))))) - ((4.488857748350356 * (-2.7443676432466564 + (0.9199324290158198 * x_1))) - ((0.7638743206509386 * (-2.546466339622496 + (0.8415241486134336 * x_2))) - (2.4083478238908542 * (-2.546466339622496 + (0.8415241486134336 * x_2)))))))))))
feynman_II_34_2,ok,3,32,1,BFGS,0.9255754842041413,3.1309599011741693,53,8.16,,0.1,(14.77661174309138 + ((17.642046940286036 * ((-2.6504816977325447 + (0.8726425668692686 * x_0)) * (0.40466070385827013 + (0.13893286418583234 * (-2.593258549923045 + (0.8476444061960484 * x_2)))))) - ((-6.355531444272367 * (-2.6504816977325447 + (0.8726425668692686 * x_0))) - (-1.8091358822783716 * (((4.151409905771837 * (-2.6504816977325447 + (0.8726425668692686 * x_0))) - (3.395527897126719 * (-2.593258549923045 + (0.8476444061960484 * x_2)))) - (3.193961245785103 * (-2.602940375995324 + (0.8496500991704193 * x_1))))))))
feynman_II_34_29a,ok,3,64,2,BFGS,0.9820572616913398,0.027471614343593936,118,52.33,,0.1,(0.22698865233236243 + (exp(((0.1532928540543118 * (-2.6340162306931827 + (0.8915777577347517 * x_0))) - (3.0355064043640265 * ((3.2083586941542697 * ((-0.014221565165095235 * sin((-0.7772440982039026 + (-1.303196268140324 * (-2.5921353812207917 + (0.8811099449187398 * x_2)))))) - ((-0.6502876917037461 + (-0.016744530013259755 * (-2.5921353812207917 + (0.8811099449187398 * x_2)))))**3)) - (0.06312308754383322 * (-2.614432269470226 + (0.8616494128817651 * x_1))))))) * ((0.4324700742848203 * (-2.5921353812207917 + (0.8811099449187398 * x_2))) - (((((3.4567830225871585 * (-2.5921353812207917 + (0.8811099449187398 * x_2))) - ((1.445702661428237 * (-2.6340162306931827 + (0.8915777577347517 * x_0))) - (0.5315129266490017 * ((-2.5921353812207917 + (0.8811099449187398 * x_2)) * sin((-0.8372618464062169 + (-0.6705595180528152 * (-2.5921353812207917 + (0.8811099449187398 * x_2))))))))) - (1.2961900973296085 * (-2.614432269470226 + (0.8616494128817651 * x_1)))) - (0.19744346719908423 * (-2.614432269470226 + (0.8616494128817651 * x_1)))) - (1.9736165389247402 * sin((-2.9887377446239256 + (-0.7610265488023522 * (-2.5921353812207917 + (0.8811099449187398 * x_2))))))))))
feynman_II_34_29b,ok,5,256,4,BFGS,0.6820561928364736,121.56506612880906,133,263.80,,0.1,(-27.68080110449084 + ((21.85589039501793 * (((0.7559413982629248 * (-2.5155816435325256 + (0.8566223922776196 * x_3))) - ((4.888714291262513 * (-2.5155816435325256 + (0.8566223922776196 * x_3))) - ((((-0.8434716872890218 * (-2.5155816435325256 + (0.8566223922776196 * x_3))) - ((0.961985959935848 * (-2.3522871959349114 + (0.8097388077046674 * x_4))) - ((-2.029461435076585 * (-2.5531194930605294 + (0.8789899049582045 * x_0))) - (3.10133120676527 * (-2.5155816435325256 + (0.8566223922776196 * x_3)))))) - (((38.43232537351251 * exp(((0.5334112137429099 * (-2.3522871959349114 + (0.8097388077046674 * x_4))) - (1.7591408081915052 * sin((1.0077348060126154 + (0.47362951445741297 * (-2.580173613126937 + (0.8625475822840215 * x_1))))))))) - (2.774118924807987 * (-2.5155816435325256 + (0.8566223922776196 * x_3)))) - (10.06705321417273 * (-2.5155816435325256 + (0.8566223922776196 * x_3))))) - (8.397343207877377 * sin((-0.0266682567434052 + (0.6679323752027488 * (-2.5155816435325256 + (0.8566223922776196 * x_3))))))))) * ((0.05979857636240543 * (-2.3522871959349114 + (0.8097388077046674 * x_4))) - (4.217715258760979 * sin((0.1838257237180997 + (0.06600865977740833 * (-2.5155816435325256 + (0.8566223922776196 * x_3))))))))) - (1.0719541052013826 * (-2.5155816435325256 + (0.8566223922776196 * x_3)))))
feynman_II_34_2a,ok,3,64,2,BFGS,0.9521345025725657,0.10577990170465996,59,46.74,,0.1,(-0.06898996784851183 + ((((1.0043040594949493 * (-2.7480241256459648 + (0.9048374383921544 * x_0))) - ((0.07718294809975884 * ((-1.4391661751450973 + (1.3550799872491766 * (-2.595184874485386 + (0.8744180518029964 * x_2)))))**3) - ((-1.0325769481258487 + (3.3901974838873975e-08 * ((-2.595184874485386 + (0.8744180518029964 * x_2)) * (-2.595184874485386 + (0.8744180518029964 * x_2))))))**3)) - (-3.4260502667956194 + (0.26749502679667914 * (-2.595184874485386 + (0.8744180518029964 * x_2))))) * (0.21509750353915275 + (0.0729164576188393 * (-2.5836604135273715 + (0.8398765027159596 * x_1))))))
feynman_II_35_18,ok,5,64,2,BFGS,0.7506016197230531,0.15298593292315568,119,136.78,,0.1,(-1.2266642934633796 + (((-1.4411552808596382 * (-3.273392609849695 + (1.652817435825319 * x_3))) - (((-0.7183583291429316 * (-3.273392609849695 + (1.652817435825319 * x_3))) - (((-1.3066769167368562 * (-3.579403689568145 + (1.7747930310678999 * x_2))) - (1.1459648278081027 * (-3.4918091935735216 + (1.6972309630916704 * x_0)))) - (-0.392118654449228 + (-2.540099460900541 * (-3.273392609849695 + (1.652817435825319 * x_3)))))) - ((-2.4818748367937324 * (-3.273392609849695 + (1.652817435825319 * x_3))) - (((-1.036146399436774 * (-3.273392609849695 + (1.652817435825319 * x_3))) - ((((1.939511450890164 * (-3.4918091935735216 + (1.6972309630916704 * x_0))) - (-0.7216546890743312 + (-1.4211439462876676 * (-3.579403689568145 + (1.7747930310678999 * x_2))))) - (2.103605405980022 * (-3.4918091935735216 + (1.6972309630916704 * x_0)))) - (-0.7165205158916549 + (-0.1277622264114261 * (-3.219763489368215 + (1.6753593121119754 * x_1)))))) - (-0.5057256232300738 * (-3.273392609849695 + (1.652817435825319 * x_3))))))) - ((-3.4918091935735216 + (1.6972309630916704 * x_0)) * (-1.479518686518103 + (0.039043316514425525 * (-3.273392609849695 + (1.652817435825319 * x_3)))))))
feynman_II_35_21,ok,5,256,4,BFGS,0.9065296481143361,1.4938073710418542,105,170.70,,0.1,(-0.6104765068905459 + ((((-0.2785492238872178 * (-2.658226127563016 + (0.8861982062595278 * x_3))) - ((((((0.4411026032203886 * (-2.7937445951572557 + (0.9077777236188819 * x_4))) - (0.8977187528773363 * (-2.6574893155775725 + (0.8639895682372307 * x_0)))) - (7.653036834113854 + (1.2591943032399013 * (-2.585304710315294 + (0.8870094272288953 * x_1))))) - (-0.9711759122749337 + (-2.694341115614587 * (-2.585304710315294 + (0.8870094272288953 * x_1))))) - ((3.5364583503098963 * (-2.6574893155775725 + (0.8639895682372307 * x_0))) - (2.480952548901026 + (-4.820875775373011 * (-2.585304710315294 + (0.8870094272288953 * x_1)))))) - ((-2.67989000357897 * (-2.6574893155775725 + (0.8639895682372307 * x_0))) - (2.011105842278167 * (-2.6574893155775725 + (0.8639895682372307 * x_0)))))) - (1.1054786333515212 + (2.1954957458250632 * (-2.585304710315294 + (0.8870094272288953 * x_1))))) * ((-2.6574893155775725 + (0.8639895682372307 * x_0)) - (-2.40677611441381 + (-0.1521109536705805 * (-2.585304710315294 + (0.8870094272288953 * x_1)))))))
feynman_II_36_38,ok,8,256,4,BFGS,0.779029160705267,0.4526451469282037,104,480.64,,0.1,(0.7209666914627274 + (((-0.04895505270831687 * (-3.644144276541765 + (1.820082555589773 * x_2))) - (-0.03557443175381848 * exp((1.6575604538840314 + (-0.2425470652780094 * (-3.471793038256991 + (1.7179484625381287 * x_3))))))) * (((0.7674700021835943 * exp((1.3027349983276149 + (-0.5271624784858475 * (-3.471793038256991 + (1.7179484625381287 * x_3)))))) - (((2.823095076409765 * (-3.644144276541765 + (1.820082555589773 * x_2))) - ((2.5455548579157026 * (-3.25539613447203 + (1.6780200106390297 * x_0))) - (0.7530094051045784 * (-3.644144276541765 + (1.820082555589773 * x_2))))) - (1.616456709348535 * (-3.512647543149536 + (1.747231500909104 * x_1))))) - (((1.230635583721674 * (-3.644144276541765 + (1.820082555589773 * x_2))) - (-2.182964783152432 * (-3.644144276541765 + (1.820082555589773 * x_2)))) - ((5.718874572623083 * (-3.644144276541765 + (1.820082555589773 * x_2))) - (-0.584106989937033 * exp((-1.5434612554559624 + (-0.7499247259464817 * (-3.644144276541765 + (1.820082555589773 * x_2)))))))))))
feynman_II_37_1,ok,3,32,1,BFGS,0.9874282164657908,2.6282513505901006,71,40.85,,0.1,(7.003827683284168 + ((((10.392216747712546 * (-2.4748604028134427 + (0.8522855070971659 * x_0))) - (-14.520181247481005 + (2.7406351526292134 * (-2.4748604028134427 + (0.8522855070971659 * x_0))))) - ((2.2602402928261895 * (-2.5838719309788227 + (0.8503387114696592 * x_2))) - ((-16.3667682019705 * (-2.4748604028134427 + (0.8522855070971659 * x_0))) - (30.328434951399174 + (2.8401089411864593 * (-2.624301235128215 + (0.8456908079177562 * x_1))))))) * (((-0.41402358091383706 * (-2.5838719309788227 + (0.8503387114696592 * x_2))) - (0.02210143084714286 * (-2.4748604028134427 + (0.8522855070971659 * x_0)))) - (1.702726501476377 + (0.6203905623470081 * (-2.624301235128215 + (0.8456908079177562 * x_1)))))))
feynman_II_38_14,ok,2,32,1,BFGS,0.9954860181317918,0.015267183067724946,33,27.96,,0.1,(0.2579217701045335 + (((-0.3214914393838563 + (0.037340088304305255 * (-2.680159988684729 + (0.8643223760263921 * x_1)))))**3 * ((-4.687891850800641 * (-2.5507774690309435 + (0.8335657750653932 * x_0))) - (0.005069955589460857 * ((8.557926763008087 + (-1.9456531503010215 * (-2.680159988684729 + (0.8643223760263921 * x_1)))))**3))))
feynman_II_38_3,ok,4,64,2,BFGS,0.9768854934724666,1.346349603140097,107,66.15,,0.1,(0.777260494748889 + (((23.57681148457702 * exp((-1.1792418163495269 + (-1.1275263959862745 * (-2.697549234125539 + (0.8870470474820004 * x_2)))))) - ((((((-1.5019282986763836 * (-2.495679074949545 + (0.8362537246328503 * x_0))) - (2.2764653791304648 * (exp((1.331829423036755 + (-0.4752372429039162 * (-2.697549234125539 + (0.8870470474820004 * x_2))))) * (-2.616783341122097 + (0.8781832314186395 * x_3))))) - ((2.25102126129131 + (-0.13230026934412453 * (-2.697549234125539 + (0.8870470474820004 * x_2)))))**3) - (0.14268509857126888 * (-2.5857619137828576 + (0.8827117374437846 * x_1)))) - (2.840438740379554 * exp((0.6352301831296292 + (0.30367740280853406 * (-2.616783341122097 + (0.8781832314186395 * x_3))))))) - (0.5274471621875492 * (-2.616783341122097 + (0.8781832314186395 * x_3))))) * ((0.1225375938664236 * (-2.5857619137828576 + (0.8827117374437846 * x_1))) - ((0.40588113896507716 * (-2.495679074949545 + (0.8362537246328503 * x_0))) - (0.30531185955918083 + (0.5339349123836006 * (-2.495679074949545 + (0.8362537246328503 * x_0))))))))
feynman_II_3_24,ok,2,32,1,BFGS,0.9933912676826322,0.00473206991157367,53,11.18,,0.1,(0.017053943116444537 + (exp((-1.5290728319285058 + (-1.6545700464022952 * (-2.4932298491024527 + (0.8505516213027529 * x_1))))) * (((1.6486684427379412 * (-2.5176695361224137 + (0.8572007920001259 * x_0))) - (2.2666943190523323 * ((0.7158631824868109 * (-2.5176695361224137 + (0.8572007920001259 * x_0))) - (-0.13184946457034968 + (-0.22293012891155028 * (-2.4932298491024527 + (0.8505516213027529 * x_1))))))) - (0.7315857800827865 * sin((-2.643181440903012 + (0.7165430461528952 * (-2.4932298491024527 + (0.8505516213027529 * x_1)))))))))
feynman_II_4_23,ok,3,32,1,BFGS,0.9436282082257922,0.008180168263455107,34,30.35,,0.1,(0.013983706684566981 + (exp((-0.8748861941876083 + (-0.7785421906819445 * (-2.833389203949172 + (0.92120344499104 * x_2))))) * (((0.07171721095542767 * (-2.726174070301242 + (0.8855813319350537 * x_0))) - (1.9077124579414169 * sin((-2.979373518779184 + (-0.048533121199029194 * (-2.6450480349990975 + (0.875105235568507 * x_1))))))))**3))
feynman_II_6_11,ok,4,256,4,BFGS,0.978203096151469,0.002882704280358571,69,239.44,,0.1,(-0.0030677118133928876 + (((((0.01704725343271407 * (-3.473970884806541 + (1.7576736275678213 * x_0))) - (-3.917525728939892 * (-3.423012712168896 + (1.7317141236151294 * x_2)))) - (4.190615570200495 * (-3.423012712168896 + (1.7317141236151294 * x_2)))) - (0.36356990532055933 * exp((-1.474785908280262 + (-0.5336496458977222 * (-3.466501049439632 + (1.7135096701193169 * x_3))))))) * exp((-3.460367344662682 + (0.2852287102167392 * ((1.0304366414775892 * (-3.412369198286662 + (1.7449053370848846 * x_1))) - ((0.9765697035138391 * (-3.473970884806541 + (1.7576736275678213 * x_0))) - (0.3244432576332606 + (-2.533191132499332 * (-3.466501049439632 + (1.7135096701193169 * x_3)))))))))))
feynman_II_6_15a,ok,6,64,2,BFGS,0.9216638389084538,0.10148889114521138,80,55.82,,0.1,(0.013034951209285127 + (exp((-4.045306734408516 + (-2.4910480341997943 * (-3.5442362624045955 + (1.7290625791858034 * x_2))))) * (((3.535093213015694 * exp((-1.2501405753462782 + (0.11295816634949524 * (-3.5442362624045955 + (1.7290625791858034 * x_2)))))) - (((-0.692038368679651 * sin((-1.4133978075468603 + (0.5645230718856913 * (-3.5442362624045955 + (1.7290625791858034 * x_2)))))) - (0.4535718277914247 * (-3.4212794043995127 + (1.7310890036930104 * x_1)))) - ((-0.21598801063112083 * (-3.3402239085436296 + (1.6902763339957814 * x_0))) - (0.6070438548676467 * sin((-1.4377165887529362 + (1.2242649245131587 * (-3.5442362624045955 + (1.7290625791858034 * x_2))))))))) - (-0.7600097494963514 * exp((-0.7706611760859206 + (-0.535635911564416 * (-3.5442362624045955 + (1.7290625791858034 * x_2)))))))))
feynman_II_6_15b,ok,4,256,4,BFGS,0.8532335788946456,0.011801769293019307,73,252.01,,0.1,(-0.003471856503593368 + ((((-0.10885422261886897 + (0.050786696571005166 * (-3.6124386164696762 + (1.7575565979989267 * x_3)))))**3 * ((7.809985776194491 * sin(((1.0520045154420061 * (-3.574168123804971 + (1.7856360285208566 * x_2))) - (2.146228134761092 * sin((2.5094618161033235 + (0.6407824004877727 * (-3.6124386164696762 + (1.7575565979989267 * x_3))))))))) - ((0.7548040469072488 * (-3.574168123804971 + (1.7856360285208566 * x_2))) - (1.9306445867448747 * exp(((0.7720675021512753 * (-3.5132747487246787 + (1.7460712803704583 * x_0))) - (0.5609569742949615 + (0.04405329481156644 * (-3.6124386164696762 + (1.7575565979989267 * x_3)))))))))) * (1.3441635012086284 * (-3.6124386164696762 + (1.7575565979989267 * x_3)))))
feynman_II_8_31,ok,2,32,1,BFGS,0.9974070968096821,0.6552430531062131,95,8.35,,0.1,(2.218875212909312 + (((0.789820313534489 * (-2.752389043981485 + (0.9048032319317431 * x_0))) - (-1.5606175143087393 + (-0.41116440474193805 * (-2.653907254924258 + (0.8509274823888617 * x_1))))) * ((((((3.7132697951882863 * (-2.653907254924258 + (0.8509274823888617 * x_1))) - ((1.2711644385515037 * (-2.653907254924258 + (0.8509274823888617 * x_1))) - ((-0.16732667872528645 * (-2.752389043981485 + (0.9048032319317431 * x_0))) - (0.9676084817191961 * (-2.653907254924258 + (0.8509274823888617 * x_1)))))) - ((0.9516932153859738 * (-2.653907254924258 + (0.8509274823888617 * x_1))) - (6.347842126402619 + (4.20310795921862 * (-2.653907254924258 + (0.8509274823888617 * x_1)))))) - (-0.8171647202248087 * (-2.653907254924258 + (0.8509274823888617 * x_1)))) - (1.072574321991672 * (-2.653907254924258 + (0.8509274823888617 * x_1)))) - (-1.768373496572119 + (-0.6067632822548465 * (-2.653907254924258 + (0.8509274823888617 * x_1)))))))
feynman_II_8_7,ok,3,64,2,BFGS,0.9467241501362893,0.02131448202382541,95,50.83,,0.1,(0.020732529612717543 + (((-1.2636032913810258 * (-2.817692762706578 + (0.922060438168705 * x_0))) - ((0.8577272887319056 * (((-0.1120984026520388 + (0.03559563532082974 * (-2.6690271729427253 + (0.8807282537045857 * x_1)))))**3 * ((0.8382995409281664 * ((-1.1388316039612656 + (-1.2634675191645393 * (-2.6690271729427253 + (0.8807282537045857 * x_1)))))**3) - (((0.5915957000097425 * ((3.8135988768423665 + (-1.2149579027165895 * (-2.669435878248962 + (0.9227695518217146 * x_2)))))**3) - ((3.077004485106176 * (-2.817692762706578 + (0.922060438168705 * x_0))) - (3.9774135534524895 * (-2.817692762706578 + (0.922060438168705 * x_0))))) - (0.2908950045439377 * ((-0.8809852056495107 + (-1.516415945032004 * (-2.817692762706578 + (0.922060438168705 * x_0)))))**3))))) - (1.2412033345562223 * (-2.817692762706578 + (0.922060438168705 * x_0))))) * (-0.6647156563259502 + (-0.4319912789996896 * (-2.817692762706578 + (0.922060438168705 * x_0))))))
feynman_I_10_7,ok,3,32,1,BFGS,0.9893734133478648,0.12196570027651543,63,16.65,,0.1,(1.4508281973855268 + (((0.9612389638912403 * (-2.588106740665522 + (0.887566173182724 * x_0))) - ((1.8281367223658322 * (-2.588106740665522 + (0.887566173182724 * x_0))) - (1.541301047518688 + (2.005016732226663 * (-2.588106740665522 + (0.887566173182724 * x_0)))))) - (-0.03726511900267568 + (0.032145123047162466 * (((1.0471773814953562 * (-2.588106740665522 + (0.887566173182724 * x_0))) - (1.191961461120254 * ((-2.588106740665522 + (0.887566173182724 * x_0)) * (1.5822270804847358 + (0.11779636059738666 * (-2.588106740665522 + (0.887566173182724 * x_0))))))) - (-5.100574389259935 + (3.343197439644897 * x_1)))))))
feynman_I_11_19,ok,6,256,4,BFGS,0.9251338790520919,2.5209273336206874,149,290.20,,0.1,(27.03467667765147 + ((6.058333697350502 * (-2.695030893403317 + (0.8307952953518407 * x_5))) - (((((((33.84125031279417 * (-2.6471928306298094 + (0.885966881026239 * x_4))) - ((23.70565889943972 * (-2.676096923467062 + (0.9079286415109341 * x_2))) - ((19.773134935882226 * (-2.676096923467062 + (0.9079286415109341 * x_2))) - ((37.44408706622194 * (-2.6471928306298094 + (0.885966881026239 * x_4))) - (-2.023401085535763 * sin((1.4441228165634028 + (1.5118584384431317 * (-2.7479829985177977 + (0.8948864386578299 * x_3)))))))))) - (4.160610035613022 * sin((-2.112331597147781 + (1.2207650432823738 * (-2.7479829985177977 + (0.8948864386578299 * x_3))))))) - ((((-0.20050813281819746 * (-2.6471928306298094 + (0.885966881026239 * x_4))) - (-0.506965570904023 * (-2.676096923467062 + (0.9079286415109341 * x_2)))) - (-3.275204060752106 * (-2.4909796979027035 + (0.8495365704084542 * x_1)))) - ((-3.8243887779685117 * (-2.4827020613216004 + (0.8474431728639252 * x_0))) - (1.3564230503194663 + (6.574424502323826 * (-2.7479829985177977 + (0.8948864386578299 * x_3))))))) - (-1.592424265442033 * (-2.7479829985177977 + (0.8948864386578299 * x_3)))) - ((-1.502149538797688 * (-2.676096923467062 + (0.9079286415109341 * x_2))) - (2.3058243308135307 * (-2.695030893403317 + (0.8307952953518407 * x_5))))) - ((4.128212029235211 * (-2.676096923467062 + (0.9079286415109341 * x_2))) - (3.3499162986176483 * (-2.676096923467062 + (0.9079286415109341 * x_2)))))))
feynman_I_12_1,ok,2,32,1,BFGS,0.9991806723006694,0.1440587412051452,55,16.55,,0.1,(-0.9484940629988439 + ((-2.0143825603068715 * (((-0.030062425490981596 * (-2.566602023658053 + (0.8997949016063425 * x_0))) - (1.780383430885126 + (0.6276617370896778 * (-2.878930580317207 + (0.928002407756839 * x_1))))) * ((0.09831676294121458 * (-2.878930580317207 + (0.928002407756839 * x_1))) - ((0.8919046439919457 * (-2.566602023658053 + (0.8997949016063425 * x_0))) - (2.687923071594511 + (1.808039269813197 * (-2.566602023658053 + (0.8997949016063425 * x_0)))))))) - (0.6208372648869007 * (-2.878930580317207 + (0.928002407756839 * x_1)))))
feynman_I_12_11,ok,5,32,1,BFGS,0.9434582729892741,6.070146644953112,107,30.79,,0.1,(11.84746004596036 + (((-2.5860302835261004 + (0.8650529647164638 * x_4)) * ((((((-2.466967620985688 * sin((1.4628778945289422 + (1.526183861817331 * (-2.5860302835261004 + (0.8650529647164638 * x_4)))))) - (5.96282163866589 * (-2.7336069787470243 + (0.8973963259979115 * x_0)))) - (3.0847218052740892 + (-1.8507336785571056 * (-2.577161210079287 + (0.8594599513383012 * x_3))))) - (-2.577161210079287 + (0.8594599513383012 * x_3))) - (((1.9040648202517945 + (0.03627130764568745 * (-2.577161210079287 + (0.8594599513383012 * x_3)))))**3 - ((1.3586841967561112 * (-2.5860302835261004 + (0.8650529647164638 * x_4))) - ((1.565197615686122 * (-2.5860302835261004 + (0.8650529647164638 * x_4))) - ((2.942858012139455 * (-2.7336069787470243 + (0.8973963259979115 * x_0))) - (-2.6964230798293 + (2.305752952689481 * (-2.6603944928985346 + (0.9006524322203873 * x_2))))))))) - (-0.7218601825067887 * (-2.7336069787470243 + (0.8973963259979115 * x_0))))) * (3.266618423993174 + (1.4140741145949924 * (-2.577161210079287 + (0.8594599513383012 * x_3))))))
feynman_I_12_2,ok,4,256,4,BFGS,0.9451815236449749,0.027611033053174427,108,210.64,,0.1,(0.022243966746718233 + ((exp((-5.459499452935653 + (-1.2847838933757068 * (-2.5317902960514966 + (0.853150896025948 * x_3))))) * (-2.5317902960514966 + (0.853150896025948 * x_3))) * (((((2.7106671818932977 * exp((-2.100155120350797 + (-0.9870271942168394 * (-2.5317902960514966 + (0.853150896025948 * x_3)))))) - ((-0.9458917861157059 * sin((4.141627498870864 + (-2.8415764889605146 * (-2.5317902960514966 + (0.853150896025948 * x_3)))))) - (-2.020830057640902 * (-2.617184116087947 + (0.8521397663891764 * x_1))))) - ((1.6503520440646806 * (-2.8539742313544565 + (0.9239149687966296 * x_0))) - (2.3235074021535818 * (-2.5317902960514966 + (0.853150896025948 * x_3))))) - ((0.16994493618212558 * exp(((-2.3548390295224255 * (-2.556480029432039 + (0.8349043469624741 * x_2))) - (0.37829086378053134 * (-2.5317902960514966 + (0.853150896025948 * x_3)))))) - (1.8183728496791813 * (-2.5317902960514966 + (0.853150896025948 * x_3))))) - (1.971644998104705 * sin((0.7580947178648376 + (-2.178059744451083 * (-2.5317902960514966 + (0.853150896025948 * x_3)))))))))
feynman_I_12_4,ok,3,256,4,BFGS,0.741025038123309,0.012488591892677677,79,241.07,,0.1,(0.6365267566711985 + ((-0.6823346060344133 * (((0.8742917371935286 * exp(((-2.008669392562086 * (-2.6386330449565643 + (0.8571845166463317 * x_2))) - (1.5190554666456038 + (-0.8858907674375196 * (-2.6386330449565643 + (0.8571845166463317 * x_2))))))) - (2.4252251373882157 * (((0.18208787017662376 + (-0.06938930502081456 * (-2.6386330449565643 + (0.8571845166463317 * x_2)))))**2 * exp((-3.4686951557795167 + (-3.035789464226129 * (-2.6386330449565643 + (0.8571845166463317 * x_2)))))))) * ((-0.0463010112709428 * (-2.610281525456201 + (0.8563534632402007 * x_0))) - (-0.16667824096943906 + (-0.12539148456027133 * (-2.6386330449565643 + (0.8571845166463317 * x_2))))))) - (2.612102274891064 * exp((-1.4633792544777147 + (0.022793203897211012 * (-2.6386330449565643 + (0.8571845166463317 * x_2))))))))
feynman_I_12_5,ok,2,32,1,BFGS,0.9990752744413354,0.14826096582406947,55,15.37,,0.1,(12.477556530802236 + ((4.887867986101646 * (-2.7429584544718253 + (0.9245535089554948 * x_1))) - ((-1.1243370473752274 * (-2.643473215745853 + (0.8815481695584527 * x_0))) - (-0.4096824755035528 * (((1.7116948000550796 * (-2.643473215745853 + (0.8815481695584527 * x_0))) - (2.763433993720297 + (-0.18363725678027687 * (-2.7429584544718253 + (0.9245535089554948 * x_1))))) * ((-0.11676093299705377 * (-2.643473215745853 + (0.8815481695584527 * x_0))) - (3.331258439050319 + (1.6205154798284014 * (-2.7429584544718253 + (0.9245535089554948 * x_1))))))))))
feynman_I_13_12,ok,5,256,4,BFGS,0.7977364103227046,4.369339246708064,91,263.24,,0.1,(0.6415364343557993 + (((-1.4117821863015934 * (-2.7093703865142946 + (0.8748960358981902 * x_2))) - ((1.5582142846666835 * (-2.7093703865142946 + (0.8748960358981902 * x_2))) - (0.3926436648933177 * (((0.359052626430333 * (-2.668801708030412 + (0.8819198439156285 * x_0))) - (-2.4784513845554033 + (0.2689337146365255 * (-2.5612832345666563 + (0.8379805705041466 * x_3))))))**3))) * ((((2.472014453055111 * (-2.7093703865142946 + (0.8748960358981902 * x_2))) - (-0.449256745220174 * (-2.5612832345666563 + (0.8379805705041466 * x_3)))) - (2.8985048695237285 * (-2.5612832345666563 + (0.8379805705041466 * x_3)))) - (((1.6646495674539419 * (-2.7093703865142946 + (0.8748960358981902 * x_2))) - (-0.00044307731963466634 * ((-2.5972105607963925 + (6.283289189318705 * (-2.5612832345666563 + (0.8379805705041466 * x_3)))))**3)) - (2.083998955115793 * (-2.5612832345666563 + (0.8379805705041466 * x_3)))))))
feynman_I_13_4,ok,4,32,1,BFGS,0.9639923876774499,4.849599814752342,109,14.08,,0.1,(39.594782503521515 + ((((-1.405019432926025 * (-2.548140169947589 + (0.8525284766606351 * x_2))) - ((-1.7497298212476364 * (-2.548140169947589 + (0.8525284766606351 * x_2))) - (4.793706450870836 * (-2.5379950056480767 + (0.8946994347622791 * x_3))))) - ((-0.5169010142228663 * (-2.7370812263130415 + (0.902756266590703 * x_0))) - (3.4526716353175555 + (-4.582536941504172 * (-2.5379950056480767 + (0.8946994347622791 * x_3)))))) * ((((2.747113402790161 * (-2.5379950056480767 + (0.8946994347622791 * x_3))) - ((((-0.9260256091554813 * (-2.548140169947589 + (0.8525284766606351 * x_2))) - ((1.3539861153005974 * (-2.548140169947589 + (0.8525284766606351 * x_2))) - (4.237842523896763 * (-2.548140169947589 + (0.8525284766606351 * x_2))))) - (5.116360013683941 * (-2.548140169947589 + (0.8525284766606351 * x_2)))) - (2.9313948015452613 * (-2.6220737557332443 + (0.8728146501207767 * x_1))))) - (-2.276281515851241 * (-2.7370812263130415 + (0.902756266590703 * x_0)))) - (-0.44532913943784025 + (-2.146124783161728 * (-2.7370812263130415 + (0.902756266590703 * x_0)))))))
feynman_I_14_3,ok,3,32,1,BFGS,0.9545195891007201,3.9243039960875827,45,10.11,,0.1,(-1.0614699273487085 + (((5.25648223667543 * (-2.428453058567591 + (0.8889549158624802 * x_0))) - (37.254154889047506 * (((1.0824406994735205 * (-2.428453058567591 + (0.8889549158624802 * x_0))) - (0.1523293334673598 + (0.05225356937326853 * (-2.722875886256813 + (0.8863816221636266 * x_2))))) - (-2.428453058567591 + (0.8889549158624802 * x_0))))) * (4.705207692177396 + (1.7327204945893167 * (-2.6760694322662943 + (0.8805989180487918 * x_1))))))
feynman_I_14_4,ok,2,32,1,BFGS,0.994158682091287,1.012233856427464,76,17.82,,0.1,(5.89942048802875 + ((68.9059824228247 * ((0.4641404200181861 + (0.15165984905301183 * (-2.630906588185309 + (0.8633123577016952 * x_1)))))**3) - ((-4.472709739817505 * (((2.0935911199689716 * (-2.626437502441532 + (0.8816095514609437 * x_0))) - (0.12201650717449436 * (-2.630906588185309 + (0.8633123577016952 * x_1)))) * (0.6669658268904802 + (0.44926066363193556 * (-2.630906588185309 + (0.8633123577016952 * x_1)))))) - (((1.1040381278434859 * ((-2.630906588185309 + (0.8633123577016952 * x_1)) * (0.9268029521466279 + (0.41297187923957523 * (-2.630906588185309 + (0.8633123577016952 * x_1)))))) - (-2.630906588185309 + (0.8633123577016952 * x_1))) - (-0.873190429271628 + (-4.101778617076765 * (-2.630906588185309 + (0.8633123577016952 * x_1))))))))
feynman_I_15_10,ok,3,32,1,BFGS,0.9844835922482458,0.2512609456958887,87,10.82,,0.1,(3.8840021876624995 + ((-0.0061937349434374196 * (-2.644856021421248 + (0.8646173589431646 * x_0))) - ((-5.457180456861609 + (3.6446002602554834 * x_1)) + ((0.3520964049118886 * (((0.1823690327353083 * (-2.644856021421248 + (0.8646173589431646 * x_0))) - ((-0.20472318534033498 * (-2.644856021421248 + (0.8646173589431646 * x_0))) - (2.1613872880446956 + (0.07143827576819413 * (-5.457180456861609 + (3.6446002602554834 * x_1)))))) * (((((1.4492385268263845 * (-2.644856021421248 + (0.8646173589431646 * x_0))) - (0.935422828899661 + (1.1063888824694166 * (-2.644856021421248 + (0.8646173589431646 * x_0))))) - (1.536538198886158 * (-5.457180456861609 + (3.6446002602554834 * x_1)))) - (1.2650000503765713 + -1.023227825971674)) - (-5.457180456861609 + (3.6446002602554834 * x_1))))) - (1.8876130565199212 * (-2.644856021421248 + (0.8646173589431646 * x_0)))))))
feynman_I_15_3t,ok,4,32,1,BFGS,0.9956966610147384,0.07908884104836382,89,12.28,,0.1,(1.9407739324105808 + ((0.6685987972261 * sin((0.9666616386040867 + (1.2053839039068954 * (-2.419137422785296 + (0.862311797425404 * x_3)))))) - (0.4076028034274115 * ((1.0164110724896682 * (((0.5565326057312232 * sin((1.413353744188253 + (1.0264532355665033 * (-2.419137422785296 + (0.862311797425404 * x_3)))))) - ((-0.04512765546554104 * (-2.419137422785296 + (0.862311797425404 * x_3))) - ((0.08639045582803773 * (-2.717105569629776 + (0.8849901747612658 * x_0))) - (2.4543237765903108 + (1.2022593957345675 * (-2.419137422785296 + (0.862311797425404 * x_3))))))) - (1.2475934408298803 * sin(((1.0596057253108846 * (-2.419137422785296 + (0.862311797425404 * x_3))) - (1.762272309959668 * sin((0.6797873664177456 + (0.9764616546938454 * (-2.419137422785296 + (0.862311797425404 * x_3))))))))))) - (1.0380895067427374 * (-2.419137422785296 + (0.862311797425404 * x_3)))))))
feynman_I_15_3x,ok,4,256,4,BFGS,0.9731415603888115,0.26978208974210127,87,105.73,,0.1,(5.351429285310049 + ((((-1.7735179566541948 * (-5.406940417278592 + (3.651746841581515 * x_3))) - ((0.983528055480562 * (-5.31046149851653 + (0.7020053706524357 * x_0))) - (0.23037442304965297 * ((-5.31046149851653 + (0.7020053706524357 * x_0)) * (1.092294969985216 + (0.4991632663491078 * ((-5.31046149851653 + (0.7020053706524357 * x_0)) * (0.9792214073485166 + (-0.449214704924151 * (-5.406940417278592 + (3.651746841581515 * x_3))))))))))) - (((-1.2656922018358359 * (-5.31046149851653 + (0.7020053706524357 * x_0))) - (1.3654980892668087 * (-5.406940417278592 + (3.651746841581515 * x_3)))) - ((2.0393261585616456 * (-5.31046149851653 + (0.7020053706524357 * x_0))) - (-0.005594526448264244 + (1.1145697275853488 * (-5.31046149851653 + (0.7020053706524357 * x_0))))))) - (0.4325021118339839 * (-5.10499948290293 + (3.3738543444755535 * x_1)))))
feynman_I_16_6,ok,3,64,2,BFGS,0.9566911061213585,0.25018528929802036,79,43.99,,0.1,(8.712926148133523 + ((-0.4557943122326191 * ((-2.338683200901609 + (0.839476836958178 * x_0)) * (35.36946076805568 + (0.43116363081229814 * (-2.338683200901609 + (0.839476836958178 * x_0)))))) - (((-6.739189179376968 * (-2.338683200901609 + (0.839476836958178 * x_0))) - ((9.749307858794664 * (-2.338683200901609 + (0.839476836958178 * x_0))) - (5.93857200174369 + (-0.7684235350735994 * (-2.338683200901609 + (0.839476836958178 * x_0)))))) - (0.007243989373112721 * ((-2.7471278243839246 + (0.9079909650983548 * x_2)) * ((3.7858707841662955 * (-2.7471278243839246 + (0.9079909650983548 * x_2))) - ((-33.08823340432423 * (-2.338683200901609 + (0.839476836958178 * x_0))) - (12.56589464450291 + (-8.74725939578321 * (-2.338683200901609 + (0.839476836958178 * x_0)))))))))))
feynman_I_18_12,ok,3,64,2,BFGS,0.979547451397581,0.9934324736329665,101,29.27,,0.1,(0.19157559475458796 + (((-4.934369086635698 * (sin((-1.6487126467818234 + (1.4213626058021207 * (-1.725396682298155 + (0.6944642421502414 * x_2))))) * sin((2.973828514686737 + (0.15156235105580307 * (-1.725396682298155 + (0.6944642421502414 * x_2))))))) - (-1.725396682298155 + (0.6944642421502414 * x_2))) * ((((-2.421696017227875 + (0.8519542273871007 * x_0)) * (-0.6984936245009901 + (0.04728320319554773 * (-2.421696017227875 + (0.8519542273871007 * x_0))))) - (-1.725396682298155 + (0.6944642421502414 * x_2))) - (((((-4.462841052227848 * (-2.421696017227875 + (0.8519542273871007 * x_0))) - (6.231577148178356 + (0.4722459561630057 * (-2.421696017227875 + (0.8519542273871007 * x_0))))) - (-1.6868840417117976 * (-2.421696017227875 + (0.8519542273871007 * x_0)))) - (2.6149372039407686 * (-2.548286892362978 + (0.86026417115375 * x_1)))) - ((1.8924819851001429 * (-1.725396682298155 + (0.6944642421502414 * x_2))) - (-1.725396682298155 + (0.6944642421502414 * x_2)))))))
feynman_I_18_14,ok,4,256,4,BFGS,0.9559332617709165,5.356018586207028,80,163.51,,0.1,(1.03678262886592 + (((0.0067285647460612365 * (-2.613124523709804 + (0.8658355855259678 * x_2))) - (-5.692597951721136 * sin((0.007183725034283705 + (1.0822045411686076 * (-2.7962163559154027 + (0.9041044335611569 * x_3))))))) * (((-3.2937092899048004 * (-2.6000499735222258 + (0.8575648261012243 * x_0))) - (4.973048016249948 + (0.10110104799439681 * (-2.7962163559154027 + (0.9041044335611569 * x_3))))) - (((-2.0699185205952206 * (-2.613124523709804 + (0.8658355855259678 * x_2))) - ((1.7956418773252791 * (-2.613124523709804 + (0.8658355855259678 * x_2))) - (1.7551482599038537 * (-2.6321438473229772 + (0.8768714116868315 * x_1))))) - ((1.469670921634212 * (-2.6000499735222258 + (0.8575648261012243 * x_0))) - (5.603116877459138 * (-2.613124523709804 + (0.8658355855259678 * x_2))))))))
feynman_I_18_4,ok,4,256,4,BFGS,0.9459809745719436,0.2061645159615314,80,135.99,,0.1,(2.104050301532764 + (((0.031350345560717086 * ((-2.604761631720367 + (0.8569951062057086 * x_2)) * ((3.332415127900724 * (-2.664498595282067 + (0.8920120394009231 * x_0))) - (1.3490878501529782 + (-0.41804456211918684 * (-2.8149539998910376 + (0.9007791820199235 * x_3))))))) - ((2.9310122939119854 * (-2.604761631720367 + (0.8569951062057086 * x_2))) - ((1.8169411984898973 * (-2.604761631720367 + (0.8569951062057086 * x_2))) - (-0.9918267163358236 + (0.077230321299298 * ((-2.604761631720367 + (0.8569951062057086 * x_2)) * sin((0.6690471210395175 + (2.216247877529156 * (-2.8149539998910376 + (0.9007791820199235 * x_3))))))))))) - ((-1.7561518743154423 * (-2.604761631720367 + (0.8569951062057086 * x_2))) - (0.5397224910409804 * (-2.8149539998910376 + (0.9007791820199235 * x_3))))))
feynman_I_24_6,ok,4,256,4,BFGS,0.8367612945286635,5.956912412435487,108,293.63,,0.1,(22.27970246152907 + (((0.2592560977409337 * (-3.4568449343419667 + (1.721945283087779 * x_0))) - (2.2255396849764884 * ((9.281659065741682 * ((1.0364438004466616 + (0.9560552919423873 * (-3.567613329038069 + (1.7349021460027578 * x_3)))))**3) - ((9.421531924210536 * ((0.9977169794710798 + (0.9381219461992512 * (-3.567613329038069 + (1.7349021460027578 * x_3)))))**3) - ((4.279156496010563 + (1.2556923537324745 * (-3.567613329038069 + (1.7349021460027578 * x_3)))) - (0.8910191618460028 * (((-1.482042664560396 + (0.5878025765677393 * (-3.567613329038069 + (1.7349021460027578 * x_3)))))**3 * ((0.9894603897884086 + (0.6701840891106321 * (-3.567613329038069 + (1.7349021460027578 * x_3)))))**3))))))) * (((-0.2929299958408892 * (-3.4568449343419667 + (1.721945283087779 * x_0))) - (15.766499117951287 * ((-0.2497802150034607 + (0.19019794971982062 * (-3.567613329038069 + (1.7349021460027578 * x_3)))))**3)) - ((0.20821347582749894 * (-3.6425304974630017 + (1.7917824686289467 * x_2))) - (-0.2567380666296073 * (-3.567613329038069 + (1.7349021460027578 * x_3)))))))
feynman_I_25_13,ok,2,32,1,BFGS,0.9991392276673444,0.024266769255357635,75,15.16,,0.1,(0.5531472849022592 + ((1.185136347736189 * (exp((-1.8686930861163473 + (-1.0087090991516754 * (-2.400742498290202 + (0.8003923054356457 * x_1))))) * ((((1.9228421688626138 * (-2.5512487222767346 + (0.8665706977286725 * x_0))) - (-0.5474108419036314 + (1.015774171367477 * (-2.5512487222767346 + (0.8665706977286725 * x_0))))) - (1.1108806539870908 * sin((-0.6771540568608019 + (-1.4344905487434718 * (-2.400742498290202 + (0.8003923054356457 * x_1))))))) - exp((-0.4702067397998845 + (-1.4766654106564454 * (-2.400742498290202 + (0.8003923054356457 * x_1)))))))) - ((-0.2144161654826363 * (-2.5512487222767346 + (0.8665706977286725 * x_0))) - exp((-1.0916480285745218 + (-2.04867973330368 * (-2.400742498290202 + (0.8003923054356457 * x_1))))))))
feynman_I_26_2,ok,2,32,1,BFGS,0.9739830342388377,0.07790730231641142,61,8.74,,0.1,(0.12486561881713265 + ((((((1.5752109038344049 * (-1.564164953504747 + (3.41799237175793 * x_0))) - ((0.840973872223951 * (-1.564164953504747 + (3.41799237175793 * x_0))) - (1.604251542630421 * (-2.401625007900688 + (0.840568848454874 * x_1))))) - (-1.564164953504747 + (3.41799237175793 * x_0))) - (0.5410823323027176 + (1.66802320312877 * (-2.401625007900688 + (0.840568848454874 * x_1))))) - (-0.09985747409397568 * ((-2.401625007900688 + (0.840568848454874 * x_1)) * (-2.401625007900688 + (0.840568848454874 * x_1))))) * (-2.401625007900688 + (0.840568848454874 * x_1))))
feynman_I_27_6,ok,3,32,1,BFGS,0.974421042825016,0.0639832204102978,83,19.25,,0.1,(0.48275300309552827 + ((-0.008403796915352663 * (((-2.6715473882407776 * (-2.3985862823410833 + (0.8064518581298143 * x_1))) - (4.041572470780489 + (-3.0126055567721934 * (-2.7198734845172403 + (0.8655823842985322 * x_2))))) * (((4.007191612176869 * (-2.3985862823410833 + (0.8064518581298143 * x_1))) - ((-1.8661279206920116 * (-2.3985862823410833 + (0.8064518581298143 * x_1))) - (-2.622168763258961 + (-1.5953965265525605 * (-2.7198734845172403 + (0.8655823842985322 * x_2)))))) - ((0.8794007619067993 * (-2.7198734845172403 + (0.8655823842985322 * x_2))) - (-1.689643537225734 * ((3.6212922117549633 * (-2.3985862823410833 + (0.8064518581298143 * x_1))) - (5.06476899872326 + (1.7447106711285412 * (-2.5212812957632926 + (0.8269424556449783 * x_0)))))))))) - (-0.10807265551538013 * (-2.3985862823410833 + (0.8064518581298143 * x_1)))))
feynman_I_29_16,ok,4,256,4,BFGS,0.8489302709493318,0.7801104946476818,72,202.15,,0.1,(1.1999128173775206 + (((0.0022786647393666613 * (-2.719956086378315 + (0.8786412216232687 * x_0))) - (-0.012979212080625177 + (-0.00034539632110121526 * (-2.585674534025608 + (0.8767406575303234 * x_3))))) * ((((7.048938471260755 * abs(((20.53973405534812 * (-2.4962836392515335 + (0.8671704050930179 * x_2))) - (20.85693619837943 * (-2.585674534025608 + (0.8767406575303234 * x_3)))))) - (-2.719956086378315 + (0.8786412216232687 * x_0))) - (5.890994973650741 + (-32.12174837262356 * (-2.6705100830629784 + (0.8888164274402005 * x_1))))) - ((-12.992820854747308 * (-2.719956086378315 + (0.8786412216232687 * x_0))) - (24.06526765930454 + (6.492759568820581 * (-2.4962836392515335 + (0.8671704050930179 * x_2))))))))
feynman_I_29_4,ok,2,32,1,BFGS,0.9904925667003309,0.12589901643334359,90,15.23,,0.1,(1.1140844834557444 + (((0.6982012271980986 * sin((-2.697066446416393 + (1.8192935406477924 * (-1.9951431992266675 + (0.3861777173669346 * x_1)))))) - ((1.8633822218026266 * (-2.1650620520807715 + (0.38592391333961634 * x_0))) - ((1.7100772620722577 * sin((-0.7547933313769022 + (-1.5975145043252592 + (0.8171722243232908 * (-1.9951431992266675 + (0.3861777173669346 * x_1))))))) - ((2.1724068829692893 * sin((-0.741528483666674 + (-0.9274686849538851 * (-1.9951431992266675 + (0.3861777173669346 * x_1)))))) - (2.0788053102367563 * (-1.9951431992266675 + (0.3861777173669346 * x_1))))))) * ((0.8671421711805758 * (-1.9951431992266675 + (0.3861777173669346 * x_1))) - ((-0.8867072380914587 * sin((-1.9433323300008212 + (0.19357240713080126 * (-1.9951431992266675 + (0.3861777173669346 * x_1)))))) - sin((0.6535254105336883 + (-0.8526678703146482 * (-1.9951431992266675 + (0.3861777173669346 * x_1)))))))))
feynman_I_30_3,ok,3,256,4,BFGS,0.512755579566515,1.6032728564699954,92,190.21,,0.1,(0.4023444746819542 + (((1.0181599601377092 * ((0.5784332206132428 + (2.6259016302938525 * ((-2.713917252913514 + (0.9120507374530804 * x_1)) * sin((0.01287971841118465 + (0.14887326178074548 * (-2.713917252913514 + (0.9120507374530804 * x_1)))))))))**2) - (0.5631015534841463 * ((-2.713917252913514 + (0.9120507374530804 * x_1)) * (-2.713917252913514 + (0.9120507374530804 * x_1))))) * (((1.5201232212428506 * (-2.7051468847223092 + (0.8846863425384316 * x_0))) - ((((0.737891969542619 * (-2.7051468847223092 + (0.8846863425384316 * x_0))) - sin((1.2651665583055642 + (-0.16346607977732958 * (-2.7051468847223092 + (0.8846863425384316 * x_0)))))) - (0.8404270935562838 * (-2.7051468847223092 + (0.8846863425384316 * x_0)))) - (3.065011397256531 + (0.4493550253417988 * (-2.713917252913514 + (0.9120507374530804 * x_1)))))) - (1.3829319727374956 * (-2.713917252913514 + (0.9120507374530804 * x_1))))))
feynman_I_30_5,ok,3,128,3,BFGS,0.7983977661750544,0.06275384106036108,88,261.89,,0.1,(0.15130524596121273 + ((-1.2431751904665698 * (((0.7810624764986781 * (-2.503496805650597 + (0.8524201121194467 * x_2))) - ((-0.07316336115661055 * (-5.1465134878527214 + (3.4065737547807147 * x_0))) - (-0.8947165375566228 * (-2.503496805650597 + (0.8524201121194467 * x_2))))) * (((1.7577134192324495 * (exp((-1.3885930094647438 + (-2.8992928351810674 * (-2.503496805650597 + (0.8524201121194467 * x_2))))) * exp((-2.4216012125296067 + (-0.45210573386197644 * (-2.503496805650597 + (0.8524201121194467 * x_2))))))) - exp((-1.4480810444266532 + (0.14747833065356797 * (-2.503496805650597 + (0.8524201121194467 * x_2)))))) - (1.0318383136837128 * exp((-2.264357226542958 + (-2.8126782383216113 * (-2.503496805650597 + (0.8524201121194467 * x_2))))))))) - (-0.025611210351978705 * exp((-4.219306553624403 + (2.5233141077338344 * (-2.503496805650597 + (0.8524201121194467 * x_2))))))))
feynman_I_32_17,ok,6,32,1,BFGS,0.9284703214624973,1.371731457069047,122,50.74,,0.1,(0.32385858549006163 + ((((1.0298587102643566 * (((1.4021978480167965 * (-5.22090641103695 + (3.5546784205957644 * x_2))) - (((-3.4144995103647666 * (-5.377145912979087 + (3.5490731972883967 * x_4))) - (4.433690293677529 * exp((1.4229994782008877 + (0.8285784981882705 * (-7.094423785619939 + (1.79517298980545 * x_5))))))) - (2.776954023195736 * (-5.422314254425465 + (3.6430504379238773 * x_3))))) * exp((-2.2642283174703595 + (-1.1277722704303792 * (-7.094423785619939 + (1.79517298980545 * x_5))))))) - ((0.33486093252785 * exp((-2.6654407656174435 + (1.6826310257663488 * (-7.094423785619939 + (1.79517298980545 * x_5)))))) - ((-0.477373840047719 * (-5.22090641103695 + (3.5546784205957644 * x_2))) - (1.4782420892743464 * (-5.422314254425465 + (3.6430504379238773 * x_3)))))) - ((-0.9990228738916063 * (-5.22090641103695 + (3.5546784205957644 * x_2))) - (2.1347330102158697 * (-5.422314254425465 + (3.6430504379238773 * x_3))))) * ((2.3290635090843264 * exp((-1.6268515996460255 + (0.9796769121592228 * (-5.377145912979087 + (3.5490731972883967 * x_4)))))) - (1.328610173613423 * ((-0.17194303363440583 + (0.524222914357058 * (-7.094423785619939 + (1.79517298980545 * x_5)))))**3))))
feynman_I_32_5,ok,4,256,4,BFGS,0.8950272065645837,0.2084815453643731,92,309.47,,0.1,(0.030671456073909864 + ((0.051148497046082514 * exp(((-2.8401087651477344 * (-2.7279182964428794 + (0.9289890799688245 * x_3))) - ((-0.6946169558075539 * (-2.7279182964428794 + (0.9289890799688245 * x_3))) - (((1.318979068737125 + (0.20374811387985525 * (-2.7279182964428794 + (0.9289890799688245 * x_3)))))**3 * ((0.8927829275544679 * (exp((-3.833931906042965 + (-1.4957215929408019 * (-2.7279182964428794 + (0.9289890799688245 * x_3))))) * (-2.6293091772736408 + (0.8973551875146073 * x_1)))) - ((((1.1477949195184074 * (-2.5999126994662913 + (0.8603722624673278 * x_0))) - (-0.726784888457864 + (0.23421686718760493 * (-2.5999126994662913 + (0.8603722624673278 * x_0))))) - (1.5350486563793613 * (-2.5999126994662913 + (0.8603722624673278 * x_0)))) - (0.5222563655714016 * (-2.6293091772736408 + (0.8973551875146073 * x_1)))))))))) - (-0.01379634988673789 * (-2.6293091772736408 + (0.8973551875146073 * x_1)))))
feynman_I_34_1,ok,3,64,2,BFGS,0.9467356649810181,0.4296749654781644,99,38.64,,0.1,(4.089454694068056 + ((0.9083909198763447 * (((-2.588994719877589 + (0.8403804552900841 * x_2)) - ((-2.1657432031546193 * (-2.588994719877589 + (0.8403804552900841 * x_2))) - ((2.4966510380939484 * (-2.588994719877589 + (0.8403804552900841 * x_2))) - ((1.3464376584099744 * (-2.588994719877589 + (0.8403804552900841 * x_2))) - ((((-1.2783221189502143 * (-2.588994719877589 + (0.8403804552900841 * x_2))) - (2.992678147194564 * sin((3.1378623370530363 + (-0.02480095196158323 * (-3.213191526129124 + (0.49872911299177847 * x_0))))))) - (-2.588994719877589 + (0.8403804552900841 * x_2))) - (1.9752479495029975 * (-2.588994719877589 + (0.8403804552900841 * x_2)))))))) * ((1.12638643068397 * ((2.7185855855207386 + (-0.7907805390005871 * (-3.213191526129124 + (0.49872911299177847 * x_0)))))**2) - (0.9432923642041127 * (-2.588994719877589 + (0.8403804552900841 * x_2)))))) - (-0.032531056828150315 + (-1.1139030435808341 * (-2.588994719877589 + (0.8403804552900841 * x_2))))))
feynman_I_34_14,ok,3,32,1,BFGS,0.9553878819002921,0.3085439612176855,83,14.43,,0.1,(5.0049918490850285 + ((0.2013643274233854 * sin((0.57722388096314 + (1.051774410306559 * (-2.704855709187059 + (0.914044649674877 * x_2)))))) - (((((((2.579852069496855 * (-2.704855709187059 + (0.914044649674877 * x_2))) - (1.7148693720989518 * (-2.704855709187059 + (0.914044649674877 * x_2)))) - (1.1808047179461125 * (-2.704855709187059 + (0.914044649674877 * x_2)))) - (0.20571494966538884 + (0.23793608066498773 * (-2.704855709187059 + (0.914044649674877 * x_2))))) - (1.551481036003059 * (-2.704855709187059 + (0.914044649674877 * x_2)))) - ((1.8058593385116408 * sin((-1.0428353022829375 + (-0.3828303329160949 * (-3.4548575752247537 + (0.523026255492135 * x_0)))))) - (1.9122091181393035 * (-2.704855709187059 + (0.914044649674877 * x_2))))) - (-2.704855709187059 + (0.914044649674877 * x_2)))))
feynman_I_34_27,ok,2,32,1,BFGS,0.9994306108473746,0.01968653430570056,67,20.73,,0.1,(2.1057952065292196 + ((1.5738097548614585 * (-2.89141769643402 + (0.898356770850574 * x_0))) - (0.24962777876375586 * (((3.296526703086329 * (-2.89141769643402 + (0.898356770850574 * x_0))) - (-2.4067515597657962 + (0.27895203757089715 * (-2.89141769643402 + (0.898356770850574 * x_0))))) - ((1.376806111157752 * (-2.534319111975044 + (0.8625028469077035 * x_1))) - (((-0.6413211004814998 * ((-2.89141769643402 + (0.898356770850574 * x_0)) * (-3.539514515922616 + (1.2368284806288734 * (-2.534319111975044 + (0.8625028469077035 * x_1)))))) - (-2.534319111975044 + (0.8625028469077035 * x_1))) - (-2.89141769643402 + (0.898356770850574 * x_0))))))))
feynman_I_34_8,ok,4,32,1,BFGS,0.9555290356408042,2.409427582095592,122,39.20,,0.1,(3.145987328160124 + ((3.0924450017581275 * ((((0.6613100146921504 * ((-2.5127584990667504 + (0.8365681778083426 * x_0)) * ((0.8142176468641851 + (0.35770145195539615 * (-2.7058039597000527 + (0.8963922028654532 * x_3)))))**3)) - ((2.207305837170307 * exp((1.1519189072758662 + (-1.0762399245986463 * (-2.7058039597000527 + (0.8963922028654532 * x_3)))))) - (-1.3363481866195799 * (-2.7058039597000527 + (0.8963922028654532 * x_3))))) - ((2.092977657393435 * (-2.5127584990667504 + (0.8365681778083426 * x_0))) - (0.776196337023948 * exp((1.6277734073593555 + (-1.2281496112901609 * (-2.7058039597000527 + (0.8963922028654532 * x_3)))))))) * ((((1.3020934808196971 * exp((0.6376064179138514 + (-0.13958450771457542 * (-2.5134922366209222 + (0.8456834090766008 * x_2)))))) - (0.12719374733702088 * (-2.5127584990667504 + (0.8365681778083426 * x_0)))) - (-0.18515847635772198 * (-2.466227921875975 + (0.8316291782707262 * x_1)))) - ((1.3101978331078699 * exp((0.8187579746096643 + (-0.033603410275709136 * (-2.7058039597000527 + (0.8963922028654532 * x_3)))))) - (-0.5107487412872933 * (-2.466227921875975 + (0.8316291782707262 * x_1))))))) - (0.22236839746482168 * (-2.466227921875975 + (0.8316291782707262 * x_1)))))
feynman_I_37_4,ok,3,32,1,BFGS,0.9198964270295606,0.835825720072738,79,153.89,,0.1,(0.336736102894245 + (((-0.12355208781014289 * ((-2.764987122967051 + (0.900490337034228 * x_2)) * (-2.8091188314947115 + (1.828494675143157 * (-2.764987122967051 + (0.900490337034228 * x_2)))))) - (((3.2405402842820235 * (-2.764987122967051 + (0.900490337034228 * x_2))) - (0.4377823175349934 * (-2.6571366887356653 + (0.8822946483881516 * x_0)))) - (2.9542331139273257 + (2.7795367696326094 * (-2.764987122967051 + (0.900490337034228 * x_2)))))) * (-0.20980209972241687 * ((-2.764987122967051 + (0.900490337034228 * x_2)) * (((0.08165265248668016 * (-2.6571366887356653 + (0.8822946483881516 * x_0))) - (-0.561272139931968 + (2.9870924999423685 * (-2.764987122967051 + (0.900490337034228 * x_2))))) - (2.218762704374618 * (-2.764987122967051 + (0.900490337034228 * x_2))))))))
feynman_I_38_12,ok,4,256,4,BFGS,0.8847429962641711,0.4306860636010801,104,267.66,,0.1,(0.23546075240462816 + (((-0.4340495171026202 + (0.1870134949766663 * (-2.669105088819141 + (0.8929834841209456 * x_1)))))**3 * ((-0.0032481459998074252 * exp(((3.3965328555570675 * (-2.669105088819141 + (0.8929834841209456 * x_1))) - ((2.750755421963998 * (-2.669105088819141 + (0.8929834841209456 * x_1))) - (((((-2.89657059370281 * (-2.5586279912186 + (0.8454003566144559 * x_0))) - (1.4171127576921032 * (-2.669105088819141 + (0.8929834841209456 * x_1)))) - (-2.0615330178648605 + (-0.20924946147368062 * (-2.669105088819141 + (0.8929834841209456 * x_1))))) - (0.791900231552245 * (-2.6009675945637225 + (0.8457372940431475 * x_3)))) - ((0.7845418846683323 * sin((-1.1155537376624705 + (-4.908726529706108 * (-2.669105088819141 + (0.8929834841209456 * x_1)))))) - (2.0099397832148025 * (-2.6009675945637225 + (0.8457372940431475 * x_3))))))))) - ((2.813564453170361 * (-2.698955835159459 + (0.8870284288875848 * x_2))) - (-0.9438038882187549 + (2.2245045505719894 * (-2.669105088819141 + (0.8929834841209456 * x_1))))))))
feynman_I_39_1,ok,2,32,1,BFGS,0.9991688590484495,0.21160962217003332,53,11.55,,0.1,(1.1813009177828975 + (((-1.3077347733081433 * (-2.7062751395259212 + (0.8763906451326979 * x_0))) - (3.2287260560226656 + (0.12475272886083685 * (-2.5210522670128928 + (0.8376322027194677 * x_1))))) * (((0.37514684903363626 * (-2.7062751395259212 + (0.8763906451326979 * x_0))) - ((0.41341006457380514 * (-2.7062751395259212 + (0.8763906451326979 * x_0))) - (-1.460672753495838 * (-2.5210522670128928 + (0.8376322027194677 * x_1))))) - (3.8956995741757163 + (0.12717848174492535 * (-2.5210522670128928 + (0.8376322027194677 * x_1)))))))
feynman_I_39_11,ok,3,32,1,BFGS,0.9846390337840605,0.3812885080989723,116,28.74,,0.1,(1.304962615006101 + ((((((-1.5092026942080525 * (-2.625098388323601 + (0.8546158887138439 * x_2))) - (0.8055524791239466 * (-2.625098388323601 + (0.8546158887138439 * x_2)))) - (2.0917220038167637 * ((-0.2621994185187285 + (-0.31549228899656256 * (-4.32559571055069 + (1.2368194563105266 * x_0)))))**3)) - ((4.102303621833066 * ((0.9584514517679511 + (-0.1509629286977474 * (-4.32559571055069 + (1.2368194563105266 * x_0)))))**3) - (((1.7993739352967903 * (-2.625098388323601 + (0.8546158887138439 * x_2))) - (1.3600180807736395 * (-2.6135216143256805 + (0.855921153581978 * x_1)))) - (-0.09257666471649911 + (1.5736390377019909 * (-4.32559571055069 + (1.2368194563105266 * x_0))))))) - ((1.8026684078576154 * (-2.625098388323601 + (0.8546158887138439 * x_2))) - (1.4962000016183543 + (1.5701399686811757 * (-2.625098388323601 + (0.8546158887138439 * x_2)))))) * ((1.369966356696993 * (-2.625098388323601 + (0.8546158887138439 * x_2))) - ((1.723343087793415 * (-2.625098388323601 + (0.8546158887138439 * x_2))) - (-3.219323982292237 * ((0.5926780117892755 + (-0.1294421234198982 * (-4.32559571055069 + (1.2368194563105266 * x_0)))))**2)))))
feynman_I_39_22,ok,4,256,4,BFGS,0.9277937650999278,2.433108959517356,84,237.18,,0.1,(4.467907518739846 + (((6.422888005623808 * ((-0.7983260232561582 + (0.21408418773042992 * (-2.8938465905050474 + (0.9115319998776715 * x_2)))))**3) - ((-0.6073513382930893 * ((-2.515464031129917 + (0.8571865699921215 * x_3)) * (-2.515464031129917 + (0.8571865699921215 * x_3)))) - (((-1.032699495482981 * (-2.7095154921239692 + (0.8898156980890322 * x_0))) - (-9.426975778742513 * (-2.515464031129917 + (0.8571865699921215 * x_3)))) - (11.562779077907464 * (-2.515464031129917 + (0.8571865699921215 * x_3)))))) * ((((-1.6688237098109377 * (-2.7095154921239692 + (0.8898156980890322 * x_0))) - (1.3108182285925398 + (-1.151797773500841 * (-2.7095154921239692 + (0.8898156980890322 * x_0))))) - (0.31656074000193857 * (-2.515464031129917 + (0.8571865699921215 * x_3)))) - (-2.673320419181644 + (0.862997113312146 * x_1)))))
feynman_I_40_1,ok,6,64,2,BFGS,0.785706013747098,0.31080831784446605,123,312.53,,0.1,(-0.07610450320847818 + ((((-1.9266823333242695 * (-2.7566779457259827 + (0.9431878324167259 * x_3))) - (((0.027798405204823677 * (-2.604274673300914 + (0.8774717798506494 * x_2))) - ((-0.026418291592263318 * (-2.632057227943042 + (0.8533082368996687 * x_4))) - (-0.02049391986956707 * (-2.750630136878482 + (0.8784863640556843 * x_0))))) - (0.15362037673358475 + (1.9536917552835669 * (-2.7566779457259827 + (0.9431878324167259 * x_3)))))))**3 * (((1.147054942419809 * ((-0.24409900104184137 + (0.26127833680392853 * (-2.604274673300914 + (0.8774717798506494 * x_2)))))**3) - (2.0725195559999467 * (-2.7566779457259827 + (0.9431878324167259 * x_3)))) - ((((2.8621577817220727 * (-2.7566779457259827 + (0.9431878324167259 * x_3))) - ((-3.3096419815595874 * (-2.7566779457259827 + (0.9431878324167259 * x_3))) - ((1.3530442389927508 * (-2.604274673300914 + (0.8774717798506494 * x_2))) - (1.5466703510340176 * ((3.00253854572237 + (-1.0865060212975135 * (-2.685752135038517 + (0.8737632076877316 * x_1)))))**3)))) - (1.6310748069640693 * (-2.7566779457259827 + (0.9431878324167259 * x_3)))) - (3.0781976641957747 * ((2.475501987778542 + (0.13145570045670502 * (-2.7566779457259827 + (0.9431878324167259 * x_3)))))**3)))))
feynman_I_41_16,ok,5,32,1,BFGS,0.9340642299572791,0.70899995074389,123,322.08,,0.1,(0.8010668321257195 + (((-3.121667425538781 * (-2.5141252122709137 + (0.8254257004395766 * x_4))) - (-2.169070003584367 * (-2.4195199750154344 + (0.8276034912250019 * x_3)))) * (((1.7026389153145598 * (-2.4195199750154344 + (0.8276034912250019 * x_3))) - (((((3.0216692123913873 * ((-0.9601154198681374 + (-0.20086021990648734 * sin((11.961412966781978 + (1.705257948388713 * (-2.5141252122709137 + (0.8254257004395766 * x_4))))))))**3) - (-0.557755121973595 * (-2.4195199750154344 + (0.8276034912250019 * x_3)))) - (5.303535295667116 * (-2.4195199750154344 + (0.8276034912250019 * x_3)))) - (((((4.328254100563226 * (-2.7591720371449497 + (0.8901706115839029 * x_0))) - (1.0420105946900744 * (-2.7591720371449497 + (0.8901706115839029 * x_0)))) - (-2.1806738687842904 * (-2.7023065522833383 + (0.9018351501921328 * x_1)))) - (10.1214298545352 * (-2.4195199750154344 + (0.8276034912250019 * x_3)))) - ((-1.4102536969370472 + (-0.1783847488049425 * (-2.5141252122709137 + (0.8254257004395766 * x_4)))))**3)) - (3.8497915650492196 * (-2.4195199750154344 + (0.8276034912250019 * x_3))))) * (0.30110836747548675 * exp((-1.9209391438741097 + (-1.127846922464851 * (-2.5141252122709137 + (0.8254257004395766 * x_4)))))))))
feynman_I_43_16,ok,4,128,3,BFGS,0.9610981694691321,1.9385276883666185,94,154.25,,0.1,(2.602151050759515 + (((-0.18345742223713712 * ((((((1.1670519611421435 * (-2.5275619323503817 + (0.8733293130547708 * x_3))) - ((0.714952050057319 * (-2.5325929527992206 + (0.8680939467859502 * x_2))) - ((0.1020961481097969 * sin((-3.4123389402907893 + (-0.3619787321223357 * (-2.5275619323503817 + (0.8733293130547708 * x_3)))))) - (4.713632681012622 * sin((2.521898238441383 + (-0.019469700405790977 * (-2.5275619323503817 + (0.8733293130547708 * x_3))))))))) - (0.5991113652113974 * (-2.5394232640311034 + (0.8623533219956532 * x_0)))) - (0.6757894825844515 * (-2.569119086945987 + (0.8611156813888292 * x_1)))) + (-10.456575770452726 * exp((-4.240278018596122 + (1.2758782608918215 * (-2.5275619323503817 + (0.8733293130547708 * x_3))))))))**3) - (-0.47604574878535943 * (-2.5394232640311034 + (0.8623533219956532 * x_0)))) - exp((-2.53171633060958 + (-1.907673449212247 * (-2.5275619323503817 + (0.8733293130547708 * x_3)))))))
feynman_I_43_31,ok,3,64,2,BFGS,0.6193718489448621,11.153771214003383,68,196.24,,0.1,(27.47112839893795 + ((20.108709037881958 * sin((0.03571152743727571 + (0.7340490065276559 * (-2.620848157697589 + (0.877041434042821 * x_0)))))) - (3.2847670588425926 * ((((1.4008877744383552 * (-2.620848157697589 + (0.877041434042821 * x_0))) - (0.5053804792424508 + (4.752099810808623 * (-2.5655275384794733 + (0.8491796334579955 * x_2))))) - ((2.07870054931486 * (-2.620848157697589 + (0.877041434042821 * x_0))) - (-1.2456546107570965 + (4.640365920225523 * (-2.5655275384794733 + (0.8491796334579955 * x_2)))))) * ((1.9067990368992316 * (-2.5655275384794733 + (0.8491796334579955 * x_2))) - (0.43168464815172025 * (-2.620848157697589 + (0.877041434042821 * x_0))))))))
feynman_I_43_43,ok,4,32,1,BFGS,0.9541336667078202,0.3952691587054935,95,39.68,,0.1,(0.4479545841300645 + (((-1.065654439721472 * (-2.3535395914566313 + (0.8333798952873859 * x_1))) - ((2.6454685776345572 * exp((-1.1599437676158884 + (-1.2893451249196204 * (-2.5887400075603013 + (0.8587029602822143 * x_2)))))) - ((1.0108190509398707 * ((-1.0295074648460139 + (0.2495144179187383 * ((-3.9875563203078572 + (1.133381419000807 * x_0)) * (1.7316818522505484 + (-0.7580451318235109 * (-2.5887400075603013 + (0.8587029602822143 * x_2))))))))**3) - ((2.367650437329873 * (-2.721103044426544 + (0.8903757010329937 * x_3))) - (-0.6058501561262124 * sin((-1.4581802239860497 + (-2.386123328112257 * (-2.721103044426544 + (0.8903757010329937 * x_3)))))))))) * ((-0.06615169358925244 * (-2.3535395914566313 + (0.8333798952873859 * x_1))) - ((0.3610681583874886 * exp((-0.3466149647897778 + (-0.21006675050488244 * (-3.9875563203078572 + (1.133381419000807 * x_0)))))) - (-0.06275815477065641 * (-2.3535395914566313 + (0.8333798952873859 * x_1)))))))
feynman_I_44_4,ok,5,256,4,BFGS,0.9162714496527813,6.474551830555982,77,367.81,,0.1,(3.6761553244714076 + ((((0.9577532016397443 * (-2.74648864990375 + (0.8845625750500153 * x_4))) - (0.43376599291296414 * (-2.672702249888496 + (0.8826010950824924 * x_3)))) - (0.5357588913850244 * (-2.672702249888496 + (0.8826010950824924 * x_3)))) * ((-0.09439436472474116 * (-2.672702249888496 + (0.8826010950824924 * x_3))) - (((1.3961763188105643 * ((-1.0616021712306467 + (0.22414410790759343 * (-2.672702249888496 + (0.8826010950824924 * x_3)))))**2) - ((5.068648135625425 * (-2.772098215480759 + (0.9125155363496182 * x_0))) - (0.6419361022400412 + (-4.66732390808432 * (-2.499546494011863 + (0.8393835285754679 * x_2)))))) - (2.990440563372216 * ((2.1578489477852596 + (0.40542449907837075 * (-2.735022369041267 + (0.8893477651640194 * x_1)))))**2)))))
feynman_I_47_23,ok,3,256,4,BFGS,0.988610401602154,0.0715836133476817,61,267.51,,0.1,(1.7182737128867325 + ((-0.01444225511248785 * (((11.122860677182755 * (-2.5724828174692225 + (0.8432476442733219 * x_2))) - ((4.883833838198536 * (-2.5724828174692225 + (0.8432476442733219 * x_2))) - ((2.5065914080514684 * (-2.592997202582427 + (0.837398763532969 * x_0))) - (5.599738712268953 * (-2.6165659297933477 + (0.8878935966391123 * x_1)))))) * ((1.216608469811666 * (-2.592997202582427 + (0.837398763532969 * x_0))) - (-4.321620090566434 + (1.1175918715304114 * (-2.5724828174692225 + (0.8432476442733219 * x_2))))))) - (-0.5204660067037868 * (-2.592997202582427 + (0.837398763532969 * x_0)))))
feynman_I_48_2,ok,3,32,1,BFGS,0.9964474032951041,5.506068630894829,95,27.02,,0.1,(28.756712866411334 + ((((-14.179067138777572 * (-2.552294993039161 + (0.8647831399427154 * x_0))) - (-3.478448571903612 * (-3.391832487704957 + (0.5210116748906156 * x_2)))) - ((((20.19551121033401 * (-3.391832487704957 + (0.5210116748906156 * x_2))) - ((14.427665425544316 * (-2.552294993039161 + (0.8647831399427154 * x_0))) - (4.3263342555556505 + (0.3657239949865811 * (-3.391832487704957 + (0.5210116748906156 * x_2)))))) - (27.822715955939223 * (-3.391832487704957 + (0.5210116748906156 * x_2)))) - (-12.833578539304474 * (-3.391832487704957 + (0.5210116748906156 * x_2))))) * ((((-13.884133171426896 * (-2.552294993039161 + (0.8647831399427154 * x_0))) - (2.9897632484109025 + (-1.5582611328402356 * (-3.391832487704957 + (0.5210116748906156 * x_2))))) - (5.706970217773257 * (-3.391832487704957 + (0.5210116748906156 * x_2)))) - (20.75074452562994 + (1.4179350977870917 * (-3.391832487704957 + (0.5210116748906156 * x_2)))))))
feynman_I_50_26,ok,4,128,3,BFGS,0.6235580312189899,1.2178422511790261,91,327.38,,0.1,(0.7968053175860776 + ((((1.0991143621277466 * (((-0.055065322688269 * (-3.3328522910623977 + (1.7072811432647408 * x_3))) - sin((2.4778595664706833 + (1.2105828347122087 * (-3.536023516680619 + (1.75533069780533 * x_2)))))))**2) - (0.17701854629611286 * (-3.3328522910623977 + (1.7072811432647408 * x_3)))) - (1.241961960150487 * sin((0.8973266069580748 + (0.002875616821572077 * (-3.3328522910623977 + (1.7072811432647408 * x_3))))))) * (((2.3831719421822886 * sin((2.741211757191386 + (1.5398741777849034 * (-3.3181470678994196 + (1.6324912473197704 * x_1)))))) - ((0.7819941608022931 * (-3.6514817749949793 + (1.80323135783928 * x_0))) - ((-0.12381162522791567 * (-3.6514817749949793 + (1.80323135783928 * x_0))) - (1.4828647323471995 + (0.8959254477128873 * (-3.536023516680619 + (1.75533069780533 * x_2))))))) - (0.638472333768896 * (-3.3328522910623977 + (1.7072811432647408 * x_3))))))
feynman_I_6_2,ok,2,128,3,BFGS,0.9787824493264687,0.006250954007031657,56,94.24,,0.1,(0.09605109275758769 + (sin((-3.2158940596248113 + (0.03888322589922841 * (-3.514115234431094 + (1.739810398745664 * x_0))))) * ((-0.7610341476761531 * ((-3.405357073342636 + (1.6986630633987225 * x_1)) * (-0.007542438289235837 + (-0.08394685024024072 * (-3.405357073342636 + (1.6986630633987225 * x_1)))))) - ((-1.7800787878311277 * (-3.405357073342636 + (1.6986630633987225 * x_1))) - ((-2.2795269754143903 * (-3.405357073342636 + (1.6986630633987225 * x_1))) - (-0.2734283734385047 + (-0.22388041539101972 * (-3.514115234431094 + (1.739810398745664 * x_0)))))))))
feynman_I_6_2a,ok,1,32,1,BFGS,0.9996535946317125,0.0013402422793907709,37,23.53,,0.1,(0.05427273530149407 + ((-3.3043792546673862 + (1.6591429555496728 * x_0)) * (-0.06705352828645272 + (-0.011197098143678936 * ((-3.3043792546673862 + (1.6591429555496728 * x_0)) * (-2.7860747910626618 + (-0.09988403148555469 * ((-3.3043792546673862 + (1.6591429555496728 * x_0)) * (-2.2568178473228206 + (-1.6245583088882083 * (-3.3043792546673862 + (1.6591429555496728 * x_0))))))))))))
feynman_I_6_2b,ok,3,64,2,BFGS,0.7561130631117329,0.02693080785309136,85,214.01,,0.1,(-0.29047093175871996 + (((-0.0041033126029358605 * ((-3.648690234065757 + (1.810834389535367 * x_0)) * (2.669838512026863 + (-1.9900070704063197 * (-3.648690234065757 + (1.810834389535367 * x_0)))))) - ((1.7761242340352088 * sin((2.466365113396904 + (-0.017814511056868584 * (-3.648690234065757 + (1.810834389535367 * x_0)))))) - (0.005004953155195068 * ((-3.648690234065757 + (1.810834389535367 * x_0)) * (-3.5208095926375687 + (1.7955920545817259 * x_1)))))) - (((-2.376182729510667 * (-3.648690234065757 + (1.810834389535367 * x_0))) - ((-0.04021681488335613 * sin((0.36026419622544503 + (-0.9903019603132264 * (-3.648690234065757 + (1.810834389535367 * x_0)))))) - (1.2122996393135392 * (-3.648690234065757 + (1.810834389535367 * x_0))))) - (1.593560132258268 + (-1.2041362667537356 * (-3.648690234065757 + (1.810834389535367 * x_0)))))))
feynman_I_8_14,ok,4,256,4,BFGS,0.5683502251562063,0.6238604826535274,116,330.95,,0.1,(1.7582120151794582 + ((0.26665937876708057 * abs(((1.5448446732211374 * (-2.6197762566691063 + (0.8822041138208964 * x_3))) - ((2.7499258181016315 * (-2.599248084478257 + (0.8845884196557181 * x_2))) - (1.9845460496530078 * (-2.6197762566691063 + (0.8822041138208964 * x_3))))))) - ((0.7274121009013791 * (-2.6197762566691063 + (0.8822041138208964 * x_3))) - ((((-2.2753563483824637 * (-2.599248084478257 + (0.8845884196557181 * x_2))) - (-0.6551238648561777 * (-2.6197762566691063 + (0.8822041138208964 * x_3)))) - ((((0.9871648934348396 * sin((1.630602536837452 + (0.8199034336832675 * (-2.8502199266344257 + (0.9130456171320038 * x_0)))))) - (0.5442709326585223 * (-2.7225380020541645 + (0.925073228466846 * x_1)))) - ((2.3103095449144275 * (-2.599248084478257 + (0.8845884196557181 * x_2))) - (1.622171424954994 * (-2.7225380020541645 + (0.925073228466846 * x_1))))) - (1.0043414413108338 * (-2.7225380020541645 + (0.925073228466846 * x_1))))) - (0.1771443235009713 * ((-2.6197762566691063 + (0.8822041138208964 * x_3)) * sin((2.6036897377890185 + (2.2568391603339606 * (-2.6197762566691063 + (0.8822041138208964 * x_3)))))))))))
feynman_I_9_18,ok,9,256,4,BFGS,0.7674971882972607,0.05740754975512384,143,252.06,,0.1,(-1.2984292610960348 + ((-0.012848634013741474 * ((((((((-1.5151791330005808 * (-5.454952378167819 + (3.5597416854716295 * x_2))) - ((-3.2110831350450644 * (-5.0619378650438245 + (3.429332041613027 * x_0))) - (-2.8662229030672774 * (-5.0619378650438245 + (3.429332041613027 * x_0))))) - (-5.397077661223502 + (-1.3676709261583533 * (-5.3254948363333385 + (3.5109234238146523 * x_8))))) - (-5.454952378167819 + (3.5597416854716295 * x_2))) - (-5.0619378650438245 + (3.429332041613027 * x_0))) - (-0.8410238019263516 + (0.3737723739575695 * (-5.454952378167819 + (3.5597416854716295 * x_2))))) - (-5.935909772458195 * (-5.454952378167819 + (3.5597416854716295 * x_2)))) * ((-0.4202273130701908 * (-5.0619378650438245 + (3.429332041613027 * x_0))) - (1.8014044596633716 + (0.34391070705041576 * (-5.425315389628147 + (3.544367204983429 * x_4))))))) - (((((0.7258185394994272 * (-5.454952378167819 + (3.5597416854716295 * x_2))) - ((-2.4747642429710712 * (-5.454952378167819 + (3.5597416854716295 * x_2))) - (-0.11892128224512404 * (-5.454952378167819 + (3.5597416854716295 * x_2))))) - (0.04711852448443121 * (-5.280887282031235 + (3.517700762370517 * x_1)))) - ((4.886476906891345 * (-5.454952378167819 + (3.5597416854716295 * x_2))) - (-0.03394297288325448 * (-5.0619378650438245 + (3.429332041613027 * x_0))))) - (1.4521351306111479 + (-1.8206359173637168 * (-5.454952378167819 + (3.5597416854716295 * x_2)))))))
feynman_test_1,ok,7,256,4,BFGS,0.7425542658594186,4.405722864046246,117,430.56,,0.1,(1.4965494690959678 + (exp((-1.008253349119724 + (-0.9833327650557403 * (-3.366539535406591 + (1.6550803839109154 * x_6))))) * (((2.4471620529053824 * (-5.138990131434707 + (3.418222117248415 * x_3))) - ((((-1.0354964751011286 * (-5.138990131434707 + (3.418222117248415 * x_3))) - (exp((1.214414102256728 + (-1.0761671762172562 * (-3.366539535406591 + (1.6550803839109154 * x_6))))) - (((((-2.468410034980802 * (-5.227781264550111 + (3.4955479802810143 * x_0))) - (1.2112291372990387 * (-5.138990131434707 + (3.418222117248415 * x_3)))) - ((2.417111981216531 * (-5.46455807631665 + (3.5498345168665297 * x_4))) - (0.7204758248647268 * (-5.138990131434707 + (3.418222117248415 * x_3))))) - (-3.366539535406591 + (1.6550803839109154 * x_6))) - exp((-10.094025404610422 + (-7.424730393291445 * (-3.366539535406591 + (1.6550803839109154 * x_6)))))))) - (-0.6708693925206511 * exp((-2.751499234540587 + (-3.631526118907006 * (-3.366539535406591 + (1.6550803839109154 * x_6))))))) - (-5.351487623353356 * (-3.537848367214543 + (1.7762555305867092 * x_5))))) - (-0.01962803814826891 * (-3.366539535406591 + (1.6550803839109154 * x_6))))))
feynman_test_10,ok,3,64,2,BFGS,0.9553155257994611,0.10689298467041725,80,211.11,,0.1,(0.32080287697638854 + ((-2.2294023917811554 * (-3.3460345348848217 + (1.6375695874502416 * x_2))) - ((-0.3523494585923267 * (-3.3460345348848217 + (1.6375695874502416 * x_2))) - ((((-1.9606986491746654 * (-3.3460345348848217 + (1.6375695874502416 * x_2))) - (((0.05580287127159091 * (-8.116061002775346 + (1.6342484134069302 * x_0))) - (0.0665283523786068 * sin((2.2693839954384627 + (2.30647229341365 * (-3.3460345348848217 + (1.6375695874502416 * x_2))))))) - (3.3719368534687444 * (-3.3460345348848217 + (1.6375695874502416 * x_2))))) - ((-1.0793902721377184 * (-3.3460345348848217 + (1.6375695874502416 * x_2))) - (2.0439278462412567 + (2.206283322073936 * (-3.3460345348848217 + (1.6375695874502416 * x_2)))))) - (2.3166917268073672 * (-3.3460345348848217 + (1.6375695874502416 * x_2)))))))
feynman_test_11,ok,4,256,4,BFGS,0.8442497072067873,0.4531724414066222,80,246.58,,0.1,(2.572073077868165 + ((3.6063899995903714 * (((0.030166613295347908 * ((-3.346469913588077 + (1.6850115584239587 * x_2)) * ((-5.655360638860518 + (0.1887595201475889 * (-5.236612109883896 + (3.481438590813907 * x_3)))))**2)) - (-3.346469913588077 + (1.6850115584239587 * x_2))) * (((0.9063292609668578 * (-3.3954474918985897 + (1.6980452382715512 * x_0))) - (-0.08805767685425844 * (-3.3954474918985897 + (1.6980452382715512 * x_0)))) - (-2.132937599508515 + (0.7422348911794356 * (-3.346469913588077 + (1.6850115584239587 * x_2))))))) - (((-0.48791150663164895 * (-3.3954474918985897 + (1.6980452382715512 * x_0))) - (-0.8710390342037675 + (-0.9328401589600182 * (-3.346469913588077 + (1.6850115584239587 * x_2))))) - (0.5698333927527677 * (-3.346469913588077 + (1.6850115584239587 * x_2))))))
feynman_test_12,ok,5,32,1,BFGS,0.9444120677550941,3.4188348242531728,105,35.45,,0.1,(8.410488082073073 + (((0.9958895605701983 * (-2.6977268572244775 + (0.8745901392683244 * x_0))) - (-0.3942818417306717 * exp((0.7317620517794281 + ((-0.5290162644708609 * (-3.5635370620943165 + (1.7939317028206654 * x_1))) - ((0.015934921903365054 * exp((-3.138309079266161 + (-3.778542471171461 * (-3.5635370620943165 + (1.7939317028206654 * x_1)))))) - ((0.20598289948026915 * (-2.6977268572244775 + (0.8745901392683244 * x_0))) - (0.6735640968885956 * (-3.5635370620943165 + (1.7939317028206654 * x_1)))))))))) * (((2.697487862400008 * (-2.5428592207713114 + (0.8562284556356499 * x_2))) - (-0.9594937504933081 * (-8.932695855907657 + (1.8116048195913816 * x_3)))) - (((-3.5635370620943165 + (1.7939317028206654 * x_1)) - ((1.4349606241521817 + (-0.14701058040117815 * (-3.5635370620943165 + (1.7939317028206654 * x_1)))))**3) - ((0.8310873597027082 * sin((2.7340381210913467 + (-1.549612757318659 * (-3.5635370620943165 + (1.7939317028206654 * x_1)))))) - (0.9443774133255958 * (-3.5635370620943165 + (1.7939317028206654 * x_1))))))))
feynman_test_13,ok,5,256,4,BFGS,0.9188682605217757,0.004351539433065839,102,333.90,,0.1,(-0.022744990003444487 + (exp((-2.843887479457152 + (-0.4707705733150829 * (-2.6325494804343417 + (0.8669522048421392 * x_4))))) * (((1.437626714704864 * (-2.6250159024465325 + (0.8809471830218581 * x_0))) - ((0.5362039675354915 * (-1.746642865264792 + (0.5896839391773017 * x_3))) - ((((1.80453092267802 * (-1.746642865264792 + (0.5896839391773017 * x_3))) - sin((1.0024132687122607 + (-0.41503537046458594 * (-2.6325494804343417 + (0.8669522048421392 * x_4)))))) - (-0.02098610087436706 * sin((1.1502575374305684 + (-2.1147848778509895 * (-1.746642865264792 + (0.5896839391773017 * x_3))))))) - ((1.0099503135597008 * (-2.6250159024465325 + (0.8809471830218581 * x_0))) - (-0.22146896284784368 + (-1.2808874632142313 * (-1.746642865264792 + (0.5896839391773017 * x_3)))))))) - ((0.32121702607027613 * (-2.6250159024465325 + (0.8809471830218581 * x_0))) - (1.6243925070437193 + (0.10029535421126506 * ((-1.746642865264792 + (0.5896839391773017 * x_3)) * (-1.746642865264792 + (0.5896839391773017 * x_3)))))))))
feynman_test_14,ok,5,256,4,BFGS,0.7199784918960515,7.053991010605153,99,310.70,,0.1,(0.889215249896018 + (((1.8775325459214898 * sin((0.8026933239437993 + (0.9319851479965255 * (-2.82933830080293 + (0.9019774465276317 * x_2)))))) - (1.1294728905449354 * (-2.7343051092784583 + (0.8676802164640326 * x_3)))) * (((-2.82933830080293 + (0.9019774465276317 * x_2)) * sin((1.585225764713475 + (1.6700254123401215 * (-1.8362504524212548 + (0.5886238536748217 * x_1)))))) * ((((((4.720646992009936 * (-2.82933830080293 + (0.9019774465276317 * x_2))) - (-0.3283558814245806 * (-2.82933830080293 + (0.9019774465276317 * x_2)))) - ((-0.0799757152958307 * (-2.4971016599479787 + (0.8755177320464741 * x_0))) - (1.1160623815364823 + (0.08217931847621102 * (-2.82933830080293 + (0.9019774465276317 * x_2)))))) - (0.4650071647752344 * (-2.4971016599479787 + (0.8755177320464741 * x_0)))) - (4.5929826941578185 + (-1.416959453615895 * (-2.82933830080293 + (0.9019774465276317 * x_2))))) - (0.5221353467177308 * (-2.82933830080293 + (0.9019774465276317 * x_2)))))))
feynman_test_15,ok,4,64,2,BFGS,0.9546379050218341,0.2817558270052129,78,197.85,,0.1,(0.9897129146021671 + ((0.3504105574167547 * ((((1.310994794049646 * (-2.6083629970816253 + (0.8614753242282561 * x_2))) - (2.488814970931924 + (1.7829812667443816 * (-2.6083629970816253 + (0.8614753242282561 * x_2))))) - ((-0.4859823690710163 * (-2.6083629970816253 + (0.8614753242282561 * x_2))) - (-0.5014504809996108 * sin((1.3455827391938802 + (2.102104165304868 * (-1.6328865507846893 + (0.5623491845950379 * x_3)))))))) * (((1.138502511911256 * (-2.6083629970816253 + (0.8614753242282561 * x_2))) - (3.435481702753129 + (0.6127734984889956 * (-2.6083629970816253 + (0.8614753242282561 * x_2))))) - (1.7711299924698494 * (-2.6083629970816253 + (0.8614753242282561 * x_2)))))) - (0.8725868891803619 + (-0.09469199625301436 * (-2.6083629970816253 + (0.8614753242282561 * x_2))))))
feynman_test_16,ok,6,128,3,BFGS,0.9351894081920809,6.679046244852008,136,142.11,,0.1,(54.11367388704471 + ((8.344348268345673 * (-2.8339070085508693 + (0.8963785096562519 * x_3))) - (((21.416544498364907 * sin((0.5589275075905948 + (0.9360502556645791 * (-2.5646829966487252 + (0.8976314789223115 * x_1)))))) - (36.567379103152945 * (-2.5646829966487252 + (0.8976314789223115 * x_1)))) - (((6.674119010164652 * (-2.754039946388614 + (0.9247900733006543 * x_4))) - (17.044337287889256 * ((-2.4906875140014773 + (0.8274788980025466 * x_0)) * (-0.9699139912830361 + (-0.15767634989339446 * (-2.5646829966487252 + (0.8976314789223115 * x_1))))))) - (((7.182645928733283 * (-2.4906875140014773 + (0.8274788980025466 * x_0))) - (1.999894297322041 * (-2.5646829966487252 + (0.8976314789223115 * x_1)))) - (0.7686674229524462 * ((-2.5646829966487252 + (0.8976314789223115 * x_1)) * ((((-0.8859515711068258 * ((-2.5646829966487252 + (0.8976314789223115 * x_1)) * (-2.5646829966487252 + (0.8976314789223115 * x_1)))) - ((-5.977402665319058 * (-2.4906875140014773 + (0.8274788980025466 * x_0))) - (0.11061224005678755 + (-2.1248499922101924 * ((-2.5646829966487252 + (0.8976314789223115 * x_1)) * (-2.5646829966487252 + (0.8976314789223115 * x_1))))))) - (0.47719769068618323 + (3.5840039029236817 * (-2.5646829966487252 + (0.8976314789223115 * x_1))))) - (-1.8404580540281454 * (-2.5646829966487252 + (0.8976314789223115 * x_1)))))))))))
feynman_test_17,ok,6,64,2,BFGS,0.8676989564599752,399.1045643382908,102,352.25,,0.1,(18.163678278243616 + ((((1.832536379116834 + (0.8661218253272958 * (-2.7108630841762187 + (0.8830372164530217 * x_4)))))**3 * (((((1.8127542535808532 * sin((1.016207755293218 + (0.2534292970458395 * (-2.609026883475403 + (0.9049875073710979 * x_0)))))) - (2.247047162623425 * (-2.781416348213264 + (0.8769741774113623 * x_3)))) - ((0.6002334509326432 + (-0.016175022389717457 * (-2.765478966339881 + (0.9329498472453334 * x_1)))))**3) - ((-1.3067845896809334 * (-2.7108630841762187 + (0.8830372164530217 * x_4))) - (0.8111593484360169 * (-2.765478966339881 + (0.9329498472453334 * x_1))))) - ((1.1374692357927905 * (-2.7108630841762187 + (0.8830372164530217 * x_4))) - (2.2694102843219897 * (-2.781416348213264 + (0.8769741774113623 * x_3)))))) * ((14.194481283900096 * ((1.6201261946437973 + (-0.206120516923409 * (-2.7108630841762187 + (0.8830372164530217 * x_4)))))**3) - (23.48705047399912 * ((-0.32805860553098 + (0.7226362008589435 * (-2.781416348213264 + (0.8769741774113623 * x_3)))))**3))))
feynman_test_18,ok,5,256,4,BFGS,0.8090454344403242,0.34017016756988705,78,344.28,,0.1,(0.5821263736693294 + ((((-0.01485290255387446 * (-2.649399129385902 + (0.8900528640090624 * x_3))) - (2.009329387756833 * exp((-2.590913359334282 + (-2.6433867979779153 * (-2.391519112253692 + (0.8163618698332834 * x_2))))))) - (((1.2358034256038959 + (0.40353619044929595 * (-2.649399129385902 + (0.8900528640090624 * x_3)))))**3 - ((1.4789961129536042 + (0.38657471699320967 * (-2.8325456789844874 + (0.8985308040340149 * x_0)))))**3)) * (0.8352558824568073 * (((-0.26101755932724907 + (0.014254518225115902 * (-2.649399129385902 + (0.8900528640090624 * x_3)))))**3 * ((1.410416503141169 * ((1.8104762117227968 + (-0.5192445808708563 * (-2.8325456789844874 + (0.8985308040340149 * x_0)))))**3) - (1.3243500629308207 * (-2.649399129385902 + (0.8900528640090624 * x_3))))))))
feynman_test_19,ok,6,256,4,BFGS,0.8978467124083529,4.9942928106014275,95,601.76,,0.1,(1.1142380240782686 + ((-0.010750149528283938 * ((((1.5152442067600873 * ((-1.6685150178292552 + (0.637732656002896 * ((-2.470148202109449 + (0.8643710414180056 * x_0)) * (1.2841036764931468 + (0.2947743893637339 * (-2.5340806714331805 + (0.8433488361089256 * x_3))))))))**3) - ((2.56035556815792 + (0.17519392139145445 * (-2.5340806714331805 + (0.8433488361089256 * x_3)))))**3) * (((5.645969287676774 * (-2.563942402759304 + (0.8359465135192651 * x_4))) - (1.7565054934603568 * (-2.5340806714331805 + (0.8433488361089256 * x_3)))) - ((-2.050237875364472 + (-0.659100850328691 * (-2.586608786405093 + (0.8513854795762903 * x_5)))))**3)) * (2.8543324068401725 + (1.5462346447099087 * (-2.5340806714331805 + (0.8433488361089256 * x_3)))))) - ((1.8468715750581142 * (-2.563942402759304 + (0.8359465135192651 * x_4))) - (-1.1605829403932102 * ((0.9958407878176168 + (0.6747876854738106 * (-2.586608786405093 + (0.8513854795762903 * x_5)))))**3))))
feynman_test_2,ok,6,128,3,BFGS,0.3143694813436865,1.5645340801276948,85,392.39,,0.1,(1.0840095811856885 + ((-0.6127201521809167 * (-3.442291868563275 + (1.728032016896608 * x_2))) - (-0.13228161833400073 * ((sin((3.6258356050070644 + (4.911834275223678 * (-3.442291868563275 + (1.728032016896608 * x_2))))) - ((-0.87008379492196 * sin((-2.3221070300780395 + (-0.8338842530230146 * (-3.442291868563275 + (1.728032016896608 * x_2)))))) - ((-0.15228029313509417 * (-3.694453183714725 + (1.849845799738913 * x_0))) - (-0.20777895514997413 + (0.11178366019451505 * (-3.442291868563275 + (1.728032016896608 * x_2))))))) * ((1.151963200850411 * (-1.5805657668478423 + (0.5708335569588892 * x_4))) - ((2.2434222576812495 * (-3.694453183714725 + (1.849845799738913 * x_0))) - (-1.3938744939525076 + (5.500841313254282 * ((-3.442291868563275 + (1.728032016896608 * x_2)) * (-3.694453183714725 + (1.849845799738913 * x_0)))))))))))
feynman_test_20,ok,7,64,2,BFGS,0.8443586375853175,1.6086559343978282,125,770.90,,0.1,(0.31082054752904487 + (exp((((((-0.9928679127648143 * (-2.6907610883925144 + (0.890707011566884 * x_4))) - sin((0.6190721396792602 + (-2.827408443849955 * (-2.783570439639793 + (0.9233358890323494 * x_5)))))) - ((-1.226849129517181 * (-2.7376235059154497 + (0.8673671831208826 * x_2))) - (0.09796667697341155 * ((-2.5572280095030715 + (0.8621049992891755 * x_3)) * (-2.5052288861366203 + (0.8487810534637035 * x_1)))))) - ((3.4212508286428367 * (-2.5572280095030715 + (0.8621049992891755 * x_3))) - exp((2.7829038663559444 + (0.2743354196493246 * (-2.5572280095030715 + (0.8621049992891755 * x_3))))))) + (((-0.5498094815275731 * (-2.7376235059154497 + (0.8673671831208826 * x_2))) - (0.9442596194934889 * exp((3.1689893988731237 + (0.04833457257378217 * (-2.4913618241411206 + (0.870112794150215 * x_0))))))) - (-1.563099878362828 * (-2.5052288861366203 + (0.8487810534637035 * x_1)))))) * (((0.1740697685591483 * exp((3.8891339645200675 + (-0.8800949914017464 * (-2.4913618241411206 + (0.870112794150215 * x_0)))))) - (4.245808508578952 * (-2.7376235059154497 + (0.8673671831208826 * x_2)))) - (1.349020244605637 * exp((0.9323237409645306 + (0.002223689518936575 * (-2.4913618241411206 + (0.870112794150215 * x_0)))))))))
feynman_test_3,ok,4,32,1,BFGS,0.9418428886186463,0.4694111151437293,119,20.60,,0.1,(-1.9920065004436485 + ((0.6642670525723194 * (-3.471159570853373 + (1.6737506595930596 * x_0))) - ((3.0157842704860123 * (-4.859006065813082 + (1.6427931891012966 * x_1))) - (((-0.03402290103628575 * (-3.471159570853373 + (1.6737506595930596 * x_0))) - (0.7572179540375537 * ((((1.6443812609548054 * (-3.471159570853373 + (1.6737506595930596 * x_0))) - (0.17318382652657124 * (-4.859006065813082 + (1.6427931891012966 * x_1)))) - ((0.7731273823198626 * (-3.471159570853373 + (1.6737506595930596 * x_0))) - (1.65901232998266 * (-3.471159570853373 + (1.6737506595930596 * x_0))))) - (-1.2582359939396213 + (2.966695987390093 * (-4.859006065813082 + (1.6427931891012966 * x_1))))))) - ((0.27086243947571875 * ((-4.859006065813082 + (1.6427931891012966 * x_1)) * (((1.5135401550215635 * (-3.471159570853373 + (1.6737506595930596 * x_0))) - (-1.8573134098791204 + (0.429239494156647 * ((-4.859006065813082 + (1.6427931891012966 * x_1)) * (-4.859006065813082 + (1.6427931891012966 * x_1)))))) - (0.003697242300324464 * (-4.859006065813082 + (1.6427931891012966 * x_1)))))) - (-1.4668705487490978 + (-0.48386608386364494 * (-4.859006065813082 + (1.6427931891012966 * x_1)))))))))
feynman_test_4,ok,5,256,4,BFGS,0.9670028101822261,0.09171909619510572,97,321.45,,0.1,(9.488341953910076 + (((((((0.05670487911314487 * (-3.631622653697142 + (1.8179962395743536 * x_4))) - (0.16618302308010147 + (1.3542850822966264 * (-3.434758293955252 + (1.7338496667716403 * x_0))))) - (2.732172722007533 + (-1.2763098232847554 * (-8.409856081703799 + (0.8421415637065467 * x_1))))) - ((0.11262493407466356 * (-3.4980833203229977 + (1.8537679695560751 * x_2))) - sin((3.323103968104407 + (2.0258774949035647 * (-3.434758293955252 + (1.7338496667716403 * x_0))))))) - (-0.9643496636925502 * sin((3.0885925837409243 + (-2.2104303357752233 * (-3.434758293955252 + (1.7338496667716403 * x_0))))))) - (2.482846121650349 * (-8.409856081703799 + (0.8421415637065467 * x_1)))) - (((-0.3052351439659069 * (-3.434758293955252 + (1.7338496667716403 * x_0))) - (-3.120258856150432 + (-0.6026109415891474 + (1.4175029351777226 * (-8.409856081703799 + (0.8421415637065467 * x_1)))))) - (0.7719186962071141 * (-3.434758293955252 + (1.7338496667716403 * x_0))))))
feynman_test_5,ok,4,32,1,BFGS,0.9590893998736368,0.6240539668021687,71,14.67,,0.1,(-1.7376795387310047 + (((17.57442722030448 * (-3.23468266994482 + (1.6591241874943665 * x_0))) - (0.22947803932056232 + (17.643869491199794 * (-3.23468266994482 + (1.6591241874943665 * x_0))))) * (((1.962609370598834 * (-3.5715645968617267 + (1.7740534831014714 * x_3))) - (((-3.010325351432172 * (-3.23468266994482 + (1.6591241874943665 * x_0))) - (-22.297223395594713 + (4.417156347893323 * (-3.463507310340305 + (1.7558292590522568 * x_1))))) - ((-2.788031092690744 * (-3.23468266994482 + (1.6591241874943665 * x_0))) - (-13.332943749102327 * (-3.23468266994482 + (1.6591241874943665 * x_0)))))) - (13.38060866330391 + (15.209267396478687 * (-3.23468266994482 + (1.6591241874943665 * x_0)))))))
feynman_test_6,ok,7,256,4,BFGS,0.6087245768091458,0.3204773638901958,121,443.99,,0.1,(1.0607891654953754 + ((((0.023820538405200133 * ((-3.4017177863831747 + (1.6461681118362466 * x_3)) * (-3.464097052656947 + (1.740799776652784 * x_5)))) - ((-0.22529129235145456 + (0.12393270592536582 * (-3.464097052656947 + (1.740799776652784 * x_5)))))**3) - (0.029482909318543575 * (-3.4017177863831747 + (1.6461681118362466 * x_3)))) * ((2.229141766739888 * sin((2.621242425922124 + (-5.32213177827318 * (-3.464097052656947 + (1.740799776652784 * x_5)))))) - (((2.8151281969441238 * (-3.4017177863831747 + (1.6461681118362466 * x_3))) - ((3.4146799018164753 * sin((1.8562927185273894 + (-1.7196836815127043 * (-3.464097052656947 + (1.740799776652784 * x_5)))))) - ((-3.464097052656947 + (1.740799776652784 * x_5)) * (((-2.0853462364773647 * (-3.449152718312042 + (1.6976979855860372 * x_4))) - (-4.485977651440699 * (-3.564003084010684 + (1.7270366227340548 * x_0)))) - (-0.2753360613857704 + (2.274261722151156 * (-3.464097052656947 + (1.740799776652784 * x_5)))))))) - ((-3.833218920251669 * (-3.464097052656947 + (1.740799776652784 * x_5))) - (2.6365333782222002 * sin((2.615814558685248 + (1.9094345980552978 * (-3.464097052656947 + (1.740799776652784 * x_5)))))))))))
feynman_test_7,ok,5,256,4,BFGS,0.9877270271910029,0.12970125396508822,82,200.48,,0.1,(1.950623015439823 + ((-1.4195945944723807 * (((-4.01008885957154 + (1.9368236560367404 * x_0)) - (-0.749368873789344 + (0.8836187912088875 * (-3.5817515635104775 + (1.71294374453043 * x_1))))) * (((0.062494570782362424 * (-4.01008885957154 + (1.9368236560367404 * x_0))) - (1.5108241504148108 + (0.878902261232462 * (-3.5817515635104775 + (1.71294374453043 * x_1))))) - ((1.7093313988977599 * (-3.5817515635104775 + (1.71294374453043 * x_1))) - (2.658283140508125 * ((-3.5817515635104775 + (1.71294374453043 * x_1)) * sin((1.7824422918101304 + (-0.016568891200491598 * (-3.5817515635104775 + (1.71294374453043 * x_1))))))))))) - ((1.3181602977889928 * (-4.01008885957154 + (1.9368236560367404 * x_0))) - (2.3362603516823395 + (2.7335707645575233 * (-3.5817515635104775 + (1.71294374453043 * x_1)))))))
feynman_test_8,ok,4,64,2,BFGS,0.9070335602744685,0.14492583078220303,98,107.71,,0.1,(-8.394321051668115 + ((-0.03564636681063647 * sin((-1.449892340084233 + (-6.323740729565216 * (-3.3575040445859767 + (1.7014291673085824 * x_2)))))) - ((0.3501867020043423 * ((-3.3653065153557096 + (1.6809530999057976 * x_0)) * (-1.7792427511546567 + (0.19232255593334668 * (-3.4646197585343543 + (1.7925414576254786 * x_3)))))) - (((2.5922051895212803 * (-3.3653065153557096 + (1.6809530999057976 * x_0))) - (-6.1495749276897165 + (-2.7159940383931716 * (-3.3575040445859767 + (1.7014291673085824 * x_2))))) - (((-0.09521204256528165 * ((-3.3575040445859767 + (1.7014291673085824 * x_2)) * (-3.3653065153557096 + (1.6809530999057976 * x_0)))) - (3.6578064212314665 + (-0.14077254915242854 * (-3.4646197585343543 + (1.7925414576254786 * x_3))))) - (((-2.1425160662790734 * (-3.3575040445859767 + (1.7014291673085824 * x_2))) - (0.3128906433801184 * (-3.3575040445859767 + (1.7014291673085824 * x_2)))) - (2.874282190574112 * (-3.3653065153557096 + (1.6809530999057976 * x_0)))))))))
feynman_test_9,ok,5,128,3,BFGS,0.907923135849214,3267.465055808019,128,387.69,,0.1,(-17.224732638032414 + (((8.80064104991417 * (-2.4930593469502407 + (0.8452017443213172 * x_2))) - (14.67904874443024 * (exp((0.6832521683553869 + (0.5814272402992913 * (-2.5627625663383364 + (0.8211078402482829 * x_3))))) * (exp((-0.825429313080132 + (-2.213486197442121 * ((-2.5627625663383364 + (0.8211078402482829 * x_3)) * (-2.5627625663383364 + (0.8211078402482829 * x_3)))))) * (((0.6339576014588253 * (-2.5627625663383364 + (0.8211078402482829 * x_3))) - ((((0.19291910028767512 * (-2.4930593469502407 + (0.8452017443213172 * x_2))) - ((0.6615266954967665 * (-5.657145228365777 + (3.711512297913349 * x_0))) - (-0.0003228740272992767 * exp((-0.9500017175828195 + (-5.121185619773993 * (-5.229820704398722 + (3.505187093079862 * x_1)))))))) - (1.9158116615297365 * (-2.5627625663383364 + (0.8211078402482829 * x_3)))) - (((-0.7940663437300914 * (-2.4930593469502407 + (0.8452017443213172 * x_2))) - ((0.5189469271786624 * (-2.4930593469502407 + (0.8452017443213172 * x_2))) - (2.077974147338673 * (-2.4930593469502407 + (0.8452017443213172 * x_2))))) - (0.012957412941620665 * (-2.5627625663383364 + (0.8211078402482829 * x_3)))))))**3)))) * exp((-0.20506425310593734 + (-3.766842586829103 * (-5.229820704398722 + (3.505187093079862 * x_1)))))))
first_principles_absorption,ok,1,32,1,BFGS,0.9967802999778199,0.06306358328741442,46,23.43,,0.1,(1.1200214761923113 + (sin((-2.087236905141606 + (0.4184013092368447 * (-0.748484636380034 + (0.08019887424858779 * x_0))))) * ((-0.11979736721907353 * sin((-0.8944377050455312 + (-6.53433291569589 * (-0.748484636380034 + (0.08019887424858779 * x_0)))))) - ((1.450894824046383 * (-0.748484636380034 + (0.08019887424858779 * x_0))) - (1.2595492314379326 * sin((5.4642630717553455 + (-1.534605821880839 * (-0.748484636380034 + (0.08019887424858779 * x_0))))))))))
first_principles_bode,ok,1,32,1,BFGS,0.9840827620253767,0.7672395114173034,29,52.72,,0.1,(0.3546112221395187 + ((0.3659119885901363 + (0.0030116213052686115 * x_0)) * exp((-64.20994309767795 + (184.81022409877494 * ((0.3659119885901363 + (0.0030116213052686115 * x_0)) * sin((0.2870362617288901 + (2.525812573581441 * (0.3659119885901363 + (0.0030116213052686115 * x_0)))))))))))
first_principles_hubble,ok,1,256,4,BFGS,0.8787795773867175,117.10574758197072,123,244.97,,0.1,(-216.44462718373825 + ((145.91210776512628 * (-1.4730662843564242 + (1.6521438540845628 * x_0))) - ((680.4537471170347 * sin((10.299627307194172 + (-0.25950181728078847 * (-1.4730662843564242 + (1.6521438540845628 * x_0)))))) - ((((((-0.04613164394913305 * sin((-1.1274479011625043 + (-5.317189638638068 * (-1.4730662843564242 + (1.6521438540845628 * x_0)))))) - (-142.3759807598296 * (-1.4730662843564242 + (1.6521438540845628 * x_0)))) - (-71.66577000076211 * (-1.4730662843564242 + (1.6521438540845628 * x_0)))) - ((147.32303398322222 * sin((9.297848035672686 + (6.895429109273174 * (-1.4730662843564242 + (1.6521438540845628 * x_0)))))) - (((226.20695846040167 * sin((-3.805383531029255 + (1.0317962268550867 * ((-1.4730662843564242 + (1.6521438540845628 * x_0)) * sin((2.305397838456199 + (10.627104539041177 * (-1.4730662843564242 + (1.6521438540845628 * x_0)))))))))) - (5.648210002074713 * (-1.4730662843564242 + (1.6521438540845628 * x_0)))) - (-44.307416028124436 * (-1.4730662843564242 + (1.6521438540845628 * x_0)))))) - (-69.81131329368901 * sin((16.946759531638435 + (-9.965011134773867 * (-1.4730662843564242 + (1.6521438540845628 * x_0))))))) - (-1.4730662843564242 + (1.6521438540845628 * x_0))))))
first_principles_ideal_gas,ok,3,256,4,BFGS,0.8557044055936928,0.5100735169237821,105,169.83,,0.1,(4.097591060006042 + ((0.5954688279640923 * ((-1.7269481113159797 + (0.03158325643002412 * x_2)) * sin((3.000087997639177 + (-0.2053614911481857 * (-1.7269481113159797 + (0.03158325643002412 * x_2))))))) - (((((-0.7721361567992973 * (-1.6525414953354425 + (0.03695931216347938 * x_0))) - (0.3908308006020518 * ((-1.7269481113159797 + (0.03158325643002412 * x_2)) * (-1.7269481113159797 + (0.03158325643002412 * x_2))))) - (-1.8940393216319915 * (-1.7269481113159797 + (0.03158325643002412 * x_2)))) - ((-0.2088619652220507 * (-1.7269481113159797 + (0.03158325643002412 * x_2))) - (((1.4629768214784296 * (-1.6525414953354425 + (0.03695931216347938 * x_0))) - (1.3843377808638557 * (-1.6525414953354425 + (0.03695931216347938 * x_0)))) - (1.3014123945987564 * (-1.7269481113159797 + (0.03158325643002412 * x_2)))))) - (3.5242630568466193 * sin((1.5285203599008614 + (0.1659585588716529 * ((-1.6525414953354425 + (0.03695931216347938 * x_0)) * (0.9048477710609752 + (2.522123399392366 * (-1.7269481113159797 + (0.03158325643002412 * x_2))))))))))))
first_principles_kepler,ok,1,32,1,BFGS,0.9977129221183816,185.2804297020248,72,16.15,,0.1,(1839.6210442278275 + (((0.776666075683244 * ((-0.9263602581597056 + (0.3029466151936684 * x_0)) * (587.6440876150749 + (-313.19894206778616 * (-0.9263602581597056 + (0.3029466151936684 * x_0)))))) - ((-13.267399988166428 * (-0.9263602581597056 + (0.3029466151936684 * x_0))) - ((-468.7884244985439 * (-0.9263602581597056 + (0.3029466151936684 * x_0))) - ((-79.28105232444676 * (-0.9263602581597056 + (0.3029466151936684 * x_0))) - ((-257.79005004780674 * (-0.9263602581597056 + (0.3029466151936684 * x_0))) - (-0.14867406715383735 * ((15.710338902596433 + (40.48018631916865 * (-0.9263602581597056 + (0.3029466151936684 * x_0)))))**2)))))) * (78.65505894181781 * (-0.9263602581597056 + (0.3029466151936684 * x_0)))))
first_principles_leavitt,ok,1,256,4,BFGS,0.08912853412533628,0.9423351250025389,46,141.62,,0.1,(14.217706646720618 + ((-1.5255662077207575 * sin(((2.339778208394004 * sin((2.3857154765543056 + (3.4624762683729218 * (-1.7400037114235716 + (2.09864284243919 * x_0)))))) - (-2.670976579091195 * (-1.7400037114235716 + (2.09864284243919 * x_0)))))) - ((0.08245328210043801 * sin((3.066374073403205 + (3.166390138937113 * (-1.7400037114235716 + (2.09864284243919 * x_0)))))) - (-1.5912758630125672 * (-1.7400037114235716 + (2.09864284243919 * x_0))))))
first_principles_newton,ok,3,256,4,BFGS,0.7280317873875577,5.670810561210372,91,244.84,,0.1,(58.34914057743738 + ((((-5.255908315118122 * (-0.613759874811038 + (7.12682274600027e-13 * x_0))) - (-4.217296161723398 * (-0.2899960593046727 + (2.629351402398742e-30 * x_2)))) - (12.004610172936296 * sin(((8.960918534827766 * sin((1.4693781677406572 + (9.513069015299221 * (-0.613759874811038 + (7.12682274600027e-13 * x_0)))))) - ((10.420621213376736 * sin((0.8769252580267725 + (1.752611691667936 * (-0.613759874811038 + (7.12682274600027e-13 * x_0)))))) - ((10.067612571525384 * (sin((1.5355816238598756 + (0.8706215261971058 * (-0.2899960593046727 + (2.629351402398742e-30 * x_2))))) * sin((1.2449565935849511 + (1.8100314577628982 * (-0.613759874811038 + (7.12682274600027e-13 * x_0))))))) - sin((0.6734377931776336 + (1.1861360153641525 * (-0.613759874811038 + (7.12682274600027e-13 * x_0))))))))))) - (16.633079277832884 + (-3.6020527511799947 * (-0.2899960593046727 + (2.629351402398742e-30 * x_2))))))
first_principles_planck,ok,2,32,1,BFGS,0.978910505577061,28.865767643983215,80,40.81,,0.1,(-48.11182135814403 + (sin((1.3273558091389592 + (1.1389566450725406 * (-0.34842883289438253 + (6.020477322376928e-16 * x_0))))) - (10.579053826424868 * (((10.388465342045983 * (-0.34842883289438253 + (6.020477322376928e-16 * x_0))) - (2.2349656623560836 * ((((56.53121438562388 * sin((1.1378728898362667 + (1.6672934071862384 * (-0.34842883289438253 + (6.020477322376928e-16 * x_0)))))) - sin((0.9526469458558164 + (-0.1637000125839707 * (-0.9222249154556069 + (0.0006349597364519323 * x_1)))))) - (41.36758101472461 * sin((0.8349429475747576 + (-0.5844700075117237 * (-0.9222249154556069 + (0.0006349597364519323 * x_1))))))) * sin((0.324057622084706 + (-1.3268220620065279 * (-0.9222249154556069 + (0.0006349597364519323 * x_1)))))))) * (0.2239440674663411 * (-0.34842883289438253 + (6.020477322376928e-16 * x_0)))))))
first_principles_rydberg,ok,2,128,3,BFGS,0.9587096299982191,0.3318212165014607,54,150.94,,0.1,(-38.16666092094807 + ((29.223313121051895 * sin((1.88006228327819 + (0.3612963627285163 * (-1.95961510923864 + (0.5974436308654391 * x_0)))))) - ((-1.4493547421234467 * (-1.95961510923864 + (0.5974436308654391 * x_0))) - ((2.8892150163643735 * (-1.95961510923864 + (0.5974436308654391 * x_0))) - (3.347276892459604 * sin((1.9909773214424322 + (1.1415629960454772 * (sin((0.2106245373677502 + (0.5494993153852523 * (-1.95961510923864 + (0.5974436308654391 * x_0))))) * (-1.95961510923864 + (0.5974436308654391 * x_0)))))))))))
first_principles_schechter,ok,1,32,1,BFGS,0.8674608018286256,1.8124139421674845,33,11.11,,0.1,(-20.704620057540396 + ((-4.914233188771258 * (-0.5152265363826667 + (1.6261733659552068e-09 * x_0))) - (5.895442129608288 * sin(((2.301152329237917 * sin((1.1047164667210834 + (2.169568474964331 * (-0.5152265363826667 + (1.6261733659552068e-09 * x_0)))))) - (1.0230880722069369 * (-0.5152265363826667 + (1.6261733659552068e-09 * x_0))))))))
first_principles_supernovae_zg,ok,1,32,1,BFGS,0.9881490514010928,0.031636189247108086,40,13.31,,0.1,(0.9635399952990695 + (((0.4697631372749911 * sin((-1.9575856359698816 + (1.360174317281527 * ((-1.0690083287768268 + (0.03814143456527167 * x_0)) * (1.177455294427149 + (-0.7249632760714241 * (-1.0690083287768268 + (0.03814143456527167 * x_0))))))))) - (-1.0690083287768268 + (0.03814143456527167 * x_0))) - (0.4357166897796233 + (-0.977784579644448 * (-1.0690083287768268 + (0.03814143456527167 * x_0))))))
first_principles_supernovae_zr,ok,1,32,1,BFGS,0.924256393845526,0.06037251442907311,74,10.56,,0.1,(0.6969574725958725 + (((0.903693166539187 * sin((-2.884097145800917 + (-1.5808772636254451 * (-1.6026515238622114 + (0.046431321645507846 * x_0)))))) - ((-3.4669972993544054 * (-1.6026515238622114 + (0.046431321645507846 * x_0))) - (1.9499598187740066 * sin((-1.909838877328447 + (0.7706769781863096 * (-1.6026515238622114 + (0.046431321645507846 * x_0)))))))) - ((-0.16070886743718527 * (-1.6026515238622114 + (0.046431321645507846 * x_0))) - (((2.903626494047982 * sin((0.5274781623145928 + (-0.9890993698241703 * (-1.6026515238622114 + (0.046431321645507846 * x_0)))))) - (2.960050241160113 * (-1.6026515238622114 + (0.046431321645507846 * x_0)))) - (-0.15311972700373866 + (-0.7445526774394482 * (-1.6026515238622114 + (0.046431321645507846 * x_0))))))))
first_principles_tully_fisher,ok,1,256,4,BFGS,-0.23897273090725646,1.580831318902849,62,214.94,,0.1,(-18.274902409754684 + ((2.5651398372467833 * sin(((2.603209159448504 * (sin((0.7184975499513575 + (0.956037781104361 * (-2.139304033980945 + (0.006687978646939128 * x_0))))) * ((1.0717122073490188 * sin((-0.2103374097128815 + (1.8582272918930611 * (-2.139304033980945 + (0.006687978646939128 * x_0)))))) - (-1.3501531916474128 * sin((0.7916869918624209 + (2.772942454222035 * (-2.139304033980945 + (0.006687978646939128 * x_0))))))))) - (0.8206598343534227 * (-2.139304033980945 + (0.006687978646939128 * x_0)))))) - sin((1.8165528380567393 + (0.909850517326811 * (-2.139304033980945 + (0.006687978646939128 * x_0)))))))
nikuradse_1,ok,2,256,4,BFGS,0.792973338966382,0.042061918312325745,64,104.76,,0.1,(1.6446214047092833 + ((-2.2221018386790696 * (-1.3445265834704199 + (0.005918071145166688 * x_0))) - (((-1.1704888280275345 * (-1.3445265834704199 + (0.005918071145166688 * x_0))) - ((-2.879485806705004 * (-1.3445265834704199 + (0.005918071145166688 * x_0))) - (0.4978981337366867 + (-0.5497736033522524 * (-1.3445265834704199 + (0.005918071145166688 * x_0)))))) - ((3.8039617493597904 * (-1.3445265834704199 + (0.005918071145166688 * x_0))) - (0.7767217943477503 + (0.8064841776128251 * ((-1.3445265834704199 + (0.005918071145166688 * x_0)) * sin((2.4186724039004672 + (0.06840048966461137 * (-1.3445265834704199 + (0.005918071145166688 * x_0))))))))))))
nikuradse_2,ok,1,64,2,BFGS,0.965999228200137,0.058134822537548404,68,90.94,,0.1,(1.7754990178869914 + ((((-0.19195348006547108 * (-1.9879774008876716 + (1.6574136973190292 * x_0))) - (2.585502832790474 + ((-0.9381596383825537 * (-1.9879774008876716 + (1.6574136973190292 * x_0))) - (2.5293924971066994 + (-2.3488218163868266 * (-1.9879774008876716 + (1.6574136973190292 * x_0))))))) - (-1.632127895148841 * (-1.9879774008876716 + (1.6574136973190292 * x_0)))) * (-5.239288072558871 + (-1.3988409323243696 * ((-1.9879774008876716 + (1.6574136973190292 * x_0)) * ((-3.1403512460339744 * (-1.9879774008876716 + (1.6574136973190292 * x_0))) - (-0.9185666527029115 * sin((-2.700096451188635 + (-3.535377964279453 * (-1.9879774008876716 + (1.6574136973190292 * x_0))))))))))))
solar_flare,ok,10,128,3,BFGS,nan,nan,117,176.16,,0.1,(0.2364992010897537 + ((0.4757273112131646 * (nan + (inf * x_9))) - (-0.04617779437788403 * ((((-1.4680718035925988 * (-3.0 + (3.3333333333333335 * x_7))) - ((2.486374496925161 * (-1.1997483391631258 + (0.4751478570943073 * x_0))) - (1.3534467320164323 + (1.1735592673806408 * (nan + (inf * x_9)))))) - (((0.5748740695691819 * (((1.893984614979197 + (-0.13693401761905916 * (-2.207994968177486 + (1.5549260339278073 * x_4)))))**3 * (-0.17223278830124386 + (3.1315052418407974 * x_5)))) - ((((-2.207994968177486 + (1.5549260339278073 * x_4)) * (-2.207994968177486 + (1.5549260339278073 * x_4))) - ((-2.207994968177486 + (1.5549260339278073 * x_4)) * (nan + (inf * x_9)))) - ((1.7742740481186903 + (-0.9152504490358764 * (nan + (inf * x_9)))))**3)) - (1.7778138525632485 * (nan + (inf * x_9))))) * ((0.9956392663379305 * (-1.1997483391631258 + (0.4751478570943073 * x_0))) - (2.6050177605313243 + (0.7340369739560493 * (-3.0 + (3.3333333333333335 * x_7)))))))))
strogatz_bacres1,ok,2,32,1,BFGS,0.9925018786828779,0.21232430930303697,101,14.73,,0.1,(-0.6374207869006561 + ((-1.2534953336179089 * (-3.1009340740058042 + (0.07848210426397985 * x_1))) - (((((((-3.1247499439406976 * (-6.2652814930864 + (0.45765203318264863 * x_0))) - (0.6968775038732793 * (-3.1009340740058042 + (0.07848210426397985 * x_1)))) - (4.2246263951025025 + (-1.6614842742161393 * (-3.1009340740058042 + (0.07848210426397985 * x_1))))) - ((-0.6431235687393071 * (-3.1009340740058042 + (0.07848210426397985 * x_1))) - ((1.8424965294936377 * (-3.1009340740058042 + (0.07848210426397985 * x_1))) - ((2.352768609116152 * (-3.1009340740058042 + (0.07848210426397985 * x_1))) - (2.5597866654329833 + (-0.5392630155552465 * (-3.1009340740058042 + (0.07848210426397985 * x_1)))))))) - (6.029857918209931 * (-3.1009340740058042 + (0.07848210426397985 * x_1)))) - (1.101804202748636 * (-3.1009340740058042 + (0.07848210426397985 * x_1)))) * ((2.171713628843434 * (-3.1009340740058042 + (0.07848210426397985 * x_1))) - (2.004391456037723 * (-3.1009340740058042 + (0.07848210426397985 * x_1)))))))
strogatz_bacres2,ok,2,32,1,BFGS,0.995842736998927,0.13746186155054835,68,21.80,,0.1,(3.1241505647486045 + ((((1.441640343941576 * (-6.2652814930864 + (0.45765203318264863 * x_0))) - ((0.1965686573482075 * ((-3.1009340740058042 + (0.07848210426397985 * x_1)) * (-3.1009340740058042 + (0.07848210426397985 * x_1)))) - ((0.030242067464473107 * (-3.1009340740058042 + (0.07848210426397985 * x_1))) - sin((-0.12413634501780624 + (-1.4374341245683242 * (-3.1009340740058042 + (0.07848210426397985 * x_1)))))))) - ((0.8643766500114027 * (-6.2652814930864 + (0.45765203318264863 * x_0))) - (1.042949786761349 + (0.3126278579464644 * (-6.2652814930864 + (0.45765203318264863 * x_0)))))) - (2.8114038073880057 * (-3.1009340740058042 + (0.07848210426397985 * x_1)))))
strogatz_barmag1,ok,2,256,4,BFGS,0.856810661683071,0.09351481369043693,85,89.92,,0.1,(0.7816811847370466 + (((-1.3717169514747714 * (-0.7883754710986699 + (-3.7446588668668426 * (-15.844310416841397 + (2.7805581875467364 * x_0))))) - (((1.727781890544708 * (-15.844310416841397 + (2.7805581875467364 * x_0))) - ((0.8561701515600793 * ((-15.844310416841397 + (2.7805581875467364 * x_0)) * ((0.7205738896978562 * (-15.844310416841397 + (2.7805581875467364 * x_0))) - (0.545873007886134 * (-15.844310416841397 + (2.7805581875467364 * x_0)))))) - (-15.844310416841397 + (2.7805581875467364 * x_0)))) - (1.1685866970576513 + (-1.0670590289257116 * (-15.844310416841397 + (2.7805581875467364 * x_0)))))) * ((0.04752267504063522 * ((-15.844310416841397 + (2.7805581875467364 * x_0)) * (-15.844310416841397 + (2.7805581875467364 * x_0)))) - (0.2974451417031422 + (-0.058711564864860705 * (-15.844310416841397 + (2.7805581875467364 * x_0)))))))
strogatz_barmag2,ok,2,128,3,BFGS,0.9058300031690538,0.11603683193462098,47,57.08,,0.1,(-1.143779390712009 + (((-0.10595160290192703 * ((-15.844310416841397 + (2.7805581875467364 * x_0)) * (-0.03733522241048204 + (2.1485787889779493 * (-15.844310416841397 + (2.7805581875467364 * x_0)))))) - (-1.2538429920116652 + (0.3484404828044345 * x_1))) * (((5.787637411302358 * (-15.844310416841397 + (2.7805581875467364 * x_0))) - (5.722674368378359 * (-15.844310416841397 + (2.7805581875467364 * x_0)))) - (-1.2538429920116652 + (0.3484404828044345 * x_1)))))
strogatz_glider1,ok,2,256,4,BFGS,0.9725982748282408,0.13039031626132383,62,172.43,,0.1,(-0.2405612765670303 + (((-0.00640749592810059 * ((-1.8084175385794719 + (0.8984434651839722 * x_0)) * (((3.8821894187326045 * (-1.8084175385794719 + (0.8984434651839722 * x_0))) - (-5.384986777669003 * (-1.8084175385794719 + (0.8984434651839722 * x_0)))) - (0.23359888146181873 * sin((1.7415520537767017 + (-4.015703772514723 * (-1.836876920436821 + (0.13306474919016115 * x_1))))))))) - (0.22360991469496005 * (-1.8084175385794719 + (0.8984434651839722 * x_0)))) - sin((1.568527507846119 + (2.4981566788399157 * sin((2.973623282515307 + (3.754433751739221 * (-1.836876920436821 + (0.13306474919016115 * x_1))))))))))
strogatz_glider2,ok,2,128,3,BFGS,0.8044231265783677,0.46841311702235605,80,165.20,,0.1,(2.041575787767578 + ((-1.7353086389924464 * sin((0.4235695883024413 + (3.022814889128285 * (-1.8084175385794719 + (0.8984434651839722 * x_0)))))) - ((-1.0817275125796924 * (-1.8084175385794719 + (0.8984434651839722 * x_0))) - ((-1.6057378517587306 * sin((1.5806749723038531 + (1.4842316363069752 * (-1.8084175385794719 + (0.8984434651839722 * x_0)))))) - ((2.423897653972103 * (-1.8084175385794719 + (0.8984434651839722 * x_0))) - ((2.3501413050737643 * sin((0.5944896163225228 + (2.6129453529566127 * (-1.8084175385794719 + (0.8984434651839722 * x_0)))))) - (((0.8946062205096831 * (-1.8084175385794719 + (0.8984434651839722 * x_0))) - (-1.8084175385794719 + (0.8984434651839722 * x_0))) - (0.8474719381293179 + (1.4172716746685703 * (-1.8084175385794719 + (0.8984434651839722 * x_0)))))))))))
strogatz_lv1,ok,2,32,1,BFGS,0.9949755965435026,0.06822233306279138,80,15.96,,0.1,(-0.9805208887906516 + ((((-0.683235286366612 * (-1.0185100736451067 + (0.7243342361165919 * x_0))) - ((1.1893954377142864 * sin((0.8847274029069778 + (0.6156373292841728 * (-1.1210540200500059 + (1.0527256234139701 * x_1)))))) - (-1.1210540200500059 + (1.0527256234139701 * x_1)))) * ((0.42787666525174917 * ((0.975037006650076 + (1.1275371759830408 * sin((0.8760763390853255 + (2.034855177232192 * (-1.1210540200500059 + (1.0527256234139701 * x_1))))))))**3) - ((-0.2540259083401878 * sin((-0.3022330273053233 + (1.5563596354055145 * (-1.0185100736451067 + (0.7243342361165919 * x_0)))))) - (0.9777078095325922 * (-1.1210540200500059 + (1.0527256234139701 * x_1)))))) * (2.2749117198085695 * sin((1.4918671948535183 + (1.1156038196840719 * (-1.1210540200500059 + (1.0527256234139701 * x_1))))))))
strogatz_lv2,ok,2,32,1,BFGS,0.9952064492910182,0.03795174119403731,96,12.32,,0.1,(-0.43616468423842925 + ((((-1.000485951758491 * sin((-0.9527404532246702 + (1.8351501482679815 * (-1.0185100736451067 + (0.7243342361165919 * x_0)))))) - (((1.326311054982534 * (-1.0185100736451067 + (0.7243342361165919 * x_0))) - (0.9072165492062487 * (((0.875584174470663 * (-1.0185100736451067 + (0.7243342361165919 * x_0))) - (-0.5115427361736473 + (0.6197659907097386 * (-1.0185100736451067 + (0.7243342361165919 * x_0))))))**3)) - ((0.8320621385245988 * (-1.0185100736451067 + (0.7243342361165919 * x_0))) - (0.09769091955717724 * sin((0.9448727186435169 + (2.8777499381628058 * (-1.1210540200500059 + (1.0527256234139701 * x_1))))))))) - (1.4622778189125203 * sin((0.7953002413199579 + (1.474887488496825 * (-1.1210540200500059 + (1.0527256234139701 * x_1))))))) * (2.2844035126871978 * (((0.45948352616663257 * (-1.0185100736451067 + (0.7243342361165919 * x_0))) - (0.45311577322161667 * (-1.1210540200500059 + (1.0527256234139701 * x_1)))))**3)))
strogatz_predprey1,ok,2,32,1,BFGS,0.9699104525067225,0.43730682706069535,55,8.51,,0.1,(-0.14340440714391997 + ((((-0.2422620445106973 * (-0.7749611889583518 + (0.8276419259871193 * x_0))) - (0.5082496392192697 + (-0.10258879307550761 * (-1.8083916054835167 + (0.37798488323581947 * x_1))))) * (((1.0293016129324601 * (-1.8083916054835167 + (0.37798488323581947 * x_1))) - (4.866404329083117 + (3.4501231019623906 * (-0.7749611889583518 + (0.8276419259871193 * x_0))))) - (0.6838279874323593 * (-1.8083916054835167 + (0.37798488323581947 * x_1))))) * (0.03301923779981942 + (-0.3903271905353205 * (-1.8083916054835167 + (0.37798488323581947 * x_1))))))
strogatz_predprey2,ok,2,32,1,BFGS,0.975044445361694,0.256767528850038,109,17.90,,0.1,(-3.771653374893985 + (((((((11.633171534713227 * (-1.8083916054835167 + (0.37798488323581947 * x_1))) - (((-0.2181388367242486 * (-0.7749611889583518 + (0.8276419259871193 * x_0))) - (-4.3727128931660175 + (-2.849853881390259 * (-0.7749611889583518 + (0.8276419259871193 * x_0))))) - (11.619603896644616 * (-1.8083916054835167 + (0.37798488323581947 * x_1))))) - (-4.1538587392062905 + (10.180704256332188 * (-1.8083916054835167 + (0.37798488323581947 * x_1))))) - (-7.21388738850635 * (-1.8083916054835167 + (0.37798488323581947 * x_1)))) - (9.130149157658728 * (-1.8083916054835167 + (0.37798488323581947 * x_1)))) - ((-1.8083916054835167 + (0.37798488323581947 * x_1)) - ((-0.8149810144429068 * (-1.8083916054835167 + (0.37798488323581947 * x_1))) - ((-2.6688659245331277 * (-0.7749611889583518 + (0.8276419259871193 * x_0))) - (-9.350619143957033 * (-1.8083916054835167 + (0.37798488323581947 * x_1))))))) * ((6.785223737233782 * (-1.8083916054835167 + (0.37798488323581947 * x_1))) - (16.573020572786504 + (11.012379627813903 * (-0.7749611889583518 + (0.8276419259871193 * x_0)))))))
strogatz_shearflow1,ok,2,32,1,BFGS,0.996583354430484,0.028617906978082825,101,25.57,,0.1,(0.018265441301333188 + ((0.1425865318514197 + (0.5727827728700499 * x_1)) * (((2.1779139864127375 * ((0.1425865318514197 + (0.5727827728700499 * x_1)) * (0.1425865318514197 + (0.5727827728700499 * x_1)))) - ((0.1425865318514197 + (0.5727827728700499 * x_1)) * (((0.1425865318514197 + (0.5727827728700499 * x_1)) - ((1.4174112756750787 * sin((1.854885847445269 + (1.4561093298985517 * (0.1425865318514197 + (0.5727827728700499 * x_1)))))) - ((1.803630102168781 * (0.1425865318514197 + (0.5727827728700499 * x_1))) - (1.7971395958973027 * (0.1425865318514197 + (0.5727827728700499 * x_1)))))) - (0.8008084787089267 * tan((0.7160451737123492 + (1.4963946099719134 * (0.1425865318514197 + (0.5727827728700499 * x_1))))))))) * ((0.8348461311718496 * (0.1425865318514197 + (0.5727827728700499 * x_1))) - ((1.567042241340201 * (0.1425865318514197 + (0.5727827728700499 * x_1))) - (0.21737996318864172 + (0.9971542898684853 * (0.1425865318514197 + (0.5727827728700499 * x_1)))))))))
strogatz_shearflow2,ok,2,32,1,BFGS,0.9878489999773684,0.024210712770847284,106,26.99,,0.1,(-0.16206606271291368 + ((((0.6166365853542644 * (sin((2.966773844611568 + (2.7189554734526897 * (1.0787725150702083 + (0.4912165308203284 * x_0))))) * (0.1425865318514197 + (0.5727827728700499 * x_1)))) - (0.4880539880178587 * (0.1425865318514197 + (0.5727827728700499 * x_1)))) - ((1.010224572166587 * sin((0.3010152305292657 + (1.4687400147279677 * (1.0787725150702083 + (0.4912165308203284 * x_0)))))) - (-0.06356375005218454 * ((0.1425865318514197 + (0.5727827728700499 * x_1)) * ((0.6080136791503858 * (0.1425865318514197 + (0.5727827728700499 * x_1))) - (((2.921893608475594 * sin((2.885340934076572 + (-0.08357023614970915 * (1.0787725150702083 + (0.4912165308203284 * x_0)))))) - (-0.12096842814965653 * (0.1425865318514197 + (0.5727827728700499 * x_1)))) - (1.0597895551159353 + (1.119636284633367 * (0.1425865318514197 + (0.5727827728700499 * x_1)))))))))) * (0.4944796483281819 * ((0.1425865318514197 + (0.5727827728700499 * x_1)) * (1.536385031087872 + (-0.11044900869174307 * (0.1425865318514197 + (0.5727827728700499 * x_1))))))))
strogatz_vdp1,ok,2,32,1,BFGS,0.9953012375862372,0.07076836565020846,92,15.07,,0.1,(0.5860331858424146 + ((-0.7364843976983777 * (((-3.454155007149638 * (((3.2434655298762443 * sin(((1.6597250071040164 * (-0.44260024914922197 + (1.069046206513926 * x_0))) - (-0.6657213647068467 + (1.5612628037196794 * (-0.44260024914922197 + (1.069046206513926 * x_0))))))) - (2.184572779232393 * (-0.44260024914922197 + (1.069046206513926 * x_0)))) - (2.9874567961686287 + (1.052843426669062 * (-0.3313309365474487 + (4.278311300708479 * x_1)))))) - ((2.6474983006402155 * (-0.3313309365474487 + (4.278311300708479 * x_1))) - (1.0698125476873452 * (-0.3313309365474487 + (4.278311300708479 * x_1))))) * (0.6833343447938631 * sin(((1.4789425590707412 * (-0.44260024914922197 + (1.069046206513926 * x_0))) - (1.2840691529937476 * sin((2.324176089146663 + (-0.14519793055538438 * (-0.3313309365474487 + (4.278311300708479 * x_1))))))))))) - (-1.5156796921621876 * (-0.3313309365474487 + (4.278311300708479 * x_1)))))
strogatz_vdp2,ok,2,32,1,BFGS,0.9999621127424443,0.0005757714262309207,47,6.56,,0.1,(-0.03742189121513338 + ((9.886772025316103e-05 * ((-0.44260024914922197 + (1.069046206513926 * x_0)) * (-2.119080387400931 + (-2.346478543580086 * (-0.44260024914922197 + (1.069046206513926 * x_0)))))) - ((-0.2538494797606186 * ((2.5361233860828336 * (-0.44260024914922197 + (1.069046206513926 * x_0))) - (0.013111766034209077 + (-1.4752148129265592 * (-0.44260024914922197 + (1.069046206513926 * x_0)))))) - (-1.1113833920970797 * (-0.44260024914922197 + (1.069046206513926 * x_0))))))
